#version,serial,flight,call,time,state,state_name,acceleration,pressure,altitude,height,speed,temperature,drogue_voltage,main_voltage,battery_voltage,accel_x,accel_y,accel_z,gyro_roll,gyro_pitch,gyro_yaw,mag_x,mag_y,mag_z,tilt,pyro,igniter_a,igniter_b,igniter_c,igniter_d,connected,locked,nsat,latitude,longitude,altitude,year,month,day,hour,minute,second,pad_dist,pad_range,pad_az,pad_el,pdop,hdop,vdop,sat01,sat02,sat03,sat04,sat05,sat06,sat07,sat08,sat09,sat10,sat11,sat12,sat13,sat14,sat15,sat16,sat17,sat18,sat19,sat20,sat21,sat22,sat23,sat24,sat25,sat26,sat27,sat28,sat29,sat30,sat31,sat32
6, 11026, 11,KE8EXM,    -0.30, 3,   boost,   -0.00,  98311.00,  253.97,   -1.02,    0.00, 23.0, 4.11, 4.08, 4.09,   9.89,  -0.07,  -0.51,   2.30,  -0.01,   0.01,  -0.25,   0.21,   0.15,   2.79, 4.09, 0.00, 0.00, 0.00, 0.00, 1, 1,  8,  39.7297937, -83.7075286,   328.0, 2025, 11, 23, 18, 17, 40,        0,        0,   0,   0,   1.9,   1.0,   1.7,  0,  0, 21, 17,  0,  0, 31, 27, 33,  0,  0,  0,  0,  0,  0, 25,  0,  0,  0,  0,  0,  0,  0,  0,  0, 26, 32, 10,  0,  0, 19,  0
6, 11026, 11,KE8EXM,    -0.29, 3,   boost,   -0.00,  98311.00,  253.97,   -1.02,    0.00, 23.0, 4.11, 4.08, 4.09,   9.90,  -0.06,  -0.50,   2.48,   0.18,  -0.05,  -0.25,   0.21,   0.15,   2.79, 4.09, 0.00, 0.00, 0.00, 0.00, 1, 1,  8,  39.7297937, -83.7075286,   328.0, 2025, 11, 23, 18, 17, 40,        0,        0,   0,   0,   1.9,   1.0,   1.7,  0,  0, 21, 17,  0,  0, 31, 27, 33,  0,  0,  0,  0,  0,  0, 25,  0,  0,  0,  0,  0,  0,  0,  0,  0, 26, 32, 10,  0,  0, 19,  0
6, 11026, 11,KE8EXM,    -0.28, 3,   boost,   -0.98,  98300.00,  254.91,   -0.09,    0.00, 23.0, 4.11, 4.08, 4.09,   9.85,  -0.06,  -0.48,   2.48,  -0.19,  -0.24,  -0.25,   0.21,   0.15,   2.79, 4.09, 0.00, 0.00, 0.00, 0.00, 1, 1,  8,  39.7297937, -83.7075286,   328.0, 2025, 11, 23, 18, 17, 40,        0,        0,   0,   0,   1.9,   1.0,   1.7,  0,  0, 21, 17,  0,  0, 31, 27, 33,  0,  0,  0,  0,  0,  0, 25,  0,  0,  0,  0,  0,  0,  0,  0,  0, 26, 32, 10,  0,  0, 19,  0
6, 11026, 11,KE8EXM,    -0.27, 3,   boost,   -1.96,  98300.00,  254.91,   -0.09,    0.00, 23.0, 4.11, 4.08, 4.09,   9.83,  -0.05,  -0.52,   2.67,   0.24,  -0.48,  -0.25,   0.21,   0.15,   2.79, 4.09, 0.00, 0.00, 0.00, 0.00, 1, 1,  8,  39.7297937, -83.7075286,   328.0, 2025, 11, 23, 18, 17, 40,        0,        0,   0,   0,   1.9,   1.0,   1.7,  0,  0, 21, 17,  0,  0, 31, 27, 33,  0,  0,  0,  0,  0,  0, 25,  0,  0,  0,  0,  0,  0,  0,  0,  0, 26, 32, 10,  0,  0, 19,  0
6, 11026, 11,KE8EXM,    -0.26, 3,   boost,   -0.98,  98308.00,  254.22,   -0.77,    0.00, 23.0, 4.11, 4.08, 4.09,   9.84,  -0.03,  -0.50,   2.30,   0.24,   0.01,  -0.25,   0.21,   0.15,   2.79, 4.09, 0.00, 0.00, 0.00, 0.00, 1, 1,  8,  39.7297937, -83.7075286,   328.0, 2025, 11, 23, 18, 17, 40,        0,        0,   0,   0,   1.9,   1.0,   1.7,  0,  0, 21, 17,  0,  0, 31, 27, 33,  0,  0,  0,  0,  0,  0, 25,  0,  0,  0,  0,  0,  0,  0,  0,  0, 26, 32, 10,  0,  0, 19,  0
6, 11026, 11,KE8EXM,    -0.25, 3,   boost,   -0.49,  98308.00,  254.22,   -0.77,    0.00, 23.0, 4.11, 4.08, 4.09,   9.86,  -0.06,  -0.57,   1.94,  -0.13,  -0.24,  -0.25,   0.21,   0.15,   2.79, 4.09, 0.00, 0.00, 0.00, 0.00, 1, 1,  8,  39.7297937, -83.7075286,   328.0, 2025, 11, 23, 18, 17, 40,        0,        0,   0,   0,   1.9,   1.0,   1.7,  0,  0, 21, 17,  0,  0, 31, 27, 33,  0,  0,  0,  0,  0,  0, 25,  0,  0,  0,  0,  0,  0,  0,  0,  0, 26, 32, 10,  0,  0, 19,  0
6, 11026, 11,KE8EXM,    -0.24, 3,   boost,   -0.49,  98303.00,  254.65,   -0.34,    0.00, 23.0, 4.11, 4.08, 4.09,   9.86,  -0.04,  -0.54,   1.57,  -0.07,  -0.05,  -0.25,   0.21,   0.15,   2.79, 4.09, 0.00, 0.00, 0.00, 0.00, 1, 1,  8,  39.7297937, -83.7075286,   328.0, 2025, 11, 23, 18, 17, 40,        0,        0,   0,   0,   1.9,   1.0,   1.7,  0,  0, 21, 17,  0,  0, 31, 27, 33,  0,  0,  0,  0,  0,  0, 25,  0,  0,  0,  0,  0,  0,  0,  0,  0, 26, 32, 10,  0,  0, 19,  0
6, 11026, 11,KE8EXM,    -0.23, 3,   boost,   -0.49,  98303.00,  254.65,   -0.34,    0.00, 23.0, 4.11, 4.08, 4.09,   9.84,  -0.06,  -0.56,   1.26,  -0.01,   0.13,  -0.25,   0.21,   0.15,   2.79, 4.09, 0.00, 0.00, 0.00, 0.00, 1, 1,  8,  39.7297937, -83.7075286,   328.0, 2025, 11, 23, 18, 17, 40,        0,        0,   0,   0,   1.9,   1.0,   1.7,  0,  0, 21, 17,  0,  0, 31, 27, 33,  0,  0,  0,  0,  0,  0, 25,  0,  0,  0,  0,  0,  0,  0,  0,  0, 26, 32, 10,  0,  0, 19,  0
6, 11026, 11,KE8EXM,    -0.22, 3,   boost,   -0.98,  98303.00,  254.65,   -0.34,    0.00, 23.0, 4.11, 4.08, 4.09,   9.86,  -0.05,  -0.55,   1.08,  -0.37,   0.19,  -0.25,   0.21,   0.15,   2.79, 4.09, 0.00, 0.00, 0.00, 0.00, 1, 1,  8,  39.7297937, -83.7075286,   328.0, 2025, 11, 23, 18, 17, 40,        0,        0,   0,   0,   1.9,   1.0,   1.7,  0,  0, 21, 17,  0,  0, 31, 27, 33,  0,  0,  0,  0,  0,  0, 25,  0,  0,  0,  0,  0,  0,  0,  0,  0, 26, 32, 10,  0,  0, 19,  0
6, 11026, 11,KE8EXM,    -0.21, 3,   boost,   -1.47,  98303.00,  254.65,   -0.34,    0.00, 23.0, 4.11, 4.08, 4.09,   9.84,  -0.03,  -0.55,   0.59,  -0.07,  -0.05,  -0.25,   0.21,   0.15,   2.79, 4.09, 0.00, 0.00, 0.00, 0.00, 1, 1,  8,  39.7297937, -83.7075286,   328.0, 2025, 11, 23, 18, 17, 40,        0,        0,   0,   0,   1.9,   1.0,   1.7,  0,  0, 21, 17,  0,  0, 31, 27, 33,  0,  0,  0,  0,  0,  0, 25,  0,  0,  0,  0,  0,  0,  0,  0,  0, 26, 32, 10,  0,  0, 19,  0
6, 11026, 11,KE8EXM,    -0.20, 3,   boost,   -2.94,  98303.00,  254.65,   -0.34,    0.00, 23.0, 4.11, 4.08, 4.09,   9.86,  -0.03,  -0.50,   0.23,  -0.13,   0.13,  -0.25,   0.21,   0.15,   2.79, 4.09, 0.00, 0.00, 0.00, 0.00, 1, 1,  8,  39.7297937, -83.7075286,   328.0, 2025, 11, 23, 18, 17, 40,        0,        0,   0,   0,   1.9,   1.0,   1.7,  0,  0, 21, 17,  0,  0, 31, 27, 33,  0,  0,  0,  0,  0,  0, 25,  0,  0,  0,  0,  0,  0,  0,  0,  0, 26, 32, 10,  0,  0, 19,  0
6, 11026, 11,KE8EXM,    -0.19, 3,   boost,   -1.96,  98303.00,  254.65,   -0.34,    0.00, 23.0, 4.11, 4.08, 4.09,   9.86,  -0.02,  -0.55,  -0.08,  -0.01,   0.19,  -0.24,   0.22,   0.15,   2.79, 4.09, 0.00, 0.00, 0.00, 0.00, 1, 1,  8,  39.7297937, -83.7075286,   328.0, 2025, 11, 23, 18, 17, 40,        0,        0,   0,   0,   1.9,   1.0,   1.7,  0,  0, 21, 17,  0,  0, 31, 27, 33,  0,  0,  0,  0,  0,  0, 25,  0,  0,  0,  0,  0,  0,  0,  0,  0, 26, 32, 10,  0,  0, 19,  0
6, 11026, 11,KE8EXM,    -0.18, 3,   boost,   -2.45,  98298.00,  255.08,    0.09,    0.00, 23.0, 4.11, 4.08, 4.09,   9.85,  -0.05,  -0.50,  -0.32,  -0.19,   0.25,  -0.24,   0.21,   0.15,   2.79, 4.09, 0.00, 0.00, 0.00, 0.00, 1, 1,  8,  39.7297937, -83.7075286,   328.0, 2025, 11, 23, 18, 17, 40,        0,        0,   0,   0,   1.9,   1.0,   1.7,  0,  0, 21, 17,  0,  0, 31, 27, 33,  0,  0,  0,  0,  0,  0, 25,  0,  0,  0,  0,  0,  0,  0,  0,  0, 26, 32, 10,  0,  0, 19,  0
6, 11026, 11,KE8EXM,    -0.17, 3,   boost,   -0.49,  98298.00,  255.08,    0.09,    0.00, 23.0, 4.11, 4.08, 4.09,   9.82,  -0.01,  -0.52,  -0.87,  -0.49,   0.19,  -0.24,   0.21,   0.15,   2.79, 4.09, 0.00, 0.00, 0.00, 0.00, 1, 1,  8,  39.7297937, -83.7075286,   328.0, 2025, 11, 23, 18, 17, 40,        0,        0,   0,   0,   1.9,   1.0,   1.7,  0,  0, 21, 17,  0,  0, 31, 27, 33,  0,  0,  0,  0,  0,  0, 25,  0,  0,  0,  0,  0,  0,  0,  0,  0, 26, 32, 10,  0,  0, 19,  0
6, 11026, 11,KE8EXM,    -0.16, 3,   boost,    0.49,  98299.00,  254.99,    0.00,    0.00, 23.0, 4.11, 4.08, 4.09,   9.81,  -0.03,  -0.54,  -0.75,  -0.31,   0.13,  -0.24,   0.21,   0.15,   2.79, 4.09, 0.00, 0.00, 0.00, 0.00, 1, 1,  8,  39.7297937, -83.7075286,   328.0, 2025, 11, 23, 18, 17, 40,        0,        0,   0,   0,   1.9,   1.0,   1.7,  0,  0, 21, 17,  0,  0, 31, 27, 33,  0,  0,  0,  0,  0,  0, 25,  0,  0,  0,  0,  0,  0,  0,  0,  0, 26, 32, 10,  0,  0, 19,  0
6, 11026, 11,KE8EXM,    -0.15, 3,   boost,    0.98,  98299.00,  254.99,    0.00,    0.00, 23.0, 4.11, 4.08, 4.09,   9.79,  -0.04,  -0.50,  -0.75,  -0.31,   0.37,  -0.24,   0.22,   0.15,   2.79, 4.09, 0.00, 0.00, 0.00, 0.00, 1, 1,  8,  39.7297937, -83.7075286,   328.0, 2025, 11, 23, 18, 17, 40,        0,        0,   0,   0,   1.9,   1.0,   1.7,  0,  0, 21, 17,  0,  0, 31, 27, 33,  0,  0,  0,  0,  0,  0, 25,  0,  0,  0,  0,  0,  0,  0,  0,  0, 26, 32, 10,  0,  0, 19,  0
6, 11026, 11,KE8EXM,    -0.14, 3,   boost,   -0.00,  98295.00,  255.33,    0.34,    0.00, 23.0, 4.11, 4.08, 4.09,   9.84,  -0.06,  -0.42,  -0.51,  -0.43,   0.13,  -0.24,   0.21,   0.15,   2.79, 4.09, 0.00, 0.00, 0.00, 0.00, 1, 1,  8,  39.7297937, -83.7075286,   328.0, 2025, 11, 23, 18, 17, 40,        0,        0,   0,   0,   1.9,   1.0,   1.7,  0,  0, 21, 17,  0,  0, 31, 27, 33,  0,  0,  0,  0,  0,  0, 25,  0,  0,  0,  0,  0,  0,  0,  0,  0, 26, 32, 10,  0,  0, 19,  0
6, 11026, 11,KE8EXM,    -0.13, 3,   boost,   -0.49,  98295.00,  255.33,    0.34,    0.01, 23.0, 4.11, 4.08, 4.09,   9.86,  -0.04,  -0.53,   0.04,  -0.31,  -0.05,  -0.25,   0.21,   0.15,   2.79, 4.09, 0.00, 0.00, 0.00, 0.00, 1, 1,  8,  39.7297937, -83.7075286,   328.0, 2025, 11, 23, 18, 17, 40,        0,        0,   0,   0,   1.9,   1.0,   1.7,  0,  0, 21, 17,  0,  0, 31, 27, 33,  0,  0,  0,  0,  0,  0, 25,  0,  0,  0,  0,  0,  0,  0,  0,  0, 26, 32, 10,  0,  0, 19,  0
6, 11026, 11,KE8EXM,    -0.12, 3,   boost,   -0.49,  98304.00,  254.57,   -0.43,    0.07, 23.0, 4.11, 4.08, 4.09,   9.83,  -0.06,  -0.50,   1.14,  -0.07,   0.25,  -0.25,   0.21,   0.15,   2.79, 4.09, 0.00, 0.00, 0.00, 0.00, 1, 1,  8,  39.7297937, -83.7075286,   328.0, 2025, 11, 23, 18, 17, 40,        0,        0,   0,   0,   1.9,   1.0,   1.7,  0,  0, 21, 17,  0,  0, 31, 27, 33,  0,  0,  0,  0,  0,  0, 25,  0,  0,  0,  0,  0,  0,  0,  0,  0, 26, 32, 10,  0,  0, 19,  0
6, 11026, 11,KE8EXM,    -0.11, 3,   boost,   -0.49,  98304.00,  254.57,   -0.43,    0.23, 23.0, 4.11, 4.08, 4.09,   9.82,  -0.07,  -0.41,   1.94,  -0.31,   0.13,  -0.24,   0.21,   0.15,   2.79, 4.09, 0.00, 0.00, 0.00, 0.00, 1, 1,  8,  39.7297937, -83.7075286,   328.0, 2025, 11, 23, 18, 17, 40,        0,        0,   0,   0,   1.9,   1.0,   1.7,  0,  0, 21, 17,  0,  0, 31, 27, 33,  0,  0,  0,  0,  0,  0, 25,  0,  0,  0,  0,  0,  0,  0,  0,  0, 26, 32, 10,  0,  0, 19,  0
6, 11026, 11,KE8EXM,    -0.10, 3,   boost,   -0.49,  98298.00,  255.08,    0.09,    0.56, 23.0, 4.11, 4.08, 4.09,   9.89,  -0.09,  -0.44,   3.03,   0.18,   0.25,  -0.24,   0.21,   0.15,   2.79, 4.09, 0.00, 0.00, 0.00, 0.00, 1, 1,  8,  39.7297937, -83.7075286,   328.0, 2025, 11, 23, 18, 17, 40,        0,        0,   0,   0,   1.9,   1.0,   1.7,  0,  0, 21, 17,  0,  0, 31, 27, 33,  0,  0,  0,  0,  0,  0, 25,  0,  0,  0,  0,  0,  0,  0,  0,  0, 26, 32, 10,  0,  0, 19,  0
6, 11026, 11,KE8EXM,    -0.09, 3,   boost,  147.10,  98298.00,  255.08,    0.09,    1.07, 23.0, 4.11, 4.08, 4.09,   9.92,  -0.06,  -0.38,   3.71,  -0.19,   0.01,  -0.24,   0.21,   0.15,   2.79, 4.09, 0.00, 0.00, 0.00, 0.00, 1, 1,  8,  39.7297937, -83.7075286,   328.0, 2025, 11, 23, 18, 17, 40,        0,        0,   0,   0,   1.9,   1.0,   1.7,  0,  0, 21, 17,  0,  0, 31, 27, 33,  0,  0,  0,  0,  0,  0, 25,  0,  0,  0,  0,  0,  0,  0,  0,  0, 26, 32, 10,  0,  0, 19,  0
6, 11026, 11,KE8EXM,    -0.08, 3,   boost,   79.92,  98301.00,  254.82,   -0.17,    1.77, 23.0, 4.11, 4.08, 4.09,  32.29,  -3.32,  -2.03,   6.63,  -0.19,  -1.15,  -0.24,   0.21,   0.15,   2.79, 4.09, 0.00, 0.00, 0.00, 0.00, 1, 1,  8,  39.7297937, -83.7075286,   328.0, 2025, 11, 23, 18, 17, 40,        0,        0,   0,   0,   1.9,   1.0,   1.7,  0,  0, 21, 17,  0,  0, 31, 27, 33,  0,  0,  0,  0,  0,  0, 25,  0,  0,  0,  0,  0,  0,  0,  0,  0, 26, 32, 10,  0,  0, 19,  0
6, 11026, 11,KE8EXM,    -0.07, 3,   boost,   93.65,  98301.00,  254.82,   -0.17,    2.59, 23.0, 4.11, 4.08, 4.09, 111.67,   4.71,   6.54,   0.41, -19.23,   4.89,  -0.24,   0.21,   0.15,   2.79, 4.09, 0.00, 0.00, 0.00, 0.00, 1, 1,  8,  39.7297937, -83.7075286,   328.0, 2025, 11, 23, 18, 17, 40,        0,        0,   0,   0,   1.9,   1.0,   1.7,  0,  0, 21, 17,  0,  0, 31, 27, 33,  0,  0,  0,  0,  0,  0, 25,  0,  0,  0,  0,  0,  0,  0,  0,  0, 26, 32, 10,  0,  0, 19,  0
6, 11026, 11,KE8EXM,    -0.06, 3,   boost,   91.69,  98293.00,  255.50,    0.51,    3.49, 23.0, 4.11, 4.08, 4.09, 107.59,   6.95,   4.32,  15.00,  -1.59,  -3.78,  -0.24,   0.21,   0.15,   2.79, 4.09, 0.00, 0.00, 0.00, 0.00, 1, 1,  8,  39.7297937, -83.7075286,   328.0, 2025, 11, 23, 18, 17, 40,        0,        0,   0,   0,   1.9,   1.0,   1.7,  0,  0, 21, 17,  0,  0, 31, 27, 33,  0,  0,  0,  0,  0,  0, 25,  0,  0,  0,  0,  0,  0,  0,  0,  0, 26, 32, 10,  0,  0, 19,  0
6, 11026, 11,KE8EXM,    -0.05, 3,   boost,   90.71,  98293.00,  255.50,    0.51,    4.40, 23.0, 4.11, 4.08, 4.09, 105.85,  -7.49, -11.47,  -2.70,  -9.16,  -2.74,  -0.24,   0.21,   0.15,   2.79, 4.09, 0.00, 0.00, 0.00, 0.00, 1, 1,  8,  39.7297937, -83.7075286,   328.0, 2025, 11, 23, 18, 17, 40,        0,        0,   0,   0,   1.9,   1.0,   1.7,  0,  0, 21, 17,  0,  0, 31, 27, 33,  0,  0,  0,  0,  0,  0, 25,  0,  0,  0,  0,  0,  0,  0,  0,  0, 26, 32, 10,  0,  0, 19,  0
6, 11026, 11,KE8EXM,    -0.04, 3,   boost,   94.14,  98286.00,  256.10,    1.11,    5.32, 23.0, 4.11, 4.08, 4.09, 104.41,   1.97,   1.34, -20.16,   2.50,  -2.86,  -0.24,   0.21,   0.15,   2.79, 4.09, 0.00, 0.00, 0.00, 0.00, 1, 1,  8,  39.7297937, -83.7075286,   328.0, 2025, 11, 23, 18, 17, 40,        0,        0,   0,   0,   1.9,   1.0,   1.7,  0,  0, 21, 17,  0,  0, 31, 27, 33,  0,  0,  0,  0,  0,  0, 25,  0,  0,  0,  0,  0,  0,  0,  0,  0, 26, 32, 10,  0,  0, 19,  0
6, 11026, 11,KE8EXM,    -0.03, 3,   boost,   82.87,  98286.00,  256.10,    1.11,    6.23, 23.0, 4.11, 4.08, 4.09, 104.77,  -3.25,  -5.84, -28.34,   2.62,  -2.31,  -0.24,   0.22,   0.15,   2.79, 4.09, 0.00, 0.00, 0.00, 0.00, 1, 1,  8,  39.7297937, -83.7075286,   328.0, 2025, 11, 23, 18, 17, 40,        0,        0,   0,   0,   1.9,   1.0,   1.7,  0,  0, 21, 17,  0,  0, 31, 27, 33,  0,  0,  0,  0,  0,  0, 25,  0,  0,  0,  0,  0,  0,  0,  0,  0, 26, 32, 10,  0,  0, 19,  0
6, 11026, 11,KE8EXM,    -0.02, 3,   boost,   95.12,  98291.00,  255.68,    0.68,    7.16, 23.0, 4.11, 4.08, 4.09, 105.39,   4.27,   7.47,  -9.60,   5.73,  -2.62,  -0.24,   0.22,   0.15,   2.79, 4.09, 0.00, 0.00, 0.00, 0.00, 1, 1,  8,  39.7297937, -83.7075286,   328.0, 2025, 11, 23, 18, 17, 40,        0,        0,   0,   0,   1.9,   1.0,   1.7,  0,  0, 21, 17,  0,  0, 31, 27, 33,  0,  0,  0,  0,  0,  0, 25,  0,  0,  0,  0,  0,  0,  0,  0,  0, 26, 32, 10,  0,  0, 19,  0
6, 11026, 11,KE8EXM,    -0.01, 3,   boost,   98.56,  98291.00,  255.68,    0.68,    8.10, 23.0, 4.11, 4.08, 4.09, 107.80,  -1.34,  -6.12, -11.98,   5.91,  -1.46,  -0.25,   0.22,   0.15,   2.79, 4.09, 0.00, 0.00, 0.00, 0.00, 1, 1,  8,  39.7297937, -83.7075286,   328.0, 2025, 11, 23, 18, 17, 40,        0,        0,   0,   0,   1.9,   1.0,   1.7,  0,  0, 21, 17,  0,  0, 31, 27, 33,  0,  0,  0,  0,  0,  0, 25,  0,  0,  0,  0,  0,  0,  0,  0,  0, 26, 32, 10,  0,  0, 19,  0
6, 11026, 11,KE8EXM,     0.00, 3,   boost,   96.60,  98298.00,  255.08,    0.09,    9.07, 23.0, 4.11, 4.08, 4.09, 108.52,  -0.55,   3.03, -22.42,   6.04,   0.98,  -0.25,   0.22,   0.15,   2.79, 4.09, 0.00, 0.00, 0.00, 0.00, 1, 1,  8,  39.7297937, -83.7075286,   328.0, 2025, 11, 23, 18, 17, 40,        0,        0,   0,   0,   1.9,   1.0,   1.7,  0,  0, 21, 17,  0,  0, 31, 27, 33,  0,  0,  0,  0,  0,  0, 25,  0,  0,  0,  0,  0,  0,  0,  0,  0, 26, 32, 10,  0,  0, 19,  0
6, 11026, 11,KE8EXM,     0.00, 3,   boost,   96.60,  98298.00,  255.08,    0.09,    9.07, 23.0, 4.11, 4.08, 4.09, 108.52,  -0.55,   3.03, -22.42,   6.04,   0.98,  -0.25,   0.22,   0.15,   2.79, 4.09, 0.00, 0.00, 0.00, 0.00, 1, 1,  8,  39.7297937, -83.7075286,   328.0, 2025, 11, 23, 18, 17, 40,        0,        0,   0,   0,   1.9,   1.0,   1.7,  0,  0, 21, 17,  0,  0, 31, 27, 33,  0,  0,  0,  0,  0,  0, 25,  0,  0,  0,  0,  0,  0,  0,  0,  0, 26, 32, 10,  0,  0, 19,  0
6, 11026, 11,KE8EXM,     0.00, 3,   boost,   96.60,  98298.00,  255.08,    0.09,    9.07, 23.0, 4.11, 4.08, 4.09, 108.52,  -0.55,   3.03, -22.42,   6.04,   0.98,  -0.25,   0.22,   0.15,   2.79, 4.09, 0.00, 0.00, 0.00, 0.00, 1, 1,  8,  39.7297937, -83.7075286,   328.0, 2025, 11, 23, 18, 17, 40,        0,        0,   0,   0,   1.9,   1.0,   1.7,  0,  0, 21, 17,  0,  0, 31, 27, 33,  0,  0,  0,  0,  0,  0, 25,  0,  0,  0,  0,  0,  0,  0,  0,  0, 26, 32, 10,  0,  0, 19,  0
6, 11026, 11,KE8EXM,     0.00, 3,   boost,   96.60,  98298.00,  255.08,    0.09,    9.07, 23.0, 4.11, 4.08, 4.09, 108.52,  -0.55,   3.03, -22.42,   6.04,   0.98,  -0.25,   0.22,   0.15,   2.79, 4.09, 0.00, 0.00, 0.00, 0.00, 1, 1,  8,  39.7297937, -83.7075286,   328.0, 2025, 11, 23, 18, 17, 40,        0,        0,   0,   0,   1.9,   1.0,   1.7,  0,  0, 21, 17,  0,  0, 31, 27, 33,  0,  0,  0,  0,  0,  0, 25,  0,  0,  0,  0,  0,  0,  0,  0,  0, 26, 32, 10,  0,  0, 19,  0
6, 11026, 11,KE8EXM,     0.00, 3,   boost,   96.60,  98298.00,  255.08,    0.09,    9.07, 23.0, 4.11, 4.08, 4.09, 108.52,  -0.55,   3.03, -22.42,   6.04,   0.98,  -0.25,   0.22,   0.15,   2.79, 4.09, 0.00, 0.00, 0.00, 0.00, 1, 1,  8,  39.7297937, -83.7075286,   328.0, 2025, 11, 23, 18, 17, 40,        0,        0,   0,   0,   1.9,   1.0,   1.7,  0,  0, 21, 17,  0,  0, 31, 27, 33,  0,  0,  0,  0,  0,  0, 25,  0,  0,  0,  0,  0,  0,  0,  0,  0, 26, 32, 10,  0,  0, 19,  0
6, 11026, 11,KE8EXM,     0.00, 3,   boost,   96.60,  98298.00,  255.08,    0.09,    9.07, 23.0, 4.11, 4.08, 4.09, 108.52,  -0.55,   3.03, -22.42,   6.04,   0.98,  -0.25,   0.22,   0.15,   2.79, 4.09, 0.00, 0.00, 0.00, 0.00, 1, 1,  8,  39.7297937, -83.7075286,   328.0, 2025, 11, 23, 18, 17, 40,        0,        0,   0,   0,   1.9,   1.0,   1.7,  0,  0, 21, 17,  0,  0, 31, 27, 33,  0,  0,  0,  0,  0,  0, 25,  0,  0,  0,  0,  0,  0,  0,  0,  0, 26, 32, 10,  0,  0, 19,  0
6, 11026, 11,KE8EXM,     0.00, 3,   boost,   96.60,  98298.00,  255.08,    0.09,    9.07, 23.0, 4.11, 4.08, 4.09, 108.52,  -0.55,   3.03, -22.42,   6.04,   0.98,  -0.25,   0.22,   0.15,   2.79, 4.09, 0.00, 0.00, 0.00, 0.00, 1, 1,  8,  39.7297937, -83.7075286,   328.0, 2025, 11, 23, 18, 17, 40,        0,        0,   0,   0,   1.9,   1.0,   1.7,  0,  0, 21, 17,  0,  0, 31, 27, 33,  0,  0,  0,  0,  0,  0, 25,  0,  0,  0,  0,  0,  0,  0,  0,  0, 26, 32, 10,  0,  0, 19,  0
6, 11026, 11,KE8EXM,     0.00, 3,   boost,   96.60,  98298.00,  255.08,    0.09,    9.07, 23.0, 4.11, 4.08, 4.09, 108.52,  -0.55,   3.03, -22.42,   6.04,   0.98,  -0.25,   0.22,   0.15,   2.79, 4.09, 0.00, 0.00, 0.00, 0.00, 1, 1,  8,  39.7297937, -83.7075286,   328.0, 2025, 11, 23, 18, 17, 40,        0,        0,   0,   0,   1.9,   1.0,   1.7,  0,  0, 21, 17,  0,  0, 31, 27, 33,  0,  0,  0,  0,  0,  0, 25,  0,  0,  0,  0,  0,  0,  0,  0,  0, 26, 32, 10,  0,  0, 19,  0
6, 11026, 11,KE8EXM,     0.00, 3,   boost,   96.60,  98298.00,  255.08,    0.09,    9.07, 23.0, 4.11, 4.08, 4.09, 108.52,  -0.55,   3.03, -22.42,   6.04,   0.98,  -0.25,   0.22,   0.15,   2.79, 4.09, 0.00, 0.00, 0.00, 0.00, 1, 1,  8,  39.7297937, -83.7075286,   328.0, 2025, 11, 23, 18, 17, 40,        0,        0,   0,   0,   1.9,   1.0,   1.7,  0,  0, 21, 17,  0,  0, 31, 27, 33,  0,  0,  0,  0,  0,  0, 25,  0,  0,  0,  0,  0,  0,  0,  0,  0, 26, 32, 10,  0,  0, 19,  0
6, 11026, 11,KE8EXM,     0.00, 3,   boost,   96.60,  98298.00,  255.08,    0.09,    9.07, 23.0, 4.11, 4.08, 4.09, 108.52,  -0.55,   3.03, -22.42,   6.04,   0.98,  -0.25,   0.22,   0.15,   2.79, 4.09, 0.00, 0.00, 0.00, 0.00, 1, 1,  8,  39.7297937, -83.7075286,   328.0, 2025, 11, 23, 18, 17, 40,        0,        0,   0,   0,   1.9,   1.0,   1.7,  0,  0, 21, 17,  0,  0, 31, 27, 33,  0,  0,  0,  0,  0,  0, 25,  0,  0,  0,  0,  0,  0,  0,  0,  0, 26, 32, 10,  0,  0, 19,  0
6, 11026, 11,KE8EXM,     0.00, 3,   boost,   96.60,  98298.00,  255.08,    0.09,    9.07, 23.0, 4.11, 4.08, 4.09, 108.52,  -0.55,   3.03, -22.42,   6.04,   0.98,  -0.25,   0.22,   0.15,   2.79, 4.09, 0.00, 0.00, 0.00, 0.00, 1, 1,  8,  39.7297937, -83.7075286,   328.0, 2025, 11, 23, 18, 17, 40,        0,        0,   0,   0,   1.9,   1.0,   1.7,  0,  0, 21, 17,  0,  0, 31, 27, 33,  0,  0,  0,  0,  0,  0, 25,  0,  0,  0,  0,  0,  0,  0,  0,  0, 26, 32, 10,  0,  0, 19,  0
6, 11026, 11,KE8EXM,     0.00, 3,   boost,   96.60,  98298.00,  255.08,    0.09,    9.07, 23.0, 4.11, 4.08, 4.09, 108.52,  -0.55,   3.03, -22.42,   6.04,   0.98,  -0.25,   0.22,   0.15,   2.79, 4.09, 0.00, 0.00, 0.00, 0.00, 1, 1,  8,  39.7297937, -83.7075286,   328.0, 2025, 11, 23, 18, 17, 40,        0,        0,   0,   0,   1.9,   1.0,   1.7,  0,  0, 21, 17,  0,  0, 31, 27, 33,  0,  0,  0,  0,  0,  0, 25,  0,  0,  0,  0,  0,  0,  0,  0,  0, 26, 32, 10,  0,  0, 19,  0
6, 11026, 11,KE8EXM,     0.00, 3,   boost,   96.60,  98298.00,  255.08,    0.09,    9.07, 23.0, 4.11, 4.08, 4.09, 108.52,  -0.55,   3.03, -22.42,   6.04,   0.98,  -0.25,   0.22,   0.15,   2.79, 4.09, 0.00, 0.00, 0.00, 0.00, 1, 1,  8,  39.7297937, -83.7075286,   328.0, 2025, 11, 23, 18, 17, 40,        0,        0,   0,   0,   1.9,   1.0,   1.7,  0,  0, 21, 17,  0,  0, 31, 27, 33,  0,  0,  0,  0,  0,  0, 25,  0,  0,  0,  0,  0,  0,  0,  0,  0, 26, 32, 10,  0,  0, 19,  0
6, 11026, 11,KE8EXM,     0.00, 3,   boost,   96.60,  98298.00,  255.08,    0.09,    9.07, 23.0, 4.11, 4.08, 4.09, 108.52,  -0.55,   3.03, -22.42,   6.04,   0.98,  -0.25,   0.22,   0.15,   2.79, 4.09, 0.00, 0.00, 0.00, 0.00, 1, 1,  8,  39.7297937, -83.7075286,   328.0, 2025, 11, 23, 18, 17, 40,        0,        0,   0,   0,   1.9,   1.0,   1.7,  0,  0, 21, 17,  0,  0, 31, 27, 33,  0,  0,  0,  0,  0,  0, 25,  0,  0,  0,  0,  0,  0,  0,  0,  0, 26, 32, 10,  0,  0, 19,  0
6, 11026, 11,KE8EXM,     0.00, 3,   boost,   96.60,  98298.00,  255.08,    0.09,    9.07, 23.0, 4.11, 4.08, 4.09, 108.52,  -0.55,   3.03, -22.42,   6.04,   0.98,  -0.25,   0.22,   0.15,   2.79, 4.09, 0.00, 0.00, 0.00, 0.00, 1, 1,  8,  39.7297937, -83.7075286,   328.0, 2025, 11, 23, 18, 17, 40,        0,        0,   0,   0,   1.9,   1.0,   1.7,  0,  0, 21, 17,  0,  0, 31, 27, 33,  0,  0,  0,  0,  0,  0, 25,  0,  0,  0,  0,  0,  0,  0,  0,  0, 26, 32, 10,  0,  0, 19,  0
6, 11026, 11,KE8EXM,     0.00, 3,   boost,   96.60,  98298.00,  255.08,    0.09,    9.07, 23.0, 4.11, 4.08, 4.09, 108.52,  -0.55,   3.03, -22.42,   6.04,   0.98,  -0.25,   0.22,   0.15,   2.79, 4.09, 0.00, 0.00, 0.00, 0.00, 1, 1,  8,  39.7297937, -83.7075286,   328.0, 2025, 11, 23, 18, 17, 40,        0,        0,   0,   0,   1.9,   1.0,   1.7,  0,  0, 21, 17,  0,  0, 31, 27, 33,  0,  0,  0,  0,  0,  0, 25,  0,  0,  0,  0,  0,  0,  0,  0,  0, 26, 32, 10,  0,  0, 19,  0
6, 11026, 11,KE8EXM,     0.00, 3,   boost,   96.60,  98298.00,  255.08,    0.09,    9.07, 23.0, 4.11, 4.08, 4.09, 108.52,  -0.55,   3.03, -22.42,   6.04,   0.98,  -0.25,   0.22,   0.15,   2.78, 4.09, 0.00, 0.00, 0.00, 0.00, 1, 1,  8,  39.7297937, -83.7075286,   328.0, 2025, 11, 23, 18, 17, 40,        0,        0,   0,   0,   1.9,   1.0,   1.7,  0,  0, 21, 17,  0,  0, 31, 27, 33,  0,  0,  0,  0,  0,  0, 25,  0,  0,  0,  0,  0,  0,  0,  0,  0, 26, 32, 10,  0,  0, 19,  0
6, 11026, 11,KE8EXM,     0.00, 3,   boost,   96.60,  98298.00,  255.08,    0.09,    9.07, 23.0, 4.11, 4.08, 4.09, 108.52,  -0.55,   3.03, -22.42,   6.04,   0.98,  -0.25,   0.22,   0.15,   2.78, 4.09, 0.00, 0.00, 0.00, 0.00, 1, 1,  8,  39.7297937, -83.7075286,   328.0, 2025, 11, 23, 18, 17, 40,        0,        0,   0,   0,   1.9,   1.0,   1.7,  0,  0, 21, 17,  0,  0, 31, 27, 33,  0,  0,  0,  0,  0,  0, 25,  0,  0,  0,  0,  0,  0,  0,  0,  0, 26, 32, 10,  0,  0, 19,  0
6, 11026, 11,KE8EXM,     0.00, 3,   boost,   96.60,  98298.00,  255.08,    0.09,    9.07, 23.0, 4.11, 4.08, 4.09, 108.52,  -0.55,   3.03, -22.42,   6.04,   0.98,  -0.25,   0.22,   0.15,   2.78, 4.09, 0.00, 0.00, 0.00, 0.00, 1, 1,  8,  39.7297937, -83.7075286,   328.0, 2025, 11, 23, 18, 17, 40,        0,        0,   0,   0,   1.9,   1.0,   1.7,  0,  0, 21, 17,  0,  0, 31, 27, 33,  0,  0,  0,  0,  0,  0, 25,  0,  0,  0,  0,  0,  0,  0,  0,  0, 26, 32, 10,  0,  0, 19,  0
6, 11026, 11,KE8EXM,     0.00, 3,   boost,   96.60,  98298.00,  255.08,    0.09,    9.07, 23.0, 4.11, 4.08, 4.09, 108.52,  -0.55,   3.03, -22.42,   6.04,   0.98,  -0.25,   0.22,   0.15,   2.77, 4.09, 0.00, 0.00, 0.00, 0.00, 1, 1,  8,  39.7297937, -83.7075286,   328.0, 2025, 11, 23, 18, 17, 40,        0,        0,   0,   0,   1.9,   1.0,   1.7,  0,  0, 21, 17,  0,  0, 31, 27, 33,  0,  0,  0,  0,  0,  0, 25,  0,  0,  0,  0,  0,  0,  0,  0,  0, 26, 32, 10,  0,  0, 19,  0
6, 11026, 11,KE8EXM,     0.00, 3,   boost,   96.60,  98298.00,  255.08,    0.09,    9.07, 23.0, 4.11, 4.08, 4.09, 108.52,  -0.55,   3.03, -22.42,   6.04,   0.98,  -0.25,   0.22,   0.15,   2.77, 4.09, 0.00, 0.00, 0.00, 0.00, 1, 1,  8,  39.7297937, -83.7075286,   328.0, 2025, 11, 23, 18, 17, 40,        0,        0,   0,   0,   1.9,   1.0,   1.7,  0,  0, 21, 17,  0,  0, 31, 27, 33,  0,  0,  0,  0,  0,  0, 25,  0,  0,  0,  0,  0,  0,  0,  0,  0, 26, 32, 10,  0,  0, 19,  0
6, 11026, 11,KE8EXM,     0.00, 3,   boost,   96.60,  98298.00,  255.08,    0.09,    9.07, 23.0, 4.11, 4.08, 4.09, 108.52,  -0.55,   3.03, -22.42,   6.04,   0.98,  -0.25,   0.22,   0.15,   2.77, 4.09, 0.00, 0.00, 0.00, 0.00, 1, 1,  8,  39.7297937, -83.7075286,   328.0, 2025, 11, 23, 18, 17, 40,        0,        0,   0,   0,   1.9,   1.0,   1.7,  0,  0, 21, 17,  0,  0, 31, 27, 33,  0,  0,  0,  0,  0,  0, 25,  0,  0,  0,  0,  0,  0,  0,  0,  0, 26, 32, 10,  0,  0, 19,  0
6, 11026, 11,KE8EXM,     0.00, 3,   boost,   96.60,  98298.00,  255.08,    0.09,    9.07, 23.0, 4.11, 4.08, 4.09, 108.52,  -0.55,   3.03, -22.42,   6.04,   0.98,  -0.25,   0.22,   0.15,   2.77, 4.09, 0.00, 0.00, 0.00, 0.00, 1, 1,  8,  39.7297937, -83.7075286,   328.0, 2025, 11, 23, 18, 17, 40,        0,        0,   0,   0,   1.9,   1.0,   1.7,  0,  0, 21, 17,  0,  0, 31, 27, 33,  0,  0,  0,  0,  0,  0, 25,  0,  0,  0,  0,  0,  0,  0,  0,  0, 26, 32, 10,  0,  0, 19,  0
6, 11026, 11,KE8EXM,     0.00, 3,   boost,   96.60,  98298.00,  255.08,    0.09,    9.07, 23.0, 4.11, 4.08, 4.09, 108.52,  -0.55,   3.03, -22.42,   6.04,   0.98,  -0.25,   0.22,   0.15,   2.76, 4.09, 0.00, 0.00, 0.00, 0.00, 1, 1,  8,  39.7297937, -83.7075286,   328.0, 2025, 11, 23, 18, 17, 40,        0,        0,   0,   0,   1.9,   1.0,   1.7,  0,  0, 21, 17,  0,  0, 31, 27, 33,  0,  0,  0,  0,  0,  0, 25,  0,  0,  0,  0,  0,  0,  0,  0,  0, 26, 32, 10,  0,  0, 19,  0
6, 11026, 11,KE8EXM,     0.00, 3,   boost,   96.60,  98298.00,  255.08,    0.09,    9.07, 23.0, 4.11, 4.08, 4.09, 108.52,  -0.55,   3.03, -22.42,   6.04,   0.98,  -0.25,   0.22,   0.15,   2.77, 4.09, 0.00, 0.00, 0.00, 0.00, 1, 1,  8,  39.7297937, -83.7075286,   328.0, 2025, 11, 23, 18, 17, 40,        0,        0,   0,   0,   1.9,   1.0,   1.7,  0,  0, 21, 17,  0,  0, 31, 27, 33,  0,  0,  0,  0,  0,  0, 25,  0,  0,  0,  0,  0,  0,  0,  0,  0, 26, 32, 10,  0,  0, 19,  0
6, 11026, 11,KE8EXM,     0.00, 3,   boost,   96.60,  98298.00,  255.08,    0.09,    9.07, 23.0, 4.11, 4.08, 4.09, 108.52,  -0.55,   3.03, -22.42,   6.04,   0.98,  -0.25,   0.22,   0.15,   2.76, 4.09, 0.00, 0.00, 0.00, 0.00, 1, 1,  8,  39.7297937, -83.7075286,   328.0, 2025, 11, 23, 18, 17, 40,        0,        0,   0,   0,   1.9,   1.0,   1.7,  0,  0, 21, 17,  0,  0, 31, 27, 33,  0,  0,  0,  0,  0,  0, 25,  0,  0,  0,  0,  0,  0,  0,  0,  0, 26, 32, 10,  0,  0, 19,  0
6, 11026, 11,KE8EXM,     0.00, 3,   boost,   96.60,  98298.00,  255.08,    0.09,    9.07, 23.0, 4.11, 4.08, 4.09, 108.52,  -0.55,   3.03, -22.42,   6.04,   0.98,  -0.25,   0.22,   0.15,   2.76, 4.09, 0.00, 0.00, 0.00, 0.00, 1, 1,  8,  39.7297937, -83.7075286,   328.0, 2025, 11, 23, 18, 17, 40,        0,        0,   0,   0,   1.9,   1.0,   1.7,  0,  0, 21, 17,  0,  0, 31, 27, 33,  0,  0,  0,  0,  0,  0, 25,  0,  0,  0,  0,  0,  0,  0,  0,  0, 26, 32, 10,  0,  0, 19,  0
6, 11026, 11,KE8EXM,     0.00, 3,   boost,   96.60,  98298.00,  255.08,    0.09,    9.07, 23.0, 4.11, 4.08, 4.09, 108.52,  -0.55,   3.03, -22.42,   6.04,   0.98,  -0.25,   0.22,   0.15,   2.58, 4.09, 0.00, 0.00, 0.00, 0.00, 1, 1,  8,  39.7297937, -83.7075286,   328.0, 2025, 11, 23, 18, 17, 40,        0,        0,   0,   0,   1.9,   1.0,   1.7,  0,  0, 21, 17,  0,  0, 31, 27, 33,  0,  0,  0,  0,  0,  0, 25,  0,  0,  0,  0,  0,  0,  0,  0,  0, 26, 32, 10,  0,  0, 19,  0
6, 11026, 11,KE8EXM,     0.00, 3,   boost,   96.60,  98298.00,  255.08,    0.09,    9.07, 23.0, 4.11, 4.08, 4.09, 108.52,  -0.55,   3.03, -22.42,   6.04,   0.98,  -0.25,   0.22,   0.15,   2.56, 4.09, 0.00, 0.00, 0.00, 0.00, 1, 1,  8,  39.7297937, -83.7075286,   328.0, 2025, 11, 23, 18, 17, 40,        0,        0,   0,   0,   1.9,   1.0,   1.7,  0,  0, 21, 17,  0,  0, 31, 27, 33,  0,  0,  0,  0,  0,  0, 25,  0,  0,  0,  0,  0,  0,  0,  0,  0, 26, 32, 10,  0,  0, 19,  0
6, 11026, 11,KE8EXM,     0.00, 3,   boost,   96.60,  98298.00,  255.08,    0.09,    9.07, 23.0, 4.11, 4.08, 4.09, 108.52,  -0.55,   3.03, -22.42,   6.04,   0.98,  -0.25,   0.22,   0.15,   2.46, 4.09, 0.00, 0.00, 0.00, 0.00, 1, 1,  8,  39.7297937, -83.7075286,   328.0, 2025, 11, 23, 18, 17, 40,        0,        0,   0,   0,   1.9,   1.0,   1.7,  0,  0, 21, 17,  0,  0, 31, 27, 33,  0,  0,  0,  0,  0,  0, 25,  0,  0,  0,  0,  0,  0,  0,  0,  0, 26, 32, 10,  0,  0, 19,  0
6, 11026, 11,KE8EXM,     0.00, 3,   boost,   96.60,  98298.00,  255.08,    0.09,    9.07, 23.0, 4.11, 4.08, 4.09, 108.52,  -0.55,   3.03, -22.42,   6.04,   0.98,  -0.25,   0.22,   0.15,   2.48, 4.09, 0.00, 0.00, 0.00, 0.00, 1, 1,  8,  39.7297937, -83.7075286,   328.0, 2025, 11, 23, 18, 17, 40,        0,        0,   0,   0,   1.9,   1.0,   1.7,  0,  0, 21, 17,  0,  0, 31, 27, 33,  0,  0,  0,  0,  0,  0, 25,  0,  0,  0,  0,  0,  0,  0,  0,  0, 26, 32, 10,  0,  0, 19,  0
6, 11026, 11,KE8EXM,     0.00, 3,   boost,   96.60,  98298.00,  255.08,    0.09,    9.07, 23.0, 4.11, 4.08, 4.09, 108.52,  -0.55,   3.03, -22.42,   6.04,   0.98,  -0.25,   0.22,   0.15,   2.50, 4.09, 0.00, 0.00, 0.00, 0.00, 1, 1,  8,  39.7297937, -83.7075286,   328.0, 2025, 11, 23, 18, 17, 40,        0,        0,   0,   0,   1.9,   1.0,   1.7,  0,  0, 21, 17,  0,  0, 31, 27, 33,  0,  0,  0,  0,  0,  0, 25,  0,  0,  0,  0,  0,  0,  0,  0,  0, 26, 32, 10,  0,  0, 19,  0
6, 11026, 11,KE8EXM,     0.00, 3,   boost,   96.60,  98298.00,  255.08,    0.09,    9.07, 23.0, 4.11, 4.08, 4.09, 108.52,  -0.55,   3.03, -22.42,   6.04,   0.98,  -0.25,   0.22,   0.15,   2.56, 4.09, 0.00, 0.00, 0.00, 0.00, 1, 1,  8,  39.7297937, -83.7075286,   328.0, 2025, 11, 23, 18, 17, 40,        0,        0,   0,   0,   1.9,   1.0,   1.7,  0,  0, 21, 17,  0,  0, 31, 27, 33,  0,  0,  0,  0,  0,  0, 25,  0,  0,  0,  0,  0,  0,  0,  0,  0, 26, 32, 10,  0,  0, 19,  0
6, 11026, 11,KE8EXM,     0.00, 3,   boost,   96.60,  98298.00,  255.08,    0.09,    9.07, 23.0, 4.11, 4.08, 4.09, 108.52,  -0.55,   3.03, -22.42,   6.04,   0.98,  -0.25,   0.22,   0.15,   2.61, 4.09, 0.00, 0.00, 0.00, 0.00, 1, 1,  8,  39.7297937, -83.7075286,   328.0, 2025, 11, 23, 18, 17, 40,        0,        0,   0,   0,   1.9,   1.0,   1.7,  0,  0, 21, 17,  0,  0, 31, 27, 33,  0,  0,  0,  0,  0,  0, 25,  0,  0,  0,  0,  0,  0,  0,  0,  0, 26, 32, 10,  0,  0, 19,  0
6, 11026, 11,KE8EXM,     0.00, 3,   boost,   96.60,  98298.00,  255.08,    0.09,    9.07, 23.0, 4.11, 4.08, 4.09, 108.52,  -0.55,   3.03, -22.42,   6.04,   0.98,  -0.25,   0.22,   0.15,   2.68, 4.09, 0.00, 0.00, 0.00, 0.00, 1, 1,  8,  39.7297937, -83.7075286,   328.0, 2025, 11, 23, 18, 17, 40,        0,        0,   0,   0,   1.9,   1.0,   1.7,  0,  0, 21, 17,  0,  0, 31, 27, 33,  0,  0,  0,  0,  0,  0, 25,  0,  0,  0,  0,  0,  0,  0,  0,  0, 26, 32, 10,  0,  0, 19,  0
6, 11026, 11,KE8EXM,     0.01, 3,   boost,   99.05,  98298.00,  255.08,    0.09,   10.05, 23.0, 4.11, 4.08, 4.09, 109.03,   1.20,  -0.66,  -9.42,   8.11,   1.17,  -0.25,   0.22,   0.15,   2.76, 4.09, 0.00, 0.00, 0.00, 0.00, 1, 1,  8,  39.7297937, -83.7075286,   328.0, 2025, 11, 23, 18, 17, 40,        0,        0,   0,   0,   1.9,   1.0,   1.7,  0,  0, 21, 17,  0,  0, 31, 27, 33,  0,  0,  0,  0,  0,  0, 25,  0,  0,  0,  0,  0,  0,  0,  0,  0, 26, 32, 10,  0,  0, 19,  0
6, 11026, 11,KE8EXM,     0.01, 3,   boost,   99.05,  98298.00,  255.08,    0.09,   10.05, 23.0, 4.11, 4.08, 4.09, 109.03,   1.20,  -0.66,  -9.42,   8.11,   1.17,  -0.25,   0.22,   0.15,   2.76, 4.09, 0.00, 0.00, 0.00, 0.00, 1, 1,  8,  39.7297937, -83.7075286,   328.0, 2025, 11, 23, 18, 17, 40,        0,        0,   0,   0,   1.9,   1.0,   1.7,  0,  0, 21, 17,  0,  0, 31, 27, 33,  0,  0,  0,  0,  0,  0, 25,  0,  0,  0,  0,  0,  0,  0,  0,  0, 26, 32, 10,  0,  0, 19,  0
6, 11026, 11,KE8EXM,     0.02, 3,   boost,   99.05,  98297.00,  255.16,    0.17,   11.06, 23.0, 4.09, 4.10, 4.09, 109.96,  -1.75,   4.28, -21.26,   3.47,   1.23,  -0.25,   0.22,   0.15,   2.79, 4.11, 0.00, 0.00, 0.00, 0.00, 1, 1,  8,  39.7297937, -83.7075286,   328.0, 2025, 11, 23, 18, 17, 40,        0,        0,   0,   0,   1.9,   1.0,   1.7,  0,  0, 21, 17,  0,  0, 31, 27, 33,  0,  0,  0,  0,  0,  0, 25,  0,  0,  0,  0,  0,  0,  0,  0,  0, 26, 32, 10,  0,  0, 19,  0
6, 11026, 11,KE8EXM,     0.02, 3,   boost,   99.05,  98297.00,  255.16,    0.17,   11.06, 23.0, 4.09, 4.10, 4.09, 109.96,  -1.75,   4.28, -21.26,   3.47,   1.23,  -0.25,   0.22,   0.15,   2.79, 4.11, 0.00, 0.00, 0.00, 0.00, 1, 1,  8,  39.7297937, -83.7075286,   328.0, 2025, 11, 23, 18, 17, 40,        0,        0,   0,   0,   1.9,   1.0,   1.7,  0,  0, 21, 17,  0,  0, 31, 27, 33,  0,  0,  0,  0,  0,  0, 25,  0,  0,  0,  0,  0,  0,  0,  0,  0, 26, 32, 10,  0,  0, 19,  0
6, 11026, 11,KE8EXM,     0.03, 3,   boost,  103.95,  98297.00,  255.16,    0.17,   12.09, 23.0, 4.09, 4.10, 4.09, 112.83,   0.29,  -0.50, -31.88,   4.02,   0.13,  -0.25,   0.22,   0.15,   2.83, 4.11, 0.00, 0.00, 0.00, 0.00, 1, 1,  8,  39.7297937, -83.7075286,   328.0, 2025, 11, 23, 18, 17, 40,        0,        0,   0,   0,   1.9,   1.0,   1.7,  0,  0, 21, 17,  0,  0, 31, 27, 33,  0,  0,  0,  0,  0,  0, 25,  0,  0,  0,  0,  0,  0,  0,  0,  0, 26, 32, 10,  0,  0, 19,  0
6, 11026, 11,KE8EXM,     0.04, 3,   boost,  111.80,  98289.00,  255.85,    0.85,   13.14, 23.0, 4.09, 4.10, 4.09, 113.35,  -1.19,  -2.76, -30.60,   3.23,  -1.82,  -0.25,   0.22,   0.15,   2.86, 4.11, 0.00, 0.00, 0.00, 0.00, 1, 1,  8,  39.7297937, -83.7075286,   328.0, 2025, 11, 23, 18, 17, 40,        0,        0,   0,   0,   1.9,   1.0,   1.7,  0,  0, 21, 17,  0,  0, 31, 27, 33,  0,  0,  0,  0,  0,  0, 25,  0,  0,  0,  0,  0,  0,  0,  0,  0, 26, 32, 10,  0,  0, 19,  0
6, 11026, 11,KE8EXM,     0.05, 3,   boost,  110.82,  98289.00,  255.85,    0.85,   14.21, 23.0, 4.09, 4.10, 4.09, 117.66,  -3.95,  -1.37, -43.35,   7.20,  -0.91,  -0.25,   0.22,   0.16,   2.93, 4.11, 0.00, 0.00, 0.00, 0.00, 1, 1,  8,  39.7297937, -83.7075286,   328.0, 2025, 11, 23, 18, 17, 40,        0,        0,   0,   0,   1.9,   1.0,   1.7,  0,  0, 21, 17,  0,  0, 31, 27, 33,  0,  0,  0,  0,  0,  0, 25,  0,  0,  0,  0,  0,  0,  0,  0,  0, 26, 32, 10,  0,  0, 19,  0
6, 11026, 11,KE8EXM,     0.06, 3,   boost,  106.89,  98285.00,  256.19,    1.19,   15.29, 23.0, 4.09, 4.10, 4.09, 118.37,   4.07,  -0.24, -61.72,   7.62,  -2.92,  -0.25,   0.22,   0.16,   3.01, 4.11, 0.00, 0.00, 0.00, 0.00, 1, 1,  8,  39.7297937, -83.7075286,   328.0, 2025, 11, 23, 18, 17, 40,        0,        0,   0,   0,   1.9,   1.0,   1.7,  0,  0, 21, 17,  0,  0, 31, 27, 33,  0,  0,  0,  0,  0,  0, 25,  0,  0,  0,  0,  0,  0,  0,  0,  0, 26, 32, 10,  0,  0, 19,  0
6, 11026, 11,KE8EXM,     0.07, 3,   boost,  108.36,  98285.00,  256.19,    1.19,   16.37, 23.0, 4.09, 4.10, 4.09, 120.23,   2.11,  -1.97, -65.81,   8.17,  -3.41,  -0.25,   0.22,   0.16,   3.09, 4.11, 0.00, 0.00, 0.00, 0.00, 1, 1,  8,  39.7297937, -83.7075286,   328.0, 2025, 11, 23, 18, 17, 40,        0,        0,   0,   0,   1.9,   1.0,   1.7,  0,  0, 21, 17,  0,  0, 31, 27, 33,  0,  0,  0,  0,  0,  0, 25,  0,  0,  0,  0,  0,  0,  0,  0,  0, 26, 32, 10,  0,  0, 19,  0
6, 11026, 11,KE8EXM,     0.08, 3,   boost,  107.87,  98300.00,  254.91,   -0.09,   17.45, 23.0, 4.09, 4.10, 4.09, 120.11,   0.24,   3.89, -63.62,   6.89,  -1.09,  -0.25,   0.23,   0.16,   3.16, 4.11, 0.00, 0.00, 0.00, 0.00, 1, 1,  8,  39.7297937, -83.7075286,   328.0, 2025, 11, 23, 18, 17, 40,        0,        0,   0,   0,   1.9,   1.0,   1.7,  0,  0, 21, 17,  0,  0, 31, 27, 33,  0,  0,  0,  0,  0,  0, 25,  0,  0,  0,  0,  0,  0,  0,  0,  0, 26, 32, 10,  0,  0, 19,  0
6, 11026, 11,KE8EXM,     0.09, 3,   boost,  105.42,  98300.00,  254.91,   -0.09,   18.52, 23.0, 4.09, 4.10, 4.09, 119.97,  -3.79,  -0.57, -73.69,   6.04,  -1.82,  -0.25,   0.23,   0.16,   3.22, 4.11, 0.00, 0.00, 0.00, 0.00, 1, 1,  8,  39.7297937, -83.7075286,   328.0, 2025, 11, 23, 18, 17, 40,        0,        0,   0,   0,   1.9,   1.0,   1.7,  0,  0, 21, 17,  0,  0, 31, 27, 33,  0,  0,  0,  0,  0,  0, 25,  0,  0,  0,  0,  0,  0,  0,  0,  0, 26, 32, 10,  0,  0, 19,  0
6, 11026, 11,KE8EXM,     0.10, 3,   boost,  108.36,  98291.00,  255.68,    0.68,   19.60, 23.0, 4.09, 4.10, 4.09, 120.88,  -0.50,   0.96, -78.88,   6.40,   1.72,  -0.25,   0.23,   0.16,   3.28, 4.11, 0.00, 0.00, 0.00, 0.00, 1, 1,  8,  39.7297937, -83.7075286,   328.0, 2025, 11, 23, 18, 17, 40,        0,        0,   0,   0,   1.9,   1.0,   1.7,  0,  0, 21, 17,  0,  0, 31, 27, 33,  0,  0,  0,  0,  0,  0, 25,  0,  0,  0,  0,  0,  0,  0,  0,  0, 26, 32, 10,  0,  0, 19,  0
6, 11026, 11,KE8EXM,     0.11, 3,   boost,  106.89,  98291.00,  255.68,    0.68,   20.67, 23.0, 4.09, 4.10, 4.09, 118.44,   4.32,   0.60, -75.76,   4.82,   3.55,  -0.25,   0.23,   0.16,   3.33, 4.11, 0.00, 0.00, 0.00, 0.00, 1, 1,  8,  39.7297937, -83.7075286,   328.0, 2025, 11, 23, 18, 17, 40,        0,        0,   0,   0,   1.9,   1.0,   1.7,  0,  0, 21, 17,  0,  0, 31, 27, 33,  0,  0,  0,  0,  0,  0, 25,  0,  0,  0,  0,  0,  0,  0,  0,  0, 26, 32, 10,  0,  0, 19,  0
6, 11026, 11,KE8EXM,     0.12, 3,   boost,  110.32,  98276.00,  256.95,    1.96,   21.75, 23.0, 4.09, 4.10, 4.09, 119.38,   1.54,   2.09, -77.04,   4.21,   6.42,  -0.25,   0.23,   0.17,   3.37, 4.11, 0.00, 0.00, 0.00, 0.00, 1, 1,  8,  39.7297937, -83.7075286,   328.0, 2025, 11, 23, 18, 17, 40,        0,        0,   0,   0,   1.9,   1.0,   1.7,  0,  0, 21, 17,  0,  0, 31, 27, 33,  0,  0,  0,  0,  0,  0, 25,  0,  0,  0,  0,  0,  0,  0,  0,  0, 26, 32, 10,  0,  0, 19,  0
6, 11026, 11,KE8EXM,     0.13, 3,   boost,  108.85,  98276.00,  256.95,    1.96,   22.82, 23.0, 4.09, 4.10, 4.09, 119.55,   1.41,  -0.29, -74.66,   2.99,  10.57,  -0.25,   0.23,   0.17,   3.40, 4.11, 0.00, 0.00, 0.00, 0.00, 1, 1,  8,  39.7297937, -83.7075286,   328.0, 2025, 11, 23, 18, 17, 40,        0,        0,   0,   0,   1.9,   1.0,   1.7,  0,  0, 21, 17,  0,  0, 31, 27, 33,  0,  0,  0,  0,  0,  0, 25,  0,  0,  0,  0,  0,  0,  0,  0,  0, 26, 32, 10,  0,  0, 19,  0
6, 11026, 11,KE8EXM,     0.14, 3,   boost,  105.91,  98273.00,  257.21,    2.22,   23.89, 23.0, 4.09, 4.10, 4.09, 120.24,   2.45,   1.57, -73.14,   3.53,  13.07,  -0.25,   0.23,   0.17,   3.44, 4.11, 0.00, 0.00, 0.00, 0.00, 1, 1,  8,  39.7297937, -83.7075286,   328.0, 2025, 11, 23, 18, 17, 40,        0,        0,   0,   0,   1.9,   1.0,   1.7,  0,  0, 21, 17,  0,  0, 31, 27, 33,  0,  0,  0,  0,  0,  0, 25,  0,  0,  0,  0,  0,  0,  0,  0,  0, 26, 32, 10,  0,  0, 19,  0
6, 11026, 11,KE8EXM,     0.15, 3,   boost,  104.93,  98273.00,  257.21,    2.22,   24.95, 23.0, 4.09, 4.10, 4.09, 117.74,   0.83,   0.20, -74.24,   1.89,  17.10,  -0.25,   0.23,   0.18,   3.47, 4.11, 0.00, 0.00, 0.00, 0.00, 1, 1,  8,  39.7297937, -83.7075286,   328.0, 2025, 11, 23, 18, 17, 40,        0,        0,   0,   0,   1.9,   1.0,   1.7,  0,  0, 21, 17,  0,  0, 31, 27, 33,  0,  0,  0,  0,  0,  0, 25,  0,  0,  0,  0,  0,  0,  0,  0,  0, 26, 32, 10,  0,  0, 19,  0
6, 11026, 11,KE8EXM,     0.16, 3,   boost,  105.42,  98244.00,  259.69,    4.69,   26.01, 23.0, 4.09, 4.10, 4.09, 117.67,   2.29,   1.30, -75.03,   1.52,  20.45,  -0.25,   0.23,   0.18,   3.51, 4.11, 0.00, 0.00, 0.00, 0.00, 1, 1,  8,  39.7297937, -83.7075286,   328.0, 2025, 11, 23, 18, 17, 40,        0,        0,   0,   0,   1.9,   1.0,   1.7,  0,  0, 21, 17,  0,  0, 31, 27, 33,  0,  0,  0,  0,  0,  0, 25,  0,  0,  0,  0,  0,  0,  0,  0,  0, 26, 32, 10,  0,  0, 19,  0
6, 11026, 11,KE8EXM,     0.16, 3,   boost,  105.42,  98244.00,  259.69,    4.69,   26.01, 23.0, 4.09, 4.10, 4.09, 117.67,   2.29,   1.30, -75.03,   1.52,  20.45,  -0.25,   0.23,   0.18,   3.51, 4.11, 0.00, 0.00, 0.00, 0.00, 1, 1,  8,  39.7297937, -83.7075286,   328.0, 2025, 11, 23, 18, 17, 40,        0,        0,   0,   0,   1.9,   1.0,   1.7,  0,  0, 21, 17,  0,  0, 31, 27, 33,  0,  0,  0,  0,  0,  0, 25,  0,  0,  0,  0,  0,  0,  0,  0,  0, 26, 32, 10,  0,  0, 19,  0
6, 11026, 11,KE8EXM,     0.16, 3,   boost,  105.42,  98244.00,  259.69,    4.69,   26.01, 23.0, 4.09, 4.10, 4.09, 117.67,   2.29,   1.30, -75.03,   1.52,  20.45,  -0.25,   0.23,   0.18,   3.51, 4.11, 0.00, 0.00, 0.00, 0.00, 1, 1,  8,  39.7297937, -83.7075286,   328.0, 2025, 11, 23, 18, 17, 40,        0,        0,   0,   0,   1.9,   1.0,   1.7,  0,  0, 21, 17,  0,  0, 31, 27, 33,  0,  0,  0,  0,  0,  0, 25,  0,  0,  0,  0,  0,  0,  0,  0,  0, 26, 32, 10,  0,  0, 19,  0
6, 11026, 11,KE8EXM,     0.17, 3,   boost,  105.42,  98244.00,  259.69,    4.69,   27.06, 23.0, 4.09, 4.10, 4.09, 116.85,   1.35,   0.36, -77.35,   0.85,  23.44,  -0.24,   0.23,   0.18,   3.55, 4.11, 0.00, 0.00, 0.00, 0.00, 1, 1,  9,  39.7297995, -83.7075434,   330.0, 2025, 11, 23, 18, 17, 41,        1,        2, 297,  55,   1.5,   0.8,   1.3,  0,  0, 22, 17,  0,  0, 30, 27, 28,  0,  0,  0,  0,  0,  0, 25,  0,  0,  0,  0,  0,  0,  0,  0,  0, 26, 27, 11,  0,  0, 18,  0
6, 11026, 11,KE8EXM,     0.18, 3,   boost,  104.44,  98257.00,  258.58,    3.58,   28.11, 23.0, 4.09, 4.10, 4.09, 117.92,   1.28,   1.19, -77.59,   0.67,  26.74,  -0.25,   0.22,   0.18,   3.61, 4.11, 0.00, 0.00, 0.00, 0.00, 1, 1,  9,  39.7297995, -83.7075434,   330.0, 2025, 11, 23, 18, 17, 41,        1,        2, 297,  55,   1.5,   0.8,   1.3,  0,  0, 22, 17,  0,  0, 30, 27, 28,  0,  0,  0,  0,  0,  0, 25,  0,  0,  0,  0,  0,  0,  0,  0,  0, 26, 27, 11,  0,  0, 18,  0
6, 11026, 11,KE8EXM,     0.19, 3,   boost,  104.93,  98257.00,  258.58,    3.58,   29.15, 23.0, 4.09, 4.10, 4.09, 117.05,   1.69,   0.59, -78.75,  -0.01,  30.16,  -0.25,   0.22,   0.18,   3.69, 4.11, 0.00, 0.00, 0.00, 0.00, 1, 1,  9,  39.7297995, -83.7075434,   330.0, 2025, 11, 23, 18, 17, 41,        1,        2, 297,  55,   1.5,   0.8,   1.3,  0,  0, 22, 17,  0,  0, 30, 27, 28,  0,  0,  0,  0,  0,  0, 25,  0,  0,  0,  0,  0,  0,  0,  0,  0, 26, 27, 11,  0,  0, 18,  0
6, 11026, 11,KE8EXM,     0.20, 3,   boost,  104.93,  98253.00,  258.92,    3.93,   30.20, 23.0, 4.09, 4.10, 4.09, 117.05,   1.13,   1.28, -81.68,   0.42,  33.03,  -0.24,   0.22,   0.19,   3.80, 4.11, 0.00, 0.00, 0.00, 0.00, 1, 1,  9,  39.7297995, -83.7075434,   330.0, 2025, 11, 23, 18, 17, 41,        1,        2, 297,  55,   1.5,   0.8,   1.3,  0,  0, 22, 17,  0,  0, 30, 27, 28,  0,  0,  0,  0,  0,  0, 25,  0,  0,  0,  0,  0,  0,  0,  0,  0, 26, 27, 11,  0,  0, 18,  0
6, 11026, 11,KE8EXM,     0.21, 3,   boost,  103.46,  98253.00,  258.92,    3.93,   31.24, 23.0, 4.09, 4.10, 4.09, 116.49,   0.85,   0.66, -79.91,  -0.13,  36.51,  -0.24,   0.22,   0.19,   3.94, 4.11, 0.00, 0.00, 0.00, 0.00, 1, 1,  9,  39.7297995, -83.7075434,   330.0, 2025, 11, 23, 18, 17, 41,        1,        2, 297,  55,   1.5,   0.8,   1.3,  0,  0, 22, 17,  0,  0, 30, 27, 28,  0,  0,  0,  0,  0,  0, 25,  0,  0,  0,  0,  0,  0,  0,  0,  0, 26, 27, 11,  0,  0, 18,  0
6, 11026, 11,KE8EXM,     0.22, 3,   boost,  104.44,  98239.00,  260.11,    5.12,   32.27, 23.0, 4.09, 4.10, 4.09, 116.68,   0.95,   1.49, -80.16,  -0.07,  38.89,  -0.24,   0.22,   0.19,   4.12, 4.11, 0.00, 0.00, 0.00, 0.00, 1, 1,  9,  39.7297995, -83.7075434,   330.0, 2025, 11, 23, 18, 17, 41,        1,        2, 297,  55,   1.5,   0.8,   1.3,  0,  0, 22, 17,  0,  0, 30, 27, 28,  0,  0,  0,  0,  0,  0, 25,  0,  0,  0,  0,  0,  0,  0,  0,  0, 26, 27, 11,  0,  0, 18,  0
6, 11026, 11,KE8EXM,     0.23, 3,   boost,  101.99,  98239.00,  260.11,    5.12,   33.30, 23.0, 4.09, 4.10, 4.09, 116.70,  -0.16,   1.32, -79.55,  -0.31,  41.45,  -0.24,   0.22,   0.19,   4.34, 4.11, 0.00, 0.00, 0.00, 0.00, 1, 1,  9,  39.7297995, -83.7075434,   330.0, 2025, 11, 23, 18, 17, 41,        1,        2, 297,  55,   1.5,   0.8,   1.3,  0,  0, 22, 17,  0,  0, 30, 27, 28,  0,  0,  0,  0,  0,  0, 25,  0,  0,  0,  0,  0,  0,  0,  0,  0, 26, 27, 11,  0,  0, 18,  0
6, 11026, 11,KE8EXM,     0.24, 3,   boost,  103.46,  98225.00,  261.31,    6.31,   34.33, 23.0, 4.09, 4.10, 4.09, 115.62,   0.39,   1.19, -81.19,  -1.10,  43.71,  -0.24,   0.21,   0.20,   4.58, 4.11, 0.00, 0.00, 0.00, 0.00, 1, 1,  9,  39.7297995, -83.7075434,   330.0, 2025, 11, 23, 18, 17, 41,        1,        2, 297,  55,   1.5,   0.8,   1.3,  0,  0, 22, 17,  0,  0, 30, 27, 28,  0,  0,  0,  0,  0,  0, 25,  0,  0,  0,  0,  0,  0,  0,  0,  0, 26, 27, 11,  0,  0, 18,  0
6, 11026, 11,KE8EXM,     0.25, 3,   boost,  103.46,  98225.00,  261.31,    6.31,   35.35, 23.0, 4.09, 4.10, 4.09, 114.17,   0.03,   1.44, -85.35,  -1.41,  45.54,  -0.24,   0.21,   0.20,   4.86, 4.11, 0.00, 0.00, 0.00, 0.00, 1, 1,  9,  39.7297995, -83.7075434,   330.0, 2025, 11, 23, 18, 17, 41,        1,        2, 297,  55,   1.5,   0.8,   1.3,  0,  0, 22, 17,  0,  0, 30, 27, 28,  0,  0,  0,  0,  0,  0, 25,  0,  0,  0,  0,  0,  0,  0,  0,  0, 26, 27, 11,  0,  0, 18,  0
6, 11026, 11,KE8EXM,     0.26, 3,   boost,  101.50,  98204.00,  263.10,    8.11,   36.37, 23.0, 4.09, 4.10, 4.09, 114.21,  -0.60,   1.66, -86.26,  -1.47,  47.68,  -0.24,   0.20,   0.21,   5.17, 4.11, 0.00, 0.00, 0.00, 0.00, 1, 1,  9,  39.7297995, -83.7075434,   330.0, 2025, 11, 23, 18, 17, 41,        1,        2, 297,  55,   1.5,   0.8,   1.3,  0,  0, 22, 17,  0,  0, 30, 27, 28,  0,  0,  0,  0,  0,  0, 25,  0,  0,  0,  0,  0,  0,  0,  0,  0, 26, 27, 11,  0,  0, 18,  0
6, 11026, 11,KE8EXM,     0.27, 3,   boost,  101.50,  98204.00,  263.10,    8.11,   37.39, 23.0, 4.09, 4.10, 4.09, 114.37,   0.04,   1.04, -90.84,  -1.41,  49.69,  -0.24,   0.20,   0.21,   5.51, 4.11, 0.00, 0.00, 0.00, 0.00, 1, 1,  9,  39.7297995, -83.7075434,   330.0, 2025, 11, 23, 18, 17, 41,        1,        2, 297,  55,   1.5,   0.8,   1.3,  0,  0, 22, 17,  0,  0, 30, 27, 28,  0,  0,  0,  0,  0,  0, 25,  0,  0,  0,  0,  0,  0,  0,  0,  0, 26, 27, 11,  0,  0, 18,  0
6, 11026, 11,KE8EXM,     0.28, 3,   boost,  100.52,  98195.00,  263.87,    8.88,   38.41, 23.0, 4.09, 4.10, 4.09, 114.11,  -0.75,   1.29, -93.65,  -1.71,  51.64,  -0.23,   0.20,   0.21,   5.89, 4.11, 0.00, 0.00, 0.00, 0.00, 1, 1,  9,  39.7297995, -83.7075434,   330.0, 2025, 11, 23, 18, 17, 41,        1,        2, 297,  55,   1.5,   0.8,   1.3,  0,  0, 22, 17,  0,  0, 30, 27, 28,  0,  0,  0,  0,  0,  0, 25,  0,  0,  0,  0,  0,  0,  0,  0,  0, 26, 27, 11,  0,  0, 18,  0
6, 11026, 11,KE8EXM,     0.29, 3,   boost,  104.93,  98195.00,  263.87,    8.88,   39.43, 23.0, 4.09, 4.10, 4.09, 114.32,  -0.85,   1.24, -94.87,  -1.29,  53.47,  -0.23,   0.19,   0.21,   6.29, 4.11, 0.00, 0.00, 0.00, 0.00, 1, 1,  9,  39.7297995, -83.7075434,   330.0, 2025, 11, 23, 18, 17, 41,        1,        2, 297,  55,   1.5,   0.8,   1.3,  0,  0, 22, 17,  0,  0, 30, 27, 28,  0,  0,  0,  0,  0,  0, 25,  0,  0,  0,  0,  0,  0,  0,  0,  0, 26, 27, 11,  0,  0, 18,  0
6, 11026, 11,KE8EXM,     0.30, 3,   boost,  103.95,  98184.00,  264.81,    9.82,   40.45, 23.0, 4.09, 4.10, 4.09, 114.66,  -1.35,   1.39, -97.98,  -1.47,  54.88,  -0.23,   0.19,   0.22,   6.72, 4.11, 0.00, 0.00, 0.00, 0.00, 1, 1,  9,  39.7297995, -83.7075434,   330.0, 2025, 11, 23, 18, 17, 41,        1,        2, 297,  55,   1.5,   0.8,   1.3,  0,  0, 22, 17,  0,  0, 30, 27, 28,  0,  0,  0,  0,  0,  0, 25,  0,  0,  0,  0,  0,  0,  0,  0,  0, 26, 27, 11,  0,  0, 18,  0
6, 11026, 11,KE8EXM,     0.31, 3,   boost,  101.99,  98184.00,  264.81,    9.82,   41.47, 23.0, 4.09, 4.10, 4.09, 114.60,  -1.81,   1.37,-101.52,  -0.98,  56.59,  -0.23,   0.19,   0.22,   7.18, 4.11, 0.00, 0.00, 0.00, 0.00, 1, 1,  9,  39.7297995, -83.7075434,   330.0, 2025, 11, 23, 18, 17, 41,        1,        2, 297,  55,   1.5,   0.8,   1.3,  0,  0, 22, 17,  0,  0, 30, 27, 28,  0,  0,  0,  0,  0,  0, 25,  0,  0,  0,  0,  0,  0,  0,  0,  0, 26, 27, 11,  0,  0, 18,  0
6, 11026, 11,KE8EXM,     0.32, 3,   boost,  104.44,  98160.00,  266.86,   11.87,   42.49, 23.0, 4.09, 4.10, 4.09, 114.49,  -2.16,   1.37,-102.50,  -1.04,  57.62,  -0.23,   0.18,   0.22,   7.66, 4.11, 0.00, 0.00, 0.00, 0.00, 1, 1,  9,  39.7297995, -83.7075434,   330.0, 2025, 11, 23, 18, 17, 41,        1,        2, 297,  55,   1.5,   0.8,   1.3,  0,  0, 22, 17,  0,  0, 30, 27, 28,  0,  0,  0,  0,  0,  0, 25,  0,  0,  0,  0,  0,  0,  0,  0,  0, 26, 27, 11,  0,  0, 18,  0
6, 11026, 11,KE8EXM,     0.33, 3,   boost,  101.50,  98160.00,  266.86,   11.87,   43.51, 23.0, 4.09, 4.10, 4.09, 114.39,  -3.26,   1.98,-102.13,  -0.98,  57.99,  -0.23,   0.18,   0.23,   8.14, 4.11, 0.00, 0.00, 0.00, 0.00, 1, 1,  9,  39.7297995, -83.7075434,   330.0, 2025, 11, 23, 18, 17, 41,        1,        2, 297,  55,   1.5,   0.8,   1.3,  0,  0, 22, 17,  0,  0, 30, 27, 28,  0,  0,  0,  0,  0,  0, 25,  0,  0,  0,  0,  0,  0,  0,  0,  0, 26, 27, 11,  0,  0, 18,  0
6, 11026, 11,KE8EXM,     0.34, 3,   boost,  101.50,  98142.00,  268.40,   13.40,   44.53, 23.0, 4.10, 4.07, 4.09, 114.99,  -3.44,   1.72,-101.21,  -1.17,  58.42,  -0.23,   0.18,   0.23,   8.64, 4.11, 0.00, 0.00, 0.00, 0.21, 1, 1,  9,  39.7297995, -83.7075434,   330.0, 2025, 11, 23, 18, 17, 41,        1,        2, 297,  55,   1.5,   0.8,   1.3,  0,  0, 22, 17,  0,  0, 30, 27, 28,  0,  0,  0,  0,  0,  0, 25,  0,  0,  0,  0,  0,  0,  0,  0,  0, 26, 27, 11,  0,  0, 18,  0
6, 11026, 11,KE8EXM,     0.34, 3,   boost,  101.50,  98142.00,  268.40,   13.40,   44.53, 23.0, 4.10, 4.07, 4.09, 114.99,  -3.44,   1.72,-101.21,  -1.17,  58.42,  -0.23,   0.18,   0.23,   8.64, 4.11, 0.00, 0.00, 0.00, 0.21, 1, 1,  9,  39.7297995, -83.7075434,   330.0, 2025, 11, 23, 18, 17, 41,        1,        2, 297,  55,   1.5,   0.8,   1.3,  0,  0, 22, 17,  0,  0, 30, 27, 28,  0,  0,  0,  0,  0,  0, 25,  0,  0,  0,  0,  0,  0,  0,  0,  0, 26, 27, 11,  0,  0, 18,  0
6, 11026, 11,KE8EXM,     0.35, 3,   boost,  103.46,  98142.00,  268.40,   13.40,   45.54, 23.0, 4.10, 4.07, 4.09, 114.75,  -3.52,   2.60, -98.53,  -1.59,  58.66,  -0.22,   0.17,   0.23,   9.14, 4.11, 0.00, 0.00, 0.00, 0.21, 1, 1,  9,  39.7297995, -83.7075434,   330.0, 2025, 11, 23, 18, 17, 41,        1,        2, 297,  55,   1.5,   0.8,   1.3,  0,  0, 22, 17,  0,  0, 30, 27, 28,  0,  0,  0,  0,  0,  0, 25,  0,  0,  0,  0,  0,  0,  0,  0,  0, 26, 27, 11,  0,  0, 18,  0
6, 11026, 11,KE8EXM,     0.36, 3,   boost,  104.44,  98128.00,  269.59,   14.60,   46.56, 23.0, 4.10, 4.07, 4.09, 114.58,  -4.10,   2.65,-100.12,  -1.84,  58.36,  -0.22,   0.16,   0.23,   9.64, 4.11, 0.00, 0.00, 0.00, 0.21, 1, 1,  9,  39.7297995, -83.7075434,   330.0, 2025, 11, 23, 18, 17, 41,        1,        2, 297,  55,   1.5,   0.8,   1.3,  0,  0, 22, 17,  0,  0, 30, 27, 28,  0,  0,  0,  0,  0,  0, 25,  0,  0,  0,  0,  0,  0,  0,  0,  0, 26, 27, 11,  0,  0, 18,  0
6, 11026, 11,KE8EXM,     0.37, 3,   boost,  102.97,  98128.00,  269.59,   14.60,   47.58, 23.0, 4.10, 4.07, 4.09, 114.51,  -4.90,   2.50, -99.51,  -2.14,  57.93,  -0.22,   0.16,   0.24,  10.14, 4.11, 0.00, 0.00, 0.00, 0.21, 1, 1,  9,  39.7297995, -83.7075434,   330.0, 2025, 11, 23, 18, 17, 41,        1,        2, 297,  55,   1.5,   0.8,   1.3,  0,  0, 22, 17,  0,  0, 30, 27, 28,  0,  0,  0,  0,  0,  0, 25,  0,  0,  0,  0,  0,  0,  0,  0,  0, 26, 27, 11,  0,  0, 18,  0
6, 11026, 11,KE8EXM,     0.38, 3,   boost,  105.91,  98107.00,  271.39,   16.39,   48.59, 23.0, 4.10, 4.07, 4.09, 115.62,  -5.06,   2.62, -99.38,  -2.39,  57.50,  -0.22,   0.15,   0.24,  10.64, 4.11, 0.00, 0.00, 0.00, 0.21, 1, 1,  9,  39.7297995, -83.7075434,   330.0, 2025, 11, 23, 18, 17, 41,        1,        2, 297,  55,   1.5,   0.8,   1.3,  0,  0, 22, 17,  0,  0, 30, 27, 28,  0,  0,  0,  0,  0,  0, 25,  0,  0,  0,  0,  0,  0,  0,  0,  0, 26, 27, 11,  0,  0, 18,  0
6, 11026, 11,KE8EXM,     0.39, 3,   boost,  102.48,  98107.00,  271.39,   16.39,   49.60, 23.0, 4.10, 4.07, 4.09, 115.12,  -5.33,   3.13, -96.64,  -3.30,  56.77,  -0.22,   0.15,   0.24,  11.13, 4.11, 0.00, 0.00, 0.00, 0.21, 1, 1,  9,  39.7297995, -83.7075434,   330.0, 2025, 11, 23, 18, 17, 41,        1,        2, 297,  55,   1.5,   0.8,   1.3,  0,  0, 22, 17,  0,  0, 30, 27, 28,  0,  0,  0,  0,  0,  0, 25,  0,  0,  0,  0,  0,  0,  0,  0,  0, 26, 27, 11,  0,  0, 18,  0
6, 11026, 11,KE8EXM,     0.40, 3,   boost,  101.50,  98095.00,  272.41,   17.42,   50.61, 23.0, 4.10, 4.07, 4.09, 114.97,  -5.98,   3.33, -94.50,  -4.28,  55.92,  -0.22,   0.14,   0.25,  11.61, 4.11, 0.00, 0.00, 0.00, 0.21, 1, 1,  9,  39.7297995, -83.7075434,   330.0, 2025, 11, 23, 18, 17, 41,        1,        2, 297,  55,   1.5,   0.8,   1.3,  0,  0, 22, 17,  0,  0, 30, 27, 28,  0,  0,  0,  0,  0,  0, 25,  0,  0,  0,  0,  0,  0,  0,  0,  0, 26, 27, 11,  0,  0, 18,  0
6, 11026, 11,KE8EXM,     0.41, 3,   boost,  100.52,  98095.00,  272.41,   17.42,   51.60, 23.0, 4.10, 4.07, 4.09, 114.42,  -6.48,   3.94, -91.39,  -5.44,  54.82,  -0.22,   0.14,   0.25,  12.08, 4.11, 0.00, 0.00, 0.00, 0.21, 1, 1,  9,  39.7297995, -83.7075434,   330.0, 2025, 11, 23, 18, 17, 41,        1,        2, 297,  55,   1.5,   0.8,   1.3,  0,  0, 22, 17,  0,  0, 30, 27, 28,  0,  0,  0,  0,  0,  0, 25,  0,  0,  0,  0,  0,  0,  0,  0,  0, 26, 27, 11,  0,  0, 18,  0
6, 11026, 11,KE8EXM,     0.42, 3,   boost,  100.52,  98056.00,  275.74,   20.75,   52.60, 23.0, 4.10, 4.07, 4.09, 114.54,  -7.24,   4.53, -85.22,  -7.63,  53.60,  -0.21,   0.14,   0.25,  12.53, 4.11, 0.00, 0.00, 0.00, 0.21, 1, 1,  9,  39.7297995, -83.7075434,   330.0, 2025, 11, 23, 18, 17, 41,        1,        2, 297,  55,   1.5,   0.8,   1.3,  0,  0, 22, 17,  0,  0, 30, 27, 28,  0,  0,  0,  0,  0,  0, 25,  0,  0,  0,  0,  0,  0,  0,  0,  0, 26, 27, 11,  0,  0, 18,  0
6, 11026, 11,KE8EXM,     0.43, 3,   boost,  102.48,  98056.00,  275.74,   20.75,   53.59, 23.0, 4.10, 4.07, 4.09, 114.29,  -7.80,   3.89, -78.20,  -9.04,  51.95,  -0.21,   0.13,   0.25,  12.96, 4.11, 0.00, 0.00, 0.00, 0.21, 1, 1,  9,  39.7297995, -83.7075434,   330.0, 2025, 11, 23, 18, 17, 41,        1,        2, 297,  55,   1.5,   0.8,   1.3,  0,  0, 22, 17,  0,  0, 30, 27, 28,  0,  0,  0,  0,  0,  0, 25,  0,  0,  0,  0,  0,  0,  0,  0,  0, 26, 27, 11,  0,  0, 18,  0
6, 11026, 11,KE8EXM,     0.44, 3,   boost,  103.95,  98046.00,  276.60,   21.61,   54.58, 23.0, 4.10, 4.07, 4.09, 114.34,  -8.25,   4.48, -69.96, -10.56,  50.00,  -0.21,   0.13,   0.25,  13.37, 4.11, 0.00, 0.00, 0.00, 0.21, 1, 1,  9,  39.7297995, -83.7075434,   330.0, 2025, 11, 23, 18, 17, 41,        1,        2, 297,  55,   1.5,   0.8,   1.3,  0,  0, 22, 17,  0,  0, 30, 27, 28,  0,  0,  0,  0,  0,  0, 25,  0,  0,  0,  0,  0,  0,  0,  0,  0, 26, 27, 11,  0,  0, 18,  0
6, 11026, 11,KE8EXM,     0.45, 3,   boost,  102.97,  98046.00,  276.60,   21.61,   55.57, 23.0, 4.10, 4.07, 4.09, 114.45,  -8.71,   4.59, -60.02, -13.19,  48.10,  -0.21,   0.13,   0.25,  13.75, 4.11, 0.00, 0.00, 0.00, 0.21, 1, 1,  9,  39.7297995, -83.7075434,   330.0, 2025, 11, 23, 18, 17, 41,        1,        2, 297,  55,   1.5,   0.8,   1.3,  0,  0, 22, 17,  0,  0, 30, 27, 28,  0,  0,  0,  0,  0,  0, 25,  0,  0,  0,  0,  0,  0,  0,  0,  0, 26, 27, 11,  0,  0, 18,  0
6, 11026, 11,KE8EXM,     0.46, 3,   boost,  101.50,  98019.00,  278.91,   23.91,   56.57, 23.0, 4.10, 4.07, 4.09, 114.43,  -8.76,   5.26, -51.41, -15.02,  45.78,  -0.21,   0.12,   0.26,  14.12, 4.11, 0.00, 0.00, 0.00, 0.21, 1, 1,  9,  39.7297995, -83.7075434,   330.0, 2025, 11, 23, 18, 17, 41,        1,        2, 297,  55,   1.5,   0.8,   1.3,  0,  0, 22, 17,  0,  0, 30, 27, 28,  0,  0,  0,  0,  0,  0, 25,  0,  0,  0,  0,  0,  0,  0,  0,  0, 26, 27, 11,  0,  0, 18,  0
6, 11026, 11,KE8EXM,     0.47, 3,   boost,  103.46,  98019.00,  278.91,   23.91,   57.56, 23.0, 4.10, 4.07, 4.09, 114.66,  -8.97,   6.15, -42.25, -18.68,  43.28,  -0.21,   0.12,   0.26,  14.44, 4.11, 0.00, 0.00, 0.00, 0.21, 1, 1,  9,  39.7297995, -83.7075434,   330.0, 2025, 11, 23, 18, 17, 41,        1,        2, 297,  55,   1.5,   0.8,   1.3,  0,  0, 22, 17,  0,  0, 30, 27, 28,  0,  0,  0,  0,  0,  0, 25,  0,  0,  0,  0,  0,  0,  0,  0,  0, 26, 27, 11,  0,  0, 18,  0
6, 11026, 11,KE8EXM,     0.48, 3,   boost,  101.01,  98002.00,  280.36,   25.37,   58.55, 23.0, 4.10, 4.07, 4.09, 114.97,  -9.07,   5.83, -36.27, -22.22,  41.33,  -0.21,   0.11,   0.26,  14.75, 4.11, 0.00, 0.00, 0.00, 0.21, 1, 1,  9,  39.7297995, -83.7075434,   330.0, 2025, 11, 23, 18, 17, 41,        1,        2, 297,  55,   1.5,   0.8,   1.3,  0,  0, 22, 17,  0,  0, 30, 27, 28,  0,  0,  0,  0,  0,  0, 25,  0,  0,  0,  0,  0,  0,  0,  0,  0, 26, 27, 11,  0,  0, 18,  0
6, 11026, 11,KE8EXM,     0.49, 3,   boost,  101.99,  98002.00,  280.36,   25.37,   59.53, 23.0, 4.10, 4.07, 4.09, 114.96,  -9.76,   5.17, -32.67, -25.40,  39.19,  -0.21,   0.11,   0.27,  15.02, 4.11, 0.00, 0.00, 0.00, 0.21, 1, 1,  9,  39.7297995, -83.7075434,   330.0, 2025, 11, 23, 18, 17, 41,        1,        2, 297,  55,   1.5,   0.8,   1.3,  0,  0, 22, 17,  0,  0, 30, 27, 28,  0,  0,  0,  0,  0,  0, 25,  0,  0,  0,  0,  0,  0,  0,  0,  0, 26, 27, 11,  0,  0, 18,  0
6, 11026, 11,KE8EXM,     0.50, 3,   boost,  104.44,  97983.00,  281.99,   26.99,   60.52, 23.0, 4.10, 4.07, 4.09, 114.69, -10.01,   5.50, -25.59, -28.39,  36.81,  -0.21,   0.11,   0.27,  15.28, 4.11, 0.00, 0.00, 0.00, 0.21, 1, 1,  9,  39.7297995, -83.7075434,   330.0, 2025, 11, 23, 18, 17, 41,        1,        2, 297,  55,   1.5,   0.8,   1.3,  0,  0, 22, 17,  0,  0, 30, 27, 28,  0,  0,  0,  0,  0,  0, 25,  0,  0,  0,  0,  0,  0,  0,  0,  0, 26, 27, 11,  0,  0, 18,  0
6, 11026, 11,KE8EXM,     0.51, 3,   boost,  101.01,  97983.00,  281.99,   26.99,   61.50, 23.0, 4.10, 4.07, 4.09, 114.72, -10.40,   5.86, -15.22, -31.38,  34.19,  -0.21,   0.10,   0.27,  15.50, 4.11, 0.00, 0.00, 0.00, 0.21, 1, 1,  9,  39.7297995, -83.7075434,   330.0, 2025, 11, 23, 18, 17, 41,        1,        2, 297,  55,   1.5,   0.8,   1.3,  0,  0, 22, 17,  0,  0, 30, 27, 28,  0,  0,  0,  0,  0,  0, 25,  0,  0,  0,  0,  0,  0,  0,  0,  0, 26, 27, 11,  0,  0, 18,  0
6, 11026, 11,KE8EXM,     0.52, 3,   boost,  102.48,  97980.00,  282.24,   27.25,   62.48, 23.0, 4.10, 4.07, 4.09, 115.14, -10.48,   5.88,  -7.10, -35.28,  32.05,  -0.21,   0.10,   0.28,  15.71, 4.11, 0.00, 0.00, 0.00, 0.21, 1, 1,  9,  39.7297995, -83.7075434,   330.0, 2025, 11, 23, 18, 17, 41,        1,        2, 297,  55,   1.5,   0.8,   1.3,  0,  0, 22, 17,  0,  0, 30, 27, 28,  0,  0,  0,  0,  0,  0, 25,  0,  0,  0,  0,  0,  0,  0,  0,  0, 26, 27, 11,  0,  0, 18,  0
6, 11026, 11,KE8EXM,     0.53, 3,   boost,  101.50,  97980.00,  282.24,   27.25,   63.47, 23.0, 4.10, 4.07, 4.09, 115.33, -10.83,   4.70,  -4.41, -38.46,  28.45,  -0.21,   0.10,   0.28,  15.88, 4.11, 0.00, 0.00, 0.00, 0.21, 1, 1,  9,  39.7297995, -83.7075434,   330.0, 2025, 11, 23, 18, 17, 41,        1,        2, 297,  55,   1.5,   0.8,   1.3,  0,  0, 22, 17,  0,  0, 30, 27, 28,  0,  0,  0,  0,  0,  0, 25,  0,  0,  0,  0,  0,  0,  0,  0,  0, 26, 27, 11,  0,  0, 18,  0
6, 11026, 11,KE8EXM,     0.54, 3,   boost,  104.93,  97974.00,  282.76,   27.76,   64.46, 23.0, 4.10, 4.07, 4.09, 115.41, -11.39,   5.35,  -0.38, -42.30,  25.52,  -0.21,   0.10,   0.28,  16.03, 4.11, 0.00, 0.00, 0.00, 0.21, 1, 1,  9,  39.7297995, -83.7075434,   330.0, 2025, 11, 23, 18, 17, 41,        1,        2, 297,  55,   1.5,   0.8,   1.3,  0,  0, 22, 17,  0,  0, 30, 27, 28,  0,  0,  0,  0,  0,  0, 25,  0,  0,  0,  0,  0,  0,  0,  0,  0, 26, 27, 11,  0,  0, 18,  0
6, 11026, 11,KE8EXM,     0.55, 3,   boost,  104.44,  97974.00,  282.76,   27.76,   65.45, 23.0, 4.10, 4.07, 4.09, 115.14, -11.47,   4.90,   1.32, -44.62,  22.41,  -0.20,   0.10,   0.29,  16.15, 4.11, 0.00, 0.00, 0.00, 0.21, 1, 1,  9,  39.7297995, -83.7075434,   330.0, 2025, 11, 23, 18, 17, 41,        1,        2, 297,  55,   1.5,   0.8,   1.3,  0,  0, 22, 17,  0,  0, 30, 27, 28,  0,  0,  0,  0,  0,  0, 25,  0,  0,  0,  0,  0,  0,  0,  0,  0, 26, 27, 11,  0,  0, 18,  0
6, 11026, 11,KE8EXM,     0.56, 3,   boost,  103.46,  97960.00,  283.95,   28.96,   66.44, 23.0, 4.10, 4.07, 4.09, 115.18, -11.83,   3.70,  -6.85, -46.70,  19.17,  -0.20,   0.10,   0.29,  16.25, 4.11, 0.00, 0.00, 0.00, 0.21, 1, 1,  9,  39.7297995, -83.7075434,   330.0, 2025, 11, 23, 18, 17, 41,        1,        2, 297,  55,   1.5,   0.8,   1.3,  0,  0, 22, 17,  0,  0, 30, 27, 28,  0,  0,  0,  0,  0,  0, 25,  0,  0,  0,  0,  0,  0,  0,  0,  0, 26, 27, 11,  0,  0, 18,  0
6, 11026, 11,KE8EXM,     0.57, 3,   boost,  104.44,  97960.00,  283.95,   28.96,   67.43, 23.0, 4.10, 4.07, 4.09, 115.29, -10.60,   2.37, -10.88, -46.88,  16.85,  -0.20,   0.09,   0.30,  16.35, 4.11, 0.00, 0.00, 0.00, 0.21, 1, 1,  9,  39.7297995, -83.7075434,   330.0, 2025, 11, 23, 18, 17, 41,        1,        2, 297,  55,   1.5,   0.8,   1.3,  0,  0, 22, 17,  0,  0, 30, 27, 28,  0,  0,  0,  0,  0,  0, 25,  0,  0,  0,  0,  0,  0,  0,  0,  0, 26, 27, 11,  0,  0, 18,  0
6, 11026, 11,KE8EXM,     0.58, 3,   boost,  101.50,  97948.00,  284.98,   29.99,   68.41, 23.0, 4.10, 4.07, 4.09, 114.32, -10.63,   2.00, -15.89, -48.96,  12.95,  -0.20,   0.09,   0.30,  16.41, 4.11, 0.00, 0.00, 0.00, 0.21, 1, 1,  9,  39.7297995, -83.7075434,   330.0, 2025, 11, 23, 18, 17, 41,        1,        2, 297,  55,   1.5,   0.8,   1.3,  0,  0, 22, 17,  0,  0, 30, 27, 28,  0,  0,  0,  0,  0,  0, 25,  0,  0,  0,  0,  0,  0,  0,  0,  0, 26, 27, 11,  0,  0, 18,  0
6, 11026, 11,KE8EXM,     0.59, 3,   boost,  101.50,  97948.00,  284.98,   29.99,   69.39, 23.0, 4.10, 4.07, 4.09, 114.61, -12.06,   2.39, -29.62, -47.31,  10.32,  -0.20,   0.09,   0.31,  16.47, 4.11, 0.00, 0.00, 0.00, 0.21, 1, 1,  9,  39.7297995, -83.7075434,   330.0, 2025, 11, 23, 18, 17, 41,        1,        2, 297,  55,   1.5,   0.8,   1.3,  0,  0, 22, 17,  0,  0, 30, 27, 28,  0,  0,  0,  0,  0,  0, 25,  0,  0,  0,  0,  0,  0,  0,  0,  0, 26, 27, 11,  0,  0, 18,  0
6, 11026, 11,KE8EXM,     0.60, 3,   boost,  102.48,  97917.00,  287.63,   32.64,   70.36, 23.0, 4.10, 4.07, 4.09, 114.35, -10.28,   0.11, -45.37, -48.96,   7.76,  -0.20,   0.09,   0.31,  16.51, 4.11, 0.00, 0.00, 0.00, 0.21, 1, 1,  9,  39.7297995, -83.7075434,   330.0, 2025, 11, 23, 18, 17, 41,        1,        2, 297,  55,   1.5,   0.8,   1.3,  0,  0, 22, 17,  0,  0, 30, 27, 28,  0,  0,  0,  0,  0,  0, 25,  0,  0,  0,  0,  0,  0,  0,  0,  0, 26, 27, 11,  0,  0, 18,  0
6, 11026, 11,KE8EXM,     0.61, 3,   boost,  100.03,  97917.00,  287.63,   32.64,   71.33, 23.0, 4.10, 4.07, 4.09, 114.57, -10.49,   1.39, -57.51, -47.61,   5.13,  -0.21,   0.09,   0.32,  16.53, 4.11, 0.00, 0.00, 0.00, 0.21, 1, 1,  9,  39.7297995, -83.7075434,   330.0, 2025, 11, 23, 18, 17, 41,        1,        2, 297,  55,   1.5,   0.8,   1.3,  0,  0, 22, 17,  0,  0, 30, 27, 28,  0,  0,  0,  0,  0,  0, 25,  0,  0,  0,  0,  0,  0,  0,  0,  0, 26, 27, 11,  0,  0, 18,  0
6, 11026, 11,KE8EXM,     0.62, 3,   boost,  101.99,  97914.00,  287.89,   32.90,   72.30, 23.0, 4.10, 4.07, 4.09, 113.90, -10.86,  -0.96, -69.72, -48.41,   3.24,  -0.21,   0.09,   0.32,  16.55, 4.11, 0.00, 0.00, 0.00, 0.21, 1, 1,  9,  39.7297995, -83.7075434,   330.0, 2025, 11, 23, 18, 17, 41,        1,        2, 297,  55,   1.5,   0.8,   1.3,  0,  0, 22, 17,  0,  0, 30, 27, 28,  0,  0,  0,  0,  0,  0, 25,  0,  0,  0,  0,  0,  0,  0,  0,  0, 26, 27, 11,  0,  0, 18,  0
6, 11026, 11,KE8EXM,     0.63, 3,   boost,  100.03,  97914.00,  287.89,   32.90,   73.26, 23.0, 4.10, 4.07, 4.09, 114.01, -10.18,  -0.47, -80.04, -46.70,   1.35,  -0.20,   0.09,   0.33,  16.55, 4.11, 0.00, 0.00, 0.00, 0.21, 1, 1,  9,  39.7297995, -83.7075434,   330.0, 2025, 11, 23, 18, 17, 41,        1,        2, 297,  55,   1.5,   0.8,   1.3,  0,  0, 22, 17,  0,  0, 30, 27, 28,  0,  0,  0,  0,  0,  0, 25,  0,  0,  0,  0,  0,  0,  0,  0,  0, 26, 27, 11,  0,  0, 18,  0
6, 11026, 11,KE8EXM,     0.64, 3,   boost,  101.99,  97890.00,  289.94,   34.95,   74.22, 23.0, 4.10, 4.07, 4.09, 113.58, -11.09,  -2.40, -92.61, -46.39,  -0.79,  -0.20,   0.09,   0.33,  16.54, 4.11, 0.00, 0.00, 0.00, 0.21, 1, 1,  9,  39.7297995, -83.7075434,   330.0, 2025, 11, 23, 18, 17, 41,        1,        2, 297,  55,   1.5,   0.8,   1.3,  0,  0, 22, 17,  0,  0, 30, 27, 28,  0,  0,  0,  0,  0,  0, 25,  0,  0,  0,  0,  0,  0,  0,  0,  0, 26, 27, 11,  0,  0, 18,  0
6, 11026, 11,KE8EXM,     0.65, 3,   boost,  100.03,  97890.00,  289.94,   34.95,   75.19, 23.0, 4.10, 4.07, 4.09, 114.09, -11.28,  -1.60,-101.15, -43.65,  -2.62,  -0.20,   0.09,   0.34,  16.51, 4.11, 0.00, 0.00, 0.00, 0.21, 1, 1,  9,  39.7297995, -83.7075434,   330.0, 2025, 11, 23, 18, 17, 41,        1,        2, 297,  55,   1.5,   0.8,   1.3,  0,  0, 22, 17,  0,  0, 30, 27, 28,  0,  0,  0,  0,  0,  0, 25,  0,  0,  0,  0,  0,  0,  0,  0,  0, 26, 27, 11,  0,  0, 18,  0
6, 11026, 11,KE8EXM,     0.66, 3,   boost,  100.52,  97865.00,  292.08,   37.09,   76.15, 23.0, 4.10, 4.07, 4.08, 113.51, -10.81,  -2.90,-106.83, -42.61,  -5.42,  -0.20,   0.09,   0.34,  16.46, 4.08, 0.00, 0.00, 0.01, 0.00, 1, 1,  9,  39.7297995, -83.7075434,   330.0, 2025, 11, 23, 18, 17, 41,        1,        2, 297,  55,   1.5,   0.8,   1.3,  0,  0, 22, 17,  0,  0, 30, 27, 28,  0,  0,  0,  0,  0,  0, 25,  0,  0,  0,  0,  0,  0,  0,  0,  0, 26, 27, 11,  0,  0, 18,  0
6, 11026, 11,KE8EXM,     0.66, 3,   boost,  100.52,  97865.00,  292.08,   37.09,   76.15, 23.0, 4.10, 4.07, 4.08, 113.51, -10.81,  -2.90,-106.83, -42.61,  -5.42,  -0.20,   0.09,   0.34,  16.46, 4.08, 0.00, 0.00, 0.01, 0.00, 1, 1,  9,  39.7297995, -83.7075434,   330.0, 2025, 11, 23, 18, 17, 41,        1,        2, 297,  55,   1.5,   0.8,   1.3,  0,  0, 22, 17,  0,  0, 30, 27, 28,  0,  0,  0,  0,  0,  0, 25,  0,  0,  0,  0,  0,  0,  0,  0,  0, 26, 27, 11,  0,  0, 18,  0
6, 11026, 11,KE8EXM,     0.67, 3,   boost,  101.50,  97865.00,  292.08,   37.09,   77.12, 23.0, 4.10, 4.07, 4.08, 113.15, -11.94,  -3.14,-108.90, -39.92,  -6.83,  -0.20,   0.09,   0.34,  16.40, 4.08, 0.00, 0.00, 0.01, 0.00, 1, 1,  9,  39.7297995, -83.7075434,   330.0, 2025, 11, 23, 18, 17, 41,        1,        2, 297,  55,   1.5,   0.8,   1.3,  0,  0, 22, 17,  0,  0, 30, 27, 28,  0,  0,  0,  0,  0,  0, 25,  0,  0,  0,  0,  0,  0,  0,  0,  0, 26, 27, 11,  0,  0, 18,  0
6, 11026, 11,KE8EXM,     0.68, 3,   boost,  102.48,  97834.00,  294.74,   39.75,   78.08, 23.0, 4.10, 4.07, 4.08, 112.98, -10.62,  -4.71,-110.67, -39.01,  -8.66,  -0.21,   0.08,   0.35,  16.32, 4.08, 0.00, 0.00, 0.01, 0.00, 1, 1,  9,  39.7297995, -83.7075434,   330.0, 2025, 11, 23, 18, 17, 41,        1,        2, 297,  55,   1.5,   0.8,   1.3,  0,  0, 22, 17,  0,  0, 30, 27, 28,  0,  0,  0,  0,  0,  0, 25,  0,  0,  0,  0,  0,  0,  0,  0,  0, 26, 27, 11,  0,  0, 18,  0
6, 11026, 11,KE8EXM,     0.69, 3,   boost,  100.03,  97834.00,  294.74,   39.75,   79.05, 23.0, 4.10, 4.07, 4.08, 113.02, -11.80,  -4.48,-108.60, -35.22, -11.10,  -0.21,   0.08,   0.36,  16.22, 4.08, 0.00, 0.00, 0.01, 0.00, 1, 1,  9,  39.7297995, -83.7075434,   330.0, 2025, 11, 23, 18, 17, 41,        1,        2, 297,  55,   1.5,   0.8,   1.3,  0,  0, 22, 17,  0,  0, 30, 27, 28,  0,  0,  0,  0,  0,  0, 25,  0,  0,  0,  0,  0,  0,  0,  0,  0, 26, 27, 11,  0,  0, 18,  0
6, 11026, 11,KE8EXM,     0.70, 3,   boost,  101.01,  97813.00,  296.54,   41.54,   80.00, 23.0, 4.10, 4.07, 4.08, 112.48, -12.23,  -5.63,-100.42, -32.72, -12.69,  -0.21,   0.08,   0.36,  16.10, 4.08, 0.00, 0.00, 0.01, 0.00, 1, 1,  9,  39.7297995, -83.7075434,   330.0, 2025, 11, 23, 18, 17, 41,        1,        2, 297,  55,   1.5,   0.8,   1.3,  0,  0, 22, 17,  0,  0, 30, 27, 28,  0,  0,  0,  0,  0,  0, 25,  0,  0,  0,  0,  0,  0,  0,  0,  0, 26, 27, 11,  0,  0, 18,  0
6, 11026, 11,KE8EXM,     0.71, 3,   boost,   98.07,  97813.00,  296.54,   41.54,   80.96, 23.0, 4.10, 4.07, 4.08, 112.25, -11.97,  -5.70, -96.51, -28.88, -15.50,  -0.21,   0.08,   0.36,  15.95, 4.08, 0.00, 0.00, 0.01, 0.00, 1, 1,  9,  39.7297995, -83.7075434,   330.0, 2025, 11, 23, 18, 17, 41,        1,        2, 297,  55,   1.5,   0.8,   1.3,  0,  0, 22, 17,  0,  0, 30, 27, 28,  0,  0,  0,  0,  0,  0, 25,  0,  0,  0,  0,  0,  0,  0,  0,  0, 26, 27, 11,  0,  0, 18,  0
6, 11026, 11,KE8EXM,     0.72, 3,   boost,   99.05,  97798.00,  297.82,   42.83,   81.90, 23.0, 4.10, 4.07, 4.08, 111.87, -12.12,  -6.50, -97.74, -25.46, -17.94,  -0.21,   0.08,   0.36,  15.78, 4.08, 0.00, 0.00, 0.01, 0.00, 1, 1,  9,  39.7297995, -83.7075434,   330.0, 2025, 11, 23, 18, 17, 41,        1,        2, 297,  55,   1.5,   0.8,   1.3,  0,  0, 22, 17,  0,  0, 30, 27, 28,  0,  0,  0,  0,  0,  0, 25,  0,  0,  0,  0,  0,  0,  0,  0,  0, 26, 27, 11,  0,  0, 18,  0
6, 11026, 11,KE8EXM,     0.73, 3,   boost,   97.09,  97798.00,  297.82,   42.83,   82.85, 23.0, 4.10, 4.07, 4.08, 111.06, -12.39,  -5.97, -98.10, -20.09, -20.32,  -0.21,   0.08,   0.37,  15.58, 4.08, 0.00, 0.00, 0.01, 0.00, 1, 1,  9,  39.7297995, -83.7075434,   330.0, 2025, 11, 23, 18, 17, 41,        1,        2, 297,  55,   1.5,   0.8,   1.3,  0,  0, 22, 17,  0,  0, 30, 27, 28,  0,  0,  0,  0,  0,  0, 25,  0,  0,  0,  0,  0,  0,  0,  0,  0, 26, 27, 11,  0,  0, 18,  0
6, 11026, 11,KE8EXM,     0.74, 3,   boost,   96.11,  97790.00,  298.51,   43.51,   83.78, 23.0, 4.10, 4.07, 4.08, 110.41, -11.60,  -7.27, -99.38, -18.32, -23.25,  -0.21,   0.08,   0.37,  15.35, 4.08, 0.00, 0.00, 0.01, 0.00, 1, 1,  9,  39.7297995, -83.7075434,   330.0, 2025, 11, 23, 18, 17, 41,        1,        2, 297,  55,   1.5,   0.8,   1.3,  0,  0, 22, 17,  0,  0, 30, 27, 28,  0,  0,  0,  0,  0,  0, 25,  0,  0,  0,  0,  0,  0,  0,  0,  0, 26, 27, 11,  0,  0, 18,  0
6, 11026, 11,KE8EXM,     0.75, 3,   boost,   98.07,  97790.00,  298.51,   43.51,   84.72, 23.0, 4.10, 4.07, 4.08, 109.26, -12.92,  -3.98, -94.13, -13.56, -25.69,  -0.21,   0.08,   0.37,  15.10, 4.08, 0.00, 0.00, 0.01, 0.00, 1, 1,  9,  39.7297995, -83.7075434,   330.0, 2025, 11, 23, 18, 17, 41,        1,        2, 297,  55,   1.5,   0.8,   1.3,  0,  0, 22, 17,  0,  0, 30, 27, 28,  0,  0,  0,  0,  0,  0, 25,  0,  0,  0,  0,  0,  0,  0,  0,  0, 26, 27, 11,  0,  0, 18,  0
6, 11026, 11,KE8EXM,     0.76, 3,   boost,   98.07,  97759.00,  301.16,   46.17,   85.66, 23.0, 4.10, 4.07, 4.08, 108.57, -11.57,  -7.27, -83.39, -11.60, -28.74,  -0.21,   0.09,   0.37,  14.81, 4.08, 0.00, 0.00, 0.01, 0.00, 1, 1,  9,  39.7297995, -83.7075434,   330.0, 2025, 11, 23, 18, 17, 41,        1,        2, 297,  55,   1.5,   0.8,   1.3,  0,  0, 22, 17,  0,  0, 30, 27, 28,  0,  0,  0,  0,  0,  0, 25,  0,  0,  0,  0,  0,  0,  0,  0,  0, 26, 27, 11,  0,  0, 18,  0
6, 11026, 11,KE8EXM,     0.77, 3,   boost,   98.56,  97759.00,  301.16,   46.17,   86.59, 23.0, 4.10, 4.07, 4.08, 108.80, -11.16,  -4.92, -72.77,  -7.09, -32.22,  -0.21,   0.09,   0.37,  14.49, 4.08, 0.00, 0.00, 0.01, 0.00, 1, 1,  9,  39.7297995, -83.7075434,   330.0, 2025, 11, 23, 18, 17, 41,        1,        2, 297,  55,   1.5,   0.8,   1.3,  0,  0, 22, 17,  0,  0, 30, 27, 28,  0,  0,  0,  0,  0,  0, 25,  0,  0,  0,  0,  0,  0,  0,  0,  0, 26, 27, 11,  0,  0, 18,  0
6, 11026, 11,KE8EXM,     0.78, 3,   boost,   94.14,  97750.00,  301.93,   46.94,   87.52, 23.0, 4.10, 4.07, 4.08, 108.96, -10.15,  -7.81, -54.83,  -4.52, -34.29,  -0.21,   0.09,   0.37,  14.14, 4.08, 0.00, 0.00, 0.01, 0.00, 1, 1,  9,  39.7297995, -83.7075434,   330.0, 2025, 11, 23, 18, 17, 41,        1,        2, 297,  55,   1.5,   0.8,   1.3,  0,  0, 22, 17,  0,  0, 30, 27, 28,  0,  0,  0,  0,  0,  0, 25,  0,  0,  0,  0,  0,  0,  0,  0,  0, 26, 27, 11,  0,  0, 18,  0
6, 11026, 11,KE8EXM,     0.79, 3,   boost,   94.14,  97750.00,  301.93,   46.94,   88.44, 23.0, 4.10, 4.07, 4.08, 107.69,  -8.27,  -5.63, -37.19,  -0.01, -36.25,  -0.21,   0.09,   0.37,  13.78, 4.08, 0.00, 0.00, 0.01, 0.00, 1, 1,  9,  39.7297995, -83.7075434,   330.0, 2025, 11, 23, 18, 17, 41,        1,        2, 297,  55,   1.5,   0.8,   1.3,  0,  0, 22, 17,  0,  0, 30, 27, 28,  0,  0,  0,  0,  0,  0, 25,  0,  0,  0,  0,  0,  0,  0,  0,  0, 26, 27, 11,  0,  0, 18,  0
6, 11026, 11,KE8EXM,     0.80, 3,   boost,   92.18,  97736.00,  303.13,   48.14,   89.36, 23.0, 4.10, 4.07, 4.08, 107.29,  -7.86,  -7.08, -26.51,   2.07, -36.37,  -0.21,   0.10,   0.37,  13.42, 4.08, 0.00, 0.00, 0.01, 0.00, 1, 1,  9,  39.7297995, -83.7075434,   330.0, 2025, 11, 23, 18, 17, 41,        1,        2, 297,  55,   1.5,   0.8,   1.3,  0,  0, 22, 17,  0,  0, 30, 27, 28,  0,  0,  0,  0,  0,  0, 25,  0,  0,  0,  0,  0,  0,  0,  0,  0, 26, 27, 11,  0,  0, 18,  0
6, 11026, 11,KE8EXM,     0.81, 3,   boost,   94.14,  97736.00,  303.13,   48.14,   90.28, 23.0, 4.10, 4.07, 4.08, 106.75,  -7.84,  -5.52,  -6.92,   4.88, -37.35,  -0.21,   0.10,   0.37,  13.05, 4.08, 0.00, 0.00, 0.01, 0.00, 1, 1,  9,  39.7297995, -83.7075434,   330.0, 2025, 11, 23, 18, 17, 41,        1,        2, 297,  55,   1.5,   0.8,   1.3,  0,  0, 22, 17,  0,  0, 30, 27, 28,  0,  0,  0,  0,  0,  0, 25,  0,  0,  0,  0,  0,  0,  0,  0,  0, 26, 27, 11,  0,  0, 18,  0
6, 11026, 11,KE8EXM,     0.82, 3,   boost,   97.58,  97734.00,  303.31,   48.31,   91.21, 23.0, 4.10, 4.07, 4.08, 106.47,  -8.90,  -6.20,  13.35,   9.94, -39.54,  -0.21,   0.10,   0.37,  12.66, 4.08, 0.00, 0.00, 0.01, 0.00, 1, 1,  9,  39.7297995, -83.7075434,   330.0, 2025, 11, 23, 18, 17, 41,        1,        2, 297,  55,   1.5,   0.8,   1.3,  0,  0, 22, 17,  0,  0, 30, 27, 28,  0,  0,  0,  0,  0,  0, 25,  0,  0,  0,  0,  0,  0,  0,  0,  0, 26, 27, 11,  0,  0, 18,  0
6, 11026, 11,KE8EXM,     0.83, 3,   boost,   97.09,  97734.00,  303.31,   48.31,   92.14, 23.0, 4.10, 4.07, 4.08, 107.19,  -6.00,  -5.47,  38.43,  12.99, -40.46,  -0.21,   0.11,   0.37,  12.26, 4.08, 0.00, 0.00, 0.01, 0.00, 1, 1,  9,  39.7297995, -83.7075434,   330.0, 2025, 11, 23, 18, 17, 41,        1,        2, 297,  55,   1.5,   0.8,   1.3,  0,  0, 22, 17,  0,  0, 30, 27, 28,  0,  0,  0,  0,  0,  0, 25,  0,  0,  0,  0,  0,  0,  0,  0,  0, 26, 27, 11,  0,  0, 18,  0
6, 11026, 11,KE8EXM,     0.84, 3,   boost,   97.58,  97720.00,  304.51,   49.51,   93.07, 23.0, 4.10, 4.07, 4.08, 106.76,  -5.44,  -6.12,  61.44,  17.33, -41.56,  -0.21,   0.11,   0.36,  11.86, 4.08, 0.00, 0.00, 0.01, 0.00, 1, 1,  9,  39.7297995, -83.7075434,   330.0, 2025, 11, 23, 18, 17, 41,        1,        2, 297,  55,   1.5,   0.8,   1.3,  0,  0, 22, 17,  0,  0, 30, 27, 28,  0,  0,  0,  0,  0,  0, 25,  0,  0,  0,  0,  0,  0,  0,  0,  0, 26, 27, 11,  0,  0, 18,  0
6, 11026, 11,KE8EXM,     0.85, 3,   boost,   95.61,  97720.00,  304.51,   49.51,   93.99, 23.0, 4.10, 4.07, 4.08, 106.29,  -4.91,  -4.07,  84.39,  20.81, -41.50,  -0.22,   0.12,   0.36,  11.46, 4.08, 0.00, 0.00, 0.01, 0.00, 1, 1,  9,  39.7297995, -83.7075434,   330.0, 2025, 11, 23, 18, 17, 41,        1,        2, 297,  55,   1.5,   0.8,   1.3,  0,  0, 22, 17,  0,  0, 30, 27, 28,  0,  0,  0,  0,  0,  0, 25,  0,  0,  0,  0,  0,  0,  0,  0,  0, 26, 27, 11,  0,  0, 18,  0
6, 11026, 11,KE8EXM,     0.86, 3,   boost,   92.67,  97713.00,  305.11,   50.11,   94.90, 23.0, 4.10, 4.07, 4.08, 106.38,  -3.63,  -4.91, 107.53,  25.32, -41.01,  -0.22,   0.12,   0.36,  11.07, 4.08, 0.00, 0.00, 0.01, 0.00, 1, 1,  9,  39.7297995, -83.7075434,   330.0, 2025, 11, 23, 18, 17, 41,        1,        2, 297,  55,   1.5,   0.8,   1.3,  0,  0, 22, 17,  0,  0, 30, 27, 28,  0,  0,  0,  0,  0,  0, 25,  0,  0,  0,  0,  0,  0,  0,  0,  0, 26, 27, 11,  0,  0, 18,  0
6, 11026, 11,KE8EXM,     0.87, 3,   boost,   86.79,  97713.00,  305.11,   50.11,   95.77, 23.0, 4.10, 4.07, 4.08, 105.07,  -2.73,  -2.97, 127.91,  27.34, -39.79,  -0.22,   0.13,   0.35,  10.69, 4.08, 0.00, 0.00, 0.01, 0.00, 1, 1,  9,  39.7297995, -83.7075434,   330.0, 2025, 11, 23, 18, 17, 41,        1,        2, 297,  55,   1.5,   0.8,   1.3,  0,  0, 22, 17,  0,  0, 30, 27, 28,  0,  0,  0,  0,  0,  0, 25,  0,  0,  0,  0,  0,  0,  0,  0,  0, 26, 27, 11,  0,  0, 18,  0
6, 11026, 11,KE8EXM,     0.88, 3,   boost,   84.83,  97696.00,  306.56,   51.57,   96.60, 23.0, 4.10, 4.07, 4.08, 102.35,  -1.68,  -4.22, 148.60,  31.79, -38.26,  -0.22,   0.13,   0.35,  10.34, 4.08, 0.00, 0.00, 0.01, 0.00, 1, 1,  9,  39.7297995, -83.7075434,   330.0, 2025, 11, 23, 18, 17, 41,        1,        2, 297,  55,   1.5,   0.8,   1.3,  0,  0, 22, 17,  0,  0, 30, 27, 28,  0,  0,  0,  0,  0,  0, 25,  0,  0,  0,  0,  0,  0,  0,  0,  0, 26, 27, 11,  0,  0, 18,  0
6, 11026, 11,KE8EXM,     0.89, 3,   boost,   79.43,  97696.00,  306.56,   51.57,   97.39, 23.0, 4.10, 4.07, 4.08,  95.77,  -0.74,  -1.44, 168.13,  33.93, -36.31,  -0.22,   0.13,   0.35,  10.02, 4.08, 0.00, 0.00, 0.01, 0.00, 1, 1,  9,  39.7297995, -83.7075434,   330.0, 2025, 11, 23, 18, 17, 41,        1,        2, 297,  55,   1.5,   0.8,   1.3,  0,  0, 22, 17,  0,  0, 30, 27, 28,  0,  0,  0,  0,  0,  0, 25,  0,  0,  0,  0,  0,  0,  0,  0,  0, 26, 27, 11,  0,  0, 18,  0
6, 11026, 11,KE8EXM,     0.90, 3,   boost,   71.10,  97684.00,  307.59,   52.60,   98.12, 23.0, 4.10, 4.07, 4.08,  88.99,  -0.12,  -2.28, 192.91,  38.20, -31.06,  -0.22,   0.14,   0.33,   9.75, 4.08, 0.00, 0.00, 0.01, 0.00, 1, 1,  9,  39.7297995, -83.7075434,   330.0, 2025, 11, 23, 18, 17, 41,        1,        2, 297,  55,   1.5,   0.8,   1.3,  0,  0, 22, 17,  0,  0, 30, 27, 28,  0,  0,  0,  0,  0,  0, 25,  0,  0,  0,  0,  0,  0,  0,  0,  0, 26, 27, 11,  0,  0, 18,  0
6, 11026, 11,KE8EXM,     0.91, 3,   boost,   65.21,  97684.00,  307.59,   52.60,   98.81, 23.0, 4.10, 4.07, 4.08,  82.53,   0.32,   0.17, 200.42,  38.26, -29.59,  -0.22,   0.15,   0.32,   9.50, 4.08, 0.00, 0.00, 0.01, 0.00, 1, 1,  9,  39.7297995, -83.7075434,   330.0, 2025, 11, 23, 18, 17, 41,        1,        2, 297,  55,   1.5,   0.8,   1.3,  0,  0, 22, 17,  0,  0, 30, 27, 28,  0,  0,  0,  0,  0,  0, 25,  0,  0,  0,  0,  0,  0,  0,  0,  0, 26, 27, 11,  0,  0, 18,  0
6, 11026, 11,KE8EXM,     0.92, 3,   boost,   61.78,  97668.00,  308.96,   53.97,   99.45, 23.0, 4.10, 4.07, 4.08,  76.61,   0.17,  -0.33, 215.50,  41.19, -26.30,  -0.22,   0.15,   0.31,   9.30, 4.08, 0.00, 0.00, 0.01, 0.00, 1, 1,  9,  39.7297995, -83.7075434,   330.0, 2025, 11, 23, 18, 17, 41,        1,        2, 297,  55,   1.5,   0.8,   1.3,  0,  0, 22, 17,  0,  0, 30, 27, 28,  0,  0,  0,  0,  0,  0, 25,  0,  0,  0,  0,  0,  0,  0,  0,  0, 26, 27, 11,  0,  0, 18,  0
6, 11026, 11,KE8EXM,     0.93, 3,   boost,   58.35,  97668.00,  308.96,   53.97,  100.05, 23.0, 4.10, 4.07, 4.08,  72.01,   1.33,   2.05, 229.29,  41.19, -22.51,  -0.22,   0.15,   0.31,   9.13, 4.08, 0.00, 0.00, 0.01, 0.00, 1, 1,  9,  39.7297995, -83.7075434,   330.0, 2025, 11, 23, 18, 17, 41,        1,        2, 297,  55,   1.5,   0.8,   1.3,  0,  0, 22, 17,  0,  0, 30, 27, 28,  0,  0,  0,  0,  0,  0, 25,  0,  0,  0,  0,  0,  0,  0,  0,  0, 26, 27, 11,  0,  0, 18,  0
6, 11026, 11,KE8EXM,     0.94, 3,   boost,   54.92,  97647.00,  310.77,   55.77,  100.61, 23.0, 4.10, 4.07, 4.08,  68.39,   2.05,   1.74, 241.99,  41.93, -18.18,  -0.22,   0.16,   0.29,   9.01, 4.08, 0.00, 0.00, 0.01, 0.00, 1, 1,  9,  39.7297995, -83.7075434,   330.0, 2025, 11, 23, 18, 17, 41,        1,        2, 297,  55,   1.5,   0.8,   1.3,  0,  0, 22, 17,  0,  0, 30, 27, 28,  0,  0,  0,  0,  0,  0, 25,  0,  0,  0,  0,  0,  0,  0,  0,  0, 26, 27, 11,  0,  0, 18,  0
6, 11026, 11,KE8EXM,     0.95, 3,   boost,   51.48,  97647.00,  310.77,   55.77,  101.12, 23.0, 4.10, 4.07, 4.08,  65.68,   2.41,   4.22, 253.34,  40.58, -13.85,  -0.22,   0.16,   0.29,   8.94, 4.08, 0.00, 0.00, 0.01, 0.00, 1, 1,  9,  39.7297995, -83.7075434,   330.0, 2025, 11, 23, 18, 17, 41,        1,        2, 297,  55,   1.5,   0.8,   1.3,  0,  0, 22, 17,  0,  0, 30, 27, 28,  0,  0,  0,  0,  0,  0, 25,  0,  0,  0,  0,  0,  0,  0,  0,  0, 26, 27, 11,  0,  0, 18,  0
6, 11026, 11,KE8EXM,     0.96, 3,   boost,   46.09,  97617.00,  313.34,   58.35,  101.61, 23.0, 4.10, 4.07, 4.08,  62.26,   2.12,   4.10, 265.91,  40.46,  -9.03,  -0.22,   0.16,   0.28,   8.91, 4.08, 0.00, 0.00, 0.01, 0.00, 1, 1,  9,  39.7297995, -83.7075434,   330.0, 2025, 11, 23, 18, 17, 41,        1,        2, 297,  55,   1.5,   0.8,   1.3,  0,  0, 22, 17,  0,  0, 30, 27, 28,  0,  0,  0,  0,  0,  0, 25,  0,  0,  0,  0,  0,  0,  0,  0,  0, 26, 27, 11,  0,  0, 18,  0
6, 11026, 11,KE8EXM,     0.97, 3,   boost,   42.66,  97617.00,  313.34,   58.35,  102.05, 23.0, 4.10, 4.07, 4.08,  58.93,   1.91,   5.67, 278.12,  37.47,  -4.14,  -0.22,   0.16,   0.27,   8.93, 4.08, 0.00, 0.00, 0.01, 0.00, 1, 1,  9,  39.7297995, -83.7075434,   330.0, 2025, 11, 23, 18, 17, 41,        1,        2, 297,  55,   1.5,   0.8,   1.3,  0,  0, 22, 17,  0,  0, 30, 27, 28,  0,  0,  0,  0,  0,  0, 25,  0,  0,  0,  0,  0,  0,  0,  0,  0, 26, 27, 11,  0,  0, 18,  0
6, 11026, 11,KE8EXM,     0.98, 3,   boost,   39.72,  97585.00,  316.08,   61.09,  102.45, 23.0, 4.10, 4.08, 4.09,  55.15,   0.87,   6.52, 288.92,  35.52,   0.62,  -0.22,   0.16,   0.26,   8.98, 4.10, 0.00, 0.00, 0.00, 0.00, 1, 1,  9,  39.7297995, -83.7075434,   330.0, 2025, 11, 23, 18, 17, 41,        1,        2, 297,  55,   1.5,   0.8,   1.3,  0,  0, 22, 17,  0,  0, 30, 27, 28,  0,  0,  0,  0,  0,  0, 25,  0,  0,  0,  0,  0,  0,  0,  0,  0, 26, 27, 11,  0,  0, 18,  0
6, 11026, 11,KE8EXM,     0.98, 3,   boost,   39.72,  97585.00,  316.08,   61.09,  102.45, 23.0, 4.10, 4.08, 4.09,  55.15,   0.87,   6.52, 288.92,  35.52,   0.62,  -0.22,   0.16,   0.26,   8.98, 4.10, 0.00, 0.00, 0.00, 0.00, 1, 1,  9,  39.7297995, -83.7075434,   330.0, 2025, 11, 23, 18, 17, 41,        1,        2, 297,  55,   1.5,   0.8,   1.3,  0,  0, 22, 17,  0,  0, 30, 27, 28,  0,  0,  0,  0,  0,  0, 25,  0,  0,  0,  0,  0,  0,  0,  0,  0, 26, 27, 11,  0,  0, 18,  0
6, 11026, 11,KE8EXM,     0.99, 3,   boost,   34.81,  97585.00,  316.08,   61.09,  102.82, 23.0, 4.10, 4.08, 4.09,  50.99,  -0.27,   7.76, 299.79,  31.85,   4.16,  -0.22,   0.16,   0.25,   9.07, 4.10, 0.00, 0.00, 0.00, 0.00, 1, 1,  9,  39.7297995, -83.7075434,   330.0, 2025, 11, 23, 18, 17, 41,        1,        2, 297,  55,   1.5,   0.8,   1.3,  0,  0, 22, 17,  0,  0, 30, 27, 28,  0,  0,  0,  0,  0,  0, 25,  0,  0,  0,  0,  0,  0,  0,  0,  0, 26, 27, 11,  0,  0, 18,  0
6, 11026, 11,KE8EXM,     1.00, 3,   boost,   32.85,  97561.00,  318.14,   63.15,  103.15, 23.0, 4.10, 4.08, 4.09,  46.70,  -1.00,   8.43, 309.92,  26.79,   6.48,  -0.22,   0.16,   0.25,   9.16, 4.10, 0.00, 0.00, 0.00, 0.00, 1, 1,  9,  39.7297995, -83.7075434,   330.0, 2025, 11, 23, 18, 17, 41,        1,        2, 297,  55,   1.5,   0.8,   1.3,  0,  0, 22, 17,  0,  0, 30, 27, 28,  0,  0,  0,  0,  0,  0, 25,  0,  0,  0,  0,  0,  0,  0,  0,  0, 26, 27, 11,  0,  0, 18,  0
6, 11026, 11,KE8EXM,     1.01, 3,   boost,   27.46,  97561.00,  318.14,   63.15,  103.43, 23.0, 4.10, 4.08, 4.09,  41.79,  -2.06,   8.23, 321.21,  19.34,   9.10,  -0.22,   0.16,   0.23,   9.27, 4.10, 0.00, 0.00, 0.00, 0.00, 1, 1,  9,  39.7297995, -83.7075434,   330.0, 2025, 11, 23, 18, 17, 41,        1,        2, 297,  55,   1.5,   0.8,   1.3,  0,  0, 22, 17,  0,  0, 30, 27, 28,  0,  0,  0,  0,  0,  0, 25,  0,  0,  0,  0,  0,  0,  0,  0,  0, 26, 27, 11,  0,  0, 18,  0
6, 11026, 11,KE8EXM,     1.02, 3,   boost,   22.06,  97534.00,  320.46,   65.47,  103.68, 22.9, 4.10, 4.08, 4.09,  37.17,  -2.44,   9.06, 325.67,  16.23,   9.04,  -0.22,   0.15,   0.22,   9.36, 4.10, 0.00, 0.00, 0.00, 0.00, 1, 1,  9,  39.7297995, -83.7075434,   330.0, 2025, 11, 23, 18, 17, 41,        1,        2, 297,  55,   1.5,   0.8,   1.3,  0,  0, 22, 17,  0,  0, 30, 27, 28,  0,  0,  0,  0,  0,  0, 25,  0,  0,  0,  0,  0,  0,  0,  0,  0, 26, 27, 11,  0,  0, 18,  0
6, 11026, 11,KE8EXM,     1.03, 3,   boost,   18.63,  97534.00,  320.46,   65.47,  103.87, 22.9, 4.10, 4.08, 4.09,  32.26,  -3.20,   7.59, 335.49,  12.45,   8.25,  -0.22,   0.15,   0.21,   9.45, 4.10, 0.00, 0.00, 0.00, 0.00, 1, 1,  9,  39.7297995, -83.7075434,   330.0, 2025, 11, 23, 18, 17, 41,        1,        2, 297,  55,   1.5,   0.8,   1.3,  0,  0, 22, 17,  0,  0, 30, 27, 28,  0,  0,  0,  0,  0,  0, 25,  0,  0,  0,  0,  0,  0,  0,  0,  0, 26, 27, 11,  0,  0, 18,  0
6, 11026, 11,KE8EXM,     1.04, 3,   boost,   11.77,  97506.00,  322.87,   67.87,  104.02, 22.9, 4.10, 4.08, 4.09,  27.35,  -3.44,   9.62, 343.30,   7.01,   8.31,  -0.22,   0.15,   0.21,   9.53, 4.10, 0.00, 0.00, 0.00, 0.00, 1, 1,  9,  39.7297995, -83.7075434,   330.0, 2025, 11, 23, 18, 17, 41,        1,        2, 297,  55,   1.5,   0.8,   1.3,  0,  0, 22, 17,  0,  0, 30, 27, 28,  0,  0,  0,  0,  0,  0, 25,  0,  0,  0,  0,  0,  0,  0,  0,  0, 26, 27, 11,  0,  0, 18,  0
6, 11026, 11,KE8EXM,     1.05, 3,   boost,    7.85,  97506.00,  322.87,   67.87,  104.12, 22.9, 4.10, 4.08, 4.09,  22.75,  -3.64,   8.66, 352.03,   2.31,   7.09,  -0.22,   0.15,   0.21,   9.59, 4.10, 0.00, 0.00, 0.00, 0.00, 1, 1,  9,  39.7297995, -83.7075434,   330.0, 2025, 11, 23, 18, 17, 41,        1,        2, 297,  55,   1.5,   0.8,   1.3,  0,  0, 22, 17,  0,  0, 30, 27, 28,  0,  0,  0,  0,  0,  0, 25,  0,  0,  0,  0,  0,  0,  0,  0,  0, 26, 27, 11,  0,  0, 18,  0
6, 11026, 11,KE8EXM,     1.06, 3,   boost,    3.92,  97475.00,  325.53,   70.54,  104.18, 22.9, 4.10, 4.08, 4.09,  18.34,  -5.49,   7.58, 361.37,  -1.90,   4.65,  -0.22,   0.14,   0.19,   9.64, 4.10, 0.00, 0.00, 0.00, 0.00, 1, 1,  9,  39.7297995, -83.7075434,   330.0, 2025, 11, 23, 18, 17, 41,        1,        2, 297,  55,   1.5,   0.8,   1.3,  0,  0, 22, 17,  0,  0, 30, 27, 28,  0,  0,  0,  0,  0,  0, 25,  0,  0,  0,  0,  0,  0,  0,  0,  0, 26, 27, 11,  0,  0, 18,  0
6, 11026, 11,KE8EXM,     1.07, 3,   boost,   -2.45,  97475.00,  325.53,   70.54,  104.19, 22.9, 4.10, 4.08, 4.09,  14.47,  -6.44,   7.03, 371.26,  -6.54,   1.72,  -0.22,   0.13,   0.19,   9.68, 4.10, 0.00, 0.00, 0.00, 0.00, 1, 1,  9,  39.7297995, -83.7075434,   330.0, 2025, 11, 23, 18, 17, 41,        1,        2, 297,  55,   1.5,   0.8,   1.3,  0,  0, 22, 17,  0,  0, 30, 27, 28,  0,  0,  0,  0,  0,  0, 25,  0,  0,  0,  0,  0,  0,  0,  0,  0, 26, 27, 11,  0,  0, 18,  0
6, 11026, 11,KE8EXM,     1.08, 3,   boost,   -5.39,  97446.00,  328.02,   73.03,  104.17, 22.9, 4.10, 4.08, 4.09,  10.61,  -7.20,   6.22, 381.27,  -9.65,  -2.07,  -0.22,   0.13,   0.18,   9.68, 4.10, 0.00, 0.00, 0.00, 0.00, 1, 1,  9,  39.7297995, -83.7075434,   330.0, 2025, 11, 23, 18, 17, 41,        1,        2, 297,  55,   1.5,   0.8,   1.3,  0,  0, 22, 17,  0,  0, 30, 27, 28,  0,  0,  0,  0,  0,  0, 25,  0,  0,  0,  0,  0,  0,  0,  0,  0, 26, 27, 11,  0,  0, 18,  0
6, 11026, 11,KE8EXM,     1.09, 3,   boost,   -8.34,  97446.00,  328.02,   73.03,  104.11, 22.9, 4.10, 4.08, 4.09,   7.02,  -7.63,   5.26, 391.58, -11.54,  -6.22,  -0.22,   0.12,   0.18,   9.67, 4.10, 0.00, 0.00, 0.00, 0.00, 1, 1,  9,  39.7297995, -83.7075434,   330.0, 2025, 11, 23, 18, 17, 41,        1,        2, 297,  55,   1.5,   0.8,   1.3,  0,  0, 22, 17,  0,  0, 30, 27, 28,  0,  0,  0,  0,  0,  0, 25,  0,  0,  0,  0,  0,  0,  0,  0,  0, 26, 27, 11,  0,  0, 18,  0
6, 11026, 11,KE8EXM,     1.10, 3,   boost,  -10.30,  97415.00,  330.68,   75.69,  104.02, 22.9, 4.10, 4.08, 4.09,   4.13,  -8.37,   4.46, 401.90, -12.46, -11.22,  -0.22,   0.12,   0.17,   9.62, 4.10, 0.00, 0.00, 0.00, 0.00, 1, 1,  9,  39.7297995, -83.7075434,   330.0, 2025, 11, 23, 18, 17, 41,        1,        2, 297,  55,   1.5,   0.8,   1.3,  0,  0, 22, 17,  0,  0, 30, 27, 28,  0,  0,  0,  0,  0,  0, 25,  0,  0,  0,  0,  0,  0,  0,  0,  0, 26, 27, 11,  0,  0, 18,  0
6, 11026, 11,KE8EXM,     1.11, 3,   boost,  -12.75,  97415.00,  330.68,   75.69,  103.92, 22.9, 4.10, 4.08, 4.09,   1.09,  -8.52,   3.56, 412.52, -13.01, -16.59,  -0.22,   0.12,   0.17,   9.55, 4.10, 0.00, 0.00, 0.00, 0.00, 1, 1,  9,  39.7297995, -83.7075434,   330.0, 2025, 11, 23, 18, 17, 41,        1,        2, 297,  55,   1.5,   0.8,   1.3,  0,  0, 22, 17,  0,  0, 30, 27, 28,  0,  0,  0,  0,  0,  0, 25,  0,  0,  0,  0,  0,  0,  0,  0,  0, 26, 27, 11,  0,  0, 18,  0
6, 11026, 11,KE8EXM,     1.12, 3,   boost,  -12.26,  97408.00,  331.29,   76.29,  103.80, 22.9, 4.10, 4.08, 4.09,  -0.93,  -6.39,   2.72, 422.53, -11.72, -22.21,  -0.22,   0.11,   0.16,   9.45, 4.10, 0.00, 0.00, 0.00, 0.00, 1, 1,  9,  39.7297995, -83.7075434,   330.0, 2025, 11, 23, 18, 17, 41,        1,        2, 297,  55,   1.5,   0.8,   1.3,  0,  0, 22, 17,  0,  0, 30, 27, 28,  0,  0,  0,  0,  0,  0, 25,  0,  0,  0,  0,  0,  0,  0,  0,  0, 26, 27, 11,  0,  0, 18,  0
6, 11026, 11,KE8EXM,     1.13, 3,   boost,  -12.75,  97408.00,  331.29,   76.29,  103.68, 22.9, 4.10, 4.08, 4.09,  -2.18,  -4.85,   3.23, 429.00, -10.93, -25.99,  -0.22,   0.11,   0.16,   9.33, 4.10, 0.00, 0.00, 0.00, 0.00, 1, 1,  9,  39.7297995, -83.7075434,   330.0, 2025, 11, 23, 18, 17, 41,        1,        2, 297,  55,   1.5,   0.8,   1.3,  0,  0, 22, 17,  0,  0, 30, 27, 28,  0,  0,  0,  0,  0,  0, 25,  0,  0,  0,  0,  0,  0,  0,  0,  0, 26, 27, 11,  0,  0, 18,  0
6, 11026, 11,KE8EXM,     1.14, 3,   boost,  -14.22,  97401.00,  331.89,   76.89,  103.54, 22.9, 4.10, 4.08, 4.09,  -3.55,  -5.06,   2.90, 437.66,  -9.16, -30.33,  -0.22,   0.10,   0.15,   9.20, 4.10, 0.00, 0.00, 0.00, 0.00, 1, 1,  9,  39.7297995, -83.7075434,   330.0, 2025, 11, 23, 18, 17, 41,        1,        2, 297,  55,   1.5,   0.8,   1.3,  0,  0, 22, 17,  0,  0, 30, 27, 28,  0,  0,  0,  0,  0,  0, 25,  0,  0,  0,  0,  0,  0,  0,  0,  0, 26, 27, 11,  0,  0, 18,  0
6, 11026, 11,KE8EXM,     1.15, 3,   boost,  -16.18,  97401.00,  331.89,   76.89,  103.40, 22.9, 4.10, 4.08, 4.09,  -5.25,  -3.48,   2.72, 446.09,  -7.45, -31.98,  -0.22,   0.09,   0.15,   9.07, 4.10, 0.00, 0.00, 0.00, 0.00, 1, 1,  9,  39.7297995, -83.7075434,   330.0, 2025, 11, 23, 18, 17, 41,        1,        2, 297,  55,   1.5,   0.8,   1.3,  0,  0, 22, 17,  0,  0, 30, 27, 28,  0,  0,  0,  0,  0,  0, 25,  0,  0,  0,  0,  0,  0,  0,  0,  0, 26, 27, 11,  0,  0, 18,  0
6, 11026, 11,KE8EXM,     1.16, 3,   boost,  -15.20,  97369.00,  334.64,   79.64,  103.25, 22.9, 4.10, 4.08, 4.09,  -4.87,  -2.64,   1.84, 453.11,  -3.91, -34.11,  -0.22,   0.08,   0.14,   8.94, 4.10, 0.00, 0.00, 0.00, 0.00, 1, 1,  9,  39.7297995, -83.7075434,   330.0, 2025, 11, 23, 18, 17, 41,        1,        2, 297,  55,   1.5,   0.8,   1.3,  0,  0, 22, 17,  0,  0, 30, 27, 28,  0,  0,  0,  0,  0,  0, 25,  0,  0,  0,  0,  0,  0,  0,  0,  0, 26, 27, 11,  0,  0, 18,  0
6, 11026, 11,KE8EXM,     1.16, 3,   boost,  -15.20,  97369.00,  334.64,   79.64,  103.25, 22.9, 4.10, 4.08, 4.09,  -4.87,  -2.64,   1.84, 453.11,  -3.91, -34.11,  -0.22,   0.08,   0.14,   8.94, 4.10, 0.00, 0.00, 0.00, 0.00, 1, 1,  9,  39.7297995, -83.7075434,   330.0, 2025, 11, 23, 18, 17, 41,        1,        2, 297,  55,   1.5,   0.8,   1.3,  0,  0, 22, 17,  0,  0, 30, 27, 28,  0,  0,  0,  0,  0,  0, 25,  0,  0,  0,  0,  0,  0,  0,  0,  0, 26, 27, 11,  0,  0, 18,  0
6, 11026, 11,KE8EXM,     1.16, 3,   boost,  -15.20,  97369.00,  334.64,   79.64,  103.25, 22.9, 4.10, 4.08, 4.09,  -4.87,  -2.64,   1.84, 453.11,  -3.91, -34.11,  -0.22,   0.08,   0.14,   8.94, 4.10, 0.00, 0.00, 0.00, 0.00, 1, 1,  9,  39.7297995, -83.7075434,   330.0, 2025, 11, 23, 18, 17, 41,        1,        2, 297,  55,   1.5,   0.8,   1.3,  0,  0, 22, 17,  0,  0, 30, 27, 28,  0,  0,  0,  0,  0,  0, 25,  0,  0,  0,  0,  0,  0,  0,  0,  0, 26, 27, 11,  0,  0, 18,  0
6, 11026, 11,KE8EXM,     1.17, 3,   boost,  -13.73,  97369.00,  334.64,   79.64,  103.10, 22.9, 4.10, 4.08, 4.09,  -4.85,  -2.82,   1.65, 459.94,  -1.29, -35.03,  -0.22,   0.08,   0.14,   8.83, 4.10, 0.00, 0.00, 0.00, 0.00, 1, 1,  9,  39.7298949, -83.7074315,   320.0, 2025, 11, 23, 18, 17, 42,       14,       16,  36, -30,   1.5,   0.8,   1.3,  0,  0, 23, 14,  0,  0, 21, 26, 22,  0,  0,  0,  0,  0,  0, 21,  0,  0,  0,  0,  0,  0,  0,  0,  0, 21, 10, 28,  0,  0, 15,  0
6, 11026, 11,KE8EXM,     1.18, 3,   boost,  -15.69,  97358.00,  335.58,   80.59,  102.96, 22.9, 4.10, 4.08, 4.09,  -4.91,  -1.75,   2.40, 466.53,   1.46, -35.33,  -0.22,   0.07,   0.14,   8.72, 4.10, 0.00, 0.00, 0.00, 0.00, 1, 1,  9,  39.7298949, -83.7074315,   320.0, 2025, 11, 23, 18, 17, 42,       14,       16,  36, -30,   1.5,   0.8,   1.3,  0,  0, 23, 14,  0,  0, 21, 26, 22,  0,  0,  0,  0,  0,  0, 21,  0,  0,  0,  0,  0,  0,  0,  0,  0, 21, 10, 28,  0,  0, 15,  0
6, 11026, 11,KE8EXM,     1.19, 3,   boost,  -15.20,  97358.00,  335.58,   80.59,  102.81, 22.9, 4.10, 4.08, 4.09,  -5.09,  -1.24,   1.85, 472.52,   4.51, -36.13,  -0.22,   0.06,   0.13,   8.62, 4.10, 0.00, 0.00, 0.00, 0.00, 1, 1,  9,  39.7298949, -83.7074315,   320.0, 2025, 11, 23, 18, 17, 42,       14,       16,  36, -30,   1.5,   0.8,   1.3,  0,  0, 23, 14,  0,  0, 21, 26, 22,  0,  0,  0,  0,  0,  0, 21,  0,  0,  0,  0,  0,  0,  0,  0,  0, 21, 10, 28,  0,  0, 15,  0
6, 11026, 11,KE8EXM,     1.20, 3,   boost,  -13.24,  97346.00,  336.62,   81.62,  102.67, 22.9, 4.10, 4.08, 4.09,  -4.87,  -0.88,   2.46, 476.00,   7.07, -36.13,  -0.22,   0.05,   0.13,   8.54, 4.10, 0.00, 0.00, 0.00, 0.00, 1, 1,  9,  39.7298949, -83.7074315,   320.0, 2025, 11, 23, 18, 17, 42,       14,       16,  36, -30,   1.5,   0.8,   1.3,  0,  0, 23, 14,  0,  0, 21, 26, 22,  0,  0,  0,  0,  0,  0, 21,  0,  0,  0,  0,  0,  0,  0,  0,  0, 21, 10, 28,  0,  0, 15,  0
6, 11026, 11,KE8EXM,     1.21, 3,   boost,  -14.22,  97346.00,  336.62,   81.62,  102.52, 22.9, 4.10, 4.08, 4.09,  -4.94,   1.30,   2.49, 481.31,  10.43, -34.78,  -0.22,   0.05,   0.13,   8.47, 4.10, 0.00, 0.00, 0.00, 0.00, 1, 1,  9,  39.7298949, -83.7074315,   320.0, 2025, 11, 23, 18, 17, 42,       14,       16,  36, -30,   1.5,   0.8,   1.3,  0,  0, 23, 14,  0,  0, 21, 26, 22,  0,  0,  0,  0,  0,  0, 21,  0,  0,  0,  0,  0,  0,  0,  0,  0, 21, 10, 28,  0,  0, 15,  0
6, 11026, 11,KE8EXM,     1.22, 4,    fast,  -15.20,  97337.00,  337.39,   82.40,  102.37, 22.9, 4.10, 4.08, 4.09,  -5.09,   1.98,   2.70, 484.60,  12.14, -32.65,  -0.23,   0.04,   0.13,   8.43, 4.10, 0.00, 0.00, 0.00, 0.00, 1, 1,  9,  39.7298949, -83.7074315,   320.0, 2025, 11, 23, 18, 17, 42,       14,       16,  36, -30,   1.5,   0.8,   1.3,  0,  0, 23, 14,  0,  0, 21, 26, 22,  0,  0,  0,  0,  0,  0, 21,  0,  0,  0,  0,  0,  0,  0,  0,  0, 21, 10, 28,  0,  0, 15,  0
6, 11026, 11,KE8EXM,     1.22, 4,    fast,  -15.20,  97337.00,  337.39,   82.40,  102.37, 22.9, 4.10, 4.08, 4.09,  -5.09,   1.98,   2.70, 484.60,  12.14, -32.65,  -0.23,   0.04,   0.13,   8.43, 4.10, 0.00, 0.00, 0.00, 0.00, 1, 1,  9,  39.7298949, -83.7074315,   320.0, 2025, 11, 23, 18, 17, 42,       14,       16,  36, -30,   1.5,   0.8,   1.3,  0,  0, 23, 14,  0,  0, 21, 26, 22,  0,  0,  0,  0,  0,  0, 21,  0,  0,  0,  0,  0,  0,  0,  0,  0, 21, 10, 28,  0,  0, 15,  0
6, 11026, 11,KE8EXM,     1.23, 4,    fast,  -15.20,  97337.00,  337.39,   82.40,  102.22, 22.9, 4.10, 4.08, 4.09,  -5.06,   2.23,   3.15, 489.73,  14.76, -29.72,  -0.22,   0.02,   0.12,   8.39, 4.10, 0.00, 0.00, 0.00, 0.00, 1, 1,  9,  39.7298949, -83.7074315,   320.0, 2025, 11, 23, 18, 17, 42,       14,       16,  36, -30,   1.5,   0.8,   1.3,  0,  0, 23, 14,  0,  0, 21, 26, 22,  0,  0,  0,  0,  0,  0, 21,  0,  0,  0,  0,  0,  0,  0,  0,  0, 21, 10, 28,  0,  0, 15,  0
6, 11026, 11,KE8EXM,     1.24, 4,    fast,  -15.20,  97316.00,  339.19,   84.20,  102.07, 22.9, 4.10, 4.08, 4.09,  -5.12,   2.28,   4.31, 492.29,  16.60, -26.67,  -0.22,   0.02,   0.12,   8.36, 4.10, 0.00, 0.00, 0.00, 0.00, 1, 1,  9,  39.7298949, -83.7074315,   320.0, 2025, 11, 23, 18, 17, 42,       14,       16,  36, -30,   1.5,   0.8,   1.3,  0,  0, 23, 14,  0,  0, 21, 26, 22,  0,  0,  0,  0,  0,  0, 21,  0,  0,  0,  0,  0,  0,  0,  0,  0, 21, 10, 28,  0,  0, 15,  0
6, 11026, 11,KE8EXM,     1.25, 4,    fast,  -15.69,  97316.00,  339.19,   84.20,  101.92, 22.9, 4.10, 4.08, 4.09,  -5.11,   2.03,   4.77, 494.73,  16.41, -23.49,  -0.22,   0.00,   0.13,   8.36, 4.10, 0.00, 0.00, 0.00, 0.00, 1, 1,  9,  39.7298949, -83.7074315,   320.0, 2025, 11, 23, 18, 17, 42,       14,       16,  36, -30,   1.5,   0.8,   1.3,  0,  0, 23, 14,  0,  0, 21, 26, 22,  0,  0,  0,  0,  0,  0, 21,  0,  0,  0,  0,  0,  0,  0,  0,  0, 21, 10, 28,  0,  0, 15,  0
6, 11026, 11,KE8EXM,     1.26, 4,    fast,  -16.18,  97290.00,  341.43,   86.44,  101.76, 22.9, 4.10, 4.08, 4.09,  -5.19,   2.46,   4.86, 497.97,  17.39, -19.89,  -0.22,  -0.01,   0.13,   8.36, 4.10, 0.00, 0.00, 0.00, 0.00, 1, 1,  9,  39.7298949, -83.7074315,   320.0, 2025, 11, 23, 18, 17, 42,       14,       16,  36, -30,   1.5,   0.8,   1.3,  0,  0, 23, 14,  0,  0, 21, 26, 22,  0,  0,  0,  0,  0,  0, 21,  0,  0,  0,  0,  0,  0,  0,  0,  0, 21, 10, 28,  0,  0, 15,  0
6, 11026, 11,KE8EXM,     1.27, 4,    fast,  -16.67,  97290.00,  341.43,   86.44,  101.61, 22.9, 4.10, 4.08, 4.09,  -5.32,   2.59,   6.38, 500.90,  16.90, -16.72,  -0.22,  -0.02,   0.13,   8.37, 4.10, 0.00, 0.00, 0.00, 0.00, 1, 1,  9,  39.7298949, -83.7074315,   320.0, 2025, 11, 23, 18, 17, 42,       14,       16,  36, -30,   1.5,   0.8,   1.3,  0,  0, 23, 14,  0,  0, 21, 26, 22,  0,  0,  0,  0,  0,  0, 21,  0,  0,  0,  0,  0,  0,  0,  0,  0, 21, 10, 28,  0,  0, 15,  0
6, 11026, 11,KE8EXM,     1.28, 4,    fast,  -14.22,  97272.00,  342.98,   87.99,  101.45, 22.9, 4.10, 4.08, 4.09,  -5.27,   1.44,   7.06, 506.45,  15.50, -13.54,  -0.23,  -0.03,   0.13,   8.39, 4.10, 0.00, 0.00, 0.00, 0.00, 1, 1,  9,  39.7298949, -83.7074315,   320.0, 2025, 11, 23, 18, 17, 42,       14,       16,  36, -30,   1.5,   0.8,   1.3,  0,  0, 23, 14,  0,  0, 21, 26, 22,  0,  0,  0,  0,  0,  0, 21,  0,  0,  0,  0,  0,  0,  0,  0,  0, 21, 10, 28,  0,  0, 15,  0
6, 11026, 11,KE8EXM,     1.29, 4,    fast,  -15.69,  97272.00,  342.98,   87.99,  101.30, 22.9, 4.10, 4.08, 4.09,  -5.27,   1.40,   6.76, 509.32,  13.48, -10.49,  -0.23,  -0.04,   0.14,   8.41, 4.10, 0.00, 0.00, 0.00, 0.00, 1, 1,  9,  39.7298949, -83.7074315,   320.0, 2025, 11, 23, 18, 17, 42,       14,       16,  36, -30,   1.5,   0.8,   1.3,  0,  0, 23, 14,  0,  0, 21, 26, 22,  0,  0,  0,  0,  0,  0, 21,  0,  0,  0,  0,  0,  0,  0,  0,  0, 21, 10, 28,  0,  0, 15,  0
6, 11026, 11,KE8EXM,     1.30, 4,    fast,  -15.20,  97247.00,  345.13,   90.14,  101.14, 22.9, 4.09, 4.09, 4.09,  -5.27,   0.92,   6.57, 513.41,  11.77,  -8.42,  -0.23,  -0.06,   0.15,   8.44, 4.11, 0.00, 0.00, 0.00, 0.00, 1, 1,  9,  39.7298949, -83.7074315,   320.0, 2025, 11, 23, 18, 17, 42,       14,       16,  36, -30,   1.5,   0.8,   1.3,  0,  0, 23, 14,  0,  0, 21, 26, 22,  0,  0,  0,  0,  0,  0, 21,  0,  0,  0,  0,  0,  0,  0,  0,  0, 21, 10, 28,  0,  0, 15,  0
6, 11026, 11,KE8EXM,     1.30, 4,    fast,  -15.20,  97247.00,  345.13,   90.14,  101.14, 22.9, 4.09, 4.09, 4.09,  -5.27,   0.92,   6.57, 513.41,  11.77,  -8.42,  -0.23,  -0.06,   0.15,   8.44, 4.11, 0.00, 0.00, 0.00, 0.00, 1, 1,  9,  39.7298949, -83.7074315,   320.0, 2025, 11, 23, 18, 17, 42,       14,       16,  36, -30,   1.5,   0.8,   1.3,  0,  0, 23, 14,  0,  0, 21, 26, 22,  0,  0,  0,  0,  0,  0, 21,  0,  0,  0,  0,  0,  0,  0,  0,  0, 21, 10, 28,  0,  0, 15,  0
6, 11026, 11,KE8EXM,     1.31, 4,    fast,  -14.71,  97247.00,  345.13,   90.14,  100.99, 22.9, 4.09, 4.09, 4.09,  -5.32,   0.08,   7.46, 516.83,   9.27,  -6.89,  -0.23,  -0.06,   0.15,   8.48, 4.11, 0.00, 0.00, 0.00, 0.00, 1, 1,  9,  39.7298949, -83.7074315,   320.0, 2025, 11, 23, 18, 17, 42,       14,       16,  36, -30,   1.5,   0.8,   1.3,  0,  0, 23, 14,  0,  0, 21, 26, 22,  0,  0,  0,  0,  0,  0, 21,  0,  0,  0,  0,  0,  0,  0,  0,  0, 21, 10, 28,  0,  0, 15,  0
6, 11026, 11,KE8EXM,     1.32, 4,    fast,  -16.18,  97221.00,  347.37,   92.38,  100.84, 22.9, 4.09, 4.09, 4.09,  -5.34,  -0.47,   7.23, 519.82,   6.95,  -5.00,  -0.23,  -0.08,   0.16,   8.51, 4.11, 0.00, 0.00, 0.00, 0.00, 1, 1,  9,  39.7298949, -83.7074315,   320.0, 2025, 11, 23, 18, 17, 42,       14,       16,  36, -30,   1.5,   0.8,   1.3,  0,  0, 23, 14,  0,  0, 21, 26, 22,  0,  0,  0,  0,  0,  0, 21,  0,  0,  0,  0,  0,  0,  0,  0,  0, 21, 10, 28,  0,  0, 15,  0
6, 11026, 11,KE8EXM,     1.33, 5,   coast,  -14.22,  97221.00,  347.37,   92.38,  100.69, 22.9, 4.09, 4.09, 4.09,  -5.22,  -1.00,   7.14, 521.47,   4.27,  -5.49,  -0.23,  -0.08,   0.16,   8.56, 4.11, 0.00, 0.00, 0.00, 0.00, 1, 1,  9,  39.7298949, -83.7074315,   320.0, 2025, 11, 23, 18, 17, 42,       14,       16,  36, -30,   1.5,   0.8,   1.3,  0,  0, 23, 14,  0,  0, 21, 26, 22,  0,  0,  0,  0,  0,  0, 21,  0,  0,  0,  0,  0,  0,  0,  0,  0, 21, 10, 28,  0,  0, 15,  0
6, 11026, 11,KE8EXM,     1.33, 5,   coast,  -14.22,  97221.00,  347.37,   92.38,  100.69, 22.9, 4.09, 4.09, 4.09,  -5.22,  -1.00,   7.14, 521.47,   4.27,  -5.49,  -0.23,  -0.08,   0.16,   8.56, 4.11, 0.00, 0.00, 0.00, 0.00, 1, 1,  9,  39.7298949, -83.7074315,   320.0, 2025, 11, 23, 18, 17, 42,       14,       16,  36, -30,   1.5,   0.8,   1.3,  0,  0, 23, 14,  0,  0, 21, 26, 22,  0,  0,  0,  0,  0,  0, 21,  0,  0,  0,  0,  0,  0,  0,  0,  0, 21, 10, 28,  0,  0, 15,  0
6, 11026, 11,KE8EXM,     1.34, 5,   coast,  -14.22,  97195.00,  349.61,   94.61,  100.54, 22.9, 4.09, 4.09, 4.09,  -5.19,  -2.30,   6.58, 522.87,   2.01,  -5.73,  -0.23,  -0.09,   0.18,   8.62, 4.11, 0.00, 0.00, 0.00, 0.00, 1, 1,  9,  39.7298949, -83.7074315,   320.0, 2025, 11, 23, 18, 17, 42,       14,       16,  36, -30,   1.5,   0.8,   1.3,  0,  0, 23, 14,  0,  0, 21, 26, 22,  0,  0,  0,  0,  0,  0, 21,  0,  0,  0,  0,  0,  0,  0,  0,  0, 21, 10, 28,  0,  0, 15,  0
6, 11026, 11,KE8EXM,     1.35, 5,   coast,  -17.16,  97195.00,  349.61,   94.61,  100.39, 22.9, 4.09, 4.09, 4.09,  -5.04,  -3.44,   6.39, 525.13,  -0.49,  -6.71,  -0.23,  -0.10,   0.20,   8.69, 4.11, 0.00, 0.00, 0.00, 0.00, 1, 1,  9,  39.7298949, -83.7074315,   320.0, 2025, 11, 23, 18, 17, 42,       14,       16,  36, -30,   1.5,   0.8,   1.3,  0,  0, 23, 14,  0,  0, 21, 26, 22,  0,  0,  0,  0,  0,  0, 21,  0,  0,  0,  0,  0,  0,  0,  0,  0, 21, 10, 28,  0,  0, 15,  0
6, 11026, 11,KE8EXM,     1.36, 5,   coast,  -14.22,  97174.00,  351.42,   96.42,  100.24, 22.9, 4.09, 4.09, 4.09,  -5.04,  -3.89,   4.96, 528.79,  -2.14,  -8.72,  -0.23,  -0.11,   0.21,   8.77, 4.11, 0.00, 0.00, 0.00, 0.00, 1, 1,  9,  39.7298949, -83.7074315,   320.0, 2025, 11, 23, 18, 17, 42,       14,       16,  36, -30,   1.5,   0.8,   1.3,  0,  0, 23, 14,  0,  0, 21, 26, 22,  0,  0,  0,  0,  0,  0, 21,  0,  0,  0,  0,  0,  0,  0,  0,  0, 21, 10, 28,  0,  0, 15,  0
6, 11026, 11,KE8EXM,     1.37, 5,   coast,  -15.69,  97174.00,  351.42,   96.42,  100.09, 22.9, 4.09, 4.09, 4.09,  -4.87,  -3.79,   3.83, 533.86,  -3.30, -10.86,  -0.23,  -0.11,   0.22,   8.87, 4.11, 0.00, 0.00, 0.00, 0.00, 1, 1,  9,  39.7298949, -83.7074315,   320.0, 2025, 11, 23, 18, 17, 42,       14,       16,  36, -30,   1.5,   0.8,   1.3,  0,  0, 23, 14,  0,  0, 21, 26, 22,  0,  0,  0,  0,  0,  0, 21,  0,  0,  0,  0,  0,  0,  0,  0,  0, 21, 10, 28,  0,  0, 15,  0
6, 11026, 11,KE8EXM,     1.38, 5,   coast,  -12.26,  97151.00,  353.40,   98.40,   99.94, 22.9, 4.09, 4.09, 4.09,  -4.81,  -3.32,   3.68, 537.58,  -3.06, -13.18,  -0.23,  -0.11,   0.23,   8.98, 4.11, 0.00, 0.00, 0.00, 0.00, 1, 1,  9,  39.7298949, -83.7074315,   320.0, 2025, 11, 23, 18, 17, 42,       14,       16,  36, -30,   1.5,   0.8,   1.3,  0,  0, 23, 14,  0,  0, 21, 26, 22,  0,  0,  0,  0,  0,  0, 21,  0,  0,  0,  0,  0,  0,  0,  0,  0, 21, 10, 28,  0,  0, 15,  0
6, 11026, 11,KE8EXM,     1.39, 5,   coast,  -16.67,  97151.00,  353.40,   98.40,   99.79, 22.9, 4.09, 4.09, 4.09,  -4.78,  -3.28,   3.67, 539.59,  -2.45, -15.62,  -0.23,  -0.11,   0.25,   9.11, 4.11, 0.00, 0.00, 0.00, 0.00, 1, 1,  9,  39.7298949, -83.7074315,   320.0, 2025, 11, 23, 18, 17, 42,       14,       16,  36, -30,   1.5,   0.8,   1.3,  0,  0, 23, 14,  0,  0, 21, 26, 22,  0,  0,  0,  0,  0,  0, 21,  0,  0,  0,  0,  0,  0,  0,  0,  0, 21, 10, 28,  0,  0, 15,  0
6, 11026, 11,KE8EXM,     1.40, 5,   coast,  -15.69,  97124.00,  355.72,  100.73,   99.64, 22.9, 4.09, 4.09, 4.09,  -4.81,  -3.23,   3.99, 542.04,  -1.84, -17.33,  -0.23,  -0.11,   0.26,   9.25, 4.11, 0.00, 0.00, 0.00, 0.00, 1, 1,  9,  39.7298949, -83.7074315,   320.0, 2025, 11, 23, 18, 17, 42,       14,       16,  36, -30,   1.5,   0.8,   1.3,  0,  0, 23, 14,  0,  0, 21, 26, 22,  0,  0,  0,  0,  0,  0, 21,  0,  0,  0,  0,  0,  0,  0,  0,  0, 21, 10, 28,  0,  0, 15,  0
6, 11026, 11,KE8EXM,     1.41, 5,   coast,  -16.18,  97124.00,  355.72,  100.73,   99.48, 22.9, 4.09, 4.09, 4.09,  -4.84,  -2.90,   3.21, 543.13,  -0.31, -18.85,  -0.22,  -0.11,   0.28,   9.41, 4.11, 0.00, 0.00, 0.00, 0.00, 1, 1,  9,  39.7298949, -83.7074315,   320.0, 2025, 11, 23, 18, 17, 42,       14,       16,  36, -30,   1.5,   0.8,   1.3,  0,  0, 23, 14,  0,  0, 21, 26, 22,  0,  0,  0,  0,  0,  0, 21,  0,  0,  0,  0,  0,  0,  0,  0,  0, 21, 10, 28,  0,  0, 15,  0
6, 11026, 11,KE8EXM,     1.42, 5,   coast,  -16.18,  97108.00,  357.10,  102.11,   99.33, 22.9, 4.09, 4.09, 4.09,  -4.81,  -3.33,   3.09, 545.21,   0.79, -21.11,  -0.22,  -0.11,   0.29,   9.58, 4.11, 0.00, 0.00, 0.00, 0.00, 1, 1,  9,  39.7298949, -83.7074315,   320.0, 2025, 11, 23, 18, 17, 42,       14,       16,  36, -30,   1.5,   0.8,   1.3,  0,  0, 23, 14,  0,  0, 21, 26, 22,  0,  0,  0,  0,  0,  0, 21,  0,  0,  0,  0,  0,  0,  0,  0,  0, 21, 10, 28,  0,  0, 15,  0
6, 11026, 11,KE8EXM,     1.43, 5,   coast,  -15.69,  97108.00,  357.10,  102.11,   99.17, 22.9, 4.09, 4.09, 4.09,  -4.73,  -2.67,   2.58, 548.93,   2.37, -22.27,  -0.22,  -0.11,   0.30,   9.76, 4.11, 0.00, 0.00, 0.00, 0.00, 1, 1,  9,  39.7298949, -83.7074315,   320.0, 2025, 11, 23, 18, 17, 42,       14,       16,  36, -30,   1.5,   0.8,   1.3,  0,  0, 23, 14,  0,  0, 21, 26, 22,  0,  0,  0,  0,  0,  0, 21,  0,  0,  0,  0,  0,  0,  0,  0,  0, 21, 10, 28,  0,  0, 15,  0
6, 11026, 11,KE8EXM,     1.44, 5,   coast,  -12.75,  97084.00,  359.17,  104.18,   99.02, 22.9, 4.09, 4.09, 4.09,  -4.75,  -1.47,   1.98, 549.05,   4.02, -23.43,  -0.22,  -0.11,   0.30,   9.94, 4.11, 0.00, 0.00, 0.00, 0.00, 1, 1,  9,  39.7298949, -83.7074315,   320.0, 2025, 11, 23, 18, 17, 42,       14,       16,  36, -30,   1.5,   0.8,   1.3,  0,  0, 23, 14,  0,  0, 21, 26, 22,  0,  0,  0,  0,  0,  0, 21,  0,  0,  0,  0,  0,  0,  0,  0,  0, 21, 10, 28,  0,  0, 15,  0
6, 11026, 11,KE8EXM,     1.45, 5,   coast,  -15.69,  97084.00,  359.17,  104.18,   98.87, 22.9, 4.09, 4.09, 4.09,  -4.74,  -1.36,   2.25, 550.40,   6.59, -23.98,  -0.22,  -0.10,   0.32,  10.14, 4.11, 0.00, 0.00, 0.00, 0.00, 1, 1,  9,  39.7298949, -83.7074315,   320.0, 2025, 11, 23, 18, 17, 42,       14,       16,  36, -30,   1.5,   0.8,   1.3,  0,  0, 23, 14,  0,  0, 21, 26, 22,  0,  0,  0,  0,  0,  0, 21,  0,  0,  0,  0,  0,  0,  0,  0,  0, 21, 10, 28,  0,  0, 15,  0
6, 11026, 11,KE8EXM,     1.46, 5,   coast,  -15.69,  97067.00,  360.63,  105.64,   98.72, 22.9, 4.09, 4.09, 4.09,  -4.52,  -0.75,   2.12, 550.34,   9.33, -23.13,  -0.22,  -0.09,   0.33,  10.34, 4.11, 0.00, 0.00, 0.00, 0.00, 1, 1,  9,  39.7298949, -83.7074315,   320.0, 2025, 11, 23, 18, 17, 42,       14,       16,  36, -30,   1.5,   0.8,   1.3,  0,  0, 23, 14,  0,  0, 21, 26, 22,  0,  0,  0,  0,  0,  0, 21,  0,  0,  0,  0,  0,  0,  0,  0,  0, 21, 10, 28,  0,  0, 15,  0
6, 11026, 11,KE8EXM,     1.47, 5,   coast,  -14.71,  97067.00,  360.63,  105.64,   98.58, 22.9, 4.09, 4.09, 4.09,  -4.66,  -1.65,   2.94, 549.54,  10.80, -23.37,  -0.22,  -0.08,   0.34,  10.55, 4.11, 0.00, 0.00, 0.00, 0.00, 1, 1,  9,  39.7298949, -83.7074315,   320.0, 2025, 11, 23, 18, 17, 42,       14,       16,  36, -30,   1.5,   0.8,   1.3,  0,  0, 23, 14,  0,  0, 21, 26, 22,  0,  0,  0,  0,  0,  0, 21,  0,  0,  0,  0,  0,  0,  0,  0,  0, 21, 10, 28,  0,  0, 15,  0
6, 11026, 11,KE8EXM,     1.48, 5,   coast,  -15.69,  97034.00,  363.48,  108.49,   98.43, 22.9, 4.09, 4.09, 4.09,  -4.67,  -0.55,   1.51, 548.87,  13.06, -21.11,  -0.22,  -0.07,   0.35,  10.75, 4.11, 0.00, 0.00, 0.00, 0.00, 1, 1,  9,  39.7298949, -83.7074315,   320.0, 2025, 11, 23, 18, 17, 42,       14,       16,  36, -30,   1.5,   0.8,   1.3,  0,  0, 23, 14,  0,  0, 21, 26, 22,  0,  0,  0,  0,  0,  0, 21,  0,  0,  0,  0,  0,  0,  0,  0,  0, 21, 10, 28,  0,  0, 15,  0
6, 11026, 11,KE8EXM,     1.49, 5,   coast,  -14.22,  97034.00,  363.48,  108.49,   98.28, 22.9, 4.09, 4.09, 4.09,  -4.52,  -1.76,   1.53, 549.60,  14.52, -21.29,  -0.22,  -0.06,   0.36,  10.95, 4.11, 0.00, 0.00, 0.00, 0.00, 1, 1,  9,  39.7298949, -83.7074315,   320.0, 2025, 11, 23, 18, 17, 42,       14,       16,  36, -30,   1.5,   0.8,   1.3,  0,  0, 23, 14,  0,  0, 21, 26, 22,  0,  0,  0,  0,  0,  0, 21,  0,  0,  0,  0,  0,  0,  0,  0,  0, 21, 10, 28,  0,  0, 15,  0
6, 11026, 11,KE8EXM,     1.50, 5,   coast,  -13.24,  97025.00,  364.25,  109.26,   98.13, 22.9, 4.09, 4.09, 4.09,  -4.59,  -1.70,   0.86, 550.15,  17.33, -20.26,  -0.21,  -0.05,   0.37,  11.17, 4.11, 0.00, 0.00, 0.00, 0.00, 1, 1,  9,  39.7298949, -83.7074315,   320.0, 2025, 11, 23, 18, 17, 42,       14,       16,  36, -30,   1.5,   0.8,   1.3,  0,  0, 23, 14,  0,  0, 21, 26, 22,  0,  0,  0,  0,  0,  0, 21,  0,  0,  0,  0,  0,  0,  0,  0,  0, 21, 10, 28,  0,  0, 15,  0
6, 11026, 11,KE8EXM,     1.51, 5,   coast,  -16.67,  97025.00,  364.25,  109.26,   97.99, 22.9, 4.09, 4.09, 4.09,  -4.63,  -0.73,   1.03, 550.34,  19.40, -18.67,  -0.21,  -0.04,   0.37,  11.39, 4.11, 0.00, 0.00, 0.00, 0.00, 1, 1,  9,  39.7298949, -83.7074315,   320.0, 2025, 11, 23, 18, 17, 42,       14,       16,  36, -30,   1.5,   0.8,   1.3,  0,  0, 23, 14,  0,  0, 21, 26, 22,  0,  0,  0,  0,  0,  0, 21,  0,  0,  0,  0,  0,  0,  0,  0,  0, 21, 10, 28,  0,  0, 15,  0
6, 11026, 11,KE8EXM,     1.52, 5,   coast,  -15.20,  97005.00,  365.98,  110.99,   97.84, 22.9, 4.09, 4.09, 4.09,  -4.52,  -0.90,   1.72, 551.07,  21.23, -17.75,  -0.21,  -0.03,   0.37,  11.62, 4.11, 0.00, 0.00, 0.00, 0.00, 1, 1,  9,  39.7298949, -83.7074315,   320.0, 2025, 11, 23, 18, 17, 42,       14,       16,  36, -30,   1.5,   0.8,   1.3,  0,  0, 23, 14,  0,  0, 21, 26, 22,  0,  0,  0,  0,  0,  0, 21,  0,  0,  0,  0,  0,  0,  0,  0,  0, 21, 10, 28,  0,  0, 15,  0
6, 11026, 11,KE8EXM,     1.53, 5,   coast,  -13.24,  97005.00,  365.98,  110.99,   97.70, 22.9, 4.09, 4.09, 4.09,  -4.58,  -0.81,   2.16, 550.27,  23.00, -16.23,  -0.21,  -0.02,   0.38,  11.85, 4.11, 0.00, 0.00, 0.00, 0.00, 1, 1,  9,  39.7298949, -83.7074315,   320.0, 2025, 11, 23, 18, 17, 42,       14,       16,  36, -30,   1.5,   0.8,   1.3,  0,  0, 23, 14,  0,  0, 21, 26, 22,  0,  0,  0,  0,  0,  0, 21,  0,  0,  0,  0,  0,  0,  0,  0,  0, 21, 10, 28,  0,  0, 15,  0
6, 11026, 11,KE8EXM,     1.54, 5,   coast,  -12.26,  96977.00,  368.39,  113.40,   97.56, 22.9, 4.09, 4.09, 4.09,  -4.62,   0.24,   2.99, 549.30,  24.65, -13.24,  -0.21,  -0.01,   0.38,  12.08, 4.11, 0.00, 0.00, 0.00, 0.00, 1, 1,  9,  39.7298949, -83.7074315,   320.0, 2025, 11, 23, 18, 17, 42,       14,       16,  36, -30,   1.5,   0.8,   1.3,  0,  0, 23, 14,  0,  0, 21, 26, 22,  0,  0,  0,  0,  0,  0, 21,  0,  0,  0,  0,  0,  0,  0,  0,  0, 21, 10, 28,  0,  0, 15,  0
6, 11026, 11,KE8EXM,     1.55, 5,   coast,  -14.71,  96977.00,  368.39,  113.40,   97.42, 22.9, 4.09, 4.09, 4.09,  -4.68,  -1.55,   3.46, 550.21,  25.02, -11.65,  -0.21,  -0.01,   0.38,  12.31, 4.11, 0.00, 0.00, 0.00, 0.00, 1, 1,  9,  39.7298949, -83.7074315,   320.0, 2025, 11, 23, 18, 17, 42,       14,       16,  36, -30,   1.5,   0.8,   1.3,  0,  0, 23, 14,  0,  0, 21, 26, 22,  0,  0,  0,  0,  0,  0, 21,  0,  0,  0,  0,  0,  0,  0,  0,  0, 21, 10, 28,  0,  0, 15,  0
6, 11026, 11,KE8EXM,     1.56, 5,   coast,  -15.20,  96967.00,  369.26,  114.26,   97.27, 22.9, 4.09, 4.09, 4.09,  -4.70,  -1.75,   3.74, 552.72,  25.32,  -8.96,  -0.21,   0.01,   0.38,  12.53, 4.11, 0.00, 0.00, 0.00, 0.00, 1, 1,  9,  39.7298949, -83.7074315,   320.0, 2025, 11, 23, 18, 17, 42,       14,       16,  36, -30,   1.5,   0.8,   1.3,  0,  0, 23, 14,  0,  0, 21, 26, 22,  0,  0,  0,  0,  0,  0, 21,  0,  0,  0,  0,  0,  0,  0,  0,  0, 21, 10, 28,  0,  0, 15,  0
6, 11026, 11,KE8EXM,     1.57, 5,   coast,  -15.20,  96967.00,  369.26,  114.26,   97.13, 22.9, 4.09, 4.09, 4.09,  -4.66,  -0.83,   4.19, 552.78,  24.90,  -7.44,  -0.21,   0.03,   0.38,  12.74, 4.11, 0.00, 0.00, 0.00, 0.00, 1, 1,  9,  39.7298949, -83.7074315,   320.0, 2025, 11, 23, 18, 17, 42,       14,       16,  36, -30,   1.5,   0.8,   1.3,  0,  0, 23, 14,  0,  0, 21, 26, 22,  0,  0,  0,  0,  0,  0, 21,  0,  0,  0,  0,  0,  0,  0,  0,  0, 21, 10, 28,  0,  0, 15,  0
6, 11026, 11,KE8EXM,     1.58, 5,   coast,  -13.73,  96936.00,  371.93,  116.94,   96.98, 22.9, 4.09, 4.09, 4.09,  -4.68,  -1.70,   4.77, 553.88,  24.41,  -6.83,  -0.21,   0.04,   0.37,  12.93, 4.11, 0.00, 0.00, 0.00, 0.00, 1, 1,  9,  39.7298949, -83.7074315,   320.0, 2025, 11, 23, 18, 17, 42,       14,       16,  36, -30,   1.5,   0.8,   1.3,  0,  0, 23, 14,  0,  0, 21, 26, 22,  0,  0,  0,  0,  0,  0, 21,  0,  0,  0,  0,  0,  0,  0,  0,  0, 21, 10, 28,  0,  0, 15,  0
6, 11026, 11,KE8EXM,     1.59, 5,   coast,  -17.16,  96936.00,  371.93,  116.94,   96.84, 22.9, 4.09, 4.09, 4.09,  -4.62,  -0.78,   5.04, 554.00,  23.25,  -4.69,  -0.20,   0.05,   0.37,  13.11, 4.11, 0.00, 0.00, 0.00, 0.00, 1, 1,  9,  39.7298949, -83.7074315,   320.0, 2025, 11, 23, 18, 17, 42,       14,       16,  36, -30,   1.5,   0.8,   1.3,  0,  0, 23, 14,  0,  0, 21, 26, 22,  0,  0,  0,  0,  0,  0, 21,  0,  0,  0,  0,  0,  0,  0,  0,  0, 21, 10, 28,  0,  0, 15,  0
6, 11026, 11,KE8EXM,     1.60, 5,   coast,  -13.73,  96915.00,  373.74,  118.75,   96.69, 22.9, 4.09, 4.09, 4.09,  -4.66,  -1.47,   5.64, 553.39,  21.66,  -3.29,  -0.20,   0.06,   0.37,  13.27, 4.11, 0.00, 0.00, 0.00, 0.00, 1, 1,  9,  39.7298949, -83.7074315,   320.0, 2025, 11, 23, 18, 17, 42,       14,       16,  36, -30,   1.5,   0.8,   1.3,  0,  0, 23, 14,  0,  0, 21, 26, 22,  0,  0,  0,  0,  0,  0, 21,  0,  0,  0,  0,  0,  0,  0,  0,  0, 21, 10, 28,  0,  0, 15,  0
6, 11026, 11,KE8EXM,     1.61, 5,   coast,  -12.75,  96915.00,  373.74,  118.75,   96.55, 22.9, 4.09, 4.09, 4.09,  -4.68,  -3.10,   5.28, 555.52,  19.65,  -2.50,  -0.20,   0.07,   0.36,  13.41, 4.11, 0.00, 0.00, 0.00, 0.00, 1, 1,  9,  39.7298949, -83.7074315,   320.0, 2025, 11, 23, 18, 17, 42,       14,       16,  36, -30,   1.5,   0.8,   1.3,  0,  0, 23, 14,  0,  0, 21, 26, 22,  0,  0,  0,  0,  0,  0, 21,  0,  0,  0,  0,  0,  0,  0,  0,  0, 21, 10, 28,  0,  0, 15,  0
6, 11026, 11,KE8EXM,     1.62, 5,   coast,  -14.22,  96885.00,  376.33,  121.34,   96.42, 22.9, 4.10, 4.07, 4.09,  -4.61,  -3.18,   5.17, 556.44,  17.82,  -1.88,  -0.20,   0.08,   0.36,  13.52, 4.09, 0.00, 0.00, 0.00, 0.00, 1, 1,  9,  39.7298949, -83.7074315,   320.0, 2025, 11, 23, 18, 17, 42,       14,       16,  36, -30,   1.5,   0.8,   1.3,  0,  0, 23, 14,  0,  0, 21, 26, 22,  0,  0,  0,  0,  0,  0, 21,  0,  0,  0,  0,  0,  0,  0,  0,  0, 21, 10, 28,  0,  0, 15,  0
6, 11026, 11,KE8EXM,     1.62, 5,   coast,  -14.22,  96885.00,  376.33,  121.34,   96.42, 22.9, 4.10, 4.07, 4.09,  -4.61,  -3.18,   5.17, 556.44,  17.82,  -1.88,  -0.20,   0.08,   0.36,  13.52, 4.09, 0.00, 0.00, 0.00, 0.00, 1, 1,  9,  39.7298949, -83.7074315,   320.0, 2025, 11, 23, 18, 17, 42,       14,       16,  36, -30,   1.5,   0.8,   1.3,  0,  0, 23, 14,  0,  0, 21, 26, 22,  0,  0,  0,  0,  0,  0, 21,  0,  0,  0,  0,  0,  0,  0,  0,  0, 21, 10, 28,  0,  0, 15,  0
6, 11026, 11,KE8EXM,     1.63, 5,   coast,  -12.26,  96885.00,  376.33,  121.34,   96.28, 22.9, 4.10, 4.07, 4.09,  -4.45,  -3.45,   5.58, 555.77,  15.62,  -2.25,  -0.21,   0.08,   0.35,  13.61, 4.09, 0.00, 0.00, 0.00, 0.00, 1, 1,  9,  39.7298949, -83.7074315,   320.0, 2025, 11, 23, 18, 17, 42,       14,       16,  36, -30,   1.5,   0.8,   1.3,  0,  0, 23, 14,  0,  0, 21, 26, 22,  0,  0,  0,  0,  0,  0, 21,  0,  0,  0,  0,  0,  0,  0,  0,  0, 21, 10, 28,  0,  0, 15,  0
6, 11026, 11,KE8EXM,     1.64, 5,   coast,  -13.73,  96861.00,  378.40,  123.41,   96.14, 22.9, 4.10, 4.07, 4.09,  -4.58,  -4.17,   4.66, 556.93,  14.40,  -2.92,  -0.21,   0.08,   0.35,  13.67, 4.09, 0.00, 0.00, 0.00, 0.00, 1, 1,  9,  39.7298949, -83.7074315,   320.0, 2025, 11, 23, 18, 17, 42,       14,       16,  36, -30,   1.5,   0.8,   1.3,  0,  0, 23, 14,  0,  0, 21, 26, 22,  0,  0,  0,  0,  0,  0, 21,  0,  0,  0,  0,  0,  0,  0,  0,  0, 21, 10, 28,  0,  0, 15,  0
6, 11026, 11,KE8EXM,     1.65, 5,   coast,  -14.22,  96861.00,  378.40,  123.41,   96.00, 22.9, 4.10, 4.07, 4.09,  -4.61,  -4.46,   4.53, 559.49,  12.99,  -4.02,  -0.20,   0.10,   0.34,  13.70, 4.09, 0.00, 0.00, 0.00, 0.00, 1, 1,  9,  39.7298949, -83.7074315,   320.0, 2025, 11, 23, 18, 17, 42,       14,       16,  36, -30,   1.5,   0.8,   1.3,  0,  0, 23, 14,  0,  0, 21, 26, 22,  0,  0,  0,  0,  0,  0, 21,  0,  0,  0,  0,  0,  0,  0,  0,  0, 21, 10, 28,  0,  0, 15,  0
6, 11026, 11,KE8EXM,     1.66, 5,   coast,  -16.67,  96827.00,  381.34,  126.35,   95.86, 22.9, 4.10, 4.07, 4.09,  -4.65,  -4.69,   4.03, 561.87,  12.08,  -5.97,  -0.20,   0.10,   0.34,  13.70, 4.09, 0.00, 0.00, 0.00, 0.00, 1, 1,  9,  39.7298949, -83.7074315,   320.0, 2025, 11, 23, 18, 17, 42,       14,       16,  36, -30,   1.5,   0.8,   1.3,  0,  0, 23, 14,  0,  0, 21, 26, 22,  0,  0,  0,  0,  0,  0, 21,  0,  0,  0,  0,  0,  0,  0,  0,  0, 21, 10, 28,  0,  0, 15,  0
6, 11026, 11,KE8EXM,     1.67, 5,   coast,  -14.22,  96827.00,  381.34,  126.35,   95.72, 22.9, 4.10, 4.07, 4.09,  -4.54,  -4.53,   4.17, 562.05,  11.65,  -7.07,  -0.20,   0.11,   0.32,  13.68, 4.09, 0.00, 0.00, 0.00, 0.00, 1, 1,  9,  39.7298949, -83.7074315,   320.0, 2025, 11, 23, 18, 17, 42,       14,       16,  36, -30,   1.5,   0.8,   1.3,  0,  0, 23, 14,  0,  0, 21, 26, 22,  0,  0,  0,  0,  0,  0, 21,  0,  0,  0,  0,  0,  0,  0,  0,  0, 21, 10, 28,  0,  0, 15,  0
6, 11026, 11,KE8EXM,     1.68, 5,   coast,  -13.24,  96814.00,  382.46,  127.47,   95.58, 22.9, 4.10, 4.07, 4.09,  -4.48,  -4.43,   4.60, 561.57,  11.22,  -8.90,  -0.20,   0.12,   0.31,  13.62, 4.09, 0.00, 0.00, 0.00, 0.00, 1, 1,  9,  39.7298949, -83.7074315,   320.0, 2025, 11, 23, 18, 17, 42,       14,       16,  36, -30,   1.5,   0.8,   1.3,  0,  0, 23, 14,  0,  0, 21, 26, 22,  0,  0,  0,  0,  0,  0, 21,  0,  0,  0,  0,  0,  0,  0,  0,  0, 21, 10, 28,  0,  0, 15,  0
6, 11026, 11,KE8EXM,     1.69, 5,   coast,  -14.71,  96814.00,  382.46,  127.47,   95.43, 22.9, 4.10, 4.07, 4.09,  -4.51,  -4.38,   3.89, 562.73,  10.92, -10.55,  -0.21,   0.12,   0.30,  13.54, 4.09, 0.00, 0.00, 0.00, 0.00, 1, 1,  9,  39.7298949, -83.7074315,   320.0, 2025, 11, 23, 18, 17, 42,       14,       16,  36, -30,   1.5,   0.8,   1.3,  0,  0, 23, 14,  0,  0, 21, 26, 22,  0,  0,  0,  0,  0,  0, 21,  0,  0,  0,  0,  0,  0,  0,  0,  0, 21, 10, 28,  0,  0, 15,  0
6, 11026, 11,KE8EXM,     1.70, 5,   coast,  -14.71,  96799.00,  383.76,  128.76,   95.29, 22.9, 4.10, 4.07, 4.09,  -4.43,  -4.04,   3.76, 564.07,  10.55, -12.44,  -0.21,   0.13,   0.29,  13.42, 4.09, 0.00, 0.00, 0.00, 0.00, 1, 1,  9,  39.7298949, -83.7074315,   320.0, 2025, 11, 23, 18, 17, 42,       14,       16,  36, -30,   1.5,   0.8,   1.3,  0,  0, 23, 14,  0,  0, 21, 26, 22,  0,  0,  0,  0,  0,  0, 21,  0,  0,  0,  0,  0,  0,  0,  0,  0, 21, 10, 28,  0,  0, 15,  0
6, 11026, 11,KE8EXM,     1.71, 5,   coast,  -13.73,  96799.00,  383.76,  128.76,   95.15, 22.9, 4.10, 4.07, 4.09,  -4.44,  -4.10,   3.28, 564.50,  10.86, -13.91,  -0.21,   0.13,   0.28,  13.29, 4.09, 0.00, 0.00, 0.00, 0.00, 1, 1,  9,  39.7298949, -83.7074315,   320.0, 2025, 11, 23, 18, 17, 42,       14,       16,  36, -30,   1.5,   0.8,   1.3,  0,  0, 23, 14,  0,  0, 21, 26, 22,  0,  0,  0,  0,  0,  0, 21,  0,  0,  0,  0,  0,  0,  0,  0,  0, 21, 10, 28,  0,  0, 15,  0
6, 11026, 11,KE8EXM,     1.72, 5,   coast,  -14.22,  96763.00,  386.87,  131.87,   95.01, 22.8, 4.10, 4.07, 4.09,  -4.35,  -3.94,   3.07, 565.17,  11.47, -15.07,  -0.21,   0.13,   0.28,  13.13, 4.09, 0.00, 0.00, 0.00, 0.00, 1, 1,  9,  39.7298949, -83.7074315,   320.0, 2025, 11, 23, 18, 17, 42,       14,       16,  36, -30,   1.5,   0.8,   1.3,  0,  0, 23, 14,  0,  0, 21, 26, 22,  0,  0,  0,  0,  0,  0, 21,  0,  0,  0,  0,  0,  0,  0,  0,  0, 21, 10, 28,  0,  0, 15,  0
6, 11026, 11,KE8EXM,     1.73, 5,   coast,  -14.22,  96763.00,  386.87,  131.87,   94.87, 22.8, 4.10, 4.07, 4.09,  -4.31,  -3.93,   3.03, 565.29,  12.57, -16.11,  -0.21,   0.13,   0.25,  12.95, 4.09, 0.00, 0.00, 0.00, 0.00, 1, 1,  9,  39.7298949, -83.7074315,   320.0, 2025, 11, 23, 18, 17, 42,       14,       16,  36, -30,   1.5,   0.8,   1.3,  0,  0, 23, 14,  0,  0, 21, 26, 22,  0,  0,  0,  0,  0,  0, 21,  0,  0,  0,  0,  0,  0,  0,  0,  0, 21, 10, 28,  0,  0, 15,  0
6, 11026, 11,KE8EXM,     1.74, 5,   coast,  -12.26,  96748.00,  388.16,  133.17,   94.74, 22.8, 4.10, 4.07, 4.09,  -4.29,  -4.14,   2.95, 565.29,  13.97, -17.33,  -0.21,   0.13,   0.25,  12.74, 4.09, 0.00, 0.00, 0.00, 0.00, 1, 1,  9,  39.7298949, -83.7074315,   320.0, 2025, 11, 23, 18, 17, 42,       14,       16,  36, -30,   1.5,   0.8,   1.3,  0,  0, 23, 14,  0,  0, 21, 26, 22,  0,  0,  0,  0,  0,  0, 21,  0,  0,  0,  0,  0,  0,  0,  0,  0, 21, 10, 28,  0,  0, 15,  0
6, 11026, 11,KE8EXM,     1.75, 5,   coast,  -14.71,  96748.00,  388.16,  133.17,   94.60, 22.8, 4.10, 4.07, 4.09,  -4.30,  -3.77,   2.29, 565.66,  14.89, -17.57,  -0.21,   0.13,   0.23,  12.53, 4.09, 0.00, 0.00, 0.00, 0.00, 1, 1,  9,  39.7298949, -83.7074315,   320.0, 2025, 11, 23, 18, 17, 42,       14,       16,  36, -30,   1.5,   0.8,   1.3,  0,  0, 23, 14,  0,  0, 21, 26, 22,  0,  0,  0,  0,  0,  0, 21,  0,  0,  0,  0,  0,  0,  0,  0,  0, 21, 10, 28,  0,  0, 15,  0
6, 11026, 11,KE8EXM,     1.76, 5,   coast,  -13.73,  96721.00,  390.50,  135.50,   94.47, 22.8, 4.10, 4.07, 4.09,  -4.19,  -3.29,   2.92, 565.29,  16.35, -18.49,  -0.21,   0.13,   0.22,  12.29, 4.09, 0.00, 0.00, 0.00, 0.00, 1, 1,  9,  39.7298949, -83.7074315,   320.0, 2025, 11, 23, 18, 17, 42,       14,       16,  36, -30,   1.5,   0.8,   1.3,  0,  0, 23, 14,  0,  0, 21, 26, 22,  0,  0,  0,  0,  0,  0, 21,  0,  0,  0,  0,  0,  0,  0,  0,  0, 21, 10, 28,  0,  0, 15,  0
6, 11026, 11,KE8EXM,     1.77, 5,   coast,  -11.77,  96721.00,  390.50,  135.50,   94.34, 22.8, 4.10, 4.07, 4.09,  -4.30,  -3.15,   2.48, 564.92,  18.18, -18.67,  -0.21,   0.13,   0.22,  12.03, 4.09, 0.00, 0.00, 0.00, 0.00, 1, 1,  9,  39.7298949, -83.7074315,   320.0, 2025, 11, 23, 18, 17, 42,       14,       16,  36, -30,   1.5,   0.8,   1.3,  0,  0, 23, 14,  0,  0, 21, 26, 22,  0,  0,  0,  0,  0,  0, 21,  0,  0,  0,  0,  0,  0,  0,  0,  0, 21, 10, 28,  0,  0, 15,  0
6, 11026, 11,KE8EXM,     1.78, 5,   coast,  -13.73,  96704.00,  391.97,  136.97,   94.20, 22.8, 4.10, 4.07, 4.09,  -4.17,  -2.82,   3.05, 563.64,  18.98, -18.61,  -0.21,   0.12,   0.20,  11.77, 4.09, 0.00, 0.00, 0.00, 0.00, 1, 1,  9,  39.7298949, -83.7074315,   320.0, 2025, 11, 23, 18, 17, 42,       14,       16,  36, -30,   1.5,   0.8,   1.3,  0,  0, 23, 14,  0,  0, 21, 26, 22,  0,  0,  0,  0,  0,  0, 21,  0,  0,  0,  0,  0,  0,  0,  0,  0, 21, 10, 28,  0,  0, 15,  0
6, 11026, 11,KE8EXM,     1.79, 5,   coast,  -13.24,  96704.00,  391.97,  136.97,   94.06, 22.8, 4.10, 4.07, 4.09,  -4.18,  -2.73,   2.08, 564.80,  20.69, -18.91,  -0.21,   0.11,   0.19,  11.49, 4.09, 0.00, 0.00, 0.00, 0.00, 1, 1,  9,  39.7298949, -83.7074315,   320.0, 2025, 11, 23, 18, 17, 42,       14,       16,  36, -30,   1.5,   0.8,   1.3,  0,  0, 23, 14,  0,  0, 21, 26, 22,  0,  0,  0,  0,  0,  0, 21,  0,  0,  0,  0,  0,  0,  0,  0,  0, 21, 10, 28,  0,  0, 15,  0
6, 11026, 11,KE8EXM,     1.80, 5,   coast,  -15.20,  96692.00,  393.00,  138.01,   93.92, 22.8, 4.10, 4.07, 4.09,  -4.24,  -1.94,   3.13, 564.68,  22.03, -18.00,  -0.22,   0.10,   0.18,  11.21, 4.09, 0.00, 0.00, 0.00, 0.00, 1, 1,  9,  39.7298949, -83.7074315,   320.0, 2025, 11, 23, 18, 17, 42,       14,       16,  36, -30,   1.5,   0.8,   1.3,  0,  0, 23, 14,  0,  0, 21, 26, 22,  0,  0,  0,  0,  0,  0, 21,  0,  0,  0,  0,  0,  0,  0,  0,  0, 21, 10, 28,  0,  0, 15,  0
6, 11026, 11,KE8EXM,     1.81, 5,   coast,  -15.69,  96692.00,  393.00,  138.01,   93.78, 22.8, 4.10, 4.07, 4.09,  -4.09,  -1.70,   3.14, 565.53,  23.43, -16.41,  -0.22,   0.10,   0.17,  10.92, 4.09, 0.00, 0.00, 0.00, 0.00, 1, 1,  9,  39.7298949, -83.7074315,   320.0, 2025, 11, 23, 18, 17, 42,       14,       16,  36, -30,   1.5,   0.8,   1.3,  0,  0, 23, 14,  0,  0, 21, 26, 22,  0,  0,  0,  0,  0,  0, 21,  0,  0,  0,  0,  0,  0,  0,  0,  0, 21, 10, 28,  0,  0, 15,  0
6, 11026, 11,KE8EXM,     1.82, 5,   coast,  -15.20,  96673.00,  394.65,  139.65,   93.63, 22.8, 4.10, 4.07, 4.09,  -4.22,  -3.04,   2.91, 565.41,  24.04, -16.04,  -0.22,   0.09,   0.16,  10.63, 4.09, 0.00, 0.00, 0.00, 0.00, 1, 1,  9,  39.7298949, -83.7074315,   320.0, 2025, 11, 23, 18, 17, 42,       14,       16,  36, -30,   1.5,   0.8,   1.3,  0,  0, 23, 14,  0,  0, 21, 26, 22,  0,  0,  0,  0,  0,  0, 21,  0,  0,  0,  0,  0,  0,  0,  0,  0, 21, 10, 28,  0,  0, 15,  0
6, 11026, 11,KE8EXM,     1.83, 5,   coast,  -13.73,  96673.00,  394.65,  139.65,   93.49, 22.8, 4.10, 4.07, 4.09,  -4.20,  -1.57,   4.20, 564.74,  24.47, -13.85,  -0.22,   0.08,   0.16,  10.35, 4.09, 0.00, 0.00, 0.00, 0.00, 1, 1,  9,  39.7298949, -83.7074315,   320.0, 2025, 11, 23, 18, 17, 42,       14,       16,  36, -30,   1.5,   0.8,   1.3,  0,  0, 23, 14,  0,  0, 21, 26, 22,  0,  0,  0,  0,  0,  0, 21,  0,  0,  0,  0,  0,  0,  0,  0,  0, 21, 10, 28,  0,  0, 15,  0
6, 11026, 11,KE8EXM,     1.84, 5,   coast,  -14.71,  96652.00,  396.46,  141.47,   93.34, 22.8, 4.10, 4.07, 4.09,  -4.22,  -2.14,   3.39, 564.62,  25.32, -12.93,  -0.22,   0.07,   0.15,  10.07, 4.09, 0.00, 0.00, 0.00, 0.00, 1, 1,  9,  39.7298949, -83.7074315,   320.0, 2025, 11, 23, 18, 17, 42,       14,       16,  36, -30,   1.5,   0.8,   1.3,  0,  0, 23, 14,  0,  0, 21, 26, 22,  0,  0,  0,  0,  0,  0, 21,  0,  0,  0,  0,  0,  0,  0,  0,  0, 21, 10, 28,  0,  0, 15,  0
6, 11026, 11,KE8EXM,     1.85, 5,   coast,  -14.71,  96652.00,  396.46,  141.47,   93.20, 22.8, 4.10, 4.07, 4.09,  -4.22,  -3.15,   4.21, 564.13,  25.08, -12.02,  -0.22,   0.06,   0.14,   9.80, 4.09, 0.00, 0.00, 0.00, 0.00, 1, 1,  9,  39.7298949, -83.7074315,   320.0, 2025, 11, 23, 18, 17, 42,       14,       16,  36, -30,   1.5,   0.8,   1.3,  0,  0, 23, 14,  0,  0, 21, 26, 22,  0,  0,  0,  0,  0,  0, 21,  0,  0,  0,  0,  0,  0,  0,  0,  0, 21, 10, 28,  0,  0, 15,  0
6, 11026, 11,KE8EXM,     1.86, 5,   coast,  -12.26,  96621.00,  399.14,  144.15,   93.06, 22.8, 4.10, 4.07, 4.09,  -4.19,  -2.15,   4.19, 563.82,  24.41, -10.55,  -0.22,   0.05,   0.14,   9.54, 4.09, 0.00, 0.00, 0.00, 0.00, 1, 1,  9,  39.7298949, -83.7074315,   320.0, 2025, 11, 23, 18, 17, 42,       14,       16,  36, -30,   1.5,   0.8,   1.3,  0,  0, 23, 14,  0,  0, 21, 26, 22,  0,  0,  0,  0,  0,  0, 21,  0,  0,  0,  0,  0,  0,  0,  0,  0, 21, 10, 28,  0,  0, 15,  0
6, 11026, 11,KE8EXM,     1.87, 5,   coast,  -13.73,  96621.00,  399.14,  144.15,   92.92, 22.8, 4.10, 4.07, 4.09,  -4.21,  -2.95,   3.41, 562.97,  24.77, -10.12,  -0.22,   0.03,   0.13,   9.29, 4.09, 0.00, 0.00, 0.00, 0.00, 1, 1,  9,  39.7298949, -83.7074315,   320.0, 2025, 11, 23, 18, 17, 42,       14,       16,  36, -30,   1.5,   0.8,   1.3,  0,  0, 23, 14,  0,  0, 21, 26, 22,  0,  0,  0,  0,  0,  0, 21,  0,  0,  0,  0,  0,  0,  0,  0,  0, 21, 10, 28,  0,  0, 15,  0
6, 11026, 11,KE8EXM,     1.88, 5,   coast,  -14.71,  96603.00,  400.70,  145.71,   92.79, 22.8, 4.10, 4.07, 4.09,  -4.10,  -3.55,   3.84, 562.30,  23.98,  -9.76,  -0.22,   0.03,   0.13,   9.06, 4.09, 0.00, 0.00, 0.00, 0.00, 1, 1,  9,  39.7298949, -83.7074315,   320.0, 2025, 11, 23, 18, 17, 42,       14,       16,  36, -30,   1.5,   0.8,   1.3,  0,  0, 23, 14,  0,  0, 21, 26, 22,  0,  0,  0,  0,  0,  0, 21,  0,  0,  0,  0,  0,  0,  0,  0,  0, 21, 10, 28,  0,  0, 15,  0
6, 11026, 11,KE8EXM,     1.89, 5,   coast,  -14.22,  96603.00,  400.70,  145.71,   92.65, 22.8, 4.10, 4.07, 4.09,  -4.07,  -2.46,   4.16, 560.65,  23.74,  -9.15,  -0.22,   0.01,   0.13,   8.85, 4.09, 0.00, 0.00, 0.00, 0.00, 1, 1,  9,  39.7298949, -83.7074315,   320.0, 2025, 11, 23, 18, 17, 42,       14,       16,  36, -30,   1.5,   0.8,   1.3,  0,  0, 23, 14,  0,  0, 21, 26, 22,  0,  0,  0,  0,  0,  0, 21,  0,  0,  0,  0,  0,  0,  0,  0,  0, 21, 10, 28,  0,  0, 15,  0
6, 11026, 11,KE8EXM,     1.90, 5,   coast,  -12.75,  96590.00,  401.83,  146.83,   92.51, 22.8, 4.10, 4.07, 4.09,  -4.20,  -2.21,   3.13, 560.53,  23.86,  -8.72,  -0.22,  -0.00,   0.13,   8.65, 4.09, 0.00, 0.00, 0.00, 0.00, 1, 1,  9,  39.7298949, -83.7074315,   320.0, 2025, 11, 23, 18, 17, 42,       14,       16,  36, -30,   1.5,   0.8,   1.3,  0,  0, 23, 14,  0,  0, 21, 26, 22,  0,  0,  0,  0,  0,  0, 21,  0,  0,  0,  0,  0,  0,  0,  0,  0, 21, 10, 28,  0,  0, 15,  0
6, 11026, 11,KE8EXM,     1.91, 5,   coast,  -15.20,  96590.00,  401.83,  146.83,   92.36, 22.8, 4.10, 4.07, 4.09,  -4.06,  -2.74,   4.57, 559.49,  23.07,  -8.23,  -0.23,  -0.01,   0.14,   8.47, 4.09, 0.00, 0.00, 0.00, 0.00, 1, 1,  9,  39.7298949, -83.7074315,   320.0, 2025, 11, 23, 18, 17, 42,       14,       16,  36, -30,   1.5,   0.8,   1.3,  0,  0, 23, 14,  0,  0, 21, 26, 22,  0,  0,  0,  0,  0,  0, 21,  0,  0,  0,  0,  0,  0,  0,  0,  0, 21, 10, 28,  0,  0, 15,  0
6, 11026, 11,KE8EXM,     1.92, 5,   coast,  -14.71,  96566.00,  403.90,  148.91,   92.22, 22.8, 4.10, 4.07, 4.09,  -4.09,  -2.24,   3.61, 558.27,  23.43,  -7.26,  -0.23,  -0.02,   0.14,   8.31, 4.09, 0.00, 0.00, 0.00, 0.00, 1, 1,  9,  39.7298949, -83.7074315,   320.0, 2025, 11, 23, 18, 17, 42,       14,       16,  36, -30,   1.5,   0.8,   1.3,  0,  0, 23, 14,  0,  0, 21, 26, 22,  0,  0,  0,  0,  0,  0, 21,  0,  0,  0,  0,  0,  0,  0,  0,  0, 21, 10, 28,  0,  0, 15,  0
6, 11026, 11,KE8EXM,     1.93, 5,   coast,  -15.20,  96566.00,  403.90,  148.91,   92.08, 22.8, 4.10, 4.07, 4.09,  -4.17,  -2.48,   5.15, 557.11,  22.15,  -6.89,  -0.23,  -0.04,   0.14,   8.18, 4.09, 0.00, 0.00, 0.00, 0.00, 1, 1,  9,  39.7298949, -83.7074315,   320.0, 2025, 11, 23, 18, 17, 42,       14,       16,  36, -30,   1.5,   0.8,   1.3,  0,  0, 23, 14,  0,  0, 21, 26, 22,  0,  0,  0,  0,  0,  0, 21,  0,  0,  0,  0,  0,  0,  0,  0,  0, 21, 10, 28,  0,  0, 15,  0
6, 11026, 11,KE8EXM,     1.94, 5,   coast,  -15.69,  96548.00,  405.46,  150.47,   91.93, 22.8, 4.10, 4.09, 4.09,  -4.12,  -3.48,   5.55, 555.89,  21.05,  -6.28,  -0.23,  -0.05,   0.15,   8.07, 4.10, 0.00, 0.00, 0.00, 0.00, 1, 1,  9,  39.7298949, -83.7074315,   320.0, 2025, 11, 23, 18, 17, 42,       14,       16,  36, -30,   1.5,   0.8,   1.3,  0,  0, 23, 14,  0,  0, 21, 26, 22,  0,  0,  0,  0,  0,  0, 21,  0,  0,  0,  0,  0,  0,  0,  0,  0, 21, 10, 28,  0,  0, 15,  0
6, 11026, 11,KE8EXM,     1.94, 5,   coast,  -15.69,  96548.00,  405.46,  150.47,   91.93, 22.8, 4.10, 4.09, 4.09,  -4.12,  -3.48,   5.55, 555.89,  21.05,  -6.28,  -0.23,  -0.05,   0.15,   8.07, 4.10, 0.00, 0.00, 0.00, 0.00, 1, 1,  9,  39.7298949, -83.7074315,   320.0, 2025, 11, 23, 18, 17, 42,       14,       16,  36, -30,   1.5,   0.8,   1.3,  0,  0, 23, 14,  0,  0, 21, 26, 22,  0,  0,  0,  0,  0,  0, 21,  0,  0,  0,  0,  0,  0,  0,  0,  0, 21, 10, 28,  0,  0, 15,  0
6, 11026, 11,KE8EXM,     1.95, 5,   coast,  -11.28,  96548.00,  405.46,  150.47,   91.79, 22.8, 4.10, 4.09, 4.09,  -4.15,  -2.66,   3.90, 555.28,  20.07,  -6.10,  -0.23,  -0.06,   0.16,   8.00, 4.10, 0.00, 0.00, 0.00, 0.00, 1, 1,  9,  39.7298949, -83.7074315,   320.0, 2025, 11, 23, 18, 17, 42,       14,       16,  36, -30,   1.5,   0.8,   1.3,  0,  0, 23, 14,  0,  0, 21, 26, 22,  0,  0,  0,  0,  0,  0, 21,  0,  0,  0,  0,  0,  0,  0,  0,  0, 21, 10, 28,  0,  0, 15,  0
6, 11026, 11,KE8EXM,     1.96, 5,   coast,  -13.73,  96527.00,  407.28,  152.29,   91.65, 22.8, 4.10, 4.09, 4.09,  -4.12,  -3.50,   5.19, 556.01,  17.82,  -6.34,  -0.23,  -0.07,   0.16,   7.96, 4.10, 0.00, 0.00, 0.00, 0.00, 1, 1,  9,  39.7298949, -83.7074315,   320.0, 2025, 11, 23, 18, 17, 42,       14,       16,  36, -30,   1.5,   0.8,   1.3,  0,  0, 23, 14,  0,  0, 21, 26, 22,  0,  0,  0,  0,  0,  0, 21,  0,  0,  0,  0,  0,  0,  0,  0,  0, 21, 10, 28,  0,  0, 15,  0
6, 11026, 11,KE8EXM,     1.97, 5,   coast,  -14.71,  96527.00,  407.28,  152.29,   91.52, 22.8, 4.10, 4.09, 4.09,  -4.11,  -3.36,   3.49, 556.13,  17.94,  -6.40,  -0.23,  -0.08,   0.17,   7.95, 4.10, 0.00, 0.00, 0.00, 0.00, 1, 1,  9,  39.7298949, -83.7074315,   320.0, 2025, 11, 23, 18, 17, 42,       14,       16,  36, -30,   1.5,   0.8,   1.3,  0,  0, 23, 14,  0,  0, 21, 26, 22,  0,  0,  0,  0,  0,  0, 21,  0,  0,  0,  0,  0,  0,  0,  0,  0, 21, 10, 28,  0,  0, 15,  0
6, 11026, 11,KE8EXM,     1.98, 5,   coast,  -12.75,  96508.00,  408.92,  153.93,   91.38, 22.8, 4.10, 4.09, 4.09,  -4.10,  -2.95,   4.43, 555.46,  16.53,  -6.83,  -0.23,  -0.09,   0.18,   7.96, 4.10, 0.00, 0.00, 0.00, 0.00, 1, 1,  9,  39.7298949, -83.7074315,   320.0, 2025, 11, 23, 18, 17, 42,       14,       16,  36, -30,   1.5,   0.8,   1.3,  0,  0, 23, 14,  0,  0, 21, 26, 22,  0,  0,  0,  0,  0,  0, 21,  0,  0,  0,  0,  0,  0,  0,  0,  0, 21, 10, 28,  0,  0, 15,  0
6, 11026, 11,KE8EXM,     1.99, 5,   coast,  -13.24,  96508.00,  408.92,  153.93,   91.24, 22.8, 4.10, 4.09, 4.09,  -4.13,  -4.44,   3.83, 554.55,  16.41,  -7.68,  -0.23,  -0.09,   0.18,   8.01, 4.10, 0.00, 0.00, 0.00, 0.00, 1, 1,  9,  39.7298949, -83.7074315,   320.0, 2025, 11, 23, 18, 17, 42,       14,       16,  36, -30,   1.5,   0.8,   1.3,  0,  0, 23, 14,  0,  0, 21, 26, 22,  0,  0,  0,  0,  0,  0, 21,  0,  0,  0,  0,  0,  0,  0,  0,  0, 21, 10, 28,  0,  0, 15,  0
6, 11026, 11,KE8EXM,     2.00, 5,   coast,  -16.18,  96479.00,  411.44,  156.44,   91.10, 22.8, 4.10, 4.09, 4.09,  -4.02,  -3.43,   4.10, 553.88,  15.62,  -7.38,  -0.23,  -0.10,   0.20,   8.07, 4.10, 0.00, 0.00, 0.00, 0.00, 1, 1,  9,  39.7298949, -83.7074315,   320.0, 2025, 11, 23, 18, 17, 42,       14,       16,  36, -30,   1.5,   0.8,   1.3,  0,  0, 23, 14,  0,  0, 21, 26, 22,  0,  0,  0,  0,  0,  0, 21,  0,  0,  0,  0,  0,  0,  0,  0,  0, 21, 10, 28,  0,  0, 15,  0
6, 11026, 11,KE8EXM,     2.01, 5,   coast,  -15.20,  96479.00,  411.44,  156.44,   90.95, 22.8, 4.10, 4.09, 4.09,  -4.04,  -5.09,   3.68, 554.18,  15.80,  -8.84,  -0.23,  -0.11,   0.22,   8.17, 4.10, 0.00, 0.00, 0.00, 0.00, 1, 1,  9,  39.7298949, -83.7074315,   320.0, 2025, 11, 23, 18, 17, 42,       14,       16,  36, -30,   1.5,   0.8,   1.3,  0,  0, 23, 14,  0,  0, 21, 26, 22,  0,  0,  0,  0,  0,  0, 21,  0,  0,  0,  0,  0,  0,  0,  0,  0, 21, 10, 28,  0,  0, 15,  0
6, 11026, 11,KE8EXM,     2.02, 5,   coast,  -15.20,  96459.00,  413.17,  158.18,   90.80, 22.8, 4.10, 4.09, 4.09,  -3.98,  -5.12,   3.86, 553.94,  15.25, -10.19,  -0.23,  -0.11,   0.23,   8.29, 4.10, 0.00, 0.00, 0.00, 0.00, 1, 1,  9,  39.7298949, -83.7074315,   320.0, 2025, 11, 23, 18, 17, 42,       14,       16,  36, -30,   1.5,   0.8,   1.3,  0,  0, 23, 14,  0,  0, 21, 26, 22,  0,  0,  0,  0,  0,  0, 21,  0,  0,  0,  0,  0,  0,  0,  0,  0, 21, 10, 28,  0,  0, 15,  0
6, 11026, 11,KE8EXM,     2.03, 5,   coast,  -14.22,  96459.00,  413.17,  158.18,   90.66, 22.8, 4.10, 4.09, 4.09,  -3.94,  -4.22,   3.82, 552.78,  15.19, -11.41,  -0.23,  -0.12,   0.24,   8.44, 4.10, 0.00, 0.00, 0.00, 0.00, 1, 1,  9,  39.7298949, -83.7074315,   320.0, 2025, 11, 23, 18, 17, 42,       14,       16,  36, -30,   1.5,   0.8,   1.3,  0,  0, 23, 14,  0,  0, 21, 26, 22,  0,  0,  0,  0,  0,  0, 21,  0,  0,  0,  0,  0,  0,  0,  0,  0, 21, 10, 28,  0,  0, 15,  0
6, 11026, 11,KE8EXM,     2.04, 5,   coast,  -13.24,  96438.00,  414.99,  160.00,   90.52, 22.8, 4.10, 4.09, 4.09,  -3.97,  -4.81,   2.92, 554.00,  15.50, -13.24,  -0.22,  -0.12,   0.25,   8.62, 4.10, 0.00, 0.00, 0.00, 0.00, 1, 1,  9,  39.7298949, -83.7074315,   320.0, 2025, 11, 23, 18, 17, 42,       14,       16,  36, -30,   1.5,   0.8,   1.3,  0,  0, 23, 14,  0,  0, 21, 26, 22,  0,  0,  0,  0,  0,  0, 21,  0,  0,  0,  0,  0,  0,  0,  0,  0, 21, 10, 28,  0,  0, 15,  0
6, 11026, 11,KE8EXM,     2.05, 5,   coast,  -14.71,  96438.00,  414.99,  160.00,   90.38, 22.8, 4.10, 4.09, 4.09,  -3.87,  -3.71,   2.83, 554.00,  15.92, -13.97,  -0.22,  -0.12,   0.27,   8.82, 4.10, 0.00, 0.00, 0.00, 0.00, 1, 1,  9,  39.7298949, -83.7074315,   320.0, 2025, 11, 23, 18, 17, 42,       14,       16,  36, -30,   1.5,   0.8,   1.3,  0,  0, 23, 14,  0,  0, 21, 26, 22,  0,  0,  0,  0,  0,  0, 21,  0,  0,  0,  0,  0,  0,  0,  0,  0, 21, 10, 28,  0,  0, 15,  0
6, 11026, 11,KE8EXM,     2.06, 5,   coast,  -13.73,  96417.00,  416.81,  161.81,   90.24, 22.8, 4.10, 4.09, 4.09,  -3.92,  -3.96,   3.18, 554.00,  16.05, -15.19,  -0.22,  -0.12,   0.28,   9.04, 4.10, 0.00, 0.00, 0.00, 0.00, 1, 1,  9,  39.7298949, -83.7074315,   320.0, 2025, 11, 23, 18, 17, 42,       14,       16,  36, -30,   1.5,   0.8,   1.3,  0,  0, 23, 14,  0,  0, 21, 26, 22,  0,  0,  0,  0,  0,  0, 21,  0,  0,  0,  0,  0,  0,  0,  0,  0, 21, 10, 28,  0,  0, 15,  0
6, 11026, 11,KE8EXM,     2.07, 5,   coast,  -12.75,  96417.00,  416.81,  161.81,   90.10, 22.8, 4.10, 4.09, 4.09,  -3.94,  -3.78,   1.85, 553.94,  17.76, -15.56,  -0.22,  -0.12,   0.28,   9.27, 4.10, 0.00, 0.00, 0.00, 0.00, 1, 1,  9,  39.7298949, -83.7074315,   320.0, 2025, 11, 23, 18, 17, 42,       14,       16,  36, -30,   1.5,   0.8,   1.3,  0,  0, 23, 14,  0,  0, 21, 26, 22,  0,  0,  0,  0,  0,  0, 21,  0,  0,  0,  0,  0,  0,  0,  0,  0, 21, 10, 28,  0,  0, 15,  0
6, 11026, 11,KE8EXM,     2.08, 5,   coast,  -13.73,  96393.00,  418.89,  163.89,   89.96, 22.8, 4.10, 4.09, 4.09,  -3.79,  -3.19,   2.77, 554.36,  18.00, -15.86,  -0.22,  -0.11,   0.30,   9.51, 4.10, 0.00, 0.00, 0.00, 0.00, 1, 1,  9,  39.7298949, -83.7074315,   320.0, 2025, 11, 23, 18, 17, 42,       14,       16,  36, -30,   1.5,   0.8,   1.3,  0,  0, 23, 14,  0,  0, 21, 26, 22,  0,  0,  0,  0,  0,  0, 21,  0,  0,  0,  0,  0,  0,  0,  0,  0, 21, 10, 28,  0,  0, 15,  0
6, 11026, 11,KE8EXM,     2.09, 5,   coast,  -15.20,  96393.00,  418.89,  163.89,   89.82, 22.8, 4.10, 4.09, 4.09,  -3.85,  -3.78,   1.47, 556.20,  20.32, -16.84,  -0.22,  -0.10,   0.31,   9.78, 4.10, 0.00, 0.00, 0.00, 0.00, 1, 1,  9,  39.7298949, -83.7074315,   320.0, 2025, 11, 23, 18, 17, 42,       14,       16,  36, -30,   1.5,   0.8,   1.3,  0,  0, 23, 14,  0,  0, 21, 26, 22,  0,  0,  0,  0,  0,  0, 21,  0,  0,  0,  0,  0,  0,  0,  0,  0, 21, 10, 28,  0,  0, 15,  0
6, 11026, 11,KE8EXM,     2.10, 5,   coast,  -14.71,  96394.00,  418.80,  163.81,   89.68, 22.8, 4.10, 4.09, 4.09,  -3.85,  -2.39,   2.47, 555.22,  21.36, -15.98,  -0.22,  -0.10,   0.31,  10.04, 4.10, 0.00, 0.00, 0.00, 0.00, 1, 1,  9,  39.7298949, -83.7074315,   320.0, 2025, 11, 23, 18, 17, 42,       14,       16,  36, -30,   1.5,   0.8,   1.3,  0,  0, 23, 14,  0,  0, 21, 26, 22,  0,  0,  0,  0,  0,  0, 21,  0,  0,  0,  0,  0,  0,  0,  0,  0, 21, 10, 28,  0,  0, 15,  0
6, 11026, 11,KE8EXM,     2.11, 5,   coast,  -13.73,  96394.00,  418.80,  163.81,   89.55, 22.8, 4.10, 4.09, 4.09,  -3.82,  -3.06,   2.33, 554.67,  22.88, -15.86,  -0.22,  -0.09,   0.33,  10.32, 4.10, 0.00, 0.00, 0.00, 0.00, 1, 1,  9,  39.7298949, -83.7074315,   320.0, 2025, 11, 23, 18, 17, 42,       14,       16,  36, -30,   1.5,   0.8,   1.3,  0,  0, 23, 14,  0,  0, 21, 26, 22,  0,  0,  0,  0,  0,  0, 21,  0,  0,  0,  0,  0,  0,  0,  0,  0, 21, 10, 28,  0,  0, 15,  0
6, 11026, 11,KE8EXM,     2.12, 5,   coast,  -12.75,  96358.00,  421.92,  166.93,   89.41, 22.8, 4.10, 4.09, 4.09,  -3.96,  -2.95,   2.62, 554.00,  23.80, -15.13,  -0.22,  -0.08,   0.34,  10.60, 4.10, 0.00, 0.00, 0.00, 0.00, 1, 1,  9,  39.7298949, -83.7074315,   320.0, 2025, 11, 23, 18, 17, 42,       14,       16,  36, -30,   1.5,   0.8,   1.3,  0,  0, 23, 14,  0,  0, 21, 26, 22,  0,  0,  0,  0,  0,  0, 21,  0,  0,  0,  0,  0,  0,  0,  0,  0, 21, 10, 28,  0,  0, 15,  0
6, 11026, 11,KE8EXM,     2.13, 5,   coast,  -12.26,  96358.00,  421.92,  166.93,   89.28, 22.8, 4.10, 4.09, 4.09,  -3.81,  -2.41,   3.00, 553.14,  24.84, -14.34,  -0.21,  -0.08,   0.35,  10.88, 4.10, 0.00, 0.00, 0.00, 0.00, 1, 1,  9,  39.7298949, -83.7074315,   320.0, 2025, 11, 23, 18, 17, 42,       14,       16,  36, -30,   1.5,   0.8,   1.3,  0,  0, 23, 14,  0,  0, 21, 26, 22,  0,  0,  0,  0,  0,  0, 21,  0,  0,  0,  0,  0,  0,  0,  0,  0, 21, 10, 28,  0,  0, 15,  0
6, 11026, 11,KE8EXM,     2.14, 5,   coast,  -12.75,  96352.00,  422.44,  167.45,   89.15, 22.8, 4.10, 4.09, 4.09,  -3.95,  -3.29,   2.56, 553.27,  26.06, -13.60,  -0.22,  -0.07,   0.36,  11.16, 4.10, 0.00, 0.00, 0.00, 0.00, 1, 1,  9,  39.7298949, -83.7074315,   320.0, 2025, 11, 23, 18, 17, 42,       14,       16,  36, -30,   1.5,   0.8,   1.3,  0,  0, 23, 14,  0,  0, 21, 26, 22,  0,  0,  0,  0,  0,  0, 21,  0,  0,  0,  0,  0,  0,  0,  0,  0, 21, 10, 28,  0,  0, 15,  0
6, 11026, 11,KE8EXM,     2.15, 5,   coast,  -13.24,  96352.00,  422.44,  167.45,   89.02, 22.8, 4.10, 4.09, 4.09,  -3.84,  -3.07,   3.69, 553.20,  25.93, -12.69,  -0.22,  -0.07,   0.36,  11.43, 4.10, 0.00, 0.00, 0.00, 0.00, 1, 1,  9,  39.7298949, -83.7074315,   320.0, 2025, 11, 23, 18, 17, 42,       14,       16,  36, -30,   1.5,   0.8,   1.3,  0,  0, 23, 14,  0,  0, 21, 26, 22,  0,  0,  0,  0,  0,  0, 21,  0,  0,  0,  0,  0,  0,  0,  0,  0, 21, 10, 28,  0,  0, 15,  0
6, 11026, 11,KE8EXM,     2.16, 5,   coast,  -12.75,  96323.00,  424.96,  169.96,   88.89, 22.8, 4.10, 4.09, 4.09,  -3.84,  -3.54,   2.99, 554.00,  26.79, -12.69,  -0.21,  -0.05,   0.37,  11.70, 4.10, 0.00, 0.00, 0.00, 0.00, 1, 1,  9,  39.7298949, -83.7074315,   320.0, 2025, 11, 23, 18, 17, 42,       14,       16,  36, -30,   1.5,   0.8,   1.3,  0,  0, 23, 14,  0,  0, 21, 26, 22,  0,  0,  0,  0,  0,  0, 21,  0,  0,  0,  0,  0,  0,  0,  0,  0, 21, 10, 28,  0,  0, 15,  0
6, 11026, 11,KE8EXM,     2.16, 5,   coast,  -12.75,  96323.00,  424.96,  169.96,   88.89, 22.8, 4.10, 4.09, 4.09,  -3.84,  -3.54,   2.99, 554.00,  26.79, -12.69,  -0.21,  -0.05,   0.37,  11.70, 4.10, 0.00, 0.00, 0.00, 0.00, 1, 1,  9,  39.7298949, -83.7074315,   320.0, 2025, 11, 23, 18, 17, 42,       14,       16,  36, -30,   1.5,   0.8,   1.3,  0,  0, 23, 14,  0,  0, 21, 26, 22,  0,  0,  0,  0,  0,  0, 21,  0,  0,  0,  0,  0,  0,  0,  0,  0, 21, 10, 28,  0,  0, 15,  0
6, 11026, 11,KE8EXM,     2.16, 5,   coast,  -12.75,  96323.00,  424.96,  169.96,   88.89, 22.8, 4.10, 4.09, 4.09,  -3.84,  -3.54,   2.99, 554.00,  26.79, -12.69,  -0.21,  -0.05,   0.37,  11.70, 4.10, 0.00, 0.00, 0.00, 0.00, 1, 1,  9,  39.7298949, -83.7074315,   320.0, 2025, 11, 23, 18, 17, 42,       14,       16,  36, -30,   1.5,   0.8,   1.3,  0,  0, 23, 14,  0,  0, 21, 26, 22,  0,  0,  0,  0,  0,  0, 21,  0,  0,  0,  0,  0,  0,  0,  0,  0, 21, 10, 28,  0,  0, 15,  0
6, 11026, 11,KE8EXM,     2.17, 5,   coast,  -14.71,  96323.00,  424.96,  169.96,   88.75, 22.8, 4.10, 4.09, 4.09,  -3.79,  -1.93,   3.97, 551.56,  26.61, -11.41,  -0.21,  -0.04,   0.37,  11.96, 4.10, 0.00, 0.00, 0.00, 0.00, 1, 1,  8,  39.7301090, -83.7072576,   323.0, 2025, 11, 23, 18, 17, 43,       42,       42,  33,  -7,   1.6,   0.9,   1.3,  0,  0, 26,  0,  0,  0, 29, 25, 23,  0,  0,  0,  0,  0,  0, 14,  0,  0,  0,  0,  0,  0,  0,  0,  0, 15,  9, 27,  0,  0, 12,  0
6, 11026, 11,KE8EXM,     2.18, 5,   coast,  -15.69,  96308.00,  426.26,  171.26,   88.61, 22.8, 4.10, 4.09, 4.09,  -3.84,  -2.67,   3.42, 550.76,  27.09, -10.73,  -0.21,  -0.03,   0.38,  12.22, 4.10, 0.00, 0.00, 0.00, 0.00, 1, 1,  8,  39.7301090, -83.7072576,   323.0, 2025, 11, 23, 18, 17, 43,       42,       42,  33,  -7,   1.6,   0.9,   1.3,  0,  0, 26,  0,  0,  0, 29, 25, 23,  0,  0,  0,  0,  0,  0, 14,  0,  0,  0,  0,  0,  0,  0,  0,  0, 15,  9, 27,  0,  0, 12,  0
6, 11026, 11,KE8EXM,     2.19, 5,   coast,  -12.26,  96308.00,  426.26,  171.26,   88.48, 22.8, 4.10, 4.09, 4.09,  -3.80,  -3.15,   3.86, 549.85,  26.42,  -9.58,  -0.21,  -0.01,   0.38,  12.46, 4.10, 0.00, 0.00, 0.00, 0.00, 1, 1,  8,  39.7301090, -83.7072576,   323.0, 2025, 11, 23, 18, 17, 43,       42,       42,  33,  -7,   1.6,   0.9,   1.3,  0,  0, 26,  0,  0,  0, 29, 25, 23,  0,  0,  0,  0,  0,  0, 14,  0,  0,  0,  0,  0,  0,  0,  0,  0, 15,  9, 27,  0,  0, 12,  0
6, 11026, 11,KE8EXM,     2.20, 5,   coast,  -12.75,  96287.00,  428.08,  173.09,   88.35, 22.8, 4.10, 4.09, 4.09,  -3.73,  -2.54,   3.78, 549.36,  26.18,  -8.60,  -0.21,  -0.01,   0.38,  12.68, 4.10, 0.00, 0.00, 0.00, 0.00, 1, 1,  8,  39.7301090, -83.7072576,   323.0, 2025, 11, 23, 18, 17, 43,       42,       42,  33,  -7,   1.6,   0.9,   1.3,  0,  0, 26,  0,  0,  0, 29, 25, 23,  0,  0,  0,  0,  0,  0, 14,  0,  0,  0,  0,  0,  0,  0,  0,  0, 15,  9, 27,  0,  0, 12,  0
6, 11026, 11,KE8EXM,     2.21, 5,   coast,  -14.71,  96287.00,  428.08,  173.09,   88.21, 22.8, 4.10, 4.09, 4.09,  -3.83,  -3.34,   3.90, 548.99,  25.57,  -8.17,  -0.21,  -0.01,   0.38,  12.89, 4.10, 0.00, 0.00, 0.00, 0.00, 1, 1,  8,  39.7301090, -83.7072576,   323.0, 2025, 11, 23, 18, 17, 43,       42,       42,  33,  -7,   1.6,   0.9,   1.3,  0,  0, 26,  0,  0,  0, 29, 25, 23,  0,  0,  0,  0,  0,  0, 14,  0,  0,  0,  0,  0,  0,  0,  0,  0, 15,  9, 27,  0,  0, 12,  0
6, 11026, 11,KE8EXM,     2.22, 5,   coast,  -10.30,  96266.00,  429.90,  174.91,   88.08, 22.8, 4.10, 4.09, 4.09,  -3.81,  -3.56,   3.81, 548.69,  25.51,  -7.62,  -0.21,   0.02,   0.38,  13.08, 4.10, 0.00, 0.00, 0.00, 0.00, 1, 1,  8,  39.7301090, -83.7072576,   323.0, 2025, 11, 23, 18, 17, 43,       42,       42,  33,  -7,   1.6,   0.9,   1.3,  0,  0, 26,  0,  0,  0, 29, 25, 23,  0,  0,  0,  0,  0,  0, 14,  0,  0,  0,  0,  0,  0,  0,  0,  0, 15,  9, 27,  0,  0, 12,  0
6, 11026, 11,KE8EXM,     2.23, 5,   coast,  -14.71,  96266.00,  429.90,  174.91,   87.95, 22.8, 4.10, 4.09, 4.09,  -3.74,  -3.30,   4.21, 547.83,  25.02,  -7.32,  -0.21,   0.02,   0.38,  13.25, 4.10, 0.00, 0.00, 0.00, 0.00, 1, 1,  8,  39.7301090, -83.7072576,   323.0, 2025, 11, 23, 18, 17, 43,       42,       42,  33,  -7,   1.6,   0.9,   1.3,  0,  0, 26,  0,  0,  0, 29, 25, 23,  0,  0,  0,  0,  0,  0, 14,  0,  0,  0,  0,  0,  0,  0,  0,  0, 15,  9, 27,  0,  0, 12,  0
6, 11026, 11,KE8EXM,     2.24, 5,   coast,  -14.22,  96245.00,  431.72,  176.73,   87.81, 22.8, 4.10, 4.09, 4.09,  -3.78,  -4.05,   4.49, 547.59,  24.04,  -7.93,  -0.21,   0.04,   0.38,  13.40, 4.10, 0.00, 0.00, 0.00, 0.00, 1, 1,  8,  39.7301090, -83.7072576,   323.0, 2025, 11, 23, 18, 17, 43,       42,       42,  33,  -7,   1.6,   0.9,   1.3,  0,  0, 26,  0,  0,  0, 29, 25, 23,  0,  0,  0,  0,  0,  0, 14,  0,  0,  0,  0,  0,  0,  0,  0,  0, 15,  9, 27,  0,  0, 12,  0
6, 11026, 11,KE8EXM,     2.25, 5,   coast,  -14.22,  96245.00,  431.72,  176.73,   87.67, 22.8, 4.10, 4.09, 4.09,  -3.70,  -2.54,   4.33, 545.82,  23.13,  -7.07,  -0.21,   0.05,   0.37,  13.53, 4.10, 0.00, 0.00, 0.00, 0.00, 1, 1,  8,  39.7301090, -83.7072576,   323.0, 2025, 11, 23, 18, 17, 43,       42,       42,  33,  -7,   1.6,   0.9,   1.3,  0,  0, 26,  0,  0,  0, 29, 25, 23,  0,  0,  0,  0,  0,  0, 14,  0,  0,  0,  0,  0,  0,  0,  0,  0, 15,  9, 27,  0,  0, 12,  0
6, 11026, 11,KE8EXM,     2.26, 5,   coast,  -17.65,  96233.00,  432.76,  177.77,   87.53, 22.8, 4.08, 4.07, 4.08,  -3.74,  -3.43,   4.29, 545.64,  22.27,  -7.19,  -0.21,   0.06,   0.37,  13.63, 4.08, 0.00, 0.00, 0.00, 0.00, 1, 1,  8,  39.7301090, -83.7072576,   323.0, 2025, 11, 23, 18, 17, 43,       42,       42,  33,  -7,   1.6,   0.9,   1.3,  0,  0, 26,  0,  0,  0, 29, 25, 23,  0,  0,  0,  0,  0,  0, 14,  0,  0,  0,  0,  0,  0,  0,  0,  0, 15,  9, 27,  0,  0, 12,  0
6, 11026, 11,KE8EXM,     2.26, 5,   coast,  -17.65,  96233.00,  432.76,  177.77,   87.53, 22.8, 4.08, 4.07, 4.08,  -3.74,  -3.43,   4.29, 545.64,  22.27,  -7.19,  -0.21,   0.06,   0.37,  13.63, 4.08, 0.00, 0.00, 0.00, 0.00, 1, 1,  8,  39.7301090, -83.7072576,   323.0, 2025, 11, 23, 18, 17, 43,       42,       42,  33,  -7,   1.6,   0.9,   1.3,  0,  0, 26,  0,  0,  0, 29, 25, 23,  0,  0,  0,  0,  0,  0, 14,  0,  0,  0,  0,  0,  0,  0,  0,  0, 15,  9, 27,  0,  0, 12,  0
6, 11026, 11,KE8EXM,     2.27, 5,   coast,  -11.77,  96233.00,  432.76,  177.77,   87.40, 22.8, 4.08, 4.07, 4.08,  -3.78,  -3.92,   4.11, 544.42,  21.66,  -7.56,  -0.21,   0.07,   0.36,  13.72, 4.08, 0.00, 0.00, 0.00, 0.00, 1, 1,  8,  39.7301090, -83.7072576,   323.0, 2025, 11, 23, 18, 17, 43,       42,       42,  33,  -7,   1.6,   0.9,   1.3,  0,  0, 26,  0,  0,  0, 29, 25, 23,  0,  0,  0,  0,  0,  0, 14,  0,  0,  0,  0,  0,  0,  0,  0,  0, 15,  9, 27,  0,  0, 12,  0
6, 11026, 11,KE8EXM,     2.28, 5,   coast,  -12.26,  96212.00,  434.59,  179.59,   87.27, 22.8, 4.08, 4.07, 4.08,  -3.64,  -3.23,   4.37, 544.17,  20.62,  -7.13,  -0.21,   0.08,   0.35,  13.78, 4.08, 0.00, 0.00, 0.00, 0.00, 1, 1,  8,  39.7301090, -83.7072576,   323.0, 2025, 11, 23, 18, 17, 43,       42,       42,  33,  -7,   1.6,   0.9,   1.3,  0,  0, 26,  0,  0,  0, 29, 25, 23,  0,  0,  0,  0,  0,  0, 14,  0,  0,  0,  0,  0,  0,  0,  0,  0, 15,  9, 27,  0,  0, 12,  0
6, 11026, 11,KE8EXM,     2.29, 5,   coast,   -8.34,  96212.00,  434.59,  179.59,   87.15, 22.8, 4.08, 4.07, 4.08,  -3.69,  -3.58,   3.50, 543.74,  20.69,  -8.23,  -0.20,   0.09,   0.35,  13.81, 4.08, 0.00, 0.00, 0.00, 0.00, 1, 1,  8,  39.7301090, -83.7072576,   323.0, 2025, 11, 23, 18, 17, 43,       42,       42,  33,  -7,   1.6,   0.9,   1.3,  0,  0, 26,  0,  0,  0, 29, 25, 23,  0,  0,  0,  0,  0,  0, 14,  0,  0,  0,  0,  0,  0,  0,  0,  0, 15,  9, 27,  0,  0, 12,  0
6, 11026, 11,KE8EXM,     2.30, 5,   coast,  -11.77,  96185.00,  436.93,  181.94,   87.03, 22.8, 4.08, 4.07, 4.08,  -3.60,  -3.45,   4.61, 542.58,  19.22,  -8.05,  -0.21,   0.09,   0.34,  13.83, 4.08, 0.00, 0.00, 0.00, 0.00, 1, 1,  8,  39.7301090, -83.7072576,   323.0, 2025, 11, 23, 18, 17, 43,       42,       42,  33,  -7,   1.6,   0.9,   1.3,  0,  0, 26,  0,  0,  0, 29, 25, 23,  0,  0,  0,  0,  0,  0, 14,  0,  0,  0,  0,  0,  0,  0,  0,  0, 15,  9, 27,  0,  0, 12,  0
6, 11026, 11,KE8EXM,     2.31, 5,   coast,  -12.75,  96185.00,  436.93,  181.94,   86.91, 22.8, 4.08, 4.07, 4.08,  -3.69,  -3.51,   3.75, 542.46,  18.92,  -8.42,  -0.21,   0.10,   0.33,  13.82, 4.08, 0.00, 0.00, 0.00, 0.00, 1, 1,  8,  39.7301090, -83.7072576,   323.0, 2025, 11, 23, 18, 17, 43,       42,       42,  33,  -7,   1.6,   0.9,   1.3,  0,  0, 26,  0,  0,  0, 29, 25, 23,  0,  0,  0,  0,  0,  0, 14,  0,  0,  0,  0,  0,  0,  0,  0,  0, 15,  9, 27,  0,  0, 12,  0
6, 11026, 11,KE8EXM,     2.32, 5,   coast,  -14.71,  96165.00,  438.67,  183.68,   86.78, 22.8, 4.08, 4.07, 4.08,  -3.62,  -3.62,   3.86, 542.16,  18.18,  -8.42,  -0.21,   0.10,   0.33,  13.79, 4.08, 0.00, 0.00, 0.00, 0.00, 1, 1,  8,  39.7301090, -83.7072576,   323.0, 2025, 11, 23, 18, 17, 43,       42,       42,  33,  -7,   1.6,   0.9,   1.3,  0,  0, 26,  0,  0,  0, 29, 25, 23,  0,  0,  0,  0,  0,  0, 14,  0,  0,  0,  0,  0,  0,  0,  0,  0, 15,  9, 27,  0,  0, 12,  0
6, 11026, 11,KE8EXM,     2.33, 5,   coast,  -13.73,  96165.00,  438.67,  183.68,   86.65, 22.8, 4.08, 4.07, 4.08,  -3.61,  -3.72,   3.36, 542.71,  18.00,  -9.21,  -0.21,   0.11,   0.32,  13.74, 4.08, 0.00, 0.00, 0.00, 0.00, 1, 1,  8,  39.7301090, -83.7072576,   323.0, 2025, 11, 23, 18, 17, 43,       42,       42,  33,  -7,   1.6,   0.9,   1.3,  0,  0, 26,  0,  0,  0, 29, 25, 23,  0,  0,  0,  0,  0,  0, 14,  0,  0,  0,  0,  0,  0,  0,  0,  0, 15,  9, 27,  0,  0, 12,  0
6, 11026, 11,KE8EXM,     2.34, 5,   coast,  -13.73,  96143.00,  440.58,  185.59,   86.52, 22.8, 4.08, 4.07, 4.08,  -3.46,  -3.52,   3.20, 542.89,  17.88,  -9.70,  -0.21,   0.12,   0.30,  13.67, 4.08, 0.00, 0.00, 0.00, 0.00, 1, 1,  8,  39.7301090, -83.7072576,   323.0, 2025, 11, 23, 18, 17, 43,       42,       42,  33,  -7,   1.6,   0.9,   1.3,  0,  0, 26,  0,  0,  0, 29, 25, 23,  0,  0,  0,  0,  0,  0, 14,  0,  0,  0,  0,  0,  0,  0,  0,  0, 15,  9, 27,  0,  0, 12,  0
6, 11026, 11,KE8EXM,     2.35, 5,   coast,  -13.24,  96143.00,  440.58,  185.59,   86.38, 22.8, 4.08, 4.07, 4.08,  -3.53,  -3.79,   3.12, 543.26,  18.00, -10.31,  -0.21,   0.12,   0.29,  13.58, 4.08, 0.00, 0.00, 0.00, 0.00, 1, 1,  8,  39.7301090, -83.7072576,   323.0, 2025, 11, 23, 18, 17, 43,       42,       42,  33,  -7,   1.6,   0.9,   1.3,  0,  0, 26,  0,  0,  0, 29, 25, 23,  0,  0,  0,  0,  0,  0, 14,  0,  0,  0,  0,  0,  0,  0,  0,  0, 15,  9, 27,  0,  0, 12,  0
6, 11026, 11,KE8EXM,     2.36, 5,   coast,  -14.22,  96133.00,  441.45,  186.45,   86.25, 22.8, 4.08, 4.07, 4.08,  -3.51,  -3.22,   2.98, 542.58,  18.37, -10.73,  -0.21,   0.12,   0.28,  13.46, 4.08, 0.00, 0.00, 0.00, 0.00, 1, 1,  8,  39.7301090, -83.7072576,   323.0, 2025, 11, 23, 18, 17, 43,       42,       42,  33,  -7,   1.6,   0.9,   1.3,  0,  0, 26,  0,  0,  0, 29, 25, 23,  0,  0,  0,  0,  0,  0, 14,  0,  0,  0,  0,  0,  0,  0,  0,  0, 15,  9, 27,  0,  0, 12,  0
6, 11026, 11,KE8EXM,     2.37, 5,   coast,  -12.75,  96133.00,  441.45,  186.45,   86.11, 22.8, 4.08, 4.07, 4.08,  -3.50,  -3.49,   3.91, 542.22,  18.37, -11.28,  -0.21,   0.12,   0.27,  13.33, 4.08, 0.00, 0.00, 0.00, 0.00, 1, 1,  8,  39.7301090, -83.7072576,   323.0, 2025, 11, 23, 18, 17, 43,       42,       42,  33,  -7,   1.6,   0.9,   1.3,  0,  0, 26,  0,  0,  0, 29, 25, 23,  0,  0,  0,  0,  0,  0, 14,  0,  0,  0,  0,  0,  0,  0,  0,  0, 15,  9, 27,  0,  0, 12,  0
6, 11026, 11,KE8EXM,     2.38, 5,   coast,  -14.22,  96113.00,  443.18,  188.19,   85.98, 22.8, 4.08, 4.07, 4.08,  -3.49,  -2.55,   2.61, 541.97,  19.53, -11.16,  -0.21,   0.13,   0.26,  13.19, 4.08, 0.00, 0.00, 0.00, 0.00, 1, 1,  8,  39.7301090, -83.7072576,   323.0, 2025, 11, 23, 18, 17, 43,       42,       42,  33,  -7,   1.6,   0.9,   1.3,  0,  0, 26,  0,  0,  0, 29, 25, 23,  0,  0,  0,  0,  0,  0, 14,  0,  0,  0,  0,  0,  0,  0,  0,  0, 15,  9, 27,  0,  0, 12,  0
6, 11026, 11,KE8EXM,     2.39, 5,   coast,  -13.24,  96113.00,  443.18,  188.19,   85.84, 22.8, 4.08, 4.07, 4.08,  -3.52,  -3.38,   4.55, 539.78,  18.55, -11.47,  -0.21,   0.13,   0.25,  13.03, 4.08, 0.00, 0.00, 0.00, 0.00, 1, 1,  8,  39.7301090, -83.7072576,   323.0, 2025, 11, 23, 18, 17, 43,       42,       42,  33,  -7,   1.6,   0.9,   1.3,  0,  0, 26,  0,  0,  0, 29, 25, 23,  0,  0,  0,  0,  0,  0, 14,  0,  0,  0,  0,  0,  0,  0,  0,  0, 15,  9, 27,  0,  0, 12,  0
6, 11026, 11,KE8EXM,     2.40, 5,   coast,  -13.24,  96097.00,  444.57,  189.58,   85.71, 22.8, 4.08, 4.07, 4.08,  -3.49,  -3.50,   3.22, 540.08,  19.04, -11.53,  -0.21,   0.13,   0.24,  12.85, 4.08, 0.00, 0.00, 0.00, 0.00, 1, 1,  8,  39.7301090, -83.7072576,   323.0, 2025, 11, 23, 18, 17, 43,       42,       42,  33,  -7,   1.6,   0.9,   1.3,  0,  0, 26,  0,  0,  0, 29, 25, 23,  0,  0,  0,  0,  0,  0, 14,  0,  0,  0,  0,  0,  0,  0,  0,  0, 15,  9, 27,  0,  0, 12,  0
6, 11026, 11,KE8EXM,     2.41, 5,   coast,  -13.24,  96097.00,  444.57,  189.58,   85.57, 22.8, 4.08, 4.07, 4.08,  -3.47,  -3.16,   3.89, 538.62,  18.37, -11.41,  -0.21,   0.12,   0.23,  12.67, 4.08, 0.00, 0.00, 0.00, 0.00, 1, 1,  8,  39.7301090, -83.7072576,   323.0, 2025, 11, 23, 18, 17, 43,       42,       42,  33,  -7,   1.6,   0.9,   1.3,  0,  0, 26,  0,  0,  0, 29, 25, 23,  0,  0,  0,  0,  0,  0, 14,  0,  0,  0,  0,  0,  0,  0,  0,  0, 15,  9, 27,  0,  0, 12,  0
6, 11026, 11,KE8EXM,     2.42, 5,   coast,  -14.22,  96072.00,  446.75,  191.75,   85.43, 22.8, 4.08, 4.07, 4.08,  -3.41,  -3.75,   3.23, 538.25,  18.61, -11.59,  -0.21,   0.12,   0.22,  12.48, 4.08, 0.00, 0.00, 0.00, 0.00, 1, 1,  8,  39.7301090, -83.7072576,   323.0, 2025, 11, 23, 18, 17, 43,       42,       42,  33,  -7,   1.6,   0.9,   1.3,  0,  0, 26,  0,  0,  0, 29, 25, 23,  0,  0,  0,  0,  0,  0, 14,  0,  0,  0,  0,  0,  0,  0,  0,  0, 15,  9, 27,  0,  0, 12,  0
6, 11026, 11,KE8EXM,     2.43, 5,   coast,  -18.14,  96072.00,  446.75,  191.75,   85.29, 22.8, 4.08, 4.07, 4.08,  -3.40,  -3.66,   3.40, 538.43,  18.49, -12.75,  -0.21,   0.12,   0.22,  12.27, 4.08, 0.00, 0.00, 0.00, 0.00, 1, 1,  8,  39.7301090, -83.7072576,   323.0, 2025, 11, 23, 18, 17, 43,       42,       42,  33,  -7,   1.6,   0.9,   1.3,  0,  0, 26,  0,  0,  0, 29, 25, 23,  0,  0,  0,  0,  0,  0, 14,  0,  0,  0,  0,  0,  0,  0,  0,  0, 15,  9, 27,  0,  0, 12,  0
6, 11026, 11,KE8EXM,     2.44, 5,   coast,  -13.24,  96057.00,  448.05,  193.06,   85.15, 22.8, 4.08, 4.07, 4.08,  -3.48,  -2.46,   2.82, 538.86,  19.22, -12.87,  -0.21,   0.11,   0.20,  12.04, 4.08, 0.00, 0.00, 0.00, 0.00, 1, 1,  8,  39.7301090, -83.7072576,   323.0, 2025, 11, 23, 18, 17, 43,       42,       42,  33,  -7,   1.6,   0.9,   1.3,  0,  0, 26,  0,  0,  0, 29, 25, 23,  0,  0,  0,  0,  0,  0, 14,  0,  0,  0,  0,  0,  0,  0,  0,  0, 15,  9, 27,  0,  0, 12,  0
6, 11026, 11,KE8EXM,     2.45, 5,   coast,   -9.81,  96057.00,  448.05,  193.06,   85.03, 22.8, 4.08, 4.07, 4.08,  -3.46,  -1.95,   3.38, 537.40,  19.28, -12.57,  -0.21,   0.11,   0.19,  11.82, 4.08, 0.00, 0.00, 0.00, 0.00, 1, 1,  8,  39.7301090, -83.7072576,   323.0, 2025, 11, 23, 18, 17, 43,       42,       42,  33,  -7,   1.6,   0.9,   1.3,  0,  0, 26,  0,  0,  0, 29, 25, 23,  0,  0,  0,  0,  0,  0, 14,  0,  0,  0,  0,  0,  0,  0,  0,  0, 15,  9, 27,  0,  0, 12,  0
6, 11026, 11,KE8EXM,     2.46, 5,   coast,  -10.79,  96036.00,  449.88,  194.88,   84.90, 22.8, 4.08, 4.07, 4.08,  -3.43,  -3.61,   3.16, 538.31,  19.59, -12.63,  -0.22,   0.10,   0.18,  11.59, 4.08, 0.00, 0.00, 0.00, 0.00, 1, 1,  8,  39.7301090, -83.7072576,   323.0, 2025, 11, 23, 18, 17, 43,       42,       42,  33,  -7,   1.6,   0.9,   1.3,  0,  0, 26,  0,  0,  0, 29, 25, 23,  0,  0,  0,  0,  0,  0, 14,  0,  0,  0,  0,  0,  0,  0,  0,  0, 15,  9, 27,  0,  0, 12,  0
6, 11026, 11,KE8EXM,     2.47, 5,   coast,  -12.75,  96036.00,  449.88,  194.88,   84.78, 22.8, 4.08, 4.07, 4.08,  -3.41,  -2.51,   2.99, 538.25,  19.83, -11.89,  -0.21,   0.09,   0.17,  11.36, 4.08, 0.00, 0.00, 0.00, 0.00, 1, 1,  8,  39.7301090, -83.7072576,   323.0, 2025, 11, 23, 18, 17, 43,       42,       42,  33,  -7,   1.6,   0.9,   1.3,  0,  0, 26,  0,  0,  0, 29, 25, 23,  0,  0,  0,  0,  0,  0, 14,  0,  0,  0,  0,  0,  0,  0,  0,  0, 15,  9, 27,  0,  0, 12,  0
6, 11026, 11,KE8EXM,     2.48, 5,   coast,  -13.73,  96010.00,  452.14,  197.14,   84.66, 22.8, 4.08, 4.07, 4.08,  -3.41,  -2.53,   3.32, 536.60,  20.01, -11.65,  -0.22,   0.08,   0.17,  11.13, 4.08, 0.00, 0.00, 0.00, 0.00, 1, 1,  8,  39.7301090, -83.7072576,   323.0, 2025, 11, 23, 18, 17, 43,       42,       42,  33,  -7,   1.6,   0.9,   1.3,  0,  0, 26,  0,  0,  0, 29, 25, 23,  0,  0,  0,  0,  0,  0, 14,  0,  0,  0,  0,  0,  0,  0,  0,  0, 15,  9, 27,  0,  0, 12,  0
6, 11026, 11,KE8EXM,     2.49, 5,   coast,  -11.77,  96010.00,  452.14,  197.14,   84.53, 22.8, 4.08, 4.07, 4.08,  -3.35,  -4.05,   2.86, 535.99,  19.89, -11.71,  -0.22,   0.08,   0.16,  10.90, 4.08, 0.00, 0.00, 0.00, 0.00, 1, 1,  8,  39.7301090, -83.7072576,   323.0, 2025, 11, 23, 18, 17, 43,       42,       42,  33,  -7,   1.6,   0.9,   1.3,  0,  0, 26,  0,  0,  0, 29, 25, 23,  0,  0,  0,  0,  0,  0, 14,  0,  0,  0,  0,  0,  0,  0,  0,  0, 15,  9, 27,  0,  0, 12,  0
6, 11026, 11,KE8EXM,     2.50, 5,   coast,  -11.77,  95998.00,  453.18,  198.19,   84.40, 22.8, 4.08, 4.07, 4.08,  -3.46,  -2.44,   3.15, 535.81,  20.50, -11.41,  -0.22,   0.07,   0.15,  10.67, 4.08, 0.00, 0.00, 0.00, 0.00, 1, 1,  8,  39.7301090, -83.7072576,   323.0, 2025, 11, 23, 18, 17, 43,       42,       42,  33,  -7,   1.6,   0.9,   1.3,  0,  0, 26,  0,  0,  0, 29, 25, 23,  0,  0,  0,  0,  0,  0, 14,  0,  0,  0,  0,  0,  0,  0,  0,  0, 15,  9, 27,  0,  0, 12,  0
6, 11026, 11,KE8EXM,     2.51, 5,   coast,  -16.67,  95998.00,  453.18,  198.19,   84.27, 22.8, 4.08, 4.07, 4.08,  -3.36,  -3.23,   3.17, 534.28,  20.56, -12.08,  -0.22,   0.06,   0.15,  10.44, 4.08, 0.00, 0.00, 0.00, 0.00, 1, 1,  8,  39.7301090, -83.7072576,   323.0, 2025, 11, 23, 18, 17, 43,       42,       42,  33,  -7,   1.6,   0.9,   1.3,  0,  0, 26,  0,  0,  0, 29, 25, 23,  0,  0,  0,  0,  0,  0, 14,  0,  0,  0,  0,  0,  0,  0,  0,  0, 15,  9, 27,  0,  0, 12,  0
6, 11026, 11,KE8EXM,     2.52, 5,   coast,  -13.73,  95978.00,  454.92,  199.93,   84.14, 22.8, 4.08, 4.07, 4.08,  -3.36,  -2.46,   3.36, 532.82,  20.75, -11.10,  -0.22,   0.05,   0.15,  10.22, 4.08, 0.00, 0.00, 0.00, 0.00, 1, 1,  8,  39.7301090, -83.7072576,   323.0, 2025, 11, 23, 18, 17, 43,       42,       42,  33,  -7,   1.6,   0.9,   1.3,  0,  0, 26,  0,  0,  0, 29, 25, 23,  0,  0,  0,  0,  0,  0, 14,  0,  0,  0,  0,  0,  0,  0,  0,  0, 15,  9, 27,  0,  0, 12,  0
6, 11026, 11,KE8EXM,     2.53, 5,   coast,  -11.28,  95978.00,  454.92,  199.93,   84.00, 22.8, 4.08, 4.07, 4.08,  -3.38,  -3.18,   3.23, 531.54,  21.23, -11.59,  -0.22,   0.03,   0.14,  10.01, 4.08, 0.00, 0.00, 0.00, 0.00, 1, 1,  8,  39.7301090, -83.7072576,   323.0, 2025, 11, 23, 18, 17, 43,       42,       42,  33,  -7,   1.6,   0.9,   1.3,  0,  0, 26,  0,  0,  0, 29, 25, 23,  0,  0,  0,  0,  0,  0, 14,  0,  0,  0,  0,  0,  0,  0,  0,  0, 15,  9, 27,  0,  0, 12,  0
6, 11026, 11,KE8EXM,     2.54, 5,   coast,  -12.75,  95958.00,  456.66,  201.67,   83.87, 22.8, 4.08, 4.07, 4.08,  -3.45,  -2.97,   3.94, 530.44,  20.87, -11.35,  -0.22,   0.03,   0.14,   9.81, 4.08, 0.00, 0.00, 0.00, 0.00, 1, 1,  8,  39.7301090, -83.7072576,   323.0, 2025, 11, 23, 18, 17, 43,       42,       42,  33,  -7,   1.6,   0.9,   1.3,  0,  0, 26,  0,  0,  0, 29, 25, 23,  0,  0,  0,  0,  0,  0, 14,  0,  0,  0,  0,  0,  0,  0,  0,  0, 15,  9, 27,  0,  0, 12,  0
6, 11026, 11,KE8EXM,     2.55, 5,   coast,  -12.75,  95958.00,  456.66,  201.67,   83.75, 22.8, 4.08, 4.07, 4.08,  -3.43,  -1.87,   4.02, 528.49,  20.93, -10.92,  -0.22,   0.01,   0.14,   9.63, 4.08, 0.00, 0.00, 0.00, 0.00, 1, 1,  8,  39.7301090, -83.7072576,   323.0, 2025, 11, 23, 18, 17, 43,       42,       42,  33,  -7,   1.6,   0.9,   1.3,  0,  0, 26,  0,  0,  0, 29, 25, 23,  0,  0,  0,  0,  0,  0, 14,  0,  0,  0,  0,  0,  0,  0,  0,  0, 15,  9, 27,  0,  0, 12,  0
6, 11026, 11,KE8EXM,     2.56, 5,   coast,  -13.73,  95943.00,  457.96,  202.97,   83.62, 22.8, 4.08, 4.07, 4.08,  -3.49,  -3.22,   3.55, 527.87,  20.69, -11.10,  -0.22,   0.01,   0.14,   9.46, 4.08, 0.00, 0.00, 0.00, 0.00, 1, 1,  8,  39.7301090, -83.7072576,   323.0, 2025, 11, 23, 18, 17, 43,       42,       42,  33,  -7,   1.6,   0.9,   1.3,  0,  0, 26,  0,  0,  0, 29, 25, 23,  0,  0,  0,  0,  0,  0, 14,  0,  0,  0,  0,  0,  0,  0,  0,  0, 15,  9, 27,  0,  0, 12,  0
6, 11026, 11,KE8EXM,     2.57, 5,   coast,  -11.77,  95943.00,  457.96,  202.97,   83.50, 22.8, 4.08, 4.07, 4.08,  -3.33,  -2.46,   4.40, 528.00,  19.77, -10.25,  -0.22,  -0.01,   0.14,   9.33, 4.08, 0.00, 0.00, 0.00, 0.00, 1, 1,  8,  39.7301090, -83.7072576,   323.0, 2025, 11, 23, 18, 17, 43,       42,       42,  33,  -7,   1.6,   0.9,   1.3,  0,  0, 26,  0,  0,  0, 29, 25, 23,  0,  0,  0,  0,  0,  0, 14,  0,  0,  0,  0,  0,  0,  0,  0,  0, 15,  9, 27,  0,  0, 12,  0
6, 11026, 11,KE8EXM,     2.58, 5,   coast,  -11.28,  95930.00,  459.10,  204.10,   83.37, 22.8, 4.09, 4.08, 4.09,  -3.41,  -2.42,   3.46, 527.02,  20.26, -10.67,  -0.22,  -0.01,   0.14,   9.21, 4.10, 0.00, 0.00, 0.00, 0.00, 1, 1,  8,  39.7301090, -83.7072576,   323.0, 2025, 11, 23, 18, 17, 43,       42,       42,  33,  -7,   1.6,   0.9,   1.3,  0,  0, 26,  0,  0,  0, 29, 25, 23,  0,  0,  0,  0,  0,  0, 14,  0,  0,  0,  0,  0,  0,  0,  0,  0, 15,  9, 27,  0,  0, 12,  0
6, 11026, 11,KE8EXM,     2.58, 5,   coast,  -11.28,  95930.00,  459.10,  204.10,   83.37, 22.8, 4.09, 4.08, 4.09,  -3.41,  -2.42,   3.46, 527.02,  20.26, -10.67,  -0.22,  -0.01,   0.14,   9.21, 4.10, 0.00, 0.00, 0.00, 0.00, 1, 1,  8,  39.7301090, -83.7072576,   323.0, 2025, 11, 23, 18, 17, 43,       42,       42,  33,  -7,   1.6,   0.9,   1.3,  0,  0, 26,  0,  0,  0, 29, 25, 23,  0,  0,  0,  0,  0,  0, 14,  0,  0,  0,  0,  0,  0,  0,  0,  0, 15,  9, 27,  0,  0, 12,  0
6, 11026, 11,KE8EXM,     2.59, 5,   coast,  -12.75,  95930.00,  459.10,  204.10,   83.24, 22.8, 4.09, 4.08, 4.09,  -3.37,  -2.60,   4.40, 525.74,  19.65, -10.49,  -0.22,  -0.02,   0.15,   9.11, 4.10, 0.00, 0.00, 0.00, 0.00, 1, 1,  8,  39.7301090, -83.7072576,   323.0, 2025, 11, 23, 18, 17, 43,       42,       42,  33,  -7,   1.6,   0.9,   1.3,  0,  0, 26,  0,  0,  0, 29, 25, 23,  0,  0,  0,  0,  0,  0, 14,  0,  0,  0,  0,  0,  0,  0,  0,  0, 15,  9, 27,  0,  0, 12,  0
6, 11026, 11,KE8EXM,     2.60, 5,   coast,  -14.22,  95909.00,  460.92,  205.93,   83.11, 22.8, 4.09, 4.08, 4.09,  -3.32,  -2.02,   4.82, 524.46,  18.67,  -9.82,  -0.22,  -0.03,   0.15,   9.04, 4.10, 0.00, 0.00, 0.00, 0.00, 1, 1,  8,  39.7301090, -83.7072576,   323.0, 2025, 11, 23, 18, 17, 43,       42,       42,  33,  -7,   1.6,   0.9,   1.3,  0,  0, 26,  0,  0,  0, 29, 25, 23,  0,  0,  0,  0,  0,  0, 14,  0,  0,  0,  0,  0,  0,  0,  0,  0, 15,  9, 27,  0,  0, 12,  0
6, 11026, 11,KE8EXM,     2.61, 5,   coast,  -13.73,  95909.00,  460.92,  205.93,   82.98, 22.8, 4.09, 4.08, 4.09,  -3.36,  -2.75,   4.04, 524.33,  18.55, -10.61,  -0.22,  -0.04,   0.16,   9.01, 4.10, 0.00, 0.00, 0.00, 0.00, 1, 1,  8,  39.7301090, -83.7072576,   323.0, 2025, 11, 23, 18, 17, 43,       42,       42,  33,  -7,   1.6,   0.9,   1.3,  0,  0, 26,  0,  0,  0, 29, 25, 23,  0,  0,  0,  0,  0,  0, 14,  0,  0,  0,  0,  0,  0,  0,  0,  0, 15,  9, 27,  0,  0, 12,  0
6, 11026, 11,KE8EXM,     2.62, 5,   coast,  -14.22,  95884.00,  463.10,  208.11,   82.84, 22.8, 4.09, 4.08, 4.09,  -3.39,  -1.82,   5.19, 523.11,  16.84,  -9.76,  -0.22,  -0.06,   0.16,   8.99, 4.10, 0.00, 0.00, 0.00, 0.00, 1, 1,  8,  39.7301090, -83.7072576,   323.0, 2025, 11, 23, 18, 17, 43,       42,       42,  33,  -7,   1.6,   0.9,   1.3,  0,  0, 26,  0,  0,  0, 29, 25, 23,  0,  0,  0,  0,  0,  0, 14,  0,  0,  0,  0,  0,  0,  0,  0,  0, 15,  9, 27,  0,  0, 12,  0
6, 11026, 11,KE8EXM,     2.63, 5,   coast,  -16.67,  95884.00,  463.10,  208.11,   82.70, 22.8, 4.09, 4.08, 4.09,  -3.37,  -2.64,   4.22, 520.31,  16.53,  -9.58,  -0.22,  -0.06,   0.17,   9.00, 4.10, 0.00, 0.00, 0.00, 0.00, 1, 1,  8,  39.7301090, -83.7072576,   323.0, 2025, 11, 23, 18, 17, 43,       42,       42,  33,  -7,   1.6,   0.9,   1.3,  0,  0, 26,  0,  0,  0, 29, 25, 23,  0,  0,  0,  0,  0,  0, 14,  0,  0,  0,  0,  0,  0,  0,  0,  0, 15,  9, 27,  0,  0, 12,  0
6, 11026, 11,KE8EXM,     2.64, 5,   coast,  -12.26,  95863.00,  464.93,  209.93,   82.56, 22.8, 4.09, 4.08, 4.09,  -3.29,  -2.98,   4.58, 518.96,  14.95,  -9.51,  -0.22,  -0.07,   0.18,   9.04, 4.10, 0.00, 0.00, 0.00, 0.00, 1, 1,  8,  39.7301090, -83.7072576,   323.0, 2025, 11, 23, 18, 17, 43,       42,       42,  33,  -7,   1.6,   0.9,   1.3,  0,  0, 26,  0,  0,  0, 29, 25, 23,  0,  0,  0,  0,  0,  0, 14,  0,  0,  0,  0,  0,  0,  0,  0,  0, 15,  9, 27,  0,  0, 12,  0
6, 11026, 11,KE8EXM,     2.65, 5,   coast,  -11.77,  95863.00,  464.93,  209.93,   82.42, 22.8, 4.09, 4.08, 4.09,  -3.36,  -3.95,   3.89, 518.72,  14.46, -10.37,  -0.22,  -0.07,   0.18,   9.11, 4.10, 0.00, 0.00, 0.00, 0.00, 1, 1,  8,  39.7301090, -83.7072576,   323.0, 2025, 11, 23, 18, 17, 43,       42,       42,  33,  -7,   1.6,   0.9,   1.3,  0,  0, 26,  0,  0,  0, 29, 25, 23,  0,  0,  0,  0,  0,  0, 14,  0,  0,  0,  0,  0,  0,  0,  0,  0, 15,  9, 27,  0,  0, 12,  0
6, 11026, 11,KE8EXM,     2.66, 5,   coast,  -14.71,  95841.00,  466.84,  211.85,   82.28, 22.8, 4.09, 4.08, 4.09,  -3.28,  -3.19,   3.64, 519.33,  13.79, -10.67,  -0.22,  -0.08,   0.19,   9.19, 4.10, 0.00, 0.00, 0.00, 0.00, 1, 1,  8,  39.7301090, -83.7072576,   323.0, 2025, 11, 23, 18, 17, 43,       42,       42,  33,  -7,   1.6,   0.9,   1.3,  0,  0, 26,  0,  0,  0, 29, 25, 23,  0,  0,  0,  0,  0,  0, 14,  0,  0,  0,  0,  0,  0,  0,  0,  0, 15,  9, 27,  0,  0, 12,  0
6, 11026, 11,KE8EXM,     2.67, 5,   coast,  -14.22,  95841.00,  466.84,  211.85,   82.15, 22.8, 4.09, 4.08, 4.09,  -3.26,  -3.25,   3.71, 518.05,  13.67, -11.96,  -0.22,  -0.09,   0.20,   9.31, 4.10, 0.00, 0.00, 0.00, 0.00, 1, 1,  8,  39.7301090, -83.7072576,   323.0, 2025, 11, 23, 18, 17, 43,       42,       42,  33,  -7,   1.6,   0.9,   1.3,  0,  0, 26,  0,  0,  0, 29, 25, 23,  0,  0,  0,  0,  0,  0, 14,  0,  0,  0,  0,  0,  0,  0,  0,  0, 15,  9, 27,  0,  0, 12,  0
6, 11026, 11,KE8EXM,     2.68, 5,   coast,  -14.22,  95825.00,  468.24,  213.24,   82.01, 22.8, 4.09, 4.08, 4.09,  -3.34,  -3.86,   3.15, 518.35,  13.61, -13.18,  -0.22,  -0.09,   0.21,   9.45, 4.10, 0.00, 0.00, 0.00, 0.00, 1, 1,  8,  39.7301090, -83.7072576,   323.0, 2025, 11, 23, 18, 17, 43,       42,       42,  33,  -7,   1.6,   0.9,   1.3,  0,  0, 26,  0,  0,  0, 29, 25, 23,  0,  0,  0,  0,  0,  0, 14,  0,  0,  0,  0,  0,  0,  0,  0,  0, 15,  9, 27,  0,  0, 12,  0
6, 11026, 11,KE8EXM,     2.69, 5,   coast,  -14.22,  95825.00,  468.24,  213.24,   81.87, 22.8, 4.09, 4.08, 4.09,  -3.25,  -2.85,   3.46, 517.50,  13.54, -13.48,  -0.22,  -0.10,   0.23,   9.60, 4.10, 0.00, 0.00, 0.00, 0.00, 1, 1,  8,  39.7301090, -83.7072576,   323.0, 2025, 11, 23, 18, 17, 43,       42,       42,  33,  -7,   1.6,   0.9,   1.3,  0,  0, 26,  0,  0,  0, 29, 25, 23,  0,  0,  0,  0,  0,  0, 14,  0,  0,  0,  0,  0,  0,  0,  0,  0, 15,  9, 27,  0,  0, 12,  0
6, 11026, 11,KE8EXM,     2.70, 5,   coast,  -13.73,  95816.00,  469.02,  214.03,   81.73, 22.8, 4.09, 4.08, 4.09,  -3.20,  -3.35,   2.77, 517.19,  14.40, -14.82,  -0.22,  -0.10,   0.23,   9.78, 4.10, 0.00, 0.00, 0.00, 0.00, 1, 1,  8,  39.7301090, -83.7072576,   323.0, 2025, 11, 23, 18, 17, 43,       42,       42,  33,  -7,   1.6,   0.9,   1.3,  0,  0, 26,  0,  0,  0, 29, 25, 23,  0,  0,  0,  0,  0,  0, 14,  0,  0,  0,  0,  0,  0,  0,  0,  0, 15,  9, 27,  0,  0, 12,  0
6, 11026, 11,KE8EXM,     2.71, 5,   coast,  -13.24,  95816.00,  469.02,  214.03,   81.59, 22.8, 4.09, 4.08, 4.09,  -3.18,  -2.98,   3.42, 516.03,  14.70, -15.50,  -0.22,  -0.10,   0.25,   9.98, 4.10, 0.00, 0.00, 0.00, 0.00, 1, 1,  8,  39.7301090, -83.7072576,   323.0, 2025, 11, 23, 18, 17, 43,       42,       42,  33,  -7,   1.6,   0.9,   1.3,  0,  0, 26,  0,  0,  0, 29, 25, 23,  0,  0,  0,  0,  0,  0, 14,  0,  0,  0,  0,  0,  0,  0,  0,  0, 15,  9, 27,  0,  0, 12,  0
6, 11026, 11,KE8EXM,     2.72, 5,   coast,  -14.22,  95797.00,  470.67,  215.68,   81.46, 22.8, 4.09, 4.08, 4.09,  -3.23,  -2.18,   3.11, 514.08,  15.56, -16.04,  -0.22,  -0.10,   0.26,  10.20, 4.10, 0.00, 0.00, 0.00, 0.00, 1, 1,  8,  39.7301090, -83.7072576,   323.0, 2025, 11, 23, 18, 17, 43,       42,       42,  33,  -7,   1.6,   0.9,   1.3,  0,  0, 26,  0,  0,  0, 29, 25, 23,  0,  0,  0,  0,  0,  0, 14,  0,  0,  0,  0,  0,  0,  0,  0,  0, 15,  9, 27,  0,  0, 12,  0
6, 11026, 11,KE8EXM,     2.73, 5,   coast,  -12.26,  95797.00,  470.67,  215.68,   81.32, 22.8, 4.09, 4.08, 4.09,  -3.23,  -2.51,   2.95, 513.17,  15.74, -16.41,  -0.22,  -0.10,   0.27,  10.42, 4.10, 0.00, 0.00, 0.00, 0.00, 1, 1,  8,  39.7301090, -83.7072576,   323.0, 2025, 11, 23, 18, 17, 43,       42,       42,  33,  -7,   1.6,   0.9,   1.3,  0,  0, 26,  0,  0,  0, 29, 25, 23,  0,  0,  0,  0,  0,  0, 14,  0,  0,  0,  0,  0,  0,  0,  0,  0, 15,  9, 27,  0,  0, 12,  0
6, 11026, 11,KE8EXM,     2.74, 5,   coast,  -15.20,  95762.00,  473.72,  218.73,   81.18, 22.8, 4.09, 4.08, 4.09,  -3.08,  -1.94,   3.38, 511.70,  15.92, -16.04,  -0.22,  -0.10,   0.27,  10.64, 4.10, 0.00, 0.00, 0.00, 0.00, 1, 1,  8,  39.7301090, -83.7072576,   323.0, 2025, 11, 23, 18, 17, 43,       42,       42,  33,  -7,   1.6,   0.9,   1.3,  0,  0, 26,  0,  0,  0, 29, 25, 23,  0,  0,  0,  0,  0,  0, 14,  0,  0,  0,  0,  0,  0,  0,  0,  0, 15,  9, 27,  0,  0, 12,  0
6, 11026, 11,KE8EXM,     2.75, 5,   coast,  -14.22,  95762.00,  473.72,  218.73,   81.04, 22.8, 4.09, 4.08, 4.09,  -3.17,  -1.90,   2.82, 510.85,  16.96, -15.80,  -0.22,  -0.10,   0.29,  10.87, 4.10, 0.00, 0.00, 0.00, 0.00, 1, 1,  8,  39.7301090, -83.7072576,   323.0, 2025, 11, 23, 18, 17, 43,       42,       42,  33,  -7,   1.6,   0.9,   1.3,  0,  0, 26,  0,  0,  0, 29, 25, 23,  0,  0,  0,  0,  0,  0, 14,  0,  0,  0,  0,  0,  0,  0,  0,  0, 15,  9, 27,  0,  0, 12,  0
6, 11026, 11,KE8EXM,     2.76, 5,   coast,  -13.73,  95758.00,  474.07,  219.08,   80.90, 22.8, 4.09, 4.08, 4.09,  -3.18,  -2.36,   3.19, 509.26,  16.90, -15.56,  -0.22,  -0.10,   0.29,  11.10, 4.10, 0.00, 0.00, 0.00, 0.00, 1, 1,  8,  39.7301090, -83.7072576,   323.0, 2025, 11, 23, 18, 17, 43,       42,       42,  33,  -7,   1.6,   0.9,   1.3,  0,  0, 26,  0,  0,  0, 29, 25, 23,  0,  0,  0,  0,  0,  0, 14,  0,  0,  0,  0,  0,  0,  0,  0,  0, 15,  9, 27,  0,  0, 12,  0
6, 11026, 11,KE8EXM,     2.77, 5,   coast,  -16.67,  95758.00,  474.07,  219.08,   80.75, 22.8, 4.09, 4.08, 4.09,  -3.16,  -1.95,   2.94, 508.77,  17.57, -15.01,  -0.21,  -0.09,   0.30,  11.33, 4.10, 0.00, 0.00, 0.00, 0.00, 1, 1,  8,  39.7301090, -83.7072576,   323.0, 2025, 11, 23, 18, 17, 43,       42,       42,  33,  -7,   1.6,   0.9,   1.3,  0,  0, 26,  0,  0,  0, 29, 25, 23,  0,  0,  0,  0,  0,  0, 14,  0,  0,  0,  0,  0,  0,  0,  0,  0, 15,  9, 27,  0,  0, 12,  0
6, 11026, 11,KE8EXM,     2.78, 5,   coast,  -13.73,  95745.00,  475.21,  220.21,   80.61, 22.8, 4.09, 4.08, 4.09,  -3.21,  -2.28,   2.82, 508.34,  17.88, -15.37,  -0.21,  -0.09,   0.32,  11.57, 4.10, 0.00, 0.00, 0.00, 0.00, 1, 1,  8,  39.7301090, -83.7072576,   323.0, 2025, 11, 23, 18, 17, 43,       42,       42,  33,  -7,   1.6,   0.9,   1.3,  0,  0, 26,  0,  0,  0, 29, 25, 23,  0,  0,  0,  0,  0,  0, 14,  0,  0,  0,  0,  0,  0,  0,  0,  0, 15,  9, 27,  0,  0, 12,  0
6, 11026, 11,KE8EXM,     2.79, 5,   coast,  -14.22,  95745.00,  475.21,  220.21,   80.46, 22.8, 4.09, 4.08, 4.09,  -3.25,  -1.12,   2.94, 507.12,  18.24, -14.46,  -0.21,  -0.08,   0.32,  11.80, 4.10, 0.00, 0.00, 0.00, 0.00, 1, 1,  8,  39.7301090, -83.7072576,   323.0, 2025, 11, 23, 18, 17, 43,       42,       42,  33,  -7,   1.6,   0.9,   1.3,  0,  0, 26,  0,  0,  0, 29, 25, 23,  0,  0,  0,  0,  0,  0, 14,  0,  0,  0,  0,  0,  0,  0,  0,  0, 15,  9, 27,  0,  0, 12,  0
6, 11026, 11,KE8EXM,     2.80, 5,   coast,  -13.73,  95717.00,  477.65,  222.65,   80.32, 22.8, 4.09, 4.08, 4.09,  -3.15,  -1.74,   2.34, 505.48,  17.82, -14.21,  -0.21,  -0.08,   0.33,  12.01, 4.10, 0.00, 0.00, 0.00, 0.00, 1, 1,  8,  39.7301090, -83.7072576,   323.0, 2025, 11, 23, 18, 17, 43,       42,       42,  33,  -7,   1.6,   0.9,   1.3,  0,  0, 26,  0,  0,  0, 29, 25, 23,  0,  0,  0,  0,  0,  0, 14,  0,  0,  0,  0,  0,  0,  0,  0,  0, 15,  9, 27,  0,  0, 12,  0
6, 11026, 11,KE8EXM,     2.81, 5,   coast,  -15.20,  95717.00,  477.65,  222.65,   80.18, 22.8, 4.09, 4.08, 4.09,  -3.05,  -1.36,   1.82, 505.96,  18.30, -13.60,  -0.21,  -0.07,   0.34,  12.23, 4.10, 0.00, 0.00, 0.00, 0.00, 1, 1,  8,  39.7301090, -83.7072576,   323.0, 2025, 11, 23, 18, 17, 43,       42,       42,  33,  -7,   1.6,   0.9,   1.3,  0,  0, 26,  0,  0,  0, 29, 25, 23,  0,  0,  0,  0,  0,  0, 14,  0,  0,  0,  0,  0,  0,  0,  0,  0, 15,  9, 27,  0,  0, 12,  0
6, 11026, 11,KE8EXM,     2.82, 5,   coast,  -14.22,  95714.00,  477.91,  222.92,   80.04, 22.8, 4.09, 4.08, 4.09,  -3.09,  -0.20,   0.76, 506.39,  19.59, -12.50,  -0.21,  -0.07,   0.35,  12.45, 4.10, 0.00, 0.00, 0.00, 0.00, 1, 1,  8,  39.7301090, -83.7072576,   323.0, 2025, 11, 23, 18, 17, 43,       42,       42,  33,  -7,   1.6,   0.9,   1.3,  0,  0, 26,  0,  0,  0, 29, 25, 23,  0,  0,  0,  0,  0,  0, 14,  0,  0,  0,  0,  0,  0,  0,  0,  0, 15,  9, 27,  0,  0, 12,  0
6, 11026, 11,KE8EXM,     2.83, 5,   coast,  -13.73,  95714.00,  477.91,  222.92,   79.89, 22.8, 4.09, 4.08, 4.09,  -3.07,  -0.63,   1.93, 503.28,  19.83, -11.59,  -0.21,  -0.06,   0.35,  12.66, 4.10, 0.00, 0.00, 0.00, 0.00, 1, 1,  8,  39.7301090, -83.7072576,   323.0, 2025, 11, 23, 18, 17, 43,       42,       42,  33,  -7,   1.6,   0.9,   1.3,  0,  0, 26,  0,  0,  0, 29, 25, 23,  0,  0,  0,  0,  0,  0, 14,  0,  0,  0,  0,  0,  0,  0,  0,  0, 15,  9, 27,  0,  0, 12,  0
6, 11026, 11,KE8EXM,     2.84, 5,   coast,  -15.20,  95689.00,  480.09,  225.09,   79.75, 22.8, 4.09, 4.08, 4.09,  -3.11,  -0.61,   0.99, 501.81,  21.36, -10.00,  -0.21,  -0.05,   0.36,  12.88, 4.10, 0.00, 0.00, 0.00, 0.00, 1, 1,  8,  39.7301090, -83.7072576,   323.0, 2025, 11, 23, 18, 17, 43,       42,       42,  33,  -7,   1.6,   0.9,   1.3,  0,  0, 26,  0,  0,  0, 29, 25, 23,  0,  0,  0,  0,  0,  0, 14,  0,  0,  0,  0,  0,  0,  0,  0,  0, 15,  9, 27,  0,  0, 12,  0
6, 11026, 11,KE8EXM,     2.85, 5,   coast,  -13.73,  95689.00,  480.09,  225.09,   79.61, 22.8, 4.09, 4.08, 4.09,  -3.07,  -0.45,   2.26, 499.31,  22.33,  -8.60,  -0.21,  -0.04,   0.36,  13.10, 4.10, 0.00, 0.00, 0.00, 0.00, 1, 1,  8,  39.7301090, -83.7072576,   323.0, 2025, 11, 23, 18, 17, 43,       42,       42,  33,  -7,   1.6,   0.9,   1.3,  0,  0, 26,  0,  0,  0, 29, 25, 23,  0,  0,  0,  0,  0,  0, 14,  0,  0,  0,  0,  0,  0,  0,  0,  0, 15,  9, 27,  0,  0, 12,  0
6, 11026, 11,KE8EXM,     2.86, 5,   coast,  -13.73,  95677.00,  481.13,  226.14,   79.47, 22.8, 4.09, 4.08, 4.09,  -3.13,  -0.78,   2.71, 498.15,  22.46,  -6.89,  -0.21,  -0.03,   0.36,  13.32, 4.10, 0.00, 0.00, 0.00, 0.00, 1, 1,  8,  39.7301090, -83.7072576,   323.0, 2025, 11, 23, 18, 17, 43,       42,       42,  33,  -7,   1.6,   0.9,   1.3,  0,  0, 26,  0,  0,  0, 29, 25, 23,  0,  0,  0,  0,  0,  0, 14,  0,  0,  0,  0,  0,  0,  0,  0,  0, 15,  9, 27,  0,  0, 12,  0
6, 11026, 11,KE8EXM,     2.87, 5,   coast,  -13.73,  95677.00,  481.13,  226.14,   79.34, 22.8, 4.09, 4.08, 4.09,  -3.17,  -0.23,   2.74, 496.56,  22.46,  -5.49,  -0.21,  -0.03,   0.36,  13.53, 4.10, 0.00, 0.00, 0.00, 0.00, 1, 1,  8,  39.7301090, -83.7072576,   323.0, 2025, 11, 23, 18, 17, 43,       42,       42,  33,  -7,   1.6,   0.9,   1.3,  0,  0, 26,  0,  0,  0, 29, 25, 23,  0,  0,  0,  0,  0,  0, 14,  0,  0,  0,  0,  0,  0,  0,  0,  0, 15,  9, 27,  0,  0, 12,  0
6, 11026, 11,KE8EXM,     2.88, 5,   coast,  -13.24,  95657.00,  482.88,  227.89,   79.21, 22.8, 4.09, 4.08, 4.09,  -3.07,  -0.70,   3.41, 494.79,  21.48,  -3.84,  -0.21,  -0.02,   0.37,  13.73, 4.10, 0.00, 0.00, 0.00, 0.00, 1, 1,  8,  39.7301090, -83.7072576,   323.0, 2025, 11, 23, 18, 17, 43,       42,       42,  33,  -7,   1.6,   0.9,   1.3,  0,  0, 26,  0,  0,  0, 29, 25, 23,  0,  0,  0,  0,  0,  0, 14,  0,  0,  0,  0,  0,  0,  0,  0,  0, 15,  9, 27,  0,  0, 12,  0
6, 11026, 11,KE8EXM,     2.89, 5,   coast,  -12.26,  95657.00,  482.88,  227.89,   79.08, 22.8, 4.09, 4.08, 4.09,  -3.16,  -0.68,   2.56, 493.70,  20.93,  -2.62,  -0.21,  -0.01,   0.37,  13.92, 4.10, 0.00, 0.00, 0.00, 0.00, 1, 1,  8,  39.7301090, -83.7072576,   323.0, 2025, 11, 23, 18, 17, 43,       42,       42,  33,  -7,   1.6,   0.9,   1.3,  0,  0, 26,  0,  0,  0, 29, 25, 23,  0,  0,  0,  0,  0,  0, 14,  0,  0,  0,  0,  0,  0,  0,  0,  0, 15,  9, 27,  0,  0, 12,  0
6, 11026, 11,KE8EXM,     2.90, 5,   coast,  -12.75,  95635.00,  484.80,  229.80,   78.96, 22.8, 4.11, 4.08, 4.09,  -3.08,  -0.49,   3.13, 491.93,  19.77,  -1.27,  -0.21,  -0.00,   0.37,  14.09, 4.09, 0.00, 0.00, 0.00, 0.00, 1, 1,  8,  39.7301090, -83.7072576,   323.0, 2025, 11, 23, 18, 17, 43,       42,       42,  33,  -7,   1.6,   0.9,   1.3,  0,  0, 26,  0,  0,  0, 29, 25, 23,  0,  0,  0,  0,  0,  0, 14,  0,  0,  0,  0,  0,  0,  0,  0,  0, 15,  9, 27,  0,  0, 12,  0
6, 11026, 11,KE8EXM,     2.90, 5,   coast,  -12.75,  95635.00,  484.80,  229.80,   78.96, 22.8, 4.11, 4.08, 4.09,  -3.08,  -0.49,   3.13, 491.93,  19.77,  -1.27,  -0.21,  -0.00,   0.37,  14.09, 4.09, 0.00, 0.00, 0.00, 0.00, 1, 1,  8,  39.7301090, -83.7072576,   323.0, 2025, 11, 23, 18, 17, 43,       42,       42,  33,  -7,   1.6,   0.9,   1.3,  0,  0, 26,  0,  0,  0, 29, 25, 23,  0,  0,  0,  0,  0,  0, 14,  0,  0,  0,  0,  0,  0,  0,  0,  0, 15,  9, 27,  0,  0, 12,  0
6, 11026, 11,KE8EXM,     2.91, 5,   coast,  -11.28,  95635.00,  484.80,  229.80,   78.83, 22.8, 4.11, 4.08, 4.09,  -3.13,  -0.85,   2.89, 489.91,  19.53,   0.01,  -0.21,   0.01,   0.37,  14.26, 4.09, 0.00, 0.00, 0.00, 0.00, 1, 1,  8,  39.7301090, -83.7072576,   323.0, 2025, 11, 23, 18, 17, 43,       42,       42,  33,  -7,   1.6,   0.9,   1.3,  0,  0, 26,  0,  0,  0, 29, 25, 23,  0,  0,  0,  0,  0,  0, 14,  0,  0,  0,  0,  0,  0,  0,  0,  0, 15,  9, 27,  0,  0, 12,  0
6, 11026, 11,KE8EXM,     2.92, 5,   coast,  -12.26,  95623.00,  485.84,  230.85,   78.71, 22.8, 4.11, 4.08, 4.09,  -3.05,  -1.16,   3.68, 488.57,  17.76,   0.68,  -0.21,   0.01,   0.37,  14.42, 4.09, 0.00, 0.00, 0.00, 0.00, 1, 1,  8,  39.7301090, -83.7072576,   323.0, 2025, 11, 23, 18, 17, 43,       42,       42,  33,  -7,   1.6,   0.9,   1.3,  0,  0, 26,  0,  0,  0, 29, 25, 23,  0,  0,  0,  0,  0,  0, 14,  0,  0,  0,  0,  0,  0,  0,  0,  0, 15,  9, 27,  0,  0, 12,  0
6, 11026, 11,KE8EXM,     2.93, 5,   coast,  -12.75,  95623.00,  485.84,  230.85,   78.59, 22.8, 4.11, 4.08, 4.09,  -3.20,  -1.72,   3.33, 487.23,  16.78,   1.47,  -0.21,   0.02,   0.37,  14.56, 4.09, 0.00, 0.00, 0.00, 0.00, 1, 1,  8,  39.7301090, -83.7072576,   323.0, 2025, 11, 23, 18, 17, 43,       42,       42,  33,  -7,   1.6,   0.9,   1.3,  0,  0, 26,  0,  0,  0, 29, 25, 23,  0,  0,  0,  0,  0,  0, 14,  0,  0,  0,  0,  0,  0,  0,  0,  0, 15,  9, 27,  0,  0, 12,  0
6, 11026, 11,KE8EXM,     2.94, 5,   coast,  -12.26,  95594.00,  488.37,  233.38,   78.46, 22.8, 4.11, 4.08, 4.09,  -3.20,  -2.13,   3.28, 486.07,  15.38,   1.90,  -0.21,   0.03,   0.37,  14.68, 4.09, 0.00, 0.00, 0.00, 0.00, 1, 1,  8,  39.7301090, -83.7072576,   323.0, 2025, 11, 23, 18, 17, 43,       42,       42,  33,  -7,   1.6,   0.9,   1.3,  0,  0, 26,  0,  0,  0, 29, 25, 23,  0,  0,  0,  0,  0,  0, 14,  0,  0,  0,  0,  0,  0,  0,  0,  0, 15,  9, 27,  0,  0, 12,  0
6, 11026, 11,KE8EXM,     2.95, 5,   coast,  -13.24,  95594.00,  488.37,  233.38,   78.34, 22.8, 4.11, 4.08, 4.09,  -3.04,  -1.89,   3.57, 485.33,  14.09,   1.78,  -0.21,   0.04,   0.37,  14.79, 4.09, 0.00, 0.00, 0.00, 0.00, 1, 1,  8,  39.7301090, -83.7072576,   323.0, 2025, 11, 23, 18, 17, 43,       42,       42,  33,  -7,   1.6,   0.9,   1.3,  0,  0, 26,  0,  0,  0, 29, 25, 23,  0,  0,  0,  0,  0,  0, 14,  0,  0,  0,  0,  0,  0,  0,  0,  0, 15,  9, 27,  0,  0, 12,  0
6, 11026, 11,KE8EXM,     2.96, 5,   coast,  -12.26,  95588.00,  488.90,  233.90,   78.21, 22.8, 4.11, 4.08, 4.09,  -3.11,  -2.81,   3.05, 484.97,  12.87,   1.11,  -0.21,   0.05,   0.36,  14.88, 4.09, 0.00, 0.00, 0.00, 0.00, 1, 1,  8,  39.7301090, -83.7072576,   323.0, 2025, 11, 23, 18, 17, 43,       42,       42,  33,  -7,   1.6,   0.9,   1.3,  0,  0, 26,  0,  0,  0, 29, 25, 23,  0,  0,  0,  0,  0,  0, 14,  0,  0,  0,  0,  0,  0,  0,  0,  0, 15,  9, 27,  0,  0, 12,  0
6, 11026, 11,KE8EXM,     2.97, 5,   coast,  -13.24,  95588.00,  488.90,  233.90,   78.08, 22.8, 4.11, 4.08, 4.09,  -3.06,  -2.51,   3.57, 484.85,  11.41,   0.92,  -0.21,   0.06,   0.36,  14.95, 4.09, 0.00, 0.00, 0.00, 0.00, 1, 1,  8,  39.7301090, -83.7072576,   323.0, 2025, 11, 23, 18, 17, 43,       42,       42,  33,  -7,   1.6,   0.9,   1.3,  0,  0, 26,  0,  0,  0, 29, 25, 23,  0,  0,  0,  0,  0,  0, 14,  0,  0,  0,  0,  0,  0,  0,  0,  0, 15,  9, 27,  0,  0, 12,  0
6, 11026, 11,KE8EXM,     2.98, 5,   coast,  -14.71,  95561.00,  491.25,  236.26,   77.95, 22.8, 4.11, 4.08, 4.09,  -3.07,  -3.02,   2.72, 484.97,  10.25,   0.25,  -0.21,   0.06,   0.36,  15.01, 4.09, 0.00, 0.00, 0.00, 0.00, 1, 1,  8,  39.7301090, -83.7072576,   323.0, 2025, 11, 23, 18, 17, 43,       42,       42,  33,  -7,   1.6,   0.9,   1.3,  0,  0, 26,  0,  0,  0, 29, 25, 23,  0,  0,  0,  0,  0,  0, 14,  0,  0,  0,  0,  0,  0,  0,  0,  0, 15,  9, 27,  0,  0, 12,  0
6, 11026, 11,KE8EXM,     2.99, 5,   coast,  -13.73,  95561.00,  491.25,  236.26,   77.81, 22.8, 4.11, 4.08, 4.09,  -3.02,  -3.27,   2.85, 484.48,   9.15,  -0.91,  -0.21,   0.07,   0.35,  15.04, 4.09, 0.00, 0.00, 0.00, 0.00, 1, 1,  8,  39.7301090, -83.7072576,   323.0, 2025, 11, 23, 18, 17, 43,       42,       42,  33,  -7,   1.6,   0.9,   1.3,  0,  0, 26,  0,  0,  0, 29, 25, 23,  0,  0,  0,  0,  0,  0, 14,  0,  0,  0,  0,  0,  0,  0,  0,  0, 15,  9, 27,  0,  0, 12,  0
6, 11026, 11,KE8EXM,     3.00, 5,   coast,  -11.77,  95544.00,  492.74,  237.75,   77.68, 22.8, 4.11, 4.08, 4.09,  -3.00,  -3.37,   2.08, 484.30,   8.66,  -1.70,  -0.21,   0.08,   0.35,  15.05, 4.09, 0.00, 0.00, 0.00, 0.00, 1, 1,  8,  39.7301090, -83.7072576,   323.0, 2025, 11, 23, 18, 17, 43,       42,       42,  33,  -7,   1.6,   0.9,   1.3,  0,  0, 26,  0,  0,  0, 29, 25, 23,  0,  0,  0,  0,  0,  0, 14,  0,  0,  0,  0,  0,  0,  0,  0,  0, 15,  9, 27,  0,  0, 12,  0
6, 11026, 11,KE8EXM,     3.01, 5,   coast,  -13.73,  95544.00,  492.74,  237.75,   77.55, 22.8, 4.11, 4.08, 4.09,  -2.99,  -3.35,   1.98, 483.99,   7.93,  -3.47,  -0.21,   0.08,   0.34,  15.04, 4.09, 0.00, 0.00, 0.00, 0.00, 1, 1,  8,  39.7301090, -83.7072576,   323.0, 2025, 11, 23, 18, 17, 43,       42,       42,  33,  -7,   1.6,   0.9,   1.3,  0,  0, 26,  0,  0,  0, 29, 25, 23,  0,  0,  0,  0,  0,  0, 14,  0,  0,  0,  0,  0,  0,  0,  0,  0, 15,  9, 27,  0,  0, 12,  0
6, 11026, 11,KE8EXM,     3.02, 5,   coast,  -14.71,  95527.00,  494.22,  239.23,   77.41, 22.8, 4.11, 4.08, 4.09,  -2.89,  -3.46,   1.74, 484.17,   8.30,  -5.00,  -0.21,   0.09,   0.34,  15.01, 4.09, 0.00, 0.00, 0.00, 0.00, 1, 1,  8,  39.7301090, -83.7072576,   323.0, 2025, 11, 23, 18, 17, 43,       42,       42,  33,  -7,   1.6,   0.9,   1.3,  0,  0, 26,  0,  0,  0, 29, 25, 23,  0,  0,  0,  0,  0,  0, 14,  0,  0,  0,  0,  0,  0,  0,  0,  0, 15,  9, 27,  0,  0, 12,  0
6, 11026, 11,KE8EXM,     3.03, 5,   coast,  -11.77,  95527.00,  494.22,  239.23,   77.28, 22.8, 4.11, 4.08, 4.09,  -3.00,  -3.02,   1.07, 483.93,   8.72,  -6.22,  -0.21,   0.10,   0.33,  14.96, 4.09, 0.00, 0.00, 0.00, 0.00, 1, 1,  8,  39.7301090, -83.7072576,   323.0, 2025, 11, 23, 18, 17, 43,       42,       42,  33,  -7,   1.6,   0.9,   1.3,  0,  0, 26,  0,  0,  0, 29, 25, 23,  0,  0,  0,  0,  0,  0, 14,  0,  0,  0,  0,  0,  0,  0,  0,  0, 15,  9, 27,  0,  0, 12,  0
6, 11026, 11,KE8EXM,     3.04, 5,   coast,  -14.71,  95506.00,  496.06,  241.06,   77.15, 22.8, 4.11, 4.08, 4.09,  -2.81,  -3.01,   1.46, 483.50,   9.15,  -7.93,  -0.21,   0.10,   0.32,  14.88, 4.09, 0.00, 0.00, 0.00, 0.00, 1, 1,  8,  39.7301090, -83.7072576,   323.0, 2025, 11, 23, 18, 17, 43,       42,       42,  33,  -7,   1.6,   0.9,   1.3,  0,  0, 26,  0,  0,  0, 29, 25, 23,  0,  0,  0,  0,  0,  0, 14,  0,  0,  0,  0,  0,  0,  0,  0,  0, 15,  9, 27,  0,  0, 12,  0
6, 11026, 11,KE8EXM,     3.05, 5,   coast,  -13.24,  95506.00,  496.06,  241.06,   77.02, 22.8, 4.11, 4.08, 4.09,  -2.87,  -2.82,   1.06, 483.01,   9.88,  -8.42,  -0.21,   0.11,   0.31,  14.80, 4.09, 0.00, 0.00, 0.00, 0.00, 1, 1,  8,  39.7301090, -83.7072576,   323.0, 2025, 11, 23, 18, 17, 43,       42,       42,  33,  -7,   1.6,   0.9,   1.3,  0,  0, 26,  0,  0,  0, 29, 25, 23,  0,  0,  0,  0,  0,  0, 14,  0,  0,  0,  0,  0,  0,  0,  0,  0, 15,  9, 27,  0,  0, 12,  0
6, 11026, 11,KE8EXM,     3.06, 5,   coast,  -14.22,  95491.00,  497.37,  242.37,   76.89, 22.8, 4.11, 4.08, 4.09,  -2.78,  -2.33,   1.21, 482.59,  11.16,  -9.82,  -0.21,   0.11,   0.31,  14.69, 4.09, 0.00, 0.00, 0.00, 0.00, 1, 1,  8,  39.7301090, -83.7072576,   323.0, 2025, 11, 23, 18, 17, 43,       42,       42,  33,  -7,   1.6,   0.9,   1.3,  0,  0, 26,  0,  0,  0, 29, 25, 23,  0,  0,  0,  0,  0,  0, 14,  0,  0,  0,  0,  0,  0,  0,  0,  0, 15,  9, 27,  0,  0, 12,  0
6, 11026, 11,KE8EXM,     3.07, 5,   coast,   -9.81,  95491.00,  497.37,  242.37,   76.76, 22.8, 4.11, 4.08, 4.09,  -2.86,  -2.41,   0.75, 482.46,  12.02, -10.25,  -0.21,   0.12,   0.30,  14.56, 4.09, 0.00, 0.00, 0.00, 0.00, 1, 1,  8,  39.7301090, -83.7072576,   323.0, 2025, 11, 23, 18, 17, 43,       42,       42,  33,  -7,   1.6,   0.9,   1.3,  0,  0, 26,  0,  0,  0, 29, 25, 23,  0,  0,  0,  0,  0,  0, 14,  0,  0,  0,  0,  0,  0,  0,  0,  0, 15,  9, 27,  0,  0, 12,  0
6, 11026, 11,KE8EXM,     3.08, 5,   coast,  -12.75,  95480.00,  498.33,  243.33,   76.64, 22.8, 4.11, 4.08, 4.09,  -2.78,  -1.84,   1.05, 482.22,  13.30, -10.86,  -0.21,   0.12,   0.29,  14.43, 4.09, 0.00, 0.00, 0.00, 0.00, 1, 1,  8,  39.7301090, -83.7072576,   323.0, 2025, 11, 23, 18, 17, 43,       42,       42,  33,  -7,   1.6,   0.9,   1.3,  0,  0, 26,  0,  0,  0, 29, 25, 23,  0,  0,  0,  0,  0,  0, 14,  0,  0,  0,  0,  0,  0,  0,  0,  0, 15,  9, 27,  0,  0, 12,  0
6, 11026, 11,KE8EXM,     3.09, 5,   coast,  -11.28,  95480.00,  498.33,  243.33,   76.52, 22.8, 4.11, 4.08, 4.09,  -2.77,  -1.62,   1.29, 481.31,  14.34, -10.80,  -0.21,   0.12,   0.29,  14.28, 4.09, 0.00, 0.00, 0.00, 0.00, 1, 1,  8,  39.7301090, -83.7072576,   323.0, 2025, 11, 23, 18, 17, 43,       42,       42,  33,  -7,   1.6,   0.9,   1.3,  0,  0, 26,  0,  0,  0, 29, 25, 23,  0,  0,  0,  0,  0,  0, 14,  0,  0,  0,  0,  0,  0,  0,  0,  0, 15,  9, 27,  0,  0, 12,  0
6, 11026, 11,KE8EXM,     3.10, 5,   coast,  -14.71,  95470.00,  499.20,  244.21,   76.39, 22.8, 4.11, 4.08, 4.09,  -2.82,  -1.65,   1.04, 481.06,  15.56, -10.86,  -0.21,   0.12,   0.27,  14.11, 4.09, 0.00, 0.00, 0.00, 0.00, 1, 1,  8,  39.7301090, -83.7072576,   323.0, 2025, 11, 23, 18, 17, 43,       42,       42,  33,  -7,   1.6,   0.9,   1.3,  0,  0, 26,  0,  0,  0, 29, 25, 23,  0,  0,  0,  0,  0,  0, 14,  0,  0,  0,  0,  0,  0,  0,  0,  0, 15,  9, 27,  0,  0, 12,  0
6, 11026, 11,KE8EXM,     3.11, 5,   coast,  -11.77,  95470.00,  499.20,  244.21,   76.26, 22.8, 4.11, 4.08, 4.09,  -2.76,  -1.23,   1.52, 480.57,  16.47, -10.25,  -0.21,   0.13,   0.26,  13.94, 4.09, 0.00, 0.00, 0.00, 0.00, 1, 1,  8,  39.7301090, -83.7072576,   323.0, 2025, 11, 23, 18, 17, 43,       42,       42,  33,  -7,   1.6,   0.9,   1.3,  0,  0, 26,  0,  0,  0, 29, 25, 23,  0,  0,  0,  0,  0,  0, 14,  0,  0,  0,  0,  0,  0,  0,  0,  0, 15,  9, 27,  0,  0, 12,  0
6, 11026, 11,KE8EXM,     3.12, 5,   coast,  -13.73,  95449.00,  501.03,  246.04,   76.14, 22.8, 4.11, 4.08, 4.09,  -2.71,  -1.29,   1.24, 479.54,  17.51,  -9.76,  -0.21,   0.13,   0.25,  13.77, 4.09, 0.00, 0.00, 0.00, 0.00, 1, 1,  8,  39.7301090, -83.7072576,   323.0, 2025, 11, 23, 18, 17, 43,       42,       42,  33,  -7,   1.6,   0.9,   1.3,  0,  0, 26,  0,  0,  0, 29, 25, 23,  0,  0,  0,  0,  0,  0, 14,  0,  0,  0,  0,  0,  0,  0,  0,  0, 15,  9, 27,  0,  0, 12,  0
6, 11026, 11,KE8EXM,     3.13, 5,   coast,  -13.24,  95449.00,  501.03,  246.04,   76.01, 22.8, 4.11, 4.08, 4.09,  -2.76,  -1.29,   1.72, 478.31,  18.00,  -8.96,  -0.21,   0.13,   0.24,  13.59, 4.09, 0.00, 0.00, 0.00, 0.00, 1, 1,  8,  39.7301090, -83.7072576,   323.0, 2025, 11, 23, 18, 17, 43,       42,       42,  33,  -7,   1.6,   0.9,   1.3,  0,  0, 26,  0,  0,  0, 29, 25, 23,  0,  0,  0,  0,  0,  0, 14,  0,  0,  0,  0,  0,  0,  0,  0,  0, 15,  9, 27,  0,  0, 12,  0
6, 11026, 11,KE8EXM,     3.14, 5,   coast,  -12.26,  95439.00,  501.91,  246.92,   75.88, 22.8, 4.11, 4.08, 4.09,  -2.78,  -1.18,   1.67, 477.03,  19.22,  -8.29,  -0.21,   0.12,   0.23,  13.40, 4.09, 0.00, 0.00, 0.00, 0.00, 1, 1,  8,  39.7301090, -83.7072576,   323.0, 2025, 11, 23, 18, 17, 43,       42,       42,  33,  -7,   1.6,   0.9,   1.3,  0,  0, 26,  0,  0,  0, 29, 25, 23,  0,  0,  0,  0,  0,  0, 14,  0,  0,  0,  0,  0,  0,  0,  0,  0, 15,  9, 27,  0,  0, 12,  0
6, 11026, 11,KE8EXM,     3.15, 5,   coast,  -12.75,  95439.00,  501.91,  246.92,   75.75, 22.8, 4.11, 4.08, 4.09,  -2.77,  -0.89,   1.31, 475.69,  19.28,  -7.62,  -0.21,   0.12,   0.22,  13.21, 4.09, 0.00, 0.00, 0.00, 0.00, 1, 1,  8,  39.7301090, -83.7072576,   323.0, 2025, 11, 23, 18, 17, 43,       42,       42,  33,  -7,   1.6,   0.9,   1.3,  0,  0, 26,  0,  0,  0, 29, 25, 23,  0,  0,  0,  0,  0,  0, 14,  0,  0,  0,  0,  0,  0,  0,  0,  0, 15,  9, 27,  0,  0, 12,  0
6, 11026, 11,KE8EXM,     3.16, 5,   coast,  -13.73,  95399.00,  505.40,  250.41,   75.63, 22.8, 4.11, 4.08, 4.09,  -2.64,  -1.21,   1.89, 474.84,  19.83,  -6.40,  -0.21,   0.12,   0.21,  13.01, 4.09, 0.00, 0.00, 0.00, 0.00, 1, 1,  8,  39.7301090, -83.7072576,   323.0, 2025, 11, 23, 18, 17, 43,       42,       42,  33,  -7,   1.6,   0.9,   1.3,  0,  0, 26,  0,  0,  0, 29, 25, 23,  0,  0,  0,  0,  0,  0, 14,  0,  0,  0,  0,  0,  0,  0,  0,  0, 15,  9, 27,  0,  0, 12,  0
6, 11026, 11,KE8EXM,     3.16, 5,   coast,  -13.73,  95399.00,  505.40,  250.41,   75.63, 22.8, 4.11, 4.08, 4.09,  -2.64,  -1.21,   1.89, 474.84,  19.83,  -6.40,  -0.21,   0.12,   0.21,  13.01, 4.09, 0.00, 0.00, 0.00, 0.00, 1, 1,  8,  39.7301090, -83.7072576,   323.0, 2025, 11, 23, 18, 17, 43,       42,       42,  33,  -7,   1.6,   0.9,   1.3,  0,  0, 26,  0,  0,  0, 29, 25, 23,  0,  0,  0,  0,  0,  0, 14,  0,  0,  0,  0,  0,  0,  0,  0,  0, 15,  9, 27,  0,  0, 12,  0
6, 11026, 11,KE8EXM,     3.16, 5,   coast,  -13.73,  95399.00,  505.40,  250.41,   75.63, 22.8, 4.11, 4.08, 4.09,  -2.64,  -1.21,   1.89, 474.84,  19.83,  -6.40,  -0.21,   0.12,   0.21,  13.01, 4.09, 0.00, 0.00, 0.00, 0.00, 1, 1,  8,  39.7301090, -83.7072576,   323.0, 2025, 11, 23, 18, 17, 43,       42,       42,  33,  -7,   1.6,   0.9,   1.3,  0,  0, 26,  0,  0,  0, 29, 25, 23,  0,  0,  0,  0,  0,  0, 14,  0,  0,  0,  0,  0,  0,  0,  0,  0, 15,  9, 27,  0,  0, 12,  0
6, 11026, 11,KE8EXM,     3.17, 5,   coast,  -11.28,  95399.00,  505.40,  250.41,   75.50, 22.8, 4.11, 4.08, 4.09,  -2.77,  -1.32,   1.39, 473.86,  20.20,  -5.67,  -0.21,   0.12,   0.21,  12.81, 4.09, 0.00, 0.00, 0.00, 0.00, 1, 1,  7,  39.7303583, -83.7071210,   326.0, 2025, 11, 23, 18, 17, 44,       72,       72,  29,  -2,   2.0,   0.9,   1.8,  0,  0, 25,  0,  0,  0, 22, 24, 22,  0,  0,  0,  0,  0,  0,  9,  0,  0,  0,  0,  0,  0,  0,  0,  0, 11, 13, 27,  0,  0, 21,  0
6, 11026, 11,KE8EXM,     3.18, 5,   coast,  -12.26,  95405.00,  504.88,  249.89,   75.37, 22.8, 4.11, 4.08, 4.09,  -2.77,  -1.30,   2.33, 471.48,  19.89,  -4.81,  -0.21,   0.11,   0.20,  12.62, 4.09, 0.00, 0.00, 0.00, 0.00, 1, 1,  7,  39.7303583, -83.7071210,   326.0, 2025, 11, 23, 18, 17, 44,       72,       72,  29,  -2,   2.0,   0.9,   1.8,  0,  0, 25,  0,  0,  0, 22, 24, 22,  0,  0,  0,  0,  0,  0,  9,  0,  0,  0,  0,  0,  0,  0,  0,  0, 11, 13, 27,  0,  0, 21,  0
6, 11026, 11,KE8EXM,     3.19, 5,   coast,  -15.20,  95405.00,  504.88,  249.89,   75.24, 22.8, 4.11, 4.08, 4.09,  -2.73,  -1.16,   1.98, 470.62,  20.38,  -4.14,  -0.21,   0.10,   0.19,  12.42, 4.09, 0.00, 0.00, 0.00, 0.00, 1, 1,  7,  39.7303583, -83.7071210,   326.0, 2025, 11, 23, 18, 17, 44,       72,       72,  29,  -2,   2.0,   0.9,   1.8,  0,  0, 25,  0,  0,  0, 22, 24, 22,  0,  0,  0,  0,  0,  0,  9,  0,  0,  0,  0,  0,  0,  0,  0,  0, 11, 13, 27,  0,  0, 21,  0
6, 11026, 11,KE8EXM,     3.20, 5,   coast,  -13.73,  95385.00,  506.63,  251.63,   75.10, 22.8, 4.11, 4.08, 4.09,  -2.78,  -0.75,   2.21, 469.16,  19.71,  -3.29,  -0.21,   0.10,   0.19,  12.22, 4.09, 0.00, 0.00, 0.00, 0.00, 1, 1,  7,  39.7303583, -83.7071210,   326.0, 2025, 11, 23, 18, 17, 44,       72,       72,  29,  -2,   2.0,   0.9,   1.8,  0,  0, 25,  0,  0,  0, 22, 24, 22,  0,  0,  0,  0,  0,  0,  9,  0,  0,  0,  0,  0,  0,  0,  0,  0, 11, 13, 27,  0,  0, 21,  0
6, 11026, 11,KE8EXM,     3.21, 5,   coast,  -13.73,  95385.00,  506.63,  251.63,   74.97, 22.8, 4.11, 4.08, 4.09,  -2.70,  -1.19,   2.33, 468.43,  19.95,  -1.95,  -0.21,   0.09,   0.18,  12.03, 4.09, 0.00, 0.00, 0.00, 0.00, 1, 1,  7,  39.7303583, -83.7071210,   326.0, 2025, 11, 23, 18, 17, 44,       72,       72,  29,  -2,   2.0,   0.9,   1.8,  0,  0, 25,  0,  0,  0, 22, 24, 22,  0,  0,  0,  0,  0,  0,  9,  0,  0,  0,  0,  0,  0,  0,  0,  0, 11, 13, 27,  0,  0, 21,  0
6, 11026, 11,KE8EXM,     3.22, 5,   coast,  -11.77,  95360.00,  508.81,  253.82,   74.84, 22.8, 4.09, 4.08, 4.08,  -2.77,  -1.21,   2.46, 467.08,  18.73,  -1.15,  -0.21,   0.08,   0.17,  11.84, 4.08, 0.00, 0.00, 0.00, 0.00, 1, 1,  7,  39.7303583, -83.7071210,   326.0, 2025, 11, 23, 18, 17, 44,       72,       72,  29,  -2,   2.0,   0.9,   1.8,  0,  0, 25,  0,  0,  0, 22, 24, 22,  0,  0,  0,  0,  0,  0,  9,  0,  0,  0,  0,  0,  0,  0,  0,  0, 11, 13, 27,  0,  0, 21,  0
6, 11026, 11,KE8EXM,     3.22, 5,   coast,  -11.77,  95360.00,  508.81,  253.82,   74.84, 22.8, 4.09, 4.08, 4.08,  -2.77,  -1.21,   2.46, 467.08,  18.73,  -1.15,  -0.21,   0.08,   0.17,  11.84, 4.08, 0.00, 0.00, 0.00, 0.00, 1, 1,  7,  39.7303583, -83.7071210,   326.0, 2025, 11, 23, 18, 17, 44,       72,       72,  29,  -2,   2.0,   0.9,   1.8,  0,  0, 25,  0,  0,  0, 22, 24, 22,  0,  0,  0,  0,  0,  0,  9,  0,  0,  0,  0,  0,  0,  0,  0,  0, 11, 13, 27,  0,  0, 21,  0
6, 11026, 11,KE8EXM,     3.23, 5,   coast,  -14.22,  95360.00,  508.81,  253.82,   74.71, 22.8, 4.09, 4.08, 4.08,  -2.80,  -2.85,   2.13, 467.88,  18.18,  -1.64,  -0.21,   0.07,   0.16,  11.66, 4.08, 0.00, 0.00, 0.00, 0.00, 1, 1,  7,  39.7303583, -83.7071210,   326.0, 2025, 11, 23, 18, 17, 44,       72,       72,  29,  -2,   2.0,   0.9,   1.8,  0,  0, 25,  0,  0,  0, 22, 24, 22,  0,  0,  0,  0,  0,  0,  9,  0,  0,  0,  0,  0,  0,  0,  0,  0, 11, 13, 27,  0,  0, 21,  0
6, 11026, 11,KE8EXM,     3.24, 5,   coast,  -11.77,  95341.00,  510.47,  255.48,   74.58, 22.8, 4.09, 4.08, 4.08,  -2.68,  -2.36,   2.67, 468.00,  17.82,  -1.15,  -0.21,   0.06,   0.16,  11.48, 4.08, 0.00, 0.00, 0.00, 0.00, 1, 1,  7,  39.7303583, -83.7071210,   326.0, 2025, 11, 23, 18, 17, 44,       72,       72,  29,  -2,   2.0,   0.9,   1.8,  0,  0, 25,  0,  0,  0, 22, 24, 22,  0,  0,  0,  0,  0,  0,  9,  0,  0,  0,  0,  0,  0,  0,  0,  0, 11, 13, 27,  0,  0, 21,  0
6, 11026, 11,KE8EXM,     3.25, 5,   coast,  -12.75,  95341.00,  510.47,  255.48,   74.45, 22.8, 4.09, 4.08, 4.08,  -2.69,  -2.06,   2.29, 469.65,  17.51,  -1.46,  -0.21,   0.06,   0.16,  11.30, 4.08, 0.00, 0.00, 0.00, 0.00, 1, 1,  7,  39.7303583, -83.7071210,   326.0, 2025, 11, 23, 18, 17, 44,       72,       72,  29,  -2,   2.0,   0.9,   1.8,  0,  0, 25,  0,  0,  0, 22, 24, 22,  0,  0,  0,  0,  0,  0,  9,  0,  0,  0,  0,  0,  0,  0,  0,  0, 11, 13, 27,  0,  0, 21,  0
6, 11026, 11,KE8EXM,     3.26, 5,   coast,  -12.75,  95321.00,  512.22,  257.23,   74.33, 22.8, 4.09, 4.08, 4.08,  -2.73,  -3.13,   2.45, 468.12,  16.35,  -1.34,  -0.21,   0.05,   0.15,  11.14, 4.08, 0.00, 0.00, 0.00, 0.00, 1, 1,  7,  39.7303583, -83.7071210,   326.0, 2025, 11, 23, 18, 17, 44,       72,       72,  29,  -2,   2.0,   0.9,   1.8,  0,  0, 25,  0,  0,  0, 22, 24, 22,  0,  0,  0,  0,  0,  0,  9,  0,  0,  0,  0,  0,  0,  0,  0,  0, 11, 13, 27,  0,  0, 21,  0
6, 11026, 11,KE8EXM,     3.27, 5,   coast,  -13.24,  95321.00,  512.22,  257.23,   74.20, 22.8, 4.09, 4.08, 4.08,  -2.64,  -2.20,   2.64, 468.37,  16.11,  -1.95,  -0.22,   0.04,   0.15,  10.99, 4.08, 0.00, 0.00, 0.00, 0.00, 1, 1,  7,  39.7303583, -83.7071210,   326.0, 2025, 11, 23, 18, 17, 44,       72,       72,  29,  -2,   2.0,   0.9,   1.8,  0,  0, 25,  0,  0,  0, 22, 24, 22,  0,  0,  0,  0,  0,  0,  9,  0,  0,  0,  0,  0,  0,  0,  0,  0, 11, 13, 27,  0,  0, 21,  0
6, 11026, 11,KE8EXM,     3.28, 5,   coast,  -12.75,  95306.00,  513.54,  258.54,   74.07, 22.8, 4.09, 4.08, 4.08,  -2.72,  -3.57,   1.71, 468.91,  15.44,  -3.04,  -0.21,   0.03,   0.15,  10.85, 4.08, 0.00, 0.00, 0.00, 0.00, 1, 1,  7,  39.7303583, -83.7071210,   326.0, 2025, 11, 23, 18, 17, 44,       72,       72,  29,  -2,   2.0,   0.9,   1.8,  0,  0, 25,  0,  0,  0, 22, 24, 22,  0,  0,  0,  0,  0,  0,  9,  0,  0,  0,  0,  0,  0,  0,  0,  0, 11, 13, 27,  0,  0, 21,  0
6, 11026, 11,KE8EXM,     3.29, 5,   coast,  -12.26,  95306.00,  513.54,  258.54,   73.95, 22.8, 4.09, 4.08, 4.08,  -2.71,  -2.88,   1.96, 467.69,  15.38,  -3.17,  -0.22,   0.02,   0.15,  10.72, 4.08, 0.00, 0.00, 0.00, 0.00, 1, 1,  7,  39.7303583, -83.7071210,   326.0, 2025, 11, 23, 18, 17, 44,       72,       72,  29,  -2,   2.0,   0.9,   1.8,  0,  0, 25,  0,  0,  0, 22, 24, 22,  0,  0,  0,  0,  0,  0,  9,  0,  0,  0,  0,  0,  0,  0,  0,  0, 11, 13, 27,  0,  0, 21,  0
6, 11026, 11,KE8EXM,     3.30, 5,   coast,  -12.75,  95292.00,  514.76,  259.77,   73.83, 22.8, 4.09, 4.08, 4.08,  -2.67,  -2.63,   1.98, 466.11,  15.38,  -4.75,  -0.22,   0.01,   0.15,  10.60, 4.08, 0.00, 0.00, 0.00, 0.00, 1, 1,  7,  39.7303583, -83.7071210,   326.0, 2025, 11, 23, 18, 17, 44,       72,       72,  29,  -2,   2.0,   0.9,   1.8,  0,  0, 25,  0,  0,  0, 22, 24, 22,  0,  0,  0,  0,  0,  0,  9,  0,  0,  0,  0,  0,  0,  0,  0,  0, 11, 13, 27,  0,  0, 21,  0
6, 11026, 11,KE8EXM,     3.31, 5,   coast,  -10.79,  95292.00,  514.76,  259.77,   73.70, 22.8, 4.09, 4.08, 4.08,  -2.67,  -3.01,   1.82, 465.62,  14.89,  -4.45,  -0.22,   0.01,   0.15,  10.50, 4.08, 0.00, 0.00, 0.00, 0.00, 1, 1,  7,  39.7303583, -83.7071210,   326.0, 2025, 11, 23, 18, 17, 44,       72,       72,  29,  -2,   2.0,   0.9,   1.8,  0,  0, 25,  0,  0,  0, 22, 24, 22,  0,  0,  0,  0,  0,  0,  9,  0,  0,  0,  0,  0,  0,  0,  0,  0, 11, 13, 27,  0,  0, 21,  0
6, 11026, 11,KE8EXM,     3.32, 5,   coast,  -12.75,  95284.00,  515.46,  260.47,   73.58, 22.8, 4.09, 4.08, 4.08,  -2.63,  -2.27,   2.09, 464.83,  15.44,  -5.24,  -0.22,  -0.01,   0.15,  10.41, 4.08, 0.00, 0.00, 0.00, 0.00, 1, 1,  7,  39.7303583, -83.7071210,   326.0, 2025, 11, 23, 18, 17, 44,       72,       72,  29,  -2,   2.0,   0.9,   1.8,  0,  0, 25,  0,  0,  0, 22, 24, 22,  0,  0,  0,  0,  0,  0,  9,  0,  0,  0,  0,  0,  0,  0,  0,  0, 11, 13, 27,  0,  0, 21,  0
6, 11026, 11,KE8EXM,     3.33, 5,   coast,  -14.22,  95284.00,  515.46,  260.47,   73.45, 22.8, 4.09, 4.08, 4.08,  -2.66,  -3.10,   1.83, 464.03,  15.80,  -6.04,  -0.22,  -0.02,   0.15,  10.33, 4.08, 0.00, 0.00, 0.00, 0.00, 1, 1,  7,  39.7303583, -83.7071210,   326.0, 2025, 11, 23, 18, 17, 44,       72,       72,  29,  -2,   2.0,   0.9,   1.8,  0,  0, 25,  0,  0,  0, 22, 24, 22,  0,  0,  0,  0,  0,  0,  9,  0,  0,  0,  0,  0,  0,  0,  0,  0, 11, 13, 27,  0,  0, 21,  0
6, 11026, 11,KE8EXM,     3.34, 5,   coast,  -11.28,  95261.00,  517.47,  262.48,   73.33, 22.8, 4.09, 4.08, 4.08,  -2.57,  -2.81,   2.00, 463.24,  15.80,  -6.22,  -0.22,  -0.03,   0.16,  10.27, 4.08, 0.00, 0.00, 0.00, 0.00, 1, 1,  7,  39.7303583, -83.7071210,   326.0, 2025, 11, 23, 18, 17, 44,       72,       72,  29,  -2,   2.0,   0.9,   1.8,  0,  0, 25,  0,  0,  0, 22, 24, 22,  0,  0,  0,  0,  0,  0,  9,  0,  0,  0,  0,  0,  0,  0,  0,  0, 11, 13, 27,  0,  0, 21,  0
6, 11026, 11,KE8EXM,     3.35, 5,   coast,  -13.73,  95261.00,  517.47,  262.48,   73.20, 22.8, 4.09, 4.08, 4.08,  -2.58,  -2.34,   1.85, 462.32,  16.11,  -6.89,  -0.22,  -0.03,   0.16,  10.23, 4.08, 0.00, 0.00, 0.00, 0.00, 1, 1,  7,  39.7303583, -83.7071210,   326.0, 2025, 11, 23, 18, 17, 44,       72,       72,  29,  -2,   2.0,   0.9,   1.8,  0,  0, 25,  0,  0,  0, 22, 24, 22,  0,  0,  0,  0,  0,  0,  9,  0,  0,  0,  0,  0,  0,  0,  0,  0, 11, 13, 27,  0,  0, 21,  0
6, 11026, 11,KE8EXM,     3.36, 5,   coast,  -13.24,  95243.00,  519.05,  264.06,   73.08, 22.8, 4.09, 4.08, 4.08,  -2.54,  -2.78,   2.01, 462.14,  16.11,  -7.26,  -0.22,  -0.04,   0.16,  10.21, 4.08, 0.00, 0.00, 0.00, 0.00, 1, 1,  7,  39.7303583, -83.7071210,   326.0, 2025, 11, 23, 18, 17, 44,       72,       72,  29,  -2,   2.0,   0.9,   1.8,  0,  0, 25,  0,  0,  0, 22, 24, 22,  0,  0,  0,  0,  0,  0,  9,  0,  0,  0,  0,  0,  0,  0,  0,  0, 11, 13, 27,  0,  0, 21,  0
6, 11026, 11,KE8EXM,     3.37, 5,   coast,  -10.79,  95243.00,  519.05,  264.06,   72.96, 22.8, 4.09, 4.08, 4.08,  -2.59,  -2.51,   2.10, 460.98,  16.23,  -7.19,  -0.22,  -0.05,   0.17,  10.20, 4.08, 0.00, 0.00, 0.00, 0.00, 1, 1,  7,  39.7303583, -83.7071210,   326.0, 2025, 11, 23, 18, 17, 44,       72,       72,  29,  -2,   2.0,   0.9,   1.8,  0,  0, 25,  0,  0,  0, 22, 24, 22,  0,  0,  0,  0,  0,  0,  9,  0,  0,  0,  0,  0,  0,  0,  0,  0, 11, 13, 27,  0,  0, 21,  0
6, 11026, 11,KE8EXM,     3.38, 5,   coast,  -10.79,  95232.00,  520.01,  265.02,   72.84, 22.8, 4.09, 4.08, 4.08,  -2.62,  -2.72,   2.05, 461.16,  16.35,  -7.81,  -0.22,  -0.06,   0.18,  10.22, 4.08, 0.00, 0.00, 0.00, 0.00, 1, 1,  7,  39.7303583, -83.7071210,   326.0, 2025, 11, 23, 18, 17, 44,       72,       72,  29,  -2,   2.0,   0.9,   1.8,  0,  0, 25,  0,  0,  0, 22, 24, 22,  0,  0,  0,  0,  0,  0,  9,  0,  0,  0,  0,  0,  0,  0,  0,  0, 11, 13, 27,  0,  0, 21,  0
6, 11026, 11,KE8EXM,     3.39, 5,   coast,  -12.26,  95232.00,  520.01,  265.02,   72.72, 22.8, 4.09, 4.08, 4.08,  -2.62,  -2.94,   1.52, 460.98,  16.47,  -8.35,  -0.22,  -0.07,   0.18,  10.26, 4.08, 0.00, 0.00, 0.00, 0.00, 1, 1,  7,  39.7303583, -83.7071210,   326.0, 2025, 11, 23, 18, 17, 44,       72,       72,  29,  -2,   2.0,   0.9,   1.8,  0,  0, 25,  0,  0,  0, 22, 24, 22,  0,  0,  0,  0,  0,  0,  9,  0,  0,  0,  0,  0,  0,  0,  0,  0, 11, 13, 27,  0,  0, 21,  0
6, 11026, 11,KE8EXM,     3.40, 5,   coast,  -13.24,  95207.00,  522.20,  267.21,   72.59, 22.8, 4.09, 4.08, 4.08,  -2.58,  -2.51,   1.54, 460.43,  17.21,  -8.54,  -0.22,  -0.07,   0.19,  10.32, 4.08, 0.00, 0.00, 0.00, 0.00, 1, 1,  7,  39.7303583, -83.7071210,   326.0, 2025, 11, 23, 18, 17, 44,       72,       72,  29,  -2,   2.0,   0.9,   1.8,  0,  0, 25,  0,  0,  0, 22, 24, 22,  0,  0,  0,  0,  0,  0,  9,  0,  0,  0,  0,  0,  0,  0,  0,  0, 11, 13, 27,  0,  0, 21,  0
6, 11026, 11,KE8EXM,     3.41, 5,   coast,  -11.77,  95207.00,  522.20,  267.21,   72.47, 22.8, 4.09, 4.08, 4.08,  -2.56,  -2.95,   1.93, 460.80,  17.63,  -9.21,  -0.22,  -0.08,   0.20,  10.40, 4.08, 0.00, 0.00, 0.00, 0.00, 1, 1,  7,  39.7303583, -83.7071210,   326.0, 2025, 11, 23, 18, 17, 44,       72,       72,  29,  -2,   2.0,   0.9,   1.8,  0,  0, 25,  0,  0,  0, 22, 24, 22,  0,  0,  0,  0,  0,  0,  9,  0,  0,  0,  0,  0,  0,  0,  0,  0, 11, 13, 27,  0,  0, 21,  0
6, 11026, 11,KE8EXM,     3.42, 5,   coast,  -12.75,  95200.00,  522.81,  267.82,   72.35, 22.8, 4.09, 4.08, 4.08,  -2.60,  -2.43,   1.19, 461.04,  17.45,  -9.09,  -0.22,  -0.08,   0.20,  10.50, 4.08, 0.00, 0.00, 0.00, 0.00, 1, 1,  7,  39.7303583, -83.7071210,   326.0, 2025, 11, 23, 18, 17, 44,       72,       72,  29,  -2,   2.0,   0.9,   1.8,  0,  0, 25,  0,  0,  0, 22, 24, 22,  0,  0,  0,  0,  0,  0,  9,  0,  0,  0,  0,  0,  0,  0,  0,  0, 11, 13, 27,  0,  0, 21,  0
6, 11026, 11,KE8EXM,     3.43, 5,   coast,  -13.24,  95200.00,  522.81,  267.82,   72.22, 22.8, 4.09, 4.08, 4.08,  -2.56,  -2.06,   1.72, 460.13,  17.76,  -9.64,  -0.22,  -0.09,   0.21,  10.62, 4.08, 0.00, 0.00, 0.00, 0.00, 1, 1,  7,  39.7303583, -83.7071210,   326.0, 2025, 11, 23, 18, 17, 44,       72,       72,  29,  -2,   2.0,   0.9,   1.8,  0,  0, 25,  0,  0,  0, 22, 24, 22,  0,  0,  0,  0,  0,  0,  9,  0,  0,  0,  0,  0,  0,  0,  0,  0, 11, 13, 27,  0,  0, 21,  0
6, 11026, 11,KE8EXM,     3.44, 5,   coast,  -13.24,  95186.00,  524.04,  269.05,   72.09, 22.8, 4.09, 4.08, 4.08,  -2.54,  -3.05,   0.60, 461.83,  18.55,  -9.27,  -0.22,  -0.09,   0.22,  10.75, 4.08, 0.00, 0.00, 0.00, 0.00, 1, 1,  7,  39.7303583, -83.7071210,   326.0, 2025, 11, 23, 18, 17, 44,       72,       72,  29,  -2,   2.0,   0.9,   1.8,  0,  0, 25,  0,  0,  0, 22, 24, 22,  0,  0,  0,  0,  0,  0,  9,  0,  0,  0,  0,  0,  0,  0,  0,  0, 11, 13, 27,  0,  0, 21,  0
6, 11026, 11,KE8EXM,     3.45, 5,   coast,  -11.77,  95186.00,  524.04,  269.05,   71.96, 22.8, 4.09, 4.08, 4.08,  -2.50,  -1.85,   0.48, 462.57,  19.46,  -9.15,  -0.22,  -0.09,   0.23,  10.90, 4.08, 0.00, 0.00, 0.00, 0.00, 1, 1,  7,  39.7303583, -83.7071210,   326.0, 2025, 11, 23, 18, 17, 44,       72,       72,  29,  -2,   2.0,   0.9,   1.8,  0,  0, 25,  0,  0,  0, 22, 24, 22,  0,  0,  0,  0,  0,  0,  9,  0,  0,  0,  0,  0,  0,  0,  0,  0, 11, 13, 27,  0,  0, 21,  0
6, 11026, 11,KE8EXM,     3.46, 5,   coast,  -14.71,  95167.00,  525.70,  270.71,   71.83, 22.8, 4.09, 4.08, 4.08,  -2.50,  -2.63,   0.99, 461.47,  20.56,  -9.21,  -0.22,  -0.10,   0.24,  11.07, 4.08, 0.00, 0.00, 0.00, 0.00, 1, 1,  7,  39.7303583, -83.7071210,   326.0, 2025, 11, 23, 18, 17, 44,       72,       72,  29,  -2,   2.0,   0.9,   1.8,  0,  0, 25,  0,  0,  0, 22, 24, 22,  0,  0,  0,  0,  0,  0,  9,  0,  0,  0,  0,  0,  0,  0,  0,  0, 11, 13, 27,  0,  0, 21,  0
6, 11026, 11,KE8EXM,     3.47, 5,   coast,  -12.26,  95167.00,  525.70,  270.71,   71.71, 22.8, 4.09, 4.08, 4.08,  -2.53,  -2.30,   1.07, 461.96,  21.60,  -8.66,  -0.22,  -0.10,   0.24,  11.25, 4.08, 0.00, 0.00, 0.00, 0.00, 1, 1,  7,  39.7303583, -83.7071210,   326.0, 2025, 11, 23, 18, 17, 44,       72,       72,  29,  -2,   2.0,   0.9,   1.8,  0,  0, 25,  0,  0,  0, 22, 24, 22,  0,  0,  0,  0,  0,  0,  9,  0,  0,  0,  0,  0,  0,  0,  0,  0, 11, 13, 27,  0,  0, 21,  0
6, 11026, 11,KE8EXM,     3.48, 5,   coast,  -12.26,  95152.00,  527.02,  272.02,   71.58, 22.8, 4.09, 4.08, 4.08,  -2.50,  -2.00,   0.91, 462.81,  22.70,  -8.66,  -0.22,  -0.10,   0.25,  11.46, 4.08, 0.00, 0.00, 0.00, 0.00, 1, 1,  7,  39.7303583, -83.7071210,   326.0, 2025, 11, 23, 18, 17, 44,       72,       72,  29,  -2,   2.0,   0.9,   1.8,  0,  0, 25,  0,  0,  0, 22, 24, 22,  0,  0,  0,  0,  0,  0,  9,  0,  0,  0,  0,  0,  0,  0,  0,  0, 11, 13, 27,  0,  0, 21,  0
6, 11026, 11,KE8EXM,     3.49, 5,   coast,  -12.75,  95152.00,  527.02,  272.02,   71.46, 22.8, 4.09, 4.08, 4.08,  -2.54,  -2.51,   1.41, 461.35,  23.13,  -7.81,  -0.22,  -0.10,   0.26,  11.67, 4.08, 0.00, 0.00, 0.00, 0.00, 1, 1,  7,  39.7303583, -83.7071210,   326.0, 2025, 11, 23, 18, 17, 44,       72,       72,  29,  -2,   2.0,   0.9,   1.8,  0,  0, 25,  0,  0,  0, 22, 24, 22,  0,  0,  0,  0,  0,  0,  9,  0,  0,  0,  0,  0,  0,  0,  0,  0, 11, 13, 27,  0,  0, 21,  0
6, 11026, 11,KE8EXM,     3.50, 5,   coast,  -11.77,  95138.00,  528.24,  273.25,   71.33, 22.8, 4.09, 4.08, 4.08,  -2.49,  -1.88,   1.57, 460.80,  23.55,  -7.44,  -0.22,  -0.10,   0.27,  11.89, 4.08, 0.00, 0.00, 0.00, 0.00, 1, 1,  7,  39.7303583, -83.7071210,   326.0, 2025, 11, 23, 18, 17, 44,       72,       72,  29,  -2,   2.0,   0.9,   1.8,  0,  0, 25,  0,  0,  0, 22, 24, 22,  0,  0,  0,  0,  0,  0,  9,  0,  0,  0,  0,  0,  0,  0,  0,  0, 11, 13, 27,  0,  0, 21,  0
6, 11026, 11,KE8EXM,     3.51, 5,   coast,  -12.26,  95138.00,  528.24,  273.25,   71.21, 22.8, 4.09, 4.08, 4.08,  -2.54,  -2.21,   1.09, 461.29,  23.98,  -7.07,  -0.22,  -0.10,   0.27,  12.12, 4.08, 0.00, 0.00, 0.00, 0.00, 1, 1,  7,  39.7303583, -83.7071210,   326.0, 2025, 11, 23, 18, 17, 44,       72,       72,  29,  -2,   2.0,   0.9,   1.8,  0,  0, 25,  0,  0,  0, 22, 24, 22,  0,  0,  0,  0,  0,  0,  9,  0,  0,  0,  0,  0,  0,  0,  0,  0, 11, 13, 27,  0,  0, 21,  0
6, 11026, 11,KE8EXM,     3.52, 5,   coast,  -12.26,  95123.00,  529.56,  274.56,   71.09, 22.8, 4.09, 4.08, 4.08,  -2.53,  -2.00,   1.66, 460.19,  24.29,  -6.04,  -0.22,  -0.10,   0.28,  12.35, 4.08, 0.00, 0.00, 0.00, 0.00, 1, 1,  7,  39.7303583, -83.7071210,   326.0, 2025, 11, 23, 18, 17, 44,       72,       72,  29,  -2,   2.0,   0.9,   1.8,  0,  0, 25,  0,  0,  0, 22, 24, 22,  0,  0,  0,  0,  0,  0,  9,  0,  0,  0,  0,  0,  0,  0,  0,  0, 11, 13, 27,  0,  0, 21,  0
6, 11026, 11,KE8EXM,     3.53, 5,   coast,  -12.26,  95123.00,  529.56,  274.56,   70.96, 22.8, 4.09, 4.08, 4.08,  -2.52,  -2.22,   1.42, 460.06,  24.77,  -5.79,  -0.22,  -0.10,   0.28,  12.59, 4.08, 0.00, 0.00, 0.00, 0.00, 1, 1,  7,  39.7303583, -83.7071210,   326.0, 2025, 11, 23, 18, 17, 44,       72,       72,  29,  -2,   2.0,   0.9,   1.8,  0,  0, 25,  0,  0,  0, 22, 24, 22,  0,  0,  0,  0,  0,  0,  9,  0,  0,  0,  0,  0,  0,  0,  0,  0, 11, 13, 27,  0,  0, 21,  0
6, 11026, 11,KE8EXM,     3.54, 5,   coast,  -14.22,  95104.00,  531.22,  276.23,   70.83, 22.8, 4.08, 4.08, 4.09,  -2.59,  -2.47,   1.82, 458.78,  24.59,  -5.00,  -0.22,  -0.10,   0.30,  12.84, 4.09, 0.00, 0.00, 0.00, 0.00, 1, 1,  7,  39.7303583, -83.7071210,   326.0, 2025, 11, 23, 18, 17, 44,       72,       72,  29,  -2,   2.0,   0.9,   1.8,  0,  0, 25,  0,  0,  0, 22, 24, 22,  0,  0,  0,  0,  0,  0,  9,  0,  0,  0,  0,  0,  0,  0,  0,  0, 11, 13, 27,  0,  0, 21,  0
6, 11026, 11,KE8EXM,     3.54, 5,   coast,  -14.22,  95104.00,  531.22,  276.23,   70.83, 22.8, 4.08, 4.08, 4.09,  -2.59,  -2.47,   1.82, 458.78,  24.59,  -5.00,  -0.22,  -0.10,   0.30,  12.84, 4.09, 0.00, 0.00, 0.00, 0.00, 1, 1,  7,  39.7303583, -83.7071210,   326.0, 2025, 11, 23, 18, 17, 44,       72,       72,  29,  -2,   2.0,   0.9,   1.8,  0,  0, 25,  0,  0,  0, 22, 24, 22,  0,  0,  0,  0,  0,  0,  9,  0,  0,  0,  0,  0,  0,  0,  0,  0, 11, 13, 27,  0,  0, 21,  0
6, 11026, 11,KE8EXM,     3.55, 5,   coast,  -12.75,  95104.00,  531.22,  276.23,   70.71, 22.8, 4.08, 4.08, 4.09,  -2.48,  -2.16,   2.04, 458.72,  24.77,  -4.57,  -0.22,  -0.09,   0.31,  13.09, 4.09, 0.00, 0.00, 0.00, 0.00, 1, 1,  7,  39.7303583, -83.7071210,   326.0, 2025, 11, 23, 18, 17, 44,       72,       72,  29,  -2,   2.0,   0.9,   1.8,  0,  0, 25,  0,  0,  0, 22, 24, 22,  0,  0,  0,  0,  0,  0,  9,  0,  0,  0,  0,  0,  0,  0,  0,  0, 11, 13, 27,  0,  0, 21,  0
6, 11026, 11,KE8EXM,     3.56, 5,   coast,  -11.28,  95090.00,  532.45,  277.45,   70.58, 22.8, 4.08, 4.08, 4.09,  -2.51,  -2.37,   1.80, 457.99,  24.77,  -4.33,  -0.22,  -0.09,   0.31,  13.34, 4.09, 0.00, 0.00, 0.00, 0.00, 1, 1,  7,  39.7303583, -83.7071210,   326.0, 2025, 11, 23, 18, 17, 44,       72,       72,  29,  -2,   2.0,   0.9,   1.8,  0,  0, 25,  0,  0,  0, 22, 24, 22,  0,  0,  0,  0,  0,  0,  9,  0,  0,  0,  0,  0,  0,  0,  0,  0, 11, 13, 27,  0,  0, 21,  0
6, 11026, 11,KE8EXM,     3.57, 5,   coast,  -13.73,  95090.00,  532.45,  277.45,   70.45, 22.8, 4.08, 4.08, 4.09,  -2.57,  -2.49,   2.14, 457.14,  24.96,  -3.41,  -0.22,  -0.09,   0.32,  13.59, 4.09, 0.00, 0.00, 0.00, 0.00, 1, 1,  7,  39.7303583, -83.7071210,   326.0, 2025, 11, 23, 18, 17, 44,       72,       72,  29,  -2,   2.0,   0.9,   1.8,  0,  0, 25,  0,  0,  0, 22, 24, 22,  0,  0,  0,  0,  0,  0,  9,  0,  0,  0,  0,  0,  0,  0,  0,  0, 11, 13, 27,  0,  0, 21,  0
6, 11026, 11,KE8EXM,     3.58, 5,   coast,  -13.24,  95076.00,  533.67,  278.68,   70.33, 22.8, 4.08, 4.08, 4.09,  -2.54,  -1.91,   2.09, 455.79,  24.35,  -3.53,  -0.22,  -0.08,   0.33,  13.84, 4.09, 0.00, 0.00, 0.00, 0.00, 1, 1,  7,  39.7303583, -83.7071210,   326.0, 2025, 11, 23, 18, 17, 44,       72,       72,  29,  -2,   2.0,   0.9,   1.8,  0,  0, 25,  0,  0,  0, 22, 24, 22,  0,  0,  0,  0,  0,  0,  9,  0,  0,  0,  0,  0,  0,  0,  0,  0, 11, 13, 27,  0,  0, 21,  0
6, 11026, 11,KE8EXM,     3.59, 5,   coast,  -11.77,  95076.00,  533.67,  278.68,   70.20, 22.8, 4.08, 4.08, 4.09,  -2.49,  -2.62,   2.18, 454.33,  24.10,  -3.04,  -0.22,  -0.08,   0.33,  14.08, 4.09, 0.00, 0.00, 0.00, 0.00, 1, 1,  7,  39.7303583, -83.7071210,   326.0, 2025, 11, 23, 18, 17, 44,       72,       72,  29,  -2,   2.0,   0.9,   1.8,  0,  0, 25,  0,  0,  0, 22, 24, 22,  0,  0,  0,  0,  0,  0,  9,  0,  0,  0,  0,  0,  0,  0,  0,  0, 11, 13, 27,  0,  0, 21,  0
6, 11026, 11,KE8EXM,     3.60, 5,   coast,  -12.26,  95053.00,  535.69,  280.70,   70.08, 22.8, 4.08, 4.08, 4.09,  -2.49,  -2.42,   2.59, 453.72,  23.55,  -2.50,  -0.22,  -0.08,   0.33,  14.31, 4.09, 0.00, 0.00, 0.00, 0.00, 1, 1,  7,  39.7303583, -83.7071210,   326.0, 2025, 11, 23, 18, 17, 44,       72,       72,  29,  -2,   2.0,   0.9,   1.8,  0,  0, 25,  0,  0,  0, 22, 24, 22,  0,  0,  0,  0,  0,  0,  9,  0,  0,  0,  0,  0,  0,  0,  0,  0, 11, 13, 27,  0,  0, 21,  0
6, 11026, 11,KE8EXM,     3.61, 5,   coast,  -12.75,  95053.00,  535.69,  280.70,   69.95, 22.8, 4.08, 4.08, 4.09,  -2.51,  -2.42,   2.59, 452.07,  22.82,  -2.19,  -0.21,  -0.06,   0.35,  14.53, 4.09, 0.00, 0.00, 0.00, 0.00, 1, 1,  7,  39.7303583, -83.7071210,   326.0, 2025, 11, 23, 18, 17, 44,       72,       72,  29,  -2,   2.0,   0.9,   1.8,  0,  0, 25,  0,  0,  0, 22, 24, 22,  0,  0,  0,  0,  0,  0,  9,  0,  0,  0,  0,  0,  0,  0,  0,  0, 11, 13, 27,  0,  0, 21,  0
6, 11026, 11,KE8EXM,     3.62, 5,   coast,  -13.24,  95043.00,  536.57,  281.57,   69.82, 22.8, 4.08, 4.08, 4.09,  -2.58,  -3.32,   2.55, 451.83,  22.27,  -2.01,  -0.21,  -0.06,   0.35,  14.75, 4.09, 0.00, 0.00, 0.00, 0.00, 1, 1,  7,  39.7303583, -83.7071210,   326.0, 2025, 11, 23, 18, 17, 44,       72,       72,  29,  -2,   2.0,   0.9,   1.8,  0,  0, 25,  0,  0,  0, 22, 24, 22,  0,  0,  0,  0,  0,  0,  9,  0,  0,  0,  0,  0,  0,  0,  0,  0, 11, 13, 27,  0,  0, 21,  0
6, 11026, 11,KE8EXM,     3.63, 5,   coast,  -13.73,  95043.00,  536.57,  281.57,   69.69, 22.8, 4.08, 4.08, 4.09,  -2.49,  -3.10,   2.56, 452.62,  21.36,  -2.25,  -0.21,  -0.05,   0.36,  14.95, 4.09, 0.00, 0.00, 0.00, 0.00, 1, 1,  7,  39.7303583, -83.7071210,   326.0, 2025, 11, 23, 18, 17, 44,       72,       72,  29,  -2,   2.0,   0.9,   1.8,  0,  0, 25,  0,  0,  0, 22, 24, 22,  0,  0,  0,  0,  0,  0,  9,  0,  0,  0,  0,  0,  0,  0,  0,  0, 11, 13, 27,  0,  0, 21,  0
6, 11026, 11,KE8EXM,     3.64, 5,   coast,  -13.24,  95020.00,  538.58,  283.59,   69.56, 22.8, 4.08, 4.08, 4.09,  -2.51,  -3.16,   2.39, 450.67,  20.50,  -2.80,  -0.21,  -0.05,   0.36,  15.13, 4.09, 0.00, 0.00, 0.00, 0.00, 1, 1,  7,  39.7303583, -83.7071210,   326.0, 2025, 11, 23, 18, 17, 44,       72,       72,  29,  -2,   2.0,   0.9,   1.8,  0,  0, 25,  0,  0,  0, 22, 24, 22,  0,  0,  0,  0,  0,  0,  9,  0,  0,  0,  0,  0,  0,  0,  0,  0, 11, 13, 27,  0,  0, 21,  0
6, 11026, 11,KE8EXM,     3.65, 5,   coast,  -12.26,  95020.00,  538.58,  283.59,   69.43, 22.8, 4.08, 4.08, 4.09,  -2.45,  -3.30,   1.84, 450.91,  20.38,  -3.41,  -0.21,  -0.04,   0.36,  15.30, 4.09, 0.00, 0.00, 0.00, 0.00, 1, 1,  7,  39.7303583, -83.7071210,   326.0, 2025, 11, 23, 18, 17, 44,       72,       72,  29,  -2,   2.0,   0.9,   1.8,  0,  0, 25,  0,  0,  0, 22, 24, 22,  0,  0,  0,  0,  0,  0,  9,  0,  0,  0,  0,  0,  0,  0,  0,  0, 11, 13, 27,  0,  0, 21,  0
6, 11026, 11,KE8EXM,     3.66, 5,   coast,  -14.22,  95006.00,  539.81,  284.82,   69.30, 22.8, 4.08, 4.08, 4.09,  -2.45,  -2.73,   2.12, 450.36,  19.77,  -3.96,  -0.21,  -0.03,   0.37,  15.46, 4.09, 0.00, 0.00, 0.00, 0.00, 1, 1,  7,  39.7303583, -83.7071210,   326.0, 2025, 11, 23, 18, 17, 44,       72,       72,  29,  -2,   2.0,   0.9,   1.8,  0,  0, 25,  0,  0,  0, 22, 24, 22,  0,  0,  0,  0,  0,  0,  9,  0,  0,  0,  0,  0,  0,  0,  0,  0, 11, 13, 27,  0,  0, 21,  0
6, 11026, 11,KE8EXM,     3.67, 5,   coast,  -12.26,  95006.00,  539.81,  284.82,   69.18, 22.8, 4.08, 4.08, 4.09,  -2.45,  -2.81,   1.85, 450.54,  20.01,  -4.51,  -0.21,  -0.02,   0.37,  15.60, 4.09, 0.00, 0.00, 0.00, 0.00, 1, 1,  7,  39.7303583, -83.7071210,   326.0, 2025, 11, 23, 18, 17, 44,       72,       72,  29,  -2,   2.0,   0.9,   1.8,  0,  0, 25,  0,  0,  0, 22, 24, 22,  0,  0,  0,  0,  0,  0,  9,  0,  0,  0,  0,  0,  0,  0,  0,  0, 11, 13, 27,  0,  0, 21,  0
6, 11026, 11,KE8EXM,     3.68, 5,   coast,  -12.26,  94996.00,  540.69,  285.70,   69.06, 22.8, 4.08, 4.08, 4.09,  -2.39,  -2.63,   1.82, 449.87,  18.92,  -4.27,  -0.21,  -0.02,   0.37,  15.73, 4.09, 0.00, 0.00, 0.00, 0.00, 1, 1,  7,  39.7303583, -83.7071210,   326.0, 2025, 11, 23, 18, 17, 44,       72,       72,  29,  -2,   2.0,   0.9,   1.8,  0,  0, 25,  0,  0,  0, 22, 24, 22,  0,  0,  0,  0,  0,  0,  9,  0,  0,  0,  0,  0,  0,  0,  0,  0, 11, 13, 27,  0,  0, 21,  0
6, 11026, 11,KE8EXM,     3.69, 5,   coast,  -11.28,  94996.00,  540.69,  285.70,   68.93, 22.8, 4.08, 4.08, 4.09,  -2.39,  -2.54,   1.89, 449.32,  19.34,  -4.20,  -0.21,  -0.01,   0.37,  15.85, 4.09, 0.00, 0.00, 0.00, 0.00, 1, 1,  7,  39.7303583, -83.7071210,   326.0, 2025, 11, 23, 18, 17, 44,       72,       72,  29,  -2,   2.0,   0.9,   1.8,  0,  0, 25,  0,  0,  0, 22, 24, 22,  0,  0,  0,  0,  0,  0,  9,  0,  0,  0,  0,  0,  0,  0,  0,  0, 11, 13, 27,  0,  0, 21,  0
6, 11026, 11,KE8EXM,     3.70, 5,   coast,  -11.28,  94980.00,  542.09,  287.10,   68.81, 22.8, 4.08, 4.08, 4.09,  -2.46,  -2.90,   1.08, 449.32,  19.40,  -4.33,  -0.21,   0.00,   0.37,  15.96, 4.09, 0.00, 0.00, 0.00, 0.00, 1, 1,  7,  39.7303583, -83.7071210,   326.0, 2025, 11, 23, 18, 17, 44,       72,       72,  29,  -2,   2.0,   0.9,   1.8,  0,  0, 25,  0,  0,  0, 22, 24, 22,  0,  0,  0,  0,  0,  0,  9,  0,  0,  0,  0,  0,  0,  0,  0,  0, 11, 13, 27,  0,  0, 21,  0
6, 11026, 11,KE8EXM,     3.71, 5,   coast,  -14.71,  94980.00,  542.09,  287.10,   68.68, 22.8, 4.08, 4.08, 4.09,  -2.36,  -2.73,   1.54, 449.14,  19.59,  -4.81,  -0.21,   0.01,   0.37,  16.05, 4.09, 0.00, 0.00, 0.00, 0.00, 1, 1,  7,  39.7303583, -83.7071210,   326.0, 2025, 11, 23, 18, 17, 44,       72,       72,  29,  -2,   2.0,   0.9,   1.8,  0,  0, 25,  0,  0,  0, 22, 24, 22,  0,  0,  0,  0,  0,  0,  9,  0,  0,  0,  0,  0,  0,  0,  0,  0, 11, 13, 27,  0,  0, 21,  0
6, 11026, 11,KE8EXM,     3.72, 5,   coast,  -12.75,  94966.00,  543.32,  288.33,   68.55, 22.8, 4.08, 4.08, 4.09,  -2.39,  -3.21,   1.29, 449.08,  19.71,  -4.94,  -0.21,   0.02,   0.37,  16.13, 4.09, 0.00, 0.00, 0.00, 0.00, 1, 1,  7,  39.7303583, -83.7071210,   326.0, 2025, 11, 23, 18, 17, 44,       72,       72,  29,  -2,   2.0,   0.9,   1.8,  0,  0, 25,  0,  0,  0, 22, 24, 22,  0,  0,  0,  0,  0,  0,  9,  0,  0,  0,  0,  0,  0,  0,  0,  0, 11, 13, 27,  0,  0, 21,  0
6, 11026, 11,KE8EXM,     3.73, 5,   coast,  -14.22,  94966.00,  543.32,  288.33,   68.42, 22.8, 4.08, 4.08, 4.09,  -2.38,  -3.05,   1.54, 448.90,  20.14,  -5.24,  -0.20,   0.03,   0.37,  16.20, 4.09, 0.00, 0.00, 0.00, 0.00, 1, 1,  7,  39.7303583, -83.7071210,   326.0, 2025, 11, 23, 18, 17, 44,       72,       72,  29,  -2,   2.0,   0.9,   1.8,  0,  0, 25,  0,  0,  0, 22, 24, 22,  0,  0,  0,  0,  0,  0,  9,  0,  0,  0,  0,  0,  0,  0,  0,  0, 11, 13, 27,  0,  0, 21,  0
6, 11026, 11,KE8EXM,     3.74, 5,   coast,  -13.24,  94937.00,  545.86,  290.87,   68.29, 22.8, 4.08, 4.08, 4.09,  -2.31,  -3.00,   1.27, 448.83,  20.69,  -5.67,  -0.20,   0.03,   0.37,  16.26, 4.09, 0.00, 0.00, 0.00, 0.00, 1, 1,  7,  39.7303583, -83.7071210,   326.0, 2025, 11, 23, 18, 17, 44,       72,       72,  29,  -2,   2.0,   0.9,   1.8,  0,  0, 25,  0,  0,  0, 22, 24, 22,  0,  0,  0,  0,  0,  0,  9,  0,  0,  0,  0,  0,  0,  0,  0,  0, 11, 13, 27,  0,  0, 21,  0
6, 11026, 11,KE8EXM,     3.75, 5,   coast,  -13.24,  94937.00,  545.86,  290.87,   68.16, 22.8, 4.08, 4.08, 4.09,  -2.31,  -2.84,   1.46, 448.22,  20.75,  -5.85,  -0.20,   0.03,   0.37,  16.30, 4.09, 0.00, 0.00, 0.00, 0.00, 1, 1,  7,  39.7303583, -83.7071210,   326.0, 2025, 11, 23, 18, 17, 44,       72,       72,  29,  -2,   2.0,   0.9,   1.8,  0,  0, 25,  0,  0,  0, 22, 24, 22,  0,  0,  0,  0,  0,  0,  9,  0,  0,  0,  0,  0,  0,  0,  0,  0, 11, 13, 27,  0,  0, 21,  0
6, 11026, 11,KE8EXM,     3.76, 5,   coast,  -11.77,  94930.00,  546.48,  291.49,   68.04, 22.8, 4.08, 4.08, 4.09,  -2.34,  -2.39,   1.48, 448.04,  21.23,  -5.91,  -0.21,   0.05,   0.36,  16.33, 4.09, 0.00, 0.00, 0.00, 0.00, 1, 1,  7,  39.7303583, -83.7071210,   326.0, 2025, 11, 23, 18, 17, 44,       72,       72,  29,  -2,   2.0,   0.9,   1.8,  0,  0, 25,  0,  0,  0, 22, 24, 22,  0,  0,  0,  0,  0,  0,  9,  0,  0,  0,  0,  0,  0,  0,  0,  0, 11, 13, 27,  0,  0, 21,  0
6, 11026, 11,KE8EXM,     3.77, 5,   coast,  -11.77,  94930.00,  546.48,  291.49,   67.91, 22.8, 4.08, 4.08, 4.09,  -2.33,  -2.74,   1.19, 447.31,  20.81,  -5.85,  -0.20,   0.06,   0.36,  16.34, 4.09, 0.00, 0.00, 0.00, 0.00, 1, 1,  7,  39.7303583, -83.7071210,   326.0, 2025, 11, 23, 18, 17, 44,       72,       72,  29,  -2,   2.0,   0.9,   1.8,  0,  0, 25,  0,  0,  0, 22, 24, 22,  0,  0,  0,  0,  0,  0,  9,  0,  0,  0,  0,  0,  0,  0,  0,  0, 11, 13, 27,  0,  0, 21,  0
6, 11026, 11,KE8EXM,     3.78, 5,   coast,  -12.26,  94919.00,  547.44,  292.45,   67.79, 22.8, 4.08, 4.08, 4.09,  -2.31,  -2.55,   1.39, 446.76,  21.54,  -5.55,  -0.20,   0.06,   0.35,  16.34, 4.09, 0.00, 0.00, 0.00, 0.00, 1, 1,  7,  39.7303583, -83.7071210,   326.0, 2025, 11, 23, 18, 17, 44,       72,       72,  29,  -2,   2.0,   0.9,   1.8,  0,  0, 25,  0,  0,  0, 22, 24, 22,  0,  0,  0,  0,  0,  0,  9,  0,  0,  0,  0,  0,  0,  0,  0,  0, 11, 13, 27,  0,  0, 21,  0
6, 11026, 11,KE8EXM,     3.79, 5,   coast,  -12.75,  94919.00,  547.44,  292.45,   67.67, 22.8, 4.08, 4.08, 4.09,  -2.37,  -2.67,   1.16, 447.61,  21.84,  -5.79,  -0.20,   0.07,   0.35,  16.33, 4.09, 0.00, 0.00, 0.00, 0.00, 1, 1,  7,  39.7303583, -83.7071210,   326.0, 2025, 11, 23, 18, 17, 44,       72,       72,  29,  -2,   2.0,   0.9,   1.8,  0,  0, 25,  0,  0,  0, 22, 24, 22,  0,  0,  0,  0,  0,  0,  9,  0,  0,  0,  0,  0,  0,  0,  0,  0, 11, 13, 27,  0,  0, 21,  0
6, 11026, 11,KE8EXM,     3.80, 5,   coast,  -12.26,  94902.00,  548.94,  293.94,   67.55, 22.8, 4.08, 4.08, 4.09,  -2.31,  -2.72,   1.30, 447.37,  22.03,  -5.49,  -0.20,   0.08,   0.34,  16.31, 4.09, 0.00, 0.00, 0.00, 0.00, 1, 1,  7,  39.7303583, -83.7071210,   326.0, 2025, 11, 23, 18, 17, 44,       72,       72,  29,  -2,   2.0,   0.9,   1.8,  0,  0, 25,  0,  0,  0, 22, 24, 22,  0,  0,  0,  0,  0,  0,  9,  0,  0,  0,  0,  0,  0,  0,  0,  0, 11, 13, 27,  0,  0, 21,  0
6, 11026, 11,KE8EXM,     3.81, 5,   coast,  -12.26,  94902.00,  548.94,  293.94,   67.42, 22.8, 4.08, 4.08, 4.09,  -2.23,  -2.26,   1.46, 447.31,  22.27,  -6.04,  -0.20,   0.08,   0.34,  16.26, 4.09, 0.00, 0.00, 0.00, 0.00, 1, 1,  7,  39.7303583, -83.7071210,   326.0, 2025, 11, 23, 18, 17, 44,       72,       72,  29,  -2,   2.0,   0.9,   1.8,  0,  0, 25,  0,  0,  0, 22, 24, 22,  0,  0,  0,  0,  0,  0,  9,  0,  0,  0,  0,  0,  0,  0,  0,  0, 11, 13, 27,  0,  0, 21,  0
6, 11026, 11,KE8EXM,     3.82, 5,   coast,  -12.75,  94894.00,  549.64,  294.65,   67.30, 22.8, 4.08, 4.08, 4.09,  -2.26,  -2.58,   1.11, 446.82,  22.39,  -5.73,  -0.20,   0.09,   0.33,  16.21, 4.09, 0.00, 0.00, 0.00, 0.00, 1, 1,  7,  39.7303583, -83.7071210,   326.0, 2025, 11, 23, 18, 17, 44,       72,       72,  29,  -2,   2.0,   0.9,   1.8,  0,  0, 25,  0,  0,  0, 22, 24, 22,  0,  0,  0,  0,  0,  0,  9,  0,  0,  0,  0,  0,  0,  0,  0,  0, 11, 13, 27,  0,  0, 21,  0
6, 11026, 11,KE8EXM,     3.83, 5,   coast,  -13.24,  94894.00,  549.64,  294.65,   67.18, 22.8, 4.08, 4.08, 4.09,  -2.33,  -2.19,   1.28, 446.33,  23.00,  -5.36,  -0.20,   0.09,   0.32,  16.14, 4.09, 0.00, 0.00, 0.00, 0.00, 1, 1,  7,  39.7303583, -83.7071210,   326.0, 2025, 11, 23, 18, 17, 44,       72,       72,  29,  -2,   2.0,   0.9,   1.8,  0,  0, 25,  0,  0,  0, 22, 24, 22,  0,  0,  0,  0,  0,  0,  9,  0,  0,  0,  0,  0,  0,  0,  0,  0, 11, 13, 27,  0,  0, 21,  0
6, 11026, 11,KE8EXM,     3.84, 5,   coast,  -11.28,  94875.00,  551.31,  296.31,   67.06, 22.8, 4.08, 4.08, 4.09,  -2.29,  -2.33,   1.08, 445.11,  23.31,  -5.30,  -0.21,   0.10,   0.31,  16.06, 4.09, 0.00, 0.00, 0.00, 0.00, 1, 1,  7,  39.7303583, -83.7071210,   326.0, 2025, 11, 23, 18, 17, 44,       72,       72,  29,  -2,   2.0,   0.9,   1.8,  0,  0, 25,  0,  0,  0, 22, 24, 22,  0,  0,  0,  0,  0,  0,  9,  0,  0,  0,  0,  0,  0,  0,  0,  0, 11, 13, 27,  0,  0, 21,  0
6, 11026, 11,KE8EXM,     3.85, 5,   coast,  -11.28,  94875.00,  551.31,  296.31,   66.94, 22.8, 4.08, 4.08, 4.09,  -2.30,  -2.06,   1.34, 445.36,  23.43,  -4.69,  -0.21,   0.10,   0.31,  15.97, 4.09, 0.00, 0.00, 0.00, 0.00, 1, 1,  7,  39.7303583, -83.7071210,   326.0, 2025, 11, 23, 18, 17, 44,       72,       72,  29,  -2,   2.0,   0.9,   1.8,  0,  0, 25,  0,  0,  0, 22, 24, 22,  0,  0,  0,  0,  0,  0,  9,  0,  0,  0,  0,  0,  0,  0,  0,  0, 11, 13, 27,  0,  0, 21,  0
6, 11026, 11,KE8EXM,     3.86, 5,   coast,  -12.26,  94860.00,  552.62,  297.63,   66.82, 22.8, 4.09, 4.08, 4.08,  -2.28,  -1.82,   1.54, 444.01,  23.43,  -4.33,  -0.21,   0.10,   0.31,  15.87, 4.10, 0.00, 0.00, 0.00, 0.20, 1, 1,  7,  39.7303583, -83.7071210,   326.0, 2025, 11, 23, 18, 17, 44,       72,       72,  29,  -2,   2.0,   0.9,   1.8,  0,  0, 25,  0,  0,  0, 22, 24, 22,  0,  0,  0,  0,  0,  0,  9,  0,  0,  0,  0,  0,  0,  0,  0,  0, 11, 13, 27,  0,  0, 21,  0
6, 11026, 11,KE8EXM,     3.86, 5,   coast,  -12.26,  94860.00,  552.62,  297.63,   66.82, 22.8, 4.09, 4.08, 4.08,  -2.28,  -1.82,   1.54, 444.01,  23.43,  -4.33,  -0.21,   0.10,   0.31,  15.87, 4.10, 0.00, 0.00, 0.00, 0.20, 1, 1,  7,  39.7303583, -83.7071210,   326.0, 2025, 11, 23, 18, 17, 44,       72,       72,  29,  -2,   2.0,   0.9,   1.8,  0,  0, 25,  0,  0,  0, 22, 24, 22,  0,  0,  0,  0,  0,  0,  9,  0,  0,  0,  0,  0,  0,  0,  0,  0, 11, 13, 27,  0,  0, 21,  0
6, 11026, 11,KE8EXM,     3.87, 5,   coast,  -11.28,  94860.00,  552.62,  297.63,   66.71, 22.8, 4.09, 4.08, 4.08,  -2.17,  -1.95,   1.42, 443.71,  23.92,  -3.65,  -0.20,   0.11,   0.29,  15.76, 4.10, 0.00, 0.00, 0.00, 0.20, 1, 1,  7,  39.7303583, -83.7071210,   326.0, 2025, 11, 23, 18, 17, 44,       72,       72,  29,  -2,   2.0,   0.9,   1.8,  0,  0, 25,  0,  0,  0, 22, 24, 22,  0,  0,  0,  0,  0,  0,  9,  0,  0,  0,  0,  0,  0,  0,  0,  0, 11, 13, 27,  0,  0, 21,  0
6, 11026, 11,KE8EXM,     3.88, 5,   coast,  -11.28,  94840.00,  554.38,  299.39,   66.59, 22.8, 4.09, 4.08, 4.08,  -2.26,  -2.16,   1.64, 443.83,  23.80,  -3.23,  -0.21,   0.11,   0.28,  15.65, 4.10, 0.00, 0.00, 0.00, 0.20, 1, 1,  7,  39.7303583, -83.7071210,   326.0, 2025, 11, 23, 18, 17, 44,       72,       72,  29,  -2,   2.0,   0.9,   1.8,  0,  0, 25,  0,  0,  0, 22, 24, 22,  0,  0,  0,  0,  0,  0,  9,  0,  0,  0,  0,  0,  0,  0,  0,  0, 11, 13, 27,  0,  0, 21,  0
6, 11026, 11,KE8EXM,     3.89, 5,   coast,  -12.75,  94840.00,  554.38,  299.39,   66.47, 22.8, 4.09, 4.08, 4.08,  -2.22,  -2.11,   1.62, 442.49,  23.68,  -2.74,  -0.21,   0.11,   0.27,  15.52, 4.10, 0.00, 0.00, 0.00, 0.20, 1, 1,  7,  39.7303583, -83.7071210,   326.0, 2025, 11, 23, 18, 17, 44,       72,       72,  29,  -2,   2.0,   0.9,   1.8,  0,  0, 25,  0,  0,  0, 22, 24, 22,  0,  0,  0,  0,  0,  0,  9,  0,  0,  0,  0,  0,  0,  0,  0,  0, 11, 13, 27,  0,  0, 21,  0
6, 11026, 11,KE8EXM,     3.90, 5,   coast,  -12.75,  94827.00,  555.52,  300.53,   66.34, 22.8, 4.09, 4.08, 4.08,  -2.21,  -2.28,   1.93, 441.75,  23.31,  -2.56,  -0.21,   0.11,   0.27,  15.39, 4.10, 0.00, 0.00, 0.00, 0.20, 1, 1,  7,  39.7303583, -83.7071210,   326.0, 2025, 11, 23, 18, 17, 44,       72,       72,  29,  -2,   2.0,   0.9,   1.8,  0,  0, 25,  0,  0,  0, 22, 24, 22,  0,  0,  0,  0,  0,  0,  9,  0,  0,  0,  0,  0,  0,  0,  0,  0, 11, 13, 27,  0,  0, 21,  0
6, 11026, 11,KE8EXM,     3.91, 5,   coast,  -12.26,  94827.00,  555.52,  300.53,   66.22, 22.8, 4.09, 4.08, 4.08,  -2.23,  -2.19,   1.57, 440.84,  23.19,  -2.01,  -0.21,   0.11,   0.26,  15.24, 4.10, 0.00, 0.00, 0.00, 0.20, 1, 1,  7,  39.7303583, -83.7071210,   326.0, 2025, 11, 23, 18, 17, 44,       72,       72,  29,  -2,   2.0,   0.9,   1.8,  0,  0, 25,  0,  0,  0, 22, 24, 22,  0,  0,  0,  0,  0,  0,  9,  0,  0,  0,  0,  0,  0,  0,  0,  0, 11, 13, 27,  0,  0, 21,  0
6, 11026, 11,KE8EXM,     3.92, 5,   coast,  -13.73,  94821.00,  556.05,  301.06,   66.09, 22.8, 4.09, 4.08, 4.08,  -2.21,  -2.13,   1.74, 440.05,  22.88,  -1.70,  -0.21,   0.11,   0.25,  15.09, 4.10, 0.00, 0.00, 0.00, 0.20, 1, 1,  7,  39.7303583, -83.7071210,   326.0, 2025, 11, 23, 18, 17, 44,       72,       72,  29,  -2,   2.0,   0.9,   1.8,  0,  0, 25,  0,  0,  0, 22, 24, 22,  0,  0,  0,  0,  0,  0,  9,  0,  0,  0,  0,  0,  0,  0,  0,  0, 11, 13, 27,  0,  0, 21,  0
6, 11026, 11,KE8EXM,     3.93, 5,   coast,  -12.75,  94821.00,  556.05,  301.06,   65.97, 22.8, 4.09, 4.08, 4.08,  -2.26,  -2.42,   1.78, 438.95,  22.58,  -1.15,  -0.21,   0.11,   0.24,  14.94, 4.10, 0.00, 0.00, 0.00, 0.20, 1, 1,  7,  39.7303583, -83.7071210,   326.0, 2025, 11, 23, 18, 17, 44,       72,       72,  29,  -2,   2.0,   0.9,   1.8,  0,  0, 25,  0,  0,  0, 22, 24, 22,  0,  0,  0,  0,  0,  0,  9,  0,  0,  0,  0,  0,  0,  0,  0,  0, 11, 13, 27,  0,  0, 21,  0
6, 11026, 11,KE8EXM,     3.94, 5,   coast,  -11.77,  94799.00,  557.98,  302.99,   65.84, 22.8, 4.09, 4.08, 4.08,  -2.24,  -2.23,   1.77, 437.79,  22.52,  -1.09,  -0.21,   0.10,   0.24,  14.77, 4.10, 0.00, 0.00, 0.00, 0.20, 1, 1,  7,  39.7303583, -83.7071210,   326.0, 2025, 11, 23, 18, 17, 44,       72,       72,  29,  -2,   2.0,   0.9,   1.8,  0,  0, 25,  0,  0,  0, 22, 24, 22,  0,  0,  0,  0,  0,  0,  9,  0,  0,  0,  0,  0,  0,  0,  0,  0, 11, 13, 27,  0,  0, 21,  0
6, 11026, 11,KE8EXM,     3.95, 5,   coast,  -13.73,  94799.00,  557.98,  302.99,   65.71, 22.8, 4.09, 4.08, 4.08,  -2.26,  -2.61,   1.97, 436.14,  21.97,  -0.91,  -0.21,   0.10,   0.23,  14.61, 4.10, 0.00, 0.00, 0.00, 0.20, 1, 1,  7,  39.7303583, -83.7071210,   326.0, 2025, 11, 23, 18, 17, 44,       72,       72,  29,  -2,   2.0,   0.9,   1.8,  0,  0, 25,  0,  0,  0, 22, 24, 22,  0,  0,  0,  0,  0,  0,  9,  0,  0,  0,  0,  0,  0,  0,  0,  0, 11, 13, 27,  0,  0, 21,  0
6, 11026, 11,KE8EXM,     3.96, 5,   coast,  -12.75,  94788.00,  558.95,  303.95,   65.59, 22.8, 4.09, 4.08, 4.08,  -2.18,  -2.62,   1.88, 435.35,  21.05,  -0.97,  -0.21,   0.10,   0.22,  14.43, 4.10, 0.00, 0.00, 0.00, 0.20, 1, 1,  7,  39.7303583, -83.7071210,   326.0, 2025, 11, 23, 18, 17, 44,       72,       72,  29,  -2,   2.0,   0.9,   1.8,  0,  0, 25,  0,  0,  0, 22, 24, 22,  0,  0,  0,  0,  0,  0,  9,  0,  0,  0,  0,  0,  0,  0,  0,  0, 11, 13, 27,  0,  0, 21,  0
6, 11026, 11,KE8EXM,     3.97, 5,   coast,  -12.75,  94788.00,  558.95,  303.95,   65.46, 22.8, 4.09, 4.08, 4.08,  -2.18,  -2.60,   1.79, 435.22,  20.99,  -1.21,  -0.21,   0.10,   0.22,  14.25, 4.10, 0.00, 0.00, 0.00, 0.20, 1, 1,  7,  39.7303583, -83.7071210,   326.0, 2025, 11, 23, 18, 17, 44,       72,       72,  29,  -2,   2.0,   0.9,   1.8,  0,  0, 25,  0,  0,  0, 22, 24, 22,  0,  0,  0,  0,  0,  0,  9,  0,  0,  0,  0,  0,  0,  0,  0,  0, 11, 13, 27,  0,  0, 21,  0
6, 11026, 11,KE8EXM,     3.98, 5,   coast,  -12.26,  94766.00,  560.88,  305.89,   65.33, 22.8, 4.09, 4.08, 4.08,  -2.16,  -2.80,   1.72, 434.74,  20.38,  -1.21,  -0.21,   0.09,   0.20,  14.07, 4.10, 0.00, 0.00, 0.00, 0.20, 1, 1,  7,  39.7303583, -83.7071210,   326.0, 2025, 11, 23, 18, 17, 44,       72,       72,  29,  -2,   2.0,   0.9,   1.8,  0,  0, 25,  0,  0,  0, 22, 24, 22,  0,  0,  0,  0,  0,  0,  9,  0,  0,  0,  0,  0,  0,  0,  0,  0, 11, 13, 27,  0,  0, 21,  0
6, 11026, 11,KE8EXM,     3.99, 5,   coast,  -13.24,  94766.00,  560.88,  305.89,   65.21, 22.8, 4.09, 4.08, 4.08,  -2.17,  -2.70,   1.67, 434.31,  19.89,  -1.40,  -0.21,   0.09,   0.20,  13.89, 4.10, 0.00, 0.00, 0.00, 0.20, 1, 1,  7,  39.7303583, -83.7071210,   326.0, 2025, 11, 23, 18, 17, 44,       72,       72,  29,  -2,   2.0,   0.9,   1.8,  0,  0, 25,  0,  0,  0, 22, 24, 22,  0,  0,  0,  0,  0,  0,  9,  0,  0,  0,  0,  0,  0,  0,  0,  0, 11, 13, 27,  0,  0, 21,  0
6, 11026, 11,KE8EXM,     4.00, 5,   coast,  -11.77,  94759.00,  561.50,  306.50,   65.09, 22.8, 4.09, 4.08, 4.08,  -2.26,  -2.95,   1.69, 433.94,  19.71,  -1.76,  -0.21,   0.08,   0.19,  13.70, 4.10, 0.00, 0.00, 0.00, 0.20, 1, 1,  7,  39.7303583, -83.7071210,   326.0, 2025, 11, 23, 18, 17, 44,       72,       72,  29,  -2,   2.0,   0.9,   1.8,  0,  0, 25,  0,  0,  0, 22, 24, 22,  0,  0,  0,  0,  0,  0,  9,  0,  0,  0,  0,  0,  0,  0,  0,  0, 11, 13, 27,  0,  0, 21,  0
6, 11026, 11,KE8EXM,     4.01, 5,   coast,  -11.77,  94759.00,  561.50,  306.50,   64.97, 22.8, 4.09, 4.08, 4.08,  -2.19,  -2.77,   1.57, 433.15,  19.59,  -2.19,  -0.21,   0.08,   0.19,  13.51, 4.10, 0.00, 0.00, 0.00, 0.20, 1, 1,  7,  39.7303583, -83.7071210,   326.0, 2025, 11, 23, 18, 17, 44,       72,       72,  29,  -2,   2.0,   0.9,   1.8,  0,  0, 25,  0,  0,  0, 22, 24, 22,  0,  0,  0,  0,  0,  0,  9,  0,  0,  0,  0,  0,  0,  0,  0,  0, 11, 13, 27,  0,  0, 21,  0
6, 11026, 11,KE8EXM,     4.02, 5,   coast,  -12.26,  94747.00,  562.55,  307.56,   64.85, 22.8, 4.09, 4.08, 4.08,  -2.16,  -2.72,   1.54, 432.90,  19.22,  -2.56,  -0.21,   0.07,   0.18,  13.31, 4.10, 0.00, 0.00, 0.00, 0.20, 1, 1,  7,  39.7303583, -83.7071210,   326.0, 2025, 11, 23, 18, 17, 44,       72,       72,  29,  -2,   2.0,   0.9,   1.8,  0,  0, 25,  0,  0,  0, 22, 24, 22,  0,  0,  0,  0,  0,  0,  9,  0,  0,  0,  0,  0,  0,  0,  0,  0, 11, 13, 27,  0,  0, 21,  0
6, 11026, 11,KE8EXM,     4.03, 5,   coast,  -11.28,  94747.00,  562.55,  307.56,   64.73, 22.8, 4.09, 4.08, 4.08,  -2.08,  -2.75,   1.57, 431.81,  19.16,  -2.86,  -0.21,   0.06,   0.18,  13.12, 4.10, 0.00, 0.00, 0.00, 0.20, 1, 1,  7,  39.7303583, -83.7071210,   326.0, 2025, 11, 23, 18, 17, 44,       72,       72,  29,  -2,   2.0,   0.9,   1.8,  0,  0, 25,  0,  0,  0, 22, 24, 22,  0,  0,  0,  0,  0,  0,  9,  0,  0,  0,  0,  0,  0,  0,  0,  0, 11, 13, 27,  0,  0, 21,  0
6, 11026, 11,KE8EXM,     4.04, 5,   coast,  -11.77,  94719.00,  565.01,  310.02,   64.62, 22.8, 4.09, 4.08, 4.08,  -2.17,  -2.56,   1.16, 431.93,  19.04,  -3.04,  -0.21,   0.06,   0.17,  12.93, 4.10, 0.00, 0.00, 0.00, 0.20, 1, 1,  7,  39.7303583, -83.7071210,   326.0, 2025, 11, 23, 18, 17, 44,       72,       72,  29,  -2,   2.0,   0.9,   1.8,  0,  0, 25,  0,  0,  0, 22, 24, 22,  0,  0,  0,  0,  0,  0,  9,  0,  0,  0,  0,  0,  0,  0,  0,  0, 11, 13, 27,  0,  0, 21,  0
6, 11026, 11,KE8EXM,     4.05, 5,   coast,  -10.30,  94719.00,  565.01,  310.02,   64.50, 22.8, 4.09, 4.08, 4.08,  -2.11,  -2.81,   1.21, 431.50,  19.04,  -3.41,  -0.21,   0.05,   0.17,  12.74, 4.10, 0.00, 0.00, 0.00, 0.20, 1, 1,  7,  39.7303583, -83.7071210,   326.0, 2025, 11, 23, 18, 17, 44,       72,       72,  29,  -2,   2.0,   0.9,   1.8,  0,  0, 25,  0,  0,  0, 22, 24, 22,  0,  0,  0,  0,  0,  0,  9,  0,  0,  0,  0,  0,  0,  0,  0,  0, 11, 13, 27,  0,  0, 21,  0
6, 11026, 11,KE8EXM,     4.06, 5,   coast,  -11.77,  94710.00,  565.80,  310.81,   64.38, 22.8, 4.09, 4.08, 4.08,  -2.11,  -2.83,   1.37, 431.20,  19.16,  -3.84,  -0.21,   0.04,   0.17,  12.55, 4.10, 0.00, 0.00, 0.00, 0.20, 1, 1,  7,  39.7303583, -83.7071210,   326.0, 2025, 11, 23, 18, 17, 44,       72,       72,  29,  -2,   2.0,   0.9,   1.8,  0,  0, 25,  0,  0,  0, 22, 24, 22,  0,  0,  0,  0,  0,  0,  9,  0,  0,  0,  0,  0,  0,  0,  0,  0, 11, 13, 27,  0,  0, 21,  0
6, 11026, 11,KE8EXM,     4.07, 5,   coast,  -14.22,  94710.00,  565.80,  310.81,   64.26, 22.8, 4.09, 4.08, 4.08,  -2.08,  -2.30,   0.99, 431.81,  19.04,  -3.96,  -0.22,   0.03,   0.17,  12.36, 4.10, 0.00, 0.00, 0.00, 0.20, 1, 1,  7,  39.7303583, -83.7071210,   326.0, 2025, 11, 23, 18, 17, 44,       72,       72,  29,  -2,   2.0,   0.9,   1.8,  0,  0, 25,  0,  0,  0, 22, 24, 22,  0,  0,  0,  0,  0,  0,  9,  0,  0,  0,  0,  0,  0,  0,  0,  0, 11, 13, 27,  0,  0, 21,  0
6, 11026, 11,KE8EXM,     4.08, 5,   coast,  -11.28,  94695.00,  567.12,  312.13,   64.14, 22.8, 4.09, 4.08, 4.08,  -2.12,  -2.82,   1.14, 431.13,  19.28,  -4.33,  -0.22,   0.03,   0.17,  12.19, 4.10, 0.00, 0.00, 0.00, 0.20, 1, 1,  7,  39.7303583, -83.7071210,   326.0, 2025, 11, 23, 18, 17, 44,       72,       72,  29,  -2,   2.0,   0.9,   1.8,  0,  0, 25,  0,  0,  0, 22, 24, 22,  0,  0,  0,  0,  0,  0,  9,  0,  0,  0,  0,  0,  0,  0,  0,  0, 11, 13, 27,  0,  0, 21,  0
6, 11026, 11,KE8EXM,     4.09, 5,   coast,  -11.77,  94695.00,  567.12,  312.13,   64.02, 22.8, 4.09, 4.08, 4.08,  -2.13,  -2.36,   1.05, 431.26,  19.46,  -4.08,  -0.22,   0.02,   0.16,  12.01, 4.10, 0.00, 0.00, 0.00, 0.20, 1, 1,  7,  39.7303583, -83.7071210,   326.0, 2025, 11, 23, 18, 17, 44,       72,       72,  29,  -2,   2.0,   0.9,   1.8,  0,  0, 25,  0,  0,  0, 22, 24, 22,  0,  0,  0,  0,  0,  0,  9,  0,  0,  0,  0,  0,  0,  0,  0,  0, 11, 13, 27,  0,  0, 21,  0
6, 11026, 11,KE8EXM,     4.10, 5,   coast,  -13.24,  94686.00,  567.91,  312.92,   63.90, 22.8, 4.09, 4.08, 4.08,  -2.03,  -2.26,   1.07, 431.74,  20.20,  -4.51,  -0.22,   0.01,   0.16,  11.84, 4.10, 0.00, 0.00, 0.00, 0.20, 1, 1,  7,  39.7303583, -83.7071210,   326.0, 2025, 11, 23, 18, 17, 44,       72,       72,  29,  -2,   2.0,   0.9,   1.8,  0,  0, 25,  0,  0,  0, 22, 24, 22,  0,  0,  0,  0,  0,  0,  9,  0,  0,  0,  0,  0,  0,  0,  0,  0, 11, 13, 27,  0,  0, 21,  0
6, 11026, 11,KE8EXM,     4.11, 5,   coast,  -12.75,  94686.00,  567.91,  312.92,   63.77, 22.8, 4.09, 4.08, 4.08,  -2.12,  -2.51,   1.01, 431.44,  20.50,  -4.20,  -0.22,   0.01,   0.16,  11.68, 4.10, 0.00, 0.00, 0.00, 0.20, 1, 1,  7,  39.7303583, -83.7071210,   326.0, 2025, 11, 23, 18, 17, 44,       72,       72,  29,  -2,   2.0,   0.9,   1.8,  0,  0, 25,  0,  0,  0, 22, 24, 22,  0,  0,  0,  0,  0,  0,  9,  0,  0,  0,  0,  0,  0,  0,  0,  0, 11, 13, 27,  0,  0, 21,  0
6, 11026, 11,KE8EXM,     4.12, 5,   coast,  -11.77,  94675.00,  568.88,  313.89,   63.65, 22.8, 4.09, 4.08, 4.08,  -2.05,  -2.31,   1.30, 431.01,  20.56,  -4.33,  -0.21,   0.00,   0.16,  11.53, 4.10, 0.00, 0.00, 0.00, 0.20, 1, 1,  7,  39.7303583, -83.7071210,   326.0, 2025, 11, 23, 18, 17, 44,       72,       72,  29,  -2,   2.0,   0.9,   1.8,  0,  0, 25,  0,  0,  0, 22, 24, 22,  0,  0,  0,  0,  0,  0,  9,  0,  0,  0,  0,  0,  0,  0,  0,  0, 11, 13, 27,  0,  0, 21,  0
6, 11026, 11,KE8EXM,     4.13, 5,   coast,  -10.30,  94675.00,  568.88,  313.89,   63.54, 22.8, 4.09, 4.08, 4.08,  -2.10,  -2.54,   1.00, 430.71,  20.99,  -4.14,  -0.21,  -0.01,   0.16,  11.39, 4.10, 0.00, 0.00, 0.00, 0.20, 1, 1,  7,  39.7303583, -83.7071210,   326.0, 2025, 11, 23, 18, 17, 44,       72,       72,  29,  -2,   2.0,   0.9,   1.8,  0,  0, 25,  0,  0,  0, 22, 24, 22,  0,  0,  0,  0,  0,  0,  9,  0,  0,  0,  0,  0,  0,  0,  0,  0, 11, 13, 27,  0,  0, 21,  0
6, 11026, 11,KE8EXM,     4.14, 5,   coast,  -12.75,  94663.00,  569.94,  314.94,   63.42, 22.8, 4.09, 4.08, 4.08,  -2.07,  -2.29,   1.19, 430.04,  20.87,  -4.14,  -0.22,  -0.01,   0.16,  11.26, 4.10, 0.00, 0.00, 0.00, 0.20, 1, 1,  7,  39.7303583, -83.7071210,   326.0, 2025, 11, 23, 18, 17, 44,       72,       72,  29,  -2,   2.0,   0.9,   1.8,  0,  0, 25,  0,  0,  0, 22, 24, 22,  0,  0,  0,  0,  0,  0,  9,  0,  0,  0,  0,  0,  0,  0,  0,  0, 11, 13, 27,  0,  0, 21,  0
6, 11026, 11,KE8EXM,     4.15, 5,   coast,  -12.26,  94663.00,  569.94,  314.94,   63.30, 22.8, 4.09, 4.08, 4.08,  -2.04,  -2.45,   1.33, 430.28,  21.54,  -4.20,  -0.21,  -0.02,   0.17,  11.15, 4.10, 0.00, 0.00, 0.00, 0.20, 1, 1,  7,  39.7303583, -83.7071210,   326.0, 2025, 11, 23, 18, 17, 44,       72,       72,  29,  -2,   2.0,   0.9,   1.8,  0,  0, 25,  0,  0,  0, 22, 24, 22,  0,  0,  0,  0,  0,  0,  9,  0,  0,  0,  0,  0,  0,  0,  0,  0, 11, 13, 27,  0,  0, 21,  0
6, 11026, 11,KE8EXM,     4.16, 5,   coast,   -9.81,  94646.00,  571.43,  316.44,   63.19, 22.8, 4.09, 4.08, 4.08,  -2.05,  -2.62,   1.15, 430.40,  21.72,  -4.02,  -0.22,  -0.03,   0.17,  11.05, 4.10, 0.00, 0.00, 0.00, 0.20, 1, 1,  7,  39.7303583, -83.7071210,   326.0, 2025, 11, 23, 18, 17, 44,       72,       72,  29,  -2,   2.0,   0.9,   1.8,  0,  0, 25,  0,  0,  0, 22, 24, 22,  0,  0,  0,  0,  0,  0,  9,  0,  0,  0,  0,  0,  0,  0,  0,  0, 11, 13, 27,  0,  0, 21,  0
6, 11026, 11,KE8EXM,     4.16, 5,   coast,   -9.81,  94646.00,  571.43,  316.44,   63.19, 22.8, 4.09, 4.08, 4.08,  -2.05,  -2.62,   1.15, 430.40,  21.72,  -4.02,  -0.22,  -0.03,   0.17,  11.05, 4.10, 0.00, 0.00, 0.00, 0.20, 1, 1,  7,  39.7303583, -83.7071210,   326.0, 2025, 11, 23, 18, 17, 44,       72,       72,  29,  -2,   2.0,   0.9,   1.8,  0,  0, 25,  0,  0,  0, 22, 24, 22,  0,  0,  0,  0,  0,  0,  9,  0,  0,  0,  0,  0,  0,  0,  0,  0, 11, 13, 27,  0,  0, 21,  0
6, 11026, 11,KE8EXM,     4.16, 5,   coast,   -9.81,  94646.00,  571.43,  316.44,   63.19, 22.8, 4.09, 4.08, 4.08,  -2.05,  -2.62,   1.15, 430.40,  21.72,  -4.02,  -0.22,  -0.03,   0.17,  11.05, 4.10, 0.00, 0.00, 0.00, 0.20, 1, 1,  7,  39.7303583, -83.7071210,   326.0, 2025, 11, 23, 18, 17, 44,       72,       72,  29,  -2,   2.0,   0.9,   1.8,  0,  0, 25,  0,  0,  0, 22, 24, 22,  0,  0,  0,  0,  0,  0,  9,  0,  0,  0,  0,  0,  0,  0,  0,  0, 11, 13, 27,  0,  0, 21,  0
6, 11026, 11,KE8EXM,     4.17, 5,   coast,  -11.28,  94646.00,  571.43,  316.44,   63.07, 22.8, 4.09, 4.08, 4.08,  -2.08,  -2.39,   1.44, 429.61,  21.72,  -3.96,  -0.22,  -0.04,   0.17,  10.97, 4.10, 0.00, 0.00, 0.00, 0.20, 1, 1,  6,  39.7305848, -83.7070281,   330.0, 2025, 11, 23, 18, 17, 45,       98,       98,  26,   1,   2.5,   1.0,   2.3,  0,  0, 22,  0,  0,  0, 30, 21, 22,  0,  0,  0,  0,  0,  0,  9,  0,  0,  0,  0,  0,  0,  0,  0,  0,  8, 25, 25,  0,  0, 24,  0
6, 11026, 11,KE8EXM,     4.18, 5,   coast,  -13.73,  94632.00,  572.66,  317.67,   62.96, 22.8, 4.09, 4.08, 4.09,  -2.07,  -2.68,   1.40, 429.00,  21.97,  -4.02,  -0.22,  -0.05,   0.18,  10.91, 4.09, 0.00, 0.01, 0.00, 0.00, 1, 1,  6,  39.7305848, -83.7070281,   330.0, 2025, 11, 23, 18, 17, 45,       98,       98,  26,   1,   2.5,   1.0,   2.3,  0,  0, 22,  0,  0,  0, 30, 21, 22,  0,  0,  0,  0,  0,  0,  9,  0,  0,  0,  0,  0,  0,  0,  0,  0,  8, 25, 25,  0,  0, 24,  0
6, 11026, 11,KE8EXM,     4.18, 5,   coast,  -13.73,  94632.00,  572.66,  317.67,   62.96, 22.8, 4.09, 4.08, 4.09,  -2.07,  -2.68,   1.40, 429.00,  21.97,  -4.02,  -0.22,  -0.05,   0.18,  10.91, 4.09, 0.00, 0.01, 0.00, 0.00, 1, 1,  6,  39.7305848, -83.7070281,   330.0, 2025, 11, 23, 18, 17, 45,       98,       98,  26,   1,   2.5,   1.0,   2.3,  0,  0, 22,  0,  0,  0, 30, 21, 22,  0,  0,  0,  0,  0,  0,  9,  0,  0,  0,  0,  0,  0,  0,  0,  0,  8, 25, 25,  0,  0, 24,  0
6, 11026, 11,KE8EXM,     4.19, 5,   coast,  -10.79,  94632.00,  572.66,  317.67,   62.84, 22.8, 4.09, 4.08, 4.09,  -2.01,  -2.51,   1.74, 429.06,  21.66,  -4.08,  -0.22,  -0.05,   0.18,  10.87, 4.09, 0.00, 0.01, 0.00, 0.00, 1, 1,  6,  39.7305848, -83.7070281,   330.0, 2025, 11, 23, 18, 17, 45,       98,       98,  26,   1,   2.5,   1.0,   2.3,  0,  0, 22,  0,  0,  0, 30, 21, 22,  0,  0,  0,  0,  0,  0,  9,  0,  0,  0,  0,  0,  0,  0,  0,  0,  8, 25, 25,  0,  0, 24,  0
6, 11026, 11,KE8EXM,     4.20, 5,   coast,  -10.30,  94621.00,  573.63,  318.64,   62.73, 22.8, 4.09, 4.08, 4.09,  -2.02,  -2.65,   1.72, 427.78,  21.66,  -4.14,  -0.22,  -0.06,   0.19,  10.85, 4.09, 0.00, 0.01, 0.00, 0.00, 1, 1,  6,  39.7305848, -83.7070281,   330.0, 2025, 11, 23, 18, 17, 45,       98,       98,  26,   1,   2.5,   1.0,   2.3,  0,  0, 22,  0,  0,  0, 30, 21, 22,  0,  0,  0,  0,  0,  0,  9,  0,  0,  0,  0,  0,  0,  0,  0,  0,  8, 25, 25,  0,  0, 24,  0
6, 11026, 11,KE8EXM,     4.21, 5,   coast,  -12.26,  94621.00,  573.63,  318.64,   62.61, 22.8, 4.09, 4.08, 4.09,  -2.04,  -2.48,   1.55, 427.41,  21.42,  -4.20,  -0.22,  -0.06,   0.19,  10.85, 4.09, 0.00, 0.01, 0.00, 0.00, 1, 1,  6,  39.7305848, -83.7070281,   330.0, 2025, 11, 23, 18, 17, 45,       98,       98,  26,   1,   2.5,   1.0,   2.3,  0,  0, 22,  0,  0,  0, 30, 21, 22,  0,  0,  0,  0,  0,  0,  9,  0,  0,  0,  0,  0,  0,  0,  0,  0,  8, 25, 25,  0,  0, 24,  0
6, 11026, 11,KE8EXM,     4.22, 5,   coast,  -11.77,  94605.00,  575.04,  320.05,   62.49, 22.8, 4.09, 4.08, 4.09,  -1.99,  -2.12,   1.65, 426.68,  20.99,  -3.84,  -0.22,  -0.07,   0.20,  10.87, 4.09, 0.00, 0.01, 0.00, 0.00, 1, 1,  6,  39.7305848, -83.7070281,   330.0, 2025, 11, 23, 18, 17, 45,       98,       98,  26,   1,   2.5,   1.0,   2.3,  0,  0, 22,  0,  0,  0, 30, 21, 22,  0,  0,  0,  0,  0,  0,  9,  0,  0,  0,  0,  0,  0,  0,  0,  0,  8, 25, 25,  0,  0, 24,  0
6, 11026, 11,KE8EXM,     4.23, 5,   coast,  -12.75,  94605.00,  575.04,  320.05,   62.37, 22.8, 4.09, 4.08, 4.09,  -2.05,  -2.67,   1.41, 425.03,  21.23,  -4.20,  -0.22,  -0.07,   0.20,  10.92, 4.09, 0.00, 0.01, 0.00, 0.00, 1, 1,  6,  39.7305848, -83.7070281,   330.0, 2025, 11, 23, 18, 17, 45,       98,       98,  26,   1,   2.5,   1.0,   2.3,  0,  0, 22,  0,  0,  0, 30, 21, 22,  0,  0,  0,  0,  0,  0,  9,  0,  0,  0,  0,  0,  0,  0,  0,  0,  8, 25, 25,  0,  0, 24,  0
6, 11026, 11,KE8EXM,     4.24, 5,   coast,  -13.73,  94584.00,  576.89,  321.89,   62.25, 22.8, 4.09, 4.08, 4.09,  -2.04,  -2.52,   1.72, 423.93,  21.23,  -4.20,  -0.22,  -0.08,   0.21,  10.98, 4.09, 0.00, 0.01, 0.00, 0.00, 1, 1,  6,  39.7305848, -83.7070281,   330.0, 2025, 11, 23, 18, 17, 45,       98,       98,  26,   1,   2.5,   1.0,   2.3,  0,  0, 22,  0,  0,  0, 30, 21, 22,  0,  0,  0,  0,  0,  0,  9,  0,  0,  0,  0,  0,  0,  0,  0,  0,  8, 25, 25,  0,  0, 24,  0
6, 11026, 11,KE8EXM,     4.25, 5,   coast,  -10.30,  94584.00,  576.89,  321.89,   62.13, 22.8, 4.09, 4.08, 4.09,  -2.02,  -2.39,   1.19, 423.32,  21.23,  -4.20,  -0.22,  -0.08,   0.21,  11.06, 4.09, 0.00, 0.01, 0.00, 0.00, 1, 1,  6,  39.7305848, -83.7070281,   330.0, 2025, 11, 23, 18, 17, 45,       98,       98,  26,   1,   2.5,   1.0,   2.3,  0,  0, 22,  0,  0,  0, 30, 21, 22,  0,  0,  0,  0,  0,  0,  9,  0,  0,  0,  0,  0,  0,  0,  0,  0,  8, 25, 25,  0,  0, 24,  0
6, 11026, 11,KE8EXM,     4.26, 5,   coast,  -12.75,  94580.00,  577.24,  322.25,   62.01, 22.8, 4.09, 4.08, 4.09,  -1.93,  -2.62,   1.46, 422.83,  21.17,  -4.51,  -0.22,  -0.09,   0.22,  11.17, 4.09, 0.00, 0.01, 0.00, 0.00, 1, 1,  6,  39.7305848, -83.7070281,   330.0, 2025, 11, 23, 18, 17, 45,       98,       98,  26,   1,   2.5,   1.0,   2.3,  0,  0, 22,  0,  0,  0, 30, 21, 22,  0,  0,  0,  0,  0,  0,  9,  0,  0,  0,  0,  0,  0,  0,  0,  0,  8, 25, 25,  0,  0, 24,  0
6, 11026, 11,KE8EXM,     4.27, 5,   coast,  -12.26,  94580.00,  577.24,  322.25,   61.89, 22.8, 4.09, 4.08, 4.09,  -1.96,  -2.54,   1.47, 422.22,  21.36,  -4.20,  -0.22,  -0.09,   0.22,  11.28, 4.09, 0.00, 0.01, 0.00, 0.00, 1, 1,  6,  39.7305848, -83.7070281,   330.0, 2025, 11, 23, 18, 17, 45,       98,       98,  26,   1,   2.5,   1.0,   2.3,  0,  0, 22,  0,  0,  0, 30, 21, 22,  0,  0,  0,  0,  0,  0,  9,  0,  0,  0,  0,  0,  0,  0,  0,  0,  8, 25, 25,  0,  0, 24,  0
6, 11026, 11,KE8EXM,     4.28, 5,   coast,  -12.26,  94562.00,  578.82,  323.83,   61.77, 22.8, 4.09, 4.08, 4.09,  -1.99,  -2.47,   1.34, 421.61,  20.93,  -4.51,  -0.22,  -0.09,   0.23,  11.42, 4.09, 0.00, 0.01, 0.00, 0.00, 1, 1,  6,  39.7305848, -83.7070281,   330.0, 2025, 11, 23, 18, 17, 45,       98,       98,  26,   1,   2.5,   1.0,   2.3,  0,  0, 22,  0,  0,  0, 30, 21, 22,  0,  0,  0,  0,  0,  0,  9,  0,  0,  0,  0,  0,  0,  0,  0,  0,  8, 25, 25,  0,  0, 24,  0
6, 11026, 11,KE8EXM,     4.29, 5,   coast,  -10.79,  94562.00,  578.82,  323.83,   61.65, 22.8, 4.09, 4.08, 4.09,  -1.94,  -2.55,   1.62, 421.06,  21.36,  -4.45,  -0.22,  -0.09,   0.24,  11.57, 4.09, 0.00, 0.01, 0.00, 0.00, 1, 1,  6,  39.7305848, -83.7070281,   330.0, 2025, 11, 23, 18, 17, 45,       98,       98,  26,   1,   2.5,   1.0,   2.3,  0,  0, 22,  0,  0,  0, 30, 21, 22,  0,  0,  0,  0,  0,  0,  9,  0,  0,  0,  0,  0,  0,  0,  0,  0,  8, 25, 25,  0,  0, 24,  0
6, 11026, 11,KE8EXM,     4.30, 5,   coast,  -12.26,  94550.00,  579.88,  324.89,   61.54, 22.8, 4.09, 4.08, 4.09,  -1.95,  -2.60,   1.23, 420.82,  21.36,  -3.96,  -0.22,  -0.09,   0.24,  11.73, 4.09, 0.00, 0.01, 0.00, 0.00, 1, 1,  6,  39.7305848, -83.7070281,   330.0, 2025, 11, 23, 18, 17, 45,       98,       98,  26,   1,   2.5,   1.0,   2.3,  0,  0, 22,  0,  0,  0, 30, 21, 22,  0,  0,  0,  0,  0,  0,  9,  0,  0,  0,  0,  0,  0,  0,  0,  0,  8, 25, 25,  0,  0, 24,  0
6, 11026, 11,KE8EXM,     4.31, 5,   coast,  -10.30,  94550.00,  579.88,  324.89,   61.42, 22.8, 4.09, 4.08, 4.09,  -1.91,  -2.92,   1.57, 420.03,  21.11,  -4.33,  -0.22,  -0.10,   0.26,  11.90, 4.09, 0.00, 0.01, 0.00, 0.00, 1, 1,  6,  39.7305848, -83.7070281,   330.0, 2025, 11, 23, 18, 17, 45,       98,       98,  26,   1,   2.5,   1.0,   2.3,  0,  0, 22,  0,  0,  0, 30, 21, 22,  0,  0,  0,  0,  0,  0,  9,  0,  0,  0,  0,  0,  0,  0,  0,  0,  8, 25, 25,  0,  0, 24,  0
6, 11026, 11,KE8EXM,     4.32, 5,   coast,  -11.28,  94522.00,  582.34,  327.35,   61.30, 22.8, 4.09, 4.08, 4.09,  -1.98,  -3.08,   1.10, 420.76,  21.42,  -4.45,  -0.22,  -0.10,   0.26,  12.09, 4.09, 0.00, 0.01, 0.00, 0.00, 1, 1,  6,  39.7305848, -83.7070281,   330.0, 2025, 11, 23, 18, 17, 45,       98,       98,  26,   1,   2.5,   1.0,   2.3,  0,  0, 22,  0,  0,  0, 30, 21, 22,  0,  0,  0,  0,  0,  0,  9,  0,  0,  0,  0,  0,  0,  0,  0,  0,  8, 25, 25,  0,  0, 24,  0
6, 11026, 11,KE8EXM,     4.33, 5,   coast,  -13.24,  94522.00,  582.34,  327.35,   61.19, 22.8, 4.09, 4.08, 4.09,  -1.92,  -3.06,   1.24, 422.04,  21.42,  -4.81,  -0.21,  -0.10,   0.27,  12.28, 4.09, 0.00, 0.01, 0.00, 0.00, 1, 1,  6,  39.7305848, -83.7070281,   330.0, 2025, 11, 23, 18, 17, 45,       98,       98,  26,   1,   2.5,   1.0,   2.3,  0,  0, 22,  0,  0,  0, 30, 21, 22,  0,  0,  0,  0,  0,  0,  9,  0,  0,  0,  0,  0,  0,  0,  0,  0,  8, 25, 25,  0,  0, 24,  0
6, 11026, 11,KE8EXM,     4.34, 5,   coast,  -11.77,  94520.00,  582.52,  327.53,   61.07, 22.8, 4.09, 4.08, 4.09,  -1.92,  -2.93,   1.09, 421.98,  21.78,  -5.24,  -0.22,  -0.10,   0.28,  12.49, 4.09, 0.00, 0.01, 0.00, 0.00, 1, 1,  6,  39.7305848, -83.7070281,   330.0, 2025, 11, 23, 18, 17, 45,       98,       98,  26,   1,   2.5,   1.0,   2.3,  0,  0, 22,  0,  0,  0, 30, 21, 22,  0,  0,  0,  0,  0,  0,  9,  0,  0,  0,  0,  0,  0,  0,  0,  0,  8, 25, 25,  0,  0, 24,  0
6, 11026, 11,KE8EXM,     4.35, 5,   coast,  -12.26,  94520.00,  582.52,  327.53,   60.95, 22.8, 4.09, 4.08, 4.09,  -1.95,  -2.66,   1.07, 421.73,  21.91,  -5.42,  -0.22,  -0.10,   0.28,  12.71, 4.09, 0.00, 0.01, 0.00, 0.00, 1, 1,  6,  39.7305848, -83.7070281,   330.0, 2025, 11, 23, 18, 17, 45,       98,       98,  26,   1,   2.5,   1.0,   2.3,  0,  0, 22,  0,  0,  0, 30, 21, 22,  0,  0,  0,  0,  0,  0,  9,  0,  0,  0,  0,  0,  0,  0,  0,  0,  8, 25, 25,  0,  0, 24,  0
6, 11026, 11,KE8EXM,     4.36, 5,   coast,  -12.26,  94505.00,  583.84,  328.85,   60.83, 22.8, 4.09, 4.08, 4.09,  -1.99,  -2.78,   1.13, 421.00,  21.72,  -5.55,  -0.22,  -0.10,   0.29,  12.93, 4.09, 0.00, 0.01, 0.00, 0.00, 1, 1,  6,  39.7305848, -83.7070281,   330.0, 2025, 11, 23, 18, 17, 45,       98,       98,  26,   1,   2.5,   1.0,   2.3,  0,  0, 22,  0,  0,  0, 30, 21, 22,  0,  0,  0,  0,  0,  0,  9,  0,  0,  0,  0,  0,  0,  0,  0,  0,  8, 25, 25,  0,  0, 24,  0
6, 11026, 11,KE8EXM,     4.37, 5,   coast,  -11.28,  94505.00,  583.84,  328.85,   60.71, 22.8, 4.09, 4.08, 4.09,  -1.93,  -2.74,   0.96, 421.37,  22.33,  -5.42,  -0.22,  -0.09,   0.30,  13.16, 4.09, 0.00, 0.01, 0.00, 0.00, 1, 1,  6,  39.7305848, -83.7070281,   330.0, 2025, 11, 23, 18, 17, 45,       98,       98,  26,   1,   2.5,   1.0,   2.3,  0,  0, 22,  0,  0,  0, 30, 21, 22,  0,  0,  0,  0,  0,  0,  9,  0,  0,  0,  0,  0,  0,  0,  0,  0,  8, 25, 25,  0,  0, 24,  0
6, 11026, 11,KE8EXM,     4.38, 5,   coast,  -12.26,  94490.00,  585.16,  330.17,   60.59, 22.8, 4.09, 4.08, 4.09,  -1.88,  -2.49,   0.85, 421.31,  22.58,  -5.18,  -0.22,  -0.09,   0.31,  13.39, 4.09, 0.00, 0.01, 0.00, 0.00, 1, 1,  6,  39.7305848, -83.7070281,   330.0, 2025, 11, 23, 18, 17, 45,       98,       98,  26,   1,   2.5,   1.0,   2.3,  0,  0, 22,  0,  0,  0, 30, 21, 22,  0,  0,  0,  0,  0,  0,  9,  0,  0,  0,  0,  0,  0,  0,  0,  0,  8, 25, 25,  0,  0, 24,  0
6, 11026, 11,KE8EXM,     4.39, 5,   coast,  -12.26,  94490.00,  585.16,  330.17,   60.47, 22.8, 4.09, 4.08, 4.09,  -1.93,  -2.68,   0.96, 421.86,  23.19,  -5.36,  -0.22,  -0.09,   0.31,  13.63, 4.09, 0.00, 0.01, 0.00, 0.00, 1, 1,  6,  39.7305848, -83.7070281,   330.0, 2025, 11, 23, 18, 17, 45,       98,       98,  26,   1,   2.5,   1.0,   2.3,  0,  0, 22,  0,  0,  0, 30, 21, 22,  0,  0,  0,  0,  0,  0,  9,  0,  0,  0,  0,  0,  0,  0,  0,  0,  8, 25, 25,  0,  0, 24,  0
6, 11026, 11,KE8EXM,     4.40, 5,   coast,  -12.75,  94474.00,  586.57,  331.58,   60.35, 22.8, 4.09, 4.08, 4.09,  -1.94,  -2.41,   0.85, 421.37,  23.31,  -5.00,  -0.22,  -0.09,   0.32,  13.86, 4.09, 0.00, 0.01, 0.00, 0.00, 1, 1,  6,  39.7305848, -83.7070281,   330.0, 2025, 11, 23, 18, 17, 45,       98,       98,  26,   1,   2.5,   1.0,   2.3,  0,  0, 22,  0,  0,  0, 30, 21, 22,  0,  0,  0,  0,  0,  0,  9,  0,  0,  0,  0,  0,  0,  0,  0,  0,  8, 25, 25,  0,  0, 24,  0
6, 11026, 11,KE8EXM,     4.41, 5,   coast,  -11.28,  94474.00,  586.57,  331.58,   60.23, 22.8, 4.09, 4.08, 4.09,  -1.89,  -2.23,   0.89, 421.92,  23.86,  -5.36,  -0.22,  -0.09,   0.32,  14.11, 4.09, 0.00, 0.01, 0.00, 0.00, 1, 1,  6,  39.7305848, -83.7070281,   330.0, 2025, 11, 23, 18, 17, 45,       98,       98,  26,   1,   2.5,   1.0,   2.3,  0,  0, 22,  0,  0,  0, 30, 21, 22,  0,  0,  0,  0,  0,  0,  9,  0,  0,  0,  0,  0,  0,  0,  0,  0,  8, 25, 25,  0,  0, 24,  0
6, 11026, 11,KE8EXM,     4.42, 5,   coast,  -11.77,  94470.00,  586.92,  331.93,   60.11, 22.8, 4.09, 4.08, 4.09,  -1.90,  -2.50,   1.06, 421.55,  23.98,  -4.69,  -0.21,  -0.08,   0.33,  14.35, 4.09, 0.00, 0.01, 0.00, 0.00, 1, 1,  6,  39.7305848, -83.7070281,   330.0, 2025, 11, 23, 18, 17, 45,       98,       98,  26,   1,   2.5,   1.0,   2.3,  0,  0, 22,  0,  0,  0, 30, 21, 22,  0,  0,  0,  0,  0,  0,  9,  0,  0,  0,  0,  0,  0,  0,  0,  0,  8, 25, 25,  0,  0, 24,  0
6, 11026, 11,KE8EXM,     4.43, 5,   coast,  -12.26,  94470.00,  586.92,  331.93,   59.99, 22.8, 4.09, 4.08, 4.09,  -1.90,  -2.17,   1.02, 421.06,  24.53,  -4.27,  -0.21,  -0.07,   0.34,  14.59, 4.09, 0.00, 0.01, 0.00, 0.00, 1, 1,  6,  39.7305848, -83.7070281,   330.0, 2025, 11, 23, 18, 17, 45,       98,       98,  26,   1,   2.5,   1.0,   2.3,  0,  0, 22,  0,  0,  0, 30, 21, 22,  0,  0,  0,  0,  0,  0,  9,  0,  0,  0,  0,  0,  0,  0,  0,  0,  8, 25, 25,  0,  0, 24,  0
6, 11026, 11,KE8EXM,     4.44, 5,   coast,  -11.28,  94462.00,  587.63,  332.64,   59.87, 22.8, 4.09, 4.08, 4.09,  -1.88,  -2.23,   1.02, 421.06,  25.02,  -4.39,  -0.21,  -0.07,   0.34,  14.83, 4.09, 0.00, 0.01, 0.00, 0.00, 1, 1,  6,  39.7305848, -83.7070281,   330.0, 2025, 11, 23, 18, 17, 45,       98,       98,  26,   1,   2.5,   1.0,   2.3,  0,  0, 22,  0,  0,  0, 30, 21, 22,  0,  0,  0,  0,  0,  0,  9,  0,  0,  0,  0,  0,  0,  0,  0,  0,  8, 25, 25,  0,  0, 24,  0
6, 11026, 11,KE8EXM,     4.45, 5,   coast,  -13.24,  94462.00,  587.63,  332.64,   59.75, 22.8, 4.09, 4.08, 4.09,  -1.87,  -2.23,   1.14, 420.88,  25.02,  -3.84,  -0.21,  -0.06,   0.35,  15.07, 4.09, 0.00, 0.01, 0.00, 0.00, 1, 1,  6,  39.7305848, -83.7070281,   330.0, 2025, 11, 23, 18, 17, 45,       98,       98,  26,   1,   2.5,   1.0,   2.3,  0,  0, 22,  0,  0,  0, 30, 21, 22,  0,  0,  0,  0,  0,  0,  9,  0,  0,  0,  0,  0,  0,  0,  0,  0,  8, 25, 25,  0,  0, 24,  0
6, 11026, 11,KE8EXM,     4.46, 5,   coast,  -10.79,  94438.00,  589.74,  334.75,   59.63, 22.8, 4.09, 4.08, 4.09,  -1.83,  -1.86,   1.01, 420.09,  25.14,  -3.59,  -0.21,  -0.06,   0.35,  15.30, 4.09, 0.00, 0.01, 0.00, 0.00, 1, 1,  6,  39.7305848, -83.7070281,   330.0, 2025, 11, 23, 18, 17, 45,       98,       98,  26,   1,   2.5,   1.0,   2.3,  0,  0, 22,  0,  0,  0, 30, 21, 22,  0,  0,  0,  0,  0,  0,  9,  0,  0,  0,  0,  0,  0,  0,  0,  0,  8, 25, 25,  0,  0, 24,  0
6, 11026, 11,KE8EXM,     4.47, 5,   coast,  -12.26,  94438.00,  589.74,  334.75,   59.52, 22.8, 4.09, 4.08, 4.09,  -1.88,  -2.16,   1.29, 419.11,  25.20,  -2.80,  -0.21,  -0.05,   0.35,  15.53, 4.09, 0.00, 0.01, 0.00, 0.00, 1, 1,  6,  39.7305848, -83.7070281,   330.0, 2025, 11, 23, 18, 17, 45,       98,       98,  26,   1,   2.5,   1.0,   2.3,  0,  0, 22,  0,  0,  0, 30, 21, 22,  0,  0,  0,  0,  0,  0,  9,  0,  0,  0,  0,  0,  0,  0,  0,  0,  8, 25, 25,  0,  0, 24,  0
6, 11026, 11,KE8EXM,     4.48, 5,   coast,  -12.26,  94427.00,  590.71,  335.72,   59.40, 22.8, 4.09, 4.08, 4.09,  -1.88,  -1.82,   1.26, 418.19,  25.39,  -2.25,  -0.21,  -0.04,   0.36,  15.75, 4.09, 0.00, 0.01, 0.00, 0.00, 1, 1,  6,  39.7305848, -83.7070281,   330.0, 2025, 11, 23, 18, 17, 45,       98,       98,  26,   1,   2.5,   1.0,   2.3,  0,  0, 22,  0,  0,  0, 30, 21, 22,  0,  0,  0,  0,  0,  0,  9,  0,  0,  0,  0,  0,  0,  0,  0,  0,  8, 25, 25,  0,  0, 24,  0
6, 11026, 11,KE8EXM,     4.49, 5,   coast,  -10.79,  94427.00,  590.71,  335.72,   59.28, 22.8, 4.09, 4.08, 4.09,  -1.83,  -1.85,   1.29, 417.34,  25.39,  -2.13,  -0.21,  -0.04,   0.36,  15.97, 4.09, 0.00, 0.01, 0.00, 0.00, 1, 1,  6,  39.7305848, -83.7070281,   330.0, 2025, 11, 23, 18, 17, 45,       98,       98,  26,   1,   2.5,   1.0,   2.3,  0,  0, 22,  0,  0,  0, 30, 21, 22,  0,  0,  0,  0,  0,  0,  9,  0,  0,  0,  0,  0,  0,  0,  0,  0,  8, 25, 25,  0,  0, 24,  0
6, 11026, 11,KE8EXM,     4.50, 5,   coast,  -12.26,  94418.00,  591.51,  336.51,   59.16, 22.8, 4.10, 4.08, 4.09,  -1.87,  -2.18,   1.43, 416.18,  24.90,  -1.52,  -0.21,  -0.03,   0.36,  16.17, 4.09, 0.00, 0.00, 0.00, 0.00, 1, 1,  6,  39.7305848, -83.7070281,   330.0, 2025, 11, 23, 18, 17, 45,       98,       98,  26,   1,   2.5,   1.0,   2.3,  0,  0, 22,  0,  0,  0, 30, 21, 22,  0,  0,  0,  0,  0,  0,  9,  0,  0,  0,  0,  0,  0,  0,  0,  0,  8, 25, 25,  0,  0, 24,  0
6, 11026, 11,KE8EXM,     4.50, 5,   coast,  -12.26,  94418.00,  591.51,  336.51,   59.16, 22.8, 4.10, 4.08, 4.09,  -1.87,  -2.18,   1.43, 416.18,  24.90,  -1.52,  -0.21,  -0.03,   0.36,  16.17, 4.09, 0.00, 0.00, 0.00, 0.00, 1, 1,  6,  39.7305848, -83.7070281,   330.0, 2025, 11, 23, 18, 17, 45,       98,       98,  26,   1,   2.5,   1.0,   2.3,  0,  0, 22,  0,  0,  0, 30, 21, 22,  0,  0,  0,  0,  0,  0,  9,  0,  0,  0,  0,  0,  0,  0,  0,  0,  8, 25, 25,  0,  0, 24,  0
6, 11026, 11,KE8EXM,     4.51, 5,   coast,  -11.77,  94418.00,  591.51,  336.51,   59.05, 22.8, 4.10, 4.08, 4.09,  -1.83,  -1.89,   1.34, 415.20,  24.71,  -0.97,  -0.21,  -0.03,   0.36,  16.37, 4.09, 0.00, 0.00, 0.00, 0.00, 1, 1,  6,  39.7305848, -83.7070281,   330.0, 2025, 11, 23, 18, 17, 45,       98,       98,  26,   1,   2.5,   1.0,   2.3,  0,  0, 22,  0,  0,  0, 30, 21, 22,  0,  0,  0,  0,  0,  0,  9,  0,  0,  0,  0,  0,  0,  0,  0,  0,  8, 25, 25,  0,  0, 24,  0
6, 11026, 11,KE8EXM,     4.52, 5,   coast,  -12.26,  94403.00,  592.83,  337.84,   58.93, 22.8, 4.10, 4.08, 4.09,  -1.84,  -2.00,   1.24, 414.90,  24.29,  -0.48,  -0.21,  -0.03,   0.36,  16.56, 4.09, 0.00, 0.00, 0.00, 0.00, 1, 1,  6,  39.7305848, -83.7070281,   330.0, 2025, 11, 23, 18, 17, 45,       98,       98,  26,   1,   2.5,   1.0,   2.3,  0,  0, 22,  0,  0,  0, 30, 21, 22,  0,  0,  0,  0,  0,  0,  9,  0,  0,  0,  0,  0,  0,  0,  0,  0,  8, 25, 25,  0,  0, 24,  0
6, 11026, 11,KE8EXM,     4.53, 5,   coast,  -12.75,  94403.00,  592.83,  337.84,   58.80, 22.8, 4.10, 4.08, 4.09,  -1.85,  -1.93,   1.48, 413.98,  24.16,   0.01,  -0.21,  -0.01,   0.36,  16.74, 4.09, 0.00, 0.00, 0.00, 0.00, 1, 1,  6,  39.7305848, -83.7070281,   330.0, 2025, 11, 23, 18, 17, 45,       98,       98,  26,   1,   2.5,   1.0,   2.3,  0,  0, 22,  0,  0,  0, 30, 21, 22,  0,  0,  0,  0,  0,  0,  9,  0,  0,  0,  0,  0,  0,  0,  0,  0,  8, 25, 25,  0,  0, 24,  0
6, 11026, 11,KE8EXM,     4.54, 5,   coast,  -12.26,  94399.00,  593.18,  338.19,   58.68, 22.8, 4.10, 4.08, 4.09,  -1.81,  -2.02,   1.28, 413.19,  23.74,   0.25,  -0.21,  -0.01,   0.36,  16.91, 4.09, 0.00, 0.00, 0.00, 0.00, 1, 1,  6,  39.7305848, -83.7070281,   330.0, 2025, 11, 23, 18, 17, 45,       98,       98,  26,   1,   2.5,   1.0,   2.3,  0,  0, 22,  0,  0,  0, 30, 21, 22,  0,  0,  0,  0,  0,  0,  9,  0,  0,  0,  0,  0,  0,  0,  0,  0,  8, 25, 25,  0,  0, 24,  0
6, 11026, 11,KE8EXM,     4.55, 5,   coast,  -12.26,  94399.00,  593.18,  338.19,   58.56, 22.8, 4.10, 4.08, 4.09,  -1.80,  -2.21,   1.39, 412.95,  23.68,   0.50,  -0.21,  -0.00,   0.36,  17.07, 4.09, 0.00, 0.00, 0.00, 0.00, 1, 1,  6,  39.7305848, -83.7070281,   330.0, 2025, 11, 23, 18, 17, 45,       98,       98,  26,   1,   2.5,   1.0,   2.3,  0,  0, 22,  0,  0,  0, 30, 21, 22,  0,  0,  0,  0,  0,  0,  9,  0,  0,  0,  0,  0,  0,  0,  0,  0,  8, 25, 25,  0,  0, 24,  0
6, 11026, 11,KE8EXM,     4.56, 5,   coast,  -11.28,  94379.00,  594.95,  339.95,   58.44, 22.8, 4.10, 4.08, 4.09,  -1.81,  -1.96,   1.52, 412.40,  23.49,   0.86,  -0.21,   0.01,   0.36,  17.22, 4.09, 0.00, 0.00, 0.00, 0.00, 1, 1,  6,  39.7305848, -83.7070281,   330.0, 2025, 11, 23, 18, 17, 45,       98,       98,  26,   1,   2.5,   1.0,   2.3,  0,  0, 22,  0,  0,  0, 30, 21, 22,  0,  0,  0,  0,  0,  0,  9,  0,  0,  0,  0,  0,  0,  0,  0,  0,  8, 25, 25,  0,  0, 24,  0
6, 11026, 11,KE8EXM,     4.57, 5,   coast,  -11.77,  94379.00,  594.95,  339.95,   58.33, 22.8, 4.10, 4.08, 4.09,  -1.78,  -2.25,   1.42, 410.87,  22.94,   1.04,  -0.21,   0.01,   0.36,  17.36, 4.09, 0.00, 0.00, 0.00, 0.00, 1, 1,  6,  39.7305848, -83.7070281,   330.0, 2025, 11, 23, 18, 17, 45,       98,       98,  26,   1,   2.5,   1.0,   2.3,  0,  0, 22,  0,  0,  0, 30, 21, 22,  0,  0,  0,  0,  0,  0,  9,  0,  0,  0,  0,  0,  0,  0,  0,  0,  8, 25, 25,  0,  0, 24,  0
6, 11026, 11,KE8EXM,     4.58, 5,   coast,  -12.26,  94369.00,  595.83,  340.83,   58.21, 22.8, 4.10, 4.08, 4.09,  -1.76,  -2.00,   1.57, 410.50,  22.64,   1.11,  -0.21,   0.02,   0.36,  17.48, 4.09, 0.00, 0.00, 0.00, 0.00, 1, 1,  6,  39.7305848, -83.7070281,   330.0, 2025, 11, 23, 18, 17, 45,       98,       98,  26,   1,   2.5,   1.0,   2.3,  0,  0, 22,  0,  0,  0, 30, 21, 22,  0,  0,  0,  0,  0,  0,  9,  0,  0,  0,  0,  0,  0,  0,  0,  0,  8, 25, 25,  0,  0, 24,  0
6, 11026, 11,KE8EXM,     4.59, 5,   coast,  -11.28,  94369.00,  595.83,  340.83,   58.10, 22.8, 4.10, 4.08, 4.09,  -1.79,  -2.00,   1.49, 409.10,  22.03,   1.29,  -0.21,   0.03,   0.36,  17.60, 4.09, 0.00, 0.00, 0.00, 0.00, 1, 1,  6,  39.7305848, -83.7070281,   330.0, 2025, 11, 23, 18, 17, 45,       98,       98,  26,   1,   2.5,   1.0,   2.3,  0,  0, 22,  0,  0,  0, 30, 21, 22,  0,  0,  0,  0,  0,  0,  9,  0,  0,  0,  0,  0,  0,  0,  0,  0,  8, 25, 25,  0,  0, 24,  0
6, 11026, 11,KE8EXM,     4.60, 5,   coast,  -10.79,  94359.00,  596.71,  341.72,   57.99, 22.8, 4.10, 4.08, 4.09,  -1.79,  -2.36,   1.47, 408.49,  21.60,   1.59,  -0.21,   0.03,   0.36,  17.70, 4.09, 0.00, 0.00, 0.00, 0.00, 1, 1,  6,  39.7305848, -83.7070281,   330.0, 2025, 11, 23, 18, 17, 45,       98,       98,  26,   1,   2.5,   1.0,   2.3,  0,  0, 22,  0,  0,  0, 30, 21, 22,  0,  0,  0,  0,  0,  0,  9,  0,  0,  0,  0,  0,  0,  0,  0,  0,  8, 25, 25,  0,  0, 24,  0
6, 11026, 11,KE8EXM,     4.61, 5,   coast,   -9.81,  94359.00,  596.71,  341.72,   57.88, 22.8, 4.10, 4.08, 4.09,  -1.80,  -1.96,   1.67, 407.15,  21.05,   1.72,  -0.21,   0.04,   0.35,  17.79, 4.09, 0.00, 0.00, 0.00, 0.00, 1, 1,  6,  39.7305848, -83.7070281,   330.0, 2025, 11, 23, 18, 17, 45,       98,       98,  26,   1,   2.5,   1.0,   2.3,  0,  0, 22,  0,  0,  0, 30, 21, 22,  0,  0,  0,  0,  0,  0,  9,  0,  0,  0,  0,  0,  0,  0,  0,  0,  8, 25, 25,  0,  0, 24,  0
6, 11026, 11,KE8EXM,     4.62, 5,   coast,  -10.30,  94340.00,  598.38,  343.39,   57.77, 22.8, 4.10, 4.08, 4.09,  -1.85,  -2.63,   1.82, 405.93,  20.50,   1.29,  -0.21,   0.04,   0.35,  17.86, 4.09, 0.00, 0.00, 0.00, 0.00, 1, 1,  6,  39.7305848, -83.7070281,   330.0, 2025, 11, 23, 18, 17, 45,       98,       98,  26,   1,   2.5,   1.0,   2.3,  0,  0, 22,  0,  0,  0, 30, 21, 22,  0,  0,  0,  0,  0,  0,  9,  0,  0,  0,  0,  0,  0,  0,  0,  0,  8, 25, 25,  0,  0, 24,  0
6, 11026, 11,KE8EXM,     4.63, 5,   coast,  -11.77,  94340.00,  598.38,  343.39,   57.66, 22.8, 4.10, 4.08, 4.09,  -1.77,  -2.18,   1.62, 404.95,  20.01,   1.66,  -0.21,   0.04,   0.35,  17.92, 4.09, 0.00, 0.00, 0.00, 0.00, 1, 1,  6,  39.7305848, -83.7070281,   330.0, 2025, 11, 23, 18, 17, 45,       98,       98,  26,   1,   2.5,   1.0,   2.3,  0,  0, 22,  0,  0,  0, 30, 21, 22,  0,  0,  0,  0,  0,  0,  9,  0,  0,  0,  0,  0,  0,  0,  0,  0,  8, 25, 25,  0,  0, 24,  0
6, 11026, 11,KE8EXM,     4.64, 5,   coast,  -10.79,  94327.00,  599.53,  344.54,   57.55, 22.8, 4.10, 4.08, 4.09,  -1.75,  -1.85,   1.55, 403.42,  19.46,   1.11,  -0.20,   0.06,   0.34,  17.96, 4.09, 0.00, 0.00, 0.00, 0.00, 1, 1,  6,  39.7305848, -83.7070281,   330.0, 2025, 11, 23, 18, 17, 45,       98,       98,  26,   1,   2.5,   1.0,   2.3,  0,  0, 22,  0,  0,  0, 30, 21, 22,  0,  0,  0,  0,  0,  0,  9,  0,  0,  0,  0,  0,  0,  0,  0,  0,  8, 25, 25,  0,  0, 24,  0
6, 11026, 11,KE8EXM,     4.65, 5,   coast,  -12.75,  94327.00,  599.53,  344.54,   57.43, 22.8, 4.10, 4.08, 4.09,  -1.78,  -2.76,   1.67, 401.47,  18.79,   1.11,  -0.20,   0.06,   0.34,  17.99, 4.09, 0.00, 0.00, 0.00, 0.00, 1, 1,  6,  39.7305848, -83.7070281,   330.0, 2025, 11, 23, 18, 17, 45,       98,       98,  26,   1,   2.5,   1.0,   2.3,  0,  0, 22,  0,  0,  0, 30, 21, 22,  0,  0,  0,  0,  0,  0,  9,  0,  0,  0,  0,  0,  0,  0,  0,  0,  8, 25, 25,  0,  0, 24,  0
6, 11026, 11,KE8EXM,     4.66, 5,   coast,  -12.26,  94311.00,  600.94,  345.95,   57.32, 22.8, 4.10, 4.08, 4.09,  -1.70,  -2.26,   1.44, 399.70,  18.49,   0.98,  -0.20,   0.07,   0.34,  18.01, 4.09, 0.00, 0.00, 0.00, 0.00, 1, 1,  6,  39.7305848, -83.7070281,   330.0, 2025, 11, 23, 18, 17, 45,       98,       98,  26,   1,   2.5,   1.0,   2.3,  0,  0, 22,  0,  0,  0, 30, 21, 22,  0,  0,  0,  0,  0,  0,  9,  0,  0,  0,  0,  0,  0,  0,  0,  0,  8, 25, 25,  0,  0, 24,  0
6, 11026, 11,KE8EXM,     4.67, 5,   coast,  -12.26,  94311.00,  600.94,  345.95,   57.20, 22.8, 4.10, 4.08, 4.09,  -1.75,  -2.76,   1.41, 398.30,  17.69,   0.01,  -0.20,   0.07,   0.33,  18.01, 4.09, 0.00, 0.00, 0.00, 0.00, 1, 1,  6,  39.7305848, -83.7070281,   330.0, 2025, 11, 23, 18, 17, 45,       98,       98,  26,   1,   2.5,   1.0,   2.3,  0,  0, 22,  0,  0,  0, 30, 21, 22,  0,  0,  0,  0,  0,  0,  9,  0,  0,  0,  0,  0,  0,  0,  0,  0,  8, 25, 25,  0,  0, 24,  0
6, 11026, 11,KE8EXM,     4.68, 5,   coast,  -11.77,  94304.00,  601.56,  346.57,   57.07, 22.8, 4.10, 4.08, 4.09,  -1.73,  -3.07,   1.64, 397.20,  17.33,  -0.11,  -0.20,   0.08,   0.33,  18.00, 4.09, 0.00, 0.00, 0.00, 0.00, 1, 1,  6,  39.7305848, -83.7070281,   330.0, 2025, 11, 23, 18, 17, 45,       98,       98,  26,   1,   2.5,   1.0,   2.3,  0,  0, 22,  0,  0,  0, 30, 21, 22,  0,  0,  0,  0,  0,  0,  9,  0,  0,  0,  0,  0,  0,  0,  0,  0,  8, 25, 25,  0,  0, 24,  0
6, 11026, 11,KE8EXM,     4.69, 5,   coast,  -12.75,  94304.00,  601.56,  346.57,   56.95, 22.8, 4.10, 4.08, 4.09,  -1.74,  -2.18,   1.07, 396.65,  16.78,  -0.36,  -0.20,   0.08,   0.32,  17.97, 4.09, 0.00, 0.00, 0.00, 0.00, 1, 1,  6,  39.7305848, -83.7070281,   330.0, 2025, 11, 23, 18, 17, 45,       98,       98,  26,   1,   2.5,   1.0,   2.3,  0,  0, 22,  0,  0,  0, 30, 21, 22,  0,  0,  0,  0,  0,  0,  9,  0,  0,  0,  0,  0,  0,  0,  0,  0,  8, 25, 25,  0,  0, 24,  0
6, 11026, 11,KE8EXM,     4.70, 5,   coast,  -12.75,  94285.00,  603.24,  348.24,   56.83, 22.8, 4.10, 4.08, 4.09,  -1.68,  -2.88,   1.30, 396.83,  16.53,  -1.27,  -0.20,   0.08,   0.32,  17.93, 4.09, 0.00, 0.00, 0.00, 0.00, 1, 1,  6,  39.7305848, -83.7070281,   330.0, 2025, 11, 23, 18, 17, 45,       98,       98,  26,   1,   2.5,   1.0,   2.3,  0,  0, 22,  0,  0,  0, 30, 21, 22,  0,  0,  0,  0,  0,  0,  9,  0,  0,  0,  0,  0,  0,  0,  0,  0,  8, 25, 25,  0,  0, 24,  0
6, 11026, 11,KE8EXM,     4.71, 5,   coast,  -11.77,  94285.00,  603.24,  348.24,   56.71, 22.8, 4.10, 4.08, 4.09,  -1.70,  -2.71,   0.96, 396.65,  16.60,  -1.40,  -0.20,   0.09,   0.31,  17.88, 4.09, 0.00, 0.00, 0.00, 0.00, 1, 1,  6,  39.7305848, -83.7070281,   330.0, 2025, 11, 23, 18, 17, 45,       98,       98,  26,   1,   2.5,   1.0,   2.3,  0,  0, 22,  0,  0,  0, 30, 21, 22,  0,  0,  0,  0,  0,  0,  9,  0,  0,  0,  0,  0,  0,  0,  0,  0,  8, 25, 25,  0,  0, 24,  0
6, 11026, 11,KE8EXM,     4.72, 5,   coast,  -11.77,  94280.00,  603.68,  348.69,   56.59, 22.8, 4.10, 4.08, 4.09,  -1.66,  -2.42,   0.91, 396.95,  16.47,  -2.31,  -0.20,   0.09,   0.31,  17.80, 4.09, 0.00, 0.00, 0.00, 0.00, 1, 1,  6,  39.7305848, -83.7070281,   330.0, 2025, 11, 23, 18, 17, 45,       98,       98,  26,   1,   2.5,   1.0,   2.3,  0,  0, 22,  0,  0,  0, 30, 21, 22,  0,  0,  0,  0,  0,  0,  9,  0,  0,  0,  0,  0,  0,  0,  0,  0,  8, 25, 25,  0,  0, 24,  0
6, 11026, 11,KE8EXM,     4.73, 5,   coast,  -12.26,  94280.00,  603.68,  348.69,   56.48, 22.8, 4.10, 4.08, 4.09,  -1.72,  -2.54,   1.23, 395.49,  16.53,  -2.80,  -0.20,   0.09,   0.30,  17.72, 4.09, 0.00, 0.00, 0.00, 0.00, 1, 1,  6,  39.7305848, -83.7070281,   330.0, 2025, 11, 23, 18, 17, 45,       98,       98,  26,   1,   2.5,   1.0,   2.3,  0,  0, 22,  0,  0,  0, 30, 21, 22,  0,  0,  0,  0,  0,  0,  9,  0,  0,  0,  0,  0,  0,  0,  0,  0,  8, 25, 25,  0,  0, 24,  0
6, 11026, 11,KE8EXM,     4.74, 5,   coast,  -10.30,  94261.00,  605.35,  350.36,   56.36, 22.8, 4.10, 4.08, 4.09,  -1.72,  -2.13,   0.83, 395.55,  17.15,  -3.17,  -0.20,   0.09,   0.30,  17.61, 4.09, 0.00, 0.00, 0.00, 0.00, 1, 1,  6,  39.7305848, -83.7070281,   330.0, 2025, 11, 23, 18, 17, 45,       98,       98,  26,   1,   2.5,   1.0,   2.3,  0,  0, 22,  0,  0,  0, 30, 21, 22,  0,  0,  0,  0,  0,  0,  9,  0,  0,  0,  0,  0,  0,  0,  0,  0,  8, 25, 25,  0,  0, 24,  0
6, 11026, 11,KE8EXM,     4.75, 5,   coast,  -10.79,  94261.00,  605.35,  350.36,   56.25, 22.8, 4.10, 4.08, 4.09,  -1.64,  -2.31,   0.97, 394.51,  16.66,  -3.65,  -0.20,   0.10,   0.29,  17.50, 4.09, 0.00, 0.00, 0.00, 0.00, 1, 1,  6,  39.7305848, -83.7070281,   330.0, 2025, 11, 23, 18, 17, 45,       98,       98,  26,   1,   2.5,   1.0,   2.3,  0,  0, 22,  0,  0,  0, 30, 21, 22,  0,  0,  0,  0,  0,  0,  9,  0,  0,  0,  0,  0,  0,  0,  0,  0,  8, 25, 25,  0,  0, 24,  0
6, 11026, 11,KE8EXM,     4.76, 5,   coast,  -12.75,  94259.00,  605.53,  350.54,   56.13, 22.8, 4.10, 4.08, 4.09,  -1.58,  -1.90,   1.02, 392.87,  16.84,  -3.65,  -0.20,   0.10,   0.28,  17.38, 4.09, 0.00, 0.00, 0.00, 0.00, 1, 1,  6,  39.7305848, -83.7070281,   330.0, 2025, 11, 23, 18, 17, 45,       98,       98,  26,   1,   2.5,   1.0,   2.3,  0,  0, 22,  0,  0,  0, 30, 21, 22,  0,  0,  0,  0,  0,  0,  9,  0,  0,  0,  0,  0,  0,  0,  0,  0,  8, 25, 25,  0,  0, 24,  0
6, 11026, 11,KE8EXM,     4.77, 5,   coast,  -11.77,  94259.00,  605.53,  350.54,   56.02, 22.8, 4.10, 4.08, 4.09,  -1.64,  -1.83,   0.83, 392.56,  17.02,  -4.08,  -0.20,   0.10,   0.27,  17.25, 4.09, 0.00, 0.00, 0.00, 0.00, 1, 1,  6,  39.7305848, -83.7070281,   330.0, 2025, 11, 23, 18, 17, 45,       98,       98,  26,   1,   2.5,   1.0,   2.3,  0,  0, 22,  0,  0,  0, 30, 21, 22,  0,  0,  0,  0,  0,  0,  9,  0,  0,  0,  0,  0,  0,  0,  0,  0,  8, 25, 25,  0,  0, 24,  0
6, 11026, 11,KE8EXM,     4.78, 5,   coast,  -11.28,  94242.00,  607.03,  352.04,   55.91, 22.8, 4.10, 4.08, 4.09,  -1.57,  -1.93,   1.01, 391.89,  17.57,  -4.20,  -0.20,   0.10,   0.27,  17.11, 4.09, 0.00, 0.00, 0.00, 0.00, 1, 1,  6,  39.7305848, -83.7070281,   330.0, 2025, 11, 23, 18, 17, 45,       98,       98,  26,   1,   2.5,   1.0,   2.3,  0,  0, 22,  0,  0,  0, 30, 21, 22,  0,  0,  0,  0,  0,  0,  9,  0,  0,  0,  0,  0,  0,  0,  0,  0,  8, 25, 25,  0,  0, 24,  0
6, 11026, 11,KE8EXM,     4.79, 5,   coast,  -10.30,  94242.00,  607.03,  352.04,   55.79, 22.8, 4.10, 4.08, 4.09,  -1.62,  -1.62,   0.97, 391.64,  17.51,  -4.20,  -0.20,   0.10,   0.26,  16.96, 4.09, 0.00, 0.00, 0.00, 0.00, 1, 1,  6,  39.7305848, -83.7070281,   330.0, 2025, 11, 23, 18, 17, 45,       98,       98,  26,   1,   2.5,   1.0,   2.3,  0,  0, 22,  0,  0,  0, 30, 21, 22,  0,  0,  0,  0,  0,  0,  9,  0,  0,  0,  0,  0,  0,  0,  0,  0,  8, 25, 25,  0,  0, 24,  0
6, 11026, 11,KE8EXM,     4.80, 5,   coast,  -12.75,  94219.00,  609.06,  354.07,   55.68, 22.8, 4.10, 4.08, 4.09,  -1.62,  -1.87,   0.74, 390.79,  17.63,  -4.08,  -0.20,   0.10,   0.26,  16.80, 4.09, 0.00, 0.00, 0.00, 0.00, 1, 1,  6,  39.7305848, -83.7070281,   330.0, 2025, 11, 23, 18, 17, 45,       98,       98,  26,   1,   2.5,   1.0,   2.3,  0,  0, 22,  0,  0,  0, 30, 21, 22,  0,  0,  0,  0,  0,  0,  9,  0,  0,  0,  0,  0,  0,  0,  0,  0,  8, 25, 25,  0,  0, 24,  0
6, 11026, 11,KE8EXM,     4.81, 5,   coast,  -10.30,  94219.00,  609.06,  354.07,   55.57, 22.8, 4.10, 4.08, 4.09,  -1.57,  -1.61,   0.85, 389.81,  18.00,  -3.90,  -0.20,   0.10,   0.25,  16.64, 4.09, 0.00, 0.00, 0.00, 0.00, 1, 1,  6,  39.7305848, -83.7070281,   330.0, 2025, 11, 23, 18, 17, 45,       98,       98,  26,   1,   2.5,   1.0,   2.3,  0,  0, 22,  0,  0,  0, 30, 21, 22,  0,  0,  0,  0,  0,  0,  9,  0,  0,  0,  0,  0,  0,  0,  0,  0,  8, 25, 25,  0,  0, 24,  0
6, 11026, 11,KE8EXM,     4.82, 5,   coast,  -12.26,  94223.00,  608.71,  353.72,   55.45, 22.8, 4.08, 4.09, 4.08,  -1.54,  -1.62,   0.73, 389.63,  18.18,  -4.02,  -0.20,   0.10,   0.24,  16.47, 4.09, 0.00, 0.00, 0.00, 0.00, 1, 1,  6,  39.7305848, -83.7070281,   330.0, 2025, 11, 23, 18, 17, 45,       98,       98,  26,   1,   2.5,   1.0,   2.3,  0,  0, 22,  0,  0,  0, 30, 21, 22,  0,  0,  0,  0,  0,  0,  9,  0,  0,  0,  0,  0,  0,  0,  0,  0,  8, 25, 25,  0,  0, 24,  0
6, 11026, 11,KE8EXM,     4.82, 5,   coast,  -12.26,  94223.00,  608.71,  353.72,   55.45, 22.8, 4.08, 4.09, 4.08,  -1.54,  -1.62,   0.73, 389.63,  18.18,  -4.02,  -0.20,   0.10,   0.24,  16.47, 4.09, 0.00, 0.00, 0.00, 0.00, 1, 1,  6,  39.7305848, -83.7070281,   330.0, 2025, 11, 23, 18, 17, 45,       98,       98,  26,   1,   2.5,   1.0,   2.3,  0,  0, 22,  0,  0,  0, 30, 21, 22,  0,  0,  0,  0,  0,  0,  9,  0,  0,  0,  0,  0,  0,  0,  0,  0,  8, 25, 25,  0,  0, 24,  0
6, 11026, 11,KE8EXM,     4.83, 5,   coast,  -11.28,  94223.00,  608.71,  353.72,   55.34, 22.8, 4.08, 4.09, 4.08,  -1.61,  -1.65,   0.85, 389.39,  18.37,  -3.59,  -0.20,   0.10,   0.24,  16.30, 4.09, 0.00, 0.00, 0.00, 0.00, 1, 1,  6,  39.7305848, -83.7070281,   330.0, 2025, 11, 23, 18, 17, 45,       98,       98,  26,   1,   2.5,   1.0,   2.3,  0,  0, 22,  0,  0,  0, 30, 21, 22,  0,  0,  0,  0,  0,  0,  9,  0,  0,  0,  0,  0,  0,  0,  0,  0,  8, 25, 25,  0,  0, 24,  0
6, 11026, 11,KE8EXM,     4.84, 5,   coast,  -11.77,  94210.00,  609.86,  354.86,   55.22, 22.8, 4.08, 4.09, 4.08,  -1.60,  -1.44,   0.80, 388.53,  19.04,  -3.72,  -0.20,   0.09,   0.23,  16.11, 4.09, 0.00, 0.00, 0.00, 0.00, 1, 1,  6,  39.7305848, -83.7070281,   330.0, 2025, 11, 23, 18, 17, 45,       98,       98,  26,   1,   2.5,   1.0,   2.3,  0,  0, 22,  0,  0,  0, 30, 21, 22,  0,  0,  0,  0,  0,  0,  9,  0,  0,  0,  0,  0,  0,  0,  0,  0,  8, 25, 25,  0,  0, 24,  0
6, 11026, 11,KE8EXM,     4.85, 5,   coast,  -11.77,  94210.00,  609.86,  354.86,   55.11, 22.8, 4.08, 4.09, 4.08,  -1.54,  -1.47,   0.85, 387.37,  18.85,  -3.23,  -0.20,   0.09,   0.23,  15.93, 4.09, 0.00, 0.00, 0.00, 0.00, 1, 1,  6,  39.7305848, -83.7070281,   330.0, 2025, 11, 23, 18, 17, 45,       98,       98,  26,   1,   2.5,   1.0,   2.3,  0,  0, 22,  0,  0,  0, 30, 21, 22,  0,  0,  0,  0,  0,  0,  9,  0,  0,  0,  0,  0,  0,  0,  0,  0,  8, 25, 25,  0,  0, 24,  0
6, 11026, 11,KE8EXM,     4.86, 5,   coast,  -11.77,  94186.00,  611.98,  356.98,   54.99, 22.8, 4.08, 4.09, 4.08,  -1.50,  -1.42,   1.14, 386.27,  19.10,  -3.04,  -0.21,   0.09,   0.22,  15.74, 4.09, 0.00, 0.00, 0.00, 0.00, 1, 1,  6,  39.7305848, -83.7070281,   330.0, 2025, 11, 23, 18, 17, 45,       98,       98,  26,   1,   2.5,   1.0,   2.3,  0,  0, 22,  0,  0,  0, 30, 21, 22,  0,  0,  0,  0,  0,  0,  9,  0,  0,  0,  0,  0,  0,  0,  0,  0,  8, 25, 25,  0,  0, 24,  0
6, 11026, 11,KE8EXM,     4.87, 5,   coast,  -10.79,  94186.00,  611.98,  356.98,   54.88, 22.8, 4.08, 4.09, 4.08,  -1.51,  -1.47,   1.00, 385.11,  19.28,  -2.56,  -0.21,   0.09,   0.21,  15.55, 4.09, 0.00, 0.00, 0.00, 0.00, 1, 1,  6,  39.7305848, -83.7070281,   330.0, 2025, 11, 23, 18, 17, 45,       98,       98,  26,   1,   2.5,   1.0,   2.3,  0,  0, 22,  0,  0,  0, 30, 21, 22,  0,  0,  0,  0,  0,  0,  9,  0,  0,  0,  0,  0,  0,  0,  0,  0,  8, 25, 25,  0,  0, 24,  0
6, 11026, 11,KE8EXM,     4.88, 5,   coast,  -10.79,  94178.00,  612.68,  357.69,   54.77, 22.8, 4.08, 4.09, 4.08,  -1.55,  -1.47,   1.15, 384.81,  19.16,  -2.19,  -0.21,   0.08,   0.21,  15.36, 4.09, 0.00, 0.00, 0.00, 0.00, 1, 1,  6,  39.7305848, -83.7070281,   330.0, 2025, 11, 23, 18, 17, 45,       98,       98,  26,   1,   2.5,   1.0,   2.3,  0,  0, 22,  0,  0,  0, 30, 21, 22,  0,  0,  0,  0,  0,  0,  9,  0,  0,  0,  0,  0,  0,  0,  0,  0,  8, 25, 25,  0,  0, 24,  0
6, 11026, 11,KE8EXM,     4.89, 5,   coast,  -11.28,  94178.00,  612.68,  357.69,   54.66, 22.8, 4.08, 4.09, 4.08,  -1.54,  -1.47,   1.06, 383.47,  18.92,  -2.01,  -0.21,   0.08,   0.20,  15.17, 4.09, 0.00, 0.00, 0.00, 0.00, 1, 1,  6,  39.7305848, -83.7070281,   330.0, 2025, 11, 23, 18, 17, 45,       98,       98,  26,   1,   2.5,   1.0,   2.3,  0,  0, 22,  0,  0,  0, 30, 21, 22,  0,  0,  0,  0,  0,  0,  9,  0,  0,  0,  0,  0,  0,  0,  0,  0,  8, 25, 25,  0,  0, 24,  0
6, 11026, 11,KE8EXM,     4.90, 5,   coast,  -10.79,  94165.00,  613.83,  358.84,   54.55, 22.8, 4.08, 4.09, 4.08,  -1.52,  -1.60,   1.11, 382.61,  19.10,  -1.82,  -0.21,   0.07,   0.20,  14.97, 4.09, 0.00, 0.00, 0.00, 0.00, 1, 1,  6,  39.7305848, -83.7070281,   330.0, 2025, 11, 23, 18, 17, 45,       98,       98,  26,   1,   2.5,   1.0,   2.3,  0,  0, 22,  0,  0,  0, 30, 21, 22,  0,  0,  0,  0,  0,  0,  9,  0,  0,  0,  0,  0,  0,  0,  0,  0,  8, 25, 25,  0,  0, 24,  0
6, 11026, 11,KE8EXM,     4.91, 5,   coast,  -10.79,  94165.00,  613.83,  358.84,   54.44, 22.8, 4.08, 4.09, 4.08,  -1.52,  -1.59,   1.29, 381.82,  19.10,  -1.58,  -0.21,   0.07,   0.19,  14.78, 4.09, 0.00, 0.00, 0.00, 0.00, 1, 1,  6,  39.7305848, -83.7070281,   330.0, 2025, 11, 23, 18, 17, 45,       98,       98,  26,   1,   2.5,   1.0,   2.3,  0,  0, 22,  0,  0,  0, 30, 21, 22,  0,  0,  0,  0,  0,  0,  9,  0,  0,  0,  0,  0,  0,  0,  0,  0,  8, 25, 25,  0,  0, 24,  0
6, 11026, 11,KE8EXM,     4.92, 5,   coast,  -11.77,  94164.00,  613.92,  358.93,   54.34, 22.8, 4.08, 4.09, 4.08,  -1.54,  -1.67,   1.26, 380.54,  19.04,  -1.21,  -0.21,   0.06,   0.19,  14.59, 4.09, 0.00, 0.00, 0.00, 0.00, 1, 1,  6,  39.7305848, -83.7070281,   330.0, 2025, 11, 23, 18, 17, 45,       98,       98,  26,   1,   2.5,   1.0,   2.3,  0,  0, 22,  0,  0,  0, 30, 21, 22,  0,  0,  0,  0,  0,  0,  9,  0,  0,  0,  0,  0,  0,  0,  0,  0,  8, 25, 25,  0,  0, 24,  0
6, 11026, 11,KE8EXM,     4.93, 5,   coast,   -8.34,  94164.00,  613.92,  358.93,   54.23, 22.8, 4.08, 4.09, 4.08,  -1.55,  -1.90,   1.41, 379.19,  18.73,  -1.15,  -0.21,   0.06,   0.19,  14.41, 4.09, 0.00, 0.00, 0.00, 0.00, 1, 1,  6,  39.7305848, -83.7070281,   330.0, 2025, 11, 23, 18, 17, 45,       98,       98,  26,   1,   2.5,   1.0,   2.3,  0,  0, 22,  0,  0,  0, 30, 21, 22,  0,  0,  0,  0,  0,  0,  9,  0,  0,  0,  0,  0,  0,  0,  0,  0,  8, 25, 25,  0,  0, 24,  0
6, 11026, 11,KE8EXM,     4.94, 5,   coast,  -10.79,  94141.00,  615.95,  360.96,   54.12, 22.8, 4.08, 4.09, 4.08,  -1.53,  -1.72,   1.24, 378.58,  18.43,  -1.03,  -0.21,   0.05,   0.18,  14.23, 4.09, 0.00, 0.00, 0.00, 0.00, 1, 1,  6,  39.7305848, -83.7070281,   330.0, 2025, 11, 23, 18, 17, 45,       98,       98,  26,   1,   2.5,   1.0,   2.3,  0,  0, 22,  0,  0,  0, 30, 21, 22,  0,  0,  0,  0,  0,  0,  9,  0,  0,  0,  0,  0,  0,  0,  0,  0,  8, 25, 25,  0,  0, 24,  0
6, 11026, 11,KE8EXM,     4.95, 5,   coast,  -12.75,  94141.00,  615.95,  360.96,   54.01, 22.8, 4.08, 4.09, 4.08,  -1.53,  -2.00,   1.49, 377.61,  18.30,  -1.15,  -0.21,   0.05,   0.18,  14.05, 4.09, 0.00, 0.00, 0.00, 0.00, 1, 1,  6,  39.7305848, -83.7070281,   330.0, 2025, 11, 23, 18, 17, 45,       98,       98,  26,   1,   2.5,   1.0,   2.3,  0,  0, 22,  0,  0,  0, 30, 21, 22,  0,  0,  0,  0,  0,  0,  9,  0,  0,  0,  0,  0,  0,  0,  0,  0,  8, 25, 25,  0,  0, 24,  0
6, 11026, 11,KE8EXM,     4.96, 5,   coast,  -11.77,  94128.00,  617.10,  362.11,   53.89, 22.8, 4.08, 4.09, 4.08,  -1.54,  -2.05,   1.22, 376.94,  17.88,  -1.15,  -0.21,   0.05,   0.18,  13.88, 4.09, 0.00, 0.00, 0.00, 0.00, 1, 1,  6,  39.7305848, -83.7070281,   330.0, 2025, 11, 23, 18, 17, 45,       98,       98,  26,   1,   2.5,   1.0,   2.3,  0,  0, 22,  0,  0,  0, 30, 21, 22,  0,  0,  0,  0,  0,  0,  9,  0,  0,  0,  0,  0,  0,  0,  0,  0,  8, 25, 25,  0,  0, 24,  0
6, 11026, 11,KE8EXM,     4.97, 5,   coast,  -13.24,  94128.00,  617.10,  362.11,   53.77, 22.8, 4.08, 4.09, 4.08,  -1.54,  -1.95,   1.51, 376.39,  17.82,  -1.34,  -0.21,   0.04,   0.18,  13.72, 4.09, 0.00, 0.00, 0.00, 0.00, 1, 1,  6,  39.7305848, -83.7070281,   330.0, 2025, 11, 23, 18, 17, 45,       98,       98,  26,   1,   2.5,   1.0,   2.3,  0,  0, 22,  0,  0,  0, 30, 21, 22,  0,  0,  0,  0,  0,  0,  9,  0,  0,  0,  0,  0,  0,  0,  0,  0,  8, 25, 25,  0,  0, 24,  0
6, 11026, 11,KE8EXM,     4.98, 5,   coast,  -11.28,  94130.00,  616.92,  361.93,   53.65, 22.8, 4.08, 4.09, 4.08,  -1.50,  -2.38,   1.34, 375.53,  17.63,  -1.46,  -0.21,   0.03,   0.18,  13.57, 4.09, 0.00, 0.00, 0.00, 0.00, 1, 1,  6,  39.7305848, -83.7070281,   330.0, 2025, 11, 23, 18, 17, 45,       98,       98,  26,   1,   2.5,   1.0,   2.3,  0,  0, 22,  0,  0,  0, 30, 21, 22,  0,  0,  0,  0,  0,  0,  9,  0,  0,  0,  0,  0,  0,  0,  0,  0,  8, 25, 25,  0,  0, 24,  0
6, 11026, 11,KE8EXM,     4.99, 5,   coast,  -12.26,  94130.00,  616.92,  361.93,   53.53, 22.8, 4.08, 4.09, 4.08,  -1.50,  -2.23,   1.27, 375.16,  16.84,  -1.70,  -0.21,   0.03,   0.17,  13.43, 4.09, 0.00, 0.00, 0.00, 0.00, 1, 1,  6,  39.7305848, -83.7070281,   330.0, 2025, 11, 23, 18, 17, 45,       98,       98,  26,   1,   2.5,   1.0,   2.3,  0,  0, 22,  0,  0,  0, 30, 21, 22,  0,  0,  0,  0,  0,  0,  9,  0,  0,  0,  0,  0,  0,  0,  0,  0,  8, 25, 25,  0,  0, 24,  0
6, 11026, 11,KE8EXM,     5.00, 5,   coast,  -13.24,  94098.00,  619.75,  364.76,   53.41, 22.8, 4.08, 4.09, 4.08,  -1.53,  -2.28,   1.24, 374.49,  16.41,  -2.07,  -0.21,   0.02,   0.17,  13.30, 4.09, 0.00, 0.00, 0.00, 0.00, 1, 1,  6,  39.7305848, -83.7070281,   330.0, 2025, 11, 23, 18, 17, 45,       98,       98,  26,   1,   2.5,   1.0,   2.3,  0,  0, 22,  0,  0,  0, 30, 21, 22,  0,  0,  0,  0,  0,  0,  9,  0,  0,  0,  0,  0,  0,  0,  0,  0,  8, 25, 25,  0,  0, 24,  0
6, 11026, 11,KE8EXM,     5.01, 5,   coast,  -11.77,  94098.00,  619.75,  364.76,   53.29, 22.8, 4.08, 4.09, 4.08,  -1.44,  -2.37,   1.10, 373.94,  16.41,  -2.80,  -0.21,   0.01,   0.17,  13.19, 4.09, 0.00, 0.00, 0.00, 0.00, 1, 1,  6,  39.7305848, -83.7070281,   330.0, 2025, 11, 23, 18, 17, 45,       98,       98,  26,   1,   2.5,   1.0,   2.3,  0,  0, 22,  0,  0,  0, 30, 21, 22,  0,  0,  0,  0,  0,  0,  9,  0,  0,  0,  0,  0,  0,  0,  0,  0,  8, 25, 25,  0,  0, 24,  0
6, 11026, 11,KE8EXM,     5.02, 5,   coast,  -10.79,  94095.00,  620.02,  365.02,   53.17, 22.8, 4.08, 4.09, 4.08,  -1.49,  -2.05,   0.78, 374.86,  16.41,  -3.53,  -0.21,   0.01,   0.17,  13.09, 4.09, 0.00, 0.00, 0.00, 0.00, 1, 1,  6,  39.7305848, -83.7070281,   330.0, 2025, 11, 23, 18, 17, 45,       98,       98,  26,   1,   2.5,   1.0,   2.3,  0,  0, 22,  0,  0,  0, 30, 21, 22,  0,  0,  0,  0,  0,  0,  9,  0,  0,  0,  0,  0,  0,  0,  0,  0,  8, 25, 25,  0,  0, 24,  0
6, 11026, 11,KE8EXM,     5.03, 5,   coast,  -10.79,  94095.00,  620.02,  365.02,   53.06, 22.8, 4.08, 4.09, 4.08,  -1.42,  -1.85,   0.60, 375.59,  16.47,  -3.53,  -0.21,   0.00,   0.17,  13.00, 4.09, 0.00, 0.00, 0.00, 0.00, 1, 1,  6,  39.7305848, -83.7070281,   330.0, 2025, 11, 23, 18, 17, 45,       98,       98,  26,   1,   2.5,   1.0,   2.3,  0,  0, 22,  0,  0,  0, 30, 21, 22,  0,  0,  0,  0,  0,  0,  9,  0,  0,  0,  0,  0,  0,  0,  0,  0,  8, 25, 25,  0,  0, 24,  0
6, 11026, 11,KE8EXM,     5.04, 5,   coast,  -10.30,  94082.00,  621.16,  366.17,   52.95, 22.8, 4.08, 4.09, 4.08,  -1.49,  -1.76,   0.69, 375.16,  16.90,  -3.47,  -0.22,  -0.01,   0.17,  12.92, 4.09, 0.00, 0.00, 0.00, 0.00, 1, 1,  6,  39.7305848, -83.7070281,   330.0, 2025, 11, 23, 18, 17, 45,       98,       98,  26,   1,   2.5,   1.0,   2.3,  0,  0, 22,  0,  0,  0, 30, 21, 22,  0,  0,  0,  0,  0,  0,  9,  0,  0,  0,  0,  0,  0,  0,  0,  0,  8, 25, 25,  0,  0, 24,  0
6, 11026, 11,KE8EXM,     5.05, 5,   coast,  -11.28,  94082.00,  621.16,  366.17,   52.84, 22.8, 4.08, 4.09, 4.08,  -1.41,  -1.64,   0.63, 374.07,  17.08,  -3.41,  -0.22,  -0.01,   0.17,  12.85, 4.09, 0.00, 0.00, 0.00, 0.00, 1, 1,  6,  39.7305848, -83.7070281,   330.0, 2025, 11, 23, 18, 17, 45,       98,       98,  26,   1,   2.5,   1.0,   2.3,  0,  0, 22,  0,  0,  0, 30, 21, 22,  0,  0,  0,  0,  0,  0,  9,  0,  0,  0,  0,  0,  0,  0,  0,  0,  8, 25, 25,  0,  0, 24,  0
6, 11026, 11,KE8EXM,     5.06, 5,   coast,  -10.30,  94075.00,  621.78,  366.79,   52.73, 22.8, 4.08, 4.09, 4.08,  -1.44,  -1.77,   0.96, 373.46,  17.02,  -3.53,  -0.21,  -0.02,   0.17,  12.79, 4.09, 0.00, 0.00, 0.00, 0.00, 1, 1,  6,  39.7305848, -83.7070281,   330.0, 2025, 11, 23, 18, 17, 45,       98,       98,  26,   1,   2.5,   1.0,   2.3,  0,  0, 22,  0,  0,  0, 30, 21, 22,  0,  0,  0,  0,  0,  0,  9,  0,  0,  0,  0,  0,  0,  0,  0,  0,  8, 25, 25,  0,  0, 24,  0
6, 11026, 11,KE8EXM,     5.07, 5,   coast,  -11.77,  94075.00,  621.78,  366.79,   52.62, 22.8, 4.08, 4.09, 4.08,  -1.39,  -1.95,   0.83, 372.11,  17.27,  -3.78,  -0.21,  -0.02,   0.17,  12.75, 4.09, 0.00, 0.00, 0.00, 0.00, 1, 1,  6,  39.7305848, -83.7070281,   330.0, 2025, 11, 23, 18, 17, 45,       98,       98,  26,   1,   2.5,   1.0,   2.3,  0,  0, 22,  0,  0,  0, 30, 21, 22,  0,  0,  0,  0,  0,  0,  9,  0,  0,  0,  0,  0,  0,  0,  0,  0,  8, 25, 25,  0,  0, 24,  0
6, 11026, 11,KE8EXM,     5.08, 5,   coast,  -11.77,  94064.00,  622.76,  367.76,   52.51, 22.8, 4.08, 4.09, 4.08,  -1.42,  -1.28,   0.75, 372.30,  17.51,  -3.65,  -0.22,  -0.03,   0.18,  12.72, 4.09, 0.00, 0.00, 0.00, 0.00, 1, 1,  6,  39.7305848, -83.7070281,   330.0, 2025, 11, 23, 18, 17, 45,       98,       98,  26,   1,   2.5,   1.0,   2.3,  0,  0, 22,  0,  0,  0, 30, 21, 22,  0,  0,  0,  0,  0,  0,  9,  0,  0,  0,  0,  0,  0,  0,  0,  0,  8, 25, 25,  0,  0, 24,  0
6, 11026, 11,KE8EXM,     5.09, 5,   coast,  -11.77,  94064.00,  622.76,  367.76,   52.40, 22.8, 4.08, 4.09, 4.08,  -1.36,  -1.50,   0.98, 371.44,  17.69,  -3.84,  -0.22,  -0.04,   0.18,  12.71, 4.09, 0.00, 0.00, 0.00, 0.00, 1, 1,  6,  39.7305848, -83.7070281,   330.0, 2025, 11, 23, 18, 17, 45,       98,       98,  26,   1,   2.5,   1.0,   2.3,  0,  0, 22,  0,  0,  0, 30, 21, 22,  0,  0,  0,  0,  0,  0,  9,  0,  0,  0,  0,  0,  0,  0,  0,  0,  8, 25, 25,  0,  0, 24,  0
6, 11026, 11,KE8EXM,     5.10, 5,   coast,   -9.81,  94050.00,  623.99,  369.00,   52.29, 22.8, 4.08, 4.09, 4.08,  -1.41,  -1.49,   0.72, 371.32,  18.12,  -3.47,  -0.22,  -0.04,   0.18,  12.70, 4.09, 0.00, 0.00, 0.00, 0.00, 1, 1,  6,  39.7305848, -83.7070281,   330.0, 2025, 11, 23, 18, 17, 45,       98,       98,  26,   1,   2.5,   1.0,   2.3,  0,  0, 22,  0,  0,  0, 30, 21, 22,  0,  0,  0,  0,  0,  0,  9,  0,  0,  0,  0,  0,  0,  0,  0,  0,  8, 25, 25,  0,  0, 24,  0
6, 11026, 11,KE8EXM,     5.11, 5,   coast,  -11.77,  94050.00,  623.99,  369.00,   52.18, 22.8, 4.08, 4.09, 4.08,  -1.36,  -1.41,   0.97, 369.79,  18.06,  -3.17,  -0.22,  -0.05,   0.19,  12.71, 4.09, 0.00, 0.00, 0.00, 0.00, 1, 1,  6,  39.7305848, -83.7070281,   330.0, 2025, 11, 23, 18, 17, 45,       98,       98,  26,   1,   2.5,   1.0,   2.3,  0,  0, 22,  0,  0,  0, 30, 21, 22,  0,  0,  0,  0,  0,  0,  9,  0,  0,  0,  0,  0,  0,  0,  0,  0,  8, 25, 25,  0,  0, 24,  0
6, 11026, 11,KE8EXM,     5.12, 5,   coast,  -10.79,  94042.00,  624.70,  369.71,   52.06, 22.8, 4.08, 4.09, 4.08,  -1.34,  -1.57,   0.80, 369.31,  18.43,  -3.04,  -0.22,  -0.05,   0.19,  12.72, 4.09, 0.00, 0.00, 0.00, 0.00, 1, 1,  6,  39.7305848, -83.7070281,   330.0, 2025, 11, 23, 18, 17, 45,       98,       98,  26,   1,   2.5,   1.0,   2.3,  0,  0, 22,  0,  0,  0, 30, 21, 22,  0,  0,  0,  0,  0,  0,  9,  0,  0,  0,  0,  0,  0,  0,  0,  0,  8, 25, 25,  0,  0, 24,  0
6, 11026, 11,KE8EXM,     5.13, 5,   coast,  -12.26,  94042.00,  624.70,  369.71,   51.95, 22.8, 4.08, 4.09, 4.08,  -1.35,  -1.33,   0.84, 368.21,  18.18,  -2.86,  -0.22,  -0.05,   0.19,  12.76, 4.09, 0.00, 0.00, 0.00, 0.00, 1, 1,  6,  39.7305848, -83.7070281,   330.0, 2025, 11, 23, 18, 17, 45,       98,       98,  26,   1,   2.5,   1.0,   2.3,  0,  0, 22,  0,  0,  0, 30, 21, 22,  0,  0,  0,  0,  0,  0,  9,  0,  0,  0,  0,  0,  0,  0,  0,  0,  8, 25, 25,  0,  0, 24,  0
6, 11026, 11,KE8EXM,     5.14, 5,   coast,  -11.77,  94035.00,  625.32,  370.33,   51.84, 22.8, 4.09, 4.07, 4.08,  -1.36,  -1.63,   1.01, 366.86,  18.30,  -2.80,  -0.21,  -0.06,   0.20,  12.80, 4.09, 0.00, 0.00, 0.00, 0.00, 1, 1,  6,  39.7305848, -83.7070281,   330.0, 2025, 11, 23, 18, 17, 45,       98,       98,  26,   1,   2.5,   1.0,   2.3,  0,  0, 22,  0,  0,  0, 30, 21, 22,  0,  0,  0,  0,  0,  0,  9,  0,  0,  0,  0,  0,  0,  0,  0,  0,  8, 25, 25,  0,  0, 24,  0
6, 11026, 11,KE8EXM,     5.14, 5,   coast,  -11.77,  94035.00,  625.32,  370.33,   51.84, 22.8, 4.09, 4.07, 4.08,  -1.36,  -1.63,   1.01, 366.86,  18.30,  -2.80,  -0.21,  -0.06,   0.20,  12.80, 4.09, 0.00, 0.00, 0.00, 0.00, 1, 1,  6,  39.7305848, -83.7070281,   330.0, 2025, 11, 23, 18, 17, 45,       98,       98,  26,   1,   2.5,   1.0,   2.3,  0,  0, 22,  0,  0,  0, 30, 21, 22,  0,  0,  0,  0,  0,  0,  9,  0,  0,  0,  0,  0,  0,  0,  0,  0,  8, 25, 25,  0,  0, 24,  0
6, 11026, 11,KE8EXM,     5.15, 5,   coast,  -11.28,  94035.00,  625.32,  370.33,   51.72, 22.8, 4.09, 4.07, 4.08,  -1.35,  -1.57,   0.88, 366.07,  18.30,  -2.56,  -0.21,  -0.06,   0.20,  12.86, 4.09, 0.00, 0.00, 0.00, 0.00, 1, 1,  6,  39.7305848, -83.7070281,   330.0, 2025, 11, 23, 18, 17, 45,       98,       98,  26,   1,   2.5,   1.0,   2.3,  0,  0, 22,  0,  0,  0, 30, 21, 22,  0,  0,  0,  0,  0,  0,  9,  0,  0,  0,  0,  0,  0,  0,  0,  0,  8, 25, 25,  0,  0, 24,  0
6, 11026, 11,KE8EXM,     5.16, 5,   coast,  -10.79,  94013.00,  627.27,  372.27,   51.61, 22.8, 4.09, 4.07, 4.08,  -1.38,  -1.54,   0.90, 365.22,  18.37,  -2.13,  -0.21,  -0.07,   0.21,  12.92, 4.09, 0.00, 0.00, 0.00, 0.00, 1, 1,  6,  39.7305848, -83.7070281,   330.0, 2025, 11, 23, 18, 17, 45,       98,       98,  26,   1,   2.5,   1.0,   2.3,  0,  0, 22,  0,  0,  0, 30, 21, 22,  0,  0,  0,  0,  0,  0,  9,  0,  0,  0,  0,  0,  0,  0,  0,  0,  8, 25, 25,  0,  0, 24,  0
6, 11026, 11,KE8EXM,     5.16, 5,   coast,  -10.79,  94013.00,  627.27,  372.27,   51.61, 22.8, 4.09, 4.07, 4.08,  -1.38,  -1.54,   0.90, 365.22,  18.37,  -2.13,  -0.21,  -0.07,   0.21,  12.92, 4.09, 0.00, 0.00, 0.00, 0.00, 1, 1,  6,  39.7305848, -83.7070281,   330.0, 2025, 11, 23, 18, 17, 45,       98,       98,  26,   1,   2.5,   1.0,   2.3,  0,  0, 22,  0,  0,  0, 30, 21, 22,  0,  0,  0,  0,  0,  0,  9,  0,  0,  0,  0,  0,  0,  0,  0,  0,  8, 25, 25,  0,  0, 24,  0
6, 11026, 11,KE8EXM,     5.16, 5,   coast,  -10.79,  94013.00,  627.27,  372.27,   51.61, 22.8, 4.09, 4.07, 4.08,  -1.38,  -1.54,   0.90, 365.22,  18.37,  -2.13,  -0.21,  -0.07,   0.21,  12.92, 4.09, 0.00, 0.00, 0.00, 0.00, 1, 1,  6,  39.7305848, -83.7070281,   330.0, 2025, 11, 23, 18, 17, 45,       98,       98,  26,   1,   2.5,   1.0,   2.3,  0,  0, 22,  0,  0,  0, 30, 21, 22,  0,  0,  0,  0,  0,  0,  9,  0,  0,  0,  0,  0,  0,  0,  0,  0,  8, 25, 25,  0,  0, 24,  0
6, 11026, 11,KE8EXM,     5.17, 5,   coast,  -11.28,  94013.00,  627.27,  372.27,   51.49, 22.8, 4.09, 4.07, 4.08,  -1.38,  -1.79,   0.99, 364.36,  18.79,  -2.19,  -0.21,  -0.07,   0.21,  13.00, 4.09, 0.00, 0.00, 0.00, 0.00, 1, 1,  7,  39.7308070, -83.7069316,   329.0, 2025, 11, 23, 18, 17, 46,      124,      124,  24,   0,   2.2,   0.9,   2.0,  0,  0, 21,  0,  0,  0, 25, 21, 21,  0,  0,  0,  0,  0,  0,  8,  0,  0,  0,  0,  0,  0,  0,  0,  0,  8, 23, 24,  0,  0, 25,  0
6, 11026, 11,KE8EXM,     5.18, 5,   coast,  -12.75,  94007.00,  627.80,  372.80,   51.38, 22.8, 4.09, 4.07, 4.08,  -1.35,  -1.69,   0.88, 363.81,  18.37,  -1.82,  -0.21,  -0.07,   0.21,  13.09, 4.09, 0.00, 0.00, 0.00, 0.00, 1, 1,  7,  39.7308070, -83.7069316,   329.0, 2025, 11, 23, 18, 17, 46,      124,      124,  24,   0,   2.2,   0.9,   2.0,  0,  0, 21,  0,  0,  0, 25, 21, 21,  0,  0,  0,  0,  0,  0,  8,  0,  0,  0,  0,  0,  0,  0,  0,  0,  8, 23, 24,  0,  0, 25,  0
6, 11026, 11,KE8EXM,     5.19, 5,   coast,   -9.81,  94007.00,  627.80,  372.80,   51.27, 22.8, 4.09, 4.07, 4.08,  -1.37,  -2.07,   1.21, 362.10,  18.43,  -1.95,  -0.21,  -0.07,   0.22,  13.19, 4.09, 0.00, 0.00, 0.00, 0.00, 1, 1,  7,  39.7308070, -83.7069316,   329.0, 2025, 11, 23, 18, 17, 46,      124,      124,  24,   0,   2.2,   0.9,   2.0,  0,  0, 21,  0,  0,  0, 25, 21, 21,  0,  0,  0,  0,  0,  0,  8,  0,  0,  0,  0,  0,  0,  0,  0,  0,  8, 23, 24,  0,  0, 25,  0
6, 11026, 11,KE8EXM,     5.20, 5,   coast,  -12.75,  94002.00,  628.24,  373.25,   51.15, 22.8, 4.09, 4.07, 4.08,  -1.34,  -1.87,   1.03, 361.25,  18.24,  -2.13,  -0.22,  -0.08,   0.23,  13.31, 4.09, 0.00, 0.00, 0.00, 0.00, 1, 1,  7,  39.7308070, -83.7069316,   329.0, 2025, 11, 23, 18, 17, 46,      124,      124,  24,   0,   2.2,   0.9,   2.0,  0,  0, 21,  0,  0,  0, 25, 21, 21,  0,  0,  0,  0,  0,  0,  8,  0,  0,  0,  0,  0,  0,  0,  0,  0,  8, 23, 24,  0,  0, 25,  0
6, 11026, 11,KE8EXM,     5.21, 5,   coast,  -10.30,  94002.00,  628.24,  373.25,   51.04, 22.8, 4.09, 4.07, 4.08,  -1.39,  -1.75,   0.91, 360.82,  18.24,  -2.50,  -0.22,  -0.08,   0.23,  13.44, 4.09, 0.00, 0.00, 0.00, 0.00, 1, 1,  7,  39.7308070, -83.7069316,   329.0, 2025, 11, 23, 18, 17, 46,      124,      124,  24,   0,   2.2,   0.9,   2.0,  0,  0, 21,  0,  0,  0, 25, 21, 21,  0,  0,  0,  0,  0,  0,  8,  0,  0,  0,  0,  0,  0,  0,  0,  0,  8, 23, 24,  0,  0, 25,  0
6, 11026, 11,KE8EXM,     5.22, 5,   coast,  -11.77,  93988.00,  629.48,  374.48,   50.92, 22.8, 4.09, 4.07, 4.08,  -1.29,  -1.93,   1.10, 359.54,  18.18,  -2.31,  -0.21,  -0.08,   0.24,  13.57, 4.09, 0.00, 0.00, 0.00, 0.00, 1, 1,  7,  39.7308070, -83.7069316,   329.0, 2025, 11, 23, 18, 17, 46,      124,      124,  24,   0,   2.2,   0.9,   2.0,  0,  0, 21,  0,  0,  0, 25, 21, 21,  0,  0,  0,  0,  0,  0,  8,  0,  0,  0,  0,  0,  0,  0,  0,  0,  8, 23, 24,  0,  0, 25,  0
6, 11026, 11,KE8EXM,     5.23, 5,   coast,  -11.77,  93988.00,  629.48,  374.48,   50.81, 22.8, 4.09, 4.07, 4.08,  -1.28,  -1.72,   0.85, 359.11,  18.12,  -2.74,  -0.21,  -0.08,   0.24,  13.72, 4.09, 0.00, 0.00, 0.00, 0.00, 1, 1,  7,  39.7308070, -83.7069316,   329.0, 2025, 11, 23, 18, 17, 46,      124,      124,  24,   0,   2.2,   0.9,   2.0,  0,  0, 21,  0,  0,  0, 25, 21, 21,  0,  0,  0,  0,  0,  0,  8,  0,  0,  0,  0,  0,  0,  0,  0,  0,  8, 23, 24,  0,  0, 25,  0
6, 11026, 11,KE8EXM,     5.24, 5,   coast,  -13.24,  93977.00,  630.45,  375.46,   50.69, 22.8, 4.09, 4.07, 4.08,  -1.33,  -1.85,   0.91, 358.50,  18.06,  -2.86,  -0.22,  -0.09,   0.25,  13.87, 4.09, 0.00, 0.00, 0.00, 0.00, 1, 1,  7,  39.7308070, -83.7069316,   329.0, 2025, 11, 23, 18, 17, 46,      124,      124,  24,   0,   2.2,   0.9,   2.0,  0,  0, 21,  0,  0,  0, 25, 21, 21,  0,  0,  0,  0,  0,  0,  8,  0,  0,  0,  0,  0,  0,  0,  0,  0,  8, 23, 24,  0,  0, 25,  0
6, 11026, 11,KE8EXM,     5.25, 5,   coast,  -10.30,  93977.00,  630.45,  375.46,   50.58, 22.8, 4.09, 4.07, 4.08,  -1.27,  -1.72,   0.70, 358.26,  18.06,  -2.68,  -0.21,  -0.09,   0.26,  14.03, 4.09, 0.00, 0.00, 0.00, 0.00, 1, 1,  7,  39.7308070, -83.7069316,   329.0, 2025, 11, 23, 18, 17, 46,      124,      124,  24,   0,   2.2,   0.9,   2.0,  0,  0, 21,  0,  0,  0, 25, 21, 21,  0,  0,  0,  0,  0,  0,  8,  0,  0,  0,  0,  0,  0,  0,  0,  0,  8, 23, 24,  0,  0, 25,  0
6, 11026, 11,KE8EXM,     5.26, 5,   coast,   -9.32,  93973.00,  630.80,  375.81,   50.47, 22.8, 4.09, 4.07, 4.08,  -1.29,  -1.48,   0.89, 356.43,  18.37,  -2.98,  -0.22,  -0.09,   0.26,  14.20, 4.09, 0.00, 0.00, 0.00, 0.00, 1, 1,  7,  39.7308070, -83.7069316,   329.0, 2025, 11, 23, 18, 17, 46,      124,      124,  24,   0,   2.2,   0.9,   2.0,  0,  0, 21,  0,  0,  0, 25, 21, 21,  0,  0,  0,  0,  0,  0,  8,  0,  0,  0,  0,  0,  0,  0,  0,  0,  8, 23, 24,  0,  0, 25,  0
6, 11026, 11,KE8EXM,     5.27, 5,   coast,  -11.28,  93973.00,  630.80,  375.81,   50.36, 22.8, 4.09, 4.07, 4.08,  -1.25,  -1.60,   0.78, 354.66,  18.00,  -2.92,  -0.21,  -0.09,   0.27,  14.37, 4.09, 0.00, 0.00, 0.00, 0.00, 1, 1,  7,  39.7308070, -83.7069316,   329.0, 2025, 11, 23, 18, 17, 46,      124,      124,  24,   0,   2.2,   0.9,   2.0,  0,  0, 21,  0,  0,  0, 25, 21, 21,  0,  0,  0,  0,  0,  0,  8,  0,  0,  0,  0,  0,  0,  0,  0,  0,  8, 23, 24,  0,  0, 25,  0
6, 11026, 11,KE8EXM,     5.28, 5,   coast,  -13.24,  93953.00,  632.57,  377.58,   50.24, 22.8, 4.09, 4.07, 4.08,  -1.24,  -1.59,   0.90, 353.62,  18.12,  -2.62,  -0.21,  -0.09,   0.27,  14.54, 4.09, 0.00, 0.00, 0.00, 0.00, 1, 1,  7,  39.7308070, -83.7069316,   329.0, 2025, 11, 23, 18, 17, 46,      124,      124,  24,   0,   2.2,   0.9,   2.0,  0,  0, 21,  0,  0,  0, 25, 21, 21,  0,  0,  0,  0,  0,  0,  8,  0,  0,  0,  0,  0,  0,  0,  0,  0,  8, 23, 24,  0,  0, 25,  0
6, 11026, 11,KE8EXM,     5.29, 5,   coast,  -11.28,  93953.00,  632.57,  377.58,   50.13, 22.8, 4.09, 4.07, 4.08,  -1.31,  -1.63,   0.97, 352.46,  18.18,  -2.86,  -0.21,  -0.09,   0.27,  14.72, 4.09, 0.00, 0.00, 0.00, 0.00, 1, 1,  7,  39.7308070, -83.7069316,   329.0, 2025, 11, 23, 18, 17, 46,      124,      124,  24,   0,   2.2,   0.9,   2.0,  0,  0, 21,  0,  0,  0, 25, 21, 21,  0,  0,  0,  0,  0,  0,  8,  0,  0,  0,  0,  0,  0,  0,  0,  0,  8, 23, 24,  0,  0, 25,  0
6, 11026, 11,KE8EXM,     5.30, 5,   coast,  -11.28,  93944.00,  633.37,  378.38,   50.02, 22.8, 4.09, 4.07, 4.08,  -1.28,  -1.73,   0.85, 350.93,  17.88,  -3.04,  -0.21,  -0.09,   0.28,  14.90, 4.09, 0.00, 0.00, 0.00, 0.00, 1, 1,  7,  39.7308070, -83.7069316,   329.0, 2025, 11, 23, 18, 17, 46,      124,      124,  24,   0,   2.2,   0.9,   2.0,  0,  0, 21,  0,  0,  0, 25, 21, 21,  0,  0,  0,  0,  0,  0,  8,  0,  0,  0,  0,  0,  0,  0,  0,  0,  8, 23, 24,  0,  0, 25,  0
6, 11026, 11,KE8EXM,     5.31, 5,   coast,  -10.30,  93944.00,  633.37,  378.38,   49.91, 22.8, 4.09, 4.07, 4.08,  -1.26,  -1.54,   0.74, 350.02,  17.82,  -2.86,  -0.21,  -0.09,   0.29,  15.08, 4.09, 0.00, 0.00, 0.00, 0.00, 1, 1,  7,  39.7308070, -83.7069316,   329.0, 2025, 11, 23, 18, 17, 46,      124,      124,  24,   0,   2.2,   0.9,   2.0,  0,  0, 21,  0,  0,  0, 25, 21, 21,  0,  0,  0,  0,  0,  0,  8,  0,  0,  0,  0,  0,  0,  0,  0,  0,  8, 23, 24,  0,  0, 25,  0
6, 11026, 11,KE8EXM,     5.32, 5,   coast,  -10.30,  93932.00,  634.43,  379.44,   49.80, 22.8, 4.09, 4.07, 4.08,  -1.23,  -1.60,   0.73, 349.16,  18.18,  -2.98,  -0.21,  -0.08,   0.30,  15.26, 4.09, 0.00, 0.00, 0.00, 0.00, 1, 1,  7,  39.7308070, -83.7069316,   329.0, 2025, 11, 23, 18, 17, 46,      124,      124,  24,   0,   2.2,   0.9,   2.0,  0,  0, 21,  0,  0,  0, 25, 21, 21,  0,  0,  0,  0,  0,  0,  8,  0,  0,  0,  0,  0,  0,  0,  0,  0,  8, 23, 24,  0,  0, 25,  0
6, 11026, 11,KE8EXM,     5.33, 5,   coast,   -9.81,  93932.00,  634.43,  379.44,   49.70, 22.8, 4.09, 4.07, 4.08,  -1.23,  -1.37,   0.63, 348.74,  18.00,  -2.74,  -0.21,  -0.08,   0.30,  15.44, 4.09, 0.00, 0.00, 0.00, 0.00, 1, 1,  7,  39.7308070, -83.7069316,   329.0, 2025, 11, 23, 18, 17, 46,      124,      124,  24,   0,   2.2,   0.9,   2.0,  0,  0, 21,  0,  0,  0, 25, 21, 21,  0,  0,  0,  0,  0,  0,  8,  0,  0,  0,  0,  0,  0,  0,  0,  0,  8, 23, 24,  0,  0, 25,  0
6, 11026, 11,KE8EXM,     5.34, 5,   coast,  -11.28,  93923.00,  635.23,  380.24,   49.59, 22.8, 4.09, 4.07, 4.08,  -1.24,  -1.43,   0.67, 348.31,  18.24,  -2.43,  -0.21,  -0.08,   0.31,  15.63, 4.09, 0.00, 0.00, 0.00, 0.00, 1, 1,  7,  39.7308070, -83.7069316,   329.0, 2025, 11, 23, 18, 17, 46,      124,      124,  24,   0,   2.2,   0.9,   2.0,  0,  0, 21,  0,  0,  0, 25, 21, 21,  0,  0,  0,  0,  0,  0,  8,  0,  0,  0,  0,  0,  0,  0,  0,  0,  8, 23, 24,  0,  0, 25,  0
6, 11026, 11,KE8EXM,     5.35, 5,   coast,  -11.77,  93923.00,  635.23,  380.24,   49.48, 22.8, 4.09, 4.07, 4.08,  -1.26,  -1.58,   0.40, 347.46,  18.73,  -2.31,  -0.21,  -0.08,   0.31,  15.82, 4.09, 0.00, 0.00, 0.00, 0.00, 1, 1,  7,  39.7308070, -83.7069316,   329.0, 2025, 11, 23, 18, 17, 46,      124,      124,  24,   0,   2.2,   0.9,   2.0,  0,  0, 21,  0,  0,  0, 25, 21, 21,  0,  0,  0,  0,  0,  0,  8,  0,  0,  0,  0,  0,  0,  0,  0,  0,  8, 23, 24,  0,  0, 25,  0
6, 11026, 11,KE8EXM,     5.36, 5,   coast,  -11.77,  93906.00,  636.73,  381.74,   49.37, 22.8, 4.09, 4.07, 4.08,  -1.24,  -1.54,   0.47, 347.64,  18.61,  -2.25,  -0.22,  -0.08,   0.32,  16.00, 4.09, 0.00, 0.00, 0.00, 0.00, 1, 1,  7,  39.7308070, -83.7069316,   329.0, 2025, 11, 23, 18, 17, 46,      124,      124,  24,   0,   2.2,   0.9,   2.0,  0,  0, 21,  0,  0,  0, 25, 21, 21,  0,  0,  0,  0,  0,  0,  8,  0,  0,  0,  0,  0,  0,  0,  0,  0,  8, 23, 24,  0,  0, 25,  0
6, 11026, 11,KE8EXM,     5.37, 5,   coast,  -11.28,  93906.00,  636.73,  381.74,   49.25, 22.8, 4.09, 4.07, 4.08,  -1.22,  -1.56,   0.58, 347.46,  18.67,  -2.01,  -0.21,  -0.08,   0.32,  16.19, 4.09, 0.00, 0.00, 0.00, 0.00, 1, 1,  7,  39.7308070, -83.7069316,   329.0, 2025, 11, 23, 18, 17, 46,      124,      124,  24,   0,   2.2,   0.9,   2.0,  0,  0, 21,  0,  0,  0, 25, 21, 21,  0,  0,  0,  0,  0,  0,  8,  0,  0,  0,  0,  0,  0,  0,  0,  0,  8, 23, 24,  0,  0, 25,  0
6, 11026, 11,KE8EXM,     5.38, 5,   coast,  -11.77,  93904.00,  636.91,  381.92,   49.13, 22.8, 4.09, 4.07, 4.08,  -1.22,  -1.44,   0.29, 347.15,  19.22,  -1.64,  -0.21,  -0.07,   0.32,  16.37, 4.09, 0.00, 0.00, 0.00, 0.00, 1, 1,  7,  39.7308070, -83.7069316,   329.0, 2025, 11, 23, 18, 17, 46,      124,      124,  24,   0,   2.2,   0.9,   2.0,  0,  0, 21,  0,  0,  0, 25, 21, 21,  0,  0,  0,  0,  0,  0,  8,  0,  0,  0,  0,  0,  0,  0,  0,  0,  8, 23, 24,  0,  0, 25,  0
6, 11026, 11,KE8EXM,     5.39, 5,   coast,  -12.26,  93904.00,  636.91,  381.92,   49.02, 22.8, 4.09, 4.07, 4.08,  -1.22,  -1.49,   0.53, 346.84,  18.85,  -1.58,  -0.21,  -0.07,   0.33,  16.55, 4.09, 0.00, 0.00, 0.00, 0.00, 1, 1,  7,  39.7308070, -83.7069316,   329.0, 2025, 11, 23, 18, 17, 46,      124,      124,  24,   0,   2.2,   0.9,   2.0,  0,  0, 21,  0,  0,  0, 25, 21, 21,  0,  0,  0,  0,  0,  0,  8,  0,  0,  0,  0,  0,  0,  0,  0,  0,  8, 23, 24,  0,  0, 25,  0
6, 11026, 11,KE8EXM,     5.40, 5,   coast,  -11.28,  93901.00,  637.18,  382.18,   48.90, 22.8, 4.09, 4.07, 4.08,  -1.21,  -1.62,   0.51, 345.93,  19.28,  -1.58,  -0.21,  -0.07,   0.33,  16.74, 4.09, 0.00, 0.00, 0.00, 0.00, 1, 1,  7,  39.7308070, -83.7069316,   329.0, 2025, 11, 23, 18, 17, 46,      124,      124,  24,   0,   2.2,   0.9,   2.0,  0,  0, 21,  0,  0,  0, 25, 21, 21,  0,  0,  0,  0,  0,  0,  8,  0,  0,  0,  0,  0,  0,  0,  0,  0,  8, 23, 24,  0,  0, 25,  0
6, 11026, 11,KE8EXM,     5.41, 5,   coast,  -12.26,  93901.00,  637.18,  382.18,   48.78, 22.8, 4.09, 4.07, 4.08,  -1.19,  -1.37,   0.44, 346.05,  19.59,  -1.58,  -0.21,  -0.06,   0.34,  16.92, 4.09, 0.00, 0.00, 0.00, 0.00, 1, 1,  7,  39.7308070, -83.7069316,   329.0, 2025, 11, 23, 18, 17, 46,      124,      124,  24,   0,   2.2,   0.9,   2.0,  0,  0, 21,  0,  0,  0, 25, 21, 21,  0,  0,  0,  0,  0,  0,  8,  0,  0,  0,  0,  0,  0,  0,  0,  0,  8, 23, 24,  0,  0, 25,  0
6, 11026, 11,KE8EXM,     5.42, 5,   coast,  -11.77,  93883.00,  638.77,  383.78,   48.67, 22.8, 4.09, 4.07, 4.08,  -1.21,  -1.37,   0.54, 345.99,  19.77,  -1.34,  -0.21,  -0.06,   0.34,  17.10, 4.09, 0.00, 0.00, 0.00, 0.00, 1, 1,  7,  39.7308070, -83.7069316,   329.0, 2025, 11, 23, 18, 17, 46,      124,      124,  24,   0,   2.2,   0.9,   2.0,  0,  0, 21,  0,  0,  0, 25, 21, 21,  0,  0,  0,  0,  0,  0,  8,  0,  0,  0,  0,  0,  0,  0,  0,  0,  8, 23, 24,  0,  0, 25,  0
6, 11026, 11,KE8EXM,     5.43, 5,   coast,  -11.77,  93883.00,  638.77,  383.78,   48.55, 22.8, 4.09, 4.07, 4.08,  -1.17,  -1.39,   0.38, 345.26,  19.40,  -0.85,  -0.21,  -0.05,   0.34,  17.27, 4.09, 0.00, 0.00, 0.00, 0.00, 1, 1,  7,  39.7308070, -83.7069316,   329.0, 2025, 11, 23, 18, 17, 46,      124,      124,  24,   0,   2.2,   0.9,   2.0,  0,  0, 21,  0,  0,  0, 25, 21, 21,  0,  0,  0,  0,  0,  0,  8,  0,  0,  0,  0,  0,  0,  0,  0,  0,  8, 23, 24,  0,  0, 25,  0
6, 11026, 11,KE8EXM,     5.44, 5,   coast,  -10.79,  93870.00,  639.92,  384.93,   48.44, 22.8, 4.09, 4.07, 4.08,  -1.19,  -1.26,   0.52, 345.26,  19.95,  -0.91,  -0.21,  -0.05,   0.34,  17.44, 4.09, 0.00, 0.00, 0.00, 0.00, 1, 1,  7,  39.7308070, -83.7069316,   329.0, 2025, 11, 23, 18, 17, 46,      124,      124,  24,   0,   2.2,   0.9,   2.0,  0,  0, 21,  0,  0,  0, 25, 21, 21,  0,  0,  0,  0,  0,  0,  8,  0,  0,  0,  0,  0,  0,  0,  0,  0,  8, 23, 24,  0,  0, 25,  0
6, 11026, 11,KE8EXM,     5.45, 5,   coast,  -10.30,  93870.00,  639.92,  384.93,   48.33, 22.8, 4.09, 4.07, 4.08,  -1.20,  -1.34,   0.40, 344.77,  19.95,  -0.91,  -0.21,  -0.05,   0.35,  17.61, 4.09, 0.00, 0.00, 0.00, 0.00, 1, 1,  7,  39.7308070, -83.7069316,   329.0, 2025, 11, 23, 18, 17, 46,      124,      124,  24,   0,   2.2,   0.9,   2.0,  0,  0, 21,  0,  0,  0, 25, 21, 21,  0,  0,  0,  0,  0,  0,  8,  0,  0,  0,  0,  0,  0,  0,  0,  0,  8, 23, 24,  0,  0, 25,  0
6, 11026, 11,KE8EXM,     5.46, 5,   coast,  -10.79,  93859.00,  640.90,  385.90,   48.23, 22.9, 4.11, 4.07, 4.09,  -1.11,  -1.03,   0.52, 344.53,  20.38,  -0.42,  -0.21,  -0.04,   0.35,  17.77, 4.10, 0.00, 0.00, 0.00, 0.00, 1, 1,  7,  39.7308070, -83.7069316,   329.0, 2025, 11, 23, 18, 17, 46,      124,      124,  24,   0,   2.2,   0.9,   2.0,  0,  0, 21,  0,  0,  0, 25, 21, 21,  0,  0,  0,  0,  0,  0,  8,  0,  0,  0,  0,  0,  0,  0,  0,  0,  8, 23, 24,  0,  0, 25,  0
6, 11026, 11,KE8EXM,     5.46, 5,   coast,  -10.79,  93859.00,  640.90,  385.90,   48.23, 22.9, 4.11, 4.07, 4.09,  -1.11,  -1.03,   0.52, 344.53,  20.38,  -0.42,  -0.21,  -0.04,   0.35,  17.77, 4.10, 0.00, 0.00, 0.00, 0.00, 1, 1,  7,  39.7308070, -83.7069316,   329.0, 2025, 11, 23, 18, 17, 46,      124,      124,  24,   0,   2.2,   0.9,   2.0,  0,  0, 21,  0,  0,  0, 25, 21, 21,  0,  0,  0,  0,  0,  0,  8,  0,  0,  0,  0,  0,  0,  0,  0,  0,  8, 23, 24,  0,  0, 25,  0
6, 11026, 11,KE8EXM,     5.47, 5,   coast,   -9.81,  93859.00,  640.90,  385.90,   48.12, 22.9, 4.11, 4.07, 4.09,  -1.13,  -1.06,   0.66, 343.37,  20.44,   0.25,  -0.21,  -0.04,   0.35,  17.94, 4.10, 0.00, 0.00, 0.00, 0.00, 1, 1,  7,  39.7308070, -83.7069316,   329.0, 2025, 11, 23, 18, 17, 46,      124,      124,  24,   0,   2.2,   0.9,   2.0,  0,  0, 21,  0,  0,  0, 25, 21, 21,  0,  0,  0,  0,  0,  0,  8,  0,  0,  0,  0,  0,  0,  0,  0,  0,  8, 23, 24,  0,  0, 25,  0
6, 11026, 11,KE8EXM,     5.48, 5,   coast,  -11.28,  93851.00,  641.60,  386.61,   48.01, 22.9, 4.11, 4.07, 4.09,  -1.15,  -0.93,   0.63, 342.82,  19.89,   1.17,  -0.21,  -0.03,   0.35,  18.10, 4.10, 0.00, 0.00, 0.00, 0.00, 1, 1,  7,  39.7308070, -83.7069316,   329.0, 2025, 11, 23, 18, 17, 46,      124,      124,  24,   0,   2.2,   0.9,   2.0,  0,  0, 21,  0,  0,  0, 25, 21, 21,  0,  0,  0,  0,  0,  0,  8,  0,  0,  0,  0,  0,  0,  0,  0,  0,  8, 23, 24,  0,  0, 25,  0
6, 11026, 11,KE8EXM,     5.49, 5,   coast,  -13.24,  93851.00,  641.60,  386.61,   47.90, 22.9, 4.11, 4.07, 4.09,  -1.09,  -1.10,   0.67, 342.51,  20.07,   1.29,  -0.21,  -0.03,   0.36,  18.25, 4.10, 0.00, 0.00, 0.00, 0.00, 1, 1,  7,  39.7308070, -83.7069316,   329.0, 2025, 11, 23, 18, 17, 46,      124,      124,  24,   0,   2.2,   0.9,   2.0,  0,  0, 21,  0,  0,  0, 25, 21, 21,  0,  0,  0,  0,  0,  0,  8,  0,  0,  0,  0,  0,  0,  0,  0,  0,  8, 23, 24,  0,  0, 25,  0
6, 11026, 11,KE8EXM,     5.50, 5,   coast,  -10.79,  93840.00,  642.58,  387.59,   47.79, 22.8, 4.11, 4.07, 4.09,  -1.13,  -1.16,   0.61, 341.41,  19.53,   1.66,  -0.21,  -0.02,   0.36,  18.40, 4.10, 0.00, 0.00, 0.00, 0.00, 1, 1,  7,  39.7308070, -83.7069316,   329.0, 2025, 11, 23, 18, 17, 46,      124,      124,  24,   0,   2.2,   0.9,   2.0,  0,  0, 21,  0,  0,  0, 25, 21, 21,  0,  0,  0,  0,  0,  0,  8,  0,  0,  0,  0,  0,  0,  0,  0,  0,  8, 23, 24,  0,  0, 25,  0
6, 11026, 11,KE8EXM,     5.51, 5,   coast,  -10.79,  93840.00,  642.58,  387.59,   47.68, 22.8, 4.11, 4.07, 4.09,  -1.10,  -1.27,   0.69, 340.07,  19.10,   1.78,  -0.21,  -0.02,   0.36,  18.54, 4.10, 0.00, 0.00, 0.00, 0.00, 1, 1,  7,  39.7308070, -83.7069316,   329.0, 2025, 11, 23, 18, 17, 46,      124,      124,  24,   0,   2.2,   0.9,   2.0,  0,  0, 21,  0,  0,  0, 25, 21, 21,  0,  0,  0,  0,  0,  0,  8,  0,  0,  0,  0,  0,  0,  0,  0,  0,  8, 23, 24,  0,  0, 25,  0
6, 11026, 11,KE8EXM,     5.52, 5,   coast,   -9.81,  93828.00,  643.64,  388.65,   47.56, 22.9, 4.11, 4.07, 4.09,  -1.15,  -1.29,   0.34, 339.95,  19.34,   2.02,  -0.21,  -0.01,   0.36,  18.67, 4.10, 0.00, 0.00, 0.00, 0.00, 1, 1,  7,  39.7308070, -83.7069316,   329.0, 2025, 11, 23, 18, 17, 46,      124,      124,  24,   0,   2.2,   0.9,   2.0,  0,  0, 21,  0,  0,  0, 25, 21, 21,  0,  0,  0,  0,  0,  0,  8,  0,  0,  0,  0,  0,  0,  0,  0,  0,  8, 23, 24,  0,  0, 25,  0
6, 11026, 11,KE8EXM,     5.53, 5,   coast,  -11.28,  93828.00,  643.64,  388.65,   47.45, 22.9, 4.11, 4.07, 4.09,  -1.14,  -1.24,   0.51, 339.89,  19.16,   2.39,  -0.21,  -0.01,   0.36,  18.80, 4.10, 0.00, 0.00, 0.00, 0.00, 1, 1,  7,  39.7308070, -83.7069316,   329.0, 2025, 11, 23, 18, 17, 46,      124,      124,  24,   0,   2.2,   0.9,   2.0,  0,  0, 21,  0,  0,  0, 25, 21, 21,  0,  0,  0,  0,  0,  0,  8,  0,  0,  0,  0,  0,  0,  0,  0,  0,  8, 23, 24,  0,  0, 25,  0
6, 11026, 11,KE8EXM,     5.54, 5,   coast,  -11.77,  93820.00,  644.35,  389.36,   47.34, 22.9, 4.11, 4.07, 4.09,  -1.12,  -0.93,   0.43, 339.76,  19.16,   2.57,  -0.21,  -0.00,   0.36,  18.92, 4.10, 0.00, 0.00, 0.00, 0.00, 1, 1,  7,  39.7308070, -83.7069316,   329.0, 2025, 11, 23, 18, 17, 46,      124,      124,  24,   0,   2.2,   0.9,   2.0,  0,  0, 21,  0,  0,  0, 25, 21, 21,  0,  0,  0,  0,  0,  0,  8,  0,  0,  0,  0,  0,  0,  0,  0,  0,  8, 23, 24,  0,  0, 25,  0
6, 11026, 11,KE8EXM,     5.55, 5,   coast,  -12.75,  93820.00,  644.35,  389.36,   47.23, 22.9, 4.11, 4.07, 4.09,  -1.06,  -1.01,   0.45, 339.58,  19.16,   2.69,  -0.21,   0.00,   0.36,  19.04, 4.10, 0.00, 0.00, 0.00, 0.00, 1, 1,  7,  39.7308070, -83.7069316,   329.0, 2025, 11, 23, 18, 17, 46,      124,      124,  24,   0,   2.2,   0.9,   2.0,  0,  0, 21,  0,  0,  0, 25, 21, 21,  0,  0,  0,  0,  0,  0,  8,  0,  0,  0,  0,  0,  0,  0,  0,  0,  8, 23, 24,  0,  0, 25,  0
6, 11026, 11,KE8EXM,     5.56, 5,   coast,   -9.32,  93801.00,  646.03,  391.04,   47.12, 22.9, 4.11, 4.07, 4.09,  -1.09,  -1.07,   0.48, 338.42,  18.61,   3.49,  -0.21,   0.01,   0.36,  19.15, 4.10, 0.00, 0.00, 0.00, 0.00, 1, 1,  7,  39.7308070, -83.7069316,   329.0, 2025, 11, 23, 18, 17, 46,      124,      124,  24,   0,   2.2,   0.9,   2.0,  0,  0, 21,  0,  0,  0, 25, 21, 21,  0,  0,  0,  0,  0,  0,  8,  0,  0,  0,  0,  0,  0,  0,  0,  0,  8, 23, 24,  0,  0, 25,  0
6, 11026, 11,KE8EXM,     5.57, 5,   coast,  -10.79,  93801.00,  646.03,  391.04,   47.01, 22.9, 4.11, 4.07, 4.09,  -1.11,  -0.92,   0.38, 337.51,  18.43,   3.55,  -0.21,   0.01,   0.36,  19.25, 4.10, 0.00, 0.00, 0.00, 0.00, 1, 1,  7,  39.7308070, -83.7069316,   329.0, 2025, 11, 23, 18, 17, 46,      124,      124,  24,   0,   2.2,   0.9,   2.0,  0,  0, 21,  0,  0,  0, 25, 21, 21,  0,  0,  0,  0,  0,  0,  8,  0,  0,  0,  0,  0,  0,  0,  0,  0,  8, 23, 24,  0,  0, 25,  0
6, 11026, 11,KE8EXM,     5.58, 5,   coast,  -10.30,  93803.00,  645.86,  390.86,   46.90, 22.9, 4.11, 4.07, 4.09,  -1.09,  -1.13,   0.60, 336.59,  18.43,   4.10,  -0.21,   0.02,   0.36,  19.35, 4.10, 0.00, 0.00, 0.00, 0.00, 1, 1,  7,  39.7308070, -83.7069316,   329.0, 2025, 11, 23, 18, 17, 46,      124,      124,  24,   0,   2.2,   0.9,   2.0,  0,  0, 21,  0,  0,  0, 25, 21, 21,  0,  0,  0,  0,  0,  0,  8,  0,  0,  0,  0,  0,  0,  0,  0,  0,  8, 23, 24,  0,  0, 25,  0
6, 11026, 11,KE8EXM,     5.59, 5,   coast,  -12.26,  93803.00,  645.86,  390.86,   46.79, 22.9, 4.11, 4.07, 4.09,  -1.08,  -1.02,   0.49, 336.04,  17.94,   4.10,  -0.21,   0.02,   0.36,  19.45, 4.10, 0.00, 0.00, 0.00, 0.00, 1, 1,  7,  39.7308070, -83.7069316,   329.0, 2025, 11, 23, 18, 17, 46,      124,      124,  24,   0,   2.2,   0.9,   2.0,  0,  0, 21,  0,  0,  0, 25, 21, 21,  0,  0,  0,  0,  0,  0,  8,  0,  0,  0,  0,  0,  0,  0,  0,  0,  8, 23, 24,  0,  0, 25,  0
6, 11026, 11,KE8EXM,     5.60, 5,   coast,  -13.24,  93787.00,  647.27,  392.28,   46.68, 22.9, 4.11, 4.07, 4.09,  -1.07,  -1.09,   0.55, 335.37,  17.45,   4.46,  -0.21,   0.02,   0.36,  19.53, 4.10, 0.00, 0.00, 0.00, 0.00, 1, 1,  7,  39.7308070, -83.7069316,   329.0, 2025, 11, 23, 18, 17, 46,      124,      124,  24,   0,   2.2,   0.9,   2.0,  0,  0, 21,  0,  0,  0, 25, 21, 21,  0,  0,  0,  0,  0,  0,  8,  0,  0,  0,  0,  0,  0,  0,  0,  0,  8, 23, 24,  0,  0, 25,  0
6, 11026, 11,KE8EXM,     5.61, 5,   coast,   -9.32,  93787.00,  647.27,  392.28,   46.57, 22.9, 4.11, 4.07, 4.09,  -1.04,  -1.10,   0.60, 334.76,  17.45,   4.71,  -0.21,   0.03,   0.35,  19.61, 4.10, 0.00, 0.00, 0.00, 0.00, 1, 1,  7,  39.7308070, -83.7069316,   329.0, 2025, 11, 23, 18, 17, 46,      124,      124,  24,   0,   2.2,   0.9,   2.0,  0,  0, 21,  0,  0,  0, 25, 21, 21,  0,  0,  0,  0,  0,  0,  8,  0,  0,  0,  0,  0,  0,  0,  0,  0,  8, 23, 24,  0,  0, 25,  0
6, 11026, 11,KE8EXM,     5.62, 5,   coast,  -12.26,  93771.00,  648.69,  393.70,   46.46, 22.9, 4.11, 4.07, 4.09,  -1.08,  -1.03,   0.45, 334.15,  17.33,   4.65,  -0.21,   0.03,   0.35,  19.68, 4.10, 0.00, 0.00, 0.00, 0.00, 1, 1,  7,  39.7308070, -83.7069316,   329.0, 2025, 11, 23, 18, 17, 46,      124,      124,  24,   0,   2.2,   0.9,   2.0,  0,  0, 21,  0,  0,  0, 25, 21, 21,  0,  0,  0,  0,  0,  0,  8,  0,  0,  0,  0,  0,  0,  0,  0,  0,  8, 23, 24,  0,  0, 25,  0
6, 11026, 11,KE8EXM,     5.63, 5,   coast,   -9.81,  93771.00,  648.69,  393.70,   46.34, 22.9, 4.11, 4.07, 4.09,  -1.06,  -1.09,   0.63, 333.36,  16.66,   5.07,  -0.21,   0.04,   0.35,  19.75, 4.10, 0.00, 0.00, 0.00, 0.00, 1, 1,  7,  39.7308070, -83.7069316,   329.0, 2025, 11, 23, 18, 17, 46,      124,      124,  24,   0,   2.2,   0.9,   2.0,  0,  0, 21,  0,  0,  0, 25, 21, 21,  0,  0,  0,  0,  0,  0,  8,  0,  0,  0,  0,  0,  0,  0,  0,  0,  8, 23, 24,  0,  0, 25,  0
6, 11026, 11,KE8EXM,     5.64, 5,   coast,  -11.28,  93758.00,  649.84,  394.85,   46.23, 22.9, 4.11, 4.07, 4.09,  -1.06,  -1.01,   0.54, 332.50,  16.47,   5.44,  -0.21,   0.04,   0.35,  19.81, 4.10, 0.00, 0.00, 0.00, 0.00, 1, 1,  7,  39.7308070, -83.7069316,   329.0, 2025, 11, 23, 18, 17, 46,      124,      124,  24,   0,   2.2,   0.9,   2.0,  0,  0, 21,  0,  0,  0, 25, 21, 21,  0,  0,  0,  0,  0,  0,  8,  0,  0,  0,  0,  0,  0,  0,  0,  0,  8, 23, 24,  0,  0, 25,  0
6, 11026, 11,KE8EXM,     5.65, 5,   coast,  -13.73,  93758.00,  649.84,  394.85,   46.12, 22.9, 4.11, 4.07, 4.09,  -1.09,  -1.03,   0.47, 331.95,  15.92,   5.50,  -0.20,   0.05,   0.34,  19.87, 4.10, 0.00, 0.00, 0.00, 0.00, 1, 1,  7,  39.7308070, -83.7069316,   329.0, 2025, 11, 23, 18, 17, 46,      124,      124,  24,   0,   2.2,   0.9,   2.0,  0,  0, 21,  0,  0,  0, 25, 21, 21,  0,  0,  0,  0,  0,  0,  8,  0,  0,  0,  0,  0,  0,  0,  0,  0,  8, 23, 24,  0,  0, 25,  0
6, 11026, 11,KE8EXM,     5.66, 5,   coast,  -11.28,  93753.00,  650.29,  395.30,   46.00, 22.9, 4.11, 4.07, 4.09,  -1.10,  -1.05,   0.45, 331.52,  16.11,   5.62,  -0.20,   0.05,   0.34,  19.91, 4.10, 0.00, 0.00, 0.00, 0.00, 1, 1,  7,  39.7308070, -83.7069316,   329.0, 2025, 11, 23, 18, 17, 46,      124,      124,  24,   0,   2.2,   0.9,   2.0,  0,  0, 21,  0,  0,  0, 25, 21, 21,  0,  0,  0,  0,  0,  0,  8,  0,  0,  0,  0,  0,  0,  0,  0,  0,  8, 23, 24,  0,  0, 25,  0
6, 11026, 11,KE8EXM,     5.67, 5,   coast,  -10.30,  93753.00,  650.29,  395.30,   45.89, 22.9, 4.11, 4.07, 4.09,  -1.03,  -1.16,   0.47, 330.73,  15.74,   5.56,  -0.20,   0.06,   0.34,  19.95, 4.10, 0.00, 0.00, 0.00, 0.00, 1, 1,  7,  39.7308070, -83.7069316,   329.0, 2025, 11, 23, 18, 17, 46,      124,      124,  24,   0,   2.2,   0.9,   2.0,  0,  0, 21,  0,  0,  0, 25, 21, 21,  0,  0,  0,  0,  0,  0,  8,  0,  0,  0,  0,  0,  0,  0,  0,  0,  8, 23, 24,  0,  0, 25,  0
6, 11026, 11,KE8EXM,     5.68, 5,   coast,  -12.26,  93745.00,  651.00,  396.00,   45.77, 22.9, 4.11, 4.07, 4.09,  -1.02,  -1.11,   0.42, 329.14,  15.56,   5.62,  -0.20,   0.06,   0.33,  19.98, 4.10, 0.00, 0.00, 0.00, 0.00, 1, 1,  7,  39.7308070, -83.7069316,   329.0, 2025, 11, 23, 18, 17, 46,      124,      124,  24,   0,   2.2,   0.9,   2.0,  0,  0, 21,  0,  0,  0, 25, 21, 21,  0,  0,  0,  0,  0,  0,  8,  0,  0,  0,  0,  0,  0,  0,  0,  0,  8, 23, 24,  0,  0, 25,  0
6, 11026, 11,KE8EXM,     5.69, 5,   coast,  -11.77,  93745.00,  651.00,  396.00,   45.66, 22.9, 4.11, 4.07, 4.09,  -1.02,  -0.97,   0.45, 327.98,  14.83,   5.93,  -0.20,   0.06,   0.33,  20.01, 4.10, 0.00, 0.00, 0.00, 0.00, 1, 1,  7,  39.7308070, -83.7069316,   329.0, 2025, 11, 23, 18, 17, 46,      124,      124,  24,   0,   2.2,   0.9,   2.0,  0,  0, 21,  0,  0,  0, 25, 21, 21,  0,  0,  0,  0,  0,  0,  8,  0,  0,  0,  0,  0,  0,  0,  0,  0,  8, 23, 24,  0,  0, 25,  0
6, 11026, 11,KE8EXM,     5.70, 5,   coast,  -11.77,  93736.00,  651.79,  396.80,   45.54, 22.9, 4.11, 4.07, 4.09,  -1.03,  -1.03,   0.29, 327.01,  15.07,   6.11,  -0.20,   0.07,   0.33,  20.03, 4.10, 0.00, 0.00, 0.00, 0.00, 1, 1,  7,  39.7308070, -83.7069316,   329.0, 2025, 11, 23, 18, 17, 46,      124,      124,  24,   0,   2.2,   0.9,   2.0,  0,  0, 21,  0,  0,  0, 25, 21, 21,  0,  0,  0,  0,  0,  0,  8,  0,  0,  0,  0,  0,  0,  0,  0,  0,  8, 23, 24,  0,  0, 25,  0
6, 11026, 11,KE8EXM,     5.71, 5,   coast,  -11.28,  93736.00,  651.79,  396.80,   45.43, 22.9, 4.11, 4.07, 4.09,  -1.01,  -1.08,   0.31, 326.15,  14.83,   6.11,  -0.20,   0.07,   0.33,  20.05, 4.10, 0.00, 0.00, 0.00, 0.00, 1, 1,  7,  39.7308070, -83.7069316,   329.0, 2025, 11, 23, 18, 17, 46,      124,      124,  24,   0,   2.2,   0.9,   2.0,  0,  0, 21,  0,  0,  0, 25, 21, 21,  0,  0,  0,  0,  0,  0,  8,  0,  0,  0,  0,  0,  0,  0,  0,  0,  8, 23, 24,  0,  0, 25,  0
6, 11026, 11,KE8EXM,     5.72, 5,   coast,  -10.79,  93724.00,  652.86,  397.87,   45.32, 22.9, 4.11, 4.07, 4.09,  -1.01,  -1.08,   0.35, 325.24,  14.46,   5.93,  -0.20,   0.07,   0.33,  20.05, 4.10, 0.00, 0.00, 0.00, 0.00, 1, 1,  7,  39.7308070, -83.7069316,   329.0, 2025, 11, 23, 18, 17, 46,      124,      124,  24,   0,   2.2,   0.9,   2.0,  0,  0, 21,  0,  0,  0, 25, 21, 21,  0,  0,  0,  0,  0,  0,  8,  0,  0,  0,  0,  0,  0,  0,  0,  0,  8, 23, 24,  0,  0, 25,  0
6, 11026, 11,KE8EXM,     5.73, 5,   coast,  -10.30,  93724.00,  652.86,  397.87,   45.21, 22.9, 4.11, 4.07, 4.09,  -1.02,  -1.11,   0.31, 324.32,  14.28,   5.81,  -0.20,   0.07,   0.32,  20.05, 4.10, 0.00, 0.00, 0.00, 0.00, 1, 1,  7,  39.7308070, -83.7069316,   329.0, 2025, 11, 23, 18, 17, 46,      124,      124,  24,   0,   2.2,   0.9,   2.0,  0,  0, 21,  0,  0,  0, 25, 21, 21,  0,  0,  0,  0,  0,  0,  8,  0,  0,  0,  0,  0,  0,  0,  0,  0,  8, 23, 24,  0,  0, 25,  0
6, 11026, 11,KE8EXM,     5.74, 5,   coast,  -11.77,  93718.00,  653.39,  398.40,   45.10, 22.9, 4.11, 4.07, 4.09,  -0.97,  -1.02,   0.40, 323.90,  13.85,   5.74,  -0.20,   0.07,   0.31,  20.04, 4.10, 0.00, 0.00, 0.00, 0.00, 1, 1,  7,  39.7308070, -83.7069316,   329.0, 2025, 11, 23, 18, 17, 46,      124,      124,  24,   0,   2.2,   0.9,   2.0,  0,  0, 21,  0,  0,  0, 25, 21, 21,  0,  0,  0,  0,  0,  0,  8,  0,  0,  0,  0,  0,  0,  0,  0,  0,  8, 23, 24,  0,  0, 25,  0
6, 11026, 11,KE8EXM,     5.75, 5,   coast,  -10.79,  93718.00,  653.39,  398.40,   44.99, 22.9, 4.11, 4.07, 4.09,  -1.04,  -1.01,   0.33, 322.55,  13.30,   6.11,  -0.20,   0.08,   0.31,  20.03, 4.10, 0.00, 0.00, 0.00, 0.00, 1, 1,  7,  39.7308070, -83.7069316,   329.0, 2025, 11, 23, 18, 17, 46,      124,      124,  24,   0,   2.2,   0.9,   2.0,  0,  0, 21,  0,  0,  0, 25, 21, 21,  0,  0,  0,  0,  0,  0,  8,  0,  0,  0,  0,  0,  0,  0,  0,  0,  8, 23, 24,  0,  0, 25,  0
6, 11026, 11,KE8EXM,     5.76, 5,   coast,  -10.30,  93704.00,  654.63,  399.64,   44.89, 22.9, 4.11, 4.07, 4.09,  -0.98,  -1.19,   0.50, 322.25,  13.36,   5.87,  -0.20,   0.08,   0.31,  20.01, 4.10, 0.00, 0.00, 0.00, 0.00, 1, 1,  7,  39.7308070, -83.7069316,   329.0, 2025, 11, 23, 18, 17, 46,      124,      124,  24,   0,   2.2,   0.9,   2.0,  0,  0, 21,  0,  0,  0, 25, 21, 21,  0,  0,  0,  0,  0,  0,  8,  0,  0,  0,  0,  0,  0,  0,  0,  0,  8, 23, 24,  0,  0, 25,  0
6, 11026, 11,KE8EXM,     5.77, 5,   coast,  -10.30,  93704.00,  654.63,  399.64,   44.78, 22.9, 4.11, 4.07, 4.09,  -0.99,  -1.24,   0.33, 321.58,  12.99,   5.81,  -0.20,   0.08,   0.30,  19.98, 4.10, 0.00, 0.00, 0.00, 0.00, 1, 1,  7,  39.7308070, -83.7069316,   329.0, 2025, 11, 23, 18, 17, 46,      124,      124,  24,   0,   2.2,   0.9,   2.0,  0,  0, 21,  0,  0,  0, 25, 21, 21,  0,  0,  0,  0,  0,  0,  8,  0,  0,  0,  0,  0,  0,  0,  0,  0,  8, 23, 24,  0,  0, 25,  0
6, 11026, 11,KE8EXM,     5.78, 5,   coast,   -9.81,  93701.00,  654.90,  399.91,   44.68, 22.9, 4.10, 4.07, 4.08,  -0.98,  -1.16,   0.30, 321.70,  12.87,   5.74,  -0.20,   0.08,   0.30,  19.95, 4.11, 0.00, 0.00, 0.00, 0.00, 1, 1,  7,  39.7308070, -83.7069316,   329.0, 2025, 11, 23, 18, 17, 46,      124,      124,  24,   0,   2.2,   0.9,   2.0,  0,  0, 21,  0,  0,  0, 25, 21, 21,  0,  0,  0,  0,  0,  0,  8,  0,  0,  0,  0,  0,  0,  0,  0,  0,  8, 23, 24,  0,  0, 25,  0
6, 11026, 11,KE8EXM,     5.78, 5,   coast,   -9.81,  93701.00,  654.90,  399.91,   44.68, 22.9, 4.10, 4.07, 4.08,  -0.98,  -1.16,   0.30, 321.70,  12.87,   5.74,  -0.20,   0.08,   0.30,  19.95, 4.11, 0.00, 0.00, 0.00, 0.00, 1, 1,  7,  39.7308070, -83.7069316,   329.0, 2025, 11, 23, 18, 17, 46,      124,      124,  24,   0,   2.2,   0.9,   2.0,  0,  0, 21,  0,  0,  0, 25, 21, 21,  0,  0,  0,  0,  0,  0,  8,  0,  0,  0,  0,  0,  0,  0,  0,  0,  8, 23, 24,  0,  0, 25,  0
6, 11026, 11,KE8EXM,     5.79, 5,   coast,  -10.30,  93701.00,  654.90,  399.91,   44.58, 22.9, 4.10, 4.07, 4.08,  -1.00,  -1.02,  -0.02, 321.76,  12.69,   5.44,  -0.20,   0.08,   0.29,  19.91, 4.11, 0.00, 0.00, 0.00, 0.00, 1, 1,  7,  39.7308070, -83.7069316,   329.0, 2025, 11, 23, 18, 17, 46,      124,      124,  24,   0,   2.2,   0.9,   2.0,  0,  0, 21,  0,  0,  0, 25, 21, 21,  0,  0,  0,  0,  0,  0,  8,  0,  0,  0,  0,  0,  0,  0,  0,  0,  8, 23, 24,  0,  0, 25,  0
6, 11026, 11,KE8EXM,     5.80, 5,   coast,  -10.30,  93687.00,  656.14,  401.15,   44.47, 22.9, 4.10, 4.07, 4.08,  -0.97,  -1.16,   0.28, 321.21,  12.57,   5.44,  -0.20,   0.08,   0.29,  19.86, 4.11, 0.00, 0.00, 0.00, 0.00, 1, 1,  7,  39.7308070, -83.7069316,   329.0, 2025, 11, 23, 18, 17, 46,      124,      124,  24,   0,   2.2,   0.9,   2.0,  0,  0, 21,  0,  0,  0, 25, 21, 21,  0,  0,  0,  0,  0,  0,  8,  0,  0,  0,  0,  0,  0,  0,  0,  0,  8, 23, 24,  0,  0, 25,  0
6, 11026, 11,KE8EXM,     5.81, 5,   coast,  -10.79,  93687.00,  656.14,  401.15,   44.37, 22.9, 4.10, 4.07, 4.08,  -1.01,  -1.12,   0.16, 320.97,  12.63,   5.44,  -0.20,   0.08,   0.29,  19.81, 4.11, 0.00, 0.00, 0.00, 0.00, 1, 1,  7,  39.7308070, -83.7069316,   329.0, 2025, 11, 23, 18, 17, 46,      124,      124,  24,   0,   2.2,   0.9,   2.0,  0,  0, 21,  0,  0,  0, 25, 21, 21,  0,  0,  0,  0,  0,  0,  8,  0,  0,  0,  0,  0,  0,  0,  0,  0,  8, 23, 24,  0,  0, 25,  0
6, 11026, 11,KE8EXM,     5.82, 5,   coast,  -10.79,  93671.00,  657.56,  402.57,   44.26, 22.9, 4.10, 4.07, 4.08,  -0.95,  -1.14,   0.22, 319.99,  12.32,   5.38,  -0.20,   0.09,   0.28,  19.75, 4.11, 0.00, 0.00, 0.00, 0.00, 1, 1,  7,  39.7308070, -83.7069316,   329.0, 2025, 11, 23, 18, 17, 46,      124,      124,  24,   0,   2.2,   0.9,   2.0,  0,  0, 21,  0,  0,  0, 25, 21, 21,  0,  0,  0,  0,  0,  0,  8,  0,  0,  0,  0,  0,  0,  0,  0,  0,  8, 23, 24,  0,  0, 25,  0
6, 11026, 11,KE8EXM,     5.83, 5,   coast,  -12.26,  93671.00,  657.56,  402.57,   44.15, 22.9, 4.10, 4.07, 4.08,  -0.94,  -1.14,   0.17, 319.62,  12.32,   5.20,  -0.20,   0.08,   0.28,  19.69, 4.11, 0.00, 0.00, 0.00, 0.00, 1, 1,  7,  39.7308070, -83.7069316,   329.0, 2025, 11, 23, 18, 17, 46,      124,      124,  24,   0,   2.2,   0.9,   2.0,  0,  0, 21,  0,  0,  0, 25, 21, 21,  0,  0,  0,  0,  0,  0,  8,  0,  0,  0,  0,  0,  0,  0,  0,  0,  8, 23, 24,  0,  0, 25,  0
6, 11026, 11,KE8EXM,     5.84, 5,   coast,  -11.28,  93662.00,  658.36,  403.37,   44.04, 22.9, 4.10, 4.07, 4.08,  -0.96,  -1.27,   0.07, 319.56,  12.08,   5.13,  -0.20,   0.08,   0.28,  19.62, 4.11, 0.00, 0.00, 0.00, 0.00, 1, 1,  7,  39.7308070, -83.7069316,   329.0, 2025, 11, 23, 18, 17, 46,      124,      124,  24,   0,   2.2,   0.9,   2.0,  0,  0, 21,  0,  0,  0, 25, 21, 21,  0,  0,  0,  0,  0,  0,  8,  0,  0,  0,  0,  0,  0,  0,  0,  0,  8, 23, 24,  0,  0, 25,  0
6, 11026, 11,KE8EXM,     5.85, 5,   coast,   -9.81,  93662.00,  658.36,  403.37,   43.93, 22.9, 4.10, 4.07, 4.08,  -0.94,  -1.19,   0.14, 319.01,  12.38,   4.77,  -0.20,   0.08,   0.27,  19.54, 4.11, 0.00, 0.00, 0.00, 0.00, 1, 1,  7,  39.7308070, -83.7069316,   329.0, 2025, 11, 23, 18, 17, 46,      124,      124,  24,   0,   2.2,   0.9,   2.0,  0,  0, 21,  0,  0,  0, 25, 21, 21,  0,  0,  0,  0,  0,  0,  8,  0,  0,  0,  0,  0,  0,  0,  0,  0,  8, 23, 24,  0,  0, 25,  0
6, 11026, 11,KE8EXM,     5.86, 5,   coast,  -11.77,  93664.00,  658.18,  403.19,   43.82, 22.9, 4.10, 4.07, 4.08,  -0.93,  -1.25,  -0.01, 319.01,  12.20,   4.77,  -0.20,   0.08,   0.26,  19.46, 4.11, 0.00, 0.00, 0.00, 0.00, 1, 1,  7,  39.7308070, -83.7069316,   329.0, 2025, 11, 23, 18, 17, 46,      124,      124,  24,   0,   2.2,   0.9,   2.0,  0,  0, 21,  0,  0,  0, 25, 21, 21,  0,  0,  0,  0,  0,  0,  8,  0,  0,  0,  0,  0,  0,  0,  0,  0,  8, 23, 24,  0,  0, 25,  0
6, 11026, 11,KE8EXM,     5.87, 5,   coast,  -11.28,  93664.00,  658.18,  403.19,   43.71, 22.9, 4.10, 4.07, 4.08,  -0.95,  -1.12,   0.06, 319.07,  12.26,   4.83,  -0.20,   0.08,   0.26,  19.37, 4.11, 0.00, 0.00, 0.00, 0.00, 1, 1,  7,  39.7308070, -83.7069316,   329.0, 2025, 11, 23, 18, 17, 46,      124,      124,  24,   0,   2.2,   0.9,   2.0,  0,  0, 21,  0,  0,  0, 25, 21, 21,  0,  0,  0,  0,  0,  0,  8,  0,  0,  0,  0,  0,  0,  0,  0,  0,  8, 23, 24,  0,  0, 25,  0
6, 11026, 11,KE8EXM,     5.88, 5,   coast,  -10.30,  93651.00,  659.33,  404.34,   43.60, 22.9, 4.10, 4.07, 4.08,  -0.94,  -1.11,   0.04, 318.28,  12.20,   4.52,  -0.20,   0.08,   0.26,  19.28, 4.11, 0.00, 0.00, 0.00, 0.00, 1, 1,  7,  39.7308070, -83.7069316,   329.0, 2025, 11, 23, 18, 17, 46,      124,      124,  24,   0,   2.2,   0.9,   2.0,  0,  0, 21,  0,  0,  0, 25, 21, 21,  0,  0,  0,  0,  0,  0,  8,  0,  0,  0,  0,  0,  0,  0,  0,  0,  8, 23, 24,  0,  0, 25,  0
6, 11026, 11,KE8EXM,     5.89, 5,   coast,  -11.77,  93651.00,  659.33,  404.34,   43.49, 22.9, 4.10, 4.07, 4.08,  -0.95,  -1.19,   0.04, 318.65,  12.45,   4.52,  -0.20,   0.08,   0.25,  19.18, 4.11, 0.00, 0.00, 0.00, 0.00, 1, 1,  7,  39.7308070, -83.7069316,   329.0, 2025, 11, 23, 18, 17, 46,      124,      124,  24,   0,   2.2,   0.9,   2.0,  0,  0, 21,  0,  0,  0, 25, 21, 21,  0,  0,  0,  0,  0,  0,  8,  0,  0,  0,  0,  0,  0,  0,  0,  0,  8, 23, 24,  0,  0, 25,  0
6, 11026, 11,KE8EXM,     5.90, 5,   coast,   -9.81,  93634.00,  660.84,  405.85,   43.38, 22.9, 4.10, 4.07, 4.08,  -0.95,  -1.18,   0.00, 318.59,  12.32,   4.34,  -0.20,   0.08,   0.25,  19.08, 4.11, 0.00, 0.00, 0.00, 0.00, 1, 1,  7,  39.7308070, -83.7069316,   329.0, 2025, 11, 23, 18, 17, 46,      124,      124,  24,   0,   2.2,   0.9,   2.0,  0,  0, 21,  0,  0,  0, 25, 21, 21,  0,  0,  0,  0,  0,  0,  8,  0,  0,  0,  0,  0,  0,  0,  0,  0,  8, 23, 24,  0,  0, 25,  0
6, 11026, 11,KE8EXM,     5.91, 5,   coast,  -10.79,  93634.00,  660.84,  405.85,   43.28, 22.9, 4.10, 4.07, 4.08,  -0.91,  -1.31,  -0.06, 317.91,  12.51,   4.16,  -0.20,   0.08,   0.25,  18.97, 4.11, 0.00, 0.00, 0.00, 0.00, 1, 1,  7,  39.7308070, -83.7069316,   329.0, 2025, 11, 23, 18, 17, 46,      124,      124,  24,   0,   2.2,   0.9,   2.0,  0,  0, 21,  0,  0,  0, 25, 21, 21,  0,  0,  0,  0,  0,  0,  8,  0,  0,  0,  0,  0,  0,  0,  0,  0,  8, 23, 24,  0,  0, 25,  0
6, 11026, 11,KE8EXM,     5.92, 5,   coast,  -11.28,  93628.00,  661.37,  406.38,   43.17, 22.9, 4.10, 4.07, 4.08,  -0.93,  -1.06,  -0.11, 317.67,  12.69,   4.04,  -0.20,   0.08,   0.24,  18.85, 4.11, 0.00, 0.00, 0.00, 0.00, 1, 1,  7,  39.7308070, -83.7069316,   329.0, 2025, 11, 23, 18, 17, 46,      124,      124,  24,   0,   2.2,   0.9,   2.0,  0,  0, 21,  0,  0,  0, 25, 21, 21,  0,  0,  0,  0,  0,  0,  8,  0,  0,  0,  0,  0,  0,  0,  0,  0,  8, 23, 24,  0,  0, 25,  0
6, 11026, 11,KE8EXM,     5.93, 5,   coast,  -12.26,  93628.00,  661.37,  406.38,   43.06, 22.9, 4.10, 4.07, 4.08,  -0.91,  -1.03,  -0.01, 317.85,  12.63,   3.79,  -0.20,   0.08,   0.24,  18.73, 4.11, 0.00, 0.00, 0.00, 0.00, 1, 1,  7,  39.7308070, -83.7069316,   329.0, 2025, 11, 23, 18, 17, 46,      124,      124,  24,   0,   2.2,   0.9,   2.0,  0,  0, 21,  0,  0,  0, 25, 21, 21,  0,  0,  0,  0,  0,  0,  8,  0,  0,  0,  0,  0,  0,  0,  0,  0,  8, 23, 24,  0,  0, 25,  0
6, 11026, 11,KE8EXM,     5.94, 5,   coast,  -11.28,  93622.00,  661.91,  406.91,   42.95, 22.9, 4.10, 4.07, 4.08,  -0.93,  -1.00,  -0.04, 317.30,  12.81,   3.61,  -0.20,   0.07,   0.23,  18.61, 4.11, 0.00, 0.00, 0.00, 0.00, 1, 1,  7,  39.7308070, -83.7069316,   329.0, 2025, 11, 23, 18, 17, 46,      124,      124,  24,   0,   2.2,   0.9,   2.0,  0,  0, 21,  0,  0,  0, 25, 21, 21,  0,  0,  0,  0,  0,  0,  8,  0,  0,  0,  0,  0,  0,  0,  0,  0,  8, 23, 24,  0,  0, 25,  0
6, 11026, 11,KE8EXM,     5.95, 5,   coast,   -9.81,  93622.00,  661.91,  406.91,   42.84, 22.9, 4.10, 4.07, 4.08,  -0.90,  -0.99,   0.09, 316.63,  12.63,   3.85,  -0.20,   0.07,   0.23,  18.49, 4.11, 0.00, 0.00, 0.00, 0.00, 1, 1,  7,  39.7308070, -83.7069316,   329.0, 2025, 11, 23, 18, 17, 46,      124,      124,  24,   0,   2.2,   0.9,   2.0,  0,  0, 21,  0,  0,  0, 25, 21, 21,  0,  0,  0,  0,  0,  0,  8,  0,  0,  0,  0,  0,  0,  0,  0,  0,  8, 23, 24,  0,  0, 25,  0
6, 11026, 11,KE8EXM,     5.96, 5,   coast,   -9.81,  93615.00,  662.53,  407.54,   42.73, 22.9, 4.10, 4.07, 4.08,  -0.88,  -0.97,   0.05, 316.08,  12.93,   3.91,  -0.21,   0.07,   0.23,  18.36, 4.11, 0.00, 0.00, 0.00, 0.00, 1, 1,  7,  39.7308070, -83.7069316,   329.0, 2025, 11, 23, 18, 17, 46,      124,      124,  24,   0,   2.2,   0.9,   2.0,  0,  0, 21,  0,  0,  0, 25, 21, 21,  0,  0,  0,  0,  0,  0,  8,  0,  0,  0,  0,  0,  0,  0,  0,  0,  8, 23, 24,  0,  0, 25,  0
6, 11026, 11,KE8EXM,     5.97, 5,   coast,  -11.28,  93615.00,  662.53,  407.54,   42.62, 22.9, 4.10, 4.07, 4.08,  -0.91,  -0.98,   0.07, 316.02,  13.36,   3.79,  -0.21,   0.06,   0.22,  18.22, 4.11, 0.00, 0.00, 0.00, 0.00, 1, 1,  7,  39.7308070, -83.7069316,   329.0, 2025, 11, 23, 18, 17, 46,      124,      124,  24,   0,   2.2,   0.9,   2.0,  0,  0, 21,  0,  0,  0, 25, 21, 21,  0,  0,  0,  0,  0,  0,  8,  0,  0,  0,  0,  0,  0,  0,  0,  0,  8, 23, 24,  0,  0, 25,  0
6, 11026, 11,KE8EXM,     5.98, 5,   coast,  -12.26,  93602.00,  663.68,  408.69,   42.51, 22.9, 4.10, 4.07, 4.08,  -0.91,  -0.98,   0.02, 315.78,  13.06,   3.97,  -0.21,   0.06,   0.22,  18.09, 4.11, 0.00, 0.00, 0.00, 0.00, 1, 1,  7,  39.7308070, -83.7069316,   329.0, 2025, 11, 23, 18, 17, 46,      124,      124,  24,   0,   2.2,   0.9,   2.0,  0,  0, 21,  0,  0,  0, 25, 21, 21,  0,  0,  0,  0,  0,  0,  8,  0,  0,  0,  0,  0,  0,  0,  0,  0,  8, 23, 24,  0,  0, 25,  0
6, 11026, 11,KE8EXM,     5.99, 5,   coast,   -9.81,  93602.00,  663.68,  408.69,   42.40, 22.9, 4.10, 4.07, 4.08,  -0.91,  -0.93,  -0.07, 314.80,  13.54,   4.10,  -0.21,   0.06,   0.22,  17.95, 4.11, 0.00, 0.00, 0.00, 0.00, 1, 1,  7,  39.7308070, -83.7069316,   329.0, 2025, 11, 23, 18, 17, 46,      124,      124,  24,   0,   2.2,   0.9,   2.0,  0,  0, 21,  0,  0,  0, 25, 21, 21,  0,  0,  0,  0,  0,  0,  8,  0,  0,  0,  0,  0,  0,  0,  0,  0,  8, 23, 24,  0,  0, 25,  0
6, 11026, 11,KE8EXM,     6.00, 5,   coast,  -11.28,  93594.00,  664.39,  409.40,   42.29, 22.9, 4.10, 4.07, 4.08,  -0.91,  -0.94,   0.09, 314.50,  13.61,   3.85,  -0.21,   0.05,   0.22,  17.81, 4.11, 0.00, 0.00, 0.00, 0.00, 1, 1,  7,  39.7308070, -83.7069316,   329.0, 2025, 11, 23, 18, 17, 46,      124,      124,  24,   0,   2.2,   0.9,   2.0,  0,  0, 21,  0,  0,  0, 25, 21, 21,  0,  0,  0,  0,  0,  0,  8,  0,  0,  0,  0,  0,  0,  0,  0,  0,  8, 23, 24,  0,  0, 25,  0
6, 11026, 11,KE8EXM,     6.01, 5,   coast,  -12.26,  93594.00,  664.39,  409.40,   42.18, 22.9, 4.10, 4.07, 4.08,  -0.86,  -0.95,   0.09, 314.19,  13.54,   3.91,  -0.21,   0.05,   0.21,  17.66, 4.11, 0.00, 0.00, 0.00, 0.00, 1, 1,  7,  39.7308070, -83.7069316,   329.0, 2025, 11, 23, 18, 17, 46,      124,      124,  24,   0,   2.2,   0.9,   2.0,  0,  0, 21,  0,  0,  0, 25, 21, 21,  0,  0,  0,  0,  0,  0,  8,  0,  0,  0,  0,  0,  0,  0,  0,  0,  8, 23, 24,  0,  0, 25,  0
6, 11026, 11,KE8EXM,     6.02, 5,   coast,  -11.28,  93591.00,  664.66,  409.67,   42.07, 22.9, 4.10, 4.07, 4.08,  -0.86,  -0.98,   0.11, 313.28,  13.30,   4.10,  -0.21,   0.05,   0.21,  17.53, 4.11, 0.00, 0.00, 0.00, 0.00, 1, 1,  7,  39.7308070, -83.7069316,   329.0, 2025, 11, 23, 18, 17, 46,      124,      124,  24,   0,   2.2,   0.9,   2.0,  0,  0, 21,  0,  0,  0, 25, 21, 21,  0,  0,  0,  0,  0,  0,  8,  0,  0,  0,  0,  0,  0,  0,  0,  0,  8, 23, 24,  0,  0, 25,  0
6, 11026, 11,KE8EXM,     6.03, 5,   coast,  -11.28,  93591.00,  664.66,  409.67,   41.96, 22.9, 4.10, 4.07, 4.08,  -0.90,  -1.00,   0.14, 312.79,  13.61,   3.91,  -0.21,   0.04,   0.21,  17.38, 4.11, 0.00, 0.00, 0.00, 0.00, 1, 1,  7,  39.7308070, -83.7069316,   329.0, 2025, 11, 23, 18, 17, 46,      124,      124,  24,   0,   2.2,   0.9,   2.0,  0,  0, 21,  0,  0,  0, 25, 21, 21,  0,  0,  0,  0,  0,  0,  8,  0,  0,  0,  0,  0,  0,  0,  0,  0,  8, 23, 24,  0,  0, 25,  0
6, 11026, 11,KE8EXM,     6.04, 5,   coast,   -9.81,  93571.00,  666.43,  411.44,   41.85, 22.9, 4.10, 4.07, 4.08,  -0.80,  -0.96,   0.17, 312.79,  13.85,   4.16,  -0.21,   0.04,   0.21,  17.24, 4.11, 0.00, 0.00, 0.00, 0.00, 1, 1,  7,  39.7308070, -83.7069316,   329.0, 2025, 11, 23, 18, 17, 46,      124,      124,  24,   0,   2.2,   0.9,   2.0,  0,  0, 21,  0,  0,  0, 25, 21, 21,  0,  0,  0,  0,  0,  0,  8,  0,  0,  0,  0,  0,  0,  0,  0,  0,  8, 23, 24,  0,  0, 25,  0
6, 11026, 11,KE8EXM,     6.05, 5,   coast,  -10.30,  93571.00,  666.43,  411.44,   41.74, 22.9, 4.10, 4.07, 4.08,  -0.89,  -1.00,   0.18, 312.79,  13.42,   4.16,  -0.21,   0.04,   0.20,  17.10, 4.11, 0.00, 0.00, 0.00, 0.00, 1, 1,  7,  39.7308070, -83.7069316,   329.0, 2025, 11, 23, 18, 17, 46,      124,      124,  24,   0,   2.2,   0.9,   2.0,  0,  0, 21,  0,  0,  0, 25, 21, 21,  0,  0,  0,  0,  0,  0,  8,  0,  0,  0,  0,  0,  0,  0,  0,  0,  8, 23, 24,  0,  0, 25,  0
6, 11026, 11,KE8EXM,     6.06, 5,   coast,  -12.26,  93568.00,  666.70,  411.71,   41.63, 22.9, 4.10, 4.07, 4.08,  -0.82,  -0.97,   0.15, 311.57,  13.48,   4.28,  -0.21,   0.04,   0.20,  16.97, 4.11, 0.00, 0.00, 0.00, 0.00, 1, 1,  7,  39.7308070, -83.7069316,   329.0, 2025, 11, 23, 18, 17, 46,      124,      124,  24,   0,   2.2,   0.9,   2.0,  0,  0, 21,  0,  0,  0, 25, 21, 21,  0,  0,  0,  0,  0,  0,  8,  0,  0,  0,  0,  0,  0,  0,  0,  0,  8, 23, 24,  0,  0, 25,  0
6, 11026, 11,KE8EXM,     6.07, 5,   coast,  -11.77,  93568.00,  666.70,  411.71,   41.52, 22.9, 4.10, 4.07, 4.08,  -0.84,  -0.94,   0.18, 311.44,  13.12,   4.46,  -0.21,   0.03,   0.20,  16.83, 4.11, 0.00, 0.00, 0.00, 0.00, 1, 1,  7,  39.7308070, -83.7069316,   329.0, 2025, 11, 23, 18, 17, 46,      124,      124,  24,   0,   2.2,   0.9,   2.0,  0,  0, 21,  0,  0,  0, 25, 21, 21,  0,  0,  0,  0,  0,  0,  8,  0,  0,  0,  0,  0,  0,  0,  0,  0,  8, 23, 24,  0,  0, 25,  0
6, 11026, 11,KE8EXM,     6.08, 5,   coast,  -10.30,  93559.00,  667.50,  412.51,   41.41, 22.9, 4.10, 4.07, 4.08,  -0.86,  -1.02,   0.18, 311.20,  13.54,   4.34,  -0.21,   0.03,   0.20,  16.70, 4.11, 0.00, 0.00, 0.00, 0.00, 1, 1,  7,  39.7308070, -83.7069316,   329.0, 2025, 11, 23, 18, 17, 46,      124,      124,  24,   0,   2.2,   0.9,   2.0,  0,  0, 21,  0,  0,  0, 25, 21, 21,  0,  0,  0,  0,  0,  0,  8,  0,  0,  0,  0,  0,  0,  0,  0,  0,  8, 23, 24,  0,  0, 25,  0
6, 11026, 11,KE8EXM,     6.09, 5,   coast,   -9.81,  93559.00,  667.50,  412.51,   41.30, 22.9, 4.10, 4.07, 4.08,  -0.80,  -0.91,   0.15, 310.41,  13.36,   4.34,  -0.21,   0.02,   0.20,  16.57, 4.11, 0.00, 0.00, 0.00, 0.00, 1, 1,  7,  39.7308070, -83.7069316,   329.0, 2025, 11, 23, 18, 17, 46,      124,      124,  24,   0,   2.2,   0.9,   2.0,  0,  0, 21,  0,  0,  0, 25, 21, 21,  0,  0,  0,  0,  0,  0,  8,  0,  0,  0,  0,  0,  0,  0,  0,  0,  8, 23, 24,  0,  0, 25,  0
6, 11026, 11,KE8EXM,     6.10, 5,   coast,  -11.77,  93551.00,  668.21,  413.22,   41.19, 22.9, 4.09, 4.07, 4.10,  -0.83,  -1.09,   0.14, 310.22,  13.73,   4.16,  -0.21,   0.02,   0.20,  16.44, 4.10, 0.00, 0.00, 0.00, 0.00, 1, 1,  7,  39.7308070, -83.7069316,   329.0, 2025, 11, 23, 18, 17, 46,      124,      124,  24,   0,   2.2,   0.9,   2.0,  0,  0, 21,  0,  0,  0, 25, 21, 21,  0,  0,  0,  0,  0,  0,  8,  0,  0,  0,  0,  0,  0,  0,  0,  0,  8, 23, 24,  0,  0, 25,  0
6, 11026, 11,KE8EXM,     6.10, 5,   coast,  -11.77,  93551.00,  668.21,  413.22,   41.19, 22.9, 4.09, 4.07, 4.10,  -0.83,  -1.09,   0.14, 310.22,  13.73,   4.16,  -0.21,   0.02,   0.20,  16.44, 4.10, 0.00, 0.00, 0.00, 0.00, 1, 1,  7,  39.7308070, -83.7069316,   329.0, 2025, 11, 23, 18, 17, 46,      124,      124,  24,   0,   2.2,   0.9,   2.0,  0,  0, 21,  0,  0,  0, 25, 21, 21,  0,  0,  0,  0,  0,  0,  8,  0,  0,  0,  0,  0,  0,  0,  0,  0,  8, 23, 24,  0,  0, 25,  0
6, 11026, 11,KE8EXM,     6.11, 5,   coast,  -12.26,  93551.00,  668.21,  413.22,   41.08, 22.9, 4.09, 4.07, 4.10,  -0.81,  -1.01,   0.10, 310.10,  13.42,   4.34,  -0.21,   0.01,   0.20,  16.32, 4.10, 0.00, 0.00, 0.00, 0.00, 1, 1,  7,  39.7308070, -83.7069316,   329.0, 2025, 11, 23, 18, 17, 46,      124,      124,  24,   0,   2.2,   0.9,   2.0,  0,  0, 21,  0,  0,  0, 25, 21, 21,  0,  0,  0,  0,  0,  0,  8,  0,  0,  0,  0,  0,  0,  0,  0,  0,  8, 23, 24,  0,  0, 25,  0
6, 11026, 11,KE8EXM,     6.12, 5,   coast,  -10.79,  93541.00,  669.10,  414.11,   40.97, 22.9, 4.09, 4.07, 4.10,  -0.84,  -1.03,   0.12, 309.67,  13.48,   4.46,  -0.21,   0.01,   0.20,  16.20, 4.10, 0.00, 0.00, 0.00, 0.00, 1, 1,  7,  39.7308070, -83.7069316,   329.0, 2025, 11, 23, 18, 17, 46,      124,      124,  24,   0,   2.2,   0.9,   2.0,  0,  0, 21,  0,  0,  0, 25, 21, 21,  0,  0,  0,  0,  0,  0,  8,  0,  0,  0,  0,  0,  0,  0,  0,  0,  8, 23, 24,  0,  0, 25,  0
6, 11026, 11,KE8EXM,     6.13, 5,   coast,   -9.81,  93541.00,  669.10,  414.11,   40.86, 22.9, 4.09, 4.07, 4.10,  -0.87,  -1.07,   0.14, 308.64,  13.54,   4.52,  -0.21,   0.01,   0.20,  16.09, 4.10, 0.00, 0.00, 0.00, 0.00, 1, 1,  7,  39.7308070, -83.7069316,   329.0, 2025, 11, 23, 18, 17, 46,      124,      124,  24,   0,   2.2,   0.9,   2.0,  0,  0, 21,  0,  0,  0, 25, 21, 21,  0,  0,  0,  0,  0,  0,  8,  0,  0,  0,  0,  0,  0,  0,  0,  0,  8, 23, 24,  0,  0, 25,  0
6, 11026, 11,KE8EXM,     6.14, 5,   coast,  -10.79,  93537.00,  669.45,  414.46,   40.76, 22.9, 4.09, 4.07, 4.10,  -0.85,  -0.98,   0.22, 308.51,  13.36,   4.28,  -0.21,   0.00,   0.20,  15.98, 4.10, 0.00, 0.00, 0.00, 0.00, 1, 1,  7,  39.7308070, -83.7069316,   329.0, 2025, 11, 23, 18, 17, 46,      124,      124,  24,   0,   2.2,   0.9,   2.0,  0,  0, 21,  0,  0,  0, 25, 21, 21,  0,  0,  0,  0,  0,  0,  8,  0,  0,  0,  0,  0,  0,  0,  0,  0,  8, 23, 24,  0,  0, 25,  0
6, 11026, 11,KE8EXM,     6.15, 5,   coast,  -11.28,  93537.00,  669.45,  414.46,   40.65, 22.9, 4.09, 4.07, 4.10,  -0.84,  -1.10,   0.18, 308.21,  13.48,   4.34,  -0.21,   0.00,   0.20,  15.87, 4.10, 0.00, 0.00, 0.00, 0.00, 1, 1,  7,  39.7308070, -83.7069316,   329.0, 2025, 11, 23, 18, 17, 46,      124,      124,  24,   0,   2.2,   0.9,   2.0,  0,  0, 21,  0,  0,  0, 25, 21, 21,  0,  0,  0,  0,  0,  0,  8,  0,  0,  0,  0,  0,  0,  0,  0,  0,  8, 23, 24,  0,  0, 25,  0
6, 11026, 11,KE8EXM,     6.16, 5,   coast,  -10.79,  93528.00,  670.25,  415.26,   40.54, 22.9, 4.09, 4.07, 4.10,  -0.83,  -1.03,   0.08, 308.21,  13.18,   4.40,  -0.21,  -0.00,   0.20,  15.78, 4.10, 0.00, 0.00, 0.00, 0.00, 1, 1,  7,  39.7308070, -83.7069316,   329.0, 2025, 11, 23, 18, 17, 46,      124,      124,  24,   0,   2.2,   0.9,   2.0,  0,  0, 21,  0,  0,  0, 25, 21, 21,  0,  0,  0,  0,  0,  0,  8,  0,  0,  0,  0,  0,  0,  0,  0,  0,  8, 23, 24,  0,  0, 25,  0
6, 11026, 11,KE8EXM,     6.16, 5,   coast,  -10.79,  93528.00,  670.25,  415.26,   40.54, 22.9, 4.09, 4.07, 4.10,  -0.83,  -1.03,   0.08, 308.21,  13.18,   4.40,  -0.21,  -0.00,   0.20,  15.78, 4.10, 0.00, 0.00, 0.00, 0.00, 1, 1,  7,  39.7308070, -83.7069316,   329.0, 2025, 11, 23, 18, 17, 46,      124,      124,  24,   0,   2.2,   0.9,   2.0,  0,  0, 21,  0,  0,  0, 25, 21, 21,  0,  0,  0,  0,  0,  0,  8,  0,  0,  0,  0,  0,  0,  0,  0,  0,  8, 23, 24,  0,  0, 25,  0
6, 11026, 11,KE8EXM,     6.16, 5,   coast,  -10.79,  93528.00,  670.25,  415.26,   40.54, 22.9, 4.09, 4.07, 4.10,  -0.83,  -1.03,   0.08, 308.21,  13.18,   4.40,  -0.21,  -0.00,   0.20,  15.78, 4.10, 0.00, 0.00, 0.00, 0.00, 1, 1,  7,  39.7308070, -83.7069316,   329.0, 2025, 11, 23, 18, 17, 46,      124,      124,  24,   0,   2.2,   0.9,   2.0,  0,  0, 21,  0,  0,  0, 25, 21, 21,  0,  0,  0,  0,  0,  0,  8,  0,  0,  0,  0,  0,  0,  0,  0,  0,  8, 23, 24,  0,  0, 25,  0
6, 11026, 11,KE8EXM,     6.17, 5,   coast,  -10.79,  93528.00,  670.25,  415.26,   40.43, 22.9, 4.09, 4.07, 4.10,  -0.80,  -0.97,   0.17, 307.17,  13.18,   4.28,  -0.21,  -0.00,   0.20,  15.69, 4.10, 0.00, 0.00, 0.00, 0.00, 1, 1,  7,  39.7309376, -83.7068441,   329.0, 2025, 11, 23, 18, 17, 47,      140,      140,  25,   0,   2.2,   0.9,   2.0,  0,  0, 20,  0,  0,  0, 31, 20, 19,  0,  0,  0,  0,  0,  0,  7,  0,  0,  0,  0,  0,  0,  0,  0,  0,  8, 22, 23,  0,  0, 24,  0
6, 11026, 11,KE8EXM,     6.18, 5,   coast,   -9.81,  93518.00,  671.14,  416.15,   40.33, 22.9, 4.09, 4.07, 4.10,  -0.77,  -1.11,   0.11, 307.29,  13.18,   4.04,  -0.21,  -0.01,   0.20,  15.61, 4.10, 0.00, 0.00, 0.00, 0.00, 1, 1,  7,  39.7309376, -83.7068441,   329.0, 2025, 11, 23, 18, 17, 47,      140,      140,  25,   0,   2.2,   0.9,   2.0,  0,  0, 20,  0,  0,  0, 31, 20, 19,  0,  0,  0,  0,  0,  0,  7,  0,  0,  0,  0,  0,  0,  0,  0,  0,  8, 22, 23,  0,  0, 24,  0
6, 11026, 11,KE8EXM,     6.19, 5,   coast,  -10.79,  93518.00,  671.14,  416.15,   40.22, 22.9, 4.09, 4.07, 4.10,  -0.79,  -1.00,   0.17, 307.05,  12.99,   4.16,  -0.21,  -0.02,   0.21,  15.54, 4.10, 0.00, 0.00, 0.00, 0.00, 1, 1,  7,  39.7309376, -83.7068441,   329.0, 2025, 11, 23, 18, 17, 47,      140,      140,  25,   0,   2.2,   0.9,   2.0,  0,  0, 20,  0,  0,  0, 31, 20, 19,  0,  0,  0,  0,  0,  0,  7,  0,  0,  0,  0,  0,  0,  0,  0,  0,  8, 22, 23,  0,  0, 24,  0
6, 11026, 11,KE8EXM,     6.20, 5,   coast,  -12.26,  93512.00,  671.67,  416.68,   40.11, 22.9, 4.09, 4.07, 4.10,  -0.83,  -1.11,   0.07, 306.32,  12.99,   4.10,  -0.21,  -0.02,   0.21,  15.47, 4.10, 0.00, 0.00, 0.00, 0.00, 1, 1,  7,  39.7309376, -83.7068441,   329.0, 2025, 11, 23, 18, 17, 47,      140,      140,  25,   0,   2.2,   0.9,   2.0,  0,  0, 20,  0,  0,  0, 31, 20, 19,  0,  0,  0,  0,  0,  0,  7,  0,  0,  0,  0,  0,  0,  0,  0,  0,  8, 22, 23,  0,  0, 24,  0
6, 11026, 11,KE8EXM,     6.21, 5,   coast,  -10.79,  93512.00,  671.67,  416.68,   40.00, 22.9, 4.09, 4.07, 4.10,  -0.81,  -1.11,   0.01, 306.32,  13.30,   4.10,  -0.21,  -0.02,   0.21,  15.41, 4.10, 0.00, 0.00, 0.00, 0.00, 1, 1,  7,  39.7309376, -83.7068441,   329.0, 2025, 11, 23, 18, 17, 47,      140,      140,  25,   0,   2.2,   0.9,   2.0,  0,  0, 20,  0,  0,  0, 31, 20, 19,  0,  0,  0,  0,  0,  0,  7,  0,  0,  0,  0,  0,  0,  0,  0,  0,  8, 22, 23,  0,  0, 24,  0
6, 11026, 11,KE8EXM,     6.22, 5,   coast,   -9.81,  93500.00,  672.74,  417.75,   39.90, 22.9, 4.09, 4.07, 4.10,  -0.80,  -1.14,   0.09, 306.20,  13.48,   3.97,  -0.21,  -0.03,   0.21,  15.36, 4.10, 0.00, 0.00, 0.00, 0.00, 1, 1,  7,  39.7309376, -83.7068441,   329.0, 2025, 11, 23, 18, 17, 47,      140,      140,  25,   0,   2.2,   0.9,   2.0,  0,  0, 20,  0,  0,  0, 31, 20, 19,  0,  0,  0,  0,  0,  0,  7,  0,  0,  0,  0,  0,  0,  0,  0,  0,  8, 22, 23,  0,  0, 24,  0
6, 11026, 11,KE8EXM,     6.23, 5,   coast,  -10.30,  93500.00,  672.74,  417.75,   39.79, 22.9, 4.09, 4.07, 4.10,  -0.81,  -1.04,   0.06, 305.71,  13.54,   3.91,  -0.21,  -0.03,   0.21,  15.32, 4.10, 0.00, 0.00, 0.00, 0.00, 1, 1,  7,  39.7309376, -83.7068441,   329.0, 2025, 11, 23, 18, 17, 47,      140,      140,  25,   0,   2.2,   0.9,   2.0,  0,  0, 20,  0,  0,  0, 31, 20, 19,  0,  0,  0,  0,  0,  0,  7,  0,  0,  0,  0,  0,  0,  0,  0,  0,  8, 22, 23,  0,  0, 24,  0
6, 11026, 11,KE8EXM,     6.24, 5,   coast,  -11.28,  93485.00,  674.07,  419.08,   39.68, 22.9, 4.09, 4.07, 4.10,  -0.75,  -1.03,   0.08, 304.79,  13.18,   4.04,  -0.21,  -0.03,   0.21,  15.29, 4.10, 0.00, 0.00, 0.00, 0.00, 1, 1,  7,  39.7309376, -83.7068441,   329.0, 2025, 11, 23, 18, 17, 47,      140,      140,  25,   0,   2.2,   0.9,   2.0,  0,  0, 20,  0,  0,  0, 31, 20, 19,  0,  0,  0,  0,  0,  0,  7,  0,  0,  0,  0,  0,  0,  0,  0,  0,  8, 22, 23,  0,  0, 24,  0
6, 11026, 11,KE8EXM,     6.25, 5,   coast,  -11.77,  93485.00,  674.07,  419.08,   39.57, 22.9, 4.09, 4.07, 4.10,  -0.80,  -1.18,   0.11, 304.73,  13.24,   3.79,  -0.21,  -0.04,   0.22,  15.26, 4.10, 0.00, 0.00, 0.00, 0.00, 1, 1,  7,  39.7309376, -83.7068441,   329.0, 2025, 11, 23, 18, 17, 47,      140,      140,  25,   0,   2.2,   0.9,   2.0,  0,  0, 20,  0,  0,  0, 31, 20, 19,  0,  0,  0,  0,  0,  0,  7,  0,  0,  0,  0,  0,  0,  0,  0,  0,  8, 22, 23,  0,  0, 24,  0
6, 11026, 11,KE8EXM,     6.26, 5,   coast,  -10.79,  93476.00,  674.87,  419.88,   39.46, 22.9, 4.09, 4.07, 4.10,  -0.78,  -1.10,   0.06, 304.67,  13.42,   3.73,  -0.21,  -0.04,   0.22,  15.25, 4.10, 0.00, 0.00, 0.00, 0.00, 1, 1,  7,  39.7309376, -83.7068441,   329.0, 2025, 11, 23, 18, 17, 47,      140,      140,  25,   0,   2.2,   0.9,   2.0,  0,  0, 20,  0,  0,  0, 31, 20, 19,  0,  0,  0,  0,  0,  0,  7,  0,  0,  0,  0,  0,  0,  0,  0,  0,  8, 22, 23,  0,  0, 24,  0
6, 11026, 11,KE8EXM,     6.27, 5,   coast,  -10.79,  93476.00,  674.87,  419.88,   39.35, 22.9, 4.09, 4.07, 4.10,  -0.78,  -1.19,  -0.01, 304.79,  13.61,   3.67,  -0.21,  -0.04,   0.22,  15.25, 4.10, 0.00, 0.00, 0.00, 0.00, 1, 1,  7,  39.7309376, -83.7068441,   329.0, 2025, 11, 23, 18, 17, 47,      140,      140,  25,   0,   2.2,   0.9,   2.0,  0,  0, 20,  0,  0,  0, 31, 20, 19,  0,  0,  0,  0,  0,  0,  7,  0,  0,  0,  0,  0,  0,  0,  0,  0,  8, 22, 23,  0,  0, 24,  0
6, 11026, 11,KE8EXM,     6.28, 5,   coast,  -11.77,  93478.00,  674.69,  419.70,   39.24, 22.9, 4.09, 4.07, 4.10,  -0.75,  -1.11,   0.02, 304.43,  13.67,   3.79,  -0.21,  -0.04,   0.22,  15.25, 4.10, 0.00, 0.00, 0.00, 0.00, 1, 1,  7,  39.7309376, -83.7068441,   329.0, 2025, 11, 23, 18, 17, 47,      140,      140,  25,   0,   2.2,   0.9,   2.0,  0,  0, 20,  0,  0,  0, 31, 20, 19,  0,  0,  0,  0,  0,  0,  7,  0,  0,  0,  0,  0,  0,  0,  0,  0,  8, 22, 23,  0,  0, 24,  0
6, 11026, 11,KE8EXM,     6.29, 5,   coast,  -11.28,  93478.00,  674.69,  419.70,   39.13, 22.9, 4.09, 4.07, 4.10,  -0.81,  -1.24,  -0.08, 304.73,  13.67,   3.49,  -0.21,  -0.05,   0.23,  15.26, 4.10, 0.00, 0.00, 0.00, 0.00, 1, 1,  7,  39.7309376, -83.7068441,   329.0, 2025, 11, 23, 18, 17, 47,      140,      140,  25,   0,   2.2,   0.9,   2.0,  0,  0, 20,  0,  0,  0, 31, 20, 19,  0,  0,  0,  0,  0,  0,  7,  0,  0,  0,  0,  0,  0,  0,  0,  0,  8, 22, 23,  0,  0, 24,  0
6, 11026, 11,KE8EXM,     6.30, 5,   coast,  -10.79,  93468.00,  675.58,  420.59,   39.02, 22.9, 4.09, 4.07, 4.10,  -0.78,  -1.21,  -0.02, 304.24,  13.91,   3.55,  -0.21,  -0.05,   0.23,  15.29, 4.10, 0.00, 0.00, 0.00, 0.00, 1, 1,  7,  39.7309376, -83.7068441,   329.0, 2025, 11, 23, 18, 17, 47,      140,      140,  25,   0,   2.2,   0.9,   2.0,  0,  0, 20,  0,  0,  0, 31, 20, 19,  0,  0,  0,  0,  0,  0,  7,  0,  0,  0,  0,  0,  0,  0,  0,  0,  8, 22, 23,  0,  0, 24,  0
6, 11026, 11,KE8EXM,     6.31, 5,   coast,  -11.28,  93468.00,  675.58,  420.59,   38.91, 22.9, 4.09, 4.07, 4.10,  -0.75,  -1.12,  -0.06, 304.06,  13.97,   3.30,  -0.21,  -0.05,   0.23,  15.32, 4.10, 0.00, 0.00, 0.00, 0.00, 1, 1,  7,  39.7309376, -83.7068441,   329.0, 2025, 11, 23, 18, 17, 47,      140,      140,  25,   0,   2.2,   0.9,   2.0,  0,  0, 20,  0,  0,  0, 31, 20, 19,  0,  0,  0,  0,  0,  0,  7,  0,  0,  0,  0,  0,  0,  0,  0,  0,  8, 22, 23,  0,  0, 24,  0
6, 11026, 11,KE8EXM,     6.32, 5,   coast,  -11.28,  93452.00,  677.00,  422.01,   38.79, 22.9, 4.09, 4.07, 4.10,  -0.74,  -1.18,  -0.02, 304.18,  14.28,   3.36,  -0.21,  -0.06,   0.24,  15.37, 4.10, 0.00, 0.00, 0.00, 0.00, 1, 1,  7,  39.7309376, -83.7068441,   329.0, 2025, 11, 23, 18, 17, 47,      140,      140,  25,   0,   2.2,   0.9,   2.0,  0,  0, 20,  0,  0,  0, 31, 20, 19,  0,  0,  0,  0,  0,  0,  7,  0,  0,  0,  0,  0,  0,  0,  0,  0,  8, 22, 23,  0,  0, 24,  0
6, 11026, 11,KE8EXM,     6.33, 5,   coast,   -9.81,  93452.00,  677.00,  422.01,   38.68, 22.9, 4.09, 4.07, 4.10,  -0.77,  -1.11,  -0.09, 303.81,  14.22,   3.00,  -0.21,  -0.06,   0.24,  15.42, 4.10, 0.00, 0.00, 0.00, 0.00, 1, 1,  7,  39.7309376, -83.7068441,   329.0, 2025, 11, 23, 18, 17, 47,      140,      140,  25,   0,   2.2,   0.9,   2.0,  0,  0, 20,  0,  0,  0, 31, 20, 19,  0,  0,  0,  0,  0,  0,  7,  0,  0,  0,  0,  0,  0,  0,  0,  0,  8, 22, 23,  0,  0, 24,  0
6, 11026, 11,KE8EXM,     6.34, 5,   coast,  -12.26,  93454.00,  676.83,  421.83,   38.57, 22.9, 4.09, 4.07, 4.10,  -0.73,  -1.20,  -0.12, 303.75,  14.46,   3.12,  -0.21,  -0.06,   0.24,  15.49, 4.10, 0.00, 0.00, 0.00, 0.00, 1, 1,  7,  39.7309376, -83.7068441,   329.0, 2025, 11, 23, 18, 17, 47,      140,      140,  25,   0,   2.2,   0.9,   2.0,  0,  0, 20,  0,  0,  0, 31, 20, 19,  0,  0,  0,  0,  0,  0,  7,  0,  0,  0,  0,  0,  0,  0,  0,  0,  8, 22, 23,  0,  0, 24,  0
6, 11026, 11,KE8EXM,     6.35, 5,   coast,  -11.77,  93454.00,  676.83,  421.83,   38.46, 22.9, 4.09, 4.07, 4.10,  -0.75,  -1.10,   0.06, 303.02,  14.83,   3.30,  -0.21,  -0.06,   0.25,  15.56, 4.10, 0.00, 0.00, 0.00, 0.00, 1, 1,  7,  39.7309376, -83.7068441,   329.0, 2025, 11, 23, 18, 17, 47,      140,      140,  25,   0,   2.2,   0.9,   2.0,  0,  0, 20,  0,  0,  0, 31, 20, 19,  0,  0,  0,  0,  0,  0,  7,  0,  0,  0,  0,  0,  0,  0,  0,  0,  8, 22, 23,  0,  0, 24,  0
6, 11026, 11,KE8EXM,     6.36, 5,   coast,  -11.28,  93444.00,  677.72,  422.72,   38.35, 22.9, 4.09, 4.07, 4.10,  -0.74,  -0.99,  -0.11, 302.59,  14.89,   3.55,  -0.21,  -0.06,   0.25,  15.64, 4.10, 0.00, 0.00, 0.00, 0.00, 1, 1,  7,  39.7309376, -83.7068441,   329.0, 2025, 11, 23, 18, 17, 47,      140,      140,  25,   0,   2.2,   0.9,   2.0,  0,  0, 20,  0,  0,  0, 31, 20, 19,  0,  0,  0,  0,  0,  0,  7,  0,  0,  0,  0,  0,  0,  0,  0,  0,  8, 22, 23,  0,  0, 24,  0
6, 11026, 11,KE8EXM,     6.37, 5,   coast,  -10.79,  93444.00,  677.72,  422.72,   38.24, 22.9, 4.09, 4.07, 4.10,  -0.73,  -0.98,  -0.01, 302.17,  14.76,   3.49,  -0.21,  -0.06,   0.25,  15.73, 4.10, 0.00, 0.00, 0.00, 0.00, 1, 1,  7,  39.7309376, -83.7068441,   329.0, 2025, 11, 23, 18, 17, 47,      140,      140,  25,   0,   2.2,   0.9,   2.0,  0,  0, 20,  0,  0,  0, 31, 20, 19,  0,  0,  0,  0,  0,  0,  7,  0,  0,  0,  0,  0,  0,  0,  0,  0,  8, 22, 23,  0,  0, 24,  0
6, 11026, 11,KE8EXM,     6.38, 5,   coast,  -10.79,  93425.00,  679.40,  424.41,   38.13, 22.9, 4.09, 4.07, 4.10,  -0.72,  -0.98,  -0.13, 301.98,  15.25,   3.55,  -0.21,  -0.07,   0.26,  15.83, 4.10, 0.00, 0.00, 0.00, 0.00, 1, 1,  7,  39.7309376, -83.7068441,   329.0, 2025, 11, 23, 18, 17, 47,      140,      140,  25,   0,   2.2,   0.9,   2.0,  0,  0, 20,  0,  0,  0, 31, 20, 19,  0,  0,  0,  0,  0,  0,  7,  0,  0,  0,  0,  0,  0,  0,  0,  0,  8, 22, 23,  0,  0, 24,  0
6, 11026, 11,KE8EXM,     6.39, 5,   coast,  -10.79,  93425.00,  679.40,  424.41,   38.02, 22.9, 4.09, 4.07, 4.10,  -0.74,  -1.19,  -0.10, 301.98,  15.25,   3.73,  -0.21,  -0.07,   0.26,  15.94, 4.10, 0.00, 0.00, 0.00, 0.00, 1, 1,  7,  39.7309376, -83.7068441,   329.0, 2025, 11, 23, 18, 17, 47,      140,      140,  25,   0,   2.2,   0.9,   2.0,  0,  0, 20,  0,  0,  0, 31, 20, 19,  0,  0,  0,  0,  0,  0,  7,  0,  0,  0,  0,  0,  0,  0,  0,  0,  8, 22, 23,  0,  0, 24,  0
6, 11026, 11,KE8EXM,     6.40, 5,   coast,  -11.28,  93434.00,  678.60,  423.61,   37.90, 22.9, 4.09, 4.07, 4.10,  -0.74,  -1.17,  -0.01, 301.37,  15.50,   3.49,  -0.21,  -0.07,   0.27,  16.05, 4.10, 0.00, 0.00, 0.00, 0.00, 1, 1,  7,  39.7309376, -83.7068441,   329.0, 2025, 11, 23, 18, 17, 47,      140,      140,  25,   0,   2.2,   0.9,   2.0,  0,  0, 20,  0,  0,  0, 31, 20, 19,  0,  0,  0,  0,  0,  0,  7,  0,  0,  0,  0,  0,  0,  0,  0,  0,  8, 22, 23,  0,  0, 24,  0
6, 11026, 11,KE8EXM,     6.41, 5,   coast,  -12.26,  93434.00,  678.60,  423.61,   37.79, 22.9, 4.09, 4.07, 4.10,  -0.73,  -1.06,  -0.22, 301.74,  15.68,   3.61,  -0.21,  -0.07,   0.27,  16.17, 4.10, 0.00, 0.00, 0.00, 0.00, 1, 1,  7,  39.7309376, -83.7068441,   329.0, 2025, 11, 23, 18, 17, 47,      140,      140,  25,   0,   2.2,   0.9,   2.0,  0,  0, 20,  0,  0,  0, 31, 20, 19,  0,  0,  0,  0,  0,  0,  7,  0,  0,  0,  0,  0,  0,  0,  0,  0,  8, 22, 23,  0,  0, 24,  0
6, 11026, 11,KE8EXM,     6.42, 5,   coast,  -10.79,  93416.00,  680.20,  425.21,   37.68, 22.9, 4.12, 4.09, 4.09,  -0.76,  -1.19,  -0.05, 302.29,  15.86,   3.61,  -0.21,  -0.07,   0.27,  16.30, 4.10, 0.00, 0.00, 0.00, 0.00, 1, 1,  7,  39.7309376, -83.7068441,   329.0, 2025, 11, 23, 18, 17, 47,      140,      140,  25,   0,   2.2,   0.9,   2.0,  0,  0, 20,  0,  0,  0, 31, 20, 19,  0,  0,  0,  0,  0,  0,  7,  0,  0,  0,  0,  0,  0,  0,  0,  0,  8, 22, 23,  0,  0, 24,  0
6, 11026, 11,KE8EXM,     6.42, 5,   coast,  -10.79,  93416.00,  680.20,  425.21,   37.68, 22.9, 4.12, 4.09, 4.09,  -0.76,  -1.19,  -0.05, 302.29,  15.86,   3.61,  -0.21,  -0.07,   0.27,  16.30, 4.10, 0.00, 0.00, 0.00, 0.00, 1, 1,  7,  39.7309376, -83.7068441,   329.0, 2025, 11, 23, 18, 17, 47,      140,      140,  25,   0,   2.2,   0.9,   2.0,  0,  0, 20,  0,  0,  0, 31, 20, 19,  0,  0,  0,  0,  0,  0,  7,  0,  0,  0,  0,  0,  0,  0,  0,  0,  8, 22, 23,  0,  0, 24,  0
6, 11026, 11,KE8EXM,     6.43, 5,   coast,  -11.28,  93416.00,  680.20,  425.21,   37.57, 22.9, 4.12, 4.09, 4.09,  -0.66,  -1.06,  -0.22, 301.80,  15.62,   3.97,  -0.21,  -0.07,   0.28,  16.43, 4.10, 0.00, 0.00, 0.00, 0.00, 1, 1,  7,  39.7309376, -83.7068441,   329.0, 2025, 11, 23, 18, 17, 47,      140,      140,  25,   0,   2.2,   0.9,   2.0,  0,  0, 20,  0,  0,  0, 31, 20, 19,  0,  0,  0,  0,  0,  0,  7,  0,  0,  0,  0,  0,  0,  0,  0,  0,  8, 22, 23,  0,  0, 24,  0
6, 11026, 11,KE8EXM,     6.44, 5,   coast,  -10.79,  93405.00,  681.18,  426.19,   37.46, 22.9, 4.12, 4.09, 4.09,  -0.67,  -1.04,  -0.12, 301.80,  16.11,   3.67,  -0.21,  -0.07,   0.28,  16.58, 4.10, 0.00, 0.00, 0.00, 0.00, 1, 1,  7,  39.7309376, -83.7068441,   329.0, 2025, 11, 23, 18, 17, 47,      140,      140,  25,   0,   2.2,   0.9,   2.0,  0,  0, 20,  0,  0,  0, 31, 20, 19,  0,  0,  0,  0,  0,  0,  7,  0,  0,  0,  0,  0,  0,  0,  0,  0,  8, 22, 23,  0,  0, 24,  0
6, 11026, 11,KE8EXM,     6.45, 5,   coast,  -11.28,  93405.00,  681.18,  426.19,   37.35, 22.9, 4.12, 4.09, 4.09,  -0.70,  -1.03,  -0.23, 301.68,  16.23,   3.79,  -0.21,  -0.07,   0.29,  16.73, 4.10, 0.00, 0.00, 0.00, 0.00, 1, 1,  7,  39.7309376, -83.7068441,   329.0, 2025, 11, 23, 18, 17, 47,      140,      140,  25,   0,   2.2,   0.9,   2.0,  0,  0, 20,  0,  0,  0, 31, 20, 19,  0,  0,  0,  0,  0,  0,  7,  0,  0,  0,  0,  0,  0,  0,  0,  0,  8, 22, 23,  0,  0, 24,  0
6, 11026, 11,KE8EXM,     6.46, 5,   coast,   -9.81,  93395.00,  682.07,  427.08,   37.24, 23.0, 4.12, 4.09, 4.09,  -0.72,  -0.87,  -0.18, 301.80,  16.47,   3.91,  -0.21,  -0.07,   0.29,  16.88, 4.10, 0.00, 0.00, 0.00, 0.00, 1, 1,  7,  39.7309376, -83.7068441,   329.0, 2025, 11, 23, 18, 17, 47,      140,      140,  25,   0,   2.2,   0.9,   2.0,  0,  0, 20,  0,  0,  0, 31, 20, 19,  0,  0,  0,  0,  0,  0,  7,  0,  0,  0,  0,  0,  0,  0,  0,  0,  8, 22, 23,  0,  0, 24,  0
6, 11026, 11,KE8EXM,     6.47, 5,   coast,  -12.26,  93395.00,  682.07,  427.08,   37.13, 23.0, 4.12, 4.09, 4.09,  -0.70,  -0.92,  -0.03, 300.76,  16.41,   4.34,  -0.21,  -0.07,   0.29,  17.04, 4.10, 0.00, 0.00, 0.00, 0.00, 1, 1,  7,  39.7309376, -83.7068441,   329.0, 2025, 11, 23, 18, 17, 47,      140,      140,  25,   0,   2.2,   0.9,   2.0,  0,  0, 20,  0,  0,  0, 31, 20, 19,  0,  0,  0,  0,  0,  0,  7,  0,  0,  0,  0,  0,  0,  0,  0,  0,  8, 22, 23,  0,  0, 24,  0
6, 11026, 11,KE8EXM,     6.48, 5,   coast,  -11.28,  93388.00,  682.69,  427.70,   37.02, 22.9, 4.12, 4.09, 4.09,  -0.68,  -0.84,  -0.14, 299.91,  16.66,   4.22,  -0.21,  -0.07,   0.30,  17.20, 4.10, 0.00, 0.00, 0.00, 0.00, 1, 1,  7,  39.7309376, -83.7068441,   329.0, 2025, 11, 23, 18, 17, 47,      140,      140,  25,   0,   2.2,   0.9,   2.0,  0,  0, 20,  0,  0,  0, 31, 20, 19,  0,  0,  0,  0,  0,  0,  7,  0,  0,  0,  0,  0,  0,  0,  0,  0,  8, 22, 23,  0,  0, 24,  0
6, 11026, 11,KE8EXM,     6.49, 5,   coast,  -11.77,  93388.00,  682.69,  427.70,   36.90, 22.9, 4.12, 4.09, 4.09,  -0.70,  -0.83,  -0.04, 300.40,  17.15,   4.58,  -0.21,  -0.07,   0.30,  17.37, 4.10, 0.00, 0.00, 0.00, 0.00, 1, 1,  7,  39.7309376, -83.7068441,   329.0, 2025, 11, 23, 18, 17, 47,      140,      140,  25,   0,   2.2,   0.9,   2.0,  0,  0, 20,  0,  0,  0, 31, 20, 19,  0,  0,  0,  0,  0,  0,  7,  0,  0,  0,  0,  0,  0,  0,  0,  0,  8, 22, 23,  0,  0, 24,  0
6, 11026, 11,KE8EXM,     6.50, 5,   coast,   -9.81,  93380.00,  683.41,  428.41,   36.79, 22.9, 4.12, 4.09, 4.09,  -0.65,  -0.79,  -0.16, 300.09,  16.78,   4.71,  -0.21,  -0.07,   0.30,  17.54, 4.10, 0.00, 0.00, 0.00, 0.00, 1, 1,  7,  39.7309376, -83.7068441,   329.0, 2025, 11, 23, 18, 17, 47,      140,      140,  25,   0,   2.2,   0.9,   2.0,  0,  0, 20,  0,  0,  0, 31, 20, 19,  0,  0,  0,  0,  0,  0,  7,  0,  0,  0,  0,  0,  0,  0,  0,  0,  8, 22, 23,  0,  0, 24,  0
6, 11026, 11,KE8EXM,     6.51, 5,   coast,  -13.24,  93380.00,  683.41,  428.41,   36.68, 22.9, 4.12, 4.09, 4.09,  -0.64,  -0.84,  -0.11, 299.42,  17.27,   5.20,  -0.21,  -0.07,   0.31,  17.71, 4.10, 0.00, 0.00, 0.00, 0.00, 1, 1,  7,  39.7309376, -83.7068441,   329.0, 2025, 11, 23, 18, 17, 47,      140,      140,  25,   0,   2.2,   0.9,   2.0,  0,  0, 20,  0,  0,  0, 31, 20, 19,  0,  0,  0,  0,  0,  0,  7,  0,  0,  0,  0,  0,  0,  0,  0,  0,  8, 22, 23,  0,  0, 24,  0
6, 11026, 11,KE8EXM,     6.52, 5,   coast,  -10.79,  93383.00,  683.14,  428.15,   36.57, 23.0, 4.12, 4.09, 4.09,  -0.67,  -0.79,  -0.17, 299.18,  17.02,   5.68,  -0.21,  -0.06,   0.31,  17.89, 4.10, 0.00, 0.00, 0.00, 0.00, 1, 1,  7,  39.7309376, -83.7068441,   329.0, 2025, 11, 23, 18, 17, 47,      140,      140,  25,   0,   2.2,   0.9,   2.0,  0,  0, 20,  0,  0,  0, 31, 20, 19,  0,  0,  0,  0,  0,  0,  7,  0,  0,  0,  0,  0,  0,  0,  0,  0,  8, 22, 23,  0,  0, 24,  0
6, 11026, 11,KE8EXM,     6.53, 5,   coast,  -11.28,  93383.00,  683.14,  428.15,   36.46, 23.0, 4.12, 4.09, 4.09,  -0.67,  -0.80,  -0.09, 297.83,  16.96,   5.81,  -0.21,  -0.06,   0.31,  18.07, 4.10, 0.00, 0.00, 0.00, 0.00, 1, 1,  7,  39.7309376, -83.7068441,   329.0, 2025, 11, 23, 18, 17, 47,      140,      140,  25,   0,   2.2,   0.9,   2.0,  0,  0, 20,  0,  0,  0, 31, 20, 19,  0,  0,  0,  0,  0,  0,  7,  0,  0,  0,  0,  0,  0,  0,  0,  0,  8, 22, 23,  0,  0, 24,  0
6, 11026, 11,KE8EXM,     6.54, 5,   coast,   -9.32,  93374.00,  683.94,  428.95,   36.36, 23.0, 4.12, 4.09, 4.09,  -0.63,  -0.78,  -0.11, 297.53,  17.02,   5.99,  -0.21,  -0.06,   0.32,  18.25, 4.10, 0.00, 0.00, 0.00, 0.00, 1, 1,  7,  39.7309376, -83.7068441,   329.0, 2025, 11, 23, 18, 17, 47,      140,      140,  25,   0,   2.2,   0.9,   2.0,  0,  0, 20,  0,  0,  0, 31, 20, 19,  0,  0,  0,  0,  0,  0,  7,  0,  0,  0,  0,  0,  0,  0,  0,  0,  8, 22, 23,  0,  0, 24,  0
6, 11026, 11,KE8EXM,     6.55, 5,   coast,   -9.81,  93374.00,  683.94,  428.95,   36.25, 23.0, 4.12, 4.09, 4.09,  -0.68,  -0.65,  -0.11, 296.86,  17.39,   6.48,  -0.21,  -0.06,   0.32,  18.43, 4.10, 0.00, 0.00, 0.00, 0.00, 1, 1,  7,  39.7309376, -83.7068441,   329.0, 2025, 11, 23, 18, 17, 47,      140,      140,  25,   0,   2.2,   0.9,   2.0,  0,  0, 20,  0,  0,  0, 31, 20, 19,  0,  0,  0,  0,  0,  0,  7,  0,  0,  0,  0,  0,  0,  0,  0,  0,  8, 22, 23,  0,  0, 24,  0
6, 11026, 11,KE8EXM,     6.56, 5,   coast,  -10.30,  93366.00,  684.65,  429.66,   36.15, 23.0, 4.12, 4.09, 4.09,  -0.68,  -0.71,  -0.11, 296.55,  17.15,   6.84,  -0.21,  -0.06,   0.32,  18.62, 4.10, 0.00, 0.00, 0.00, 0.00, 1, 1,  7,  39.7309376, -83.7068441,   329.0, 2025, 11, 23, 18, 17, 47,      140,      140,  25,   0,   2.2,   0.9,   2.0,  0,  0, 20,  0,  0,  0, 31, 20, 19,  0,  0,  0,  0,  0,  0,  7,  0,  0,  0,  0,  0,  0,  0,  0,  0,  8, 22, 23,  0,  0, 24,  0
6, 11026, 11,KE8EXM,     6.57, 5,   coast,   -9.81,  93366.00,  684.65,  429.66,   36.04, 23.0, 4.12, 4.09, 4.09,  -0.60,  -0.65,  -0.16, 295.76,  17.33,   7.21,  -0.21,  -0.06,   0.32,  18.81, 4.10, 0.00, 0.00, 0.00, 0.00, 1, 1,  7,  39.7309376, -83.7068441,   329.0, 2025, 11, 23, 18, 17, 47,      140,      140,  25,   0,   2.2,   0.9,   2.0,  0,  0, 20,  0,  0,  0, 31, 20, 19,  0,  0,  0,  0,  0,  0,  7,  0,  0,  0,  0,  0,  0,  0,  0,  0,  8, 22, 23,  0,  0, 24,  0
6, 11026, 11,KE8EXM,     6.58, 5,   coast,  -12.26,  93348.00,  686.25,  431.26,   35.93, 23.0, 4.12, 4.09, 4.09,  -0.65,  -0.68,  -0.07, 294.96,  17.51,   7.88,  -0.21,  -0.05,   0.33,  19.00, 4.10, 0.00, 0.00, 0.00, 0.00, 1, 1,  7,  39.7309376, -83.7068441,   329.0, 2025, 11, 23, 18, 17, 47,      140,      140,  25,   0,   2.2,   0.9,   2.0,  0,  0, 20,  0,  0,  0, 31, 20, 19,  0,  0,  0,  0,  0,  0,  7,  0,  0,  0,  0,  0,  0,  0,  0,  0,  8, 22, 23,  0,  0, 24,  0
6, 11026, 11,KE8EXM,     6.59, 5,   coast,  -12.26,  93348.00,  686.25,  431.26,   35.82, 23.0, 4.12, 4.09, 4.09,  -0.63,  -0.85,  -0.04, 294.23,  17.02,   7.94,  -0.21,  -0.05,   0.33,  19.19, 4.10, 0.00, 0.00, 0.00, 0.00, 1, 1,  7,  39.7309376, -83.7068441,   329.0, 2025, 11, 23, 18, 17, 47,      140,      140,  25,   0,   2.2,   0.9,   2.0,  0,  0, 20,  0,  0,  0, 31, 20, 19,  0,  0,  0,  0,  0,  0,  7,  0,  0,  0,  0,  0,  0,  0,  0,  0,  8, 22, 23,  0,  0, 24,  0
6, 11026, 11,KE8EXM,     6.60, 5,   coast,  -11.28,  93345.00,  686.52,  431.53,   35.71, 23.0, 4.12, 4.09, 4.09,  -0.63,  -0.80,  -0.01, 293.62,  16.96,   8.43,  -0.21,  -0.05,   0.33,  19.37, 4.10, 0.00, 0.00, 0.00, 0.00, 1, 1,  7,  39.7309376, -83.7068441,   329.0, 2025, 11, 23, 18, 17, 47,      140,      140,  25,   0,   2.2,   0.9,   2.0,  0,  0, 20,  0,  0,  0, 31, 20, 19,  0,  0,  0,  0,  0,  0,  7,  0,  0,  0,  0,  0,  0,  0,  0,  0,  8, 22, 23,  0,  0, 24,  0
6, 11026, 11,KE8EXM,     6.61, 5,   coast,  -10.79,  93345.00,  686.52,  431.53,   35.60, 23.0, 4.12, 4.09, 4.09,  -0.65,  -0.77,  -0.03, 293.32,  16.84,   8.55,  -0.21,  -0.05,   0.33,  19.56, 4.10, 0.00, 0.00, 0.00, 0.00, 1, 1,  7,  39.7309376, -83.7068441,   329.0, 2025, 11, 23, 18, 17, 47,      140,      140,  25,   0,   2.2,   0.9,   2.0,  0,  0, 20,  0,  0,  0, 31, 20, 19,  0,  0,  0,  0,  0,  0,  7,  0,  0,  0,  0,  0,  0,  0,  0,  0,  8, 22, 23,  0,  0, 24,  0
6, 11026, 11,KE8EXM,     6.62, 5,   coast,  -11.77,  93339.00,  687.05,  432.06,   35.48, 23.0, 4.12, 4.09, 4.09,  -0.60,  -0.75,  -0.05, 293.32,  16.72,   8.74,  -0.21,  -0.05,   0.34,  19.75, 4.10, 0.00, 0.00, 0.00, 0.00, 1, 1,  7,  39.7309376, -83.7068441,   329.0, 2025, 11, 23, 18, 17, 47,      140,      140,  25,   0,   2.2,   0.9,   2.0,  0,  0, 20,  0,  0,  0, 31, 20, 19,  0,  0,  0,  0,  0,  0,  7,  0,  0,  0,  0,  0,  0,  0,  0,  0,  8, 22, 23,  0,  0, 24,  0
6, 11026, 11,KE8EXM,     6.63, 5,   coast,  -11.28,  93339.00,  687.05,  432.06,   35.37, 23.0, 4.12, 4.09, 4.09,  -0.63,  -0.81,  -0.02, 291.97,  16.60,   8.92,  -0.21,  -0.04,   0.34,  19.93, 4.10, 0.00, 0.00, 0.00, 0.00, 1, 1,  7,  39.7309376, -83.7068441,   329.0, 2025, 11, 23, 18, 17, 47,      140,      140,  25,   0,   2.2,   0.9,   2.0,  0,  0, 20,  0,  0,  0, 31, 20, 19,  0,  0,  0,  0,  0,  0,  7,  0,  0,  0,  0,  0,  0,  0,  0,  0,  8, 22, 23,  0,  0, 24,  0
6, 11026, 11,KE8EXM,     6.64, 5,   coast,  -10.30,  93328.00,  688.03,  433.04,   35.27, 23.0, 4.12, 4.09, 4.09,  -0.62,  -0.78,  -0.01, 291.24,  16.23,   9.35,  -0.21,  -0.04,   0.34,  20.11, 4.10, 0.00, 0.00, 0.00, 0.00, 1, 1,  7,  39.7309376, -83.7068441,   329.0, 2025, 11, 23, 18, 17, 47,      140,      140,  25,   0,   2.2,   0.9,   2.0,  0,  0, 20,  0,  0,  0, 31, 20, 19,  0,  0,  0,  0,  0,  0,  7,  0,  0,  0,  0,  0,  0,  0,  0,  0,  8, 22, 23,  0,  0, 24,  0
6, 11026, 11,KE8EXM,     6.65, 5,   coast,  -10.30,  93328.00,  688.03,  433.04,   35.16, 23.0, 4.12, 4.09, 4.09,  -0.63,  -0.73,   0.06, 290.45,  16.23,   9.59,  -0.21,  -0.04,   0.34,  20.30, 4.10, 0.00, 0.00, 0.00, 0.00, 1, 1,  7,  39.7309376, -83.7068441,   329.0, 2025, 11, 23, 18, 17, 47,      140,      140,  25,   0,   2.2,   0.9,   2.0,  0,  0, 20,  0,  0,  0, 31, 20, 19,  0,  0,  0,  0,  0,  0,  7,  0,  0,  0,  0,  0,  0,  0,  0,  0,  8, 22, 23,  0,  0, 24,  0
6, 11026, 11,KE8EXM,     6.66, 5,   coast,  -10.79,  93328.00,  688.03,  433.04,   35.05, 23.0, 4.12, 4.09, 4.09,  -0.66,  -0.81,  -0.01, 290.27,  15.31,   9.71,  -0.21,  -0.04,   0.34,  20.47, 4.10, 0.00, 0.00, 0.00, 0.00, 1, 1,  7,  39.7309376, -83.7068441,   329.0, 2025, 11, 23, 18, 17, 47,      140,      140,  25,   0,   2.2,   0.9,   2.0,  0,  0, 20,  0,  0,  0, 31, 20, 19,  0,  0,  0,  0,  0,  0,  7,  0,  0,  0,  0,  0,  0,  0,  0,  0,  8, 22, 23,  0,  0, 24,  0
6, 11026, 11,KE8EXM,     6.67, 5,   coast,  -10.30,  93328.00,  688.03,  433.04,   34.95, 23.0, 4.12, 4.09, 4.09,  -0.63,  -0.75,  -0.11, 289.90,  15.31,   9.89,  -0.21,  -0.03,   0.35,  20.64, 4.10, 0.00, 0.00, 0.00, 0.00, 1, 1,  7,  39.7309376, -83.7068441,   329.0, 2025, 11, 23, 18, 17, 47,      140,      140,  25,   0,   2.2,   0.9,   2.0,  0,  0, 20,  0,  0,  0, 31, 20, 19,  0,  0,  0,  0,  0,  0,  7,  0,  0,  0,  0,  0,  0,  0,  0,  0,  8, 22, 23,  0,  0, 24,  0
6, 11026, 11,KE8EXM,     6.68, 5,   coast,  -10.79,  93323.00,  688.48,  433.48,   34.85, 23.0, 4.12, 4.09, 4.09,  -0.60,  -0.70,  -0.12, 289.90,  15.07,  10.14,  -0.21,  -0.03,   0.35,  20.81, 4.10, 0.00, 0.00, 0.00, 0.00, 1, 1,  7,  39.7309376, -83.7068441,   329.0, 2025, 11, 23, 18, 17, 47,      140,      140,  25,   0,   2.2,   0.9,   2.0,  0,  0, 20,  0,  0,  0, 31, 20, 19,  0,  0,  0,  0,  0,  0,  7,  0,  0,  0,  0,  0,  0,  0,  0,  0,  8, 22, 23,  0,  0, 24,  0
6, 11026, 11,KE8EXM,     6.69, 5,   coast,   -9.81,  93323.00,  688.48,  433.48,   34.74, 23.0, 4.12, 4.09, 4.09,  -0.61,  -0.72,  -0.28, 289.78,  14.76,  10.20,  -0.21,  -0.02,   0.35,  20.98, 4.10, 0.00, 0.00, 0.00, 0.00, 1, 1,  7,  39.7309376, -83.7068441,   329.0, 2025, 11, 23, 18, 17, 47,      140,      140,  25,   0,   2.2,   0.9,   2.0,  0,  0, 20,  0,  0,  0, 31, 20, 19,  0,  0,  0,  0,  0,  0,  7,  0,  0,  0,  0,  0,  0,  0,  0,  0,  8, 22, 23,  0,  0, 24,  0
6, 11026, 11,KE8EXM,     6.70, 5,   coast,   -9.81,  93314.00,  689.28,  434.28,   34.64, 23.0, 4.12, 4.09, 4.09,  -0.60,  -0.67,  -0.19, 289.11,  14.58,  10.57,  -0.21,  -0.02,   0.35,  21.14, 4.10, 0.00, 0.00, 0.00, 0.00, 1, 1,  7,  39.7309376, -83.7068441,   329.0, 2025, 11, 23, 18, 17, 47,      140,      140,  25,   0,   2.2,   0.9,   2.0,  0,  0, 20,  0,  0,  0, 31, 20, 19,  0,  0,  0,  0,  0,  0,  7,  0,  0,  0,  0,  0,  0,  0,  0,  0,  8, 22, 23,  0,  0, 24,  0
6, 11026, 11,KE8EXM,     6.71, 5,   coast,  -10.79,  93314.00,  689.28,  434.28,   34.54, 23.0, 4.12, 4.09, 4.09,  -0.59,  -0.62,  -0.20, 288.80,  14.46,  10.51,  -0.21,  -0.02,   0.35,  21.30, 4.10, 0.00, 0.00, 0.00, 0.00, 1, 1,  7,  39.7309376, -83.7068441,   329.0, 2025, 11, 23, 18, 17, 47,      140,      140,  25,   0,   2.2,   0.9,   2.0,  0,  0, 20,  0,  0,  0, 31, 20, 19,  0,  0,  0,  0,  0,  0,  7,  0,  0,  0,  0,  0,  0,  0,  0,  0,  8, 22, 23,  0,  0, 24,  0
6, 11026, 11,KE8EXM,     6.72, 5,   coast,  -11.28,  93294.00,  691.06,  436.06,   34.43, 23.0, 4.12, 4.09, 4.09,  -0.58,  -0.65,  -0.21, 288.43,  14.46,  10.99,  -0.21,  -0.02,   0.35,  21.46, 4.10, 0.00, 0.00, 0.00, 0.00, 1, 1,  7,  39.7309376, -83.7068441,   329.0, 2025, 11, 23, 18, 17, 47,      140,      140,  25,   0,   2.2,   0.9,   2.0,  0,  0, 20,  0,  0,  0, 31, 20, 19,  0,  0,  0,  0,  0,  0,  7,  0,  0,  0,  0,  0,  0,  0,  0,  0,  8, 22, 23,  0,  0, 24,  0
6, 11026, 11,KE8EXM,     6.73, 5,   coast,  -10.30,  93294.00,  691.06,  436.06,   34.33, 23.0, 4.12, 4.09, 4.09,  -0.60,  -0.60,  -0.16, 287.64,  13.97,  11.18,  -0.20,  -0.01,   0.35,  21.62, 4.10, 0.00, 0.00, 0.00, 0.00, 1, 1,  7,  39.7309376, -83.7068441,   329.0, 2025, 11, 23, 18, 17, 47,      140,      140,  25,   0,   2.2,   0.9,   2.0,  0,  0, 20,  0,  0,  0, 31, 20, 19,  0,  0,  0,  0,  0,  0,  7,  0,  0,  0,  0,  0,  0,  0,  0,  0,  8, 22, 23,  0,  0, 24,  0
6, 11026, 11,KE8EXM,     6.74, 5,   coast,  -10.79,  93292.00,  691.24,  436.24,   34.22, 23.0, 4.11, 4.08, 4.09,  -0.58,  -0.67,  -0.22, 286.60,  14.15,  11.79,  -0.20,  -0.01,   0.35,  21.78, 4.10, 0.00, 0.00, 0.00, 0.00, 1, 1,  7,  39.7309376, -83.7068441,   329.0, 2025, 11, 23, 18, 17, 47,      140,      140,  25,   0,   2.2,   0.9,   2.0,  0,  0, 20,  0,  0,  0, 31, 20, 19,  0,  0,  0,  0,  0,  0,  7,  0,  0,  0,  0,  0,  0,  0,  0,  0,  8, 22, 23,  0,  0, 24,  0
6, 11026, 11,KE8EXM,     6.74, 5,   coast,  -10.79,  93292.00,  691.24,  436.24,   34.22, 23.0, 4.11, 4.08, 4.09,  -0.58,  -0.67,  -0.22, 286.60,  14.15,  11.79,  -0.20,  -0.01,   0.35,  21.78, 4.10, 0.00, 0.00, 0.00, 0.00, 1, 1,  7,  39.7309376, -83.7068441,   329.0, 2025, 11, 23, 18, 17, 47,      140,      140,  25,   0,   2.2,   0.9,   2.0,  0,  0, 20,  0,  0,  0, 31, 20, 19,  0,  0,  0,  0,  0,  0,  7,  0,  0,  0,  0,  0,  0,  0,  0,  0,  8, 22, 23,  0,  0, 24,  0
6, 11026, 11,KE8EXM,     6.75, 5,   coast,  -10.30,  93292.00,  691.24,  436.24,   34.12, 23.0, 4.11, 4.08, 4.09,  -0.60,  -0.66,  -0.28, 286.11,  13.42,  11.91,  -0.20,  -0.01,   0.35,  21.93, 4.10, 0.00, 0.00, 0.00, 0.00, 1, 1,  7,  39.7309376, -83.7068441,   329.0, 2025, 11, 23, 18, 17, 47,      140,      140,  25,   0,   2.2,   0.9,   2.0,  0,  0, 20,  0,  0,  0, 31, 20, 19,  0,  0,  0,  0,  0,  0,  7,  0,  0,  0,  0,  0,  0,  0,  0,  0,  8, 22, 23,  0,  0, 24,  0
6, 11026, 11,KE8EXM,     6.76, 5,   coast,   -9.32,  93284.00,  691.95,  436.95,   34.01, 23.0, 4.11, 4.08, 4.09,  -0.58,  -0.63,  -0.31, 285.44,  13.67,  11.91,  -0.21,  -0.00,   0.35,  22.08, 4.10, 0.00, 0.00, 0.00, 0.00, 1, 1,  7,  39.7309376, -83.7068441,   329.0, 2025, 11, 23, 18, 17, 47,      140,      140,  25,   0,   2.2,   0.9,   2.0,  0,  0, 20,  0,  0,  0, 31, 20, 19,  0,  0,  0,  0,  0,  0,  7,  0,  0,  0,  0,  0,  0,  0,  0,  0,  8, 22, 23,  0,  0, 24,  0
6, 11026, 11,KE8EXM,     6.77, 5,   coast,  -10.79,  93284.00,  691.95,  436.95,   33.91, 23.0, 4.11, 4.08, 4.09,  -0.60,  -0.63,  -0.37, 284.16,  13.54,  12.09,  -0.20,   0.00,   0.35,  22.23, 4.10, 0.00, 0.00, 0.00, 0.00, 1, 1,  7,  39.7309376, -83.7068441,   329.0, 2025, 11, 23, 18, 17, 47,      140,      140,  25,   0,   2.2,   0.9,   2.0,  0,  0, 20,  0,  0,  0, 31, 20, 19,  0,  0,  0,  0,  0,  0,  7,  0,  0,  0,  0,  0,  0,  0,  0,  0,  8, 22, 23,  0,  0, 24,  0
6, 11026, 11,KE8EXM,     6.78, 5,   coast,  -10.79,  93272.00,  693.02,  438.02,   33.81, 23.0, 4.11, 4.08, 4.09,  -0.60,  -0.60,  -0.32, 283.55,  13.61,  11.97,  -0.20,   0.00,   0.36,  22.37, 4.10, 0.00, 0.00, 0.00, 0.00, 1, 1,  7,  39.7309376, -83.7068441,   329.0, 2025, 11, 23, 18, 17, 47,      140,      140,  25,   0,   2.2,   0.9,   2.0,  0,  0, 20,  0,  0,  0, 31, 20, 19,  0,  0,  0,  0,  0,  0,  7,  0,  0,  0,  0,  0,  0,  0,  0,  0,  8, 22, 23,  0,  0, 24,  0
6, 11026, 11,KE8EXM,     6.79, 5,   coast,  -11.77,  93272.00,  693.02,  438.02,   33.70, 23.0, 4.11, 4.08, 4.09,  -0.60,  -0.61,  -0.35, 283.12,  13.36,  12.40,  -0.20,   0.01,   0.35,  22.51, 4.10, 0.00, 0.00, 0.00, 0.00, 1, 1,  7,  39.7309376, -83.7068441,   329.0, 2025, 11, 23, 18, 17, 47,      140,      140,  25,   0,   2.2,   0.9,   2.0,  0,  0, 20,  0,  0,  0, 31, 20, 19,  0,  0,  0,  0,  0,  0,  7,  0,  0,  0,  0,  0,  0,  0,  0,  0,  8, 22, 23,  0,  0, 24,  0
6, 11026, 11,KE8EXM,     6.80, 5,   coast,   -9.32,  93271.00,  693.10,  438.11,   33.59, 23.0, 4.11, 4.08, 4.09,  -0.57,  -0.66,  -0.36, 281.90,  13.36,  12.52,  -0.21,   0.01,   0.35,  22.64, 4.10, 0.00, 0.00, 0.00, 0.00, 1, 1,  7,  39.7309376, -83.7068441,   329.0, 2025, 11, 23, 18, 17, 47,      140,      140,  25,   0,   2.2,   0.9,   2.0,  0,  0, 20,  0,  0,  0, 31, 20, 19,  0,  0,  0,  0,  0,  0,  7,  0,  0,  0,  0,  0,  0,  0,  0,  0,  8, 22, 23,  0,  0, 24,  0
6, 11026, 11,KE8EXM,     6.81, 5,   coast,  -11.28,  93271.00,  693.10,  438.11,   33.48, 23.0, 4.11, 4.08, 4.09,  -0.56,  -0.59,  -0.34, 281.11,  12.99,  12.89,  -0.21,   0.01,   0.35,  22.77, 4.10, 0.00, 0.00, 0.00, 0.00, 1, 1,  7,  39.7309376, -83.7068441,   329.0, 2025, 11, 23, 18, 17, 47,      140,      140,  25,   0,   2.2,   0.9,   2.0,  0,  0, 20,  0,  0,  0, 31, 20, 19,  0,  0,  0,  0,  0,  0,  7,  0,  0,  0,  0,  0,  0,  0,  0,  0,  8, 22, 23,  0,  0, 24,  0
6, 11026, 11,KE8EXM,     6.82, 5,   coast,  -12.75,  93271.00,  693.10,  438.11,   33.37, 23.0, 4.11, 4.08, 4.09,  -0.53,  -0.68,  -0.37, 280.19,  13.06,  12.89,  -0.21,   0.01,   0.35,  22.90, 4.10, 0.00, 0.00, 0.00, 0.00, 1, 1,  7,  39.7309376, -83.7068441,   329.0, 2025, 11, 23, 18, 17, 47,      140,      140,  25,   0,   2.2,   0.9,   2.0,  0,  0, 20,  0,  0,  0, 31, 20, 19,  0,  0,  0,  0,  0,  0,  7,  0,  0,  0,  0,  0,  0,  0,  0,  0,  8, 22, 23,  0,  0, 24,  0
6, 11026, 11,KE8EXM,     6.83, 5,   coast,   -9.32,  93271.00,  693.10,  438.11,   33.27, 23.0, 4.11, 4.08, 4.09,  -0.58,  -0.65,  -0.31, 279.10,  12.75,  13.31,  -0.21,   0.01,   0.35,  23.02, 4.10, 0.00, 0.00, 0.00, 0.00, 1, 1,  7,  39.7309376, -83.7068441,   329.0, 2025, 11, 23, 18, 17, 47,      140,      140,  25,   0,   2.2,   0.9,   2.0,  0,  0, 20,  0,  0,  0, 31, 20, 19,  0,  0,  0,  0,  0,  0,  7,  0,  0,  0,  0,  0,  0,  0,  0,  0,  8, 22, 23,  0,  0, 24,  0
6, 11026, 11,KE8EXM,     6.84, 5,   coast,  -10.79,  93256.00,  694.44,  439.45,   33.16, 23.0, 4.11, 4.08, 4.09,  -0.60,  -0.66,  -0.32, 278.97,  12.63,  13.56,  -0.20,   0.02,   0.35,  23.15, 4.10, 0.00, 0.00, 0.00, 0.00, 1, 1,  7,  39.7309376, -83.7068441,   329.0, 2025, 11, 23, 18, 17, 47,      140,      140,  25,   0,   2.2,   0.9,   2.0,  0,  0, 20,  0,  0,  0, 31, 20, 19,  0,  0,  0,  0,  0,  0,  7,  0,  0,  0,  0,  0,  0,  0,  0,  0,  8, 22, 23,  0,  0, 24,  0
6, 11026, 11,KE8EXM,     6.85, 5,   coast,  -11.77,  93256.00,  694.44,  439.45,   33.06, 23.0, 4.11, 4.08, 4.09,  -0.57,  -0.70,  -0.32, 278.30,  12.38,  13.50,  -0.20,   0.02,   0.35,  23.26, 4.10, 0.00, 0.00, 0.00, 0.00, 1, 1,  7,  39.7309376, -83.7068441,   329.0, 2025, 11, 23, 18, 17, 47,      140,      140,  25,   0,   2.2,   0.9,   2.0,  0,  0, 20,  0,  0,  0, 31, 20, 19,  0,  0,  0,  0,  0,  0,  7,  0,  0,  0,  0,  0,  0,  0,  0,  0,  8, 22, 23,  0,  0, 24,  0
6, 11026, 11,KE8EXM,     6.86, 5,   coast,   -9.32,  93248.00,  695.15,  440.16,   32.95, 23.0, 4.11, 4.08, 4.09,  -0.53,  -0.65,  -0.34, 277.57,  12.32,  13.56,  -0.20,   0.03,   0.35,  23.37, 4.10, 0.00, 0.00, 0.00, 0.00, 1, 1,  7,  39.7309376, -83.7068441,   329.0, 2025, 11, 23, 18, 17, 47,      140,      140,  25,   0,   2.2,   0.9,   2.0,  0,  0, 20,  0,  0,  0, 31, 20, 19,  0,  0,  0,  0,  0,  0,  7,  0,  0,  0,  0,  0,  0,  0,  0,  0,  8, 22, 23,  0,  0, 24,  0
6, 11026, 11,KE8EXM,     6.87, 5,   coast,   -9.81,  93248.00,  695.15,  440.16,   32.85, 23.0, 4.11, 4.08, 4.09,  -0.57,  -0.56,  -0.27, 276.59,  12.08,  13.56,  -0.20,   0.03,   0.35,  23.48, 4.10, 0.00, 0.00, 0.00, 0.00, 1, 1,  7,  39.7309376, -83.7068441,   329.0, 2025, 11, 23, 18, 17, 47,      140,      140,  25,   0,   2.2,   0.9,   2.0,  0,  0, 20,  0,  0,  0, 31, 20, 19,  0,  0,  0,  0,  0,  0,  7,  0,  0,  0,  0,  0,  0,  0,  0,  0,  8, 22, 23,  0,  0, 24,  0
6, 11026, 11,KE8EXM,     6.88, 5,   coast,   -9.81,  93251.00,  694.88,  439.89,   32.76, 23.0, 4.11, 4.08, 4.09,  -0.51,  -0.63,  -0.32, 276.35,  11.53,  13.56,  -0.20,   0.03,   0.35,  23.58, 4.10, 0.00, 0.00, 0.00, 0.00, 1, 1,  7,  39.7309376, -83.7068441,   329.0, 2025, 11, 23, 18, 17, 47,      140,      140,  25,   0,   2.2,   0.9,   2.0,  0,  0, 20,  0,  0,  0, 31, 20, 19,  0,  0,  0,  0,  0,  0,  7,  0,  0,  0,  0,  0,  0,  0,  0,  0,  8, 22, 23,  0,  0, 24,  0
6, 11026, 11,KE8EXM,     6.89, 5,   coast,   -8.34,  93251.00,  694.88,  439.89,   32.66, 23.0, 4.11, 4.08, 4.09,  -0.55,  -0.65,  -0.35, 275.74,  11.96,  13.74,  -0.20,   0.03,   0.35,  23.67, 4.10, 0.00, 0.00, 0.00, 0.00, 1, 1,  7,  39.7309376, -83.7068441,   329.0, 2025, 11, 23, 18, 17, 47,      140,      140,  25,   0,   2.2,   0.9,   2.0,  0,  0, 20,  0,  0,  0, 31, 20, 19,  0,  0,  0,  0,  0,  0,  7,  0,  0,  0,  0,  0,  0,  0,  0,  0,  8, 22, 23,  0,  0, 24,  0
6, 11026, 11,KE8EXM,     6.90, 5,   coast,   -8.83,  93235.00,  696.31,  441.32,   32.56, 23.0, 4.11, 4.08, 4.09,  -0.53,  -0.69,  -0.29, 274.95,  11.59,  13.68,  -0.21,   0.03,   0.35,  23.76, 4.10, 0.00, 0.00, 0.00, 0.00, 1, 1,  7,  39.7309376, -83.7068441,   329.0, 2025, 11, 23, 18, 17, 47,      140,      140,  25,   0,   2.2,   0.9,   2.0,  0,  0, 20,  0,  0,  0, 31, 20, 19,  0,  0,  0,  0,  0,  0,  7,  0,  0,  0,  0,  0,  0,  0,  0,  0,  8, 22, 23,  0,  0, 24,  0
6, 11026, 11,KE8EXM,     6.91, 5,   coast,  -11.28,  93235.00,  696.31,  441.32,   32.46, 23.0, 4.11, 4.08, 4.09,  -0.55,  -0.70,  -0.28, 273.91,  11.35,  13.68,  -0.21,   0.04,   0.34,  23.84, 4.10, 0.00, 0.00, 0.00, 0.00, 1, 1,  7,  39.7309376, -83.7068441,   329.0, 2025, 11, 23, 18, 17, 47,      140,      140,  25,   0,   2.2,   0.9,   2.0,  0,  0, 20,  0,  0,  0, 31, 20, 19,  0,  0,  0,  0,  0,  0,  7,  0,  0,  0,  0,  0,  0,  0,  0,  0,  8, 22, 23,  0,  0, 24,  0
6, 11026, 11,KE8EXM,     6.92, 5,   coast,  -10.30,  93224.00,  697.29,  442.30,   32.36, 23.0, 4.11, 4.08, 4.09,  -0.56,  -0.60,  -0.31, 273.30,  10.98,  13.86,  -0.21,   0.04,   0.34,  23.92, 4.10, 0.00, 0.00, 0.00, 0.00, 1, 1,  7,  39.7309376, -83.7068441,   329.0, 2025, 11, 23, 18, 17, 47,      140,      140,  25,   0,   2.2,   0.9,   2.0,  0,  0, 20,  0,  0,  0, 31, 20, 19,  0,  0,  0,  0,  0,  0,  7,  0,  0,  0,  0,  0,  0,  0,  0,  0,  8, 22, 23,  0,  0, 24,  0
6, 11026, 11,KE8EXM,     6.93, 5,   coast,  -11.77,  93224.00,  697.29,  442.30,   32.25, 23.0, 4.11, 4.08, 4.09,  -0.55,  -0.57,  -0.20, 272.75,  11.35,  13.86,  -0.21,   0.04,   0.34,  23.99, 4.10, 0.00, 0.00, 0.00, 0.00, 1, 1,  7,  39.7309376, -83.7068441,   329.0, 2025, 11, 23, 18, 17, 47,      140,      140,  25,   0,   2.2,   0.9,   2.0,  0,  0, 20,  0,  0,  0, 31, 20, 19,  0,  0,  0,  0,  0,  0,  7,  0,  0,  0,  0,  0,  0,  0,  0,  0,  8, 22, 23,  0,  0, 24,  0
6, 11026, 11,KE8EXM,     6.94, 5,   coast,  -10.79,  93226.00,  697.11,  442.12,   32.15, 23.0, 4.11, 4.08, 4.09,  -0.51,  -0.58,  -0.24, 272.56,  10.68,  13.68,  -0.21,   0.04,   0.34,  24.05, 4.10, 0.00, 0.00, 0.00, 0.00, 1, 1,  7,  39.7309376, -83.7068441,   329.0, 2025, 11, 23, 18, 17, 47,      140,      140,  25,   0,   2.2,   0.9,   2.0,  0,  0, 20,  0,  0,  0, 31, 20, 19,  0,  0,  0,  0,  0,  0,  7,  0,  0,  0,  0,  0,  0,  0,  0,  0,  8, 22, 23,  0,  0, 24,  0
6, 11026, 11,KE8EXM,     6.95, 5,   coast,  -10.30,  93226.00,  697.11,  442.12,   32.04, 23.0, 4.11, 4.08, 4.09,  -0.52,  -0.55,  -0.20, 272.26,  10.37,  13.80,  -0.21,   0.05,   0.34,  24.11, 4.10, 0.00, 0.00, 0.00, 0.00, 1, 1,  7,  39.7309376, -83.7068441,   329.0, 2025, 11, 23, 18, 17, 47,      140,      140,  25,   0,   2.2,   0.9,   2.0,  0,  0, 20,  0,  0,  0, 31, 20, 19,  0,  0,  0,  0,  0,  0,  7,  0,  0,  0,  0,  0,  0,  0,  0,  0,  8, 22, 23,  0,  0, 24,  0
6, 11026, 11,KE8EXM,     6.96, 5,   coast,  -12.26,  93209.00,  698.62,  443.63,   31.92, 23.0, 4.11, 4.08, 4.09,  -0.50,  -0.59,  -0.22, 271.59,  10.19,  13.56,  -0.21,   0.05,   0.34,  24.17, 4.10, 0.00, 0.00, 0.00, 0.00, 1, 1,  7,  39.7309376, -83.7068441,   329.0, 2025, 11, 23, 18, 17, 47,      140,      140,  25,   0,   2.2,   0.9,   2.0,  0,  0, 20,  0,  0,  0, 31, 20, 19,  0,  0,  0,  0,  0,  0,  7,  0,  0,  0,  0,  0,  0,  0,  0,  0,  8, 22, 23,  0,  0, 24,  0
6, 11026, 11,KE8EXM,     6.97, 5,   coast,  -12.26,  93209.00,  698.62,  443.63,   31.81, 23.0, 4.11, 4.08, 4.09,  -0.50,  -0.61,  -0.15, 270.86,  10.19,  13.74,  -0.21,   0.05,   0.33,  24.22, 4.10, 0.00, 0.00, 0.00, 0.00, 1, 1,  7,  39.7309376, -83.7068441,   329.0, 2025, 11, 23, 18, 17, 47,      140,      140,  25,   0,   2.2,   0.9,   2.0,  0,  0, 20,  0,  0,  0, 31, 20, 19,  0,  0,  0,  0,  0,  0,  7,  0,  0,  0,  0,  0,  0,  0,  0,  0,  8, 22, 23,  0,  0, 24,  0
6, 11026, 11,KE8EXM,     6.98, 5,   coast,  -10.79,  93208.00,  698.71,  443.72,   31.70, 23.0, 4.11, 4.08, 4.09,  -0.48,  -0.47,  -0.21, 270.18,   9.58,  13.74,  -0.21,   0.05,   0.33,  24.26, 4.10, 0.00, 0.00, 0.00, 0.00, 1, 1,  7,  39.7309376, -83.7068441,   329.0, 2025, 11, 23, 18, 17, 47,      140,      140,  25,   0,   2.2,   0.9,   2.0,  0,  0, 20,  0,  0,  0, 31, 20, 19,  0,  0,  0,  0,  0,  0,  7,  0,  0,  0,  0,  0,  0,  0,  0,  0,  8, 22, 23,  0,  0, 24,  0
6, 11026, 11,KE8EXM,     6.99, 5,   coast,  -10.79,  93208.00,  698.71,  443.72,   31.59, 23.0, 4.11, 4.08, 4.09,  -0.50,  -0.55,  -0.24, 269.64,   9.45,  13.62,  -0.20,   0.05,   0.33,  24.30, 4.10, 0.00, 0.00, 0.00, 0.00, 1, 1,  7,  39.7309376, -83.7068441,   329.0, 2025, 11, 23, 18, 17, 47,      140,      140,  25,   0,   2.2,   0.9,   2.0,  0,  0, 20,  0,  0,  0, 31, 20, 19,  0,  0,  0,  0,  0,  0,  7,  0,  0,  0,  0,  0,  0,  0,  0,  0,  8, 22, 23,  0,  0, 24,  0
6, 11026, 11,KE8EXM,     7.00, 5,   coast,   -9.81,  93215.00,  698.09,  443.10,   31.49, 23.0, 4.11, 4.08, 4.09,  -0.47,  -0.45,  -0.14, 269.15,   9.27,  13.92,  -0.20,   0.05,   0.33,  24.34, 4.10, 0.00, 0.00, 0.00, 0.00, 1, 1,  7,  39.7309376, -83.7068441,   329.0, 2025, 11, 23, 18, 17, 47,      140,      140,  25,   0,   2.2,   0.9,   2.0,  0,  0, 20,  0,  0,  0, 31, 20, 19,  0,  0,  0,  0,  0,  0,  7,  0,  0,  0,  0,  0,  0,  0,  0,  0,  8, 22, 23,  0,  0, 24,  0
6, 11026, 11,KE8EXM,     7.01, 5,   coast,  -10.30,  93215.00,  698.09,  443.10,   31.38, 23.0, 4.11, 4.08, 4.09,  -0.51,  -0.37,  -0.21, 268.66,   8.97,  13.68,  -0.20,   0.05,   0.32,  24.37, 4.10, 0.00, 0.00, 0.00, 0.00, 1, 1,  7,  39.7309376, -83.7068441,   329.0, 2025, 11, 23, 18, 17, 47,      140,      140,  25,   0,   2.2,   0.9,   2.0,  0,  0, 20,  0,  0,  0, 31, 20, 19,  0,  0,  0,  0,  0,  0,  7,  0,  0,  0,  0,  0,  0,  0,  0,  0,  8, 22, 23,  0,  0, 24,  0
6, 11026, 11,KE8EXM,     7.02, 5,   coast,  -11.28,  93196.00,  699.78,  444.79,   31.27, 23.0, 4.11, 4.08, 4.09,  -0.48,  -0.47,  -0.23, 268.05,   8.60,  13.86,  -0.20,   0.06,   0.32,  24.39, 4.10, 0.00, 0.00, 0.00, 0.00, 1, 1,  7,  39.7309376, -83.7068441,   329.0, 2025, 11, 23, 18, 17, 47,      140,      140,  25,   0,   2.2,   0.9,   2.0,  0,  0, 20,  0,  0,  0, 31, 20, 19,  0,  0,  0,  0,  0,  0,  7,  0,  0,  0,  0,  0,  0,  0,  0,  0,  8, 22, 23,  0,  0, 24,  0
6, 11026, 11,KE8EXM,     7.03, 5,   coast,  -10.79,  93196.00,  699.78,  444.79,   31.17, 23.0, 4.11, 4.08, 4.09,  -0.47,  -0.42,  -0.19, 267.01,   8.11,  13.86,  -0.21,   0.06,   0.32,  24.42, 4.10, 0.00, 0.00, 0.00, 0.00, 1, 1,  7,  39.7309376, -83.7068441,   329.0, 2025, 11, 23, 18, 17, 47,      140,      140,  25,   0,   2.2,   0.9,   2.0,  0,  0, 20,  0,  0,  0, 31, 20, 19,  0,  0,  0,  0,  0,  0,  7,  0,  0,  0,  0,  0,  0,  0,  0,  0,  8, 22, 23,  0,  0, 24,  0
6, 11026, 11,KE8EXM,     7.04, 5,   coast,  -12.26,  93180.00,  701.21,  446.22,   31.06, 23.0, 4.11, 4.08, 4.09,  -0.47,  -0.33,  -0.22, 266.34,   8.23,  13.56,  -0.21,   0.06,   0.32,  24.43, 4.10, 0.00, 0.00, 0.00, 0.00, 1, 1,  7,  39.7309376, -83.7068441,   329.0, 2025, 11, 23, 18, 17, 47,      140,      140,  25,   0,   2.2,   0.9,   2.0,  0,  0, 20,  0,  0,  0, 31, 20, 19,  0,  0,  0,  0,  0,  0,  7,  0,  0,  0,  0,  0,  0,  0,  0,  0,  8, 22, 23,  0,  0, 24,  0
6, 11026, 11,KE8EXM,     7.05, 5,   coast,  -10.30,  93180.00,  701.21,  446.22,   30.95, 23.0, 4.11, 4.08, 4.09,  -0.46,  -0.37,  -0.12, 265.48,   7.68,  13.86,  -0.21,   0.06,   0.32,  24.45, 4.10, 0.00, 0.00, 0.00, 0.00, 1, 1,  7,  39.7309376, -83.7068441,   329.0, 2025, 11, 23, 18, 17, 47,      140,      140,  25,   0,   2.2,   0.9,   2.0,  0,  0, 20,  0,  0,  0, 31, 20, 19,  0,  0,  0,  0,  0,  0,  7,  0,  0,  0,  0,  0,  0,  0,  0,  0,  8, 22, 23,  0,  0, 24,  0
6, 11026, 11,KE8EXM,     7.06, 5,   coast,   -9.81,  93178.00,  701.39,  446.39,   30.84, 23.0, 4.11, 4.09, 4.09,  -0.51,  -0.24,  -0.11, 265.00,   7.38,  13.86,  -0.20,   0.06,   0.31,  24.46, 4.09, 0.00, 0.00, 0.00, 0.00, 1, 1,  7,  39.7309376, -83.7068441,   329.0, 2025, 11, 23, 18, 17, 47,      140,      140,  25,   0,   2.2,   0.9,   2.0,  0,  0, 20,  0,  0,  0, 31, 20, 19,  0,  0,  0,  0,  0,  0,  7,  0,  0,  0,  0,  0,  0,  0,  0,  0,  8, 22, 23,  0,  0, 24,  0
6, 11026, 11,KE8EXM,     7.06, 5,   coast,   -9.81,  93178.00,  701.39,  446.39,   30.84, 23.0, 4.11, 4.09, 4.09,  -0.51,  -0.24,  -0.11, 265.00,   7.38,  13.86,  -0.20,   0.06,   0.31,  24.46, 4.09, 0.00, 0.00, 0.00, 0.00, 1, 1,  7,  39.7309376, -83.7068441,   329.0, 2025, 11, 23, 18, 17, 47,      140,      140,  25,   0,   2.2,   0.9,   2.0,  0,  0, 20,  0,  0,  0, 31, 20, 19,  0,  0,  0,  0,  0,  0,  7,  0,  0,  0,  0,  0,  0,  0,  0,  0,  8, 22, 23,  0,  0, 24,  0
6, 11026, 11,KE8EXM,     7.07, 5,   coast,  -11.77,  93178.00,  701.39,  446.39,   30.74, 23.0, 4.11, 4.09, 4.09,  -0.45,  -0.29,  -0.07, 263.78,   7.50,  14.05,  -0.20,   0.06,   0.31,  24.46, 4.09, 0.00, 0.00, 0.00, 0.00, 1, 1,  7,  39.7309376, -83.7068441,   329.0, 2025, 11, 23, 18, 17, 47,      140,      140,  25,   0,   2.2,   0.9,   2.0,  0,  0, 20,  0,  0,  0, 31, 20, 19,  0,  0,  0,  0,  0,  0,  7,  0,  0,  0,  0,  0,  0,  0,  0,  0,  8, 22, 23,  0,  0, 24,  0
6, 11026, 11,KE8EXM,     7.08, 5,   coast,   -9.32,  93177.00,  701.48,  446.48,   30.63, 23.0, 4.11, 4.09, 4.09,  -0.44,  -0.31,  -0.09, 263.04,   7.26,  13.98,  -0.20,   0.06,   0.31,  24.46, 4.09, 0.00, 0.00, 0.00, 0.00, 1, 1,  7,  39.7309376, -83.7068441,   329.0, 2025, 11, 23, 18, 17, 47,      140,      140,  25,   0,   2.2,   0.9,   2.0,  0,  0, 20,  0,  0,  0, 31, 20, 19,  0,  0,  0,  0,  0,  0,  7,  0,  0,  0,  0,  0,  0,  0,  0,  0,  8, 22, 23,  0,  0, 24,  0
6, 11026, 11,KE8EXM,     7.09, 5,   coast,  -11.28,  93177.00,  701.48,  446.48,   30.53, 23.0, 4.11, 4.09, 4.09,  -0.45,  -0.28,  -0.05, 262.43,   6.89,  13.74,  -0.20,   0.06,   0.31,  24.46, 4.09, 0.00, 0.00, 0.00, 0.00, 1, 1,  7,  39.7309376, -83.7068441,   329.0, 2025, 11, 23, 18, 17, 47,      140,      140,  25,   0,   2.2,   0.9,   2.0,  0,  0, 20,  0,  0,  0, 31, 20, 19,  0,  0,  0,  0,  0,  0,  7,  0,  0,  0,  0,  0,  0,  0,  0,  0,  8, 22, 23,  0,  0, 24,  0
6, 11026, 11,KE8EXM,     7.10, 5,   coast,   -9.32,  93172.00,  701.92,  446.93,   30.42, 23.0, 4.11, 4.09, 4.09,  -0.43,  -0.38,  -0.04, 261.70,   6.53,  13.74,  -0.20,   0.06,   0.30,  24.45, 4.09, 0.00, 0.00, 0.00, 0.00, 1, 1,  7,  39.7309376, -83.7068441,   329.0, 2025, 11, 23, 18, 17, 47,      140,      140,  25,   0,   2.2,   0.9,   2.0,  0,  0, 20,  0,  0,  0, 31, 20, 19,  0,  0,  0,  0,  0,  0,  7,  0,  0,  0,  0,  0,  0,  0,  0,  0,  8, 22, 23,  0,  0, 24,  0
6, 11026, 11,KE8EXM,     7.11, 5,   coast,  -11.28,  93172.00,  701.92,  446.93,   30.32, 23.0, 4.11, 4.09, 4.09,  -0.44,  -0.32,  -0.04, 260.66,   5.91,  13.62,  -0.20,   0.06,   0.30,  24.44, 4.09, 0.00, 0.00, 0.00, 0.00, 1, 1,  7,  39.7309376, -83.7068441,   329.0, 2025, 11, 23, 18, 17, 47,      140,      140,  25,   0,   2.2,   0.9,   2.0,  0,  0, 20,  0,  0,  0, 31, 20, 19,  0,  0,  0,  0,  0,  0,  7,  0,  0,  0,  0,  0,  0,  0,  0,  0,  8, 22, 23,  0,  0, 24,  0
6, 11026, 11,KE8EXM,     7.12, 5,   coast,  -11.28,  93162.00,  702.81,  447.82,   30.22, 23.0, 4.11, 4.09, 4.09,  -0.40,  -0.46,  -0.01, 259.56,   5.73,  13.80,  -0.20,   0.06,   0.30,  24.43, 4.09, 0.00, 0.00, 0.00, 0.00, 1, 1,  7,  39.7309376, -83.7068441,   329.0, 2025, 11, 23, 18, 17, 47,      140,      140,  25,   0,   2.2,   0.9,   2.0,  0,  0, 20,  0,  0,  0, 31, 20, 19,  0,  0,  0,  0,  0,  0,  7,  0,  0,  0,  0,  0,  0,  0,  0,  0,  8, 22, 23,  0,  0, 24,  0
6, 11026, 11,KE8EXM,     7.13, 5,   coast,   -9.81,  93162.00,  702.81,  447.82,   30.11, 23.0, 4.11, 4.09, 4.09,  -0.45,  -0.39,   0.00, 258.83,   5.43,  13.80,  -0.20,   0.06,   0.30,  24.42, 4.09, 0.00, 0.00, 0.00, 0.00, 1, 1,  7,  39.7309376, -83.7068441,   329.0, 2025, 11, 23, 18, 17, 47,      140,      140,  25,   0,   2.2,   0.9,   2.0,  0,  0, 20,  0,  0,  0, 31, 20, 19,  0,  0,  0,  0,  0,  0,  7,  0,  0,  0,  0,  0,  0,  0,  0,  0,  8, 22, 23,  0,  0, 24,  0
6, 11026, 11,KE8EXM,     7.14, 5,   coast,  -10.30,  93153.00,  703.61,  448.62,   30.01, 23.0, 4.11, 4.09, 4.09,  -0.43,  -0.41,   0.01, 257.61,   5.12,  13.37,  -0.20,   0.06,   0.30,  24.40, 4.09, 0.00, 0.00, 0.00, 0.00, 1, 1,  7,  39.7309376, -83.7068441,   329.0, 2025, 11, 23, 18, 17, 47,      140,      140,  25,   0,   2.2,   0.9,   2.0,  0,  0, 20,  0,  0,  0, 31, 20, 19,  0,  0,  0,  0,  0,  0,  7,  0,  0,  0,  0,  0,  0,  0,  0,  0,  8, 22, 23,  0,  0, 24,  0
6, 11026, 11,KE8EXM,     7.15, 5,   coast,   -8.83,  93153.00,  703.61,  448.62,   29.91, 23.0, 4.11, 4.09, 4.09,  -0.40,  -0.47,  -0.02, 256.76,   4.88,  13.19,  -0.20,   0.06,   0.29,  24.38, 4.09, 0.00, 0.00, 0.00, 0.00, 1, 1,  7,  39.7309376, -83.7068441,   329.0, 2025, 11, 23, 18, 17, 47,      140,      140,  25,   0,   2.2,   0.9,   2.0,  0,  0, 20,  0,  0,  0, 31, 20, 19,  0,  0,  0,  0,  0,  0,  7,  0,  0,  0,  0,  0,  0,  0,  0,  0,  8, 22, 23,  0,  0, 24,  0
6, 11026, 11,KE8EXM,     7.16, 5,   coast,  -11.28,  93149.00,  703.97,  448.98,   29.80, 23.0, 4.11, 4.09, 4.09,  -0.42,  -0.35,  -0.01, 255.23,   4.51,  13.13,  -0.20,   0.06,   0.29,  24.35, 4.09, 0.00, 0.00, 0.00, 0.00, 1, 1,  7,  39.7309376, -83.7068441,   329.0, 2025, 11, 23, 18, 17, 47,      140,      140,  25,   0,   2.2,   0.9,   2.0,  0,  0, 20,  0,  0,  0, 31, 20, 19,  0,  0,  0,  0,  0,  0,  7,  0,  0,  0,  0,  0,  0,  0,  0,  0,  8, 22, 23,  0,  0, 24,  0
6, 11026, 11,KE8EXM,     7.16, 5,   coast,  -11.28,  93149.00,  703.97,  448.98,   29.80, 23.0, 4.11, 4.09, 4.09,  -0.42,  -0.35,  -0.01, 255.23,   4.51,  13.13,  -0.20,   0.06,   0.29,  24.35, 4.09, 0.00, 0.00, 0.00, 0.00, 1, 1,  7,  39.7309376, -83.7068441,   329.0, 2025, 11, 23, 18, 17, 47,      140,      140,  25,   0,   2.2,   0.9,   2.0,  0,  0, 20,  0,  0,  0, 31, 20, 19,  0,  0,  0,  0,  0,  0,  7,  0,  0,  0,  0,  0,  0,  0,  0,  0,  8, 22, 23,  0,  0, 24,  0
6, 11026, 11,KE8EXM,     7.16, 5,   coast,  -11.28,  93149.00,  703.97,  448.98,   29.80, 23.0, 4.11, 4.09, 4.09,  -0.42,  -0.35,  -0.01, 255.23,   4.51,  13.13,  -0.20,   0.06,   0.29,  24.35, 4.09, 0.00, 0.00, 0.00, 0.00, 1, 1,  7,  39.7309376, -83.7068441,   329.0, 2025, 11, 23, 18, 17, 47,      140,      140,  25,   0,   2.2,   0.9,   2.0,  0,  0, 20,  0,  0,  0, 31, 20, 19,  0,  0,  0,  0,  0,  0,  7,  0,  0,  0,  0,  0,  0,  0,  0,  0,  8, 22, 23,  0,  0, 24,  0
6, 11026, 11,KE8EXM,     7.17, 5,   coast,  -10.79,  93149.00,  703.97,  448.98,   29.70, 23.0, 4.11, 4.09, 4.09,  -0.45,  -0.36,   0.11, 254.07,   4.08,  12.95,  -0.20,   0.06,   0.29,  24.33, 4.09, 0.00, 0.00, 0.00, 0.00, 1, 1,  7,  39.7309989, -83.7067615,   330.0, 2025, 11, 23, 18, 17, 48,      149,      149,  26,   1,   2.2,   0.9,   2.0,  0,  0, 21, 22,  0,  0, 23, 23, 18,  0,  0,  0,  0,  0,  0,  7,  0,  0,  0,  0,  0,  0,  0,  0,  0,  8, 23, 30,  0,  0, 22,  0
6, 11026, 11,KE8EXM,     7.18, 5,   coast,  -11.28,  93149.00,  703.97,  448.98,   29.59, 23.0, 4.11, 4.09, 4.09,  -0.40,  -0.39,   0.09, 253.03,   3.41,  13.01,  -0.20,   0.07,   0.29,  24.31, 4.09, 0.00, 0.00, 0.00, 0.00, 1, 1,  7,  39.7309989, -83.7067615,   330.0, 2025, 11, 23, 18, 17, 48,      149,      149,  26,   1,   2.2,   0.9,   2.0,  0,  0, 21, 22,  0,  0, 23, 23, 18,  0,  0,  0,  0,  0,  0,  7,  0,  0,  0,  0,  0,  0,  0,  0,  0,  8, 23, 30,  0,  0, 22,  0
6, 11026, 11,KE8EXM,     7.19, 5,   coast,  -11.77,  93149.00,  703.97,  448.98,   29.48, 23.0, 4.11, 4.09, 4.09,  -0.41,  -0.39,   0.04, 252.36,   3.41,  12.64,  -0.20,   0.07,   0.29,  24.28, 4.09, 0.00, 0.00, 0.00, 0.00, 1, 1,  7,  39.7309989, -83.7067615,   330.0, 2025, 11, 23, 18, 17, 48,      149,      149,  26,   1,   2.2,   0.9,   2.0,  0,  0, 21, 22,  0,  0, 23, 23, 18,  0,  0,  0,  0,  0,  0,  7,  0,  0,  0,  0,  0,  0,  0,  0,  0,  8, 23, 30,  0,  0, 22,  0
6, 11026, 11,KE8EXM,     7.20, 5,   coast,  -11.28,  93133.00,  705.40,  450.40,   29.37, 23.0, 4.11, 4.09, 4.09,  -0.41,  -0.50,  -0.01, 252.06,   2.99,  12.52,  -0.20,   0.07,   0.28,  24.25, 4.09, 0.00, 0.00, 0.00, 0.00, 1, 1,  7,  39.7309989, -83.7067615,   330.0, 2025, 11, 23, 18, 17, 48,      149,      149,  26,   1,   2.2,   0.9,   2.0,  0,  0, 21, 22,  0,  0, 23, 23, 18,  0,  0,  0,  0,  0,  0,  7,  0,  0,  0,  0,  0,  0,  0,  0,  0,  8, 23, 30,  0,  0, 22,  0
6, 11026, 11,KE8EXM,     7.21, 5,   coast,  -10.30,  93133.00,  705.40,  450.40,   29.27, 23.0, 4.11, 4.09, 4.09,  -0.41,  -0.40,   0.05, 251.63,   2.56,  12.34,  -0.20,   0.07,   0.28,  24.22, 4.09, 0.00, 0.00, 0.00, 0.00, 1, 1,  7,  39.7309989, -83.7067615,   330.0, 2025, 11, 23, 18, 17, 48,      149,      149,  26,   1,   2.2,   0.9,   2.0,  0,  0, 21, 22,  0,  0, 23, 23, 18,  0,  0,  0,  0,  0,  0,  7,  0,  0,  0,  0,  0,  0,  0,  0,  0,  8, 23, 30,  0,  0, 22,  0
6, 11026, 11,KE8EXM,     7.22, 5,   coast,   -8.34,  93134.00,  705.31,  450.31,   29.17, 23.0, 4.11, 4.09, 4.09,  -0.37,  -0.41,   0.02, 250.96,   2.50,  11.85,  -0.20,   0.06,   0.28,  24.18, 4.09, 0.00, 0.00, 0.00, 0.00, 1, 1,  7,  39.7309989, -83.7067615,   330.0, 2025, 11, 23, 18, 17, 48,      149,      149,  26,   1,   2.2,   0.9,   2.0,  0,  0, 21, 22,  0,  0, 23, 23, 18,  0,  0,  0,  0,  0,  0,  7,  0,  0,  0,  0,  0,  0,  0,  0,  0,  8, 23, 30,  0,  0, 22,  0
6, 11026, 11,KE8EXM,     7.23, 5,   coast,   -9.81,  93134.00,  705.31,  450.31,   29.07, 23.0, 4.11, 4.09, 4.09,  -0.37,  -0.50,  -0.03, 250.53,   2.50,  11.66,  -0.20,   0.06,   0.28,  24.15, 4.09, 0.00, 0.00, 0.00, 0.00, 1, 1,  7,  39.7309989, -83.7067615,   330.0, 2025, 11, 23, 18, 17, 48,      149,      149,  26,   1,   2.2,   0.9,   2.0,  0,  0, 21, 22,  0,  0, 23, 23, 18,  0,  0,  0,  0,  0,  0,  7,  0,  0,  0,  0,  0,  0,  0,  0,  0,  8, 23, 30,  0,  0, 22,  0
6, 11026, 11,KE8EXM,     7.24, 5,   coast,   -8.83,  93118.00,  706.73,  451.74,   28.97, 23.0, 4.11, 4.09, 4.09,  -0.40,  -0.44,   0.06, 250.16,   2.13,  11.48,  -0.20,   0.06,   0.28,  24.11, 4.09, 0.00, 0.00, 0.00, 0.00, 1, 1,  7,  39.7309989, -83.7067615,   330.0, 2025, 11, 23, 18, 17, 48,      149,      149,  26,   1,   2.2,   0.9,   2.0,  0,  0, 21, 22,  0,  0, 23, 23, 18,  0,  0,  0,  0,  0,  0,  7,  0,  0,  0,  0,  0,  0,  0,  0,  0,  8, 23, 30,  0,  0, 22,  0
6, 11026, 11,KE8EXM,     7.25, 5,   coast,  -11.28,  93118.00,  706.73,  451.74,   28.87, 23.0, 4.11, 4.09, 4.09,  -0.34,  -0.55,   0.06, 248.82,   1.52,  11.12,  -0.20,   0.06,   0.28,  24.07, 4.09, 0.00, 0.00, 0.00, 0.00, 1, 1,  7,  39.7309989, -83.7067615,   330.0, 2025, 11, 23, 18, 17, 48,      149,      149,  26,   1,   2.2,   0.9,   2.0,  0,  0, 21, 22,  0,  0, 23, 23, 18,  0,  0,  0,  0,  0,  0,  7,  0,  0,  0,  0,  0,  0,  0,  0,  0,  8, 23, 30,  0,  0, 22,  0
6, 11026, 11,KE8EXM,     7.26, 5,   coast,  -10.79,  93121.00,  706.47,  451.47,   28.77, 23.0, 4.11, 4.09, 4.09,  -0.37,  -0.48,   0.22, 248.21,   1.52,  10.87,  -0.20,   0.06,   0.27,  24.03, 4.09, 0.00, 0.00, 0.00, 0.00, 1, 1,  7,  39.7309989, -83.7067615,   330.0, 2025, 11, 23, 18, 17, 48,      149,      149,  26,   1,   2.2,   0.9,   2.0,  0,  0, 21, 22,  0,  0, 23, 23, 18,  0,  0,  0,  0,  0,  0,  7,  0,  0,  0,  0,  0,  0,  0,  0,  0,  8, 23, 30,  0,  0, 22,  0
6, 11026, 11,KE8EXM,     7.27, 5,   coast,   -8.34,  93121.00,  706.47,  451.47,   28.67, 23.0, 4.11, 4.09, 4.09,  -0.37,  -0.60,   0.05, 248.33,   1.34,  10.44,  -0.20,   0.06,   0.27,  23.99, 4.09, 0.00, 0.00, 0.00, 0.00, 1, 1,  7,  39.7309989, -83.7067615,   330.0, 2025, 11, 23, 18, 17, 48,      149,      149,  26,   1,   2.2,   0.9,   2.0,  0,  0, 21, 22,  0,  0, 23, 23, 18,  0,  0,  0,  0,  0,  0,  7,  0,  0,  0,  0,  0,  0,  0,  0,  0,  8, 23, 30,  0,  0, 22,  0
6, 11026, 11,KE8EXM,     7.28, 5,   coast,  -11.28,  93116.00,  706.91,  451.92,   28.57, 23.0, 4.11, 4.09, 4.09,  -0.34,  -0.55,   0.15, 247.60,   0.97,  10.14,  -0.20,   0.06,   0.27,  23.95, 4.09, 0.00, 0.00, 0.00, 0.00, 1, 1,  7,  39.7309989, -83.7067615,   330.0, 2025, 11, 23, 18, 17, 48,      149,      149,  26,   1,   2.2,   0.9,   2.0,  0,  0, 21, 22,  0,  0, 23, 23, 18,  0,  0,  0,  0,  0,  0,  7,  0,  0,  0,  0,  0,  0,  0,  0,  0,  8, 23, 30,  0,  0, 22,  0
6, 11026, 11,KE8EXM,     7.29, 5,   coast,  -11.28,  93116.00,  706.91,  451.92,   28.47, 23.0, 4.11, 4.09, 4.09,  -0.37,  -0.52,   0.04, 247.42,   0.79,   9.89,  -0.20,   0.06,   0.27,  23.91, 4.09, 0.00, 0.00, 0.00, 0.00, 1, 1,  7,  39.7309989, -83.7067615,   330.0, 2025, 11, 23, 18, 17, 48,      149,      149,  26,   1,   2.2,   0.9,   2.0,  0,  0, 21, 22,  0,  0, 23, 23, 18,  0,  0,  0,  0,  0,  0,  7,  0,  0,  0,  0,  0,  0,  0,  0,  0,  8, 23, 30,  0,  0, 22,  0
6, 11026, 11,KE8EXM,     7.30, 5,   coast,   -9.32,  93102.00,  708.16,  453.17,   28.36, 23.0, 4.11, 4.09, 4.09,  -0.33,  -0.64,   0.13, 247.36,   0.42,   9.16,  -0.20,   0.06,   0.27,  23.87, 4.09, 0.00, 0.00, 0.00, 0.00, 1, 1,  7,  39.7309989, -83.7067615,   330.0, 2025, 11, 23, 18, 17, 48,      149,      149,  26,   1,   2.2,   0.9,   2.0,  0,  0, 21, 22,  0,  0, 23, 23, 18,  0,  0,  0,  0,  0,  0,  7,  0,  0,  0,  0,  0,  0,  0,  0,  0,  8, 23, 30,  0,  0, 22,  0
6, 11026, 11,KE8EXM,     7.31, 5,   coast,   -9.81,  93102.00,  708.16,  453.17,   28.26, 23.0, 4.11, 4.09, 4.09,  -0.33,  -0.65,   0.11, 246.75,   0.18,   8.80,  -0.20,   0.06,   0.27,  23.83, 4.09, 0.00, 0.00, 0.00, 0.00, 1, 1,  7,  39.7309989, -83.7067615,   330.0, 2025, 11, 23, 18, 17, 48,      149,      149,  26,   1,   2.2,   0.9,   2.0,  0,  0, 21, 22,  0,  0, 23, 23, 18,  0,  0,  0,  0,  0,  0,  7,  0,  0,  0,  0,  0,  0,  0,  0,  0,  8, 23, 30,  0,  0, 22,  0
6, 11026, 11,KE8EXM,     7.32, 5,   coast,  -11.28,  93097.00,  708.60,  453.61,   28.16, 23.0, 4.11, 4.09, 4.09,  -0.34,  -0.65,   0.17, 245.89,   0.12,   8.43,  -0.20,   0.06,   0.27,  23.79, 4.09, 0.00, 0.00, 0.00, 0.00, 1, 1,  7,  39.7309989, -83.7067615,   330.0, 2025, 11, 23, 18, 17, 48,      149,      149,  26,   1,   2.2,   0.9,   2.0,  0,  0, 21, 22,  0,  0, 23, 23, 18,  0,  0,  0,  0,  0,  0,  7,  0,  0,  0,  0,  0,  0,  0,  0,  0,  8, 23, 30,  0,  0, 22,  0
6, 11026, 11,KE8EXM,     7.33, 5,   coast,  -11.28,  93097.00,  708.60,  453.61,   28.05, 23.0, 4.11, 4.09, 4.09,  -0.31,  -0.68,   0.18, 245.53,   0.30,   8.00,  -0.20,   0.06,   0.27,  23.75, 4.09, 0.00, 0.00, 0.00, 0.00, 1, 1,  7,  39.7309989, -83.7067615,   330.0, 2025, 11, 23, 18, 17, 48,      149,      149,  26,   1,   2.2,   0.9,   2.0,  0,  0, 21, 22,  0,  0, 23, 23, 18,  0,  0,  0,  0,  0,  0,  7,  0,  0,  0,  0,  0,  0,  0,  0,  0,  8, 23, 30,  0,  0, 22,  0
6, 11026, 11,KE8EXM,     7.34, 5,   coast,  -10.30,  93101.00,  708.25,  453.26,   27.95, 23.0, 4.11, 4.09, 4.09,  -0.39,  -0.65,   0.09, 245.28,  -0.49,   7.51,  -0.20,   0.06,   0.26,  23.72, 4.09, 0.00, 0.00, 0.00, 0.00, 1, 1,  7,  39.7309989, -83.7067615,   330.0, 2025, 11, 23, 18, 17, 48,      149,      149,  26,   1,   2.2,   0.9,   2.0,  0,  0, 21, 22,  0,  0, 23, 23, 18,  0,  0,  0,  0,  0,  0,  7,  0,  0,  0,  0,  0,  0,  0,  0,  0,  8, 23, 30,  0,  0, 22,  0
6, 11026, 11,KE8EXM,     7.35, 5,   coast,  -10.30,  93101.00,  708.25,  453.26,   27.84, 23.0, 4.11, 4.09, 4.09,  -0.36,  -0.73,   0.21, 244.49,  -0.31,   6.90,  -0.20,   0.06,   0.26,  23.68, 4.09, 0.00, 0.00, 0.00, 0.00, 1, 1,  7,  39.7309989, -83.7067615,   330.0, 2025, 11, 23, 18, 17, 48,      149,      149,  26,   1,   2.2,   0.9,   2.0,  0,  0, 21, 22,  0,  0, 23, 23, 18,  0,  0,  0,  0,  0,  0,  7,  0,  0,  0,  0,  0,  0,  0,  0,  0,  8, 23, 30,  0,  0, 22,  0
6, 11026, 11,KE8EXM,     7.36, 5,   coast,   -9.81,  93083.00,  709.85,  454.86,   27.74, 23.0, 4.11, 4.09, 4.09,  -0.35,  -0.65,   0.11, 244.37,  -0.80,   6.54,  -0.20,   0.05,   0.26,  23.65, 4.09, 0.00, 0.00, 0.00, 0.00, 1, 1,  7,  39.7309989, -83.7067615,   330.0, 2025, 11, 23, 18, 17, 48,      149,      149,  26,   1,   2.2,   0.9,   2.0,  0,  0, 21, 22,  0,  0, 23, 23, 18,  0,  0,  0,  0,  0,  0,  7,  0,  0,  0,  0,  0,  0,  0,  0,  0,  8, 23, 30,  0,  0, 22,  0
6, 11026, 11,KE8EXM,     7.37, 5,   coast,  -10.30,  93083.00,  709.85,  454.86,   27.64, 23.0, 4.11, 4.09, 4.09,  -0.34,  -0.70,   0.12, 244.06,  -0.68,   6.11,  -0.20,   0.05,   0.26,  23.62, 4.09, 0.00, 0.00, 0.00, 0.00, 1, 1,  7,  39.7309989, -83.7067615,   330.0, 2025, 11, 23, 18, 17, 48,      149,      149,  26,   1,   2.2,   0.9,   2.0,  0,  0, 21, 22,  0,  0, 23, 23, 18,  0,  0,  0,  0,  0,  0,  7,  0,  0,  0,  0,  0,  0,  0,  0,  0,  8, 23, 30,  0,  0, 22,  0
6, 11026, 11,KE8EXM,     7.38, 5,   coast,  -11.28,  93075.00,  710.57,  455.57,   27.53, 23.0, 4.09, 4.07, 4.08,  -0.31,  -0.70,   0.09, 244.18,  -0.68,   5.68,  -0.20,   0.05,   0.26,  23.58, 4.09, 0.00, 0.00, 0.00, 0.17, 1, 1,  7,  39.7309989, -83.7067615,   330.0, 2025, 11, 23, 18, 17, 48,      149,      149,  26,   1,   2.2,   0.9,   2.0,  0,  0, 21, 22,  0,  0, 23, 23, 18,  0,  0,  0,  0,  0,  0,  7,  0,  0,  0,  0,  0,  0,  0,  0,  0,  8, 23, 30,  0,  0, 22,  0
6, 11026, 11,KE8EXM,     7.38, 5,   coast,  -11.28,  93075.00,  710.57,  455.57,   27.53, 23.0, 4.09, 4.07, 4.08,  -0.31,  -0.70,   0.09, 244.18,  -0.68,   5.68,  -0.20,   0.05,   0.26,  23.58, 4.09, 0.00, 0.00, 0.00, 0.17, 1, 1,  7,  39.7309989, -83.7067615,   330.0, 2025, 11, 23, 18, 17, 48,      149,      149,  26,   1,   2.2,   0.9,   2.0,  0,  0, 21, 22,  0,  0, 23, 23, 18,  0,  0,  0,  0,  0,  0,  7,  0,  0,  0,  0,  0,  0,  0,  0,  0,  8, 23, 30,  0,  0, 22,  0
6, 11026, 11,KE8EXM,     7.39, 5,   coast,  -10.79,  93075.00,  710.57,  455.57,   27.43, 23.0, 4.09, 4.07, 4.08,  -0.35,  -0.63,   0.04, 243.88,  -0.92,   5.01,  -0.20,   0.05,   0.26,  23.56, 4.09, 0.00, 0.00, 0.00, 0.17, 1, 1,  7,  39.7309989, -83.7067615,   330.0, 2025, 11, 23, 18, 17, 48,      149,      149,  26,   1,   2.2,   0.9,   2.0,  0,  0, 21, 22,  0,  0, 23, 23, 18,  0,  0,  0,  0,  0,  0,  7,  0,  0,  0,  0,  0,  0,  0,  0,  0,  8, 23, 30,  0,  0, 22,  0
6, 11026, 11,KE8EXM,     7.40, 5,   coast,   -9.32,  93077.00,  710.39,  455.40,   27.33, 23.0, 4.09, 4.07, 4.08,  -0.31,  -0.80,   0.02, 244.00,  -0.74,   4.58,  -0.20,   0.05,   0.26,  23.53, 4.09, 0.00, 0.00, 0.00, 0.17, 1, 1,  7,  39.7309989, -83.7067615,   330.0, 2025, 11, 23, 18, 17, 48,      149,      149,  26,   1,   2.2,   0.9,   2.0,  0,  0, 21, 22,  0,  0, 23, 23, 18,  0,  0,  0,  0,  0,  0,  7,  0,  0,  0,  0,  0,  0,  0,  0,  0,  8, 23, 30,  0,  0, 22,  0
6, 11026, 11,KE8EXM,     7.41, 5,   coast,   -8.83,  93077.00,  710.39,  455.40,   27.23, 23.0, 4.09, 4.07, 4.08,  -0.32,  -0.78,  -0.04, 243.45,  -0.92,   3.97,  -0.20,   0.05,   0.26,  23.51, 4.09, 0.00, 0.00, 0.00, 0.17, 1, 1,  7,  39.7309989, -83.7067615,   330.0, 2025, 11, 23, 18, 17, 48,      149,      149,  26,   1,   2.2,   0.9,   2.0,  0,  0, 21, 22,  0,  0, 23, 23, 18,  0,  0,  0,  0,  0,  0,  7,  0,  0,  0,  0,  0,  0,  0,  0,  0,  8, 23, 30,  0,  0, 22,  0
6, 11026, 11,KE8EXM,     7.42, 5,   coast,   -9.81,  93065.00,  711.46,  456.47,   27.14, 23.0, 4.09, 4.07, 4.08,  -0.34,  -0.80,  -0.02, 243.51,  -0.49,   3.24,  -0.20,   0.05,   0.26,  23.48, 4.09, 0.00, 0.00, 0.00, 0.17, 1, 1,  7,  39.7309989, -83.7067615,   330.0, 2025, 11, 23, 18, 17, 48,      149,      149,  26,   1,   2.2,   0.9,   2.0,  0,  0, 21, 22,  0,  0, 23, 23, 18,  0,  0,  0,  0,  0,  0,  7,  0,  0,  0,  0,  0,  0,  0,  0,  0,  8, 23, 30,  0,  0, 22,  0
6, 11026, 11,KE8EXM,     7.43, 5,   coast,   -9.32,  93065.00,  711.46,  456.47,   27.04, 23.0, 4.09, 4.07, 4.08,  -0.30,  -0.75,  -0.03, 243.63,  -0.62,   2.69,  -0.20,   0.05,   0.25,  23.47, 4.09, 0.00, 0.00, 0.00, 0.17, 1, 1,  7,  39.7309989, -83.7067615,   330.0, 2025, 11, 23, 18, 17, 48,      149,      149,  26,   1,   2.2,   0.9,   2.0,  0,  0, 21, 22,  0,  0, 23, 23, 18,  0,  0,  0,  0,  0,  0,  7,  0,  0,  0,  0,  0,  0,  0,  0,  0,  8, 23, 30,  0,  0, 22,  0
6, 11026, 11,KE8EXM,     7.44, 5,   coast,   -9.81,  93075.00,  710.57,  455.57,   26.94, 23.0, 4.09, 4.07, 4.08,  -0.32,  -0.73,  -0.07, 243.08,  -0.31,   2.08,  -0.20,   0.05,   0.25,  23.45, 4.09, 0.00, 0.00, 0.00, 0.17, 1, 1,  7,  39.7309989, -83.7067615,   330.0, 2025, 11, 23, 18, 17, 48,      149,      149,  26,   1,   2.2,   0.9,   2.0,  0,  0, 21, 22,  0,  0, 23, 23, 18,  0,  0,  0,  0,  0,  0,  7,  0,  0,  0,  0,  0,  0,  0,  0,  0,  8, 23, 30,  0,  0, 22,  0
6, 11026, 11,KE8EXM,     7.45, 5,   coast,  -10.79,  93075.00,  710.57,  455.57,   26.84, 23.0, 4.09, 4.07, 4.08,  -0.32,  -0.80,  -0.05, 243.39,  -0.19,   1.72,  -0.20,   0.05,   0.25,  23.44, 4.09, 0.00, 0.00, 0.00, 0.17, 1, 1,  7,  39.7309989, -83.7067615,   330.0, 2025, 11, 23, 18, 17, 48,      149,      149,  26,   1,   2.2,   0.9,   2.0,  0,  0, 21, 22,  0,  0, 23, 23, 18,  0,  0,  0,  0,  0,  0,  7,  0,  0,  0,  0,  0,  0,  0,  0,  0,  8, 23, 30,  0,  0, 22,  0
6, 11026, 11,KE8EXM,     7.46, 5,   coast,  -10.30,  93052.00,  712.62,  457.62,   26.74, 23.1, 4.09, 4.07, 4.08,  -0.34,  -0.73,  -0.06, 243.33,  -0.07,   1.17,  -0.20,   0.04,   0.25,  23.43, 4.09, 0.00, 0.00, 0.00, 0.17, 1, 1,  7,  39.7309989, -83.7067615,   330.0, 2025, 11, 23, 18, 17, 48,      149,      149,  26,   1,   2.2,   0.9,   2.0,  0,  0, 21, 22,  0,  0, 23, 23, 18,  0,  0,  0,  0,  0,  0,  7,  0,  0,  0,  0,  0,  0,  0,  0,  0,  8, 23, 30,  0,  0, 22,  0
6, 11026, 11,KE8EXM,     7.47, 5,   coast,  -10.30,  93052.00,  712.62,  457.62,   26.64, 23.1, 4.09, 4.07, 4.08,  -0.34,  -0.72,  -0.09, 243.45,   0.06,   0.56,  -0.20,   0.04,   0.25,  23.42, 4.09, 0.00, 0.00, 0.00, 0.17, 1, 1,  7,  39.7309989, -83.7067615,   330.0, 2025, 11, 23, 18, 17, 48,      149,      149,  26,   1,   2.2,   0.9,   2.0,  0,  0, 21, 22,  0,  0, 23, 23, 18,  0,  0,  0,  0,  0,  0,  7,  0,  0,  0,  0,  0,  0,  0,  0,  0,  8, 23, 30,  0,  0, 22,  0
6, 11026, 11,KE8EXM,     7.48, 5,   coast,   -9.81,  93050.00,  712.80,  457.80,   26.54, 23.1, 4.09, 4.07, 4.08,  -0.35,  -0.65,  -0.07, 243.39,   0.60,   0.25,  -0.20,   0.04,   0.25,  23.42, 4.09, 0.00, 0.00, 0.00, 0.17, 1, 1,  7,  39.7309989, -83.7067615,   330.0, 2025, 11, 23, 18, 17, 48,      149,      149,  26,   1,   2.2,   0.9,   2.0,  0,  0, 21, 22,  0,  0, 23, 23, 18,  0,  0,  0,  0,  0,  0,  7,  0,  0,  0,  0,  0,  0,  0,  0,  0,  8, 23, 30,  0,  0, 22,  0
6, 11026, 11,KE8EXM,     7.49, 5,   coast,   -8.34,  93050.00,  712.80,  457.80,   26.44, 23.1, 4.09, 4.07, 4.08,  -0.31,  -0.68,  -0.15, 242.96,   0.67,  -0.18,  -0.20,   0.04,   0.25,  23.42, 4.09, 0.00, 0.00, 0.00, 0.17, 1, 1,  7,  39.7309989, -83.7067615,   330.0, 2025, 11, 23, 18, 17, 48,      149,      149,  26,   1,   2.2,   0.9,   2.0,  0,  0, 21, 22,  0,  0, 23, 23, 18,  0,  0,  0,  0,  0,  0,  7,  0,  0,  0,  0,  0,  0,  0,  0,  0,  8, 23, 30,  0,  0, 22,  0
6, 11026, 11,KE8EXM,     7.50, 5,   coast,  -11.28,  93044.00,  713.33,  458.34,   26.34, 23.1, 4.09, 4.07, 4.08,  -0.30,  -0.63,  -0.15, 243.02,   1.22,  -0.60,  -0.20,   0.04,   0.25,  23.42, 4.09, 0.00, 0.00, 0.00, 0.17, 1, 1,  7,  39.7309989, -83.7067615,   330.0, 2025, 11, 23, 18, 17, 48,      149,      149,  26,   1,   2.2,   0.9,   2.0,  0,  0, 21, 22,  0,  0, 23, 23, 18,  0,  0,  0,  0,  0,  0,  7,  0,  0,  0,  0,  0,  0,  0,  0,  0,  8, 23, 30,  0,  0, 22,  0
6, 11026, 11,KE8EXM,     7.51, 5,   coast,   -9.32,  93044.00,  713.33,  458.34,   26.24, 23.1, 4.09, 4.07, 4.08,  -0.32,  -0.63,  -0.20, 243.15,   1.22,  -0.97,  -0.20,   0.04,   0.25,  23.42, 4.09, 0.00, 0.00, 0.00, 0.17, 1, 1,  7,  39.7309989, -83.7067615,   330.0, 2025, 11, 23, 18, 17, 48,      149,      149,  26,   1,   2.2,   0.9,   2.0,  0,  0, 21, 22,  0,  0, 23, 23, 18,  0,  0,  0,  0,  0,  0,  7,  0,  0,  0,  0,  0,  0,  0,  0,  0,  8, 23, 30,  0,  0, 22,  0
6, 11026, 11,KE8EXM,     7.52, 5,   coast,  -10.79,  93034.00,  714.22,  459.23,   26.14, 23.1, 4.09, 4.07, 4.08,  -0.33,  -0.65,  -0.27, 243.27,   1.95,  -1.21,  -0.20,   0.04,   0.25,  23.43, 4.09, 0.00, 0.00, 0.00, 0.17, 1, 1,  7,  39.7309989, -83.7067615,   330.0, 2025, 11, 23, 18, 17, 48,      149,      149,  26,   1,   2.2,   0.9,   2.0,  0,  0, 21, 22,  0,  0, 23, 23, 18,  0,  0,  0,  0,  0,  0,  7,  0,  0,  0,  0,  0,  0,  0,  0,  0,  8, 23, 30,  0,  0, 22,  0
6, 11026, 11,KE8EXM,     7.53, 5,   coast,  -10.30,  93034.00,  714.22,  459.23,   26.04, 23.1, 4.09, 4.07, 4.08,  -0.32,  -0.61,  -0.27, 242.96,   2.13,  -1.88,  -0.20,   0.04,   0.25,  23.44, 4.09, 0.00, 0.00, 0.00, 0.17, 1, 1,  7,  39.7309989, -83.7067615,   330.0, 2025, 11, 23, 18, 17, 48,      149,      149,  26,   1,   2.2,   0.9,   2.0,  0,  0, 21, 22,  0,  0, 23, 23, 18,  0,  0,  0,  0,  0,  0,  7,  0,  0,  0,  0,  0,  0,  0,  0,  0,  8, 23, 30,  0,  0, 22,  0
6, 11026, 11,KE8EXM,     7.54, 5,   coast,   -9.32,  93035.00,  714.13,  459.14,   25.94, 23.1, 4.09, 4.07, 4.08,  -0.32,  -0.56,  -0.30, 242.78,   2.56,  -1.95,  -0.20,   0.04,   0.25,  23.46, 4.09, 0.00, 0.00, 0.00, 0.17, 1, 1,  7,  39.7309989, -83.7067615,   330.0, 2025, 11, 23, 18, 17, 48,      149,      149,  26,   1,   2.2,   0.9,   2.0,  0,  0, 21, 22,  0,  0, 23, 23, 18,  0,  0,  0,  0,  0,  0,  7,  0,  0,  0,  0,  0,  0,  0,  0,  0,  8, 23, 30,  0,  0, 22,  0
6, 11026, 11,KE8EXM,     7.55, 5,   coast,  -11.77,  93035.00,  714.13,  459.14,   25.83, 23.1, 4.09, 4.07, 4.08,  -0.29,  -0.61,  -0.32, 243.08,   3.17,  -2.25,  -0.20,   0.04,   0.25,  23.48, 4.09, 0.00, 0.00, 0.00, 0.17, 1, 1,  7,  39.7309989, -83.7067615,   330.0, 2025, 11, 23, 18, 17, 48,      149,      149,  26,   1,   2.2,   0.9,   2.0,  0,  0, 21, 22,  0,  0, 23, 23, 18,  0,  0,  0,  0,  0,  0,  7,  0,  0,  0,  0,  0,  0,  0,  0,  0,  8, 23, 30,  0,  0, 22,  0
6, 11026, 11,KE8EXM,     7.56, 5,   coast,  -11.77,  93028.00,  714.76,  459.77,   25.72, 23.1, 4.09, 4.07, 4.08,  -0.27,  -0.50,  -0.32, 243.08,   3.17,  -2.25,  -0.20,   0.04,   0.24,  23.49, 4.09, 0.00, 0.00, 0.00, 0.17, 1, 1,  7,  39.7309989, -83.7067615,   330.0, 2025, 11, 23, 18, 17, 48,      149,      149,  26,   1,   2.2,   0.9,   2.0,  0,  0, 21, 22,  0,  0, 23, 23, 18,  0,  0,  0,  0,  0,  0,  7,  0,  0,  0,  0,  0,  0,  0,  0,  0,  8, 23, 30,  0,  0, 22,  0
6, 11026, 11,KE8EXM,     7.57, 5,   coast,  -10.79,  93028.00,  714.76,  459.77,   25.62, 23.1, 4.09, 4.07, 4.08,  -0.29,  -0.50,  -0.32, 242.11,   4.14,  -2.50,  -0.20,   0.04,   0.24,  23.52, 4.09, 0.00, 0.00, 0.00, 0.17, 1, 1,  7,  39.7309989, -83.7067615,   330.0, 2025, 11, 23, 18, 17, 48,      149,      149,  26,   1,   2.2,   0.9,   2.0,  0,  0, 21, 22,  0,  0, 23, 23, 18,  0,  0,  0,  0,  0,  0,  7,  0,  0,  0,  0,  0,  0,  0,  0,  0,  8, 23, 30,  0,  0, 22,  0
6, 11026, 11,KE8EXM,     7.58, 5,   coast,   -8.83,  93022.00,  715.29,  460.30,   25.51, 23.1, 4.09, 4.07, 4.08,  -0.29,  -0.45,  -0.33, 242.41,   4.57,  -2.92,  -0.20,   0.04,   0.24,  23.55, 4.09, 0.00, 0.00, 0.00, 0.17, 1, 1,  7,  39.7309989, -83.7067615,   330.0, 2025, 11, 23, 18, 17, 48,      149,      149,  26,   1,   2.2,   0.9,   2.0,  0,  0, 21, 22,  0,  0, 23, 23, 18,  0,  0,  0,  0,  0,  0,  7,  0,  0,  0,  0,  0,  0,  0,  0,  0,  8, 23, 30,  0,  0, 22,  0
6, 11026, 11,KE8EXM,     7.59, 5,   coast,  -10.30,  93022.00,  715.29,  460.30,   25.41, 23.1, 4.09, 4.07, 4.08,  -0.27,  -0.44,  -0.46, 241.56,   5.37,  -3.04,  -0.21,   0.03,   0.24,  23.58, 4.09, 0.00, 0.00, 0.00, 0.17, 1, 1,  7,  39.7309989, -83.7067615,   330.0, 2025, 11, 23, 18, 17, 48,      149,      149,  26,   1,   2.2,   0.9,   2.0,  0,  0, 21, 22,  0,  0, 23, 23, 18,  0,  0,  0,  0,  0,  0,  7,  0,  0,  0,  0,  0,  0,  0,  0,  0,  8, 23, 30,  0,  0, 22,  0
6, 11026, 11,KE8EXM,     7.60, 5,   coast,  -11.77,  93020.00,  715.47,  460.48,   25.30, 23.1, 4.09, 4.07, 4.08,  -0.28,  -0.49,  -0.34, 241.93,   5.91,  -2.92,  -0.21,   0.03,   0.24,  23.61, 4.09, 0.00, 0.00, 0.00, 0.17, 1, 1,  7,  39.7309989, -83.7067615,   330.0, 2025, 11, 23, 18, 17, 48,      149,      149,  26,   1,   2.2,   0.9,   2.0,  0,  0, 21, 22,  0,  0, 23, 23, 18,  0,  0,  0,  0,  0,  0,  7,  0,  0,  0,  0,  0,  0,  0,  0,  0,  8, 23, 30,  0,  0, 22,  0
6, 11026, 11,KE8EXM,     7.61, 5,   coast,  -11.28,  93020.00,  715.47,  460.48,   25.20, 23.1, 4.09, 4.07, 4.08,  -0.29,  -0.37,  -0.45, 241.19,   6.40,  -2.86,  -0.21,   0.03,   0.24,  23.65, 4.09, 0.00, 0.00, 0.00, 0.17, 1, 1,  7,  39.7309989, -83.7067615,   330.0, 2025, 11, 23, 18, 17, 48,      149,      149,  26,   1,   2.2,   0.9,   2.0,  0,  0, 21, 22,  0,  0, 23, 23, 18,  0,  0,  0,  0,  0,  0,  7,  0,  0,  0,  0,  0,  0,  0,  0,  0,  8, 23, 30,  0,  0, 22,  0
6, 11026, 11,KE8EXM,     7.62, 5,   coast,  -10.30,  93018.00,  715.65,  460.66,   25.09, 23.1, 4.09, 4.07, 4.08,  -0.26,  -0.42,  -0.44, 240.64,   6.95,  -2.92,  -0.21,   0.03,   0.24,  23.69, 4.09, 0.00, 0.00, 0.00, 0.17, 1, 1,  7,  39.7309989, -83.7067615,   330.0, 2025, 11, 23, 18, 17, 48,      149,      149,  26,   1,   2.2,   0.9,   2.0,  0,  0, 21, 22,  0,  0, 23, 23, 18,  0,  0,  0,  0,  0,  0,  7,  0,  0,  0,  0,  0,  0,  0,  0,  0,  8, 23, 30,  0,  0, 22,  0
6, 11026, 11,KE8EXM,     7.63, 5,   coast,   -9.32,  93018.00,  715.65,  460.66,   24.99, 23.1, 4.09, 4.07, 4.08,  -0.22,  -0.36,  -0.50, 239.85,   7.62,  -2.92,  -0.21,   0.03,   0.24,  23.73, 4.09, 0.00, 0.00, 0.00, 0.17, 1, 1,  7,  39.7309989, -83.7067615,   330.0, 2025, 11, 23, 18, 17, 48,      149,      149,  26,   1,   2.2,   0.9,   2.0,  0,  0, 21, 22,  0,  0, 23, 23, 18,  0,  0,  0,  0,  0,  0,  7,  0,  0,  0,  0,  0,  0,  0,  0,  0,  8, 23, 30,  0,  0, 22,  0
6, 11026, 11,KE8EXM,     7.64, 5,   coast,  -10.30,  93012.00,  716.19,  461.19,   24.89, 23.1, 4.09, 4.07, 4.08,  -0.27,  -0.37,  -0.41, 239.18,   8.30,  -2.92,  -0.21,   0.03,   0.24,  23.78, 4.09, 0.00, 0.00, 0.00, 0.17, 1, 1,  7,  39.7309989, -83.7067615,   330.0, 2025, 11, 23, 18, 17, 48,      149,      149,  26,   1,   2.2,   0.9,   2.0,  0,  0, 21, 22,  0,  0, 23, 23, 18,  0,  0,  0,  0,  0,  0,  7,  0,  0,  0,  0,  0,  0,  0,  0,  0,  8, 23, 30,  0,  0, 22,  0
6, 11026, 11,KE8EXM,     7.65, 5,   coast,  -10.79,  93012.00,  716.19,  461.19,   24.78, 23.1, 4.09, 4.07, 4.08,  -0.27,  -0.40,  -0.40, 238.26,   8.78,  -2.62,  -0.21,   0.03,   0.24,  23.84, 4.09, 0.00, 0.00, 0.00, 0.17, 1, 1,  7,  39.7309989, -83.7067615,   330.0, 2025, 11, 23, 18, 17, 48,      149,      149,  26,   1,   2.2,   0.9,   2.0,  0,  0, 21, 22,  0,  0, 23, 23, 18,  0,  0,  0,  0,  0,  0,  7,  0,  0,  0,  0,  0,  0,  0,  0,  0,  8, 23, 30,  0,  0, 22,  0
6, 11026, 11,KE8EXM,     7.66, 5,   coast,   -9.81,  93006.00,  716.72,  461.73,   24.68, 23.1, 4.09, 4.07, 4.08,  -0.27,  -0.34,  -0.40, 238.02,   9.15,  -2.62,  -0.21,   0.03,   0.24,  23.89, 4.09, 0.00, 0.00, 0.00, 0.17, 1, 1,  7,  39.7309989, -83.7067615,   330.0, 2025, 11, 23, 18, 17, 48,      149,      149,  26,   1,   2.2,   0.9,   2.0,  0,  0, 21, 22,  0,  0, 23, 23, 18,  0,  0,  0,  0,  0,  0,  7,  0,  0,  0,  0,  0,  0,  0,  0,  0,  8, 23, 30,  0,  0, 22,  0
6, 11026, 11,KE8EXM,     7.67, 5,   coast,  -10.79,  93006.00,  716.72,  461.73,   24.57, 23.1, 4.09, 4.07, 4.08,  -0.27,  -0.34,  -0.43, 238.02,   9.82,  -2.50,  -0.21,   0.03,   0.23,  23.95, 4.09, 0.00, 0.00, 0.00, 0.17, 1, 1,  7,  39.7309989, -83.7067615,   330.0, 2025, 11, 23, 18, 17, 48,      149,      149,  26,   1,   2.2,   0.9,   2.0,  0,  0, 21, 22,  0,  0, 23, 23, 18,  0,  0,  0,  0,  0,  0,  7,  0,  0,  0,  0,  0,  0,  0,  0,  0,  8, 23, 30,  0,  0, 22,  0
6, 11026, 11,KE8EXM,     7.68, 5,   coast,  -11.77,  92999.00,  717.35,  462.35,   24.47, 23.1, 4.09, 4.07, 4.08,  -0.26,  -0.28,  -0.46, 237.47,  10.25,  -2.31,  -0.21,   0.03,   0.23,  24.02, 4.09, 0.00, 0.00, 0.00, 0.17, 1, 1,  7,  39.7309989, -83.7067615,   330.0, 2025, 11, 23, 18, 17, 48,      149,      149,  26,   1,   2.2,   0.9,   2.0,  0,  0, 21, 22,  0,  0, 23, 23, 18,  0,  0,  0,  0,  0,  0,  7,  0,  0,  0,  0,  0,  0,  0,  0,  0,  8, 23, 30,  0,  0, 22,  0
6, 11026, 11,KE8EXM,     7.69, 5,   coast,   -9.81,  92999.00,  717.35,  462.35,   24.36, 23.1, 4.09, 4.07, 4.08,  -0.24,  -0.29,  -0.41, 237.53,  10.80,  -2.13,  -0.20,   0.03,   0.23,  24.09, 4.09, 0.00, 0.00, 0.00, 0.17, 1, 1,  7,  39.7309989, -83.7067615,   330.0, 2025, 11, 23, 18, 17, 48,      149,      149,  26,   1,   2.2,   0.9,   2.0,  0,  0, 21, 22,  0,  0, 23, 23, 18,  0,  0,  0,  0,  0,  0,  7,  0,  0,  0,  0,  0,  0,  0,  0,  0,  8, 23, 30,  0,  0, 22,  0
6, 11026, 11,KE8EXM,     7.70, 5,   coast,  -12.75,  92994.00,  717.79,  462.80,   24.25, 23.1, 4.10, 4.07, 4.08,  -0.24,  -0.30,  -0.47, 236.86,  11.41,  -1.70,  -0.20,   0.02,   0.23,  24.16, 4.09, 0.00, 0.00, 0.00, 0.00, 1, 1,  7,  39.7309989, -83.7067615,   330.0, 2025, 11, 23, 18, 17, 48,      149,      149,  26,   1,   2.2,   0.9,   2.0,  0,  0, 21, 22,  0,  0, 23, 23, 18,  0,  0,  0,  0,  0,  0,  7,  0,  0,  0,  0,  0,  0,  0,  0,  0,  8, 23, 30,  0,  0, 22,  0
6, 11026, 11,KE8EXM,     7.70, 5,   coast,  -12.75,  92994.00,  717.79,  462.80,   24.25, 23.1, 4.10, 4.07, 4.08,  -0.24,  -0.30,  -0.47, 236.86,  11.41,  -1.70,  -0.20,   0.02,   0.23,  24.16, 4.09, 0.00, 0.00, 0.00, 0.00, 1, 1,  7,  39.7309989, -83.7067615,   330.0, 2025, 11, 23, 18, 17, 48,      149,      149,  26,   1,   2.2,   0.9,   2.0,  0,  0, 21, 22,  0,  0, 23, 23, 18,  0,  0,  0,  0,  0,  0,  7,  0,  0,  0,  0,  0,  0,  0,  0,  0,  8, 23, 30,  0,  0, 22,  0
6, 11026, 11,KE8EXM,     7.71, 5,   coast,   -9.81,  92994.00,  717.79,  462.80,   24.14, 23.1, 4.10, 4.07, 4.08,  -0.27,  -0.19,  -0.40, 236.31,  11.90,  -1.76,  -0.20,   0.02,   0.23,  24.24, 4.09, 0.00, 0.00, 0.00, 0.00, 1, 1,  7,  39.7309989, -83.7067615,   330.0, 2025, 11, 23, 18, 17, 48,      149,      149,  26,   1,   2.2,   0.9,   2.0,  0,  0, 21, 22,  0,  0, 23, 23, 18,  0,  0,  0,  0,  0,  0,  7,  0,  0,  0,  0,  0,  0,  0,  0,  0,  8, 23, 30,  0,  0, 22,  0
6, 11026, 11,KE8EXM,     7.72, 5,   coast,  -10.79,  92993.00,  717.88,  462.89,   24.04, 23.1, 4.10, 4.07, 4.08,  -0.24,  -0.21,  -0.47, 236.37,  12.38,  -1.27,  -0.21,   0.02,   0.23,  24.32, 4.09, 0.00, 0.00, 0.00, 0.00, 1, 1,  7,  39.7309989, -83.7067615,   330.0, 2025, 11, 23, 18, 17, 48,      149,      149,  26,   1,   2.2,   0.9,   2.0,  0,  0, 21, 22,  0,  0, 23, 23, 18,  0,  0,  0,  0,  0,  0,  7,  0,  0,  0,  0,  0,  0,  0,  0,  0,  8, 23, 30,  0,  0, 22,  0
6, 11026, 11,KE8EXM,     7.73, 5,   coast,  -10.30,  92993.00,  717.88,  462.89,   23.93, 23.1, 4.10, 4.07, 4.08,  -0.24,  -0.14,  -0.34, 235.52,  12.63,  -1.03,  -0.20,   0.02,   0.23,  24.40, 4.09, 0.00, 0.00, 0.00, 0.00, 1, 1,  7,  39.7309989, -83.7067615,   330.0, 2025, 11, 23, 18, 17, 48,      149,      149,  26,   1,   2.2,   0.9,   2.0,  0,  0, 21, 22,  0,  0, 23, 23, 18,  0,  0,  0,  0,  0,  0,  7,  0,  0,  0,  0,  0,  0,  0,  0,  0,  8, 23, 30,  0,  0, 22,  0
6, 11026, 11,KE8EXM,     7.74, 5,   coast,  -10.30,  92986.00,  718.51,  463.51,   23.83, 23.1, 4.10, 4.07, 4.08,  -0.25,  -0.09,  -0.36, 235.09,  13.30,  -0.85,  -0.20,   0.02,   0.23,  24.50, 4.09, 0.00, 0.00, 0.00, 0.00, 1, 1,  7,  39.7309989, -83.7067615,   330.0, 2025, 11, 23, 18, 17, 48,      149,      149,  26,   1,   2.2,   0.9,   2.0,  0,  0, 21, 22,  0,  0, 23, 23, 18,  0,  0,  0,  0,  0,  0,  7,  0,  0,  0,  0,  0,  0,  0,  0,  0,  8, 23, 30,  0,  0, 22,  0
6, 11026, 11,KE8EXM,     7.75, 5,   coast,   -9.32,  92986.00,  718.51,  463.51,   23.73, 23.1, 4.10, 4.07, 4.08,  -0.22,  -0.14,  -0.40, 234.60,  13.67,  -0.36,  -0.20,   0.02,   0.23,  24.59, 4.09, 0.00, 0.00, 0.00, 0.00, 1, 1,  7,  39.7309989, -83.7067615,   330.0, 2025, 11, 23, 18, 17, 48,      149,      149,  26,   1,   2.2,   0.9,   2.0,  0,  0, 21, 22,  0,  0, 23, 23, 18,  0,  0,  0,  0,  0,  0,  7,  0,  0,  0,  0,  0,  0,  0,  0,  0,  8, 23, 30,  0,  0, 22,  0
6, 11026, 11,KE8EXM,     7.76, 5,   coast,  -10.79,  92980.00,  719.04,  464.05,   23.63, 23.1, 4.10, 4.07, 4.08,  -0.23,  -0.04,  -0.32, 234.60,  14.28,   0.25,  -0.20,   0.02,   0.23,  24.69, 4.09, 0.00, 0.00, 0.00, 0.00, 1, 1,  7,  39.7309989, -83.7067615,   330.0, 2025, 11, 23, 18, 17, 48,      149,      149,  26,   1,   2.2,   0.9,   2.0,  0,  0, 21, 22,  0,  0, 23, 23, 18,  0,  0,  0,  0,  0,  0,  7,  0,  0,  0,  0,  0,  0,  0,  0,  0,  8, 23, 30,  0,  0, 22,  0
6, 11026, 11,KE8EXM,     7.77, 5,   coast,   -9.32,  92980.00,  719.04,  464.05,   23.53, 23.1, 4.10, 4.07, 4.08,  -0.23,  -0.06,  -0.31, 234.30,  14.76,   0.68,  -0.20,   0.01,   0.23,  24.80, 4.09, 0.00, 0.00, 0.00, 0.00, 1, 1,  7,  39.7309989, -83.7067615,   330.0, 2025, 11, 23, 18, 17, 48,      149,      149,  26,   1,   2.2,   0.9,   2.0,  0,  0, 21, 22,  0,  0, 23, 23, 18,  0,  0,  0,  0,  0,  0,  7,  0,  0,  0,  0,  0,  0,  0,  0,  0,  8, 23, 30,  0,  0, 22,  0
6, 11026, 11,KE8EXM,     7.78, 5,   coast,   -8.34,  92974.00,  719.58,  464.58,   23.44, 23.1, 4.10, 4.07, 4.08,  -0.24,   0.01,  -0.26, 234.30,  15.25,   1.41,  -0.20,   0.01,   0.22,  24.91, 4.09, 0.00, 0.00, 0.00, 0.00, 1, 1,  7,  39.7309989, -83.7067615,   330.0, 2025, 11, 23, 18, 17, 48,      149,      149,  26,   1,   2.2,   0.9,   2.0,  0,  0, 21, 22,  0,  0, 23, 23, 18,  0,  0,  0,  0,  0,  0,  7,  0,  0,  0,  0,  0,  0,  0,  0,  0,  8, 23, 30,  0,  0, 22,  0
6, 11026, 11,KE8EXM,     7.79, 5,   coast,  -10.79,  92974.00,  719.58,  464.58,   23.34, 23.1, 4.10, 4.07, 4.08,  -0.24,   0.07,  -0.32, 233.87,  15.31,   1.72,  -0.20,   0.01,   0.22,  25.02, 4.09, 0.00, 0.00, 0.00, 0.00, 1, 1,  7,  39.7309989, -83.7067615,   330.0, 2025, 11, 23, 18, 17, 48,      149,      149,  26,   1,   2.2,   0.9,   2.0,  0,  0, 21, 22,  0,  0, 23, 23, 18,  0,  0,  0,  0,  0,  0,  7,  0,  0,  0,  0,  0,  0,  0,  0,  0,  8, 23, 30,  0,  0, 22,  0
6, 11026, 11,KE8EXM,     7.80, 5,   coast,  -10.30,  92969.00,  720.02,  465.03,   23.23, 23.1, 4.10, 4.07, 4.08,  -0.24,   0.00,  -0.29, 232.65,  15.86,   2.39,  -0.21,   0.01,   0.22,  25.14, 4.09, 0.00, 0.00, 0.00, 0.00, 1, 1,  7,  39.7309989, -83.7067615,   330.0, 2025, 11, 23, 18, 17, 48,      149,      149,  26,   1,   2.2,   0.9,   2.0,  0,  0, 21, 22,  0,  0, 23, 23, 18,  0,  0,  0,  0,  0,  0,  7,  0,  0,  0,  0,  0,  0,  0,  0,  0,  8, 23, 30,  0,  0, 22,  0
6, 11026, 11,KE8EXM,     7.81, 5,   coast,  -10.79,  92969.00,  720.02,  465.03,   23.13, 23.1, 4.10, 4.07, 4.08,  -0.22,   0.02,  -0.22, 232.40,  16.17,   3.24,  -0.21,   0.01,   0.22,  25.26, 4.09, 0.00, 0.00, 0.00, 0.00, 1, 1,  7,  39.7309989, -83.7067615,   330.0, 2025, 11, 23, 18, 17, 48,      149,      149,  26,   1,   2.2,   0.9,   2.0,  0,  0, 21, 22,  0,  0, 23, 23, 18,  0,  0,  0,  0,  0,  0,  7,  0,  0,  0,  0,  0,  0,  0,  0,  0,  8, 23, 30,  0,  0, 22,  0
6, 11026, 11,KE8EXM,     7.82, 5,   coast,  -11.77,  92966.00,  720.29,  465.30,   23.02, 23.1, 4.10, 4.07, 4.08,  -0.24,   0.04,  -0.22, 231.18,  16.35,   3.85,  -0.21,   0.01,   0.22,  25.38, 4.09, 0.00, 0.00, 0.00, 0.00, 1, 1,  7,  39.7309989, -83.7067615,   330.0, 2025, 11, 23, 18, 17, 48,      149,      149,  26,   1,   2.2,   0.9,   2.0,  0,  0, 21, 22,  0,  0, 23, 23, 18,  0,  0,  0,  0,  0,  0,  7,  0,  0,  0,  0,  0,  0,  0,  0,  0,  8, 23, 30,  0,  0, 22,  0
6, 11026, 11,KE8EXM,     7.83, 5,   coast,  -11.28,  92966.00,  720.29,  465.30,   22.91, 23.1, 4.10, 4.07, 4.08,  -0.19,   0.00,  -0.13, 230.51,  16.60,   4.46,  -0.21,   0.00,   0.22,  25.51, 4.09, 0.00, 0.00, 0.00, 0.00, 1, 1,  7,  39.7309989, -83.7067615,   330.0, 2025, 11, 23, 18, 17, 48,      149,      149,  26,   1,   2.2,   0.9,   2.0,  0,  0, 21, 22,  0,  0, 23, 23, 18,  0,  0,  0,  0,  0,  0,  7,  0,  0,  0,  0,  0,  0,  0,  0,  0,  8, 23, 30,  0,  0, 22,  0
6, 11026, 11,KE8EXM,     7.84, 5,   coast,   -9.81,  92960.00,  720.83,  465.83,   22.80, 23.1, 4.10, 4.07, 4.08,  -0.22,   0.01,  -0.10, 229.29,  16.60,   5.01,  -0.21,   0.00,   0.22,  25.64, 4.09, 0.00, 0.00, 0.00, 0.00, 1, 1,  7,  39.7309989, -83.7067615,   330.0, 2025, 11, 23, 18, 17, 48,      149,      149,  26,   1,   2.2,   0.9,   2.0,  0,  0, 21, 22,  0,  0, 23, 23, 18,  0,  0,  0,  0,  0,  0,  7,  0,  0,  0,  0,  0,  0,  0,  0,  0,  8, 23, 30,  0,  0, 22,  0
6, 11026, 11,KE8EXM,     7.85, 5,   coast,  -12.26,  92960.00,  720.83,  465.83,   22.69, 23.1, 4.10, 4.07, 4.08,  -0.23,  -0.04,  -0.12, 228.19,  16.41,   5.68,  -0.21,  -0.00,   0.22,  25.78, 4.09, 0.00, 0.00, 0.00, 0.00, 1, 1,  7,  39.7309989, -83.7067615,   330.0, 2025, 11, 23, 18, 17, 48,      149,      149,  26,   1,   2.2,   0.9,   2.0,  0,  0, 21, 22,  0,  0, 23, 23, 18,  0,  0,  0,  0,  0,  0,  7,  0,  0,  0,  0,  0,  0,  0,  0,  0,  8, 23, 30,  0,  0, 22,  0
6, 11026, 11,KE8EXM,     7.86, 5,   coast,  -11.28,  92951.00,  721.63,  466.64,   22.58, 23.1, 4.10, 4.07, 4.08,  -0.22,  -0.06,  -0.09, 228.01,  16.17,   6.35,  -0.21,  -0.00,   0.22,  25.91, 4.09, 0.00, 0.00, 0.00, 0.00, 1, 1,  7,  39.7309989, -83.7067615,   330.0, 2025, 11, 23, 18, 17, 48,      149,      149,  26,   1,   2.2,   0.9,   2.0,  0,  0, 21, 22,  0,  0, 23, 23, 18,  0,  0,  0,  0,  0,  0,  7,  0,  0,  0,  0,  0,  0,  0,  0,  0,  8, 23, 30,  0,  0, 22,  0
6, 11026, 11,KE8EXM,     7.87, 5,   coast,  -11.77,  92951.00,  721.63,  466.64,   22.47, 23.1, 4.10, 4.07, 4.08,  -0.20,  -0.03,  -0.10, 226.73,  16.29,   6.84,  -0.21,  -0.01,   0.22,  26.05, 4.09, 0.00, 0.00, 0.00, 0.00, 1, 1,  7,  39.7309989, -83.7067615,   330.0, 2025, 11, 23, 18, 17, 48,      149,      149,  26,   1,   2.2,   0.9,   2.0,  0,  0, 21, 22,  0,  0, 23, 23, 18,  0,  0,  0,  0,  0,  0,  7,  0,  0,  0,  0,  0,  0,  0,  0,  0,  8, 23, 30,  0,  0, 22,  0
6, 11026, 11,KE8EXM,     7.88, 5,   coast,  -11.28,  92947.00,  721.99,  466.99,   22.36, 23.1, 4.10, 4.07, 4.08,  -0.23,  -0.07,  -0.09, 225.81,  16.11,   7.27,  -0.21,  -0.01,   0.22,  26.19, 4.09, 0.00, 0.00, 0.00, 0.00, 1, 1,  7,  39.7309989, -83.7067615,   330.0, 2025, 11, 23, 18, 17, 48,      149,      149,  26,   1,   2.2,   0.9,   2.0,  0,  0, 21, 22,  0,  0, 23, 23, 18,  0,  0,  0,  0,  0,  0,  7,  0,  0,  0,  0,  0,  0,  0,  0,  0,  8, 23, 30,  0,  0, 22,  0
6, 11026, 11,KE8EXM,     7.89, 5,   coast,  -10.79,  92947.00,  721.99,  466.99,   22.25, 23.1, 4.10, 4.07, 4.08,  -0.24,  -0.01,  -0.03, 225.14,  15.99,   7.70,  -0.21,  -0.01,   0.22,  26.33, 4.09, 0.00, 0.00, 0.00, 0.00, 1, 1,  7,  39.7309989, -83.7067615,   330.0, 2025, 11, 23, 18, 17, 48,      149,      149,  26,   1,   2.2,   0.9,   2.0,  0,  0, 21, 22,  0,  0, 23, 23, 18,  0,  0,  0,  0,  0,  0,  7,  0,  0,  0,  0,  0,  0,  0,  0,  0,  8, 23, 30,  0,  0, 22,  0
6, 11026, 11,KE8EXM,     7.90, 5,   coast,  -10.30,  92950.00,  721.72,  466.73,   22.14, 23.1, 4.10, 4.07, 4.08,  -0.21,  -0.04,  -0.11, 224.41,  15.74,   8.37,  -0.21,  -0.01,   0.23,  26.47, 4.09, 0.00, 0.00, 0.00, 0.00, 1, 1,  7,  39.7309989, -83.7067615,   330.0, 2025, 11, 23, 18, 17, 48,      149,      149,  26,   1,   2.2,   0.9,   2.0,  0,  0, 21, 22,  0,  0, 23, 23, 18,  0,  0,  0,  0,  0,  0,  7,  0,  0,  0,  0,  0,  0,  0,  0,  0,  8, 23, 30,  0,  0, 22,  0
6, 11026, 11,KE8EXM,     7.91, 5,   coast,  -10.30,  92950.00,  721.72,  466.73,   22.04, 23.1, 4.10, 4.07, 4.08,  -0.24,  -0.04,  -0.04, 223.86,  15.68,   8.98,  -0.21,  -0.02,   0.22,  26.62, 4.09, 0.00, 0.00, 0.00, 0.00, 1, 1,  7,  39.7309989, -83.7067615,   330.0, 2025, 11, 23, 18, 17, 48,      149,      149,  26,   1,   2.2,   0.9,   2.0,  0,  0, 21, 22,  0,  0, 23, 23, 18,  0,  0,  0,  0,  0,  0,  7,  0,  0,  0,  0,  0,  0,  0,  0,  0,  8, 23, 30,  0,  0, 22,  0
6, 11026, 11,KE8EXM,     7.92, 5,   coast,   -9.81,  92939.00,  722.70,  467.71,   21.94, 23.1, 4.10, 4.07, 4.08,  -0.23,   0.00,  -0.14, 223.37,  15.38,   9.47,  -0.21,  -0.02,   0.22,  26.76, 4.09, 0.00, 0.00, 0.00, 0.00, 1, 1,  7,  39.7309989, -83.7067615,   330.0, 2025, 11, 23, 18, 17, 48,      149,      149,  26,   1,   2.2,   0.9,   2.0,  0,  0, 21, 22,  0,  0, 23, 23, 18,  0,  0,  0,  0,  0,  0,  7,  0,  0,  0,  0,  0,  0,  0,  0,  0,  8, 23, 30,  0,  0, 22,  0
6, 11026, 11,KE8EXM,     7.93, 5,   coast,  -10.30,  92939.00,  722.70,  467.71,   21.83, 23.1, 4.10, 4.07, 4.08,  -0.25,  -0.04,  -0.11, 222.64,  15.19,   9.89,  -0.21,  -0.02,   0.22,  26.91, 4.09, 0.00, 0.00, 0.00, 0.00, 1, 1,  7,  39.7309989, -83.7067615,   330.0, 2025, 11, 23, 18, 17, 48,      149,      149,  26,   1,   2.2,   0.9,   2.0,  0,  0, 21, 22,  0,  0, 23, 23, 18,  0,  0,  0,  0,  0,  0,  7,  0,  0,  0,  0,  0,  0,  0,  0,  0,  8, 23, 30,  0,  0, 22,  0
6, 11026, 11,KE8EXM,     7.94, 5,   coast,  -10.30,  92939.00,  722.70,  467.71,   21.73, 23.1, 4.10, 4.07, 4.08,  -0.23,  -0.04,  -0.17, 221.84,  15.07,  10.69,  -0.21,  -0.03,   0.23,  27.06, 4.09, 0.00, 0.00, 0.00, 0.00, 1, 1,  7,  39.7309989, -83.7067615,   330.0, 2025, 11, 23, 18, 17, 48,      149,      149,  26,   1,   2.2,   0.9,   2.0,  0,  0, 21, 22,  0,  0, 23, 23, 18,  0,  0,  0,  0,  0,  0,  7,  0,  0,  0,  0,  0,  0,  0,  0,  0,  8, 23, 30,  0,  0, 22,  0
6, 11026, 11,KE8EXM,     7.95, 5,   coast,   -9.81,  92939.00,  722.70,  467.71,   21.63, 23.1, 4.10, 4.07, 4.08,  -0.22,  -0.04,  -0.18, 221.48,  15.01,  10.93,  -0.21,  -0.03,   0.23,  27.22, 4.09, 0.00, 0.00, 0.00, 0.00, 1, 1,  7,  39.7309989, -83.7067615,   330.0, 2025, 11, 23, 18, 17, 48,      149,      149,  26,   1,   2.2,   0.9,   2.0,  0,  0, 21, 22,  0,  0, 23, 23, 18,  0,  0,  0,  0,  0,  0,  7,  0,  0,  0,  0,  0,  0,  0,  0,  0,  8, 23, 30,  0,  0, 22,  0
6, 11026, 11,KE8EXM,     7.96, 5,   coast,  -11.77,  92935.00,  723.06,  468.06,   21.53, 23.1, 4.10, 4.07, 4.08,  -0.21,  -0.07,  -0.19, 220.69,  14.52,  11.42,  -0.21,  -0.03,   0.23,  27.38, 4.09, 0.00, 0.00, 0.00, 0.00, 1, 1,  7,  39.7309989, -83.7067615,   330.0, 2025, 11, 23, 18, 17, 48,      149,      149,  26,   1,   2.2,   0.9,   2.0,  0,  0, 21, 22,  0,  0, 23, 23, 18,  0,  0,  0,  0,  0,  0,  7,  0,  0,  0,  0,  0,  0,  0,  0,  0,  8, 23, 30,  0,  0, 22,  0
6, 11026, 11,KE8EXM,     7.97, 5,   coast,  -10.79,  92935.00,  723.06,  468.06,   21.43, 23.1, 4.10, 4.07, 4.08,  -0.22,  -0.04,  -0.21, 220.62,  14.58,  12.09,  -0.21,  -0.04,   0.23,  27.54, 4.09, 0.00, 0.00, 0.00, 0.00, 1, 1,  7,  39.7309989, -83.7067615,   330.0, 2025, 11, 23, 18, 17, 48,      149,      149,  26,   1,   2.2,   0.9,   2.0,  0,  0, 21, 22,  0,  0, 23, 23, 18,  0,  0,  0,  0,  0,  0,  7,  0,  0,  0,  0,  0,  0,  0,  0,  0,  8, 23, 30,  0,  0, 22,  0
6, 11026, 11,KE8EXM,     7.98, 5,   coast,   -7.85,  92935.00,  723.06,  468.06,   21.33, 23.1, 4.10, 4.07, 4.08,  -0.22,  -0.06,  -0.17, 220.07,  14.28,  12.64,  -0.21,  -0.04,   0.23,  27.70, 4.09, 0.00, 0.00, 0.00, 0.00, 1, 1,  7,  39.7309989, -83.7067615,   330.0, 2025, 11, 23, 18, 17, 48,      149,      149,  26,   1,   2.2,   0.9,   2.0,  0,  0, 21, 22,  0,  0, 23, 23, 18,  0,  0,  0,  0,  0,  0,  7,  0,  0,  0,  0,  0,  0,  0,  0,  0,  8, 23, 30,  0,  0, 22,  0
6, 11026, 11,KE8EXM,     7.99, 5,   coast,  -10.30,  92935.00,  723.06,  468.06,   21.23, 23.1, 4.10, 4.07, 4.08,  -0.21,  -0.06,  -0.18, 219.40,  14.34,  12.82,  -0.21,  -0.04,   0.23,  27.87, 4.09, 0.00, 0.00, 0.00, 0.00, 1, 1,  7,  39.7309989, -83.7067615,   330.0, 2025, 11, 23, 18, 17, 48,      149,      149,  26,   1,   2.2,   0.9,   2.0,  0,  0, 21, 22,  0,  0, 23, 23, 18,  0,  0,  0,  0,  0,  0,  7,  0,  0,  0,  0,  0,  0,  0,  0,  0,  8, 23, 30,  0,  0, 22,  0
6, 11026, 11,KE8EXM,     8.00, 5,   coast,   -9.81,  92932.00,  723.33,  468.33,   21.12, 23.1, 4.10, 4.07, 4.08,  -0.22,  -0.06,  -0.15, 218.67,  14.15,  13.44,  -0.21,  -0.04,   0.23,  28.04, 4.09, 0.00, 0.00, 0.00, 0.00, 1, 1,  7,  39.7309989, -83.7067615,   330.0, 2025, 11, 23, 18, 17, 48,      149,      149,  26,   1,   2.2,   0.9,   2.0,  0,  0, 21, 22,  0,  0, 23, 23, 18,  0,  0,  0,  0,  0,  0,  7,  0,  0,  0,  0,  0,  0,  0,  0,  0,  8, 23, 30,  0,  0, 22,  0
6, 11026, 11,KE8EXM,     8.01, 5,   coast,  -10.79,  92932.00,  723.33,  468.33,   21.02, 23.1, 4.10, 4.07, 4.08,  -0.18,  -0.11,  -0.17, 217.94,  13.61,  13.98,  -0.21,  -0.05,   0.23,  28.21, 4.09, 0.00, 0.00, 0.00, 0.00, 1, 1,  7,  39.7309989, -83.7067615,   330.0, 2025, 11, 23, 18, 17, 48,      149,      149,  26,   1,   2.2,   0.9,   2.0,  0,  0, 21, 22,  0,  0, 23, 23, 18,  0,  0,  0,  0,  0,  0,  7,  0,  0,  0,  0,  0,  0,  0,  0,  0,  8, 23, 30,  0,  0, 22,  0
6, 11026, 11,KE8EXM,     8.02, 5,   coast,  -10.79,  92926.00,  723.86,  468.87,   20.92, 23.1, 4.10, 4.08, 4.09,  -0.22,  -0.05,  -0.19, 217.33,  13.30,  13.98,  -0.21,  -0.05,   0.24,  28.39, 4.10, 0.00, 0.00, 0.00, 0.00, 1, 1,  7,  39.7309989, -83.7067615,   330.0, 2025, 11, 23, 18, 17, 48,      149,      149,  26,   1,   2.2,   0.9,   2.0,  0,  0, 21, 22,  0,  0, 23, 23, 18,  0,  0,  0,  0,  0,  0,  7,  0,  0,  0,  0,  0,  0,  0,  0,  0,  8, 23, 30,  0,  0, 22,  0
6, 11026, 11,KE8EXM,     8.02, 5,   coast,  -10.79,  92926.00,  723.86,  468.87,   20.92, 23.1, 4.10, 4.08, 4.09,  -0.22,  -0.05,  -0.19, 217.33,  13.30,  13.98,  -0.21,  -0.05,   0.24,  28.39, 4.10, 0.00, 0.00, 0.00, 0.00, 1, 1,  7,  39.7309989, -83.7067615,   330.0, 2025, 11, 23, 18, 17, 48,      149,      149,  26,   1,   2.2,   0.9,   2.0,  0,  0, 21, 22,  0,  0, 23, 23, 18,  0,  0,  0,  0,  0,  0,  7,  0,  0,  0,  0,  0,  0,  0,  0,  0,  8, 23, 30,  0,  0, 22,  0
6, 11026, 11,KE8EXM,     8.03, 5,   coast,  -10.79,  92926.00,  723.86,  468.87,   20.82, 23.1, 4.10, 4.08, 4.09,  -0.19,  -0.11,  -0.22, 216.66,  12.93,  14.66,  -0.21,  -0.05,   0.24,  28.56, 4.10, 0.00, 0.00, 0.00, 0.00, 1, 1,  7,  39.7309989, -83.7067615,   330.0, 2025, 11, 23, 18, 17, 48,      149,      149,  26,   1,   2.2,   0.9,   2.0,  0,  0, 21, 22,  0,  0, 23, 23, 18,  0,  0,  0,  0,  0,  0,  7,  0,  0,  0,  0,  0,  0,  0,  0,  0,  8, 23, 30,  0,  0, 22,  0
6, 11026, 11,KE8EXM,     8.04, 5,   coast,  -10.30,  92916.00,  724.75,  469.76,   20.71, 23.1, 4.10, 4.08, 4.09,  -0.17,  -0.12,  -0.19, 216.35,  12.69,  14.90,  -0.21,  -0.05,   0.24,  28.74, 4.10, 0.00, 0.00, 0.00, 0.00, 1, 1,  7,  39.7309989, -83.7067615,   330.0, 2025, 11, 23, 18, 17, 48,      149,      149,  26,   1,   2.2,   0.9,   2.0,  0,  0, 21, 22,  0,  0, 23, 23, 18,  0,  0,  0,  0,  0,  0,  7,  0,  0,  0,  0,  0,  0,  0,  0,  0,  8, 23, 30,  0,  0, 22,  0
6, 11026, 11,KE8EXM,     8.05, 5,   coast,   -9.81,  92916.00,  724.75,  469.76,   20.61, 23.1, 4.10, 4.08, 4.09,  -0.22,  -0.13,  -0.19, 215.62,  12.63,  15.21,  -0.21,  -0.06,   0.24,  28.92, 4.10, 0.00, 0.00, 0.00, 0.00, 1, 1,  7,  39.7309989, -83.7067615,   330.0, 2025, 11, 23, 18, 17, 48,      149,      149,  26,   1,   2.2,   0.9,   2.0,  0,  0, 21, 22,  0,  0, 23, 23, 18,  0,  0,  0,  0,  0,  0,  7,  0,  0,  0,  0,  0,  0,  0,  0,  0,  8, 23, 30,  0,  0, 22,  0
6, 11026, 11,KE8EXM,     8.06, 5,   coast,  -11.28,  92906.00,  725.65,  470.65,   20.50, 23.1, 4.10, 4.08, 4.09,  -0.19,  -0.09,  -0.24, 214.95,  12.57,  15.45,  -0.22,  -0.06,   0.24,  29.11, 4.10, 0.00, 0.00, 0.00, 0.00, 1, 1,  7,  39.7309989, -83.7067615,   330.0, 2025, 11, 23, 18, 17, 48,      149,      149,  26,   1,   2.2,   0.9,   2.0,  0,  0, 21, 22,  0,  0, 23, 23, 18,  0,  0,  0,  0,  0,  0,  7,  0,  0,  0,  0,  0,  0,  0,  0,  0,  8, 23, 30,  0,  0, 22,  0
6, 11026, 11,KE8EXM,     8.07, 5,   coast,  -10.30,  92906.00,  725.65,  470.65,   20.40, 23.1, 4.10, 4.08, 4.09,  -0.21,  -0.14,  -0.14, 214.40,  12.14,  15.75,  -0.21,  -0.06,   0.25,  29.29, 4.10, 0.00, 0.00, 0.00, 0.00, 1, 1,  7,  39.7309989, -83.7067615,   330.0, 2025, 11, 23, 18, 17, 48,      149,      149,  26,   1,   2.2,   0.9,   2.0,  0,  0, 21, 22,  0,  0, 23, 23, 18,  0,  0,  0,  0,  0,  0,  7,  0,  0,  0,  0,  0,  0,  0,  0,  0,  8, 23, 30,  0,  0, 22,  0
6, 11026, 11,KE8EXM,     8.08, 5,   coast,  -10.79,  92907.00,  725.56,  470.56,   20.29, 23.1, 4.10, 4.08, 4.09,  -0.19,  -0.14,  -0.22, 214.15,  11.71,  16.00,  -0.21,  -0.06,   0.25,  29.48, 4.10, 0.00, 0.00, 0.00, 0.00, 1, 1,  7,  39.7309989, -83.7067615,   330.0, 2025, 11, 23, 18, 17, 48,      149,      149,  26,   1,   2.2,   0.9,   2.0,  0,  0, 21, 22,  0,  0, 23, 23, 18,  0,  0,  0,  0,  0,  0,  7,  0,  0,  0,  0,  0,  0,  0,  0,  0,  8, 23, 30,  0,  0, 22,  0
6, 11026, 11,KE8EXM,     8.09, 5,   coast,  -10.30,  92907.00,  725.56,  470.56,   20.19, 23.1, 4.10, 4.08, 4.09,  -0.21,  -0.15,  -0.17, 213.30,  10.80,  16.18,  -0.21,  -0.07,   0.25,  29.66, 4.10, 0.00, 0.00, 0.00, 0.00, 1, 1,  7,  39.7309989, -83.7067615,   330.0, 2025, 11, 23, 18, 17, 48,      149,      149,  26,   1,   2.2,   0.9,   2.0,  0,  0, 21, 22,  0,  0, 23, 23, 18,  0,  0,  0,  0,  0,  0,  7,  0,  0,  0,  0,  0,  0,  0,  0,  0,  8, 23, 30,  0,  0, 22,  0
6, 11026, 11,KE8EXM,     8.10, 5,   coast,  -10.79,  92907.00,  725.56,  470.56,   20.09, 23.1, 4.10, 4.08, 4.09,  -0.18,  -0.19,  -0.24, 213.06,  10.74,  16.49,  -0.21,  -0.07,   0.25,  29.85, 4.10, 0.00, 0.00, 0.00, 0.00, 1, 1,  7,  39.7309989, -83.7067615,   330.0, 2025, 11, 23, 18, 17, 48,      149,      149,  26,   1,   2.2,   0.9,   2.0,  0,  0, 21, 22,  0,  0, 23, 23, 18,  0,  0,  0,  0,  0,  0,  7,  0,  0,  0,  0,  0,  0,  0,  0,  0,  8, 23, 30,  0,  0, 22,  0
6, 11026, 11,KE8EXM,     8.11, 5,   coast,   -9.32,  92907.00,  725.56,  470.56,   19.99, 23.1, 4.10, 4.08, 4.09,  -0.22,  -0.13,  -0.15, 212.51,  10.55,  16.67,  -0.22,  -0.07,   0.26,  30.03, 4.10, 0.00, 0.00, 0.00, 0.00, 1, 1,  7,  39.7309989, -83.7067615,   330.0, 2025, 11, 23, 18, 17, 48,      149,      149,  26,   1,   2.2,   0.9,   2.0,  0,  0, 21, 22,  0,  0, 23, 23, 18,  0,  0,  0,  0,  0,  0,  7,  0,  0,  0,  0,  0,  0,  0,  0,  0,  8, 23, 30,  0,  0, 22,  0
6, 11026, 11,KE8EXM,     8.12, 5,   coast,   -9.81,  92898.00,  726.36,  471.37,   19.89, 23.1, 4.10, 4.08, 4.09,  -0.21,  -0.14,  -0.16, 212.26,   9.88,  16.49,  -0.22,  -0.07,   0.26,  30.22, 4.10, 0.00, 0.00, 0.00, 0.00, 1, 1,  7,  39.7309989, -83.7067615,   330.0, 2025, 11, 23, 18, 17, 48,      149,      149,  26,   1,   2.2,   0.9,   2.0,  0,  0, 21, 22,  0,  0, 23, 23, 18,  0,  0,  0,  0,  0,  0,  7,  0,  0,  0,  0,  0,  0,  0,  0,  0,  8, 23, 30,  0,  0, 22,  0
6, 11026, 11,KE8EXM,     8.13, 5,   coast,  -10.30,  92898.00,  726.36,  471.37,   19.79, 23.1, 4.10, 4.08, 4.09,  -0.17,  -0.09,  -0.23, 211.83,   9.70,  16.85,  -0.22,  -0.07,   0.26,  30.41, 4.10, 0.00, 0.00, 0.00, 0.00, 1, 1,  7,  39.7309989, -83.7067615,   330.0, 2025, 11, 23, 18, 17, 48,      149,      149,  26,   1,   2.2,   0.9,   2.0,  0,  0, 21, 22,  0,  0, 23, 23, 18,  0,  0,  0,  0,  0,  0,  7,  0,  0,  0,  0,  0,  0,  0,  0,  0,  8, 23, 30,  0,  0, 22,  0
6, 11026, 11,KE8EXM,     8.14, 5,   coast,  -10.30,  92897.00,  726.45,  471.46,   19.69, 23.1, 4.10, 4.08, 4.09,  -0.18,  -0.11,  -0.27, 211.16,   9.27,  16.79,  -0.22,  -0.07,   0.26,  30.59, 4.10, 0.00, 0.00, 0.00, 0.00, 1, 1,  7,  39.7309989, -83.7067615,   330.0, 2025, 11, 23, 18, 17, 48,      149,      149,  26,   1,   2.2,   0.9,   2.0,  0,  0, 21, 22,  0,  0, 23, 23, 18,  0,  0,  0,  0,  0,  0,  7,  0,  0,  0,  0,  0,  0,  0,  0,  0,  8, 23, 30,  0,  0, 22,  0
6, 11026, 11,KE8EXM,     8.15, 5,   coast,   -9.81,  92897.00,  726.45,  471.46,   19.58, 23.1, 4.10, 4.08, 4.09,  -0.19,  -0.11,  -0.31, 210.74,   9.33,  17.10,  -0.22,  -0.07,   0.26,  30.78, 4.10, 0.00, 0.00, 0.00, 0.00, 1, 1,  7,  39.7309989, -83.7067615,   330.0, 2025, 11, 23, 18, 17, 48,      149,      149,  26,   1,   2.2,   0.9,   2.0,  0,  0, 21, 22,  0,  0, 23, 23, 18,  0,  0,  0,  0,  0,  0,  7,  0,  0,  0,  0,  0,  0,  0,  0,  0,  8, 23, 30,  0,  0, 22,  0
6, 11026, 11,KE8EXM,     8.16, 5,   coast,  -11.77,  92902.00,  726.00,  471.01,   19.48, 23.1, 4.10, 4.08, 4.09,  -0.16,  -0.06,  -0.24, 210.98,   9.09,  17.28,  -0.22,  -0.08,   0.27,  30.98, 4.10, 0.00, 0.00, 0.00, 0.00, 1, 1,  7,  39.7309989, -83.7067615,   330.0, 2025, 11, 23, 18, 17, 48,      149,      149,  26,   1,   2.2,   0.9,   2.0,  0,  0, 21, 22,  0,  0, 23, 23, 18,  0,  0,  0,  0,  0,  0,  7,  0,  0,  0,  0,  0,  0,  0,  0,  0,  8, 23, 30,  0,  0, 22,  0
6, 11026, 11,KE8EXM,     8.16, 5,   coast,  -11.77,  92902.00,  726.00,  471.01,   19.48, 23.1, 4.10, 4.08, 4.09,  -0.16,  -0.06,  -0.24, 210.98,   9.09,  17.28,  -0.22,  -0.08,   0.27,  30.98, 4.10, 0.00, 0.00, 0.00, 0.00, 1, 1,  7,  39.7309989, -83.7067615,   330.0, 2025, 11, 23, 18, 17, 48,      149,      149,  26,   1,   2.2,   0.9,   2.0,  0,  0, 21, 22,  0,  0, 23, 23, 18,  0,  0,  0,  0,  0,  0,  7,  0,  0,  0,  0,  0,  0,  0,  0,  0,  8, 23, 30,  0,  0, 22,  0
6, 11026, 11,KE8EXM,     8.16, 5,   coast,  -11.77,  92902.00,  726.00,  471.01,   19.48, 23.1, 4.10, 4.08, 4.09,  -0.16,  -0.06,  -0.24, 210.98,   9.09,  17.28,  -0.22,  -0.08,   0.27,  30.98, 4.10, 0.00, 0.00, 0.00, 0.00, 1, 1,  7,  39.7309989, -83.7067615,   330.0, 2025, 11, 23, 18, 17, 48,      149,      149,  26,   1,   2.2,   0.9,   2.0,  0,  0, 21, 22,  0,  0, 23, 23, 18,  0,  0,  0,  0,  0,  0,  7,  0,  0,  0,  0,  0,  0,  0,  0,  0,  8, 23, 30,  0,  0, 22,  0
6, 11026, 11,KE8EXM,     8.17, 5,   coast,   -9.81,  92902.00,  726.00,  471.01,   19.38, 23.1, 4.10, 4.08, 4.09,  -0.19,  -0.05,  -0.33, 210.00,   8.48,  17.52,  -0.22,  -0.08,   0.27,  31.17, 4.10, 0.00, 0.00, 0.00, 0.00, 1, 1,  6,  39.7310221, -83.7067202,   327.0, 2025, 11, 23, 18, 17, 49,      153,      153,  27,  -0,   3.0,   1.0,   2.8,  0,  0, 22, 25,  0,  0, 30, 21, 20,  0,  0,  0,  0,  0,  0,  0,  0,  0,  0,  0,  0,  0,  0,  0,  0,  8, 24, 25,  0,  0, 20,  0
6, 11026, 11,KE8EXM,     8.18, 5,   coast,   -8.83,  92887.00,  727.34,  472.35,   19.28, 23.1, 4.10, 4.08, 4.09,  -0.17,  -0.02,  -0.32, 209.45,   8.42,  17.77,  -0.22,  -0.08,   0.28,  31.36, 4.10, 0.00, 0.00, 0.00, 0.00, 1, 1,  6,  39.7310221, -83.7067202,   327.0, 2025, 11, 23, 18, 17, 49,      153,      153,  27,  -0,   3.0,   1.0,   2.8,  0,  0, 22, 25,  0,  0, 30, 21, 20,  0,  0,  0,  0,  0,  0,  0,  0,  0,  0,  0,  0,  0,  0,  0,  0,  8, 24, 25,  0,  0, 20,  0
6, 11026, 11,KE8EXM,     8.19, 5,   coast,  -10.79,  92887.00,  727.34,  472.35,   19.18, 23.1, 4.10, 4.08, 4.09,  -0.20,   0.01,  -0.34, 208.97,   8.05,  18.13,  -0.22,  -0.08,   0.28,  31.56, 4.10, 0.00, 0.00, 0.00, 0.00, 1, 1,  6,  39.7310221, -83.7067202,   327.0, 2025, 11, 23, 18, 17, 49,      153,      153,  27,  -0,   3.0,   1.0,   2.8,  0,  0, 22, 25,  0,  0, 30, 21, 20,  0,  0,  0,  0,  0,  0,  0,  0,  0,  0,  0,  0,  0,  0,  0,  0,  8, 24, 25,  0,  0, 20,  0
6, 11026, 11,KE8EXM,     8.20, 5,   coast,   -9.32,  92889.00,  727.16,  472.17,   19.07, 23.1, 4.10, 4.08, 4.09,  -0.18,   0.05,  -0.31, 208.48,   8.11,  18.38,  -0.21,  -0.08,   0.28,  31.76, 4.10, 0.00, 0.00, 0.00, 0.00, 1, 1,  6,  39.7310221, -83.7067202,   327.0, 2025, 11, 23, 18, 17, 49,      153,      153,  27,  -0,   3.0,   1.0,   2.8,  0,  0, 22, 25,  0,  0, 30, 21, 20,  0,  0,  0,  0,  0,  0,  0,  0,  0,  0,  0,  0,  0,  0,  0,  0,  8, 24, 25,  0,  0, 20,  0
6, 11026, 11,KE8EXM,     8.21, 5,   coast,  -12.26,  92889.00,  727.16,  472.17,   18.97, 23.1, 4.10, 4.08, 4.09,  -0.15,   0.03,  -0.32, 207.99,   7.32,  18.38,  -0.22,  -0.08,   0.29,  31.95, 4.10, 0.00, 0.00, 0.00, 0.00, 1, 1,  6,  39.7310221, -83.7067202,   327.0, 2025, 11, 23, 18, 17, 49,      153,      153,  27,  -0,   3.0,   1.0,   2.8,  0,  0, 22, 25,  0,  0, 30, 21, 20,  0,  0,  0,  0,  0,  0,  0,  0,  0,  0,  0,  0,  0,  0,  0,  0,  8, 24, 25,  0,  0, 20,  0
6, 11026, 11,KE8EXM,     8.22, 5,   coast,  -11.77,  92886.00,  727.43,  472.44,   18.86, 23.1, 4.10, 4.08, 4.09,  -0.19,   0.04,  -0.33, 207.75,   7.20,  18.50,  -0.22,  -0.08,   0.29,  32.15, 4.10, 0.00, 0.00, 0.00, 0.00, 1, 1,  6,  39.7310221, -83.7067202,   327.0, 2025, 11, 23, 18, 17, 49,      153,      153,  27,  -0,   3.0,   1.0,   2.8,  0,  0, 22, 25,  0,  0, 30, 21, 20,  0,  0,  0,  0,  0,  0,  0,  0,  0,  0,  0,  0,  0,  0,  0,  0,  8, 24, 25,  0,  0, 20,  0
6, 11026, 11,KE8EXM,     8.23, 5,   coast,  -10.30,  92886.00,  727.43,  472.44,   18.76, 23.1, 4.10, 4.08, 4.09,  -0.15,   0.01,  -0.27, 206.89,   6.89,  18.75,  -0.22,  -0.08,   0.29,  32.35, 4.10, 0.00, 0.00, 0.00, 0.00, 1, 1,  6,  39.7310221, -83.7067202,   327.0, 2025, 11, 23, 18, 17, 49,      153,      153,  27,  -0,   3.0,   1.0,   2.8,  0,  0, 22, 25,  0,  0, 30, 21, 20,  0,  0,  0,  0,  0,  0,  0,  0,  0,  0,  0,  0,  0,  0,  0,  0,  8, 24, 25,  0,  0, 20,  0
6, 11026, 11,KE8EXM,     8.24, 5,   coast,   -9.81,  92871.00,  728.77,  473.78,   18.65, 23.1, 4.10, 4.08, 4.09,  -0.16,   0.02,  -0.27, 206.34,   6.34,  18.81,  -0.22,  -0.08,   0.30,  32.55, 4.10, 0.00, 0.00, 0.00, 0.00, 1, 1,  6,  39.7310221, -83.7067202,   327.0, 2025, 11, 23, 18, 17, 49,      153,      153,  27,  -0,   3.0,   1.0,   2.8,  0,  0, 22, 25,  0,  0, 30, 21, 20,  0,  0,  0,  0,  0,  0,  0,  0,  0,  0,  0,  0,  0,  0,  0,  0,  8, 24, 25,  0,  0, 20,  0
6, 11026, 11,KE8EXM,     8.25, 5,   coast,  -10.30,  92871.00,  728.77,  473.78,   18.55, 23.1, 4.10, 4.08, 4.09,  -0.17,   0.05,  -0.24, 205.67,   6.04,  19.11,  -0.22,  -0.08,   0.30,  32.75, 4.10, 0.00, 0.00, 0.00, 0.00, 1, 1,  6,  39.7310221, -83.7067202,   327.0, 2025, 11, 23, 18, 17, 49,      153,      153,  27,  -0,   3.0,   1.0,   2.8,  0,  0, 22, 25,  0,  0, 30, 21, 20,  0,  0,  0,  0,  0,  0,  0,  0,  0,  0,  0,  0,  0,  0,  0,  0,  8, 24, 25,  0,  0, 20,  0
6, 11026, 11,KE8EXM,     8.26, 5,   coast,   -9.81,  92878.00,  728.15,  473.15,   18.45, 23.1, 4.10, 4.08, 4.09,  -0.14,   0.04,  -0.23, 205.30,   5.67,  19.17,  -0.22,  -0.08,   0.30,  32.95, 4.10, 0.00, 0.00, 0.00, 0.00, 1, 1,  6,  39.7310221, -83.7067202,   327.0, 2025, 11, 23, 18, 17, 49,      153,      153,  27,  -0,   3.0,   1.0,   2.8,  0,  0, 22, 25,  0,  0, 30, 21, 20,  0,  0,  0,  0,  0,  0,  0,  0,  0,  0,  0,  0,  0,  0,  0,  0,  8, 24, 25,  0,  0, 20,  0
6, 11026, 11,KE8EXM,     8.27, 5,   coast,   -9.81,  92878.00,  728.15,  473.15,   18.35, 23.1, 4.10, 4.08, 4.09,  -0.16,   0.05,  -0.25, 204.82,   5.43,  19.29,  -0.22,  -0.09,   0.31,  33.15, 4.10, 0.00, 0.00, 0.00, 0.00, 1, 1,  6,  39.7310221, -83.7067202,   327.0, 2025, 11, 23, 18, 17, 49,      153,      153,  27,  -0,   3.0,   1.0,   2.8,  0,  0, 22, 25,  0,  0, 30, 21, 20,  0,  0,  0,  0,  0,  0,  0,  0,  0,  0,  0,  0,  0,  0,  0,  0,  8, 24, 25,  0,  0, 20,  0
6, 11026, 11,KE8EXM,     8.28, 5,   coast,   -9.32,  92875.00,  728.42,  473.42,   18.26, 23.1, 4.10, 4.08, 4.09,  -0.17,   0.06,  -0.27, 204.08,   5.43,  19.48,  -0.22,  -0.09,   0.31,  33.35, 4.10, 0.00, 0.00, 0.00, 0.00, 1, 1,  6,  39.7310221, -83.7067202,   327.0, 2025, 11, 23, 18, 17, 49,      153,      153,  27,  -0,   3.0,   1.0,   2.8,  0,  0, 22, 25,  0,  0, 30, 21, 20,  0,  0,  0,  0,  0,  0,  0,  0,  0,  0,  0,  0,  0,  0,  0,  0,  8, 24, 25,  0,  0, 20,  0
6, 11026, 11,KE8EXM,     8.29, 5,   coast,   -9.32,  92875.00,  728.42,  473.42,   18.16, 23.1, 4.10, 4.08, 4.09,  -0.15,   0.09,  -0.27, 203.23,   4.45,  19.72,  -0.22,  -0.09,   0.32,  33.55, 4.10, 0.00, 0.00, 0.00, 0.00, 1, 1,  6,  39.7310221, -83.7067202,   327.0, 2025, 11, 23, 18, 17, 49,      153,      153,  27,  -0,   3.0,   1.0,   2.8,  0,  0, 22, 25,  0,  0, 30, 21, 20,  0,  0,  0,  0,  0,  0,  0,  0,  0,  0,  0,  0,  0,  0,  0,  0,  8, 24, 25,  0,  0, 20,  0
6, 11026, 11,KE8EXM,     8.30, 5,   coast,   -8.83,  92863.00,  729.49,  474.49,   18.06, 23.1, 4.10, 4.08, 4.09,  -0.18,   0.09,  -0.29, 203.05,   4.14,  19.54,  -0.22,  -0.09,   0.32,  33.75, 4.10, 0.00, 0.00, 0.00, 0.00, 1, 1,  6,  39.7310221, -83.7067202,   327.0, 2025, 11, 23, 18, 17, 49,      153,      153,  27,  -0,   3.0,   1.0,   2.8,  0,  0, 22, 25,  0,  0, 30, 21, 20,  0,  0,  0,  0,  0,  0,  0,  0,  0,  0,  0,  0,  0,  0,  0,  0,  8, 24, 25,  0,  0, 20,  0
6, 11026, 11,KE8EXM,     8.31, 5,   coast,  -11.28,  92863.00,  729.49,  474.49,   17.97, 23.1, 4.10, 4.08, 4.09,  -0.15,   0.08,  -0.25, 202.62,   4.08,  19.90,  -0.22,  -0.09,   0.32,  33.96, 4.10, 0.00, 0.00, 0.00, 0.00, 1, 1,  6,  39.7310221, -83.7067202,   327.0, 2025, 11, 23, 18, 17, 49,      153,      153,  27,  -0,   3.0,   1.0,   2.8,  0,  0, 22, 25,  0,  0, 30, 21, 20,  0,  0,  0,  0,  0,  0,  0,  0,  0,  0,  0,  0,  0,  0,  0,  0,  8, 24, 25,  0,  0, 20,  0
6, 11026, 11,KE8EXM,     8.32, 5,   coast,   -8.83,  92857.00,  730.02,  475.03,   17.87, 23.1, 4.10, 4.08, 4.09,  -0.12,   0.08,  -0.26, 202.37,   3.84,  19.90,  -0.22,  -0.09,   0.33,  34.16, 4.10, 0.00, 0.00, 0.00, 0.00, 1, 1,  6,  39.7310221, -83.7067202,   327.0, 2025, 11, 23, 18, 17, 49,      153,      153,  27,  -0,   3.0,   1.0,   2.8,  0,  0, 22, 25,  0,  0, 30, 21, 20,  0,  0,  0,  0,  0,  0,  0,  0,  0,  0,  0,  0,  0,  0,  0,  0,  8, 24, 25,  0,  0, 20,  0
6, 11026, 11,KE8EXM,     8.33, 5,   coast,  -10.30,  92857.00,  730.02,  475.03,   17.77, 23.1, 4.10, 4.08, 4.09,  -0.14,   0.09,  -0.25, 201.64,   3.41,  20.27,  -0.22,  -0.09,   0.33,  34.36, 4.10, 0.00, 0.00, 0.00, 0.00, 1, 1,  6,  39.7310221, -83.7067202,   327.0, 2025, 11, 23, 18, 17, 49,      153,      153,  27,  -0,   3.0,   1.0,   2.8,  0,  0, 22, 25,  0,  0, 30, 21, 20,  0,  0,  0,  0,  0,  0,  0,  0,  0,  0,  0,  0,  0,  0,  0,  0,  8, 24, 25,  0,  0, 20,  0
6, 11026, 11,KE8EXM,     8.34, 5,   coast,  -11.28,  92862.00,  729.58,  474.58,   17.67, 23.1, 4.12, 4.09, 4.09,  -0.17,   0.11,  -0.21, 200.79,   3.11,  19.84,  -0.22,  -0.09,   0.33,  34.56, 4.09, 0.00, 0.00, 0.00, 0.00, 1, 1,  6,  39.7310221, -83.7067202,   327.0, 2025, 11, 23, 18, 17, 49,      153,      153,  27,  -0,   3.0,   1.0,   2.8,  0,  0, 22, 25,  0,  0, 30, 21, 20,  0,  0,  0,  0,  0,  0,  0,  0,  0,  0,  0,  0,  0,  0,  0,  0,  8, 24, 25,  0,  0, 20,  0
6, 11026, 11,KE8EXM,     8.34, 5,   coast,  -11.28,  92862.00,  729.58,  474.58,   17.67, 23.1, 4.12, 4.09, 4.09,  -0.17,   0.11,  -0.21, 200.79,   3.11,  19.84,  -0.22,  -0.09,   0.33,  34.56, 4.09, 0.00, 0.00, 0.00, 0.00, 1, 1,  6,  39.7310221, -83.7067202,   327.0, 2025, 11, 23, 18, 17, 49,      153,      153,  27,  -0,   3.0,   1.0,   2.8,  0,  0, 22, 25,  0,  0, 30, 21, 20,  0,  0,  0,  0,  0,  0,  0,  0,  0,  0,  0,  0,  0,  0,  0,  0,  8, 24, 25,  0,  0, 20,  0
6, 11026, 11,KE8EXM,     8.35, 5,   coast,   -9.32,  92862.00,  729.58,  474.58,   17.57, 23.1, 4.12, 4.09, 4.09,  -0.14,   0.12,  -0.18, 200.30,   2.74,  19.97,  -0.22,  -0.09,   0.33,  34.76, 4.09, 0.00, 0.00, 0.00, 0.00, 1, 1,  6,  39.7310221, -83.7067202,   327.0, 2025, 11, 23, 18, 17, 49,      153,      153,  27,  -0,   3.0,   1.0,   2.8,  0,  0, 22, 25,  0,  0, 30, 21, 20,  0,  0,  0,  0,  0,  0,  0,  0,  0,  0,  0,  0,  0,  0,  0,  0,  8, 24, 25,  0,  0, 20,  0
6, 11026, 11,KE8EXM,     8.36, 5,   coast,   -9.81,  92861.00,  729.67,  474.67,   17.47, 23.1, 4.12, 4.09, 4.09,  -0.12,   0.14,  -0.16, 199.38,   2.25,  20.09,  -0.22,  -0.08,   0.34,  34.96, 4.09, 0.00, 0.00, 0.00, 0.00, 1, 1,  6,  39.7310221, -83.7067202,   327.0, 2025, 11, 23, 18, 17, 49,      153,      153,  27,  -0,   3.0,   1.0,   2.8,  0,  0, 22, 25,  0,  0, 30, 21, 20,  0,  0,  0,  0,  0,  0,  0,  0,  0,  0,  0,  0,  0,  0,  0,  0,  8, 24, 25,  0,  0, 20,  0
6, 11026, 11,KE8EXM,     8.37, 5,   coast,  -10.79,  92861.00,  729.67,  474.67,   17.36, 23.1, 4.12, 4.09, 4.09,  -0.16,   0.14,  -0.14, 199.14,   2.07,  20.09,  -0.22,  -0.08,   0.34,  35.16, 4.09, 0.00, 0.00, 0.00, 0.00, 1, 1,  6,  39.7310221, -83.7067202,   327.0, 2025, 11, 23, 18, 17, 49,      153,      153,  27,  -0,   3.0,   1.0,   2.8,  0,  0, 22, 25,  0,  0, 30, 21, 20,  0,  0,  0,  0,  0,  0,  0,  0,  0,  0,  0,  0,  0,  0,  0,  0,  8, 24, 25,  0,  0, 20,  0
6, 11026, 11,KE8EXM,     8.38, 5,   coast,  -10.30,  92849.00,  730.74,  475.75,   17.26, 23.1, 4.12, 4.09, 4.09,  -0.15,   0.11,  -0.22, 198.90,   1.15,  20.39,  -0.22,  -0.08,   0.35,  35.36, 4.09, 0.00, 0.00, 0.00, 0.00, 1, 1,  6,  39.7310221, -83.7067202,   327.0, 2025, 11, 23, 18, 17, 49,      153,      153,  27,  -0,   3.0,   1.0,   2.8,  0,  0, 22, 25,  0,  0, 30, 21, 20,  0,  0,  0,  0,  0,  0,  0,  0,  0,  0,  0,  0,  0,  0,  0,  0,  8, 24, 25,  0,  0, 20,  0
6, 11026, 11,KE8EXM,     8.39, 5,   coast,  -10.30,  92849.00,  730.74,  475.75,   17.16, 23.1, 4.12, 4.09, 4.09,  -0.14,   0.15,  -0.14, 198.04,   0.79,  20.27,  -0.22,  -0.08,   0.35,  35.56, 4.09, 0.00, 0.00, 0.00, 0.00, 1, 1,  6,  39.7310221, -83.7067202,   327.0, 2025, 11, 23, 18, 17, 49,      153,      153,  27,  -0,   3.0,   1.0,   2.8,  0,  0, 22, 25,  0,  0, 30, 21, 20,  0,  0,  0,  0,  0,  0,  0,  0,  0,  0,  0,  0,  0,  0,  0,  0,  8, 24, 25,  0,  0, 20,  0
6, 11026, 11,KE8EXM,     8.40, 5,   coast,   -9.32,  92846.00,  731.01,  476.01,   17.06, 23.1, 4.12, 4.09, 4.09,  -0.13,   0.15,  -0.18, 197.55,   0.48,  20.27,  -0.22,  -0.08,   0.36,  35.76, 4.09, 0.00, 0.00, 0.00, 0.00, 1, 1,  6,  39.7310221, -83.7067202,   327.0, 2025, 11, 23, 18, 17, 49,      153,      153,  27,  -0,   3.0,   1.0,   2.8,  0,  0, 22, 25,  0,  0, 30, 21, 20,  0,  0,  0,  0,  0,  0,  0,  0,  0,  0,  0,  0,  0,  0,  0,  0,  8, 24, 25,  0,  0, 20,  0
6, 11026, 11,KE8EXM,     8.41, 5,   coast,  -10.30,  92846.00,  731.01,  476.01,   16.96, 23.1, 4.12, 4.09, 4.09,  -0.13,   0.18,  -0.17, 196.94,   0.24,  20.39,  -0.22,  -0.08,   0.36,  35.96, 4.09, 0.00, 0.00, 0.00, 0.00, 1, 1,  6,  39.7310221, -83.7067202,   327.0, 2025, 11, 23, 18, 17, 49,      153,      153,  27,  -0,   3.0,   1.0,   2.8,  0,  0, 22, 25,  0,  0, 30, 21, 20,  0,  0,  0,  0,  0,  0,  0,  0,  0,  0,  0,  0,  0,  0,  0,  0,  8, 24, 25,  0,  0, 20,  0
6, 11026, 11,KE8EXM,     8.42, 5,   coast,  -10.79,  92840.00,  731.54,  476.55,   16.86, 23.1, 4.12, 4.09, 4.09,  -0.10,   0.16,  -0.10, 196.76,  -0.31,  20.33,  -0.22,  -0.08,   0.36,  36.15, 4.09, 0.00, 0.00, 0.00, 0.00, 1, 1,  6,  39.7310221, -83.7067202,   327.0, 2025, 11, 23, 18, 17, 49,      153,      153,  27,  -0,   3.0,   1.0,   2.8,  0,  0, 22, 25,  0,  0, 30, 21, 20,  0,  0,  0,  0,  0,  0,  0,  0,  0,  0,  0,  0,  0,  0,  0,  0,  8, 24, 25,  0,  0, 20,  0
6, 11026, 11,KE8EXM,     8.43, 5,   coast,   -8.83,  92840.00,  731.54,  476.55,   16.76, 23.1, 4.12, 4.09, 4.09,  -0.13,   0.21,  -0.14, 195.84,  -0.92,  20.58,  -0.22,  -0.08,   0.37,  36.35, 4.09, 0.00, 0.00, 0.00, 0.00, 1, 1,  6,  39.7310221, -83.7067202,   327.0, 2025, 11, 23, 18, 17, 49,      153,      153,  27,  -0,   3.0,   1.0,   2.8,  0,  0, 22, 25,  0,  0, 30, 21, 20,  0,  0,  0,  0,  0,  0,  0,  0,  0,  0,  0,  0,  0,  0,  0,  0,  8, 24, 25,  0,  0, 20,  0
6, 11026, 11,KE8EXM,     8.44, 5,   coast,  -10.79,  92839.00,  731.63,  476.64,   16.66, 23.1, 4.12, 4.09, 4.09,  -0.12,   0.21,  -0.06, 195.66,  -1.41,  20.52,  -0.22,  -0.08,   0.37,  36.55, 4.09, 0.00, 0.00, 0.00, 0.00, 1, 1,  6,  39.7310221, -83.7067202,   327.0, 2025, 11, 23, 18, 17, 49,      153,      153,  27,  -0,   3.0,   1.0,   2.8,  0,  0, 22, 25,  0,  0, 30, 21, 20,  0,  0,  0,  0,  0,  0,  0,  0,  0,  0,  0,  0,  0,  0,  0,  0,  8, 24, 25,  0,  0, 20,  0
6, 11026, 11,KE8EXM,     8.45, 5,   coast,   -8.83,  92839.00,  731.63,  476.64,   16.56, 23.1, 4.12, 4.09, 4.09,  -0.11,   0.24,  -0.06, 195.29,  -1.41,  20.33,  -0.22,  -0.08,   0.37,  36.75, 4.09, 0.00, 0.00, 0.00, 0.00, 1, 1,  6,  39.7310221, -83.7067202,   327.0, 2025, 11, 23, 18, 17, 49,      153,      153,  27,  -0,   3.0,   1.0,   2.8,  0,  0, 22, 25,  0,  0, 30, 21, 20,  0,  0,  0,  0,  0,  0,  0,  0,  0,  0,  0,  0,  0,  0,  0,  0,  8, 24, 25,  0,  0, 20,  0
6, 11026, 11,KE8EXM,     8.46, 5,   coast,  -12.26,  92833.00,  732.17,  477.18,   16.46, 23.1, 4.12, 4.09, 4.09,  -0.14,   0.23,  -0.04, 194.44,  -2.02,  20.58,  -0.22,  -0.07,   0.38,  36.95, 4.09, 0.00, 0.00, 0.00, 0.00, 1, 1,  6,  39.7310221, -83.7067202,   327.0, 2025, 11, 23, 18, 17, 49,      153,      153,  27,  -0,   3.0,   1.0,   2.8,  0,  0, 22, 25,  0,  0, 30, 21, 20,  0,  0,  0,  0,  0,  0,  0,  0,  0,  0,  0,  0,  0,  0,  0,  0,  8, 24, 25,  0,  0, 20,  0
6, 11026, 11,KE8EXM,     8.47, 5,   coast,  -10.30,  92833.00,  732.17,  477.18,   16.35, 23.1, 4.12, 4.09, 4.09,  -0.09,   0.22,  -0.05, 194.20,  -2.26,  20.52,  -0.23,  -0.07,   0.38,  37.15, 4.09, 0.00, 0.00, 0.00, 0.00, 1, 1,  6,  39.7310221, -83.7067202,   327.0, 2025, 11, 23, 18, 17, 49,      153,      153,  27,  -0,   3.0,   1.0,   2.8,  0,  0, 22, 25,  0,  0, 30, 21, 20,  0,  0,  0,  0,  0,  0,  0,  0,  0,  0,  0,  0,  0,  0,  0,  0,  8, 24, 25,  0,  0, 20,  0
6, 11026, 11,KE8EXM,     8.48, 5,   coast,  -11.28,  92836.00,  731.90,  476.91,   16.25, 23.1, 4.12, 4.09, 4.09,  -0.12,   0.23,  -0.07, 193.95,  -2.75,  20.58,  -0.23,  -0.07,   0.38,  37.34, 4.09, 0.00, 0.00, 0.00, 0.00, 1, 1,  6,  39.7310221, -83.7067202,   327.0, 2025, 11, 23, 18, 17, 49,      153,      153,  27,  -0,   3.0,   1.0,   2.8,  0,  0, 22, 25,  0,  0, 30, 21, 20,  0,  0,  0,  0,  0,  0,  0,  0,  0,  0,  0,  0,  0,  0,  0,  0,  8, 24, 25,  0,  0, 20,  0
6, 11026, 11,KE8EXM,     8.49, 5,   coast,   -9.81,  92836.00,  731.90,  476.91,   16.14, 23.1, 4.12, 4.09, 4.09,  -0.14,   0.20,  -0.07, 192.85,  -3.36,  20.33,  -0.23,  -0.07,   0.39,  37.54, 4.09, 0.00, 0.00, 0.00, 0.00, 1, 1,  6,  39.7310221, -83.7067202,   327.0, 2025, 11, 23, 18, 17, 49,      153,      153,  27,  -0,   3.0,   1.0,   2.8,  0,  0, 22, 25,  0,  0, 30, 21, 20,  0,  0,  0,  0,  0,  0,  0,  0,  0,  0,  0,  0,  0,  0,  0,  0,  8, 24, 25,  0,  0, 20,  0
6, 11026, 11,KE8EXM,     8.50, 5,   coast,  -12.75,  92835.00,  731.99,  477.00,   16.03, 23.1, 4.12, 4.09, 4.09,  -0.11,   0.23,  -0.05, 192.49,  -3.79,  20.15,  -0.23,  -0.07,   0.39,  37.73, 4.09, 0.00, 0.00, 0.00, 0.00, 1, 1,  6,  39.7310221, -83.7067202,   327.0, 2025, 11, 23, 18, 17, 49,      153,      153,  27,  -0,   3.0,   1.0,   2.8,  0,  0, 22, 25,  0,  0, 30, 21, 20,  0,  0,  0,  0,  0,  0,  0,  0,  0,  0,  0,  0,  0,  0,  0,  0,  8, 24, 25,  0,  0, 20,  0
6, 11026, 11,KE8EXM,     8.51, 5,   coast,  -11.28,  92835.00,  731.99,  477.00,   15.92, 23.1, 4.12, 4.09, 4.09,  -0.10,   0.22,  -0.06, 192.00,  -4.34,  20.15,  -0.23,  -0.06,   0.40,  37.93, 4.09, 0.00, 0.00, 0.00, 0.00, 1, 1,  6,  39.7310221, -83.7067202,   327.0, 2025, 11, 23, 18, 17, 49,      153,      153,  27,  -0,   3.0,   1.0,   2.8,  0,  0, 22, 25,  0,  0, 30, 21, 20,  0,  0,  0,  0,  0,  0,  0,  0,  0,  0,  0,  0,  0,  0,  0,  0,  8, 24, 25,  0,  0, 20,  0
6, 11026, 11,KE8EXM,     8.52, 5,   coast,  -11.28,  92825.00,  732.88,  477.89,   15.81, 23.1, 4.12, 4.09, 4.09,  -0.13,   0.23,  -0.01, 191.45,  -4.64,  19.97,  -0.23,  -0.06,   0.40,  38.12, 4.09, 0.00, 0.00, 0.00, 0.00, 1, 1,  6,  39.7310221, -83.7067202,   327.0, 2025, 11, 23, 18, 17, 49,      153,      153,  27,  -0,   3.0,   1.0,   2.8,  0,  0, 22, 25,  0,  0, 30, 21, 20,  0,  0,  0,  0,  0,  0,  0,  0,  0,  0,  0,  0,  0,  0,  0,  0,  8, 24, 25,  0,  0, 20,  0
6, 11026, 11,KE8EXM,     8.53, 5,   coast,  -11.77,  92825.00,  732.88,  477.89,   15.70, 23.1, 4.12, 4.09, 4.09,  -0.10,   0.22,   0.01, 190.84,  -5.62,  20.03,  -0.23,  -0.06,   0.40,  38.32, 4.09, 0.00, 0.00, 0.00, 0.00, 1, 1,  6,  39.7310221, -83.7067202,   327.0, 2025, 11, 23, 18, 17, 49,      153,      153,  27,  -0,   3.0,   1.0,   2.8,  0,  0, 22, 25,  0,  0, 30, 21, 20,  0,  0,  0,  0,  0,  0,  0,  0,  0,  0,  0,  0,  0,  0,  0,  0,  8, 24, 25,  0,  0, 20,  0
6, 11026, 11,KE8EXM,     8.54, 5,   coast,  -10.79,  92824.00,  732.97,  477.98,   15.59, 23.1, 4.12, 4.09, 4.09,  -0.08,   0.24,  -0.01, 189.86,  -5.62,  19.78,  -0.23,  -0.06,   0.41,  38.51, 4.09, 0.00, 0.00, 0.00, 0.00, 1, 1,  6,  39.7310221, -83.7067202,   327.0, 2025, 11, 23, 18, 17, 49,      153,      153,  27,  -0,   3.0,   1.0,   2.8,  0,  0, 22, 25,  0,  0, 30, 21, 20,  0,  0,  0,  0,  0,  0,  0,  0,  0,  0,  0,  0,  0,  0,  0,  0,  8, 24, 25,  0,  0, 20,  0
6, 11026, 11,KE8EXM,     8.55, 5,   coast,  -10.30,  92824.00,  732.97,  477.98,   15.49, 23.1, 4.12, 4.09, 4.09,  -0.11,   0.26,   0.03, 189.19,  -6.05,  19.72,  -0.23,  -0.05,   0.41,  38.70, 4.09, 0.00, 0.00, 0.00, 0.00, 1, 1,  6,  39.7310221, -83.7067202,   327.0, 2025, 11, 23, 18, 17, 49,      153,      153,  27,  -0,   3.0,   1.0,   2.8,  0,  0, 22, 25,  0,  0, 30, 21, 20,  0,  0,  0,  0,  0,  0,  0,  0,  0,  0,  0,  0,  0,  0,  0,  0,  8, 24, 25,  0,  0, 20,  0
6, 11026, 11,KE8EXM,     8.56, 5,   coast,  -10.30,  92826.00,  732.79,  477.80,   15.38, 23.1, 4.12, 4.09, 4.09,  -0.12,   0.25,   0.04, 188.95,  -6.66,  19.84,  -0.23,  -0.05,   0.41,  38.90, 4.09, 0.00, 0.00, 0.00, 0.00, 1, 1,  6,  39.7310221, -83.7067202,   327.0, 2025, 11, 23, 18, 17, 49,      153,      153,  27,  -0,   3.0,   1.0,   2.8,  0,  0, 22, 25,  0,  0, 30, 21, 20,  0,  0,  0,  0,  0,  0,  0,  0,  0,  0,  0,  0,  0,  0,  0,  0,  8, 24, 25,  0,  0, 20,  0
6, 11026, 11,KE8EXM,     8.57, 5,   coast,   -9.32,  92826.00,  732.79,  477.80,   15.28, 23.1, 4.12, 4.09, 4.09,  -0.09,   0.22,   0.04, 188.40,  -7.57,  19.60,  -0.23,  -0.05,   0.41,  39.09, 4.09, 0.00, 0.00, 0.00, 0.00, 1, 1,  6,  39.7310221, -83.7067202,   327.0, 2025, 11, 23, 18, 17, 49,      153,      153,  27,  -0,   3.0,   1.0,   2.8,  0,  0, 22, 25,  0,  0, 30, 21, 20,  0,  0,  0,  0,  0,  0,  0,  0,  0,  0,  0,  0,  0,  0,  0,  0,  8, 24, 25,  0,  0, 20,  0
6, 11026, 11,KE8EXM,     8.58, 5,   coast,  -11.28,  92816.00,  733.69,  478.69,   15.18, 23.1, 4.12, 4.09, 4.09,  -0.10,   0.20,   0.03, 187.66,  -7.57,  19.17,  -0.23,  -0.04,   0.42,  39.28, 4.09, 0.00, 0.00, 0.00, 0.00, 1, 1,  6,  39.7310221, -83.7067202,   327.0, 2025, 11, 23, 18, 17, 49,      153,      153,  27,  -0,   3.0,   1.0,   2.8,  0,  0, 22, 25,  0,  0, 30, 21, 20,  0,  0,  0,  0,  0,  0,  0,  0,  0,  0,  0,  0,  0,  0,  0,  0,  8, 24, 25,  0,  0, 20,  0
6, 11026, 11,KE8EXM,     8.59, 5,   coast,  -10.30,  92816.00,  733.69,  478.69,   15.08, 23.1, 4.12, 4.09, 4.09,  -0.10,   0.26,   0.01, 187.12,  -8.00,  19.36,  -0.23,  -0.04,   0.42,  39.48, 4.09, 0.00, 0.00, 0.00, 0.00, 1, 1,  6,  39.7310221, -83.7067202,   327.0, 2025, 11, 23, 18, 17, 49,      153,      153,  27,  -0,   3.0,   1.0,   2.8,  0,  0, 22, 25,  0,  0, 30, 21, 20,  0,  0,  0,  0,  0,  0,  0,  0,  0,  0,  0,  0,  0,  0,  0,  0,  8, 24, 25,  0,  0, 20,  0
6, 11026, 11,KE8EXM,     8.60, 5,   coast,   -9.81,  92819.00,  733.42,  478.43,   14.97, 23.1, 4.12, 4.09, 4.09,  -0.11,   0.23,   0.04, 186.26,  -8.79,  18.93,  -0.23,  -0.04,   0.42,  39.67, 4.09, 0.00, 0.00, 0.00, 0.00, 1, 1,  6,  39.7310221, -83.7067202,   327.0, 2025, 11, 23, 18, 17, 49,      153,      153,  27,  -0,   3.0,   1.0,   2.8,  0,  0, 22, 25,  0,  0, 30, 21, 20,  0,  0,  0,  0,  0,  0,  0,  0,  0,  0,  0,  0,  0,  0,  0,  0,  8, 24, 25,  0,  0, 20,  0
6, 11026, 11,KE8EXM,     8.61, 5,   coast,  -10.79,  92819.00,  733.42,  478.43,   14.87, 23.1, 4.12, 4.09, 4.09,  -0.11,   0.22,   0.09, 185.83,  -9.34,  18.68,  -0.23,  -0.03,   0.42,  39.86, 4.09, 0.00, 0.00, 0.00, 0.00, 1, 1,  6,  39.7310221, -83.7067202,   327.0, 2025, 11, 23, 18, 17, 49,      153,      153,  27,  -0,   3.0,   1.0,   2.8,  0,  0, 22, 25,  0,  0, 30, 21, 20,  0,  0,  0,  0,  0,  0,  0,  0,  0,  0,  0,  0,  0,  0,  0,  0,  8, 24, 25,  0,  0, 20,  0
6, 11026, 11,KE8EXM,     8.62, 5,   coast,  -11.28,  92808.00,  734.40,  479.41,   14.77, 23.1, 4.12, 4.09, 4.09,  -0.06,   0.21,   0.11, 185.65,  -9.83,  18.44,  -0.23,  -0.03,   0.43,  40.06, 4.09, 0.00, 0.00, 0.00, 0.00, 1, 1,  6,  39.7310221, -83.7067202,   327.0, 2025, 11, 23, 18, 17, 49,      153,      153,  27,  -0,   3.0,   1.0,   2.8,  0,  0, 22, 25,  0,  0, 30, 21, 20,  0,  0,  0,  0,  0,  0,  0,  0,  0,  0,  0,  0,  0,  0,  0,  0,  8, 24, 25,  0,  0, 20,  0
6, 11026, 11,KE8EXM,     8.63, 5,   coast,  -10.79,  92808.00,  734.40,  479.41,   14.66, 23.1, 4.12, 4.09, 4.09,  -0.07,   0.22,   0.11, 184.98, -10.38,  18.38,  -0.23,  -0.03,   0.43,  40.25, 4.09, 0.00, 0.00, 0.00, 0.00, 1, 1,  6,  39.7310221, -83.7067202,   327.0, 2025, 11, 23, 18, 17, 49,      153,      153,  27,  -0,   3.0,   1.0,   2.8,  0,  0, 22, 25,  0,  0, 30, 21, 20,  0,  0,  0,  0,  0,  0,  0,  0,  0,  0,  0,  0,  0,  0,  0,  0,  8, 24, 25,  0,  0, 20,  0
6, 11026, 11,KE8EXM,     8.64, 5,   coast,  -10.30,  92807.00,  734.49,  479.50,   14.56, 23.1, 4.12, 4.09, 4.09,  -0.09,   0.26,   0.11, 184.43, -10.50,  17.95,  -0.23,  -0.02,   0.43,  40.44, 4.09, 0.00, 0.00, 0.00, 0.00, 1, 1,  6,  39.7310221, -83.7067202,   327.0, 2025, 11, 23, 18, 17, 49,      153,      153,  27,  -0,   3.0,   1.0,   2.8,  0,  0, 22, 25,  0,  0, 30, 21, 20,  0,  0,  0,  0,  0,  0,  0,  0,  0,  0,  0,  0,  0,  0,  0,  0,  8, 24, 25,  0,  0, 20,  0
6, 11026, 11,KE8EXM,     8.65, 5,   coast,  -10.30,  92807.00,  734.49,  479.50,   14.45, 23.1, 4.12, 4.09, 4.09,  -0.09,   0.24,   0.15, 183.94, -11.11,  17.89,  -0.23,  -0.02,   0.44,  40.63, 4.09, 0.00, 0.00, 0.00, 0.00, 1, 1,  6,  39.7310221, -83.7067202,   327.0, 2025, 11, 23, 18, 17, 49,      153,      153,  27,  -0,   3.0,   1.0,   2.8,  0,  0, 22, 25,  0,  0, 30, 21, 20,  0,  0,  0,  0,  0,  0,  0,  0,  0,  0,  0,  0,  0,  0,  0,  0,  8, 24, 25,  0,  0, 20,  0
6, 11026, 11,KE8EXM,     8.66, 5,   coast,  -11.28,  92809.00,  734.31,  479.32,   14.35, 23.1, 4.10, 4.08, 4.09,  -0.06,   0.24,   0.07, 183.58, -11.66,  17.46,  -0.23,  -0.02,   0.44,  40.82, 4.10, 0.00, 0.00, 0.00, 0.00, 1, 1,  6,  39.7310221, -83.7067202,   327.0, 2025, 11, 23, 18, 17, 49,      153,      153,  27,  -0,   3.0,   1.0,   2.8,  0,  0, 22, 25,  0,  0, 30, 21, 20,  0,  0,  0,  0,  0,  0,  0,  0,  0,  0,  0,  0,  0,  0,  0,  0,  8, 24, 25,  0,  0, 20,  0
6, 11026, 11,KE8EXM,     8.66, 5,   coast,  -11.28,  92809.00,  734.31,  479.32,   14.35, 23.1, 4.10, 4.08, 4.09,  -0.06,   0.24,   0.07, 183.58, -11.66,  17.46,  -0.23,  -0.02,   0.44,  40.82, 4.10, 0.00, 0.00, 0.00, 0.00, 1, 1,  6,  39.7310221, -83.7067202,   327.0, 2025, 11, 23, 18, 17, 49,      153,      153,  27,  -0,   3.0,   1.0,   2.8,  0,  0, 22, 25,  0,  0, 30, 21, 20,  0,  0,  0,  0,  0,  0,  0,  0,  0,  0,  0,  0,  0,  0,  0,  0,  8, 24, 25,  0,  0, 20,  0
6, 11026, 11,KE8EXM,     8.67, 5,   coast,   -9.81,  92809.00,  734.31,  479.32,   14.25, 23.1, 4.10, 4.08, 4.09,  -0.04,   0.26,   0.14, 182.60, -11.79,  16.91,  -0.23,  -0.01,   0.44,  41.01, 4.10, 0.00, 0.00, 0.00, 0.00, 1, 1,  6,  39.7310221, -83.7067202,   327.0, 2025, 11, 23, 18, 17, 49,      153,      153,  27,  -0,   3.0,   1.0,   2.8,  0,  0, 22, 25,  0,  0, 30, 21, 20,  0,  0,  0,  0,  0,  0,  0,  0,  0,  0,  0,  0,  0,  0,  0,  0,  8, 24, 25,  0,  0, 20,  0
6, 11026, 11,KE8EXM,     8.68, 5,   coast,  -10.79,  92801.00,  735.03,  480.03,   14.14, 23.1, 4.10, 4.08, 4.09,  -0.11,   0.24,   0.10, 182.29, -12.33,  16.55,  -0.23,  -0.01,   0.44,  41.20, 4.10, 0.00, 0.00, 0.00, 0.00, 1, 1,  6,  39.7310221, -83.7067202,   327.0, 2025, 11, 23, 18, 17, 49,      153,      153,  27,  -0,   3.0,   1.0,   2.8,  0,  0, 22, 25,  0,  0, 30, 21, 20,  0,  0,  0,  0,  0,  0,  0,  0,  0,  0,  0,  0,  0,  0,  0,  0,  8, 24, 25,  0,  0, 20,  0
6, 11026, 11,KE8EXM,     8.69, 5,   coast,  -10.30,  92801.00,  735.03,  480.03,   14.04, 23.1, 4.10, 4.08, 4.09,  -0.09,   0.22,   0.11, 181.81, -12.95,  16.36,  -0.23,  -0.00,   0.44,  41.39, 4.10, 0.00, 0.00, 0.00, 0.00, 1, 1,  6,  39.7310221, -83.7067202,   327.0, 2025, 11, 23, 18, 17, 49,      153,      153,  27,  -0,   3.0,   1.0,   2.8,  0,  0, 22, 25,  0,  0, 30, 21, 20,  0,  0,  0,  0,  0,  0,  0,  0,  0,  0,  0,  0,  0,  0,  0,  0,  8, 24, 25,  0,  0, 20,  0
6, 11026, 11,KE8EXM,     8.70, 5,   coast,  -10.30,  92797.00,  735.39,  480.39,   13.94, 23.1, 4.10, 4.08, 4.09,  -0.09,   0.19,   0.13, 181.32, -12.76,  16.00,  -0.23,  -0.00,   0.44,  41.57, 4.10, 0.00, 0.00, 0.00, 0.00, 1, 1,  6,  39.7310221, -83.7067202,   327.0, 2025, 11, 23, 18, 17, 49,      153,      153,  27,  -0,   3.0,   1.0,   2.8,  0,  0, 22, 25,  0,  0, 30, 21, 20,  0,  0,  0,  0,  0,  0,  0,  0,  0,  0,  0,  0,  0,  0,  0,  0,  8, 24, 25,  0,  0, 20,  0
6, 11026, 11,KE8EXM,     8.71, 5,   coast,  -10.79,  92797.00,  735.39,  480.39,   13.83, 23.1, 4.10, 4.08, 4.09,  -0.04,   0.17,   0.10, 180.16, -13.80,  15.82,  -0.23,   0.01,   0.45,  41.76, 4.10, 0.00, 0.00, 0.00, 0.00, 1, 1,  6,  39.7310221, -83.7067202,   327.0, 2025, 11, 23, 18, 17, 49,      153,      153,  27,  -0,   3.0,   1.0,   2.8,  0,  0, 22, 25,  0,  0, 30, 21, 20,  0,  0,  0,  0,  0,  0,  0,  0,  0,  0,  0,  0,  0,  0,  0,  0,  8, 24, 25,  0,  0, 20,  0
6, 11026, 11,KE8EXM,     8.72, 5,   coast,  -10.30,  92791.00,  735.92,  480.93,   13.73, 23.1, 4.10, 4.08, 4.09,  -0.04,   0.19,   0.14, 179.85, -13.98,  15.45,  -0.23,   0.01,   0.45,  41.95, 4.10, 0.00, 0.00, 0.00, 0.00, 1, 1,  6,  39.7310221, -83.7067202,   327.0, 2025, 11, 23, 18, 17, 49,      153,      153,  27,  -0,   3.0,   1.0,   2.8,  0,  0, 22, 25,  0,  0, 30, 21, 20,  0,  0,  0,  0,  0,  0,  0,  0,  0,  0,  0,  0,  0,  0,  0,  0,  8, 24, 25,  0,  0, 20,  0
6, 11026, 11,KE8EXM,     8.73, 5,   coast,  -11.77,  92791.00,  735.92,  480.93,   13.63, 23.1, 4.10, 4.08, 4.09,  -0.09,   0.22,   0.22, 179.55, -14.35,  15.02,  -0.23,   0.02,   0.45,  42.13, 4.10, 0.00, 0.00, 0.00, 0.00, 1, 1,  6,  39.7310221, -83.7067202,   327.0, 2025, 11, 23, 18, 17, 49,      153,      153,  27,  -0,   3.0,   1.0,   2.8,  0,  0, 22, 25,  0,  0, 30, 21, 20,  0,  0,  0,  0,  0,  0,  0,  0,  0,  0,  0,  0,  0,  0,  0,  0,  8, 24, 25,  0,  0, 20,  0
6, 11026, 11,KE8EXM,     8.74, 5,   coast,   -8.83,  92789.00,  736.10,  481.11,   13.52, 23.1, 4.10, 4.08, 4.09,  -0.07,   0.18,   0.27, 179.12, -14.59,  14.41,  -0.23,   0.02,   0.45,  42.32, 4.10, 0.00, 0.00, 0.00, 0.00, 1, 1,  6,  39.7310221, -83.7067202,   327.0, 2025, 11, 23, 18, 17, 49,      153,      153,  27,  -0,   3.0,   1.0,   2.8,  0,  0, 22, 25,  0,  0, 30, 21, 20,  0,  0,  0,  0,  0,  0,  0,  0,  0,  0,  0,  0,  0,  0,  0,  0,  8, 24, 25,  0,  0, 20,  0
6, 11026, 11,KE8EXM,     8.75, 5,   coast,  -10.79,  92789.00,  736.10,  481.11,   13.42, 23.1, 4.10, 4.08, 4.09,  -0.07,   0.18,   0.23, 178.88, -15.51,  14.35,  -0.23,   0.03,   0.45,  42.51, 4.10, 0.00, 0.00, 0.00, 0.00, 1, 1,  6,  39.7310221, -83.7067202,   327.0, 2025, 11, 23, 18, 17, 49,      153,      153,  27,  -0,   3.0,   1.0,   2.8,  0,  0, 22, 25,  0,  0, 30, 21, 20,  0,  0,  0,  0,  0,  0,  0,  0,  0,  0,  0,  0,  0,  0,  0,  0,  8, 24, 25,  0,  0, 20,  0
6, 11026, 11,KE8EXM,     8.76, 5,   coast,   -9.81,  92780.00,  736.90,  481.91,   13.32, 23.1, 4.10, 4.08, 4.09,  -0.07,   0.20,   0.31, 178.20, -15.75,  13.86,  -0.23,   0.03,   0.46,  42.70, 4.10, 0.00, 0.00, 0.00, 0.00, 1, 1,  6,  39.7310221, -83.7067202,   327.0, 2025, 11, 23, 18, 17, 49,      153,      153,  27,  -0,   3.0,   1.0,   2.8,  0,  0, 22, 25,  0,  0, 30, 21, 20,  0,  0,  0,  0,  0,  0,  0,  0,  0,  0,  0,  0,  0,  0,  0,  0,  8, 24, 25,  0,  0, 20,  0
6, 11026, 11,KE8EXM,     8.77, 5,   coast,  -10.30,  92780.00,  736.90,  481.91,   13.22, 23.1, 4.10, 4.08, 4.09,  -0.06,   0.19,   0.29, 177.47, -16.06,  13.31,  -0.23,   0.03,   0.46,  42.88, 4.10, 0.00, 0.00, 0.00, 0.00, 1, 1,  6,  39.7310221, -83.7067202,   327.0, 2025, 11, 23, 18, 17, 49,      153,      153,  27,  -0,   3.0,   1.0,   2.8,  0,  0, 22, 25,  0,  0, 30, 21, 20,  0,  0,  0,  0,  0,  0,  0,  0,  0,  0,  0,  0,  0,  0,  0,  0,  8, 24, 25,  0,  0, 20,  0
6, 11026, 11,KE8EXM,     8.78, 5,   coast,   -9.32,  92792.00,  735.83,  480.84,   13.12, 23.1, 4.10, 4.08, 4.09,  -0.04,   0.24,   0.29, 177.23, -16.73,  13.19,  -0.24,   0.04,   0.46,  43.07, 4.10, 0.00, 0.00, 0.00, 0.00, 1, 1,  6,  39.7310221, -83.7067202,   327.0, 2025, 11, 23, 18, 17, 49,      153,      153,  27,  -0,   3.0,   1.0,   2.8,  0,  0, 22, 25,  0,  0, 30, 21, 20,  0,  0,  0,  0,  0,  0,  0,  0,  0,  0,  0,  0,  0,  0,  0,  0,  8, 24, 25,  0,  0, 20,  0
6, 11026, 11,KE8EXM,     8.79, 5,   coast,  -11.28,  92792.00,  735.83,  480.84,   13.02, 23.1, 4.10, 4.08, 4.09,  -0.05,   0.19,   0.30, 176.43, -16.73,  12.52,  -0.24,   0.04,   0.46,  43.26, 4.10, 0.00, 0.00, 0.00, 0.00, 1, 1,  6,  39.7310221, -83.7067202,   327.0, 2025, 11, 23, 18, 17, 49,      153,      153,  27,  -0,   3.0,   1.0,   2.8,  0,  0, 22, 25,  0,  0, 30, 21, 20,  0,  0,  0,  0,  0,  0,  0,  0,  0,  0,  0,  0,  0,  0,  0,  0,  8, 24, 25,  0,  0, 20,  0
6, 11026, 11,KE8EXM,     8.80, 5,   coast,  -10.30,  92783.00,  736.64,  481.64,   12.92, 23.1, 4.10, 4.08, 4.09,  -0.06,   0.24,   0.27, 175.89, -17.34,  12.28,  -0.23,   0.05,   0.46,  43.45, 4.10, 0.00, 0.00, 0.00, 0.00, 1, 1,  6,  39.7310221, -83.7067202,   327.0, 2025, 11, 23, 18, 17, 49,      153,      153,  27,  -0,   3.0,   1.0,   2.8,  0,  0, 22, 25,  0,  0, 30, 21, 20,  0,  0,  0,  0,  0,  0,  0,  0,  0,  0,  0,  0,  0,  0,  0,  0,  8, 24, 25,  0,  0, 20,  0
6, 11026, 11,KE8EXM,     8.81, 5,   coast,  -10.79,  92783.00,  736.64,  481.64,   12.82, 23.1, 4.10, 4.08, 4.09,  -0.04,   0.18,   0.33, 174.85, -17.64,  11.60,  -0.23,   0.05,   0.46,  43.64, 4.10, 0.00, 0.00, 0.00, 0.00, 1, 1,  6,  39.7310221, -83.7067202,   327.0, 2025, 11, 23, 18, 17, 49,      153,      153,  27,  -0,   3.0,   1.0,   2.8,  0,  0, 22, 25,  0,  0, 30, 21, 20,  0,  0,  0,  0,  0,  0,  0,  0,  0,  0,  0,  0,  0,  0,  0,  0,  8, 24, 25,  0,  0, 20,  0
6, 11026, 11,KE8EXM,     8.82, 5,   coast,   -9.81,  92776.00,  737.26,  482.27,   12.71, 23.1, 4.10, 4.08, 4.09,  -0.04,   0.21,   0.29, 174.12, -18.44,  11.12,  -0.23,   0.06,   0.46,  43.83, 4.10, 0.00, 0.00, 0.00, 0.00, 1, 1,  6,  39.7310221, -83.7067202,   327.0, 2025, 11, 23, 18, 17, 49,      153,      153,  27,  -0,   3.0,   1.0,   2.8,  0,  0, 22, 25,  0,  0, 30, 21, 20,  0,  0,  0,  0,  0,  0,  0,  0,  0,  0,  0,  0,  0,  0,  0,  0,  8, 24, 25,  0,  0, 20,  0
6, 11026, 11,KE8EXM,     8.83, 5,   coast,   -9.32,  92776.00,  737.26,  482.27,   12.61, 23.1, 4.10, 4.08, 4.09,  -0.04,   0.20,   0.33, 173.69, -18.44,  10.63,  -0.23,   0.06,   0.46,  44.02, 4.10, 0.00, 0.00, 0.00, 0.00, 1, 1,  6,  39.7310221, -83.7067202,   327.0, 2025, 11, 23, 18, 17, 49,      153,      153,  27,  -0,   3.0,   1.0,   2.8,  0,  0, 22, 25,  0,  0, 30, 21, 20,  0,  0,  0,  0,  0,  0,  0,  0,  0,  0,  0,  0,  0,  0,  0,  0,  8, 24, 25,  0,  0, 20,  0
6, 11026, 11,KE8EXM,     8.84, 5,   coast,  -10.79,  92779.00,  736.99,  482.00,   12.51, 23.1, 4.10, 4.08, 4.09,  -0.04,   0.17,   0.32, 173.14, -18.80,  10.26,  -0.23,   0.07,   0.46,  44.21, 4.10, 0.00, 0.00, 0.00, 0.00, 1, 1,  6,  39.7310221, -83.7067202,   327.0, 2025, 11, 23, 18, 17, 49,      153,      153,  27,  -0,   3.0,   1.0,   2.8,  0,  0, 22, 25,  0,  0, 30, 21, 20,  0,  0,  0,  0,  0,  0,  0,  0,  0,  0,  0,  0,  0,  0,  0,  0,  8, 24, 25,  0,  0, 20,  0
6, 11026, 11,KE8EXM,     8.85, 5,   coast,  -12.75,  92779.00,  736.99,  482.00,   12.40, 23.1, 4.10, 4.08, 4.09,  -0.04,   0.14,   0.30, 172.65, -19.60,   9.83,  -0.23,   0.07,   0.46,  44.41, 4.10, 0.00, 0.00, 0.00, 0.00, 1, 1,  6,  39.7310221, -83.7067202,   327.0, 2025, 11, 23, 18, 17, 49,      153,      153,  27,  -0,   3.0,   1.0,   2.8,  0,  0, 22, 25,  0,  0, 30, 21, 20,  0,  0,  0,  0,  0,  0,  0,  0,  0,  0,  0,  0,  0,  0,  0,  0,  8, 24, 25,  0,  0, 20,  0
6, 11026, 11,KE8EXM,     8.86, 5,   coast,  -10.30,  92789.00,  736.10,  481.11,   12.30, 23.1, 4.10, 4.08, 4.09,  -0.04,   0.12,   0.30, 172.10, -19.84,   8.98,  -0.23,   0.08,   0.46,  44.61, 4.10, 0.00, 0.00, 0.00, 0.00, 1, 1,  6,  39.7310221, -83.7067202,   327.0, 2025, 11, 23, 18, 17, 49,      153,      153,  27,  -0,   3.0,   1.0,   2.8,  0,  0, 22, 25,  0,  0, 30, 21, 20,  0,  0,  0,  0,  0,  0,  0,  0,  0,  0,  0,  0,  0,  0,  0,  0,  8, 24, 25,  0,  0, 20,  0
6, 11026, 11,KE8EXM,     8.87, 5,   coast,  -11.28,  92789.00,  736.10,  481.11,   12.19, 23.1, 4.10, 4.08, 4.09,  -0.03,   0.13,   0.27, 171.43, -19.90,   8.61,  -0.23,   0.08,   0.46,  44.80, 4.10, 0.00, 0.00, 0.00, 0.00, 1, 1,  6,  39.7310221, -83.7067202,   327.0, 2025, 11, 23, 18, 17, 49,      153,      153,  27,  -0,   3.0,   1.0,   2.8,  0,  0, 22, 25,  0,  0, 30, 21, 20,  0,  0,  0,  0,  0,  0,  0,  0,  0,  0,  0,  0,  0,  0,  0,  0,  8, 24, 25,  0,  0, 20,  0
6, 11026, 11,KE8EXM,     8.88, 5,   coast,  -10.30,  92778.00,  737.08,  482.09,   12.09, 23.1, 4.10, 4.08, 4.09,  -0.06,   0.14,   0.28, 170.82, -20.33,   8.00,  -0.23,   0.09,   0.46,  45.00, 4.10, 0.00, 0.00, 0.00, 0.00, 1, 1,  6,  39.7310221, -83.7067202,   327.0, 2025, 11, 23, 18, 17, 49,      153,      153,  27,  -0,   3.0,   1.0,   2.8,  0,  0, 22, 25,  0,  0, 30, 21, 20,  0,  0,  0,  0,  0,  0,  0,  0,  0,  0,  0,  0,  0,  0,  0,  0,  8, 24, 25,  0,  0, 20,  0
6, 11026, 11,KE8EXM,     8.89, 5,   coast,   -8.83,  92778.00,  737.08,  482.09,   11.99, 23.1, 4.10, 4.08, 4.09,  -0.02,   0.11,   0.27, 169.84, -20.57,   7.39,  -0.23,   0.09,   0.46,  45.19, 4.10, 0.00, 0.00, 0.00, 0.00, 1, 1,  6,  39.7310221, -83.7067202,   327.0, 2025, 11, 23, 18, 17, 49,      153,      153,  27,  -0,   3.0,   1.0,   2.8,  0,  0, 22, 25,  0,  0, 30, 21, 20,  0,  0,  0,  0,  0,  0,  0,  0,  0,  0,  0,  0,  0,  0,  0,  0,  8, 24, 25,  0,  0, 20,  0
6, 11026, 11,KE8EXM,     8.90, 5,   coast,  -10.79,  92764.00,  738.34,  483.34,   11.89, 23.1, 4.10, 4.08, 4.09,  -0.04,   0.17,   0.32, 169.23, -20.94,   6.84,  -0.24,   0.10,   0.46,  45.39, 4.10, 0.00, 0.00, 0.00, 0.00, 1, 1,  6,  39.7310221, -83.7067202,   327.0, 2025, 11, 23, 18, 17, 49,      153,      153,  27,  -0,   3.0,   1.0,   2.8,  0,  0, 22, 25,  0,  0, 30, 21, 20,  0,  0,  0,  0,  0,  0,  0,  0,  0,  0,  0,  0,  0,  0,  0,  0,  8, 24, 25,  0,  0, 20,  0
6, 11026, 11,KE8EXM,     8.91, 5,   coast,   -8.34,  92764.00,  738.34,  483.34,   11.79, 23.1, 4.10, 4.08, 4.09,  -0.01,   0.11,   0.32, 168.74, -20.76,   6.11,  -0.24,   0.10,   0.46,  45.59, 4.10, 0.00, 0.00, 0.00, 0.00, 1, 1,  6,  39.7310221, -83.7067202,   327.0, 2025, 11, 23, 18, 17, 49,      153,      153,  27,  -0,   3.0,   1.0,   2.8,  0,  0, 22, 25,  0,  0, 30, 21, 20,  0,  0,  0,  0,  0,  0,  0,  0,  0,  0,  0,  0,  0,  0,  0,  0,  8, 24, 25,  0,  0, 20,  0
6, 11026, 11,KE8EXM,     8.92, 5,   coast,  -10.30,  92762.00,  738.51,  483.52,   11.69, 23.1, 4.10, 4.08, 4.09,  -0.03,   0.11,   0.31, 168.13, -20.88,   5.56,  -0.24,   0.10,   0.46,  45.78, 4.10, 0.00, 0.00, 0.00, 0.00, 1, 1,  6,  39.7310221, -83.7067202,   327.0, 2025, 11, 23, 18, 17, 49,      153,      153,  27,  -0,   3.0,   1.0,   2.8,  0,  0, 22, 25,  0,  0, 30, 21, 20,  0,  0,  0,  0,  0,  0,  0,  0,  0,  0,  0,  0,  0,  0,  0,  0,  8, 24, 25,  0,  0, 20,  0
6, 11026, 11,KE8EXM,     8.93, 5,   coast,  -11.77,  92762.00,  738.51,  483.52,   11.59, 23.1, 4.10, 4.08, 4.09,   0.00,   0.10,   0.30, 167.58, -21.55,   5.20,  -0.24,   0.11,   0.46,  45.98, 4.10, 0.00, 0.00, 0.00, 0.00, 1, 1,  6,  39.7310221, -83.7067202,   327.0, 2025, 11, 23, 18, 17, 49,      153,      153,  27,  -0,   3.0,   1.0,   2.8,  0,  0, 22, 25,  0,  0, 30, 21, 20,  0,  0,  0,  0,  0,  0,  0,  0,  0,  0,  0,  0,  0,  0,  0,  0,  8, 24, 25,  0,  0, 20,  0
6, 11026, 11,KE8EXM,     8.94, 5,   coast,  -10.79,  92772.00,  737.62,  482.63,   11.49, 23.1, 4.10, 4.08, 4.09,  -0.01,   0.14,   0.27, 166.61, -21.67,   4.58,  -0.24,   0.12,   0.46,  46.18, 4.10, 0.00, 0.00, 0.00, 0.00, 1, 1,  6,  39.7310221, -83.7067202,   327.0, 2025, 11, 23, 18, 17, 49,      153,      153,  27,  -0,   3.0,   1.0,   2.8,  0,  0, 22, 25,  0,  0, 30, 21, 20,  0,  0,  0,  0,  0,  0,  0,  0,  0,  0,  0,  0,  0,  0,  0,  0,  8, 24, 25,  0,  0, 20,  0
6, 11026, 11,KE8EXM,     8.95, 5,   coast,   -9.32,  92772.00,  737.62,  482.63,   11.38, 23.1, 4.10, 4.08, 4.09,  -0.02,   0.09,   0.34, 166.06, -22.10,   3.91,  -0.24,   0.12,   0.46,  46.38, 4.10, 0.00, 0.00, 0.00, 0.00, 1, 1,  6,  39.7310221, -83.7067202,   327.0, 2025, 11, 23, 18, 17, 49,      153,      153,  27,  -0,   3.0,   1.0,   2.8,  0,  0, 22, 25,  0,  0, 30, 21, 20,  0,  0,  0,  0,  0,  0,  0,  0,  0,  0,  0,  0,  0,  0,  0,  0,  8, 24, 25,  0,  0, 20,  0
6, 11026, 11,KE8EXM,     8.96, 5,   coast,  -10.79,  92771.00,  737.71,  482.72,   11.28, 23.1, 4.10, 4.08, 4.09,   0.00,   0.11,   0.32, 165.51, -21.98,   3.61,  -0.24,   0.13,   0.46,  46.58, 4.10, 0.00, 0.00, 0.00, 0.00, 1, 1,  6,  39.7310221, -83.7067202,   327.0, 2025, 11, 23, 18, 17, 49,      153,      153,  27,  -0,   3.0,   1.0,   2.8,  0,  0, 22, 25,  0,  0, 30, 21, 20,  0,  0,  0,  0,  0,  0,  0,  0,  0,  0,  0,  0,  0,  0,  0,  0,  8, 24, 25,  0,  0, 20,  0
6, 11026, 11,KE8EXM,     8.97, 5,   coast,  -12.75,  92771.00,  737.71,  482.72,   11.17, 23.1, 4.10, 4.08, 4.09,  -0.01,   0.11,   0.34, 164.72, -21.98,   2.88,  -0.24,   0.13,   0.45,  46.78, 4.10, 0.00, 0.00, 0.00, 0.00, 1, 1,  6,  39.7310221, -83.7067202,   327.0, 2025, 11, 23, 18, 17, 49,      153,      153,  27,  -0,   3.0,   1.0,   2.8,  0,  0, 22, 25,  0,  0, 30, 21, 20,  0,  0,  0,  0,  0,  0,  0,  0,  0,  0,  0,  0,  0,  0,  0,  0,  8, 24, 25,  0,  0, 20,  0
6, 11026, 11,KE8EXM,     8.98, 5,   coast,  -10.79,  92752.00,  739.41,  484.42,   11.06, 23.1, 4.09, 4.08, 4.09,  -0.04,   0.06,   0.31, 163.98, -22.34,   2.08,  -0.24,   0.14,   0.45,  46.98, 4.11, 0.00, 0.00, 0.00, 0.00, 1, 1,  6,  39.7310221, -83.7067202,   327.0, 2025, 11, 23, 18, 17, 49,      153,      153,  27,  -0,   3.0,   1.0,   2.8,  0,  0, 22, 25,  0,  0, 30, 21, 20,  0,  0,  0,  0,  0,  0,  0,  0,  0,  0,  0,  0,  0,  0,  0,  0,  8, 24, 25,  0,  0, 20,  0
6, 11026, 11,KE8EXM,     8.98, 5,   coast,  -10.79,  92752.00,  739.41,  484.42,   11.06, 23.1, 4.09, 4.08, 4.09,  -0.04,   0.06,   0.31, 163.98, -22.34,   2.08,  -0.24,   0.14,   0.45,  46.98, 4.11, 0.00, 0.00, 0.00, 0.00, 1, 1,  6,  39.7310221, -83.7067202,   327.0, 2025, 11, 23, 18, 17, 49,      153,      153,  27,  -0,   3.0,   1.0,   2.8,  0,  0, 22, 25,  0,  0, 30, 21, 20,  0,  0,  0,  0,  0,  0,  0,  0,  0,  0,  0,  0,  0,  0,  0,  0,  8, 24, 25,  0,  0, 20,  0
6, 11026, 11,KE8EXM,     8.99, 5,   coast,  -10.79,  92752.00,  739.41,  484.42,   10.96, 23.1, 4.09, 4.08, 4.09,  -0.01,   0.11,   0.29, 163.68, -22.53,   1.59,  -0.24,   0.14,   0.45,  47.18, 4.11, 0.00, 0.00, 0.00, 0.00, 1, 1,  6,  39.7310221, -83.7067202,   327.0, 2025, 11, 23, 18, 17, 49,      153,      153,  27,  -0,   3.0,   1.0,   2.8,  0,  0, 22, 25,  0,  0, 30, 21, 20,  0,  0,  0,  0,  0,  0,  0,  0,  0,  0,  0,  0,  0,  0,  0,  0,  8, 24, 25,  0,  0, 20,  0
6, 11026, 11,KE8EXM,     9.00, 5,   coast,   -9.32,  92752.00,  739.41,  484.42,   10.86, 23.1, 4.09, 4.08, 4.09,  -0.02,   0.07,   0.27, 163.01, -22.59,   1.04,  -0.24,   0.15,   0.45,  47.38, 4.11, 0.00, 0.00, 0.00, 0.00, 1, 1,  6,  39.7310221, -83.7067202,   327.0, 2025, 11, 23, 18, 17, 49,      153,      153,  27,  -0,   3.0,   1.0,   2.8,  0,  0, 22, 25,  0,  0, 30, 21, 20,  0,  0,  0,  0,  0,  0,  0,  0,  0,  0,  0,  0,  0,  0,  0,  0,  8, 24, 25,  0,  0, 20,  0
6, 11026, 11,KE8EXM,     9.01, 5,   coast,  -11.28,  92752.00,  739.41,  484.42,   10.75, 23.1, 4.09, 4.08, 4.09,   0.00,   0.10,   0.30, 162.21, -22.59,   0.43,  -0.25,   0.15,   0.45,  47.59, 4.11, 0.00, 0.00, 0.00, 0.00, 1, 1,  6,  39.7310221, -83.7067202,   327.0, 2025, 11, 23, 18, 17, 49,      153,      153,  27,  -0,   3.0,   1.0,   2.8,  0,  0, 22, 25,  0,  0, 30, 21, 20,  0,  0,  0,  0,  0,  0,  0,  0,  0,  0,  0,  0,  0,  0,  0,  0,  8, 24, 25,  0,  0, 20,  0
6, 11026, 11,KE8EXM,     9.02, 5,   coast,  -10.30,  92756.00,  739.05,  484.06,   10.65, 23.1, 4.09, 4.08, 4.09,   0.01,   0.11,   0.31, 162.03, -22.65,  -0.05,  -0.25,   0.16,   0.45,  47.79, 4.11, 0.00, 0.00, 0.00, 0.00, 1, 1,  6,  39.7310221, -83.7067202,   327.0, 2025, 11, 23, 18, 17, 49,      153,      153,  27,  -0,   3.0,   1.0,   2.8,  0,  0, 22, 25,  0,  0, 30, 21, 20,  0,  0,  0,  0,  0,  0,  0,  0,  0,  0,  0,  0,  0,  0,  0,  0,  8, 24, 25,  0,  0, 20,  0
6, 11026, 11,KE8EXM,     9.03, 5,   coast,  -11.28,  92756.00,  739.05,  484.06,   10.54, 23.1, 4.09, 4.08, 4.09,   0.01,   0.02,   0.30, 161.11, -22.65,  -0.54,  -0.25,   0.16,   0.45,  47.99, 4.11, 0.00, 0.00, 0.00, 0.00, 1, 1,  6,  39.7310221, -83.7067202,   327.0, 2025, 11, 23, 18, 17, 49,      153,      153,  27,  -0,   3.0,   1.0,   2.8,  0,  0, 22, 25,  0,  0, 30, 21, 20,  0,  0,  0,  0,  0,  0,  0,  0,  0,  0,  0,  0,  0,  0,  0,  0,  8, 24, 25,  0,  0, 20,  0
6, 11026, 11,KE8EXM,     9.04, 5,   coast,  -10.30,  92759.00,  738.78,  483.79,   10.44, 23.1, 4.09, 4.08, 4.09,   0.02,   0.02,   0.24, 160.69, -22.71,  -0.91,  -0.25,   0.17,   0.44,  48.19, 4.11, 0.00, 0.00, 0.00, 0.00, 1, 1,  6,  39.7310221, -83.7067202,   327.0, 2025, 11, 23, 18, 17, 49,      153,      153,  27,  -0,   3.0,   1.0,   2.8,  0,  0, 22, 25,  0,  0, 30, 21, 20,  0,  0,  0,  0,  0,  0,  0,  0,  0,  0,  0,  0,  0,  0,  0,  0,  8, 24, 25,  0,  0, 20,  0
6, 11026, 11,KE8EXM,     9.05, 5,   coast,  -11.28,  92759.00,  738.78,  483.79,   10.34, 23.1, 4.09, 4.08, 4.09,   0.01,  -0.02,   0.28, 160.38, -22.34,  -1.70,  -0.25,   0.17,   0.44,  48.39, 4.11, 0.00, 0.00, 0.00, 0.00, 1, 1,  6,  39.7310221, -83.7067202,   327.0, 2025, 11, 23, 18, 17, 49,      153,      153,  27,  -0,   3.0,   1.0,   2.8,  0,  0, 22, 25,  0,  0, 30, 21, 20,  0,  0,  0,  0,  0,  0,  0,  0,  0,  0,  0,  0,  0,  0,  0,  0,  8, 24, 25,  0,  0, 20,  0
6, 11026, 11,KE8EXM,     9.06, 5,   coast,   -9.32,  92756.00,  739.05,  484.06,   10.24, 23.1, 4.09, 4.08, 4.09,  -0.01,  -0.04,   0.24, 160.14, -22.71,  -2.50,  -0.25,   0.18,   0.44,  48.60, 4.11, 0.00, 0.00, 0.00, 0.00, 1, 1,  6,  39.7310221, -83.7067202,   327.0, 2025, 11, 23, 18, 17, 49,      153,      153,  27,  -0,   3.0,   1.0,   2.8,  0,  0, 22, 25,  0,  0, 30, 21, 20,  0,  0,  0,  0,  0,  0,  0,  0,  0,  0,  0,  0,  0,  0,  0,  0,  8, 24, 25,  0,  0, 20,  0
6, 11026, 11,KE8EXM,     9.07, 5,   coast,  -10.30,  92756.00,  739.05,  484.06,   10.14, 23.1, 4.09, 4.08, 4.09,   0.04,  -0.02,   0.24, 160.02, -22.71,  -3.11,  -0.25,   0.18,   0.43,  48.80, 4.11, 0.00, 0.00, 0.00, 0.00, 1, 1,  6,  39.7310221, -83.7067202,   327.0, 2025, 11, 23, 18, 17, 49,      153,      153,  27,  -0,   3.0,   1.0,   2.8,  0,  0, 22, 25,  0,  0, 30, 21, 20,  0,  0,  0,  0,  0,  0,  0,  0,  0,  0,  0,  0,  0,  0,  0,  0,  8, 24, 25,  0,  0, 20,  0
6, 11026, 11,KE8EXM,     9.08, 5,   coast,   -8.83,  92746.00,  739.94,  484.95,   10.04, 23.1, 4.09, 4.08, 4.09,   0.02,  -0.04,   0.27, 159.16, -22.41,  -3.90,  -0.25,   0.19,   0.43,  49.01, 4.11, 0.00, 0.00, 0.00, 0.00, 1, 1,  6,  39.7310221, -83.7067202,   327.0, 2025, 11, 23, 18, 17, 49,      153,      153,  27,  -0,   3.0,   1.0,   2.8,  0,  0, 22, 25,  0,  0, 30, 21, 20,  0,  0,  0,  0,  0,  0,  0,  0,  0,  0,  0,  0,  0,  0,  0,  0,  8, 24, 25,  0,  0, 20,  0
6, 11026, 11,KE8EXM,     9.09, 5,   coast,   -8.83,  92746.00,  739.94,  484.95,    9.94, 23.1, 4.09, 4.08, 4.09,   0.03,  -0.05,   0.27, 158.61, -22.16,  -4.51,  -0.25,   0.19,   0.43,  49.21, 4.11, 0.00, 0.00, 0.00, 0.00, 1, 1,  6,  39.7310221, -83.7067202,   327.0, 2025, 11, 23, 18, 17, 49,      153,      153,  27,  -0,   3.0,   1.0,   2.8,  0,  0, 22, 25,  0,  0, 30, 21, 20,  0,  0,  0,  0,  0,  0,  0,  0,  0,  0,  0,  0,  0,  0,  0,  0,  8, 24, 25,  0,  0, 20,  0
6, 11026, 11,KE8EXM,     9.10, 5,   coast,  -10.30,  92740.00,  740.48,  485.49,    9.85, 23.1, 4.09, 4.08, 4.09,   0.01,  -0.04,   0.27, 158.00, -22.04,  -5.06,  -0.25,   0.20,   0.42,  49.41, 4.11, 0.00, 0.00, 0.00, 0.00, 1, 1,  6,  39.7310221, -83.7067202,   327.0, 2025, 11, 23, 18, 17, 49,      153,      153,  27,  -0,   3.0,   1.0,   2.8,  0,  0, 22, 25,  0,  0, 30, 21, 20,  0,  0,  0,  0,  0,  0,  0,  0,  0,  0,  0,  0,  0,  0,  0,  0,  8, 24, 25,  0,  0, 20,  0
6, 11026, 11,KE8EXM,     9.11, 5,   coast,  -10.30,  92740.00,  740.48,  485.49,    9.75, 23.1, 4.09, 4.08, 4.09,   0.00,  -0.05,   0.27, 157.64, -22.04,  -5.67,  -0.25,   0.20,   0.42,  49.62, 4.11, 0.00, 0.00, 0.00, 0.00, 1, 1,  6,  39.7310221, -83.7067202,   327.0, 2025, 11, 23, 18, 17, 49,      153,      153,  27,  -0,   3.0,   1.0,   2.8,  0,  0, 22, 25,  0,  0, 30, 21, 20,  0,  0,  0,  0,  0,  0,  0,  0,  0,  0,  0,  0,  0,  0,  0,  0,  8, 24, 25,  0,  0, 20,  0
6, 11026, 11,KE8EXM,     9.12, 5,   coast,  -10.30,  92734.00,  741.02,  486.03,    9.65, 23.1, 4.09, 4.08, 4.09,   0.05,  -0.05,   0.29, 156.78, -21.98,  -6.28,  -0.25,   0.21,   0.42,  49.82, 4.11, 0.00, 0.00, 0.00, 0.00, 1, 1,  6,  39.7310221, -83.7067202,   327.0, 2025, 11, 23, 18, 17, 49,      153,      153,  27,  -0,   3.0,   1.0,   2.8,  0,  0, 22, 25,  0,  0, 30, 21, 20,  0,  0,  0,  0,  0,  0,  0,  0,  0,  0,  0,  0,  0,  0,  0,  0,  8, 24, 25,  0,  0, 20,  0
6, 11026, 11,KE8EXM,     9.13, 5,   coast,   -9.81,  92734.00,  741.02,  486.03,    9.55, 23.1, 4.09, 4.08, 4.09,   0.01,  -0.07,   0.25, 156.41, -21.80,  -6.95,  -0.26,   0.21,   0.42,  50.03, 4.11, 0.00, 0.00, 0.00, 0.00, 1, 1,  6,  39.7310221, -83.7067202,   327.0, 2025, 11, 23, 18, 17, 49,      153,      153,  27,  -0,   3.0,   1.0,   2.8,  0,  0, 22, 25,  0,  0, 30, 21, 20,  0,  0,  0,  0,  0,  0,  0,  0,  0,  0,  0,  0,  0,  0,  0,  0,  8, 24, 25,  0,  0, 20,  0
6, 11026, 11,KE8EXM,     9.14, 5,   coast,   -9.81,  92749.00,  739.68,  484.68,    9.45, 23.1, 4.09, 4.08, 4.09,   0.03,  -0.09,   0.25, 155.87, -21.86,  -7.68,  -0.26,   0.21,   0.42,  50.24, 4.11, 0.00, 0.00, 0.00, 0.00, 1, 1,  6,  39.7310221, -83.7067202,   327.0, 2025, 11, 23, 18, 17, 49,      153,      153,  27,  -0,   3.0,   1.0,   2.8,  0,  0, 22, 25,  0,  0, 30, 21, 20,  0,  0,  0,  0,  0,  0,  0,  0,  0,  0,  0,  0,  0,  0,  0,  0,  8, 24, 25,  0,  0, 20,  0
6, 11026, 11,KE8EXM,     9.15, 5,   coast,  -10.30,  92749.00,  739.68,  484.68,    9.35, 23.1, 4.09, 4.08, 4.09,   0.04,  -0.09,   0.24, 155.26, -21.55,  -8.29,  -0.26,   0.22,   0.41,  50.45, 4.11, 0.00, 0.00, 0.00, 0.00, 1, 1,  6,  39.7310221, -83.7067202,   327.0, 2025, 11, 23, 18, 17, 49,      153,      153,  27,  -0,   3.0,   1.0,   2.8,  0,  0, 22, 25,  0,  0, 30, 21, 20,  0,  0,  0,  0,  0,  0,  0,  0,  0,  0,  0,  0,  0,  0,  0,  0,  8, 24, 25,  0,  0, 20,  0
6, 11026, 11,KE8EXM,     9.16, 5,   coast,   -9.81,  92749.00,  739.68,  484.68,    9.25, 23.1, 4.09, 4.08, 4.09,   0.02,  -0.11,   0.24, 155.19, -21.00,  -8.96,  -0.26,   0.23,   0.41,  50.66, 4.11, 0.00, 0.00, 0.00, 0.00, 1, 1,  6,  39.7310221, -83.7067202,   327.0, 2025, 11, 23, 18, 17, 49,      153,      153,  27,  -0,   3.0,   1.0,   2.8,  0,  0, 22, 25,  0,  0, 30, 21, 20,  0,  0,  0,  0,  0,  0,  0,  0,  0,  0,  0,  0,  0,  0,  0,  0,  8, 24, 25,  0,  0, 20,  0
6, 11026, 11,KE8EXM,     9.16, 5,   coast,   -9.81,  92749.00,  739.68,  484.68,    9.25, 23.1, 4.09, 4.08, 4.09,   0.02,  -0.11,   0.24, 155.19, -21.00,  -8.96,  -0.26,   0.23,   0.41,  50.66, 4.11, 0.00, 0.00, 0.00, 0.00, 1, 1,  6,  39.7310221, -83.7067202,   327.0, 2025, 11, 23, 18, 17, 49,      153,      153,  27,  -0,   3.0,   1.0,   2.8,  0,  0, 22, 25,  0,  0, 30, 21, 20,  0,  0,  0,  0,  0,  0,  0,  0,  0,  0,  0,  0,  0,  0,  0,  0,  8, 24, 25,  0,  0, 20,  0
6, 11026, 11,KE8EXM,     9.16, 5,   coast,   -9.81,  92749.00,  739.68,  484.68,    9.25, 23.1, 4.09, 4.08, 4.09,   0.02,  -0.11,   0.24, 155.19, -21.00,  -8.96,  -0.26,   0.23,   0.41,  50.66, 4.11, 0.00, 0.00, 0.00, 0.00, 1, 1,  6,  39.7310221, -83.7067202,   327.0, 2025, 11, 23, 18, 17, 49,      153,      153,  27,  -0,   3.0,   1.0,   2.8,  0,  0, 22, 25,  0,  0, 30, 21, 20,  0,  0,  0,  0,  0,  0,  0,  0,  0,  0,  0,  0,  0,  0,  0,  0,  8, 24, 25,  0,  0, 20,  0
6, 11026, 11,KE8EXM,     9.17, 5,   coast,  -10.79,  92749.00,  739.68,  484.68,    9.15, 23.1, 4.09, 4.08, 4.09,   0.04,  -0.11,   0.25, 154.64, -20.82,  -9.33,  -0.26,   0.23,   0.40,  50.86, 4.11, 0.00, 0.00, 0.00, 0.00, 1, 1,  6,  39.7310240, -83.7067077,   335.0, 2025, 11, 23, 18, 17, 50,      154,      154,  27,   3,   3.0,   1.0,   2.8,  0,  0, 21, 24,  0,  0, 31, 21, 30,  0,  0,  0,  0,  0,  0, 20,  0,  0,  0,  0,  0,  0,  0,  0,  0, 26, 23, 31,  0,  0, 23,  0
6, 11026, 11,KE8EXM,     9.18, 5,   coast,  -11.77,  92742.00,  740.30,  485.31,    9.04, 23.1, 4.09, 4.08, 4.09,   0.04,  -0.11,   0.28, 154.16, -20.76, -10.19,  -0.26,   0.23,   0.40,  51.07, 4.11, 0.00, 0.00, 0.00, 0.00, 1, 1,  6,  39.7310240, -83.7067077,   335.0, 2025, 11, 23, 18, 17, 50,      154,      154,  27,   3,   3.0,   1.0,   2.8,  0,  0, 21, 24,  0,  0, 31, 21, 30,  0,  0,  0,  0,  0,  0, 20,  0,  0,  0,  0,  0,  0,  0,  0,  0, 26, 23, 31,  0,  0, 23,  0
6, 11026, 11,KE8EXM,     9.19, 5,   coast,   -9.81,  92742.00,  740.30,  485.31,    8.94, 23.1, 4.09, 4.08, 4.09,   0.03,  -0.10,   0.24, 153.61, -20.33, -10.86,  -0.26,   0.24,   0.39,  51.28, 4.11, 0.00, 0.00, 0.00, 0.00, 1, 1,  6,  39.7310240, -83.7067077,   335.0, 2025, 11, 23, 18, 17, 50,      154,      154,  27,   3,   3.0,   1.0,   2.8,  0,  0, 21, 24,  0,  0, 31, 21, 30,  0,  0,  0,  0,  0,  0, 20,  0,  0,  0,  0,  0,  0,  0,  0,  0, 26, 23, 31,  0,  0, 23,  0
6, 11026, 11,KE8EXM,     9.20, 5,   coast,  -10.79,  92738.00,  740.66,  485.67,    8.84, 23.1, 4.09, 4.08, 4.09,   0.04,  -0.15,   0.22, 153.49, -20.15, -11.59,  -0.26,   0.24,   0.39,  51.50, 4.11, 0.00, 0.00, 0.00, 0.00, 1, 1,  6,  39.7310240, -83.7067077,   335.0, 2025, 11, 23, 18, 17, 50,      154,      154,  27,   3,   3.0,   1.0,   2.8,  0,  0, 21, 24,  0,  0, 31, 21, 30,  0,  0,  0,  0,  0,  0, 20,  0,  0,  0,  0,  0,  0,  0,  0,  0, 26, 23, 31,  0,  0, 23,  0
6, 11026, 11,KE8EXM,     9.21, 5,   coast,  -10.79,  92738.00,  740.66,  485.67,    8.73, 23.1, 4.09, 4.08, 4.09,   0.02,  -0.14,   0.23, 152.81, -20.21, -11.96,  -0.26,   0.24,   0.39,  51.71, 4.11, 0.00, 0.00, 0.00, 0.00, 1, 1,  6,  39.7310240, -83.7067077,   335.0, 2025, 11, 23, 18, 17, 50,      154,      154,  27,   3,   3.0,   1.0,   2.8,  0,  0, 21, 24,  0,  0, 31, 21, 30,  0,  0,  0,  0,  0,  0, 20,  0,  0,  0,  0,  0,  0,  0,  0,  0, 26, 23, 31,  0,  0, 23,  0
6, 11026, 11,KE8EXM,     9.22, 5,   coast,  -10.30,  92737.00,  740.75,  485.76,    8.63, 23.1, 4.09, 4.08, 4.09,   0.06,  -0.17,   0.22, 152.39, -19.48, -12.57,  -0.26,   0.26,   0.38,  51.92, 4.11, 0.00, 0.00, 0.00, 0.00, 1, 1,  6,  39.7310240, -83.7067077,   335.0, 2025, 11, 23, 18, 17, 50,      154,      154,  27,   3,   3.0,   1.0,   2.8,  0,  0, 21, 24,  0,  0, 31, 21, 30,  0,  0,  0,  0,  0,  0, 20,  0,  0,  0,  0,  0,  0,  0,  0,  0, 26, 23, 31,  0,  0, 23,  0
6, 11026, 11,KE8EXM,     9.23, 5,   coast,  -11.28,  92737.00,  740.75,  485.76,    8.53, 23.1, 4.09, 4.08, 4.09,   0.04,  -0.17,   0.20, 152.02, -19.41, -13.18,  -0.26,   0.26,   0.37,  52.14, 4.11, 0.00, 0.00, 0.00, 0.00, 1, 1,  6,  39.7310240, -83.7067077,   335.0, 2025, 11, 23, 18, 17, 50,      154,      154,  27,   3,   3.0,   1.0,   2.8,  0,  0, 21, 24,  0,  0, 31, 21, 30,  0,  0,  0,  0,  0,  0, 20,  0,  0,  0,  0,  0,  0,  0,  0,  0, 26, 23, 31,  0,  0, 23,  0
6, 11026, 11,KE8EXM,     9.24, 5,   coast,   -9.32,  92736.00,  740.84,  485.85,    8.43, 23.1, 4.09, 4.08, 4.09,   0.04,  -0.18,   0.19, 151.53, -19.17, -13.97,  -0.26,   0.26,   0.37,  52.36, 4.11, 0.00, 0.00, 0.00, 0.00, 1, 1,  6,  39.7310240, -83.7067077,   335.0, 2025, 11, 23, 18, 17, 50,      154,      154,  27,   3,   3.0,   1.0,   2.8,  0,  0, 21, 24,  0,  0, 31, 21, 30,  0,  0,  0,  0,  0,  0, 20,  0,  0,  0,  0,  0,  0,  0,  0,  0, 26, 23, 31,  0,  0, 23,  0
6, 11026, 11,KE8EXM,     9.25, 5,   coast,   -9.32,  92736.00,  740.84,  485.85,    8.33, 23.1, 4.09, 4.08, 4.09,   0.01,  -0.17,   0.18, 151.17, -18.62, -14.58,  -0.26,   0.26,   0.37,  52.57, 4.11, 0.00, 0.00, 0.00, 0.00, 1, 1,  6,  39.7310240, -83.7067077,   335.0, 2025, 11, 23, 18, 17, 50,      154,      154,  27,   3,   3.0,   1.0,   2.8,  0,  0, 21, 24,  0,  0, 31, 21, 30,  0,  0,  0,  0,  0,  0, 20,  0,  0,  0,  0,  0,  0,  0,  0,  0, 26, 23, 31,  0,  0, 23,  0
6, 11026, 11,KE8EXM,     9.26, 5,   coast,  -10.30,  92733.00,  741.11,  486.11,    8.23, 23.1, 4.09, 4.08, 4.09,   0.04,  -0.19,   0.22, 150.68, -18.26, -14.89,  -0.26,   0.27,   0.36,  52.79, 4.11, 0.00, 0.00, 0.00, 0.00, 1, 1,  6,  39.7310240, -83.7067077,   335.0, 2025, 11, 23, 18, 17, 50,      154,      154,  27,   3,   3.0,   1.0,   2.8,  0,  0, 21, 24,  0,  0, 31, 21, 30,  0,  0,  0,  0,  0,  0, 20,  0,  0,  0,  0,  0,  0,  0,  0,  0, 26, 23, 31,  0,  0, 23,  0
6, 11026, 11,KE8EXM,     9.27, 5,   coast,   -9.81,  92733.00,  741.11,  486.11,    8.13, 23.1, 4.09, 4.08, 4.09,   0.05,  -0.17,   0.19, 150.31, -17.77, -15.62,  -0.26,   0.27,   0.35,  53.01, 4.11, 0.00, 0.00, 0.00, 0.00, 1, 1,  6,  39.7310240, -83.7067077,   335.0, 2025, 11, 23, 18, 17, 50,      154,      154,  27,   3,   3.0,   1.0,   2.8,  0,  0, 21, 24,  0,  0, 31, 21, 30,  0,  0,  0,  0,  0,  0, 20,  0,  0,  0,  0,  0,  0,  0,  0,  0, 26, 23, 31,  0,  0, 23,  0
6, 11026, 11,KE8EXM,     9.28, 5,   coast,   -9.81,  92739.00,  740.57,  485.58,    8.03, 23.1, 4.09, 4.08, 4.09,   0.06,  -0.19,   0.19, 150.13, -17.52, -16.04,  -0.27,   0.28,   0.35,  53.23, 4.11, 0.00, 0.00, 0.00, 0.00, 1, 1,  6,  39.7310240, -83.7067077,   335.0, 2025, 11, 23, 18, 17, 50,      154,      154,  27,   3,   3.0,   1.0,   2.8,  0,  0, 21, 24,  0,  0, 31, 21, 30,  0,  0,  0,  0,  0,  0, 20,  0,  0,  0,  0,  0,  0,  0,  0,  0, 26, 23, 31,  0,  0, 23,  0
6, 11026, 11,KE8EXM,     9.29, 5,   coast,  -10.30,  92739.00,  740.57,  485.58,    7.94, 23.1, 4.09, 4.08, 4.09,   0.06,  -0.19,   0.18, 149.58, -17.10, -16.72,  -0.27,   0.28,   0.35,  53.45, 4.11, 0.00, 0.00, 0.00, 0.00, 1, 1,  6,  39.7310240, -83.7067077,   335.0, 2025, 11, 23, 18, 17, 50,      154,      154,  27,   3,   3.0,   1.0,   2.8,  0,  0, 21, 24,  0,  0, 31, 21, 30,  0,  0,  0,  0,  0,  0, 20,  0,  0,  0,  0,  0,  0,  0,  0,  0, 26, 23, 31,  0,  0, 23,  0
6, 11026, 11,KE8EXM,     9.30, 5,   coast,   -9.81,  92732.00,  741.20,  486.20,    7.84, 23.2, 4.09, 4.08, 4.09,   0.04,  -0.19,   0.19, 149.09, -16.67, -17.08,  -0.27,   0.28,   0.34,  53.67, 4.08, 0.00, 0.00, 0.00, 0.00, 1, 1,  6,  39.7310240, -83.7067077,   335.0, 2025, 11, 23, 18, 17, 50,      154,      154,  27,   3,   3.0,   1.0,   2.8,  0,  0, 21, 24,  0,  0, 31, 21, 30,  0,  0,  0,  0,  0,  0, 20,  0,  0,  0,  0,  0,  0,  0,  0,  0, 26, 23, 31,  0,  0, 23,  0
6, 11026, 11,KE8EXM,     9.30, 5,   coast,   -9.81,  92732.00,  741.20,  486.20,    7.84, 23.2, 4.09, 4.08, 4.09,   0.04,  -0.19,   0.19, 149.09, -16.67, -17.08,  -0.27,   0.28,   0.34,  53.67, 4.08, 0.00, 0.00, 0.00, 0.00, 1, 1,  6,  39.7310240, -83.7067077,   335.0, 2025, 11, 23, 18, 17, 50,      154,      154,  27,   3,   3.0,   1.0,   2.8,  0,  0, 21, 24,  0,  0, 31, 21, 30,  0,  0,  0,  0,  0,  0, 20,  0,  0,  0,  0,  0,  0,  0,  0,  0, 26, 23, 31,  0,  0, 23,  0
6, 11026, 11,KE8EXM,     9.31, 5,   coast,   -9.81,  92732.00,  741.20,  486.20,    7.74, 23.2, 4.09, 4.08, 4.09,   0.06,  -0.24,   0.20, 148.91, -16.06, -17.75,  -0.27,   0.29,   0.33,  53.89, 4.08, 0.00, 0.00, 0.00, 0.00, 1, 1,  6,  39.7310240, -83.7067077,   335.0, 2025, 11, 23, 18, 17, 50,      154,      154,  27,   3,   3.0,   1.0,   2.8,  0,  0, 21, 24,  0,  0, 31, 21, 30,  0,  0,  0,  0,  0,  0, 20,  0,  0,  0,  0,  0,  0,  0,  0,  0, 26, 23, 31,  0,  0, 23,  0
6, 11026, 11,KE8EXM,     9.32, 5,   coast,  -10.79,  92732.00,  741.20,  486.20,    7.64, 23.2, 4.09, 4.08, 4.09,   0.05,  -0.25,   0.14, 148.36, -15.57, -18.00,  -0.27,   0.29,   0.33,  54.11, 4.08, 0.00, 0.00, 0.00, 0.00, 1, 1,  6,  39.7310240, -83.7067077,   335.0, 2025, 11, 23, 18, 17, 50,      154,      154,  27,   3,   3.0,   1.0,   2.8,  0,  0, 21, 24,  0,  0, 31, 21, 30,  0,  0,  0,  0,  0,  0, 20,  0,  0,  0,  0,  0,  0,  0,  0,  0, 26, 23, 31,  0,  0, 23,  0
6, 11026, 11,KE8EXM,     9.33, 5,   coast,   -9.32,  92732.00,  741.20,  486.20,    7.54, 23.2, 4.09, 4.08, 4.09,   0.05,  -0.25,   0.17, 147.87, -15.08, -18.67,  -0.27,   0.29,   0.32,  54.34, 4.08, 0.00, 0.00, 0.00, 0.00, 1, 1,  6,  39.7310240, -83.7067077,   335.0, 2025, 11, 23, 18, 17, 50,      154,      154,  27,   3,   3.0,   1.0,   2.8,  0,  0, 21, 24,  0,  0, 31, 21, 30,  0,  0,  0,  0,  0,  0, 20,  0,  0,  0,  0,  0,  0,  0,  0,  0, 26, 23, 31,  0,  0, 23,  0
6, 11026, 11,KE8EXM,     9.34, 5,   coast,   -9.81,  92730.00,  741.38,  486.38,    7.44, 23.1, 4.09, 4.08, 4.09,   0.02,  -0.24,   0.15, 147.63, -14.96, -19.22,  -0.27,   0.30,   0.31,  54.56, 4.08, 0.00, 0.00, 0.00, 0.00, 1, 1,  6,  39.7310240, -83.7067077,   335.0, 2025, 11, 23, 18, 17, 50,      154,      154,  27,   3,   3.0,   1.0,   2.8,  0,  0, 21, 24,  0,  0, 31, 21, 30,  0,  0,  0,  0,  0,  0, 20,  0,  0,  0,  0,  0,  0,  0,  0,  0, 26, 23, 31,  0,  0, 23,  0
6, 11026, 11,KE8EXM,     9.35, 5,   coast,   -9.81,  92730.00,  741.38,  486.38,    7.34, 23.1, 4.09, 4.08, 4.09,   0.04,  -0.27,   0.18, 147.26, -14.04, -19.65,  -0.27,   0.30,   0.31,  54.79, 4.08, 0.00, 0.00, 0.00, 0.00, 1, 1,  6,  39.7310240, -83.7067077,   335.0, 2025, 11, 23, 18, 17, 50,      154,      154,  27,   3,   3.0,   1.0,   2.8,  0,  0, 21, 24,  0,  0, 31, 21, 30,  0,  0,  0,  0,  0,  0, 20,  0,  0,  0,  0,  0,  0,  0,  0,  0, 26, 23, 31,  0,  0, 23,  0
6, 11026, 11,KE8EXM,     9.36, 5,   coast,   -9.81,  92720.00,  742.27,  487.28,    7.24, 23.1, 4.09, 4.08, 4.09,   0.08,  -0.30,   0.13, 147.69, -13.80, -20.07,  -0.27,   0.30,   0.31,  55.02, 4.08, 0.00, 0.00, 0.00, 0.00, 1, 1,  6,  39.7310240, -83.7067077,   335.0, 2025, 11, 23, 18, 17, 50,      154,      154,  27,   3,   3.0,   1.0,   2.8,  0,  0, 21, 24,  0,  0, 31, 21, 30,  0,  0,  0,  0,  0,  0, 20,  0,  0,  0,  0,  0,  0,  0,  0,  0, 26, 23, 31,  0,  0, 23,  0
6, 11026, 11,KE8EXM,     9.37, 5,   coast,  -10.79,  92720.00,  742.27,  487.28,    7.14, 23.1, 4.09, 4.08, 4.09,   0.03,  -0.34,   0.18, 147.69, -13.19, -20.50,  -0.28,   0.30,   0.30,  55.25, 4.08, 0.00, 0.00, 0.00, 0.00, 1, 1,  6,  39.7310240, -83.7067077,   335.0, 2025, 11, 23, 18, 17, 50,      154,      154,  27,   3,   3.0,   1.0,   2.8,  0,  0, 21, 24,  0,  0, 31, 21, 30,  0,  0,  0,  0,  0,  0, 20,  0,  0,  0,  0,  0,  0,  0,  0,  0, 26, 23, 31,  0,  0, 23,  0
6, 11026, 11,KE8EXM,     9.38, 5,   coast,  -10.30,  92719.00,  742.36,  487.37,    7.05, 23.1, 4.09, 4.08, 4.09,   0.06,  -0.27,   0.13, 147.75, -12.40, -20.99,  -0.28,   0.31,   0.29,  55.47, 4.08, 0.00, 0.00, 0.00, 0.00, 1, 1,  6,  39.7310240, -83.7067077,   335.0, 2025, 11, 23, 18, 17, 50,      154,      154,  27,   3,   3.0,   1.0,   2.8,  0,  0, 21, 24,  0,  0, 31, 21, 30,  0,  0,  0,  0,  0,  0, 20,  0,  0,  0,  0,  0,  0,  0,  0,  0, 26, 23, 31,  0,  0, 23,  0
6, 11026, 11,KE8EXM,     9.39, 5,   coast,   -9.32,  92719.00,  742.36,  487.37,    6.95, 23.1, 4.09, 4.08, 4.09,   0.06,  -0.29,   0.14, 147.50, -12.33, -21.60,  -0.28,   0.31,   0.28,  55.71, 4.08, 0.00, 0.00, 0.00, 0.00, 1, 1,  6,  39.7310240, -83.7067077,   335.0, 2025, 11, 23, 18, 17, 50,      154,      154,  27,   3,   3.0,   1.0,   2.8,  0,  0, 21, 24,  0,  0, 31, 21, 30,  0,  0,  0,  0,  0,  0, 20,  0,  0,  0,  0,  0,  0,  0,  0,  0, 26, 23, 31,  0,  0, 23,  0
6, 11026, 11,KE8EXM,     9.40, 5,   coast,   -7.35,  92721.00,  742.18,  487.19,    6.85, 23.2, 4.09, 4.08, 4.09,   0.05,  -0.32,   0.12, 147.50, -11.66, -21.97,  -0.28,   0.31,   0.28,  55.94, 4.08, 0.00, 0.00, 0.00, 0.00, 1, 1,  6,  39.7310240, -83.7067077,   335.0, 2025, 11, 23, 18, 17, 50,      154,      154,  27,   3,   3.0,   1.0,   2.8,  0,  0, 21, 24,  0,  0, 31, 21, 30,  0,  0,  0,  0,  0,  0, 20,  0,  0,  0,  0,  0,  0,  0,  0,  0, 26, 23, 31,  0,  0, 23,  0
6, 11026, 11,KE8EXM,     9.41, 5,   coast,  -10.79,  92721.00,  742.18,  487.19,    6.76, 23.2, 4.09, 4.08, 4.09,   0.05,  -0.30,   0.09, 147.32, -11.05, -22.70,  -0.28,   0.31,   0.27,  56.18, 4.08, 0.00, 0.00, 0.00, 0.00, 1, 1,  6,  39.7310240, -83.7067077,   335.0, 2025, 11, 23, 18, 17, 50,      154,      154,  27,   3,   3.0,   1.0,   2.8,  0,  0, 21, 24,  0,  0, 31, 21, 30,  0,  0,  0,  0,  0,  0, 20,  0,  0,  0,  0,  0,  0,  0,  0,  0, 26, 23, 31,  0,  0, 23,  0
6, 11026, 11,KE8EXM,     9.42, 5,   coast,   -8.83,  92712.00,  742.99,  487.99,    6.66, 23.1, 4.09, 4.08, 4.09,   0.05,  -0.29,   0.07, 147.81, -10.38, -22.88,  -0.28,   0.32,   0.26,  56.42, 4.08, 0.00, 0.00, 0.00, 0.00, 1, 1,  6,  39.7310240, -83.7067077,   335.0, 2025, 11, 23, 18, 17, 50,      154,      154,  27,   3,   3.0,   1.0,   2.8,  0,  0, 21, 24,  0,  0, 31, 21, 30,  0,  0,  0,  0,  0,  0, 20,  0,  0,  0,  0,  0,  0,  0,  0,  0, 26, 23, 31,  0,  0, 23,  0
6, 11026, 11,KE8EXM,     9.43, 5,   coast,  -10.79,  92712.00,  742.99,  487.99,    6.56, 23.1, 4.09, 4.08, 4.09,   0.05,  -0.30,   0.03, 147.32,  -9.77, -23.13,  -0.28,   0.32,   0.26,  56.65, 4.08, 0.00, 0.00, 0.00, 0.00, 1, 1,  6,  39.7310240, -83.7067077,   335.0, 2025, 11, 23, 18, 17, 50,      154,      154,  27,   3,   3.0,   1.0,   2.8,  0,  0, 21, 24,  0,  0, 31, 21, 30,  0,  0,  0,  0,  0,  0, 20,  0,  0,  0,  0,  0,  0,  0,  0,  0, 26, 23, 31,  0,  0, 23,  0
6, 11026, 11,KE8EXM,     9.44, 5,   coast,   -9.32,  92719.00,  742.36,  487.37,    6.47, 23.2, 4.09, 4.08, 4.09,   0.06,  -0.27,   0.11, 147.26,  -9.28, -23.43,  -0.29,   0.32,   0.25,  56.89, 4.08, 0.00, 0.00, 0.00, 0.00, 1, 1,  6,  39.7310240, -83.7067077,   335.0, 2025, 11, 23, 18, 17, 50,      154,      154,  27,   3,   3.0,   1.0,   2.8,  0,  0, 21, 24,  0,  0, 31, 21, 30,  0,  0,  0,  0,  0,  0, 20,  0,  0,  0,  0,  0,  0,  0,  0,  0, 26, 23, 31,  0,  0, 23,  0
6, 11026, 11,KE8EXM,     9.45, 5,   coast,   -8.34,  92719.00,  742.36,  487.37,    6.37, 23.2, 4.09, 4.08, 4.09,   0.05,  -0.28,   0.01, 147.02,  -8.55, -23.92,  -0.29,   0.32,   0.24,  57.13, 4.08, 0.00, 0.00, 0.00, 0.00, 1, 1,  6,  39.7310240, -83.7067077,   335.0, 2025, 11, 23, 18, 17, 50,      154,      154,  27,   3,   3.0,   1.0,   2.8,  0,  0, 21, 24,  0,  0, 31, 21, 30,  0,  0,  0,  0,  0,  0, 20,  0,  0,  0,  0,  0,  0,  0,  0,  0, 26, 23, 31,  0,  0, 23,  0
6, 11026, 11,KE8EXM,     9.46, 5,   coast,  -10.30,  92714.00,  742.81,  487.81,    6.27, 23.1, 4.09, 4.08, 4.09,   0.06,  -0.29,   0.04, 146.83,  -7.76, -24.35,  -0.29,   0.32,   0.24,  57.37, 4.08, 0.00, 0.00, 0.00, 0.00, 1, 1,  6,  39.7310240, -83.7067077,   335.0, 2025, 11, 23, 18, 17, 50,      154,      154,  27,   3,   3.0,   1.0,   2.8,  0,  0, 21, 24,  0,  0, 31, 21, 30,  0,  0,  0,  0,  0,  0, 20,  0,  0,  0,  0,  0,  0,  0,  0,  0, 26, 23, 31,  0,  0, 23,  0
6, 11026, 11,KE8EXM,     9.47, 5,   coast,  -10.30,  92714.00,  742.81,  487.81,    6.18, 23.1, 4.09, 4.08, 4.09,   0.05,  -0.32,  -0.01, 146.41,  -7.15, -24.53,  -0.29,   0.32,   0.24,  57.62, 4.08, 0.00, 0.00, 0.00, 0.00, 1, 1,  6,  39.7310240, -83.7067077,   335.0, 2025, 11, 23, 18, 17, 50,      154,      154,  27,   3,   3.0,   1.0,   2.8,  0,  0, 21, 24,  0,  0, 31, 21, 30,  0,  0,  0,  0,  0,  0, 20,  0,  0,  0,  0,  0,  0,  0,  0,  0, 26, 23, 31,  0,  0, 23,  0
6, 11026, 11,KE8EXM,     9.48, 5,   coast,   -9.81,  92716.00,  742.63,  487.64,    6.08, 23.2, 4.09, 4.08, 4.09,   0.07,  -0.29,   0.01, 146.16,  -6.48, -24.65,  -0.29,   0.32,   0.22,  57.86, 4.08, 0.00, 0.00, 0.00, 0.00, 1, 1,  6,  39.7310240, -83.7067077,   335.0, 2025, 11, 23, 18, 17, 50,      154,      154,  27,   3,   3.0,   1.0,   2.8,  0,  0, 21, 24,  0,  0, 31, 21, 30,  0,  0,  0,  0,  0,  0, 20,  0,  0,  0,  0,  0,  0,  0,  0,  0, 26, 23, 31,  0,  0, 23,  0
6, 11026, 11,KE8EXM,     9.49, 5,   coast,   -9.81,  92716.00,  742.63,  487.64,    5.98, 23.2, 4.09, 4.08, 4.09,   0.04,  -0.31,   0.01, 145.67,  -5.80, -25.02,  -0.29,   0.32,   0.21,  58.10, 4.08, 0.00, 0.00, 0.00, 0.00, 1, 1,  6,  39.7310240, -83.7067077,   335.0, 2025, 11, 23, 18, 17, 50,      154,      154,  27,   3,   3.0,   1.0,   2.8,  0,  0, 21, 24,  0,  0, 31, 21, 30,  0,  0,  0,  0,  0,  0, 20,  0,  0,  0,  0,  0,  0,  0,  0,  0, 26, 23, 31,  0,  0, 23,  0
6, 11026, 11,KE8EXM,     9.50, 5,   coast,  -10.30,  92722.00,  742.09,  487.10,    5.88, 23.2, 4.09, 4.08, 4.09,   0.07,  -0.29,  -0.01, 145.37,  -5.38, -25.26,  -0.29,   0.32,   0.21,  58.35, 4.08, 0.00, 0.00, 0.00, 0.00, 1, 1,  6,  39.7310240, -83.7067077,   335.0, 2025, 11, 23, 18, 17, 50,      154,      154,  27,   3,   3.0,   1.0,   2.8,  0,  0, 21, 24,  0,  0, 31, 21, 30,  0,  0,  0,  0,  0,  0, 20,  0,  0,  0,  0,  0,  0,  0,  0,  0, 26, 23, 31,  0,  0, 23,  0
6, 11026, 11,KE8EXM,     9.51, 5,   coast,   -9.81,  92722.00,  742.09,  487.10,    5.78, 23.2, 4.09, 4.08, 4.09,   0.05,  -0.29,  -0.06, 145.00,  -4.34, -25.14,  -0.30,   0.32,   0.20,  58.59, 4.08, 0.00, 0.00, 0.00, 0.00, 1, 1,  6,  39.7310240, -83.7067077,   335.0, 2025, 11, 23, 18, 17, 50,      154,      154,  27,   3,   3.0,   1.0,   2.8,  0,  0, 21, 24,  0,  0, 31, 21, 30,  0,  0,  0,  0,  0,  0, 20,  0,  0,  0,  0,  0,  0,  0,  0,  0, 26, 23, 31,  0,  0, 23,  0
6, 11026, 11,KE8EXM,     9.52, 5,   coast,  -10.30,  92704.00,  743.70,  488.71,    5.68, 23.2, 4.09, 4.08, 4.09,   0.06,  -0.34,  -0.05, 144.76,  -3.48, -25.44,  -0.30,   0.32,   0.19,  58.84, 4.08, 0.00, 0.00, 0.00, 0.00, 1, 1,  6,  39.7310240, -83.7067077,   335.0, 2025, 11, 23, 18, 17, 50,      154,      154,  27,   3,   3.0,   1.0,   2.8,  0,  0, 21, 24,  0,  0, 31, 21, 30,  0,  0,  0,  0,  0,  0, 20,  0,  0,  0,  0,  0,  0,  0,  0,  0, 26, 23, 31,  0,  0, 23,  0
6, 11026, 11,KE8EXM,     9.53, 5,   coast,  -10.79,  92704.00,  743.70,  488.71,    5.58, 23.2, 4.09, 4.08, 4.09,   0.06,  -0.32,  -0.02, 144.45,  -3.42, -25.57,  -0.30,   0.33,   0.19,  59.08, 4.08, 0.00, 0.00, 0.00, 0.00, 1, 1,  6,  39.7310240, -83.7067077,   335.0, 2025, 11, 23, 18, 17, 50,      154,      154,  27,   3,   3.0,   1.0,   2.8,  0,  0, 21, 24,  0,  0, 31, 21, 30,  0,  0,  0,  0,  0,  0, 20,  0,  0,  0,  0,  0,  0,  0,  0,  0, 26, 23, 31,  0,  0, 23,  0
6, 11026, 11,KE8EXM,     9.54, 5,   coast,  -10.30,  92712.00,  742.99,  487.99,    5.48, 23.2, 4.09, 4.08, 4.09,   0.06,  -0.39,  -0.09, 144.57,  -2.39, -25.69,  -0.30,   0.32,   0.18,  59.33, 4.08, 0.00, 0.00, 0.00, 0.00, 1, 1,  6,  39.7310240, -83.7067077,   335.0, 2025, 11, 23, 18, 17, 50,      154,      154,  27,   3,   3.0,   1.0,   2.8,  0,  0, 21, 24,  0,  0, 31, 21, 30,  0,  0,  0,  0,  0,  0, 20,  0,  0,  0,  0,  0,  0,  0,  0,  0, 26, 23, 31,  0,  0, 23,  0
6, 11026, 11,KE8EXM,     9.55, 5,   coast,  -11.77,  92712.00,  742.99,  487.99,    5.37, 23.2, 4.09, 4.08, 4.09,   0.09,  -0.35,  -0.11, 144.21,  -1.71, -25.99,  -0.30,   0.32,   0.17,  59.58, 4.08, 0.00, 0.00, 0.00, 0.00, 1, 1,  6,  39.7310240, -83.7067077,   335.0, 2025, 11, 23, 18, 17, 50,      154,      154,  27,   3,   3.0,   1.0,   2.8,  0,  0, 21, 24,  0,  0, 31, 21, 30,  0,  0,  0,  0,  0,  0, 20,  0,  0,  0,  0,  0,  0,  0,  0,  0, 26, 23, 31,  0,  0, 23,  0
6, 11026, 11,KE8EXM,     9.56, 5,   coast,   -9.32,  92716.00,  742.63,  487.64,    5.27, 23.2, 4.09, 4.08, 4.09,   0.04,  -0.34,  -0.11, 143.84,  -0.92, -26.24,  -0.30,   0.32,   0.16,  59.83, 4.08, 0.00, 0.00, 0.00, 0.00, 1, 1,  6,  39.7310240, -83.7067077,   335.0, 2025, 11, 23, 18, 17, 50,      154,      154,  27,   3,   3.0,   1.0,   2.8,  0,  0, 21, 24,  0,  0, 31, 21, 30,  0,  0,  0,  0,  0,  0, 20,  0,  0,  0,  0,  0,  0,  0,  0,  0, 26, 23, 31,  0,  0, 23,  0
6, 11026, 11,KE8EXM,     9.57, 5,   coast,  -10.30,  92716.00,  742.63,  487.64,    5.18, 23.2, 4.09, 4.08, 4.09,   0.07,  -0.29,  -0.13, 143.84,  -0.19, -26.24,  -0.31,   0.32,   0.16,  60.08, 4.08, 0.00, 0.00, 0.00, 0.00, 1, 1,  6,  39.7310240, -83.7067077,   335.0, 2025, 11, 23, 18, 17, 50,      154,      154,  27,   3,   3.0,   1.0,   2.8,  0,  0, 21, 24,  0,  0, 31, 21, 30,  0,  0,  0,  0,  0,  0, 20,  0,  0,  0,  0,  0,  0,  0,  0,  0, 26, 23, 31,  0,  0, 23,  0
6, 11026, 11,KE8EXM,     9.58, 5,   coast,   -8.83,  92712.00,  742.99,  487.99,    5.08, 23.2, 4.09, 4.08, 4.09,   0.06,  -0.34,  -0.14, 143.60,   0.36, -26.05,  -0.31,   0.32,   0.16,  60.33, 4.08, 0.00, 0.00, 0.00, 0.00, 1, 1,  6,  39.7310240, -83.7067077,   335.0, 2025, 11, 23, 18, 17, 50,      154,      154,  27,   3,   3.0,   1.0,   2.8,  0,  0, 21, 24,  0,  0, 31, 21, 30,  0,  0,  0,  0,  0,  0, 20,  0,  0,  0,  0,  0,  0,  0,  0,  0, 26, 23, 31,  0,  0, 23,  0
6, 11026, 11,KE8EXM,     9.59, 5,   coast,   -9.81,  92712.00,  742.99,  487.99,    4.98, 23.2, 4.09, 4.08, 4.09,   0.08,  -0.29,  -0.12, 143.29,   1.40, -25.99,  -0.31,   0.32,   0.14,  60.58, 4.08, 0.00, 0.00, 0.00, 0.00, 1, 1,  6,  39.7310240, -83.7067077,   335.0, 2025, 11, 23, 18, 17, 50,      154,      154,  27,   3,   3.0,   1.0,   2.8,  0,  0, 21, 24,  0,  0, 31, 21, 30,  0,  0,  0,  0,  0,  0, 20,  0,  0,  0,  0,  0,  0,  0,  0,  0, 26, 23, 31,  0,  0, 23,  0
6, 11026, 11,KE8EXM,     9.60, 5,   coast,   -9.81,  92704.00,  743.70,  488.71,    4.88, 23.2, 4.09, 4.08, 4.09,   0.03,  -0.31,  -0.14, 143.11,   2.13, -26.36,  -0.31,   0.32,   0.13,  60.83, 4.08, 0.00, 0.00, 0.00, 0.00, 1, 1,  6,  39.7310240, -83.7067077,   335.0, 2025, 11, 23, 18, 17, 50,      154,      154,  27,   3,   3.0,   1.0,   2.8,  0,  0, 21, 24,  0,  0, 31, 21, 30,  0,  0,  0,  0,  0,  0, 20,  0,  0,  0,  0,  0,  0,  0,  0,  0, 26, 23, 31,  0,  0, 23,  0
6, 11026, 11,KE8EXM,     9.61, 5,   coast,   -9.81,  92704.00,  743.70,  488.71,    4.78, 23.2, 4.09, 4.08, 4.09,   0.08,  -0.37,  -0.14, 142.93,   2.92, -25.93,  -0.31,   0.32,   0.13,  61.09, 4.08, 0.00, 0.00, 0.00, 0.00, 1, 1,  6,  39.7310240, -83.7067077,   335.0, 2025, 11, 23, 18, 17, 50,      154,      154,  27,   3,   3.0,   1.0,   2.8,  0,  0, 21, 24,  0,  0, 31, 21, 30,  0,  0,  0,  0,  0,  0, 20,  0,  0,  0,  0,  0,  0,  0,  0,  0, 26, 23, 31,  0,  0, 23,  0
6, 11026, 11,KE8EXM,     9.62, 5,   coast,  -10.30,  92714.00,  742.81,  487.81,    4.69, 23.2, 4.11, 4.08, 4.09,   0.07,  -0.29,  -0.14, 142.87,   3.60, -25.93,  -0.31,   0.32,   0.12,  61.34, 4.11, 0.00, 0.00, 0.00, 0.00, 1, 1,  6,  39.7310240, -83.7067077,   335.0, 2025, 11, 23, 18, 17, 50,      154,      154,  27,   3,   3.0,   1.0,   2.8,  0,  0, 21, 24,  0,  0, 31, 21, 30,  0,  0,  0,  0,  0,  0, 20,  0,  0,  0,  0,  0,  0,  0,  0,  0, 26, 23, 31,  0,  0, 23,  0
6, 11026, 11,KE8EXM,     9.62, 5,   coast,  -10.30,  92714.00,  742.81,  487.81,    4.69, 23.2, 4.11, 4.08, 4.09,   0.07,  -0.29,  -0.14, 142.87,   3.60, -25.93,  -0.31,   0.32,   0.12,  61.34, 4.11, 0.00, 0.00, 0.00, 0.00, 1, 1,  6,  39.7310240, -83.7067077,   335.0, 2025, 11, 23, 18, 17, 50,      154,      154,  27,   3,   3.0,   1.0,   2.8,  0,  0, 21, 24,  0,  0, 31, 21, 30,  0,  0,  0,  0,  0,  0, 20,  0,  0,  0,  0,  0,  0,  0,  0,  0, 26, 23, 31,  0,  0, 23,  0
6, 11026, 11,KE8EXM,     9.63, 5,   coast,  -10.30,  92714.00,  742.81,  487.81,    4.60, 23.2, 4.11, 4.08, 4.09,   0.07,  -0.37,  -0.17, 142.50,   4.33, -25.99,  -0.31,   0.32,   0.11,  61.59, 4.11, 0.00, 0.00, 0.00, 0.00, 1, 1,  6,  39.7310240, -83.7067077,   335.0, 2025, 11, 23, 18, 17, 50,      154,      154,  27,   3,   3.0,   1.0,   2.8,  0,  0, 21, 24,  0,  0, 31, 21, 30,  0,  0,  0,  0,  0,  0, 20,  0,  0,  0,  0,  0,  0,  0,  0,  0, 26, 23, 31,  0,  0, 23,  0
6, 11026, 11,KE8EXM,     9.64, 5,   coast,   -9.81,  92704.00,  743.70,  488.71,    4.54, 23.2, 4.11, 4.08, 4.09,   0.07,  -0.36,  -0.14, 142.38,   5.43, -25.93,  -0.32,   0.31,   0.10,  61.85, 4.11, 0.00, 0.00, 0.00, 0.00, 1, 1,  6,  39.7310240, -83.7067077,   335.0, 2025, 11, 23, 18, 17, 50,      154,      154,  27,   3,   3.0,   1.0,   2.8,  0,  0, 21, 24,  0,  0, 31, 21, 30,  0,  0,  0,  0,  0,  0, 20,  0,  0,  0,  0,  0,  0,  0,  0,  0, 26, 23, 31,  0,  0, 23,  0
6, 11026, 11,KE8EXM,     9.65, 5,   coast,  -10.79,  92704.00,  743.70,  488.71,    4.53, 23.2, 4.11, 4.08, 4.09,   0.05,  -0.36,  -0.20, 142.07,   6.10, -25.87,  -0.32,   0.31,   0.09,  62.11, 4.11, 0.00, 0.00, 0.00, 0.00, 1, 1,  6,  39.7310240, -83.7067077,   335.0, 2025, 11, 23, 18, 17, 50,      154,      154,  27,   3,   3.0,   1.0,   2.8,  0,  0, 21, 24,  0,  0, 31, 21, 30,  0,  0,  0,  0,  0,  0, 20,  0,  0,  0,  0,  0,  0,  0,  0,  0, 26, 23, 31,  0,  0, 23,  0
6, 11026, 11,KE8EXM,     9.66, 5,   coast,   38.25,  92704.00,  743.70,  488.71,    4.57, 23.2, 4.11, 4.08, 4.09,   0.09,  -0.34,  -0.25, 141.83,   6.46, -25.57,  -0.32,   0.31,   0.09,  62.36, 4.11, 0.00, 0.00, 0.00, 0.00, 1, 1,  6,  39.7310240, -83.7067077,   335.0, 2025, 11, 23, 18, 17, 50,      154,      154,  27,   3,   3.0,   1.0,   2.8,  0,  0, 21, 24,  0,  0, 31, 21, 30,  0,  0,  0,  0,  0,  0, 20,  0,  0,  0,  0,  0,  0,  0,  0,  0, 26, 23, 31,  0,  0, 23,  0
6, 11026, 11,KE8EXM,     9.67, 5,   coast,   68.16,  92704.00,  743.70,  488.71,    4.65, 23.2, 4.11, 4.08, 4.09,  30.12,  -1.52,   4.33, 140.00,  -0.49, -25.38,  -0.32,   0.31,   0.08,  62.58, 4.11, 0.00, 0.00, 0.00, 0.00, 1, 1,  6,  39.7310240, -83.7067077,   335.0, 2025, 11, 23, 18, 17, 50,      154,      154,  27,   3,   3.0,   1.0,   2.8,  0,  0, 21, 24,  0,  0, 31, 21, 30,  0,  0,  0,  0,  0,  0, 20,  0,  0,  0,  0,  0,  0,  0,  0,  0, 26, 23, 31,  0,  0, 23,  0
6, 11026, 11,KE8EXM,     9.68, 5,   coast,   73.06,  93397.00,  681.89,  426.90,    4.75, 23.2, 4.11, 4.08, 4.09, 106.72,   0.55,  -2.15, 144.45,   5.30, -22.51,  -0.32,   0.31,   0.07,  62.80, 4.11, 0.00, 0.00, 0.00, 0.00, 1, 1,  6,  39.7310240, -83.7067077,   335.0, 2025, 11, 23, 18, 17, 50,      154,      154,  27,   3,   3.0,   1.0,   2.8,  0,  0, 21, 24,  0,  0, 31, 21, 30,  0,  0,  0,  0,  0,  0, 20,  0,  0,  0,  0,  0,  0,  0,  0,  0, 26, 23, 31,  0,  0, 23,  0
6, 11026, 11,KE8EXM,     9.69, 6,  drogue,    3.43,  93397.00,  681.89,  426.90,    4.84, 23.2, 4.11, 4.08, 4.09,  78.70,   2.67,   1.60, 132.12,  -2.20, -17.51,  -0.32,   0.31,   0.07,  62.94, 4.11, 0.00, 0.00, 0.00, 0.00, 1, 1,  6,  39.7310240, -83.7067077,   335.0, 2025, 11, 23, 18, 17, 50,      154,      154,  27,   3,   3.0,   1.0,   2.8,  0,  0, 21, 24,  0,  0, 31, 21, 30,  0,  0,  0,  0,  0,  0, 20,  0,  0,  0,  0,  0,  0,  0,  0,  0, 26, 23, 31,  0,  0, 23,  0
6, 11026, 11,KE8EXM,     9.69, 6,  drogue,    3.43,  93397.00,  681.89,  426.90,    4.84, 23.2, 4.11, 4.08, 4.09,  78.70,   2.67,   1.60, 132.12,  -2.20, -17.51,  -0.32,   0.31,   0.07,  62.94, 4.11, 0.00, 0.00, 0.00, 0.00, 1, 1,  6,  39.7310240, -83.7067077,   335.0, 2025, 11, 23, 18, 17, 50,      154,      154,  27,   3,   3.0,   1.0,   2.8,  0,  0, 21, 24,  0,  0, 31, 21, 30,  0,  0,  0,  0,  0,  0, 20,  0,  0,  0,  0,  0,  0,  0,  0,  0, 26, 23, 31,  0,  0, 23,  0
6, 11026, 11,KE8EXM,     9.70, 6,  drogue,   -8.34,  93073.00,  710.74,  455.75,    4.85, 23.2, 4.11, 4.08, 4.09,  -4.00,   1.53,   2.31, 140.30,   9.58, -31.79,  -0.32,   0.30,   0.06,  63.25, 4.11, 0.00, 0.00, 0.00, 0.00, 1, 1,  6,  39.7310240, -83.7067077,   335.0, 2025, 11, 23, 18, 17, 50,      154,      154,  27,   3,   3.0,   1.0,   2.8,  0,  0, 21, 24,  0,  0, 31, 21, 30,  0,  0,  0,  0,  0,  0, 20,  0,  0,  0,  0,  0,  0,  0,  0,  0, 26, 23, 31,  0,  0, 23,  0
6, 11026, 11,KE8EXM,     9.80, 6,  drogue,  -12.26,  92688.00,  745.13,  490.14,    4.26, 23.2, 4.11, 4.08, 4.09,  -1.31,  -2.39,   0.04, 148.05,   8.78, -19.40,  -0.33,   0.26,  -0.00,  65.34, 4.11, 0.00, 0.00, 0.00, 0.00, 1, 1,  6,  39.7310240, -83.7067077,   335.0, 2025, 11, 23, 18, 17, 50,      154,      154,  27,   3,   3.0,   1.0,   2.8,  0,  0, 21, 24,  0,  0, 31, 21, 30,  0,  0,  0,  0,  0,  0, 20,  0,  0,  0,  0,  0,  0,  0,  0,  0, 26, 23, 31,  0,  0, 23,  0
6, 11026, 11,KE8EXM,     9.90, 6,  drogue,  -10.30,  92686.00,  745.31,  490.32,    3.67, 23.2, 4.11, 4.08, 4.09,  -0.22,   1.36,  -0.11, 149.52,   7.50, -12.69,  -0.35,   0.19,  -0.06,  66.73, 4.11, 0.00, 0.00, 0.00, 0.00, 1, 1,  6,  39.7310240, -83.7067077,   335.0, 2025, 11, 23, 18, 17, 50,      154,      154,  27,   3,   3.0,   1.0,   2.8,  0,  0, 21, 24,  0,  0, 31, 21, 30,  0,  0,  0,  0,  0,  0, 20,  0,  0,  0,  0,  0,  0,  0,  0,  0, 26, 23, 31,  0,  0, 23,  0
6, 11026, 11,KE8EXM,     9.94, 6,  drogue,  -10.30,  92686.00,  745.31,  490.32,    3.67, 23.2, 0.68, 4.07, 4.08,  -0.22,   1.36,  -0.11, 149.52,   7.50, -12.69,  -0.35,   0.19,  -0.06,  66.73, 4.09, 0.00, 0.00, 0.00, 0.00, 1, 1,  6,  39.7310240, -83.7067077,   335.0, 2025, 11, 23, 18, 17, 50,      154,      154,  27,   3,   3.0,   1.0,   2.8,  0,  0, 21, 24,  0,  0, 31, 21, 30,  0,  0,  0,  0,  0,  0, 20,  0,  0,  0,  0,  0,  0,  0,  0,  0, 26, 23, 31,  0,  0, 23,  0
6, 11026, 11,KE8EXM,    10.00, 6,  drogue,   -9.32,  92686.00,  745.31,  490.32,    3.09, 23.2, 0.68, 4.07, 4.08,  -0.29,   0.43,   0.32, 156.96,   1.76,  -7.19,  -0.36,   0.10,  -0.09,  67.20, 4.09, 0.00, 0.00, 0.00, 0.00, 1, 1,  6,  39.7310240, -83.7067077,   335.0, 2025, 11, 23, 18, 17, 50,      154,      154,  27,   3,   3.0,   1.0,   2.8,  0,  0, 21, 24,  0,  0, 31, 21, 30,  0,  0,  0,  0,  0,  0, 20,  0,  0,  0,  0,  0,  0,  0,  0,  0, 26, 23, 31,  0,  0, 23,  0
6, 11026, 11,KE8EXM,    10.10, 6,  drogue,   -9.81,  92678.00,  746.03,  491.03,    2.52, 23.2, 0.68, 4.07, 4.08,  -0.17,   0.09,  -0.09, 159.96,  -4.22,  -7.01,  -0.36,   0.01,  -0.10,  66.91, 4.09, 0.00, 0.00, 0.00, 0.00, 1, 1,  6,  39.7310240, -83.7067077,   335.0, 2025, 11, 23, 18, 17, 50,      154,      154,  27,   3,   3.0,   1.0,   2.8,  0,  0, 21, 24,  0,  0, 31, 21, 30,  0,  0,  0,  0,  0,  0, 20,  0,  0,  0,  0,  0,  0,  0,  0,  0, 26, 23, 31,  0,  0, 23,  0
6, 11026, 11,KE8EXM,    10.16, 6,  drogue,   -9.81,  92678.00,  746.03,  491.03,    2.52, 23.2, 0.68, 4.07, 4.08,  -0.17,   0.09,  -0.09, 159.96,  -4.22,  -7.01,  -0.36,   0.01,  -0.10,  66.91, 4.09, 0.00, 0.00, 0.00, 0.00, 1, 1,  6,  39.7310240, -83.7067077,   335.0, 2025, 11, 23, 18, 17, 50,      154,      154,  27,   3,   3.0,   1.0,   2.8,  0,  0, 21, 24,  0,  0, 31, 21, 30,  0,  0,  0,  0,  0,  0, 20,  0,  0,  0,  0,  0,  0,  0,  0,  0, 26, 23, 31,  0,  0, 23,  0
6, 11026, 11,KE8EXM,    10.16, 6,  drogue,   -9.81,  92678.00,  746.03,  491.03,    2.52, 23.2, 0.68, 4.07, 4.08,  -0.17,   0.09,  -0.09, 159.96,  -4.22,  -7.01,  -0.36,   0.01,  -0.10,  66.91, 4.09, 0.00, 0.00, 0.00, 0.00, 1, 1,  6,  39.7310240, -83.7067077,   335.0, 2025, 11, 23, 18, 17, 50,      154,      154,  27,   3,   3.0,   1.0,   2.8,  0,  0, 21, 24,  0,  0, 31, 21, 30,  0,  0,  0,  0,  0,  0, 20,  0,  0,  0,  0,  0,  0,  0,  0,  0, 26, 23, 31,  0,  0, 23,  0
6, 11026, 11,KE8EXM,    10.20, 6,  drogue,   -9.32,  92677.00,  746.12,  491.12,    1.91, 23.2, 0.68, 4.07, 4.08,  -0.22,   0.32,  -0.07, 161.79,  -6.60, -12.63,  -0.35,  -0.08,  -0.07,  66.13, 4.09, 0.00, 0.00, 0.00, 0.00, 1, 1,  6,  39.7310813, -83.7067194,   379.0, 2025, 11, 23, 18, 17, 51,      159,      167,  26,  18,   2.7,   1.1,   2.4,  0,  0,  0, 23,  0,  0, 34, 19, 36,  0,  0,  0,  0,  0,  0, 21,  0,  0,  0,  0,  0,  0,  0,  0,  0, 32, 19, 30,  0,  0, 30,  0
6, 11026, 11,KE8EXM,    10.26, 6,  drogue,   -9.32,  92677.00,  746.12,  491.12,    1.91, 23.2, 0.46, 4.08, 4.10,  -0.22,   0.32,  -0.07, 161.79,  -6.60, -12.63,  -0.35,  -0.08,  -0.07,  66.13, 4.09, 0.00, 0.00, 0.00, 0.00, 1, 1,  6,  39.7310813, -83.7067194,   379.0, 2025, 11, 23, 18, 17, 51,      159,      167,  26,  18,   2.7,   1.1,   2.4,  0,  0,  0, 23,  0,  0, 34, 19, 36,  0,  0,  0,  0,  0,  0, 21,  0,  0,  0,  0,  0,  0,  0,  0,  0, 32, 19, 30,  0,  0, 30,  0
6, 11026, 11,KE8EXM,    10.30, 6,  drogue,  -13.73,  92670.00,  746.74,  491.75,    1.31, 23.2, 0.46, 4.08, 4.10,  -2.66,   1.21,  -0.73, 165.20,  -6.11, -15.68,  -0.35,  -0.16,  -0.02,  64.99, 4.09, 0.00, 0.00, 0.00, 0.00, 1, 1,  6,  39.7310813, -83.7067194,   379.0, 2025, 11, 23, 18, 17, 51,      159,      167,  26,  18,   2.7,   1.1,   2.4,  0,  0,  0, 23,  0,  0, 34, 19, 36,  0,  0,  0,  0,  0,  0, 21,  0,  0,  0,  0,  0,  0,  0,  0,  0, 32, 19, 30,  0,  0, 30,  0
6, 11026, 11,KE8EXM,    10.40, 6,  drogue,  -18.14,  92653.00,  748.26,  493.27,    0.71, 23.2, 0.46, 4.08, 4.10,  -3.82,   2.17,  -0.75, 166.61,  -8.86, -20.56,  -0.34,  -0.22,   0.05,  63.04, 4.09, 0.00, 0.00, 0.00, 0.00, 1, 1,  6,  39.7310813, -83.7067194,   379.0, 2025, 11, 23, 18, 17, 51,      159,      167,  26,  18,   2.7,   1.1,   2.4,  0,  0,  0, 23,  0,  0, 34, 19, 36,  0,  0,  0,  0,  0,  0, 21,  0,  0,  0,  0,  0,  0,  0,  0,  0, 32, 19, 30,  0,  0, 30,  0
6, 11026, 11,KE8EXM,    10.50, 6,  drogue,  -11.77,  92674.00,  746.39,  491.39,    0.11, 23.2, 0.46, 4.08, 4.10,  -1.77,   1.45,   1.19, 179.06,   0.85,  -7.81,  -0.33,  -0.27,   0.14,  62.46, 4.09, 0.00, 0.00, 0.00, 0.00, 1, 1,  6,  39.7310813, -83.7067194,   379.0, 2025, 11, 23, 18, 17, 51,      159,      167,  26,  18,   2.7,   1.1,   2.4,  0,  0,  0, 23,  0,  0, 34, 19, 36,  0,  0,  0,  0,  0,  0, 21,  0,  0,  0,  0,  0,  0,  0,  0,  0, 32, 19, 30,  0,  0, 30,  0
6, 11026, 11,KE8EXM,    10.58, 6,  drogue,  -11.77,  92674.00,  746.39,  491.39,    0.11, 23.2, 0.36, 4.08, 4.09,  -1.77,   1.45,   1.19, 179.06,   0.85,  -7.81,  -0.33,  -0.27,   0.14,  62.46, 4.10, 0.00, 0.00, 0.00, 0.00, 1, 1,  6,  39.7310813, -83.7067194,   379.0, 2025, 11, 23, 18, 17, 51,      159,      167,  26,  18,   2.7,   1.1,   2.4,  0,  0,  0, 23,  0,  0, 34, 19, 36,  0,  0,  0,  0,  0,  0, 21,  0,  0,  0,  0,  0,  0,  0,  0,  0, 32, 19, 30,  0,  0, 30,  0
6, 11026, 11,KE8EXM,    10.60, 6,  drogue,  -11.77,  92668.00,  746.92,  491.93,   -0.50, 23.2, 0.36, 4.08, 4.09,  -1.59,   1.14,  -0.29, 188.40,   7.44, -21.29,  -0.32,  -0.29,   0.24,  60.69, 4.10, 0.00, 0.00, 0.00, 0.00, 1, 1,  6,  39.7310813, -83.7067194,   379.0, 2025, 11, 23, 18, 17, 51,      159,      167,  26,  18,   2.7,   1.1,   2.4,  0,  0,  0, 23,  0,  0, 34, 19, 36,  0,  0,  0,  0,  0,  0, 21,  0,  0,  0,  0,  0,  0,  0,  0,  0, 32, 19, 30,  0,  0, 30,  0
6, 11026, 11,KE8EXM,    10.70, 6,  drogue,  -18.63,  92673.00,  746.47,  491.48,   -1.12, 23.2, 0.36, 4.08, 4.09,  -6.06,   6.87,   2.27, 215.74,   3.90, -26.85,  -0.30,  -0.26,   0.34,  58.01, 4.10, 0.00, 0.00, 0.00, 0.00, 1, 1,  6,  39.7310813, -83.7067194,   379.0, 2025, 11, 23, 18, 17, 51,      159,      167,  26,  18,   2.7,   1.1,   2.4,  0,  0,  0, 23,  0,  0, 34, 19, 36,  0,  0,  0,  0,  0,  0, 21,  0,  0,  0,  0,  0,  0,  0,  0,  0, 32, 19, 30,  0,  0, 30,  0
6, 11026, 11,KE8EXM,    10.80, 6,  drogue,  -14.22,  92696.00,  744.42,  489.42,   -1.75, 23.2, 0.36, 4.08, 4.09,  -6.54,   7.19,   6.97, 342.45, -60.86,  30.65,  -0.31,  -0.20,   0.50,  63.14, 4.10, 0.00, 0.00, 0.00, 0.00, 1, 1,  6,  39.7310813, -83.7067194,   379.0, 2025, 11, 23, 18, 17, 51,      159,      167,  26,  18,   2.7,   1.1,   2.4,  0,  0,  0, 23,  0,  0, 34, 19, 36,  0,  0,  0,  0,  0,  0, 21,  0,  0,  0,  0,  0,  0,  0,  0,  0, 32, 19, 30,  0,  0, 30,  0
6, 11026, 11,KE8EXM,    10.90, 6,  drogue,  -11.77,  92735.00,  740.93,  485.94,   -2.41, 23.2, 0.29, 4.08, 4.08,  -3.21,   1.87,   0.23, 358.56, -86.61,   5.62,  -0.35,  -0.05,   0.63,  70.82, 4.09, 0.00, 0.00, 0.00, 0.21, 1, 1,  6,  39.7310813, -83.7067194,   379.0, 2025, 11, 23, 18, 17, 51,      159,      167,  26,  18,   2.7,   1.1,   2.4,  0,  0,  0, 23,  0,  0, 34, 19, 36,  0,  0,  0,  0,  0,  0, 21,  0,  0,  0,  0,  0,  0,  0,  0,  0, 32, 19, 30,  0,  0, 30,  0
6, 11026, 11,KE8EXM,    10.90, 6,  drogue,  -11.77,  92735.00,  740.93,  485.94,   -2.41, 23.2, 0.29, 4.08, 4.08,  -3.21,   1.87,   0.23, 358.56, -86.61,   5.62,  -0.35,  -0.05,   0.63,  70.82, 4.09, 0.00, 0.00, 0.00, 0.21, 1, 1,  6,  39.7310813, -83.7067194,   379.0, 2025, 11, 23, 18, 17, 51,      159,      167,  26,  18,   2.7,   1.1,   2.4,  0,  0,  0, 23,  0,  0, 34, 19, 36,  0,  0,  0,  0,  0,  0, 21,  0,  0,  0,  0,  0,  0,  0,  0,  0, 32, 19, 30,  0,  0, 30,  0
6, 11026, 11,KE8EXM,    11.00, 6,  drogue,  -11.77,  92731.00,  741.29,  486.29,   -3.09, 23.2, 0.29, 4.08, 4.08,  -0.96,   1.39,   0.81, 353.38, -55.06, -12.99,  -0.39,   0.22,   0.63,  76.42, 4.09, 0.00, 0.00, 0.00, 0.21, 1, 1,  6,  39.7310813, -83.7067194,   379.0, 2025, 11, 23, 18, 17, 51,      159,      167,  26,  18,   2.7,   1.1,   2.4,  0,  0,  0, 23,  0,  0, 34, 19, 36,  0,  0,  0,  0,  0,  0, 21,  0,  0,  0,  0,  0,  0,  0,  0,  0, 32, 19, 30,  0,  0, 30,  0
6, 11026, 11,KE8EXM,    11.10, 6,  drogue,  -10.79,  92720.00,  742.27,  487.28,   -3.77, 23.2, 0.29, 4.08, 4.08,  -0.89,  -0.72,  -0.34, 346.48, -19.78, -21.17,  -0.42,   0.41,   0.46,  79.30, 4.09, 0.00, 0.00, 0.00, 0.21, 1, 1,  6,  39.7310813, -83.7067194,   379.0, 2025, 11, 23, 18, 17, 51,      159,      167,  26,  18,   2.7,   1.1,   2.4,  0,  0,  0, 23,  0,  0, 34, 19, 36,  0,  0,  0,  0,  0,  0, 21,  0,  0,  0,  0,  0,  0,  0,  0,  0, 32, 19, 30,  0,  0, 30,  0
6, 11026, 11,KE8EXM,    11.16, 6,  drogue,  -10.79,  92720.00,  742.27,  487.28,   -3.77, 23.2, 0.29, 4.08, 4.08,  -0.89,  -0.72,  -0.34, 346.48, -19.78, -21.17,  -0.42,   0.41,   0.46,  79.30, 4.09, 0.00, 0.00, 0.00, 0.21, 1, 1,  6,  39.7310813, -83.7067194,   379.0, 2025, 11, 23, 18, 17, 51,      159,      167,  26,  18,   2.7,   1.1,   2.4,  0,  0,  0, 23,  0,  0, 34, 19, 36,  0,  0,  0,  0,  0,  0, 21,  0,  0,  0,  0,  0,  0,  0,  0,  0, 32, 19, 30,  0,  0, 30,  0
6, 11026, 11,KE8EXM,    11.16, 6,  drogue,  -10.79,  92720.00,  742.27,  487.28,   -3.77, 23.2, 0.29, 4.08, 4.08,  -0.89,  -0.72,  -0.34, 346.48, -19.78, -21.17,  -0.42,   0.41,   0.46,  79.30, 4.09, 0.00, 0.00, 0.00, 0.21, 1, 1,  6,  39.7310813, -83.7067194,   379.0, 2025, 11, 23, 18, 17, 51,      159,      167,  26,  18,   2.7,   1.1,   2.4,  0,  0,  0, 23,  0,  0, 34, 19, 36,  0,  0,  0,  0,  0,  0, 21,  0,  0,  0,  0,  0,  0,  0,  0,  0, 32, 19, 30,  0,  0, 30,  0
6, 11026, 11,KE8EXM,    11.20, 6,  drogue,   -9.81,  92708.00,  743.34,  488.35,   -4.49, 23.1, 0.29, 4.08, 4.08,  -0.80,  -0.67,  -1.49, 333.91,  11.22,   2.33,  -0.44,   0.46,   0.21,  78.80, 4.09, 0.00, 0.00, 0.00, 0.21, 1, 1,  6,  39.7310444, -83.7065231,   471.0, 2025, 11, 23, 18, 17, 52,      164,      217,  32,  41,   2.0,   1.2,   1.6,  0,  0, 22, 21,  0,  0, 35, 19, 32,  0,  0,  0,  0,  0,  0, 21,  0,  0,  0,  0,  0,  0,  0,  0,  0, 37,  0, 26,  0,  0, 33,  0
6, 11026, 11,KE8EXM,    11.22, 6,  drogue,   -9.81,  92708.00,  743.34,  488.35,   -4.49, 23.1, 0.25, 4.09, 4.09,  -0.80,  -0.67,  -1.49, 333.91,  11.22,   2.33,  -0.44,   0.46,   0.21,  78.80, 4.10, 0.00, 0.00, 0.01, 0.00, 1, 1,  6,  39.7310444, -83.7065231,   471.0, 2025, 11, 23, 18, 17, 52,      164,      217,  32,  41,   2.0,   1.2,   1.6,  0,  0, 22, 21,  0,  0, 35, 19, 32,  0,  0,  0,  0,  0,  0, 21,  0,  0,  0,  0,  0,  0,  0,  0,  0, 37,  0, 26,  0,  0, 33,  0
6, 11026, 11,KE8EXM,    11.30, 6,  drogue,  -10.79,  92725.00,  741.82,  486.83,   -5.18, 23.1, 0.25, 4.09, 4.09,  -1.21,  -1.30,  -0.19, 314.25,   6.71,  37.12,  -0.43,   0.36,  -0.02,  75.51, 4.10, 0.00, 0.00, 0.01, 0.00, 1, 1,  6,  39.7310444, -83.7065231,   471.0, 2025, 11, 23, 18, 17, 52,      164,      217,  32,  41,   2.0,   1.2,   1.6,  0,  0, 22, 21,  0,  0, 35, 19, 32,  0,  0,  0,  0,  0,  0, 21,  0,  0,  0,  0,  0,  0,  0,  0,  0, 37,  0, 26,  0,  0, 33,  0
6, 11026, 11,KE8EXM,    11.40, 6,  drogue,  -11.77,  92733.00,  741.11,  486.11,   -5.88, 23.1, 0.25, 4.09, 4.09,  -0.28,  -0.30,  -1.88, 301.37, -24.79,  62.26,  -0.41,   0.16,  -0.13,  69.69, 4.10, 0.00, 0.00, 0.01, 0.00, 1, 1,  6,  39.7310444, -83.7065231,   471.0, 2025, 11, 23, 18, 17, 52,      164,      217,  32,  41,   2.0,   1.2,   1.6,  0,  0, 22, 21,  0,  0, 35, 19, 32,  0,  0,  0,  0,  0,  0, 21,  0,  0,  0,  0,  0,  0,  0,  0,  0, 37,  0, 26,  0,  0, 33,  0
6, 11026, 11,KE8EXM,    11.50, 6,  drogue,  -10.30,  92742.00,  740.30,  485.31,   -6.57, 23.1, 0.25, 4.09, 4.09,   0.25,  -0.02,  -3.98, 299.91, -67.33,  51.46,  -0.38,  -0.07,  -0.10,  62.41, 4.10, 0.00, 0.00, 0.01, 0.00, 1, 1,  6,  39.7310444, -83.7065231,   471.0, 2025, 11, 23, 18, 17, 52,      164,      217,  32,  41,   2.0,   1.2,   1.6,  0,  0, 22, 21,  0,  0, 35, 19, 32,  0,  0,  0,  0,  0,  0, 21,  0,  0,  0,  0,  0,  0,  0,  0,  0, 37,  0, 26,  0,  0, 33,  0
6, 11026, 11,KE8EXM,    11.54, 6,  drogue,  -10.30,  92742.00,  740.30,  485.31,   -6.57, 23.1, 0.20, 4.09, 4.09,   0.25,  -0.02,  -3.98, 299.91, -67.33,  51.46,  -0.38,  -0.07,  -0.10,  62.41, 4.10, 0.00, 0.00, 0.00, 0.00, 1, 1,  6,  39.7310444, -83.7065231,   471.0, 2025, 11, 23, 18, 17, 52,      164,      217,  32,  41,   2.0,   1.2,   1.6,  0,  0, 22, 21,  0,  0, 35, 19, 32,  0,  0,  0,  0,  0,  0, 21,  0,  0,  0,  0,  0,  0,  0,  0,  0, 37,  0, 26,  0,  0, 33,  0
6, 11026, 11,KE8EXM,    11.60, 6,  drogue,  -12.26,  92752.00,  739.41,  484.42,   -7.24, 23.1, 0.20, 4.09, 4.09,  -1.01,   1.91,  -8.61, 236.00, -67.45,  10.14,  -0.35,  -0.23,   0.04,  56.75, 4.10, 0.00, 0.00, 0.00, 0.00, 1, 1,  6,  39.7310444, -83.7065231,   471.0, 2025, 11, 23, 18, 17, 52,      164,      217,  32,  41,   2.0,   1.2,   1.6,  0,  0, 22, 21,  0,  0, 35, 19, 32,  0,  0,  0,  0,  0,  0, 21,  0,  0,  0,  0,  0,  0,  0,  0,  0, 37,  0, 26,  0,  0, 33,  0
6, 11026, 11,KE8EXM,    11.70, 6,  drogue,  -10.79,  92745.00,  740.03,  485.04,   -8.06, 23.1, 0.20, 4.09, 4.09,  -0.37,   3.43,  -4.97, 175.09, -44.81, -12.69,  -0.32,  -0.28,   0.17,  52.95, 4.10, 0.00, 0.00, 0.00, 0.00, 1, 1,  6,  39.7310444, -83.7065231,   471.0, 2025, 11, 23, 18, 17, 52,      164,      217,  32,  41,   2.0,   1.2,   1.6,  0,  0, 22, 21,  0,  0, 35, 19, 32,  0,  0,  0,  0,  0,  0, 21,  0,  0,  0,  0,  0,  0,  0,  0,  0, 37,  0, 26,  0,  0, 33,  0
6, 11026, 11,KE8EXM,    11.80, 6,  drogue,  -10.79,  92743.00,  740.21,  485.22,   -8.68, 23.1, 0.20, 4.09, 4.09,  -0.03,   5.11,  -3.18, 164.90, -32.48, -25.08,  -0.31,  -0.28,   0.28,  49.51, 4.10, 0.00, 0.00, 0.00, 0.00, 1, 1,  6,  39.7310444, -83.7065231,   471.0, 2025, 11, 23, 18, 17, 52,      164,      217,  32,  41,   2.0,   1.2,   1.6,  0,  0, 22, 21,  0,  0, 35, 19, 32,  0,  0,  0,  0,  0,  0, 21,  0,  0,  0,  0,  0,  0,  0,  0,  0, 37,  0, 26,  0,  0, 33,  0
6, 11026, 11,KE8EXM,    11.86, 6,  drogue,  -10.79,  92743.00,  740.21,  485.22,   -8.68, 23.1, 0.18, 4.07, 4.08,  -0.03,   5.11,  -3.18, 164.90, -32.48, -25.08,  -0.31,  -0.28,   0.28,  49.51, 4.09, 0.00, 0.00, 0.00, 0.00, 1, 1,  6,  39.7310444, -83.7065231,   471.0, 2025, 11, 23, 18, 17, 52,      164,      217,  32,  41,   2.0,   1.2,   1.6,  0,  0, 22, 21,  0,  0, 35, 19, 32,  0,  0,  0,  0,  0,  0, 21,  0,  0,  0,  0,  0,  0,  0,  0,  0, 37,  0, 26,  0,  0, 33,  0
6, 11026, 11,KE8EXM,    11.90, 6,  drogue,   -9.81,  92749.00,  739.68,  484.68,   -9.37, 23.1, 0.18, 4.07, 4.08,  -0.09,   6.40,  -2.37, 126.26, -13.31, -18.12,  -0.30,  -0.25,   0.36,  47.66, 4.09, 0.00, 0.00, 0.00, 0.00, 1, 1,  6,  39.7310444, -83.7065231,   471.0, 2025, 11, 23, 18, 17, 52,      164,      217,  32,  41,   2.0,   1.2,   1.6,  0,  0, 22, 21,  0,  0, 35, 19, 32,  0,  0,  0,  0,  0,  0, 21,  0,  0,  0,  0,  0,  0,  0,  0,  0, 37,  0, 26,  0,  0, 33,  0
6, 11026, 11,KE8EXM,    12.00, 6,  drogue,  -10.79,  92738.00,  740.66,  485.67,  -10.11, 23.1, 0.18, 4.07, 4.08,  -0.17,   8.32,  -0.88,  85.55,   1.64,   2.02,  -0.29,  -0.23,   0.41,  47.82, 4.09, 0.00, 0.00, 0.00, 0.00, 1, 1,  6,  39.7310444, -83.7065231,   471.0, 2025, 11, 23, 18, 17, 52,      164,      217,  32,  41,   2.0,   1.2,   1.6,  0,  0, 22, 21,  0,  0, 35, 19, 32,  0,  0,  0,  0,  0,  0, 21,  0,  0,  0,  0,  0,  0,  0,  0,  0, 37,  0, 26,  0,  0, 33,  0
6, 11026, 11,KE8EXM,    12.10, 6,  drogue,  -10.79,  92743.00,  740.21,  485.22,  -10.89, 23.1, 0.18, 4.07, 4.08,  -0.09,   8.05,  -0.42,  56.07,  10.43,  19.72,  -0.30,  -0.22,   0.44,  49.34, 4.09, 0.00, 0.00, 0.00, 0.00, 1, 1,  6,  39.7310444, -83.7065231,   471.0, 2025, 11, 23, 18, 17, 52,      164,      217,  32,  41,   2.0,   1.2,   1.6,  0,  0, 22, 21,  0,  0, 35, 19, 32,  0,  0,  0,  0,  0,  0, 21,  0,  0,  0,  0,  0,  0,  0,  0,  0, 37,  0, 26,  0,  0, 33,  0
6, 11026, 11,KE8EXM,    12.16, 6,  drogue,  -10.79,  92743.00,  740.21,  485.22,  -10.89, 23.1, 0.18, 4.07, 4.08,  -0.09,   8.05,  -0.42,  56.07,  10.43,  19.72,  -0.30,  -0.22,   0.44,  49.34, 4.09, 0.00, 0.00, 0.00, 0.00, 1, 1,  6,  39.7310444, -83.7065231,   471.0, 2025, 11, 23, 18, 17, 52,      164,      217,  32,  41,   2.0,   1.2,   1.6,  0,  0, 22, 21,  0,  0, 35, 19, 32,  0,  0,  0,  0,  0,  0, 21,  0,  0,  0,  0,  0,  0,  0,  0,  0, 37,  0, 26,  0,  0, 33,  0
6, 11026, 11,KE8EXM,    12.16, 6,  drogue,  -10.79,  92743.00,  740.21,  485.22,  -10.89, 23.1, 0.18, 4.07, 4.08,  -0.09,   8.05,  -0.42,  56.07,  10.43,  19.72,  -0.30,  -0.22,   0.44,  49.34, 4.09, 0.00, 0.00, 0.00, 0.00, 1, 1,  6,  39.7310444, -83.7065231,   471.0, 2025, 11, 23, 18, 17, 52,      164,      217,  32,  41,   2.0,   1.2,   1.6,  0,  0, 22, 21,  0,  0, 35, 19, 32,  0,  0,  0,  0,  0,  0, 21,  0,  0,  0,  0,  0,  0,  0,  0,  0, 37,  0, 26,  0,  0, 33,  0
6, 11026, 11,KE8EXM,    12.18, 6,  drogue,  -10.79,  92743.00,  740.21,  485.22,  -10.89, 23.1, 0.17, 4.09, 4.09,  -0.09,   8.05,  -0.42,  56.07,  10.43,  19.72,  -0.30,  -0.22,   0.44,  49.34, 4.11, 0.00, 0.00, 0.00, 0.00, 1, 1,  7,  39.7309615, -83.7063523,   526.0, 2025, 11, 23, 18, 17, 53,      164,      257,  38,  50,   1.7,   1.0,   1.3,  0,  0, 24, 24,  0,  0, 22, 18, 31,  0,  0,  0,  0,  0,  0, 23,  0,  0,  0,  0,  0,  0,  0,  0,  0, 37, 25, 34,  0,  0, 38,  0
6, 11026, 11,KE8EXM,    12.20, 6,  drogue,  -10.30,  92802.00,  734.94,  479.95,  -11.68, 23.1, 0.17, 4.09, 4.09,   0.08,   7.26,   0.32,   5.96,  13.12,  33.03,  -0.31,  -0.23,   0.44,  51.87, 4.11, 0.00, 0.00, 0.00, 0.00, 1, 1,  7,  39.7309615, -83.7063523,   526.0, 2025, 11, 23, 18, 17, 53,      164,      257,  38,  50,   1.7,   1.0,   1.3,  0,  0, 24, 24,  0,  0, 22, 18, 31,  0,  0,  0,  0,  0,  0, 23,  0,  0,  0,  0,  0,  0,  0,  0,  0, 37, 25, 34,  0,  0, 38,  0
6, 11026, 11,KE8EXM,    12.30, 6,  drogue,  -10.79,  92790.00,  736.01,  481.02,  -12.48, 23.1, 0.17, 4.09, 4.09,   0.16,   8.31,   0.78, -44.82,  16.96,  45.11,  -0.32,  -0.27,   0.42,  55.45, 4.11, 0.00, 0.00, 0.00, 0.00, 1, 1,  7,  39.7309615, -83.7063523,   526.0, 2025, 11, 23, 18, 17, 53,      164,      257,  38,  50,   1.7,   1.0,   1.3,  0,  0, 24, 24,  0,  0, 22, 18, 31,  0,  0,  0,  0,  0,  0, 23,  0,  0,  0,  0,  0,  0,  0,  0,  0, 37, 25, 34,  0,  0, 38,  0
6, 11026, 11,KE8EXM,    12.40, 6,  drogue,   -9.81,  92803.00,  734.85,  479.86,  -13.30, 23.1, 0.17, 4.09, 4.09,   0.24,   8.60,  -0.75, -83.51,  25.69,  57.62,  -0.35,  -0.32,   0.36,  60.40, 4.11, 0.00, 0.00, 0.00, 0.00, 1, 1,  7,  39.7309615, -83.7063523,   526.0, 2025, 11, 23, 18, 17, 53,      164,      257,  38,  50,   1.7,   1.0,   1.3,  0,  0, 24, 24,  0,  0, 22, 18, 31,  0,  0,  0,  0,  0,  0, 23,  0,  0,  0,  0,  0,  0,  0,  0,  0, 37, 25, 34,  0,  0, 38,  0
6, 11026, 11,KE8EXM,    12.50, 6,  drogue,  -12.26,  92802.00,  734.94,  479.95,  -14.13, 23.1, 0.16, 4.08, 4.10,   0.29,   7.92,  -1.49, -66.97,  40.03,  60.80,  -0.39,  -0.36,   0.29,  66.22, 4.09, 0.00, 0.00, 0.00, 0.00, 1, 1,  7,  39.7309615, -83.7063523,   526.0, 2025, 11, 23, 18, 17, 53,      164,      257,  38,  50,   1.7,   1.0,   1.3,  0,  0, 24, 24,  0,  0, 22, 18, 31,  0,  0,  0,  0,  0,  0, 23,  0,  0,  0,  0,  0,  0,  0,  0,  0, 37, 25, 34,  0,  0, 38,  0
6, 11026, 11,KE8EXM,    12.50, 6,  drogue,  -12.26,  92802.00,  734.94,  479.95,  -14.13, 23.1, 0.16, 4.08, 4.10,   0.29,   7.92,  -1.49, -66.97,  40.03,  60.80,  -0.39,  -0.36,   0.29,  66.22, 4.09, 0.00, 0.00, 0.00, 0.00, 1, 1,  7,  39.7309615, -83.7063523,   526.0, 2025, 11, 23, 18, 17, 53,      164,      257,  38,  50,   1.7,   1.0,   1.3,  0,  0, 24, 24,  0,  0, 22, 18, 31,  0,  0,  0,  0,  0,  0, 23,  0,  0,  0,  0,  0,  0,  0,  0,  0, 37, 25, 34,  0,  0, 38,  0
6, 11026, 11,KE8EXM,    12.60, 6,  drogue,   -7.85,  92835.00,  731.99,  477.00,  -14.98, 23.2, 0.16, 4.08, 4.10,   0.30,   7.75,  -1.36, -38.47,  49.92,  62.08,  -0.43,  -0.39,   0.24,  72.87, 4.09, 0.00, 0.00, 0.00, 0.00, 1, 1,  7,  39.7309615, -83.7063523,   526.0, 2025, 11, 23, 18, 17, 53,      164,      257,  38,  50,   1.7,   1.0,   1.3,  0,  0, 24, 24,  0,  0, 22, 18, 31,  0,  0,  0,  0,  0,  0, 23,  0,  0,  0,  0,  0,  0,  0,  0,  0, 37, 25, 34,  0,  0, 38,  0
6, 11026, 11,KE8EXM,    12.70, 6,  drogue,  -10.79,  92856.00,  730.11,  475.12,  -15.85, 23.2, 0.16, 4.08, 4.10,   0.22,   6.50,  -1.10, -23.46,  51.69,  58.11,  -0.48,  -0.41,   0.19,  79.54, 4.09, 0.00, 0.00, 0.00, 0.00, 1, 1,  7,  39.7309615, -83.7063523,   526.0, 2025, 11, 23, 18, 17, 53,      164,      257,  38,  50,   1.7,   1.0,   1.3,  0,  0, 24, 24,  0,  0, 22, 18, 31,  0,  0,  0,  0,  0,  0, 23,  0,  0,  0,  0,  0,  0,  0,  0,  0, 37, 25, 34,  0,  0, 38,  0
6, 11026, 11,KE8EXM,    12.80, 6,  drogue,  -10.79,  92898.00,  726.36,  471.37,  -16.72, 23.2, 0.16, 4.08, 4.10,  -0.22,   6.46,  -3.12, -18.33,  43.45,  46.70,  -0.53,  -0.42,   0.16,  85.12, 4.09, 0.00, 0.00, 0.00, 0.00, 1, 1,  7,  39.7309615, -83.7063523,   526.0, 2025, 11, 23, 18, 17, 53,      164,      257,  38,  50,   1.7,   1.0,   1.3,  0,  0, 24, 24,  0,  0, 22, 18, 31,  0,  0,  0,  0,  0,  0, 23,  0,  0,  0,  0,  0,  0,  0,  0,  0, 37, 25, 34,  0,  0, 38,  0
6, 11026, 11,KE8EXM,    12.82, 6,  drogue,  -10.79,  92898.00,  726.36,  471.37,  -16.72, 23.2, 0.14, 4.08, 4.09,  -0.22,   6.46,  -3.12, -18.33,  43.45,  46.70,  -0.53,  -0.42,   0.16,  85.12, 4.09, 0.00, 0.00, 0.00, 0.00, 1, 1,  7,  39.7309615, -83.7063523,   526.0, 2025, 11, 23, 18, 17, 53,      164,      257,  38,  50,   1.7,   1.0,   1.3,  0,  0, 24, 24,  0,  0, 22, 18, 31,  0,  0,  0,  0,  0,  0, 23,  0,  0,  0,  0,  0,  0,  0,  0,  0, 37, 25, 34,  0,  0, 38,  0
6, 11026, 11,KE8EXM,    12.90, 6,  drogue,   -9.32,  92940.00,  722.61,  467.62,  -17.57, 23.2, 0.14, 4.08, 4.09,  -0.21,   4.81,  -1.02, -11.43,  60.11,  25.64,  -0.57,  -0.43,   0.13,  89.27, 4.09, 0.00, 0.00, 0.00, 0.00, 1, 1,  7,  39.7309615, -83.7063523,   526.0, 2025, 11, 23, 18, 17, 53,      164,      257,  38,  50,   1.7,   1.0,   1.3,  0,  0, 24, 24,  0,  0, 22, 18, 31,  0,  0,  0,  0,  0,  0, 23,  0,  0,  0,  0,  0,  0,  0,  0,  0, 37, 25, 34,  0,  0, 38,  0
6, 11026, 11,KE8EXM,    13.00, 6,  drogue,  -10.79,  92967.00,  720.20,  465.21,  -18.39, 23.2, 0.14, 4.08, 4.09,  -0.77,   6.62,  -1.54, -21.99,  66.34,   9.28,  -0.60,  -0.43,   0.10,  92.17, 4.09, 0.00, 0.00, 0.00, 0.00, 1, 1,  7,  39.7309615, -83.7063523,   526.0, 2025, 11, 23, 18, 17, 53,      164,      257,  38,  50,   1.7,   1.0,   1.3,  0,  0, 24, 24,  0,  0, 22, 18, 31,  0,  0,  0,  0,  0,  0, 23,  0,  0,  0,  0,  0,  0,  0,  0,  0, 37, 25, 34,  0,  0, 38,  0
6, 11026, 11,KE8EXM,    13.10, 6,  drogue,  -10.79,  92974.00,  719.58,  464.58,  -19.14, 23.2, 0.14, 4.08, 4.09,  -0.88,   7.87,  -2.28, -22.30,  67.01,  -3.72,  -0.61,  -0.42,   0.07,  94.08, 4.09, 0.00, 0.00, 0.00, 0.00, 1, 1,  7,  39.7309615, -83.7063523,   526.0, 2025, 11, 23, 18, 17, 53,      164,      257,  38,  50,   1.7,   1.0,   1.3,  0,  0, 24, 24,  0,  0, 22, 18, 31,  0,  0,  0,  0,  0,  0, 23,  0,  0,  0,  0,  0,  0,  0,  0,  0, 37, 25, 34,  0,  0, 38,  0
6, 11026, 11,KE8EXM,    13.14, 6,  drogue,  -10.79,  92974.00,  719.58,  464.58,  -19.14, 23.2, 0.14, 4.08, 4.09,  -0.88,   7.87,  -2.28, -22.30,  67.01,  -3.72,  -0.61,  -0.42,   0.07,  94.08, 4.09, 0.00, 0.00, 0.00, 0.00, 1, 1,  7,  39.7309615, -83.7063523,   526.0, 2025, 11, 23, 18, 17, 53,      164,      257,  38,  50,   1.7,   1.0,   1.3,  0,  0, 24, 24,  0,  0, 22, 18, 31,  0,  0,  0,  0,  0,  0, 23,  0,  0,  0,  0,  0,  0,  0,  0,  0, 37, 25, 34,  0,  0, 38,  0
6, 11026, 11,KE8EXM,    13.16, 6,  drogue,  -10.79,  92974.00,  719.58,  464.58,  -19.14, 23.2, 0.14, 4.08, 4.09,  -0.88,   7.87,  -2.28, -22.30,  67.01,  -3.72,  -0.61,  -0.42,   0.07,  94.08, 4.09, 0.00, 0.00, 0.00, 0.00, 1, 1,  7,  39.7309615, -83.7063523,   526.0, 2025, 11, 23, 18, 17, 53,      164,      257,  38,  50,   1.7,   1.0,   1.3,  0,  0, 24, 24,  0,  0, 22, 18, 31,  0,  0,  0,  0,  0,  0, 23,  0,  0,  0,  0,  0,  0,  0,  0,  0, 37, 25, 34,  0,  0, 38,  0
6, 11026, 11,KE8EXM,    13.16, 6,  drogue,  -10.79,  92974.00,  719.58,  464.58,  -19.14, 23.2, 0.14, 4.08, 4.09,  -0.88,   7.87,  -2.28, -22.30,  67.01,  -3.72,  -0.61,  -0.42,   0.07,  94.08, 4.09, 0.00, 0.00, 0.00, 0.00, 1, 1,  7,  39.7309615, -83.7063523,   526.0, 2025, 11, 23, 18, 17, 53,      164,      257,  38,  50,   1.7,   1.0,   1.3,  0,  0, 24, 24,  0,  0, 22, 18, 31,  0,  0,  0,  0,  0,  0, 23,  0,  0,  0,  0,  0,  0,  0,  0,  0, 37, 25, 34,  0,  0, 38,  0
6, 11026, 11,KE8EXM,    13.20, 6,  drogue,  -11.77,  93005.00,  716.81,  461.82,  -19.83, 23.2, 0.14, 4.08, 4.09,  -1.36,  10.04,  -4.45, -22.91,  80.32,   4.89,  -0.64,  -0.41,   0.05,  97.46, 4.09, 0.00, 0.00, 0.00, 0.00, 1, 1,  8,  39.7307400, -83.7062719,   561.0, 2025, 11, 23, 18, 17, 54,      150,      277,  46,  57,   1.9,   1.0,   1.6,  0,  0, 25, 24,  0,  0, 33, 19, 31,  0,  0,  0,  0,  0,  0, 24,  0,  0,  0,  0,  0,  0,  0,  0,  0, 40, 27, 31,  0,  0, 40,  0
6, 11026, 11,KE8EXM,    13.30, 6,  drogue,  -13.73,  92958.00,  721.00,  466.01,  -20.49, 23.2, 0.14, 4.08, 4.09,  -2.56,  12.57,  -2.03, -23.70,  84.10,  13.19,  -0.68,  -0.41,   0.02, 101.93, 4.09, 0.00, 0.00, 0.00, 0.00, 1, 1,  8,  39.7307400, -83.7062719,   561.0, 2025, 11, 23, 18, 17, 54,      150,      277,  46,  57,   1.9,   1.0,   1.6,  0,  0, 25, 24,  0,  0, 33, 19, 31,  0,  0,  0,  0,  0,  0, 24,  0,  0,  0,  0,  0,  0,  0,  0,  0, 40, 27, 31,  0,  0, 40,  0
6, 11026, 11,KE8EXM,    13.40, 6,  drogue,  -13.24,  92982.00,  718.86,  463.87,  -21.10, 23.2, 0.14, 4.08, 4.09,  -2.49,   8.33,   0.96,  -6.30,  70.98,  41.14,  -0.73,  -0.40,   0.01, 108.57, 4.09, 0.00, 0.00, 0.00, 0.00, 1, 1,  8,  39.7307400, -83.7062719,   561.0, 2025, 11, 23, 18, 17, 54,      150,      277,  46,  57,   1.9,   1.0,   1.6,  0,  0, 25, 24,  0,  0, 33, 19, 31,  0,  0,  0,  0,  0,  0, 24,  0,  0,  0,  0,  0,  0,  0,  0,  0, 40, 27, 31,  0,  0, 40,  0
6, 11026, 11,KE8EXM,    13.46, 6,  drogue,  -13.24,  92982.00,  718.86,  463.87,  -21.10, 23.2, 0.15, 4.08, 4.09,  -2.49,   8.33,   0.96,  -6.30,  70.98,  41.14,  -0.73,  -0.40,   0.01, 108.57, 4.09, 0.00, 0.00, 0.00, 0.00, 1, 1,  8,  39.7307400, -83.7062719,   561.0, 2025, 11, 23, 18, 17, 54,      150,      277,  46,  57,   1.9,   1.0,   1.6,  0,  0, 25, 24,  0,  0, 33, 19, 31,  0,  0,  0,  0,  0,  0, 24,  0,  0,  0,  0,  0,  0,  0,  0,  0, 40, 27, 31,  0,  0, 40,  0
6, 11026, 11,KE8EXM,    13.50, 6,  drogue,  -12.26,  92987.00,  718.42,  463.42,  -21.66, 23.2, 0.15, 4.08, 4.09,  -1.47,   4.27,  -3.85,   8.28,  80.50,  38.89,  -0.79,  -0.39,   0.01, 115.30, 4.09, 0.00, 0.00, 0.00, 0.00, 1, 1,  8,  39.7307400, -83.7062719,   561.0, 2025, 11, 23, 18, 17, 54,      150,      277,  46,  57,   1.9,   1.0,   1.6,  0,  0, 25, 24,  0,  0, 33, 19, 31,  0,  0,  0,  0,  0,  0, 24,  0,  0,  0,  0,  0,  0,  0,  0,  0, 40, 27, 31,  0,  0, 40,  0
6, 11026, 11,KE8EXM,    13.60, 6,  drogue,  -10.30,  92958.00,  721.00,  466.01,  -22.14, 23.2, 0.15, 4.08, 4.09,  -1.52,   5.31,  -0.29,  46.19,  99.91,  33.88,  -0.85,  -0.40,   0.06, 121.77, 4.09, 0.00, 0.00, 0.00, 0.00, 1, 1,  8,  39.7307400, -83.7062719,   561.0, 2025, 11, 23, 18, 17, 54,      150,      277,  46,  57,   1.9,   1.0,   1.6,  0,  0, 25, 24,  0,  0, 33, 19, 31,  0,  0,  0,  0,  0,  0, 24,  0,  0,  0,  0,  0,  0,  0,  0,  0, 40, 27, 31,  0,  0, 40,  0
6, 11026, 11,KE8EXM,    13.70, 6,  drogue,  -10.30,  93055.00,  712.35,  457.36,  -22.54, 23.2, 0.15, 4.08, 4.09,  -0.73,   3.30,   2.69,  79.88,  99.30,  36.93,  -0.89,  -0.40,   0.14, 127.03, 4.09, 0.00, 0.00, 0.00, 0.00, 1, 1,  8,  39.7307400, -83.7062719,   561.0, 2025, 11, 23, 18, 17, 54,      150,      277,  46,  57,   1.9,   1.0,   1.6,  0,  0, 25, 24,  0,  0, 33, 19, 31,  0,  0,  0,  0,  0,  0, 24,  0,  0,  0,  0,  0,  0,  0,  0,  0, 40, 27, 31,  0,  0, 40,  0
6, 11026, 11,KE8EXM,    13.78, 6,  drogue,  -10.30,  93055.00,  712.35,  457.36,  -22.54, 23.2, 0.16, 4.07, 4.09,  -0.73,   3.30,   2.69,  79.88,  99.30,  36.93,  -0.89,  -0.40,   0.14, 127.03, 4.09, 0.01, 0.00, 0.00, 0.00, 1, 1,  8,  39.7307400, -83.7062719,   561.0, 2025, 11, 23, 18, 17, 54,      150,      277,  46,  57,   1.9,   1.0,   1.6,  0,  0, 25, 24,  0,  0, 33, 19, 31,  0,  0,  0,  0,  0,  0, 24,  0,  0,  0,  0,  0,  0,  0,  0,  0, 40, 27, 31,  0,  0, 40,  0
6, 11026, 11,KE8EXM,    13.80, 6,  drogue,  -12.26,  93102.00,  708.16,  453.17,  -22.84, 23.2, 0.16, 4.07, 4.09,  -2.16,   3.86,   4.31, 114.73,  67.74,  40.53,  -0.93,  -0.39,   0.25, 130.55, 4.09, 0.01, 0.00, 0.00, 0.00, 1, 1,  8,  39.7307400, -83.7062719,   561.0, 2025, 11, 23, 18, 17, 54,      150,      277,  46,  57,   1.9,   1.0,   1.6,  0,  0, 25, 24,  0,  0, 33, 19, 31,  0,  0,  0,  0,  0,  0, 24,  0,  0,  0,  0,  0,  0,  0,  0,  0, 40, 27, 31,  0,  0, 40,  0
6, 11026, 11,KE8EXM,    13.90, 6,  drogue,  -12.75,  93184.00,  700.85,  445.86,  -23.09, 23.2, 0.16, 4.07, 4.09,  -1.85,   0.91,   5.91, 126.81,  42.60,  46.64,  -0.95,  -0.36,   0.36, 133.37, 4.09, 0.01, 0.00, 0.00, 0.00, 1, 1,  8,  39.7307400, -83.7062719,   561.0, 2025, 11, 23, 18, 17, 54,      150,      277,  46,  57,   1.9,   1.0,   1.6,  0,  0, 25, 24,  0,  0, 33, 19, 31,  0,  0,  0,  0,  0,  0, 24,  0,  0,  0,  0,  0,  0,  0,  0,  0, 40, 27, 31,  0,  0, 40,  0
6, 11026, 11,KE8EXM,    14.00, 6,  drogue,  -10.79,  93229.00,  696.84,  441.85,  -23.28, 23.1, 0.16, 4.07, 4.09,  -1.61,   2.87,   6.80, 130.54,  22.88,  67.63,  -0.98,  -0.30,   0.46, 137.18, 4.09, 0.01, 0.00, 0.00, 0.00, 1, 1,  8,  39.7307400, -83.7062719,   561.0, 2025, 11, 23, 18, 17, 54,      150,      277,  46,  57,   1.9,   1.0,   1.6,  0,  0, 25, 24,  0,  0, 33, 19, 31,  0,  0,  0,  0,  0,  0, 24,  0,  0,  0,  0,  0,  0,  0,  0,  0, 40, 27, 31,  0,  0, 40,  0
6, 11026, 11,KE8EXM,    14.10, 6,  drogue,  -10.79,  93267.00,  693.46,  438.47,  -23.43, 23.1, 0.17, 4.07, 4.09,  -1.29,   1.14,   6.81, 127.79,   2.44,  95.10,  -1.01,  -0.20,   0.53, 141.72, 4.11, 0.00, 0.00, 0.00, 0.00, 1, 1,  8,  39.7307400, -83.7062719,   561.0, 2025, 11, 23, 18, 17, 54,      150,      277,  46,  57,   1.9,   1.0,   1.6,  0,  0, 25, 24,  0,  0, 33, 19, 31,  0,  0,  0,  0,  0,  0, 24,  0,  0,  0,  0,  0,  0,  0,  0,  0, 40, 27, 31,  0,  0, 40,  0
6, 11026, 11,KE8EXM,    14.10, 6,  drogue,  -10.79,  93267.00,  693.46,  438.47,  -23.43, 23.1, 0.17, 4.07, 4.09,  -1.29,   1.14,   6.81, 127.79,   2.44,  95.10,  -1.01,  -0.20,   0.53, 141.72, 4.11, 0.00, 0.00, 0.00, 0.00, 1, 1,  8,  39.7307400, -83.7062719,   561.0, 2025, 11, 23, 18, 17, 54,      150,      277,  46,  57,   1.9,   1.0,   1.6,  0,  0, 25, 24,  0,  0, 33, 19, 31,  0,  0,  0,  0,  0,  0, 24,  0,  0,  0,  0,  0,  0,  0,  0,  0, 40, 27, 31,  0,  0, 40,  0
6, 11026, 11,KE8EXM,    14.16, 6,  drogue,  -10.79,  93267.00,  693.46,  438.47,  -23.43, 23.1, 0.17, 4.07, 4.09,  -1.29,   1.14,   6.81, 127.79,   2.44,  95.10,  -1.01,  -0.20,   0.53, 141.72, 4.11, 0.00, 0.00, 0.00, 0.00, 1, 1,  8,  39.7307400, -83.7062719,   561.0, 2025, 11, 23, 18, 17, 54,      150,      277,  46,  57,   1.9,   1.0,   1.6,  0,  0, 25, 24,  0,  0, 33, 19, 31,  0,  0,  0,  0,  0,  0, 24,  0,  0,  0,  0,  0,  0,  0,  0,  0, 40, 27, 31,  0,  0, 40,  0
6, 11026, 11,KE8EXM,    14.16, 6,  drogue,  -10.79,  93267.00,  693.46,  438.47,  -23.43, 23.1, 0.17, 4.07, 4.09,  -1.29,   1.14,   6.81, 127.79,   2.44,  95.10,  -1.01,  -0.20,   0.53, 141.72, 4.11, 0.00, 0.00, 0.00, 0.00, 1, 1,  8,  39.7307400, -83.7062719,   561.0, 2025, 11, 23, 18, 17, 54,      150,      277,  46,  57,   1.9,   1.0,   1.6,  0,  0, 25, 24,  0,  0, 33, 19, 31,  0,  0,  0,  0,  0,  0, 24,  0,  0,  0,  0,  0,  0,  0,  0,  0, 40, 27, 31,  0,  0, 40,  0
6, 11026, 11,KE8EXM,    14.20, 6,  drogue,  -10.79,  93239.00,  695.95,  440.96,  -23.53, 23.1, 0.17, 4.07, 4.09,  -0.68,  -3.99,   5.92,  80.73, -19.05, 101.69,  -1.04,  -0.09,   0.55, 144.60, 4.11, 0.00, 0.00, 0.00, 0.00, 1, 1,  8,  39.7304909, -83.7062524,   565.0, 2025, 11, 23, 18, 17, 55,      134,      272,  55,  61,   1.6,   0.9,   1.3,  0,  0, 34, 25,  0,  0, 29, 21, 30,  0,  0,  0,  0,  0,  0, 25,  0,  0,  0,  0,  0,  0,  0,  0,  0, 33, 35, 24,  0,  0, 29,  0
6, 11026, 11,KE8EXM,    14.30, 6,  drogue,  -11.28,  93247.00,  695.24,  440.25,  -23.55, 23.1, 0.17, 4.07, 4.09,  -0.09,  -4.07,   4.62,  -2.70, -34.00,  96.56,  -1.07,   0.01,   0.53, 145.06, 4.11, 0.00, 0.00, 0.00, 0.00, 1, 1,  8,  39.7304909, -83.7062524,   565.0, 2025, 11, 23, 18, 17, 55,      134,      272,  55,  61,   1.6,   0.9,   1.3,  0,  0, 34, 25,  0,  0, 29, 21, 30,  0,  0,  0,  0,  0,  0, 25,  0,  0,  0,  0,  0,  0,  0,  0,  0, 33, 35, 24,  0,  0, 29,  0
6, 11026, 11,KE8EXM,    14.40, 6,  drogue,  -10.79,  93282.00,  692.13,  437.13,  -23.53, 23.1, 0.17, 4.07, 4.09,  -0.32,  -6.04,  10.80, -99.99, -50.85, 115.61,  -1.09,   0.06,   0.50, 143.00, 4.11, 0.00, 0.00, 0.00, 0.00, 1, 1,  8,  39.7304909, -83.7062524,   565.0, 2025, 11, 23, 18, 17, 55,      134,      272,  55,  61,   1.6,   0.9,   1.3,  0,  0, 34, 25,  0,  0, 29, 21, 30,  0,  0,  0,  0,  0,  0, 25,  0,  0,  0,  0,  0,  0,  0,  0,  0, 33, 35, 24,  0,  0, 29,  0
6, 11026, 11,KE8EXM,    14.42, 6,  drogue,  -10.79,  93282.00,  692.13,  437.13,  -23.53, 23.1, 0.19, 4.09, 4.09,  -0.32,  -6.04,  10.80, -99.99, -50.85, 115.61,  -1.09,   0.06,   0.50, 143.00, 4.09, 0.00, 0.00, 0.00, 0.00, 1, 1,  8,  39.7304909, -83.7062524,   565.0, 2025, 11, 23, 18, 17, 55,      134,      272,  55,  61,   1.6,   0.9,   1.3,  0,  0, 34, 25,  0,  0, 29, 21, 30,  0,  0,  0,  0,  0,  0, 25,  0,  0,  0,  0,  0,  0,  0,  0,  0, 33, 35, 24,  0,  0, 29,  0
6, 11026, 11,KE8EXM,    14.50, 6,  drogue,   -9.81,  93303.00,  690.26,  435.26,  -23.44, 23.1, 0.19, 4.09, 4.09,   1.47,  -4.51,  11.68,-217.97, -51.70, 145.45,  -1.10,   0.08,   0.46, 137.29, 4.09, 0.00, 0.00, 0.00, 0.00, 1, 1,  8,  39.7304909, -83.7062524,   565.0, 2025, 11, 23, 18, 17, 55,      134,      272,  55,  61,   1.6,   0.9,   1.3,  0,  0, 34, 25,  0,  0, 29, 21, 30,  0,  0,  0,  0,  0,  0, 25,  0,  0,  0,  0,  0,  0,  0,  0,  0, 33, 35, 24,  0,  0, 29,  0
6, 11026, 11,KE8EXM,    14.60, 6,  drogue,   -8.83,  93348.00,  686.25,  431.26,  -23.35, 23.0, 0.19, 4.09, 4.09,   1.26,  -9.25,  14.33,-250.93,  -4.58, 155.46,  -1.09,   0.11,   0.47, 128.83, 4.09, 0.00, 0.00, 0.00, 0.00, 1, 1,  8,  39.7304909, -83.7062524,   565.0, 2025, 11, 23, 18, 17, 55,      134,      272,  55,  61,   1.6,   0.9,   1.3,  0,  0, 34, 25,  0,  0, 29, 21, 30,  0,  0,  0,  0,  0,  0, 25,  0,  0,  0,  0,  0,  0,  0,  0,  0, 33, 35, 24,  0,  0, 29,  0
6, 11026, 11,KE8EXM,    14.70, 6,  drogue,  -11.28,  93411.00,  680.65,  425.66,  -23.22, 23.0, 0.19, 4.09, 4.09,  -0.02,  -7.11,  11.30, -58.00,  11.29,  92.54,  -1.07,   0.14,   0.49, 124.82, 4.09, 0.00, 0.00, 0.00, 0.00, 1, 1,  8,  39.7304909, -83.7062524,   565.0, 2025, 11, 23, 18, 17, 55,      134,      272,  55,  61,   1.6,   0.9,   1.3,  0,  0, 34, 25,  0,  0, 29, 21, 30,  0,  0,  0,  0,  0,  0, 25,  0,  0,  0,  0,  0,  0,  0,  0,  0, 33, 35, 24,  0,  0, 29,  0
6, 11026, 11,KE8EXM,    14.74, 6,  drogue,  -11.28,  93411.00,  680.65,  425.66,  -23.22, 23.0, 0.24, 4.09, 4.08,  -0.02,  -7.11,  11.30, -58.00,  11.29,  92.54,  -1.07,   0.14,   0.49, 124.82, 4.10, 0.00, 0.00, 0.00, 0.00, 1, 1,  8,  39.7304909, -83.7062524,   565.0, 2025, 11, 23, 18, 17, 55,      134,      272,  55,  61,   1.6,   0.9,   1.3,  0,  0, 34, 25,  0,  0, 29, 21, 30,  0,  0,  0,  0,  0,  0, 25,  0,  0,  0,  0,  0,  0,  0,  0,  0, 33, 35, 24,  0,  0, 29,  0
6, 11026, 11,KE8EXM,    14.80, 6,  drogue,  -12.26,  93422.00,  679.67,  424.68,  -23.08, 22.9, 0.24, 4.09, 4.08,  -1.22,  -9.58,  12.01,  58.94,  18.18,  50.54,  -1.05,   0.20,   0.49, 121.59, 4.10, 0.00, 0.00, 0.00, 0.00, 1, 1,  8,  39.7304909, -83.7062524,   565.0, 2025, 11, 23, 18, 17, 55,      134,      272,  55,  61,   1.6,   0.9,   1.3,  0,  0, 34, 25,  0,  0, 29, 21, 30,  0,  0,  0,  0,  0,  0, 25,  0,  0,  0,  0,  0,  0,  0,  0,  0, 33, 35, 24,  0,  0, 29,  0
6, 11026, 11,KE8EXM,    14.90, 6,  drogue,  -11.28,  93433.00,  678.69,  423.70,  -22.90, 22.9, 0.24, 4.09, 4.08,  -1.75, -11.50,  12.58,  29.83,  14.95,   5.07,  -1.03,   0.24,   0.49, 120.02, 4.10, 0.00, 0.00, 0.00, 0.00, 1, 1,  8,  39.7304909, -83.7062524,   565.0, 2025, 11, 23, 18, 17, 55,      134,      272,  55,  61,   1.6,   0.9,   1.3,  0,  0, 34, 25,  0,  0, 29, 21, 30,  0,  0,  0,  0,  0,  0, 25,  0,  0,  0,  0,  0,  0,  0,  0,  0, 33, 35, 24,  0,  0, 29,  0
6, 11026, 11,KE8EXM,    15.00, 6,  drogue,  -11.77,  93438.00,  678.25,  423.26,  -22.68, 22.9, 0.24, 4.09, 4.08,  -0.96,  -4.81,   8.27,  93.91,  13.73, -13.18,  -1.03,   0.26,   0.47, 119.38, 4.10, 0.00, 0.00, 0.00, 0.00, 1, 1,  8,  39.7304909, -83.7062524,   565.0, 2025, 11, 23, 18, 17, 55,      134,      272,  55,  61,   1.6,   0.9,   1.3,  0,  0, 34, 25,  0,  0, 29, 21, 30,  0,  0,  0,  0,  0,  0, 25,  0,  0,  0,  0,  0,  0,  0,  0,  0, 33, 35, 24,  0,  0, 29,  0
6, 11026, 11,KE8EXM,    15.06, 6,  drogue,  -11.77,  93438.00,  678.25,  423.26,  -22.68, 22.9, 0.28, 4.07, 4.08,  -0.96,  -4.81,   8.27,  93.91,  13.73, -13.18,  -1.03,   0.26,   0.47, 119.38, 4.08, 0.00, 0.00, 0.00, 0.00, 1, 1,  8,  39.7304909, -83.7062524,   565.0, 2025, 11, 23, 18, 17, 55,      134,      272,  55,  61,   1.6,   0.9,   1.3,  0,  0, 34, 25,  0,  0, 29, 21, 30,  0,  0,  0,  0,  0,  0, 25,  0,  0,  0,  0,  0,  0,  0,  0,  0, 33, 35, 24,  0,  0, 29,  0
6, 11026, 11,KE8EXM,    15.10, 6,  drogue,  -11.28,  93445.00,  677.63,  422.63,  -22.45, 22.8, 0.28, 4.07, 4.08,  -1.53,  -7.60,   8.46,  65.05,  24.84, -18.91,  -1.03,   0.28,   0.45, 118.43, 4.08, 0.00, 0.00, 0.00, 0.00, 1, 1,  8,  39.7304909, -83.7062524,   565.0, 2025, 11, 23, 18, 17, 55,      134,      272,  55,  61,   1.6,   0.9,   1.3,  0,  0, 34, 25,  0,  0, 29, 21, 30,  0,  0,  0,  0,  0,  0, 25,  0,  0,  0,  0,  0,  0,  0,  0,  0, 33, 35, 24,  0,  0, 29,  0
6, 11026, 11,KE8EXM,    15.16, 6,  drogue,  -11.28,  93445.00,  677.63,  422.63,  -22.45, 22.8, 0.28, 4.07, 4.08,  -1.53,  -7.60,   8.46,  65.05,  24.84, -18.91,  -1.03,   0.28,   0.45, 118.43, 4.08, 0.00, 0.00, 0.00, 0.00, 1, 1,  8,  39.7304909, -83.7062524,   565.0, 2025, 11, 23, 18, 17, 55,      134,      272,  55,  61,   1.6,   0.9,   1.3,  0,  0, 34, 25,  0,  0, 29, 21, 30,  0,  0,  0,  0,  0,  0, 25,  0,  0,  0,  0,  0,  0,  0,  0,  0, 33, 35, 24,  0,  0, 29,  0
6, 11026, 11,KE8EXM,    15.16, 6,  drogue,  -11.28,  93445.00,  677.63,  422.63,  -22.45, 22.8, 0.28, 4.07, 4.08,  -1.53,  -7.60,   8.46,  65.05,  24.84, -18.91,  -1.03,   0.28,   0.45, 118.43, 4.08, 0.00, 0.00, 0.00, 0.00, 1, 1,  8,  39.7304909, -83.7062524,   565.0, 2025, 11, 23, 18, 17, 55,      134,      272,  55,  61,   1.6,   0.9,   1.3,  0,  0, 34, 25,  0,  0, 29, 21, 30,  0,  0,  0,  0,  0,  0, 25,  0,  0,  0,  0,  0,  0,  0,  0,  0, 33, 35, 24,  0,  0, 29,  0
6, 11026, 11,KE8EXM,    15.20, 6,  drogue,  -10.30,  93471.00,  675.32,  420.32,  -22.23, 22.8, 0.28, 4.07, 4.08,  -1.24,  -6.78,   7.64, -23.27,  40.34, -18.24,  -1.02,   0.27,   0.47, 116.48, 4.08, 0.00, 0.00, 0.00, 0.00, 1, 1,  7,  39.7303073, -83.7062077,   565.0, 2025, 11, 23, 18, 17, 56,      127,      269,  63,  62,   1.7,   1.0,   1.3,  0,  0,  0, 32,  0,  0, 28, 29, 27,  0,  0,  0,  0,  0,  0, 26,  0,  0,  0,  0,  0,  0,  0,  0,  0, 35, 30, 37,  0,  0, 38,  0
6, 11026, 11,KE8EXM,    15.30, 6,  drogue,  -10.30,  93511.00,  671.76,  416.77,  -21.98, 22.7, 0.28, 4.07, 4.08,  -0.57,  -5.63,   8.65, -34.99,  64.81, -32.16,  -1.01,   0.24,   0.52, 113.00, 4.08, 0.00, 0.00, 0.00, 0.00, 1, 1,  7,  39.7303073, -83.7062077,   565.0, 2025, 11, 23, 18, 17, 56,      127,      269,  63,  62,   1.7,   1.0,   1.3,  0,  0,  0, 32,  0,  0, 28, 29, 27,  0,  0,  0,  0,  0,  0, 26,  0,  0,  0,  0,  0,  0,  0,  0,  0, 35, 30, 37,  0,  0, 38,  0
6, 11026, 11,KE8EXM,    15.38, 6,  drogue,  -10.30,  93511.00,  671.76,  416.77,  -21.98, 22.7, 0.32, 4.07, 4.08,  -0.57,  -5.63,   8.65, -34.99,  64.81, -32.16,  -1.01,   0.24,   0.52, 113.00, 4.09, 0.00, 0.00, 0.01, 0.00, 1, 1,  7,  39.7303073, -83.7062077,   565.0, 2025, 11, 23, 18, 17, 56,      127,      269,  63,  62,   1.7,   1.0,   1.3,  0,  0,  0, 32,  0,  0, 28, 29, 27,  0,  0,  0,  0,  0,  0, 26,  0,  0,  0,  0,  0,  0,  0,  0,  0, 35, 30, 37,  0,  0, 38,  0
6, 11026, 11,KE8EXM,    15.40, 6,  drogue,  -10.30,  93563.00,  667.14,  412.15,  -21.75, 22.7, 0.32, 4.07, 4.08,   0.01,  -4.94,   9.42,   6.02,  92.71, -34.17,  -0.98,   0.21,   0.57, 106.51, 4.09, 0.00, 0.00, 0.01, 0.00, 1, 1,  7,  39.7303073, -83.7062077,   565.0, 2025, 11, 23, 18, 17, 56,      127,      269,  63,  62,   1.7,   1.0,   1.3,  0,  0,  0, 32,  0,  0, 28, 29, 27,  0,  0,  0,  0,  0,  0, 26,  0,  0,  0,  0,  0,  0,  0,  0,  0, 35, 30, 37,  0,  0, 38,  0
6, 11026, 11,KE8EXM,    15.50, 6,  drogue,   -8.83,  93592.00,  664.57,  409.58,  -21.53, 22.7, 0.32, 4.07, 4.08,   0.33,  -3.26,   9.68, 106.98, 100.15,  -1.40,  -0.92,   0.24,   0.61,  97.71, 4.09, 0.00, 0.00, 0.01, 0.00, 1, 1,  7,  39.7303073, -83.7062077,   565.0, 2025, 11, 23, 18, 17, 56,      127,      269,  63,  62,   1.7,   1.0,   1.3,  0,  0,  0, 32,  0,  0, 28, 29, 27,  0,  0,  0,  0,  0,  0, 26,  0,  0,  0,  0,  0,  0,  0,  0,  0, 35, 30, 37,  0,  0, 38,  0
6, 11026, 11,KE8EXM,    15.60, 6,  drogue,  -11.77,  93588.00,  664.92,  409.93,  -21.31, 22.6, 0.32, 4.07, 4.08,  -1.92, -10.68,  16.75,  71.64,  56.45,   1.96,  -0.87,   0.31,   0.60,  93.12, 4.09, 0.00, 0.00, 0.01, 0.00, 1, 1,  7,  39.7303073, -83.7062077,   565.0, 2025, 11, 23, 18, 17, 56,      127,      269,  63,  62,   1.7,   1.0,   1.3,  0,  0,  0, 32,  0,  0, 28, 29, 27,  0,  0,  0,  0,  0,  0, 26,  0,  0,  0,  0,  0,  0,  0,  0,  0, 35, 30, 37,  0,  0, 38,  0
6, 11026, 11,KE8EXM,    15.70, 6,  drogue,  -10.30,  93604.00,  663.50,  408.51,  -21.15, 22.5, 0.37, 4.09, 4.09,  -0.24,  -5.98,   9.58,  21.77,  36.25,  14.41,  -0.84,   0.34,   0.60,  89.53, 4.09, 0.00, 0.00, 0.00, 0.00, 1, 1,  7,  39.7303073, -83.7062077,   565.0, 2025, 11, 23, 18, 17, 56,      127,      269,  63,  62,   1.7,   1.0,   1.3,  0,  0,  0, 32,  0,  0, 28, 29, 27,  0,  0,  0,  0,  0,  0, 26,  0,  0,  0,  0,  0,  0,  0,  0,  0, 35, 30, 37,  0,  0, 38,  0
6, 11026, 11,KE8EXM,    15.70, 6,  drogue,  -10.30,  93604.00,  663.50,  408.51,  -21.15, 22.5, 0.37, 4.09, 4.09,  -0.24,  -5.98,   9.58,  21.77,  36.25,  14.41,  -0.84,   0.34,   0.60,  89.53, 4.09, 0.00, 0.00, 0.00, 0.00, 1, 1,  7,  39.7303073, -83.7062077,   565.0, 2025, 11, 23, 18, 17, 56,      127,      269,  63,  62,   1.7,   1.0,   1.3,  0,  0,  0, 32,  0,  0, 28, 29, 27,  0,  0,  0,  0,  0,  0, 26,  0,  0,  0,  0,  0,  0,  0,  0,  0, 35, 30, 37,  0,  0, 38,  0
6, 11026, 11,KE8EXM,    15.80, 6,  drogue,  -11.77,  93601.00,  663.77,  408.78,  -21.02, 22.5, 0.37, 4.09, 4.09,  -0.85,  -9.45,  11.75, -33.40,  10.00,  20.27,  -0.81,   0.34,   0.61,  87.37, 4.09, 0.00, 0.00, 0.00, 0.00, 1, 1,  7,  39.7303073, -83.7062077,   565.0, 2025, 11, 23, 18, 17, 56,      127,      269,  63,  62,   1.7,   1.0,   1.3,  0,  0,  0, 32,  0,  0, 28, 29, 27,  0,  0,  0,  0,  0,  0, 26,  0,  0,  0,  0,  0,  0,  0,  0,  0, 35, 30, 37,  0,  0, 38,  0
6, 11026, 11,KE8EXM,    15.90, 6,  drogue,  -10.30,  93666.00,  658.00,  403.01,  -20.92, 22.5, 0.37, 4.09, 4.09,  -0.62,  -5.52,  10.72,-124.65, -29.06,   3.97,  -0.82,   0.29,   0.64,  89.20, 4.09, 0.00, 0.00, 0.00, 0.00, 1, 1,  7,  39.7303073, -83.7062077,   565.0, 2025, 11, 23, 18, 17, 56,      127,      269,  63,  62,   1.7,   1.0,   1.3,  0,  0,  0, 32,  0,  0, 28, 29, 27,  0,  0,  0,  0,  0,  0, 26,  0,  0,  0,  0,  0,  0,  0,  0,  0, 35, 30, 37,  0,  0, 38,  0
6, 11026, 11,KE8EXM,    16.00, 6,  drogue,   -9.81,  93726.00,  652.68,  397.69,  -20.80, 22.4, 0.37, 4.09, 4.09,  -0.14,  -4.47,   7.98, -40.55, -41.45,  10.81,  -0.84,   0.23,   0.66,  92.20, 4.09, 0.00, 0.00, 0.00, 0.00, 1, 1,  7,  39.7303073, -83.7062077,   565.0, 2025, 11, 23, 18, 17, 56,      127,      269,  63,  62,   1.7,   1.0,   1.3,  0,  0,  0, 32,  0,  0, 28, 29, 27,  0,  0,  0,  0,  0,  0, 26,  0,  0,  0,  0,  0,  0,  0,  0,  0, 35, 30, 37,  0,  0, 38,  0
6, 11026, 11,KE8EXM,    16.02, 6,  drogue,   -9.81,  93726.00,  652.68,  397.69,  -20.80, 22.4, 0.40, 4.08, 4.09,  -0.14,  -4.47,   7.98, -40.55, -41.45,  10.81,  -0.84,   0.23,   0.66,  92.20, 4.09, 0.00, 0.00, 0.00, 0.00, 1, 1,  7,  39.7303073, -83.7062077,   565.0, 2025, 11, 23, 18, 17, 56,      127,      269,  63,  62,   1.7,   1.0,   1.3,  0,  0,  0, 32,  0,  0, 28, 29, 27,  0,  0,  0,  0,  0,  0, 26,  0,  0,  0,  0,  0,  0,  0,  0,  0, 35, 30, 37,  0,  0, 38,  0
6, 11026, 11,KE8EXM,    16.10, 6,  drogue,  -12.26,  93750.00,  650.55,  395.56,  -20.66, 22.4, 0.40, 4.08, 4.09,  -0.70,  -7.31,  12.73,  31.11, -40.96,  17.77,  -0.87,   0.24,   0.65,  95.04, 4.09, 0.00, 0.00, 0.00, 0.00, 1, 1,  7,  39.7303073, -83.7062077,   565.0, 2025, 11, 23, 18, 17, 56,      127,      269,  63,  62,   1.7,   1.0,   1.3,  0,  0,  0, 32,  0,  0, 28, 29, 27,  0,  0,  0,  0,  0,  0, 26,  0,  0,  0,  0,  0,  0,  0,  0,  0, 35, 30, 37,  0,  0, 38,  0
6, 11026, 11,KE8EXM,    16.16, 6,  drogue,  -12.26,  93750.00,  650.55,  395.56,  -20.66, 22.4, 0.40, 4.08, 4.09,  -0.70,  -7.31,  12.73,  31.11, -40.96,  17.77,  -0.87,   0.24,   0.65,  95.04, 4.09, 0.00, 0.00, 0.00, 0.00, 1, 1,  7,  39.7303073, -83.7062077,   565.0, 2025, 11, 23, 18, 17, 56,      127,      269,  63,  62,   1.7,   1.0,   1.3,  0,  0,  0, 32,  0,  0, 28, 29, 27,  0,  0,  0,  0,  0,  0, 26,  0,  0,  0,  0,  0,  0,  0,  0,  0, 35, 30, 37,  0,  0, 38,  0
6, 11026, 11,KE8EXM,    16.16, 6,  drogue,  -12.26,  93750.00,  650.55,  395.56,  -20.66, 22.4, 0.40, 4.08, 4.09,  -0.70,  -7.31,  12.73,  31.11, -40.96,  17.77,  -0.87,   0.24,   0.65,  95.04, 4.09, 0.00, 0.00, 0.00, 0.00, 1, 1,  7,  39.7303073, -83.7062077,   565.0, 2025, 11, 23, 18, 17, 56,      127,      269,  63,  62,   1.7,   1.0,   1.3,  0,  0,  0, 32,  0,  0, 28, 29, 27,  0,  0,  0,  0,  0,  0, 26,  0,  0,  0,  0,  0,  0,  0,  0,  0, 35, 30, 37,  0,  0, 38,  0
6, 11026, 11,KE8EXM,    16.20, 6,  drogue,  -13.24,  93752.00,  650.38,  395.38,  -20.48, 22.4, 0.40, 4.08, 4.09,  -0.93,  -4.63,  10.27,  -0.69, -44.20,  17.95,  -0.89,   0.26,   0.62,  97.93, 4.09, 0.00, 0.00, 0.00, 0.00, 1, 1,  7,  39.7301302, -83.7061949,   563.0, 2025, 11, 23, 18, 17, 57,      120,      264,  72,  63,   1.7,   1.0,   1.3,  0,  0, 30, 28,  0,  0, 21, 30, 27,  0,  0,  0,  0,  0,  0, 26,  0,  0,  0,  0,  0,  0,  0,  0,  0, 26,  0, 34,  0,  0, 32,  0
6, 11026, 11,KE8EXM,    16.30, 6,  drogue,   -9.81,  93769.00,  648.87,  393.88,  -20.29, 22.3, 0.40, 4.08, 4.09,  -1.01,  -5.93,   9.10,  21.22, -50.79,  14.47,  -0.91,   0.28,   0.59, 101.53, 4.09, 0.00, 0.00, 0.00, 0.00, 1, 1,  7,  39.7301302, -83.7061949,   563.0, 2025, 11, 23, 18, 17, 57,      120,      264,  72,  63,   1.7,   1.0,   1.3,  0,  0, 30, 28,  0,  0, 21, 30, 27,  0,  0,  0,  0,  0,  0, 26,  0,  0,  0,  0,  0,  0,  0,  0,  0, 26,  0, 34,  0,  0, 32,  0
6, 11026, 11,KE8EXM,    16.34, 6,  drogue,   -9.81,  93769.00,  648.87,  393.88,  -20.29, 22.3, 0.46, 4.07, 4.08,  -1.01,  -5.93,   9.10,  21.22, -50.79,  14.47,  -0.91,   0.28,   0.59, 101.53, 4.10, 0.00, 0.00, 0.00, 0.00, 1, 1,  7,  39.7301302, -83.7061949,   563.0, 2025, 11, 23, 18, 17, 57,      120,      264,  72,  63,   1.7,   1.0,   1.3,  0,  0, 30, 28,  0,  0, 21, 30, 27,  0,  0,  0,  0,  0,  0, 26,  0,  0,  0,  0,  0,  0,  0,  0,  0, 26,  0, 34,  0,  0, 32,  0
6, 11026, 11,KE8EXM,    16.40, 6,  drogue,  -10.79,  93781.00,  647.81,  392.81,  -20.13, 22.3, 0.46, 4.07, 4.08,  -0.67,  -5.52,   7.04,   8.65, -40.90,  22.16,  -0.93,   0.29,   0.57, 103.67, 4.10, 0.00, 0.00, 0.00, 0.00, 1, 1,  7,  39.7301302, -83.7061949,   563.0, 2025, 11, 23, 18, 17, 57,      120,      264,  72,  63,   1.7,   1.0,   1.3,  0,  0, 30, 28,  0,  0, 21, 30, 27,  0,  0,  0,  0,  0,  0, 26,  0,  0,  0,  0,  0,  0,  0,  0,  0, 26,  0, 34,  0,  0, 32,  0
6, 11026, 11,KE8EXM,    16.50, 6,  drogue,  -12.26,  93794.00,  646.65,  391.66,  -19.97, 22.2, 0.46, 4.07, 4.08,  -0.93,  -6.11,   6.12, -62.95, -30.22,  21.67,  -0.94,   0.28,   0.57, 104.85, 4.10, 0.00, 0.00, 0.00, 0.00, 1, 1,  7,  39.7301302, -83.7061949,   563.0, 2025, 11, 23, 18, 17, 57,      120,      264,  72,  63,   1.7,   1.0,   1.3,  0,  0, 30, 28,  0,  0, 21, 30, 27,  0,  0,  0,  0,  0,  0, 26,  0,  0,  0,  0,  0,  0,  0,  0,  0, 26,  0, 34,  0,  0, 32,  0
6, 11026, 11,KE8EXM,    16.60, 6,  drogue,  -10.30,  93843.00,  642.31,  387.32,  -19.81, 22.2, 0.46, 4.07, 4.08,  -0.31,  -5.17,   6.08,-100.97, -23.99,  28.57,  -0.95,   0.24,   0.59, 105.45, 4.10, 0.00, 0.00, 0.00, 0.00, 1, 1,  7,  39.7301302, -83.7061949,   563.0, 2025, 11, 23, 18, 17, 57,      120,      264,  72,  63,   1.7,   1.0,   1.3,  0,  0, 30, 28,  0,  0, 21, 30, 27,  0,  0,  0,  0,  0,  0, 26,  0,  0,  0,  0,  0,  0,  0,  0,  0, 26,  0, 34,  0,  0, 32,  0
6, 11026, 11,KE8EXM,    16.66, 6,  drogue,  -10.30,  93843.00,  642.31,  387.32,  -19.81, 22.2, 0.53, 4.08, 4.09,  -0.31,  -5.17,   6.08,-100.97, -23.99,  28.57,  -0.95,   0.24,   0.59, 105.45, 4.10, 0.00, 0.00, 0.00, 0.00, 1, 1,  7,  39.7301302, -83.7061949,   563.0, 2025, 11, 23, 18, 17, 57,      120,      264,  72,  63,   1.7,   1.0,   1.3,  0,  0, 30, 28,  0,  0, 21, 30, 27,  0,  0,  0,  0,  0,  0, 26,  0,  0,  0,  0,  0,  0,  0,  0,  0, 26,  0, 34,  0,  0, 32,  0
6, 11026, 11,KE8EXM,    16.70, 6,  drogue,  -13.24,  93865.00,  640.36,  385.37,  -19.65, 22.2, 0.53, 4.08, 4.09,  -1.19,  -5.14,   9.10,   5.11, -14.90,  24.36,  -0.95,   0.23,   0.60, 105.94, 4.10, 0.00, 0.00, 0.00, 0.00, 1, 1,  7,  39.7301302, -83.7061949,   563.0, 2025, 11, 23, 18, 17, 57,      120,      264,  72,  63,   1.7,   1.0,   1.3,  0,  0, 30, 28,  0,  0, 21, 30, 27,  0,  0,  0,  0,  0,  0, 26,  0,  0,  0,  0,  0,  0,  0,  0,  0, 26,  0, 34,  0,  0, 32,  0
6, 11026, 11,KE8EXM,    16.80, 6,  drogue,  -10.79,  93873.00,  639.66,  384.66,  -19.46, 22.1, 0.53, 4.08, 4.09,  -0.47,  -4.79,   5.97,  99.35, -10.38,  22.35,  -0.95,   0.28,   0.56, 106.03, 4.10, 0.00, 0.00, 0.00, 0.00, 1, 1,  7,  39.7301302, -83.7061949,   563.0, 2025, 11, 23, 18, 17, 57,      120,      264,  72,  63,   1.7,   1.0,   1.3,  0,  0, 30, 28,  0,  0, 21, 30, 27,  0,  0,  0,  0,  0,  0, 26,  0,  0,  0,  0,  0,  0,  0,  0,  0, 26,  0, 34,  0,  0, 32,  0
6, 11026, 11,KE8EXM,    16.90, 6,  drogue,  -12.75,  93854.00,  641.34,  386.35,  -19.25, 22.1, 0.53, 4.08, 4.09,  -0.84,  -6.92,   8.27,  64.80,  -5.80,  25.95,  -0.94,   0.34,   0.52, 105.09, 4.10, 0.00, 0.00, 0.00, 0.00, 1, 1,  7,  39.7301302, -83.7061949,   563.0, 2025, 11, 23, 18, 17, 57,      120,      264,  72,  63,   1.7,   1.0,   1.3,  0,  0, 30, 28,  0,  0, 21, 30, 27,  0,  0,  0,  0,  0,  0, 26,  0,  0,  0,  0,  0,  0,  0,  0,  0, 26,  0, 34,  0,  0, 32,  0
6, 11026, 11,KE8EXM,    16.98, 6,  drogue,  -12.75,  93854.00,  641.34,  386.35,  -19.25, 22.1, 0.61, 4.09, 4.09,  -0.84,  -6.92,   8.27,  64.80,  -5.80,  25.95,  -0.94,   0.34,   0.52, 105.09, 4.10, 0.00, 0.00, 0.00, 0.00, 1, 1,  7,  39.7301302, -83.7061949,   563.0, 2025, 11, 23, 18, 17, 57,      120,      264,  72,  63,   1.7,   1.0,   1.3,  0,  0, 30, 28,  0,  0, 21, 30, 27,  0,  0,  0,  0,  0,  0, 26,  0,  0,  0,  0,  0,  0,  0,  0,  0, 26,  0, 34,  0,  0, 32,  0
6, 11026, 11,KE8EXM,    17.00, 6,  drogue,  -11.77,  93871.00,  639.83,  384.84,  -19.03, 22.1, 0.61, 4.09, 4.09,  -0.53,  -5.27,   6.01, -44.09, -15.81,  27.23,  -0.93,   0.34,   0.52, 104.51, 4.10, 0.00, 0.00, 0.00, 0.00, 1, 1,  7,  39.7301302, -83.7061949,   563.0, 2025, 11, 23, 18, 17, 57,      120,      264,  72,  63,   1.7,   1.0,   1.3,  0,  0, 30, 28,  0,  0, 21, 30, 27,  0,  0,  0,  0,  0,  0, 26,  0,  0,  0,  0,  0,  0,  0,  0,  0, 26,  0, 34,  0,  0, 32,  0
6, 11026, 11,KE8EXM,    17.10, 6,  drogue,  -11.77,  93930.00,  634.61,  379.62,  -18.80, 22.1, 0.61, 4.09, 4.09,  -0.63,  -3.24,   8.51, -73.57,   0.54,  37.73,  -0.92,   0.32,   0.55, 102.19, 4.10, 0.00, 0.00, 0.00, 0.00, 1, 1,  7,  39.7301302, -83.7061949,   563.0, 2025, 11, 23, 18, 17, 57,      120,      264,  72,  63,   1.7,   1.0,   1.3,  0,  0, 30, 28,  0,  0, 21, 30, 27,  0,  0,  0,  0,  0,  0, 26,  0,  0,  0,  0,  0,  0,  0,  0,  0, 26,  0, 34,  0,  0, 32,  0
6, 11026, 11,KE8EXM,    17.16, 6,  drogue,  -11.77,  93930.00,  634.61,  379.62,  -18.80, 22.1, 0.61, 4.09, 4.09,  -0.63,  -3.24,   8.51, -73.57,   0.54,  37.73,  -0.92,   0.32,   0.55, 102.19, 4.10, 0.00, 0.00, 0.00, 0.00, 1, 1,  7,  39.7301302, -83.7061949,   563.0, 2025, 11, 23, 18, 17, 57,      120,      264,  72,  63,   1.7,   1.0,   1.3,  0,  0, 30, 28,  0,  0, 21, 30, 27,  0,  0,  0,  0,  0,  0, 26,  0,  0,  0,  0,  0,  0,  0,  0,  0, 26,  0, 34,  0,  0, 32,  0
6, 11026, 11,KE8EXM,    17.16, 6,  drogue,  -11.77,  93930.00,  634.61,  379.62,  -18.80, 22.1, 0.61, 4.09, 4.09,  -0.63,  -3.24,   8.51, -73.57,   0.54,  37.73,  -0.92,   0.32,   0.55, 102.19, 4.10, 0.00, 0.00, 0.00, 0.00, 1, 1,  7,  39.7301302, -83.7061949,   563.0, 2025, 11, 23, 18, 17, 57,      120,      264,  72,  63,   1.7,   1.0,   1.3,  0,  0, 30, 28,  0,  0, 21, 30, 27,  0,  0,  0,  0,  0,  0, 26,  0,  0,  0,  0,  0,  0,  0,  0,  0, 26,  0, 34,  0,  0, 32,  0
6, 11026, 11,KE8EXM,    17.20, 6,  drogue,   -9.32,  93959.00,  632.04,  377.05,  -18.58, 22.0, 0.61, 4.09, 4.09,  -0.18,  -2.75,   7.67,  -9.17,  19.71,  54.33,  -0.88,   0.33,   0.57,  97.74, 4.10, 0.00, 0.00, 0.00, 0.00, 1, 1,  7,  39.7299988, -83.7061679,   568.0, 2025, 11, 23, 18, 17, 58,      119,      268,  79,  64,   1.7,   1.0,   1.3,  0,  0, 37, 28,  0,  0, 25, 23, 29,  0,  0,  0,  0,  0,  0, 30,  0,  0,  0,  0,  0,  0,  0,  0,  0, 31, 26, 36,  0,  0, 36,  0
6, 11026, 11,KE8EXM,    17.30, 6,  drogue,  -10.30,  93991.00,  629.21,  374.22,  -18.38, 22.0, 0.66, 4.09, 4.08,   0.42,  -3.61,   7.62,  14.81,  24.41,  59.52,  -0.84,   0.36,   0.58,  92.66, 4.11, 0.00, 0.00, 0.00, 0.00, 1, 1,  7,  39.7299988, -83.7061679,   568.0, 2025, 11, 23, 18, 17, 58,      119,      268,  79,  64,   1.7,   1.0,   1.3,  0,  0, 37, 28,  0,  0, 25, 23, 29,  0,  0,  0,  0,  0,  0, 30,  0,  0,  0,  0,  0,  0,  0,  0,  0, 31, 26, 36,  0,  0, 36,  0
6, 11026, 11,KE8EXM,    17.30, 6,  drogue,  -10.30,  93991.00,  629.21,  374.22,  -18.38, 22.0, 0.66, 4.09, 4.08,   0.42,  -3.61,   7.62,  14.81,  24.41,  59.52,  -0.84,   0.36,   0.58,  92.66, 4.11, 0.00, 0.00, 0.00, 0.00, 1, 1,  7,  39.7299988, -83.7061679,   568.0, 2025, 11, 23, 18, 17, 58,      119,      268,  79,  64,   1.7,   1.0,   1.3,  0,  0, 37, 28,  0,  0, 25, 23, 29,  0,  0,  0,  0,  0,  0, 30,  0,  0,  0,  0,  0,  0,  0,  0,  0, 31, 26, 36,  0,  0, 36,  0
6, 11026, 11,KE8EXM,    17.40, 6,  drogue,   -8.34,  94029.00,  625.85,  370.86,  -18.21, 22.0, 0.66, 4.09, 4.08,   0.42,  -4.78,   9.90,  13.59,  18.18,  63.79,  -0.79,   0.38,   0.58,  87.79, 4.11, 0.00, 0.00, 0.00, 0.00, 1, 1,  7,  39.7299988, -83.7061679,   568.0, 2025, 11, 23, 18, 17, 58,      119,      268,  79,  64,   1.7,   1.0,   1.3,  0,  0, 37, 28,  0,  0, 25, 23, 29,  0,  0,  0,  0,  0,  0, 30,  0,  0,  0,  0,  0,  0,  0,  0,  0, 31, 26, 36,  0,  0, 36,  0
6, 11026, 11,KE8EXM,    17.50, 6,  drogue,   -9.32,  94033.00,  625.50,  370.50,  -18.06, 21.9, 0.66, 4.09, 4.08,   0.73,  -5.61,   8.64,   0.84,   7.75,  67.08,  -0.75,   0.40,   0.57,  83.53, 4.11, 0.00, 0.00, 0.00, 0.00, 1, 1,  7,  39.7299988, -83.7061679,   568.0, 2025, 11, 23, 18, 17, 58,      119,      268,  79,  64,   1.7,   1.0,   1.3,  0,  0, 37, 28,  0,  0, 25, 23, 29,  0,  0,  0,  0,  0,  0, 30,  0,  0,  0,  0,  0,  0,  0,  0,  0, 31, 26, 36,  0,  0, 36,  0
6, 11026, 11,KE8EXM,    17.60, 6,  drogue,   -9.32,  94068.00,  622.40,  367.41,  -17.91, 21.9, 0.66, 4.09, 4.08,   0.65,  -4.94,   8.64, -22.97,  -0.74,  59.21,  -0.71,   0.40,   0.59,  80.45, 4.11, 0.00, 0.00, 0.00, 0.00, 1, 1,  7,  39.7299988, -83.7061679,   568.0, 2025, 11, 23, 18, 17, 58,      119,      268,  79,  64,   1.7,   1.0,   1.3,  0,  0, 37, 28,  0,  0, 25, 23, 29,  0,  0,  0,  0,  0,  0, 30,  0,  0,  0,  0,  0,  0,  0,  0,  0, 31, 26, 36,  0,  0, 36,  0
6, 11026, 11,KE8EXM,    17.62, 6,  drogue,   -9.32,  94068.00,  622.40,  367.41,  -17.91, 21.9, 0.69, 4.09, 4.09,   0.65,  -4.94,   8.64, -22.97,  -0.74,  59.21,  -0.71,   0.40,   0.59,  80.45, 4.09, 0.00, 0.00, 0.00, 0.00, 1, 1,  7,  39.7299988, -83.7061679,   568.0, 2025, 11, 23, 18, 17, 58,      119,      268,  79,  64,   1.7,   1.0,   1.3,  0,  0, 37, 28,  0,  0, 25, 23, 29,  0,  0,  0,  0,  0,  0, 30,  0,  0,  0,  0,  0,  0,  0,  0,  0, 31, 26, 36,  0,  0, 36,  0
6, 11026, 11,KE8EXM,    17.70, 6,  drogue,   -9.32,  94081.00,  621.25,  366.26,  -17.78, 21.9, 0.69, 4.09, 4.09,   0.60,  -5.41,   8.99, -10.94,  -4.46,  51.52,  -0.68,   0.39,   0.60,  78.34, 4.09, 0.00, 0.00, 0.00, 0.00, 1, 1,  7,  39.7299988, -83.7061679,   568.0, 2025, 11, 23, 18, 17, 58,      119,      268,  79,  64,   1.7,   1.0,   1.3,  0,  0, 37, 28,  0,  0, 25, 23, 29,  0,  0,  0,  0,  0,  0, 30,  0,  0,  0,  0,  0,  0,  0,  0,  0, 31, 26, 36,  0,  0, 36,  0
6, 11026, 11,KE8EXM,    17.80, 6,  drogue,   -9.81,  94113.00,  618.42,  363.43,  -17.65, 21.8, 0.69, 4.09, 4.09,   0.82,  -3.78,  10.34,   3.40, -17.83,  50.91,  -0.65,   0.39,   0.60,  77.63, 4.09, 0.00, 0.00, 0.00, 0.00, 1, 1,  7,  39.7299988, -83.7061679,   568.0, 2025, 11, 23, 18, 17, 58,      119,      268,  79,  64,   1.7,   1.0,   1.3,  0,  0, 37, 28,  0,  0, 25, 23, 29,  0,  0,  0,  0,  0,  0, 30,  0,  0,  0,  0,  0,  0,  0,  0,  0, 31, 26, 36,  0,  0, 36,  0
6, 11026, 11,KE8EXM,    17.90, 6,  drogue,  -10.30,  94122.00,  617.63,  362.64,  -17.60, 21.8, 0.69, 4.09, 4.09,   0.83,  -5.93,  10.30,  38.19, -48.41,  39.37,  -0.65,   0.41,   0.59,  80.24, 4.09, 0.00, 0.00, 0.00, 0.00, 1, 1,  7,  39.7299988, -83.7061679,   568.0, 2025, 11, 23, 18, 17, 58,      119,      268,  79,  64,   1.7,   1.0,   1.3,  0,  0, 37, 28,  0,  0, 25, 23, 29,  0,  0,  0,  0,  0,  0, 30,  0,  0,  0,  0,  0,  0,  0,  0,  0, 31, 26, 36,  0,  0, 36,  0
6, 11026, 11,KE8EXM,    17.94, 6,  drogue,  -10.30,  94122.00,  617.63,  362.64,  -17.60, 21.8, 0.73, 4.08, 4.09,   0.83,  -5.93,  10.30,  38.19, -48.41,  39.37,  -0.65,   0.41,   0.59,  80.24, 4.10, 0.00, 0.00, 0.00, 0.00, 1, 1,  7,  39.7299988, -83.7061679,   568.0, 2025, 11, 23, 18, 17, 58,      119,      268,  79,  64,   1.7,   1.0,   1.3,  0,  0, 37, 28,  0,  0, 25, 23, 29,  0,  0,  0,  0,  0,  0, 30,  0,  0,  0,  0,  0,  0,  0,  0,  0, 31, 26, 36,  0,  0, 36,  0
6, 11026, 11,KE8EXM,    18.00, 6,  drogue,   -8.83,  94111.00,  618.60,  363.61,  -17.65, 21.8, 0.73, 4.08, 4.09,   1.21,  -6.06,  10.01, 104.17, -83.75,  28.14,  -0.66,   0.45,   0.52,  86.18, 4.10, 0.00, 0.00, 0.00, 0.00, 1, 1,  7,  39.7299988, -83.7061679,   568.0, 2025, 11, 23, 18, 17, 58,      119,      268,  79,  64,   1.7,   1.0,   1.3,  0,  0, 37, 28,  0,  0, 25, 23, 29,  0,  0,  0,  0,  0,  0, 30,  0,  0,  0,  0,  0,  0,  0,  0,  0, 31, 26, 36,  0,  0, 36,  0
6, 11026, 11,KE8EXM,    18.10, 6,  drogue,   -9.32,  94109.00,  618.78,  363.79,  -17.77, 21.8, 0.73, 4.08, 4.09,   1.72,  -7.82,   9.00,  55.71,-108.89,  13.44,  -0.69,   0.49,   0.45,  93.74, 4.10, 0.00, 0.00, 0.00, 0.00, 1, 1,  7,  39.7299988, -83.7061679,   568.0, 2025, 11, 23, 18, 17, 58,      119,      268,  79,  64,   1.7,   1.0,   1.3,  0,  0, 37, 28,  0,  0, 25, 23, 29,  0,  0,  0,  0,  0,  0, 30,  0,  0,  0,  0,  0,  0,  0,  0,  0, 31, 26, 36,  0,  0, 36,  0
6, 11026, 11,KE8EXM,    18.16, 6,  drogue,   -9.32,  94109.00,  618.78,  363.79,  -17.77, 21.8, 0.73, 4.08, 4.09,   1.72,  -7.82,   9.00,  55.71,-108.89,  13.44,  -0.69,   0.49,   0.45,  93.74, 4.10, 0.00, 0.00, 0.00, 0.00, 1, 1,  7,  39.7299988, -83.7061679,   568.0, 2025, 11, 23, 18, 17, 58,      119,      268,  79,  64,   1.7,   1.0,   1.3,  0,  0, 37, 28,  0,  0, 25, 23, 29,  0,  0,  0,  0,  0,  0, 30,  0,  0,  0,  0,  0,  0,  0,  0,  0, 31, 26, 36,  0,  0, 36,  0
6, 11026, 11,KE8EXM,    18.16, 6,  drogue,   -9.32,  94109.00,  618.78,  363.79,  -17.77, 21.8, 0.73, 4.08, 4.09,   1.72,  -7.82,   9.00,  55.71,-108.89,  13.44,  -0.69,   0.49,   0.45,  93.74, 4.10, 0.00, 0.00, 0.00, 0.00, 1, 1,  7,  39.7299988, -83.7061679,   568.0, 2025, 11, 23, 18, 17, 58,      119,      268,  79,  64,   1.7,   1.0,   1.3,  0,  0, 37, 28,  0,  0, 25, 23, 29,  0,  0,  0,  0,  0,  0, 30,  0,  0,  0,  0,  0,  0,  0,  0,  0, 31, 26, 36,  0,  0, 36,  0
6, 11026, 11,KE8EXM,    18.20, 6,  drogue,   -7.35,  94123.00,  617.54,  362.55,  -17.91, 21.7, 0.73, 4.08, 4.09,   1.91,  -6.49,   8.16, -36.82,-122.20,  11.85,  -0.72,   0.49,   0.45, 101.44, 4.10, 0.00, 0.00, 0.00, 0.00, 1, 1,  8,  39.7299188, -83.7061184,   559.0, 2025, 11, 23, 18, 17, 59,      121,      261,  83,  62,   1.6,   0.9,   1.3,  0,  0,  0, 27,  0,  0, 26, 26, 19,  0,  0,  0,  0,  0,  0, 28,  0,  0,  0,  0,  0,  0,  0,  0,  0, 31, 27, 22,  0,  0, 32,  0
6, 11026, 11,KE8EXM,    18.26, 6,  drogue,   -7.35,  94123.00,  617.54,  362.55,  -17.91, 21.7, 0.82, 4.08, 4.08,   1.91,  -6.49,   8.16, -36.82,-122.20,  11.85,  -0.72,   0.49,   0.45, 101.44, 4.11, 0.00, 0.00, 0.00, 0.00, 1, 1,  8,  39.7299188, -83.7061184,   559.0, 2025, 11, 23, 18, 17, 59,      121,      261,  83,  62,   1.6,   0.9,   1.3,  0,  0,  0, 27,  0,  0, 26, 26, 19,  0,  0,  0,  0,  0,  0, 28,  0,  0,  0,  0,  0,  0,  0,  0,  0, 31, 27, 22,  0,  0, 32,  0
6, 11026, 11,KE8EXM,    18.30, 6,  drogue,   -9.32,  94171.00,  613.30,  358.31,  -18.09, 21.7, 0.82, 4.08, 4.08,   1.57,  -6.77,   7.75, -81.26,-118.17,  23.26,  -0.75,   0.47,   0.48, 108.30, 4.11, 0.00, 0.00, 0.00, 0.00, 1, 1,  8,  39.7299188, -83.7061184,   559.0, 2025, 11, 23, 18, 17, 59,      121,      261,  83,  62,   1.6,   0.9,   1.3,  0,  0,  0, 27,  0,  0, 26, 26, 19,  0,  0,  0,  0,  0,  0, 28,  0,  0,  0,  0,  0,  0,  0,  0,  0, 31, 27, 22,  0,  0, 32,  0
6, 11026, 11,KE8EXM,    18.40, 6,  drogue,   -8.34,  94223.00,  608.71,  353.72,  -18.32, 21.7, 0.82, 4.08, 4.08,   1.02,  -3.43,   5.14,-135.94, -92.17,  50.30,  -0.77,   0.42,   0.54, 112.21, 4.11, 0.00, 0.00, 0.00, 0.00, 1, 1,  8,  39.7299188, -83.7061184,   559.0, 2025, 11, 23, 18, 17, 59,      121,      261,  83,  62,   1.6,   0.9,   1.3,  0,  0,  0, 27,  0,  0, 26, 26, 19,  0,  0,  0,  0,  0,  0, 28,  0,  0,  0,  0,  0,  0,  0,  0,  0, 31, 27, 22,  0,  0, 32,  0
6, 11026, 11,KE8EXM,    18.50, 6,  drogue,  -11.28,  94240.00,  607.21,  352.22,  -18.59, 21.7, 0.82, 4.08, 4.08,   0.16,  -3.54,  10.09,-113.85, -49.99,  78.19,  -0.77,   0.36,   0.61, 112.62, 4.11, 0.00, 0.00, 0.00, 0.00, 1, 1,  8,  39.7299188, -83.7061184,   559.0, 2025, 11, 23, 18, 17, 59,      121,      261,  83,  62,   1.6,   0.9,   1.3,  0,  0,  0, 27,  0,  0, 26, 26, 19,  0,  0,  0,  0,  0,  0, 28,  0,  0,  0,  0,  0,  0,  0,  0,  0, 31, 27, 22,  0,  0, 32,  0
6, 11026, 11,KE8EXM,    18.58, 6,  drogue,  -11.28,  94240.00,  607.21,  352.22,  -18.59, 21.7, 0.89, 4.08, 4.09,   0.16,  -3.54,  10.09,-113.85, -49.99,  78.19,  -0.77,   0.36,   0.61, 112.62, 4.09, 0.00, 0.00, 0.00, 0.00, 1, 1,  8,  39.7299188, -83.7061184,   559.0, 2025, 11, 23, 18, 17, 59,      121,      261,  83,  62,   1.6,   0.9,   1.3,  0,  0,  0, 27,  0,  0, 26, 26, 19,  0,  0,  0,  0,  0,  0, 28,  0,  0,  0,  0,  0,  0,  0,  0,  0, 31, 27, 22,  0,  0, 32,  0
6, 11026, 11,KE8EXM,    18.60, 6,  drogue,  -11.28,  94246.00,  606.68,  351.69,  -18.92, 21.7, 0.89, 4.08, 4.09,  -0.27,  -4.67,   9.23,  84.82, -48.65,  58.66,  -0.76,   0.37,   0.60, 114.87, 4.09, 0.00, 0.00, 0.00, 0.00, 1, 1,  8,  39.7299188, -83.7061184,   559.0, 2025, 11, 23, 18, 17, 59,      121,      261,  83,  62,   1.6,   0.9,   1.3,  0,  0,  0, 27,  0,  0, 26, 26, 19,  0,  0,  0,  0,  0,  0, 28,  0,  0,  0,  0,  0,  0,  0,  0,  0, 31, 27, 22,  0,  0, 32,  0
6, 11026, 11,KE8EXM,    18.70, 6,  drogue,  -11.28,  94229.00,  608.18,  353.19,  -19.27, 21.7, 0.89, 4.08, 4.09,  -0.41,  -7.93,   6.37,  70.84, -48.10,  29.30,  -0.76,   0.44,   0.52, 117.22, 4.09, 0.00, 0.00, 0.00, 0.00, 1, 1,  8,  39.7299188, -83.7061184,   559.0, 2025, 11, 23, 18, 17, 59,      121,      261,  83,  62,   1.6,   0.9,   1.3,  0,  0,  0, 27,  0,  0, 26, 26, 19,  0,  0,  0,  0,  0,  0, 28,  0,  0,  0,  0,  0,  0,  0,  0,  0, 31, 27, 22,  0,  0, 32,  0
6, 11026, 11,KE8EXM,    18.80, 6,  drogue,   -9.81,  94246.00,  606.68,  351.69,  -19.60, 21.7, 0.89, 4.08, 4.09,  -0.98,  -7.50,   5.73, -25.04, -24.60,  22.04,  -0.76,   0.45,   0.51, 117.50, 4.09, 0.00, 0.00, 0.00, 0.00, 1, 1,  8,  39.7299188, -83.7061184,   559.0, 2025, 11, 23, 18, 17, 59,      121,      261,  83,  62,   1.6,   0.9,   1.3,  0,  0,  0, 27,  0,  0, 26, 26, 19,  0,  0,  0,  0,  0,  0, 28,  0,  0,  0,  0,  0,  0,  0,  0,  0, 31, 27, 22,  0,  0, 32,  0
6, 11026, 11,KE8EXM,    18.90, 6,  drogue,  -12.75,  94267.00,  604.82,  349.83,  -19.90, 21.7, 0.96, 4.08, 4.09,  -0.88,  -5.95,   7.11, -44.82, -16.91,  21.25,  -0.75,   0.43,   0.54, 117.31, 4.09, 0.00, 0.00, 0.00, 0.00, 1, 1,  8,  39.7299188, -83.7061184,   559.0, 2025, 11, 23, 18, 17, 59,      121,      261,  83,  62,   1.6,   0.9,   1.3,  0,  0,  0, 27,  0,  0, 26, 26, 19,  0,  0,  0,  0,  0,  0, 28,  0,  0,  0,  0,  0,  0,  0,  0,  0, 31, 27, 22,  0,  0, 32,  0
6, 11026, 11,KE8EXM,    18.90, 6,  drogue,  -12.75,  94267.00,  604.82,  349.83,  -19.90, 21.7, 0.96, 4.08, 4.09,  -0.88,  -5.95,   7.11, -44.82, -16.91,  21.25,  -0.75,   0.43,   0.54, 117.31, 4.09, 0.00, 0.00, 0.00, 0.00, 1, 1,  8,  39.7299188, -83.7061184,   559.0, 2025, 11, 23, 18, 17, 59,      121,      261,  83,  62,   1.6,   0.9,   1.3,  0,  0,  0, 27,  0,  0, 26, 26, 19,  0,  0,  0,  0,  0,  0, 28,  0,  0,  0,  0,  0,  0,  0,  0,  0, 31, 27, 22,  0,  0, 32,  0
6, 11026, 11,KE8EXM,    19.00, 6,  drogue,  -11.28,  94297.00,  602.18,  347.19,  -20.19, 21.6, 0.96, 4.08, 4.09,  -1.05,  -5.18,   5.46, -30.23,  -4.95,  12.09,  -0.75,   0.42,   0.56, 116.94, 4.09, 0.00, 0.00, 0.00, 0.00, 1, 1,  8,  39.7299188, -83.7061184,   559.0, 2025, 11, 23, 18, 17, 59,      121,      261,  83,  62,   1.6,   0.9,   1.3,  0,  0,  0, 27,  0,  0, 26, 26, 19,  0,  0,  0,  0,  0,  0, 28,  0,  0,  0,  0,  0,  0,  0,  0,  0, 31, 27, 22,  0,  0, 32,  0
6, 11026, 11,KE8EXM,    19.10, 6,  drogue,  -12.75,  94318.00,  600.32,  345.33,  -20.48, 21.6, 0.96, 4.08, 4.09,  -1.31,  -6.84,   5.98, -26.02,  19.65,   8.12,  -0.73,   0.40,   0.58, 114.87, 4.09, 0.00, 0.00, 0.00, 0.00, 1, 1,  8,  39.7299188, -83.7061184,   559.0, 2025, 11, 23, 18, 17, 59,      121,      261,  83,  62,   1.6,   0.9,   1.3,  0,  0,  0, 27,  0,  0, 26, 26, 19,  0,  0,  0,  0,  0,  0, 28,  0,  0,  0,  0,  0,  0,  0,  0,  0, 31, 27, 22,  0,  0, 32,  0
6, 11026, 11,KE8EXM,    19.16, 6,  drogue,  -12.75,  94318.00,  600.32,  345.33,  -20.48, 21.6, 0.96, 4.08, 4.09,  -1.31,  -6.84,   5.98, -26.02,  19.65,   8.12,  -0.73,   0.40,   0.58, 114.87, 4.09, 0.00, 0.00, 0.00, 0.00, 1, 1,  8,  39.7299188, -83.7061184,   559.0, 2025, 11, 23, 18, 17, 59,      121,      261,  83,  62,   1.6,   0.9,   1.3,  0,  0,  0, 27,  0,  0, 26, 26, 19,  0,  0,  0,  0,  0,  0, 28,  0,  0,  0,  0,  0,  0,  0,  0,  0, 31, 27, 22,  0,  0, 32,  0
6, 11026, 11,KE8EXM,    19.16, 6,  drogue,  -12.75,  94318.00,  600.32,  345.33,  -20.48, 21.6, 0.96, 4.08, 4.09,  -1.31,  -6.84,   5.98, -26.02,  19.65,   8.12,  -0.73,   0.40,   0.58, 114.87, 4.09, 0.00, 0.00, 0.00, 0.00, 1, 1,  8,  39.7299188, -83.7061184,   559.0, 2025, 11, 23, 18, 17, 59,      121,      261,  83,  62,   1.6,   0.9,   1.3,  0,  0,  0, 27,  0,  0, 26, 26, 19,  0,  0,  0,  0,  0,  0, 28,  0,  0,  0,  0,  0,  0,  0,  0,  0, 31, 27, 22,  0,  0, 32,  0
6, 11026, 11,KE8EXM,    19.20, 6,  drogue,  -12.26,  94349.00,  597.59,  342.60,  -20.74, 21.6, 0.96, 4.08, 4.09,  -1.80,  -9.42,   9.81, -31.70,  19.65, -13.66,  -0.72,   0.39,   0.60, 113.97, 4.09, 0.00, 0.00, 0.00, 0.00, 1, 1,  7,  39.7298060, -83.7060962,   550.0, 2025, 11, 23, 18, 18,  0,      123,      254,  89,  61,   1.7,   1.1,   1.3,  0,  0, 26, 32,  0,  0, 27, 25, 37,  0,  0,  0,  0,  0,  0, 29,  0,  0,  0,  0,  0,  0,  0,  0,  0, 28, 26, 34,  0,  0, 31,  0
6, 11026, 11,KE8EXM,    19.22, 6,  drogue,  -12.26,  94349.00,  597.59,  342.60,  -20.74, 21.6, 1.03, 4.07, 4.08,  -1.80,  -9.42,   9.81, -31.70,  19.65, -13.66,  -0.72,   0.39,   0.60, 113.97, 4.09, 0.00, 0.00, 0.00, 0.00, 1, 1,  7,  39.7298060, -83.7060962,   550.0, 2025, 11, 23, 18, 18,  0,      123,      254,  89,  61,   1.7,   1.1,   1.3,  0,  0, 26, 32,  0,  0, 27, 25, 37,  0,  0,  0,  0,  0,  0, 29,  0,  0,  0,  0,  0,  0,  0,  0,  0, 28, 26, 34,  0,  0, 31,  0
6, 11026, 11,KE8EXM,    19.30, 6,  drogue,  -11.77,  94391.00,  593.89,  338.89,  -20.94, 21.6, 1.03, 4.07, 4.08,  -1.45,  -8.29,  10.30,  -9.91,  12.81, -44.43,  -0.73,   0.37,   0.61, 114.94, 4.09, 0.00, 0.00, 0.00, 0.00, 1, 1,  7,  39.7298060, -83.7060962,   550.0, 2025, 11, 23, 18, 18,  0,      123,      254,  89,  61,   1.7,   1.1,   1.3,  0,  0, 26, 32,  0,  0, 27, 25, 37,  0,  0,  0,  0,  0,  0, 29,  0,  0,  0,  0,  0,  0,  0,  0,  0, 28, 26, 34,  0,  0, 31,  0
6, 11026, 11,KE8EXM,    19.40, 6,  drogue,  -10.79,  94429.00,  590.54,  335.55,  -21.08, 21.6, 1.03, 4.07, 4.08,  -0.82,  -4.11,   8.03,  15.30,  23.19, -55.11,  -0.75,   0.36,   0.62, 115.16, 4.09, 0.00, 0.00, 0.00, 0.00, 1, 1,  7,  39.7298060, -83.7060962,   550.0, 2025, 11, 23, 18, 18,  0,      123,      254,  89,  61,   1.7,   1.1,   1.3,  0,  0, 26, 32,  0,  0, 27, 25, 37,  0,  0,  0,  0,  0,  0, 29,  0,  0,  0,  0,  0,  0,  0,  0,  0, 28, 26, 34,  0,  0, 31,  0
6, 11026, 11,KE8EXM,    19.50, 6,  drogue,  -11.77,  94442.00,  589.39,  334.40,  -21.16, 21.6, 1.03, 4.07, 4.08,  -0.32,  -2.54,   4.86,  71.88,  38.39, -44.24,  -0.76,   0.38,   0.59, 113.44, 4.09, 0.00, 0.00, 0.00, 0.00, 1, 1,  7,  39.7298060, -83.7060962,   550.0, 2025, 11, 23, 18, 18,  0,      123,      254,  89,  61,   1.7,   1.1,   1.3,  0,  0, 26, 32,  0,  0, 27, 25, 37,  0,  0,  0,  0,  0,  0, 29,  0,  0,  0,  0,  0,  0,  0,  0,  0, 28, 26, 34,  0,  0, 31,  0
6, 11026, 11,KE8EXM,    19.54, 6,  drogue,  -11.77,  94442.00,  589.39,  334.40,  -21.16, 21.6, 1.11, 4.08, 4.09,  -0.32,  -2.54,   4.86,  71.88,  38.39, -44.24,  -0.76,   0.38,   0.59, 113.44, 4.10, 0.00, 0.00, 0.00, 0.00, 1, 1,  7,  39.7298060, -83.7060962,   550.0, 2025, 11, 23, 18, 18,  0,      123,      254,  89,  61,   1.7,   1.1,   1.3,  0,  0, 26, 32,  0,  0, 27, 25, 37,  0,  0,  0,  0,  0,  0, 29,  0,  0,  0,  0,  0,  0,  0,  0,  0, 28, 26, 34,  0,  0, 31,  0
6, 11026, 11,KE8EXM,    19.60, 6,  drogue,  -10.79,  94468.00,  587.10,  332.11,  -21.16, 21.6, 1.11, 4.08, 4.09,  -1.31,  -1.92,   6.52,  57.05,  31.49, -12.14,  -0.76,   0.42,   0.55, 111.29, 4.10, 0.00, 0.00, 0.00, 0.00, 1, 1,  7,  39.7298060, -83.7060962,   550.0, 2025, 11, 23, 18, 18,  0,      123,      254,  89,  61,   1.7,   1.1,   1.3,  0,  0, 26, 32,  0,  0, 27, 25, 37,  0,  0,  0,  0,  0,  0, 29,  0,  0,  0,  0,  0,  0,  0,  0,  0, 28, 26, 34,  0,  0, 31,  0
6, 11026, 11,KE8EXM,    19.70, 6,  drogue,  -10.30,  94482.00,  585.87,  330.88,  -21.09, 21.5, 1.11, 4.08, 4.09,  -1.29,  -2.45,   9.40,  29.40,  29.29,  15.39,  -0.74,   0.44,   0.53, 108.00, 4.10, 0.00, 0.00, 0.00, 0.00, 1, 1,  7,  39.7298060, -83.7060962,   550.0, 2025, 11, 23, 18, 18,  0,      123,      254,  89,  61,   1.7,   1.1,   1.3,  0,  0, 26, 32,  0,  0, 27, 25, 37,  0,  0,  0,  0,  0,  0, 29,  0,  0,  0,  0,  0,  0,  0,  0,  0, 28, 26, 34,  0,  0, 31,  0
6, 11026, 11,KE8EXM,    19.80, 6,  drogue,  -11.77,  94481.00,  585.96,  330.96,  -20.97, 21.5, 1.11, 4.08, 4.09,  -0.64,  -7.49,   6.57,   6.76,  58.71,  11.05,  -0.71,   0.45,   0.53, 102.65, 4.10, 0.00, 0.00, 0.00, 0.00, 1, 1,  7,  39.7298060, -83.7060962,   550.0, 2025, 11, 23, 18, 18,  0,      123,      254,  89,  61,   1.7,   1.1,   1.3,  0,  0, 26, 32,  0,  0, 27, 25, 37,  0,  0,  0,  0,  0,  0, 29,  0,  0,  0,  0,  0,  0,  0,  0,  0, 28, 26, 34,  0,  0, 31,  0
6, 11026, 11,KE8EXM,    19.86, 6,  drogue,  -11.77,  94481.00,  585.96,  330.96,  -20.97, 21.5, 1.18, 4.07, 4.08,  -0.64,  -7.49,   6.57,   6.76,  58.71,  11.05,  -0.71,   0.45,   0.53, 102.65, 4.09, 0.00, 0.00, 0.00, 0.00, 1, 1,  7,  39.7298060, -83.7060962,   550.0, 2025, 11, 23, 18, 18,  0,      123,      254,  89,  61,   1.7,   1.1,   1.3,  0,  0, 26, 32,  0,  0, 27, 25, 37,  0,  0,  0,  0,  0,  0, 29,  0,  0,  0,  0,  0,  0,  0,  0,  0, 28, 26, 34,  0,  0, 31,  0
6, 11026, 11,KE8EXM,    19.90, 6,  drogue,  -10.30,  94543.00,  580.50,  325.50,  -20.79, 21.5, 1.18, 4.07, 4.08,   0.13,  -7.40,   8.31, -55.56,  89.41,   8.55,  -0.66,   0.43,   0.56,  94.97, 4.09, 0.00, 0.00, 0.00, 0.00, 1, 1,  7,  39.7298060, -83.7060962,   550.0, 2025, 11, 23, 18, 18,  0,      123,      254,  89,  61,   1.7,   1.1,   1.3,  0,  0, 26, 32,  0,  0, 27, 25, 37,  0,  0,  0,  0,  0,  0, 29,  0,  0,  0,  0,  0,  0,  0,  0,  0, 28, 26, 34,  0,  0, 31,  0
6, 11026, 11,KE8EXM,    20.00, 6,  drogue,   -9.81,  94635.00,  572.40,  317.41,  -20.56, 21.5, 1.18, 4.07, 4.08,   0.68,  -3.81,  10.30, -83.94,  98.81,   9.96,  -0.60,   0.39,   0.61,  85.97, 4.09, 0.00, 0.00, 0.00, 0.00, 1, 1,  7,  39.7298060, -83.7060962,   550.0, 2025, 11, 23, 18, 18,  0,      123,      254,  89,  61,   1.7,   1.1,   1.3,  0,  0, 26, 32,  0,  0, 27, 25, 37,  0,  0,  0,  0,  0,  0, 29,  0,  0,  0,  0,  0,  0,  0,  0,  0, 28, 26, 34,  0,  0, 31,  0
6, 11026, 11,KE8EXM,    20.10, 6,  drogue,   -9.32,  94683.00,  568.18,  313.18,  -20.28, 21.5, 1.18, 4.07, 4.08,  -0.47,  -7.30,  20.54,  45.94,  81.11, -15.68,  -0.55,   0.38,   0.60,  79.09, 4.09, 0.00, 0.00, 0.00, 0.00, 1, 1,  7,  39.7298060, -83.7060962,   550.0, 2025, 11, 23, 18, 18,  0,      123,      254,  89,  61,   1.7,   1.1,   1.3,  0,  0, 26, 32,  0,  0, 27, 25, 37,  0,  0,  0,  0,  0,  0, 29,  0,  0,  0,  0,  0,  0,  0,  0,  0, 28, 26, 34,  0,  0, 31,  0
6, 11026, 11,KE8EXM,    20.16, 6,  drogue,   -9.32,  94683.00,  568.18,  313.18,  -20.28, 21.5, 1.18, 4.07, 4.08,  -0.47,  -7.30,  20.54,  45.94,  81.11, -15.68,  -0.55,   0.38,   0.60,  79.09, 4.09, 0.00, 0.00, 0.00, 0.00, 1, 1,  7,  39.7298060, -83.7060962,   550.0, 2025, 11, 23, 18, 18,  0,      123,      254,  89,  61,   1.7,   1.1,   1.3,  0,  0, 26, 32,  0,  0, 27, 25, 37,  0,  0,  0,  0,  0,  0, 29,  0,  0,  0,  0,  0,  0,  0,  0,  0, 28, 26, 34,  0,  0, 31,  0
6, 11026, 11,KE8EXM,    20.16, 6,  drogue,   -9.32,  94683.00,  568.18,  313.18,  -20.28, 21.5, 1.18, 4.07, 4.08,  -0.47,  -7.30,  20.54,  45.94,  81.11, -15.68,  -0.55,   0.38,   0.60,  79.09, 4.09, 0.00, 0.00, 0.00, 0.00, 1, 1,  7,  39.7298060, -83.7060962,   550.0, 2025, 11, 23, 18, 18,  0,      123,      254,  89,  61,   1.7,   1.1,   1.3,  0,  0, 26, 32,  0,  0, 27, 25, 37,  0,  0,  0,  0,  0,  0, 29,  0,  0,  0,  0,  0,  0,  0,  0,  0, 28, 26, 34,  0,  0, 31,  0
6, 11026, 11,KE8EXM,    20.18, 6,  drogue,   -9.32,  94683.00,  568.18,  313.18,  -20.28, 21.5, 1.24, 4.08, 4.09,  -0.47,  -7.30,  20.54,  45.94,  81.11, -15.68,  -0.55,   0.38,   0.60,  79.09, 4.10, 0.00, 0.00, 0.00, 0.00, 1, 1,  8,  39.7296456, -83.7061057,   541.0, 2025, 11, 23, 18, 18,  1,      123,      246,  98,  60,   1.6,   0.9,   1.3,  0,  0, 27, 27,  0,  0, 26, 25, 30,  0,  0,  0,  0,  0,  0, 30,  0,  0,  0,  0,  0,  0,  0,  0,  0, 28, 24, 30,  0,  0, 31,  0
6, 11026, 11,KE8EXM,    20.20, 6,  drogue,  -10.30,  94673.00,  569.06,  314.06,  -20.00, 21.5, 1.24, 4.08, 4.09,   0.09,  -9.73,  18.26,  77.62,  53.58, -19.83,  -0.53,   0.43,   0.54,  75.30, 4.10, 0.00, 0.00, 0.00, 0.00, 1, 1,  8,  39.7296456, -83.7061057,   541.0, 2025, 11, 23, 18, 18,  1,      123,      246,  98,  60,   1.6,   0.9,   1.3,  0,  0, 27, 27,  0,  0, 26, 25, 30,  0,  0,  0,  0,  0,  0, 30,  0,  0,  0,  0,  0,  0,  0,  0,  0, 28, 24, 30,  0,  0, 31,  0
6, 11026, 11,KE8EXM,    20.30, 6,  drogue,   -9.32,  94648.00,  571.25,  316.26,  -19.72, 21.4, 1.24, 4.08, 4.09,   0.22,  -6.01,   8.74,  55.28,  21.23, -36.86,  -0.54,   0.47,   0.48,  75.83, 4.10, 0.00, 0.00, 0.00, 0.00, 1, 1,  8,  39.7296456, -83.7061057,   541.0, 2025, 11, 23, 18, 18,  1,      123,      246,  98,  60,   1.6,   0.9,   1.3,  0,  0, 27, 27,  0,  0, 26, 25, 30,  0,  0,  0,  0,  0,  0, 30,  0,  0,  0,  0,  0,  0,  0,  0,  0, 28, 24, 30,  0,  0, 31,  0
6, 11026, 11,KE8EXM,    20.40, 6,  drogue,  -10.30,  94662.00,  570.02,  315.03,  -19.45, 21.4, 1.24, 4.08, 4.09,   0.07,  -7.87,   7.67, -18.88,  13.85, -38.57,  -0.56,   0.48,   0.47,  77.49, 4.10, 0.00, 0.00, 0.00, 0.00, 1, 1,  8,  39.7296456, -83.7061057,   541.0, 2025, 11, 23, 18, 18,  1,      123,      246,  98,  60,   1.6,   0.9,   1.3,  0,  0, 27, 27,  0,  0, 26, 25, 30,  0,  0,  0,  0,  0,  0, 30,  0,  0,  0,  0,  0,  0,  0,  0,  0, 28, 24, 30,  0,  0, 31,  0
6, 11026, 11,KE8EXM,    20.50, 6,  drogue,  -11.28,  94700.00,  566.68,  311.69,  -19.21, 21.4, 1.30, 4.07, 4.08,  -0.09,  -6.19,  10.42, -27.61,  -6.29, -49.06,  -0.59,   0.47,   0.49,  81.27, 4.09, 0.00, 0.00, 0.00, 0.00, 1, 1,  8,  39.7296456, -83.7061057,   541.0, 2025, 11, 23, 18, 18,  1,      123,      246,  98,  60,   1.6,   0.9,   1.3,  0,  0, 27, 27,  0,  0, 26, 25, 30,  0,  0,  0,  0,  0,  0, 30,  0,  0,  0,  0,  0,  0,  0,  0,  0, 28, 24, 30,  0,  0, 31,  0
6, 11026, 11,KE8EXM,    20.50, 6,  drogue,  -11.28,  94700.00,  566.68,  311.69,  -19.21, 21.4, 1.30, 4.07, 4.08,  -0.09,  -6.19,  10.42, -27.61,  -6.29, -49.06,  -0.59,   0.47,   0.49,  81.27, 4.09, 0.00, 0.00, 0.00, 0.00, 1, 1,  8,  39.7296456, -83.7061057,   541.0, 2025, 11, 23, 18, 18,  1,      123,      246,  98,  60,   1.6,   0.9,   1.3,  0,  0, 27, 27,  0,  0, 26, 25, 30,  0,  0,  0,  0,  0,  0, 30,  0,  0,  0,  0,  0,  0,  0,  0,  0, 28, 24, 30,  0,  0, 31,  0
6, 11026, 11,KE8EXM,    20.60, 6,  drogue,  -12.26,  94727.00,  564.31,  309.32,  -19.02, 21.4, 1.30, 4.07, 4.08,  -0.10,  -4.77,   9.78,  28.42, -28.75, -48.94,  -0.64,   0.48,   0.49,  86.62, 4.09, 0.00, 0.00, 0.00, 0.00, 1, 1,  8,  39.7296456, -83.7061057,   541.0, 2025, 11, 23, 18, 18,  1,      123,      246,  98,  60,   1.6,   0.9,   1.3,  0,  0, 27, 27,  0,  0, 26, 25, 30,  0,  0,  0,  0,  0,  0, 30,  0,  0,  0,  0,  0,  0,  0,  0,  0, 28, 24, 30,  0,  0, 31,  0
6, 11026, 11,KE8EXM,    20.70, 6,  drogue,  -10.30,  94728.00,  564.22,  309.23,  -18.86, 21.4, 1.30, 4.07, 4.08,   0.21,  -4.85,   9.89,  82.62, -47.00, -50.90,  -0.70,   0.50,   0.43,  93.52, 4.09, 0.00, 0.00, 0.00, 0.00, 1, 1,  8,  39.7296456, -83.7061057,   541.0, 2025, 11, 23, 18, 18,  1,      123,      246,  98,  60,   1.6,   0.9,   1.3,  0,  0, 27, 27,  0,  0, 26, 25, 30,  0,  0,  0,  0,  0,  0, 30,  0,  0,  0,  0,  0,  0,  0,  0,  0, 28, 24, 30,  0,  0, 31,  0
6, 11026, 11,KE8EXM,    20.80, 6,  drogue,   -9.32,  94712.00,  565.63,  310.63,  -18.79, 21.3, 1.30, 4.07, 4.08,  -0.23,  -7.55,   7.31,  34.83, -45.72, -46.56,  -0.74,   0.51,   0.38, 100.02, 4.09, 0.00, 0.00, 0.00, 0.00, 1, 1,  8,  39.7296456, -83.7061057,   541.0, 2025, 11, 23, 18, 18,  1,      123,      246,  98,  60,   1.6,   0.9,   1.3,  0,  0, 27, 27,  0,  0, 26, 25, 30,  0,  0,  0,  0,  0,  0, 30,  0,  0,  0,  0,  0,  0,  0,  0,  0, 28, 24, 30,  0,  0, 31,  0
6, 11026, 11,KE8EXM,    20.82, 6,  drogue,   -9.32,  94712.00,  565.63,  310.63,  -18.79, 21.3, 1.38, 4.08, 4.09,  -0.23,  -7.55,   7.31,  34.83, -45.72, -46.56,  -0.74,   0.51,   0.38, 100.02, 4.10, 0.00, 0.00, 0.02, 0.00, 1, 1,  8,  39.7296456, -83.7061057,   541.0, 2025, 11, 23, 18, 18,  1,      123,      246,  98,  60,   1.6,   0.9,   1.3,  0,  0, 27, 27,  0,  0, 26, 25, 30,  0,  0,  0,  0,  0,  0, 30,  0,  0,  0,  0,  0,  0,  0,  0,  0, 28, 24, 30,  0,  0, 31,  0
6, 11026, 11,KE8EXM,    20.90, 6,  drogue,  -10.30,  94714.00,  565.45,  310.46,  -18.80, 21.3, 1.38, 4.08, 4.09,  -0.70,  -5.71,   4.59, -64.72, -37.48, -46.14,  -0.79,   0.50,   0.39, 105.95, 4.10, 0.00, 0.00, 0.02, 0.00, 1, 1,  8,  39.7296456, -83.7061057,   541.0, 2025, 11, 23, 18, 18,  1,      123,      246,  98,  60,   1.6,   0.9,   1.3,  0,  0, 27, 27,  0,  0, 26, 25, 30,  0,  0,  0,  0,  0,  0, 30,  0,  0,  0,  0,  0,  0,  0,  0,  0, 28, 24, 30,  0,  0, 31,  0
6, 11026, 11,KE8EXM,    21.00, 6,  drogue,  -10.79,  94755.00,  561.85,  306.85,  -18.88, 21.3, 1.38, 4.08, 4.09,  -0.96,  -3.32,   5.70,-122.03, -29.49, -21.48,  -0.83,   0.45,   0.46, 109.52, 4.10, 0.00, 0.00, 0.02, 0.00, 1, 1,  8,  39.7296456, -83.7061057,   541.0, 2025, 11, 23, 18, 18,  1,      123,      246,  98,  60,   1.6,   0.9,   1.3,  0,  0, 27, 27,  0,  0, 26, 25, 30,  0,  0,  0,  0,  0,  0, 30,  0,  0,  0,  0,  0,  0,  0,  0,  0, 28, 24, 30,  0,  0, 31,  0
6, 11026, 11,KE8EXM,    21.10, 6,  drogue,  -10.79,  94806.00,  557.37,  302.37,  -19.01, 21.3, 1.38, 4.08, 4.09,  -1.54,  -2.96,   7.85, -62.52, -20.03,  -2.31,  -0.84,   0.41,   0.51, 111.27, 4.10, 0.00, 0.00, 0.02, 0.00, 1, 1,  8,  39.7296456, -83.7061057,   541.0, 2025, 11, 23, 18, 18,  1,      123,      246,  98,  60,   1.6,   0.9,   1.3,  0,  0, 27, 27,  0,  0, 26, 25, 30,  0,  0,  0,  0,  0,  0, 30,  0,  0,  0,  0,  0,  0,  0,  0,  0, 28, 24, 30,  0,  0, 31,  0
6, 11026, 11,KE8EXM,    21.14, 6,  drogue,  -10.79,  94806.00,  557.37,  302.37,  -19.01, 21.3, 1.46, 4.08, 4.09,  -1.54,  -2.96,   7.85, -62.52, -20.03,  -2.31,  -0.84,   0.41,   0.51, 111.27, 4.10, 0.00, 0.00, 0.00, 0.00, 1, 1,  8,  39.7296456, -83.7061057,   541.0, 2025, 11, 23, 18, 18,  1,      123,      246,  98,  60,   1.6,   0.9,   1.3,  0,  0, 27, 27,  0,  0, 26, 25, 30,  0,  0,  0,  0,  0,  0, 30,  0,  0,  0,  0,  0,  0,  0,  0,  0, 28, 24, 30,  0,  0, 31,  0
6, 11026, 11,KE8EXM,    21.16, 6,  drogue,  -10.79,  94806.00,  557.37,  302.37,  -19.01, 21.3, 1.46, 4.08, 4.09,  -1.54,  -2.96,   7.85, -62.52, -20.03,  -2.31,  -0.84,   0.41,   0.51, 111.27, 4.10, 0.00, 0.00, 0.00, 0.00, 1, 1,  8,  39.7296456, -83.7061057,   541.0, 2025, 11, 23, 18, 18,  1,      123,      246,  98,  60,   1.6,   0.9,   1.3,  0,  0, 27, 27,  0,  0, 26, 25, 30,  0,  0,  0,  0,  0,  0, 30,  0,  0,  0,  0,  0,  0,  0,  0,  0, 28, 24, 30,  0,  0, 31,  0
6, 11026, 11,KE8EXM,    21.16, 6,  drogue,  -10.79,  94806.00,  557.37,  302.37,  -19.01, 21.3, 1.46, 4.08, 4.09,  -1.54,  -2.96,   7.85, -62.52, -20.03,  -2.31,  -0.84,   0.41,   0.51, 111.27, 4.10, 0.00, 0.00, 0.00, 0.00, 1, 1,  8,  39.7296456, -83.7061057,   541.0, 2025, 11, 23, 18, 18,  1,      123,      246,  98,  60,   1.6,   0.9,   1.3,  0,  0, 27, 27,  0,  0, 26, 25, 30,  0,  0,  0,  0,  0,  0, 30,  0,  0,  0,  0,  0,  0,  0,  0,  0, 28, 24, 30,  0,  0, 31,  0
6, 11026, 11,KE8EXM,    21.20, 6,  drogue,  -13.24,  94837.00,  554.64,  299.65,  -19.20, 21.3, 1.46, 4.08, 4.09,  -2.36,  -6.46,  10.84,   2.42, -20.03,  -8.72,  -0.85,   0.40,   0.52, 113.44, 4.10, 0.00, 0.00, 0.00, 0.00, 1, 1,  8,  39.7294572, -83.7061278,   541.0, 2025, 11, 23, 18, 18,  2,      126,      247, 107,  59,   1.6,   0.9,   1.3,  0,  0, 28, 31,  0,  0, 25, 31, 23,  0,  0,  0,  0,  0,  0, 33,  0,  0,  0,  0,  0,  0,  0,  0,  0, 22, 23, 29,  0,  0, 22,  0
6, 11026, 11,KE8EXM,    21.30, 6,  drogue,  -10.30,  94851.00,  553.41,  298.42,  -19.47, 21.3, 1.46, 4.08, 4.09,  -1.92,  -5.53,   6.03,   5.66, -17.10, -18.36,  -0.87,   0.40,   0.51, 115.84, 4.10, 0.00, 0.00, 0.00, 0.00, 1, 1,  8,  39.7294572, -83.7061278,   541.0, 2025, 11, 23, 18, 18,  2,      126,      247, 107,  59,   1.6,   0.9,   1.3,  0,  0, 28, 31,  0,  0, 25, 31, 23,  0,  0,  0,  0,  0,  0, 33,  0,  0,  0,  0,  0,  0,  0,  0,  0, 22, 23, 29,  0,  0, 22,  0
6, 11026, 11,KE8EXM,    21.40, 6,  drogue,  -12.26,  94865.00,  552.18,  297.19,  -19.79, 21.3, 1.46, 4.08, 4.09,  -1.93,  -2.67,   7.26, -12.59,  -8.43,  -4.33,  -0.88,   0.39,   0.51, 116.79, 4.10, 0.00, 0.00, 0.00, 0.00, 1, 1,  8,  39.7294572, -83.7061278,   541.0, 2025, 11, 23, 18, 18,  2,      126,      247, 107,  59,   1.6,   0.9,   1.3,  0,  0, 28, 31,  0,  0, 25, 31, 23,  0,  0,  0,  0,  0,  0, 33,  0,  0,  0,  0,  0,  0,  0,  0,  0, 22, 23, 29,  0,  0, 22,  0
6, 11026, 11,KE8EXM,    21.46, 6,  drogue,  -12.26,  94865.00,  552.18,  297.19,  -19.79, 21.3, 1.55, 4.07, 4.09,  -1.93,  -2.67,   7.26, -12.59,  -8.43,  -4.33,  -0.88,   0.39,   0.51, 116.79, 4.10, 0.00, 0.00, 0.00, 0.00, 1, 1,  8,  39.7294572, -83.7061278,   541.0, 2025, 11, 23, 18, 18,  2,      126,      247, 107,  59,   1.6,   0.9,   1.3,  0,  0, 28, 31,  0,  0, 25, 31, 23,  0,  0,  0,  0,  0,  0, 33,  0,  0,  0,  0,  0,  0,  0,  0,  0, 22, 23, 29,  0,  0, 22,  0
6, 11026, 11,KE8EXM,    21.50, 6,  drogue,  -13.24,  94900.00,  549.11,  294.12,  -20.14, 21.2, 1.55, 4.07, 4.09,  -2.91,  -5.39,  11.28,  -1.42, -11.30,   2.27,  -0.88,   0.39,   0.51, 117.66, 4.10, 0.00, 0.00, 0.00, 0.00, 1, 1,  8,  39.7294572, -83.7061278,   541.0, 2025, 11, 23, 18, 18,  2,      126,      247, 107,  59,   1.6,   0.9,   1.3,  0,  0, 28, 31,  0,  0, 25, 31, 23,  0,  0,  0,  0,  0,  0, 33,  0,  0,  0,  0,  0,  0,  0,  0,  0, 22, 23, 29,  0,  0, 22,  0
6, 11026, 11,KE8EXM,    21.60, 6,  drogue,   -9.81,  94911.00,  548.15,  293.15,  -20.50, 21.2, 1.55, 4.07, 4.09,  -1.70,  -2.56,   6.98, -17.72, -32.72,  22.35,  -0.89,   0.39,   0.50, 119.35, 4.10, 0.00, 0.00, 0.00, 0.00, 1, 1,  8,  39.7294572, -83.7061278,   541.0, 2025, 11, 23, 18, 18,  2,      126,      247, 107,  59,   1.6,   0.9,   1.3,  0,  0, 28, 31,  0,  0, 25, 31, 23,  0,  0,  0,  0,  0,  0, 33,  0,  0,  0,  0,  0,  0,  0,  0,  0, 22, 23, 29,  0,  0, 22,  0
6, 11026, 11,KE8EXM,    21.70, 6,  drogue,  -11.77,  94927.00,  546.74,  291.75,  -20.85, 21.2, 1.55, 4.07, 4.09,  -2.85,  -3.94,  10.63, -71.31, -35.59,  32.48,  -0.89,   0.38,   0.52, 120.72, 4.10, 0.00, 0.00, 0.00, 0.00, 1, 1,  8,  39.7294572, -83.7061278,   541.0, 2025, 11, 23, 18, 18,  2,      126,      247, 107,  59,   1.6,   0.9,   1.3,  0,  0, 28, 31,  0,  0, 25, 31, 23,  0,  0,  0,  0,  0,  0, 33,  0,  0,  0,  0,  0,  0,  0,  0,  0, 22, 23, 29,  0,  0, 22,  0
6, 11026, 11,KE8EXM,    21.78, 6,  drogue,  -11.77,  94927.00,  546.74,  291.75,  -20.85, 21.2, 1.61, 4.07, 4.09,  -2.85,  -3.94,  10.63, -71.31, -35.59,  32.48,  -0.89,   0.38,   0.52, 120.72, 4.10, 0.00, 0.00, 0.00, 0.00, 1, 1,  8,  39.7294572, -83.7061278,   541.0, 2025, 11, 23, 18, 18,  2,      126,      247, 107,  59,   1.6,   0.9,   1.3,  0,  0, 28, 31,  0,  0, 25, 31, 23,  0,  0,  0,  0,  0,  0, 33,  0,  0,  0,  0,  0,  0,  0,  0,  0, 22, 23, 29,  0,  0, 22,  0
6, 11026, 11,KE8EXM,    21.80, 6,  drogue,  -11.77,  94962.00,  543.67,  288.68,  -21.15, 21.2, 1.61, 4.07, 4.09,  -1.98,  -3.37,   8.48, -89.68, -41.14,  48.53,  -0.88,   0.35,   0.55, 122.15, 4.10, 0.00, 0.00, 0.00, 0.00, 1, 1,  8,  39.7294572, -83.7061278,   541.0, 2025, 11, 23, 18, 18,  2,      126,      247, 107,  59,   1.6,   0.9,   1.3,  0,  0, 28, 31,  0,  0, 25, 31, 23,  0,  0,  0,  0,  0,  0, 33,  0,  0,  0,  0,  0,  0,  0,  0,  0, 22, 23, 29,  0,  0, 22,  0
6, 11026, 11,KE8EXM,    21.90, 6,  drogue,  -10.30,  94973.00,  542.71,  287.71,  -21.44, 21.2, 1.61, 4.07, 4.09,  -1.26,  -1.47,   6.94, -91.57, -38.64,  60.74,  -0.88,   0.32,   0.58, 123.37, 4.10, 0.00, 0.00, 0.00, 0.00, 1, 1,  8,  39.7294572, -83.7061278,   541.0, 2025, 11, 23, 18, 18,  2,      126,      247, 107,  59,   1.6,   0.9,   1.3,  0,  0, 28, 31,  0,  0, 25, 31, 23,  0,  0,  0,  0,  0,  0, 33,  0,  0,  0,  0,  0,  0,  0,  0,  0, 22, 23, 29,  0,  0, 22,  0
6, 11026, 11,KE8EXM,    22.00, 6,  drogue,  -13.24,  95004.00,  539.99,  284.99,  -21.71, 21.2, 1.61, 4.07, 4.09,  -2.87,  -0.70,  10.69, -75.64, -49.44,  80.15,  -0.87,   0.30,   0.61, 125.39, 4.10, 0.00, 0.00, 0.00, 0.00, 1, 1,  8,  39.7294572, -83.7061278,   541.0, 2025, 11, 23, 18, 18,  2,      126,      247, 107,  59,   1.6,   0.9,   1.3,  0,  0, 28, 31,  0,  0, 25, 31, 23,  0,  0,  0,  0,  0,  0, 33,  0,  0,  0,  0,  0,  0,  0,  0,  0, 22, 23, 29,  0,  0, 22,  0
6, 11026, 11,KE8EXM,    22.10, 6,  drogue,  -11.28,  95014.00,  539.11,  284.12,  -21.91, 21.2, 1.68, 4.09, 4.10,  -1.04,  -0.42,   5.47,-116.60, -53.53,  96.87,  -0.86,   0.27,   0.63, 127.24, 4.10, 0.00, 0.00, 0.00, 0.00, 1, 1,  8,  39.7294572, -83.7061278,   541.0, 2025, 11, 23, 18, 18,  2,      126,      247, 107,  59,   1.6,   0.9,   1.3,  0,  0, 28, 31,  0,  0, 25, 31, 23,  0,  0,  0,  0,  0,  0, 33,  0,  0,  0,  0,  0,  0,  0,  0,  0, 22, 23, 29,  0,  0, 22,  0
6, 11026, 11,KE8EXM,    22.10, 6,  drogue,  -11.28,  95014.00,  539.11,  284.12,  -21.91, 21.2, 1.68, 4.09, 4.10,  -1.04,  -0.42,   5.47,-116.60, -53.53,  96.87,  -0.86,   0.27,   0.63, 127.24, 4.10, 0.00, 0.00, 0.00, 0.00, 1, 1,  8,  39.7294572, -83.7061278,   541.0, 2025, 11, 23, 18, 18,  2,      126,      247, 107,  59,   1.6,   0.9,   1.3,  0,  0, 28, 31,  0,  0, 25, 31, 23,  0,  0,  0,  0,  0,  0, 33,  0,  0,  0,  0,  0,  0,  0,  0,  0, 22, 23, 29,  0,  0, 22,  0
6, 11026, 11,KE8EXM,    22.16, 6,  drogue,  -11.28,  95014.00,  539.11,  284.12,  -21.91, 21.2, 1.68, 4.09, 4.10,  -1.04,  -0.42,   5.47,-116.60, -53.53,  96.87,  -0.86,   0.27,   0.63, 127.24, 4.10, 0.00, 0.00, 0.00, 0.00, 1, 1,  8,  39.7294572, -83.7061278,   541.0, 2025, 11, 23, 18, 18,  2,      126,      247, 107,  59,   1.6,   0.9,   1.3,  0,  0, 28, 31,  0,  0, 25, 31, 23,  0,  0,  0,  0,  0,  0, 33,  0,  0,  0,  0,  0,  0,  0,  0,  0, 22, 23, 29,  0,  0, 22,  0
6, 11026, 11,KE8EXM,    22.16, 6,  drogue,  -11.28,  95014.00,  539.11,  284.12,  -21.91, 21.2, 1.68, 4.09, 4.10,  -1.04,  -0.42,   5.47,-116.60, -53.53,  96.87,  -0.86,   0.27,   0.63, 127.24, 4.10, 0.00, 0.00, 0.00, 0.00, 1, 1,  8,  39.7294572, -83.7061278,   541.0, 2025, 11, 23, 18, 18,  2,      126,      247, 107,  59,   1.6,   0.9,   1.3,  0,  0, 28, 31,  0,  0, 25, 31, 23,  0,  0,  0,  0,  0,  0, 33,  0,  0,  0,  0,  0,  0,  0,  0,  0, 22, 23, 29,  0,  0, 22,  0
6, 11026, 11,KE8EXM,    22.20, 6,  drogue,  -11.28,  95037.00,  537.09,  282.10,  -21.99, 21.2, 1.68, 4.09, 4.10,  -1.06,  -0.80,   6.95,-143.63, -41.51, 122.08,  -0.85,   0.22,   0.66, 127.61, 4.10, 0.00, 0.00, 0.00, 0.00, 1, 1,  8,  39.7293931, -83.7061205,   524.0, 2025, 11, 23, 18, 18,  3,      128,      234, 110,  57,   1.9,   1.0,   1.6,  0,  0, 27, 32,  0,  0, 23, 28, 38,  0,  0,  0,  0,  0,  0, 21,  0,  0,  0,  0,  0,  0,  0,  0,  0, 19, 35, 31,  0,  0, 30,  0
6, 11026, 11,KE8EXM,    22.30, 6,  drogue,   -9.81,  95051.00,  535.87,  280.87,  -21.98, 21.2, 1.68, 4.09, 4.10,  -0.73,  -0.06,   7.95,-161.46, -26.13, 144.17,  -0.84,   0.15,   0.70, 126.73, 4.10, 0.00, 0.00, 0.00, 0.00, 1, 1,  8,  39.7293931, -83.7061205,   524.0, 2025, 11, 23, 18, 18,  3,      128,      234, 110,  57,   1.9,   1.0,   1.6,  0,  0, 27, 32,  0,  0, 23, 28, 38,  0,  0,  0,  0,  0,  0, 21,  0,  0,  0,  0,  0,  0,  0,  0,  0, 19, 35, 31,  0,  0, 30,  0
6, 11026, 11,KE8EXM,    22.40, 6,  drogue,  -10.79,  95076.00,  533.67,  278.68,  -21.88, 21.2, 1.68, 4.09, 4.10,  -0.17,  -2.08,   9.05,-188.19,  -0.07, 160.04,  -0.83,   0.06,   0.72, 124.23, 4.10, 0.00, 0.00, 0.00, 0.00, 1, 1,  8,  39.7293931, -83.7061205,   524.0, 2025, 11, 23, 18, 18,  3,      128,      234, 110,  57,   1.9,   1.0,   1.6,  0,  0, 27, 32,  0,  0, 23, 28, 38,  0,  0,  0,  0,  0,  0, 21,  0,  0,  0,  0,  0,  0,  0,  0,  0, 19, 35, 31,  0,  0, 30,  0
6, 11026, 11,KE8EXM,    22.42, 6,  drogue,  -10.79,  95076.00,  533.67,  278.68,  -21.88, 21.2, 1.74, 4.08, 4.08,  -0.17,  -2.08,   9.05,-188.19,  -0.07, 160.04,  -0.83,   0.06,   0.72, 124.23, 4.09, 0.00, 0.00, 0.00, 0.00, 1, 1,  8,  39.7293931, -83.7061205,   524.0, 2025, 11, 23, 18, 18,  3,      128,      234, 110,  57,   1.9,   1.0,   1.6,  0,  0, 27, 32,  0,  0, 23, 28, 38,  0,  0,  0,  0,  0,  0, 21,  0,  0,  0,  0,  0,  0,  0,  0,  0, 19, 35, 31,  0,  0, 30,  0
6, 11026, 11,KE8EXM,    22.50, 6,  drogue,   -8.34,  95127.00,  529.21,  274.21,  -21.71, 21.2, 1.74, 4.08, 4.08,   2.37,  -0.41,   8.95,-232.01,  53.34, 166.69,  -0.82,  -0.06,   0.72, 118.73, 4.09, 0.00, 0.00, 0.00, 0.00, 1, 1,  8,  39.7293931, -83.7061205,   524.0, 2025, 11, 23, 18, 18,  3,      128,      234, 110,  57,   1.9,   1.0,   1.6,  0,  0, 27, 32,  0,  0, 23, 28, 38,  0,  0,  0,  0,  0,  0, 21,  0,  0,  0,  0,  0,  0,  0,  0,  0, 19, 35, 31,  0,  0, 30,  0
6, 11026, 11,KE8EXM,    22.60, 6,  drogue,   -7.35,  95191.00,  523.60,  268.61,  -21.44, 21.2, 1.74, 4.08, 4.08,   1.70,   0.10,  20.40,-148.94,  77.20, 171.58,  -0.81,  -0.17,   0.69, 115.32, 4.09, 0.00, 0.00, 0.00, 0.00, 1, 1,  8,  39.7293931, -83.7061205,   524.0, 2025, 11, 23, 18, 18,  3,      128,      234, 110,  57,   1.9,   1.0,   1.6,  0,  0, 27, 32,  0,  0, 23, 28, 38,  0,  0,  0,  0,  0,  0, 21,  0,  0,  0,  0,  0,  0,  0,  0,  0, 19, 35, 31,  0,  0, 30,  0
6, 11026, 11,KE8EXM,    22.70, 6,  drogue,   -5.39,  95229.00,  520.27,  265.28,  -21.10, 21.2, 1.74, 4.08, 4.08,   3.90,  -1.70,  17.31, -67.71, 102.35, 167.49,  -0.81,  -0.20,   0.68, 111.78, 4.09, 0.00, 0.00, 0.00, 0.00, 1, 1,  8,  39.7293931, -83.7061205,   524.0, 2025, 11, 23, 18, 18,  3,      128,      234, 110,  57,   1.9,   1.0,   1.6,  0,  0, 27, 32,  0,  0, 23, 28, 38,  0,  0,  0,  0,  0,  0, 21,  0,  0,  0,  0,  0,  0,  0,  0,  0, 19, 35, 31,  0,  0, 30,  0
6, 11026, 11,KE8EXM,    22.74, 6,  drogue,   -5.39,  95229.00,  520.27,  265.28,  -21.10, 21.2, 1.81, 4.09, 4.10,   3.90,  -1.70,  17.31, -67.71, 102.35, 167.49,  -0.81,  -0.20,   0.68, 111.78, 4.11, 0.00, 0.00, 0.00, 0.00, 1, 1,  8,  39.7293931, -83.7061205,   524.0, 2025, 11, 23, 18, 18,  3,      128,      234, 110,  57,   1.9,   1.0,   1.6,  0,  0, 27, 32,  0,  0, 23, 28, 38,  0,  0,  0,  0,  0,  0, 21,  0,  0,  0,  0,  0,  0,  0,  0,  0, 19, 35, 31,  0,  0, 30,  0
6, 11026, 11,KE8EXM,    22.80, 6,  drogue,   -6.86,  95270.00,  516.68,  261.69,  -20.68, 21.2, 1.81, 4.09, 4.10,   3.27,  -0.18,  13.89,  50.58,  86.05, 132.82,  -0.79,  -0.15,   0.70, 108.76, 4.11, 0.00, 0.00, 0.00, 0.00, 1, 1,  8,  39.7293931, -83.7061205,   524.0, 2025, 11, 23, 18, 18,  3,      128,      234, 110,  57,   1.9,   1.0,   1.6,  0,  0, 27, 32,  0,  0, 23, 28, 38,  0,  0,  0,  0,  0,  0, 21,  0,  0,  0,  0,  0,  0,  0,  0,  0, 19, 35, 31,  0,  0, 30,  0
6, 11026, 11,KE8EXM,    22.90, 6,  drogue,   -6.86,  95305.00,  513.62,  258.63,  -20.21, 21.2, 1.81, 4.09, 4.10,   2.87,  -3.99,  11.98, 103.25,  59.99, 127.69,  -0.76,  -0.06,   0.74, 105.71, 4.11, 0.00, 0.00, 0.00, 0.00, 1, 1,  8,  39.7293931, -83.7061205,   524.0, 2025, 11, 23, 18, 18,  3,      128,      234, 110,  57,   1.9,   1.0,   1.6,  0,  0, 27, 32,  0,  0, 23, 28, 38,  0,  0,  0,  0,  0,  0, 21,  0,  0,  0,  0,  0,  0,  0,  0,  0, 19, 35, 31,  0,  0, 30,  0
6, 11026, 11,KE8EXM,    23.00, 6,  drogue,   -6.86,  95293.00,  514.67,  259.68,  -19.70, 21.2, 1.81, 4.09, 4.10,   2.71,  -8.76,  14.23,  60.77,  20.87, 121.53,  -0.74,   0.04,   0.75, 103.43, 4.11, 0.00, 0.00, 0.00, 0.00, 1, 1,  8,  39.7293931, -83.7061205,   524.0, 2025, 11, 23, 18, 18,  3,      128,      234, 110,  57,   1.9,   1.0,   1.6,  0,  0, 27, 32,  0,  0, 23, 28, 38,  0,  0,  0,  0,  0,  0, 21,  0,  0,  0,  0,  0,  0,  0,  0,  0, 19, 35, 31,  0,  0, 30,  0
6, 11026, 11,KE8EXM,    23.06, 6,  drogue,   -6.86,  95293.00,  514.67,  259.68,  -19.70, 21.2, 1.84, 4.08, 4.09,   2.71,  -8.76,  14.23,  60.77,  20.87, 121.53,  -0.74,   0.04,   0.75, 103.43, 4.11, 0.00, 0.00, 0.00, 0.00, 1, 1,  8,  39.7293931, -83.7061205,   524.0, 2025, 11, 23, 18, 18,  3,      128,      234, 110,  57,   1.9,   1.0,   1.6,  0,  0, 27, 32,  0,  0, 23, 28, 38,  0,  0,  0,  0,  0,  0, 21,  0,  0,  0,  0,  0,  0,  0,  0,  0, 19, 35, 31,  0,  0, 30,  0
6, 11026, 11,KE8EXM,    23.10, 6,  drogue,   -8.83,  95287.00,  515.20,  260.21,  -19.20, 21.2, 1.84, 4.08, 4.09,   1.75,  -7.71,  12.31,  20.00,  -5.86,  92.90,  -0.73,   0.07,   0.75, 102.46, 4.11, 0.00, 0.00, 0.00, 0.00, 1, 1,  8,  39.7293931, -83.7061205,   524.0, 2025, 11, 23, 18, 18,  3,      128,      234, 110,  57,   1.9,   1.0,   1.6,  0,  0, 27, 32,  0,  0, 23, 28, 38,  0,  0,  0,  0,  0,  0, 21,  0,  0,  0,  0,  0,  0,  0,  0,  0, 19, 35, 31,  0,  0, 30,  0
6, 11026, 11,KE8EXM,    23.16, 6,  drogue,   -8.83,  95287.00,  515.20,  260.21,  -19.20, 21.2, 1.84, 4.08, 4.09,   1.75,  -7.71,  12.31,  20.00,  -5.86,  92.90,  -0.73,   0.07,   0.75, 102.46, 4.11, 0.00, 0.00, 0.00, 0.00, 1, 1,  8,  39.7293931, -83.7061205,   524.0, 2025, 11, 23, 18, 18,  3,      128,      234, 110,  57,   1.9,   1.0,   1.6,  0,  0, 27, 32,  0,  0, 23, 28, 38,  0,  0,  0,  0,  0,  0, 21,  0,  0,  0,  0,  0,  0,  0,  0,  0, 19, 35, 31,  0,  0, 30,  0
6, 11026, 11,KE8EXM,    23.16, 6,  drogue,   -8.83,  95287.00,  515.20,  260.21,  -19.20, 21.2, 1.84, 4.08, 4.09,   1.75,  -7.71,  12.31,  20.00,  -5.86,  92.90,  -0.73,   0.07,   0.75, 102.46, 4.11, 0.00, 0.00, 0.00, 0.00, 1, 1,  8,  39.7293931, -83.7061205,   524.0, 2025, 11, 23, 18, 18,  3,      128,      234, 110,  57,   1.9,   1.0,   1.6,  0,  0, 27, 32,  0,  0, 23, 28, 38,  0,  0,  0,  0,  0,  0, 21,  0,  0,  0,  0,  0,  0,  0,  0,  0, 19, 35, 31,  0,  0, 30,  0
6, 11026, 11,KE8EXM,    23.20, 6,  drogue,   -8.83,  95305.00,  513.62,  258.63,  -18.69, 21.2, 1.84, 4.08, 4.09,   1.30,  -8.04,  11.16,  -1.54, -31.62,  70.62,  -0.74,   0.10,   0.74, 103.86, 4.11, 0.00, 0.00, 0.00, 0.00, 1, 1,  8,  39.7291994, -83.7061537,   508.0, 2025, 11, 23, 18, 18,  4,      135,      225, 119,  53,   2.0,   0.8,   1.8,  0,  0, 27, 28,  0,  0, 31, 33, 34,  0,  0,  0,  0,  0,  0, 28,  0,  0,  0,  0,  0,  0,  0,  0,  0, 29, 25, 24,  0,  0, 26,  0
6, 11026, 11,KE8EXM,    23.30, 6,  drogue,   -8.34,  95360.00,  508.81,  253.82,  -18.20, 21.1, 1.84, 4.08, 4.09,   1.29,  -5.82,  12.24, -55.50, -46.39,  63.91,  -0.76,   0.08,   0.74, 106.61, 4.11, 0.00, 0.00, 0.00, 0.00, 1, 1,  8,  39.7291994, -83.7061537,   508.0, 2025, 11, 23, 18, 18,  4,      135,      225, 119,  53,   2.0,   0.8,   1.8,  0,  0, 27, 28,  0,  0, 31, 33, 34,  0,  0,  0,  0,  0,  0, 28,  0,  0,  0,  0,  0,  0,  0,  0,  0, 29, 25, 24,  0,  0, 26,  0
6, 11026, 11,KE8EXM,    23.38, 6,  drogue,   -8.34,  95360.00,  508.81,  253.82,  -18.20, 21.1, 1.86, 4.07, 4.08,   1.29,  -5.82,  12.24, -55.50, -46.39,  63.91,  -0.76,   0.08,   0.74, 106.61, 4.10, 0.00, 0.00, 0.00, 0.00, 1, 1,  8,  39.7291994, -83.7061537,   508.0, 2025, 11, 23, 18, 18,  4,      135,      225, 119,  53,   2.0,   0.8,   1.8,  0,  0, 27, 28,  0,  0, 31, 33, 34,  0,  0,  0,  0,  0,  0, 28,  0,  0,  0,  0,  0,  0,  0,  0,  0, 29, 25, 24,  0,  0, 26,  0
6, 11026, 11,KE8EXM,    23.40, 6,  drogue,   -9.81,  95398.00,  505.49,  250.50,  -17.73, 21.1, 1.86, 4.07, 4.08,   1.50,  -6.19,  12.47,   0.10, -62.69,  60.80,  -0.80,   0.07,   0.73, 111.40, 4.10, 0.00, 0.00, 0.00, 0.00, 1, 1,  8,  39.7291994, -83.7061537,   508.0, 2025, 11, 23, 18, 18,  4,      135,      225, 119,  53,   2.0,   0.8,   1.8,  0,  0, 27, 28,  0,  0, 31, 33, 34,  0,  0,  0,  0,  0,  0, 28,  0,  0,  0,  0,  0,  0,  0,  0,  0, 29, 25, 24,  0,  0, 26,  0
6, 11026, 11,KE8EXM,    23.50, 6,  drogue,   -8.83,  95420.00,  503.57,  248.58,  -17.34, 21.1, 1.86, 4.07, 4.08,   1.14,  -6.13,  11.30,  42.58, -81.49,  36.51,  -0.85,   0.11,   0.70, 118.28, 4.10, 0.00, 0.00, 0.00, 0.00, 1, 1,  8,  39.7291994, -83.7061537,   508.0, 2025, 11, 23, 18, 18,  4,      135,      225, 119,  53,   2.0,   0.8,   1.8,  0,  0, 27, 28,  0,  0, 31, 33, 34,  0,  0,  0,  0,  0,  0, 28,  0,  0,  0,  0,  0,  0,  0,  0,  0, 29, 25, 24,  0,  0, 26,  0
6, 11026, 11,KE8EXM,    23.60, 6,  drogue,   -9.32,  95422.00,  503.39,  248.40,  -17.01, 21.1, 1.86, 4.07, 4.08,   1.05,  -4.96,   9.58,  49.60, -87.22,  14.23,  -0.92,   0.16,   0.65, 125.78, 4.10, 0.00, 0.00, 0.00, 0.00, 1, 1,  8,  39.7291994, -83.7061537,   508.0, 2025, 11, 23, 18, 18,  4,      135,      225, 119,  53,   2.0,   0.8,   1.8,  0,  0, 27, 28,  0,  0, 31, 33, 34,  0,  0,  0,  0,  0,  0, 28,  0,  0,  0,  0,  0,  0,  0,  0,  0, 29, 25, 24,  0,  0, 26,  0
6, 11026, 11,KE8EXM,    23.70, 6,  drogue,   -9.81,  95411.00,  504.35,  249.36,  -16.76, 21.0, 1.90, 4.08, 4.09,   1.09,  -8.20,  10.58,  19.57, -90.52, -14.76,  -0.98,   0.18,   0.59, 134.33, 4.11, 0.00, 0.00, 0.00, 0.00, 1, 1,  8,  39.7291994, -83.7061537,   508.0, 2025, 11, 23, 18, 18,  4,      135,      225, 119,  53,   2.0,   0.8,   1.8,  0,  0, 27, 28,  0,  0, 31, 33, 34,  0,  0,  0,  0,  0,  0, 28,  0,  0,  0,  0,  0,  0,  0,  0,  0, 29, 25, 24,  0,  0, 26,  0
6, 11026, 11,KE8EXM,    23.70, 6,  drogue,   -9.81,  95411.00,  504.35,  249.36,  -16.76, 21.0, 1.90, 4.08, 4.09,   1.09,  -8.20,  10.58,  19.57, -90.52, -14.76,  -0.98,   0.18,   0.59, 134.33, 4.11, 0.00, 0.00, 0.00, 0.00, 1, 1,  8,  39.7291994, -83.7061537,   508.0, 2025, 11, 23, 18, 18,  4,      135,      225, 119,  53,   2.0,   0.8,   1.8,  0,  0, 27, 28,  0,  0, 31, 33, 34,  0,  0,  0,  0,  0,  0, 28,  0,  0,  0,  0,  0,  0,  0,  0,  0, 29, 25, 24,  0,  0, 26,  0
6, 11026, 11,KE8EXM,    23.80, 6,  drogue,   -8.83,  95416.00,  503.92,  248.93,  -16.57, 21.0, 1.90, 4.08, 4.09,   0.95, -10.12,   9.30, -16.01, -97.66, -47.84,  -1.04,   0.16,   0.53, 145.07, 4.11, 0.00, 0.00, 0.00, 0.00, 1, 1,  8,  39.7291994, -83.7061537,   508.0, 2025, 11, 23, 18, 18,  4,      135,      225, 119,  53,   2.0,   0.8,   1.8,  0,  0, 27, 28,  0,  0, 31, 33, 34,  0,  0,  0,  0,  0,  0, 28,  0,  0,  0,  0,  0,  0,  0,  0,  0, 29, 25, 24,  0,  0, 26,  0
6, 11026, 11,KE8EXM,    23.90, 6,  drogue,   -9.81,  95429.00,  502.78,  247.79,  -16.46, 21.0, 1.90, 4.08, 4.09,  -0.01,  -6.62,   5.68, -59.83, -78.31, -70.12,  -1.09,   0.10,   0.47, 155.42, 4.11, 0.00, 0.00, 0.00, 0.00, 1, 1,  8,  39.7291994, -83.7061537,   508.0, 2025, 11, 23, 18, 18,  4,      135,      225, 119,  53,   2.0,   0.8,   1.8,  0,  0, 27, 28,  0,  0, 31, 33, 34,  0,  0,  0,  0,  0,  0, 28,  0,  0,  0,  0,  0,  0,  0,  0,  0, 29, 25, 24,  0,  0, 26,  0
6, 11026, 11,KE8EXM,    24.00, 6,  drogue,  -13.73,  95453.00,  500.68,  245.69,  -16.47, 21.0, 1.90, 4.08, 4.09,  -1.00,  -3.28,   7.80, -98.35, -89.48, -59.81,  -1.12,   0.02,   0.41, 165.90, 4.11, 0.00, 0.00, 0.00, 0.00, 1, 1,  8,  39.7291994, -83.7061537,   508.0, 2025, 11, 23, 18, 18,  4,      135,      225, 119,  53,   2.0,   0.8,   1.8,  0,  0, 27, 28,  0,  0, 31, 33, 34,  0,  0,  0,  0,  0,  0, 28,  0,  0,  0,  0,  0,  0,  0,  0,  0, 29, 25, 24,  0,  0, 26,  0
6, 11026, 11,KE8EXM,    24.02, 6,  drogue,  -13.73,  95453.00,  500.68,  245.69,  -16.47, 21.0, 1.93, 4.08, 4.09,  -1.00,  -3.28,   7.80, -98.35, -89.48, -59.81,  -1.12,   0.02,   0.41, 165.90, 4.11, 0.00, 0.00, 0.00, 0.00, 1, 1,  8,  39.7291994, -83.7061537,   508.0, 2025, 11, 23, 18, 18,  4,      135,      225, 119,  53,   2.0,   0.8,   1.8,  0,  0, 27, 28,  0,  0, 31, 33, 34,  0,  0,  0,  0,  0,  0, 28,  0,  0,  0,  0,  0,  0,  0,  0,  0, 29, 25, 24,  0,  0, 26,  0
6, 11026, 11,KE8EXM,    24.10, 6,  drogue,  -11.77,  95481.00,  498.24,  243.25,  -16.57, 21.0, 1.93, 4.08, 4.09,  -1.59,  -0.08,   5.73,-110.13,-110.42, -41.44,  -1.14,  -0.04,   0.32, 176.13, 4.11, 0.00, 0.00, 0.00, 0.00, 1, 1,  8,  39.7291994, -83.7061537,   508.0, 2025, 11, 23, 18, 18,  4,      135,      225, 119,  53,   2.0,   0.8,   1.8,  0,  0, 27, 28,  0,  0, 31, 33, 34,  0,  0,  0,  0,  0,  0, 28,  0,  0,  0,  0,  0,  0,  0,  0,  0, 29, 25, 24,  0,  0, 26,  0
6, 11026, 11,KE8EXM,    24.16, 6,  drogue,  -11.77,  95481.00,  498.24,  243.25,  -16.57, 21.0, 1.93, 4.08, 4.09,  -1.59,  -0.08,   5.73,-110.13,-110.42, -41.44,  -1.14,  -0.04,   0.32, 176.13, 4.11, 0.00, 0.00, 0.00, 0.00, 1, 1,  8,  39.7291994, -83.7061537,   508.0, 2025, 11, 23, 18, 18,  4,      135,      225, 119,  53,   2.0,   0.8,   1.8,  0,  0, 27, 28,  0,  0, 31, 33, 34,  0,  0,  0,  0,  0,  0, 28,  0,  0,  0,  0,  0,  0,  0,  0,  0, 29, 25, 24,  0,  0, 26,  0
6, 11026, 11,KE8EXM,    24.16, 6,  drogue,  -11.77,  95481.00,  498.24,  243.25,  -16.57, 21.0, 1.93, 4.08, 4.09,  -1.59,  -0.08,   5.73,-110.13,-110.42, -41.44,  -1.14,  -0.04,   0.32, 176.13, 4.11, 0.00, 0.00, 0.00, 0.00, 1, 1,  8,  39.7291994, -83.7061537,   508.0, 2025, 11, 23, 18, 18,  4,      135,      225, 119,  53,   2.0,   0.8,   1.8,  0,  0, 27, 28,  0,  0, 31, 33, 34,  0,  0,  0,  0,  0,  0, 28,  0,  0,  0,  0,  0,  0,  0,  0,  0, 29, 25, 24,  0,  0, 26,  0
6, 11026, 11,KE8EXM,    24.20, 6,  drogue,  -12.26,  95477.00,  498.59,  243.60,  -16.74, 21.0, 1.93, 4.08, 4.09,  -2.64,   0.30,   4.04, -97.55,-122.69,  -9.64,  -1.14,  -0.06,   0.19, 169.40, 4.11, 0.00, 0.00, 0.00, 0.00, 1, 1,  9,  39.7290601, -83.7061738,   491.0, 2025, 11, 23, 18, 18,  5,      142,      216, 125,  49,   1.5,   0.8,   1.3,  0,  0, 29, 28,  0,  0, 35, 32, 36,  0,  0,  0,  0,  0,  0, 24,  0,  0,  0,  0,  0,  0,  0,  0,  0, 36, 24, 34,  0,  0, 39,  0
6, 11026, 11,KE8EXM,    24.30, 6,  drogue,  -14.22,  95512.00,  495.53,  240.54,  -17.00, 21.0, 1.93, 4.08, 4.09,  -4.91,   0.15,   0.89, -83.09,-131.48,   7.64,  -1.12,  -0.04,   0.07, 156.45, 4.11, 0.00, 0.00, 0.00, 0.00, 1, 1,  9,  39.7290601, -83.7061738,   491.0, 2025, 11, 23, 18, 18,  5,      142,      216, 125,  49,   1.5,   0.8,   1.3,  0,  0, 29, 28,  0,  0, 35, 32, 36,  0,  0,  0,  0,  0,  0, 24,  0,  0,  0,  0,  0,  0,  0,  0,  0, 36, 24, 34,  0,  0, 39,  0
6, 11026, 11,KE8EXM,    24.34, 6,  drogue,  -14.22,  95512.00,  495.53,  240.54,  -17.00, 21.0, 1.97, 4.08, 4.08,  -4.91,   0.15,   0.89, -83.09,-131.48,   7.64,  -1.12,  -0.04,   0.07, 156.45, 4.10, 0.00, 0.00, 0.00, 0.00, 1, 1,  9,  39.7290601, -83.7061738,   491.0, 2025, 11, 23, 18, 18,  5,      142,      216, 125,  49,   1.5,   0.8,   1.3,  0,  0, 29, 28,  0,  0, 35, 32, 36,  0,  0,  0,  0,  0,  0, 24,  0,  0,  0,  0,  0,  0,  0,  0,  0, 36, 24, 34,  0,  0, 39,  0
6, 11026, 11,KE8EXM,    24.40, 6,  drogue,  -16.67,  95529.00,  494.05,  239.05,  -17.32, 21.0, 1.97, 4.08, 4.08,  -6.21,  -0.53,  -5.06, -76.19,-108.22,  16.24,  -1.08,  -0.00,  -0.04, 145.53, 4.10, 0.00, 0.00, 0.00, 0.00, 1, 1,  9,  39.7290601, -83.7061738,   491.0, 2025, 11, 23, 18, 18,  5,      142,      216, 125,  49,   1.5,   0.8,   1.3,  0,  0, 29, 28,  0,  0, 35, 32, 36,  0,  0,  0,  0,  0,  0, 24,  0,  0,  0,  0,  0,  0,  0,  0,  0, 36, 24, 34,  0,  0, 39,  0
6, 11026, 11,KE8EXM,    24.50, 6,  drogue,  -13.24,  95536.00,  493.44,  238.44,  -17.62, 21.0, 1.97, 4.08, 4.08,  -2.82,  -0.65,  -3.79, -64.84, -74.10,  17.10,  -1.04,   0.05,  -0.10, 137.92, 4.10, 0.00, 0.00, 0.00, 0.00, 1, 1,  9,  39.7290601, -83.7061738,   491.0, 2025, 11, 23, 18, 18,  5,      142,      216, 125,  49,   1.5,   0.8,   1.3,  0,  0, 29, 28,  0,  0, 35, 32, 36,  0,  0,  0,  0,  0,  0, 24,  0,  0,  0,  0,  0,  0,  0,  0,  0, 36, 24, 34,  0,  0, 39,  0
6, 11026, 11,KE8EXM,    24.60, 6,  drogue,  -13.24,  95542.00,  492.91,  237.92,  -17.95, 21.1, 1.97, 4.08, 4.08,  -2.69,  -1.67,  -4.91, -53.48, -51.40,   9.28,  -1.00,   0.09,  -0.14, 132.76, 4.10, 0.00, 0.00, 0.00, 0.00, 1, 1,  9,  39.7290601, -83.7061738,   491.0, 2025, 11, 23, 18, 18,  5,      142,      216, 125,  49,   1.5,   0.8,   1.3,  0,  0, 29, 28,  0,  0, 35, 32, 36,  0,  0,  0,  0,  0,  0, 24,  0,  0,  0,  0,  0,  0,  0,  0,  0, 36, 24, 34,  0,  0, 39,  0
6, 11026, 11,KE8EXM,    24.66, 6,  drogue,  -13.24,  95542.00,  492.91,  237.92,  -17.95, 21.1, 2.01, 4.08, 4.09,  -2.69,  -1.67,  -4.91, -53.48, -51.40,   9.28,  -1.00,   0.09,  -0.14, 132.76, 4.11, 0.00, 0.00, 0.00, 0.00, 1, 1,  9,  39.7290601, -83.7061738,   491.0, 2025, 11, 23, 18, 18,  5,      142,      216, 125,  49,   1.5,   0.8,   1.3,  0,  0, 29, 28,  0,  0, 35, 32, 36,  0,  0,  0,  0,  0,  0, 24,  0,  0,  0,  0,  0,  0,  0,  0,  0, 36, 24, 34,  0,  0, 39,  0
6, 11026, 11,KE8EXM,    24.70, 6,  drogue,  -11.77,  95569.00,  490.56,  235.56,  -18.31, 21.1, 2.01, 4.08, 4.09,  -2.79,  -2.46,  -4.15, -37.98, -30.22, -14.40,  -0.98,   0.12,  -0.15, 130.54, 4.11, 0.00, 0.00, 0.00, 0.00, 1, 1,  9,  39.7290601, -83.7061738,   491.0, 2025, 11, 23, 18, 18,  5,      142,      216, 125,  49,   1.5,   0.8,   1.3,  0,  0, 29, 28,  0,  0, 35, 32, 36,  0,  0,  0,  0,  0,  0, 24,  0,  0,  0,  0,  0,  0,  0,  0,  0, 36, 24, 34,  0,  0, 39,  0
6, 11026, 11,KE8EXM,    24.80, 6,  drogue,  -11.77,  95608.00,  487.15,  232.16,  -18.67, 21.1, 2.01, 4.08, 4.09,  -2.59,  -0.70,  -5.40, -34.32, -16.18, -35.88,  -0.97,   0.13,  -0.16, 130.51, 4.11, 0.00, 0.00, 0.00, 0.00, 1, 1,  9,  39.7290601, -83.7061738,   491.0, 2025, 11, 23, 18, 18,  5,      142,      216, 125,  49,   1.5,   0.8,   1.3,  0,  0, 29, 28,  0,  0, 35, 32, 36,  0,  0,  0,  0,  0,  0, 24,  0,  0,  0,  0,  0,  0,  0,  0,  0, 36, 24, 34,  0,  0, 39,  0
6, 11026, 11,KE8EXM,    24.90, 6,  drogue,  -12.75,  95620.00,  486.11,  231.11,  -19.00, 21.1, 2.01, 4.08, 4.09,  -3.88,  -0.90,  -5.56, -42.38,  -2.87, -38.57,  -0.97,   0.13,  -0.16, 131.83, 4.11, 0.00, 0.00, 0.00, 0.00, 1, 1,  9,  39.7290601, -83.7061738,   491.0, 2025, 11, 23, 18, 18,  5,      142,      216, 125,  49,   1.5,   0.8,   1.3,  0,  0, 29, 28,  0,  0, 35, 32, 36,  0,  0,  0,  0,  0,  0, 24,  0,  0,  0,  0,  0,  0,  0,  0,  0, 36, 24, 34,  0,  0, 39,  0
6, 11026, 11,KE8EXM,    24.98, 6,  drogue,  -12.75,  95620.00,  486.11,  231.11,  -19.00, 21.1, 2.02, 4.07, 4.08,  -3.88,  -0.90,  -5.56, -42.38,  -2.87, -38.57,  -0.97,   0.13,  -0.16, 131.83, 4.10, 0.00, 0.00, 0.00, 0.00, 1, 1,  9,  39.7290601, -83.7061738,   491.0, 2025, 11, 23, 18, 18,  5,      142,      216, 125,  49,   1.5,   0.8,   1.3,  0,  0, 29, 28,  0,  0, 35, 32, 36,  0,  0,  0,  0,  0,  0, 24,  0,  0,  0,  0,  0,  0,  0,  0,  0, 36, 24, 34,  0,  0, 39,  0
6, 11026, 11,KE8EXM,    25.00, 6,  drogue,  -12.26,  95627.00,  485.49,  230.50,  -19.26, 21.2, 2.02, 4.07, 4.08,  -3.02,   0.60,  -5.52, -42.99,   6.28, -38.81,  -0.97,   0.14,  -0.15, 134.05, 4.10, 0.00, 0.00, 0.00, 0.00, 1, 1,  9,  39.7290601, -83.7061738,   491.0, 2025, 11, 23, 18, 18,  5,      142,      216, 125,  49,   1.5,   0.8,   1.3,  0,  0, 29, 28,  0,  0, 35, 32, 36,  0,  0,  0,  0,  0,  0, 24,  0,  0,  0,  0,  0,  0,  0,  0,  0, 36, 24, 34,  0,  0, 39,  0
6, 11026, 11,KE8EXM,    25.10, 6,  drogue,  -14.71,  95675.00,  481.31,  226.32,  -19.50, 21.2, 2.02, 4.07, 4.08,  -3.95,   1.07,  -3.05, -59.16,  13.36, -32.10,  -0.99,   0.16,  -0.14, 136.70, 4.10, 0.00, 0.00, 0.00, 0.00, 1, 1,  9,  39.7290601, -83.7061738,   491.0, 2025, 11, 23, 18, 18,  5,      142,      216, 125,  49,   1.5,   0.8,   1.3,  0,  0, 29, 28,  0,  0, 35, 32, 36,  0,  0,  0,  0,  0,  0, 24,  0,  0,  0,  0,  0,  0,  0,  0,  0, 36, 24, 34,  0,  0, 39,  0
6, 11026, 11,KE8EXM,    25.16, 6,  drogue,  -14.71,  95675.00,  481.31,  226.32,  -19.50, 21.2, 2.02, 4.07, 4.08,  -3.95,   1.07,  -3.05, -59.16,  13.36, -32.10,  -0.99,   0.16,  -0.14, 136.70, 4.10, 0.00, 0.00, 0.00, 0.00, 1, 1,  9,  39.7290601, -83.7061738,   491.0, 2025, 11, 23, 18, 18,  5,      142,      216, 125,  49,   1.5,   0.8,   1.3,  0,  0, 29, 28,  0,  0, 35, 32, 36,  0,  0,  0,  0,  0,  0, 24,  0,  0,  0,  0,  0,  0,  0,  0,  0, 36, 24, 34,  0,  0, 39,  0
6, 11026, 11,KE8EXM,    25.16, 6,  drogue,  -14.71,  95675.00,  481.31,  226.32,  -19.50, 21.2, 2.02, 4.07, 4.08,  -3.95,   1.07,  -3.05, -59.16,  13.36, -32.10,  -0.99,   0.16,  -0.14, 136.70, 4.10, 0.00, 0.00, 0.00, 0.00, 1, 1,  9,  39.7290601, -83.7061738,   491.0, 2025, 11, 23, 18, 18,  5,      142,      216, 125,  49,   1.5,   0.8,   1.3,  0,  0, 29, 28,  0,  0, 35, 32, 36,  0,  0,  0,  0,  0,  0, 24,  0,  0,  0,  0,  0,  0,  0,  0,  0, 36, 24, 34,  0,  0, 39,  0
6, 11026, 11,KE8EXM,    25.20, 6,  drogue,  -16.18,  95695.00,  479.56,  224.57,  -19.74, 21.2, 2.02, 4.07, 4.08,  -5.39,   0.70,  -6.83, -57.15,  24.77, -35.76,  -1.00,   0.17,  -0.12, 140.65, 4.10, 0.00, 0.00, 0.00, 0.00, 1, 1,  8,  39.7289852, -83.7061464,   476.0, 2025, 11, 23, 18, 18,  6,      149,      210, 127,  45,   1.6,   0.9,   1.3,  0,  0, 37, 27,  0,  0, 33, 17, 29,  0,  0,  0,  0,  0,  0, 31,  0,  0,  0,  0,  0,  0,  0,  0,  0, 39, 24, 24,  0,  0, 26,  0
6, 11026, 11,KE8EXM,    25.30, 6,  drogue,  -18.63,  95736.00,  475.99,  221.00,  -19.96, 21.2, 2.04, 4.07, 4.08,  -6.46,   2.17,  -6.29, -75.27,  31.61, -32.34,  -1.03,   0.19,  -0.08, 145.09, 4.08, 0.00, 0.00, 0.00, 0.00, 1, 1,  8,  39.7289852, -83.7061464,   476.0, 2025, 11, 23, 18, 18,  6,      149,      210, 127,  45,   1.6,   0.9,   1.3,  0,  0, 37, 27,  0,  0, 33, 17, 29,  0,  0,  0,  0,  0,  0, 31,  0,  0,  0,  0,  0,  0,  0,  0,  0, 39, 24, 24,  0,  0, 26,  0
6, 11026, 11,KE8EXM,    25.30, 6,  drogue,  -18.63,  95736.00,  475.99,  221.00,  -19.96, 21.2, 2.04, 4.07, 4.08,  -6.46,   2.17,  -6.29, -75.27,  31.61, -32.34,  -1.03,   0.19,  -0.08, 145.09, 4.08, 0.00, 0.00, 0.00, 0.00, 1, 1,  8,  39.7289852, -83.7061464,   476.0, 2025, 11, 23, 18, 18,  6,      149,      210, 127,  45,   1.6,   0.9,   1.3,  0,  0, 37, 27,  0,  0, 33, 17, 29,  0,  0,  0,  0,  0,  0, 31,  0,  0,  0,  0,  0,  0,  0,  0,  0, 39, 24, 24,  0,  0, 26,  0
6, 11026, 11,KE8EXM,    25.40, 6,  drogue,  -20.10,  95763.00,  473.64,  218.64,  -20.12, 21.2, 2.04, 4.07, 4.08,  -8.50,   0.36,  -7.46, -82.66,  57.67, -32.46,  -1.06,   0.21,  -0.03, 151.53, 4.08, 0.00, 0.00, 0.00, 0.00, 1, 1,  8,  39.7289852, -83.7061464,   476.0, 2025, 11, 23, 18, 18,  6,      149,      210, 127,  45,   1.6,   0.9,   1.3,  0,  0, 37, 27,  0,  0, 33, 17, 29,  0,  0,  0,  0,  0,  0, 31,  0,  0,  0,  0,  0,  0,  0,  0,  0, 39, 24, 24,  0,  0, 26,  0
6, 11026, 11,KE8EXM,    25.50, 6,  drogue,  -18.14,  95809.00,  469.63,  214.64,  -20.19, 21.2, 2.04, 4.07, 4.08,  -7.95,   5.85,  -6.83, -97.49, 115.90, -38.57,  -1.10,   0.21,   0.05, 160.60, 4.08, 0.00, 0.00, 0.00, 0.00, 1, 1,  8,  39.7289852, -83.7061464,   476.0, 2025, 11, 23, 18, 18,  6,      149,      210, 127,  45,   1.6,   0.9,   1.3,  0,  0, 37, 27,  0,  0, 33, 17, 29,  0,  0,  0,  0,  0,  0, 31,  0,  0,  0,  0,  0,  0,  0,  0,  0, 39, 24, 24,  0,  0, 26,  0
6, 11026, 11,KE8EXM,    25.60, 6,  drogue,  -13.24,  95849.00,  466.15,  211.15,  -20.34, 21.2, 2.04, 4.07, 4.08,  -2.33,   3.79,  -0.39,-110.31, 126.15, -33.38,  -1.13,   0.20,   0.20, 161.83, 4.08, 0.00, 0.00, 0.00, 0.00, 1, 1,  8,  39.7289852, -83.7061464,   476.0, 2025, 11, 23, 18, 18,  6,      149,      210, 127,  45,   1.6,   0.9,   1.3,  0,  0, 37, 27,  0,  0, 33, 17, 29,  0,  0,  0,  0,  0,  0, 31,  0,  0,  0,  0,  0,  0,  0,  0,  0, 39, 24, 24,  0,  0, 26,  0
6, 11026, 11,KE8EXM,    25.62, 6,  drogue,  -13.24,  95849.00,  466.15,  211.15,  -20.34, 21.2, 2.05, 4.08, 4.09,  -2.33,   3.79,  -0.39,-110.31, 126.15, -33.38,  -1.13,   0.20,   0.20, 161.83, 4.09, 0.00, 0.00, 0.00, 0.00, 1, 1,  8,  39.7289852, -83.7061464,   476.0, 2025, 11, 23, 18, 18,  6,      149,      210, 127,  45,   1.6,   0.9,   1.3,  0,  0, 37, 27,  0,  0, 33, 17, 29,  0,  0,  0,  0,  0,  0, 31,  0,  0,  0,  0,  0,  0,  0,  0,  0, 39, 24, 24,  0,  0, 26,  0
6, 11026, 11,KE8EXM,    25.70, 6,  drogue,  -16.67,  95858.00,  465.36,  210.37,  -20.43, 21.3, 2.05, 4.08, 4.09,  -5.41,   3.68,   2.10, -96.76, 117.98, -35.33,  -1.13,   0.16,   0.32, 154.43, 4.09, 0.00, 0.00, 0.00, 0.00, 1, 1,  8,  39.7289852, -83.7061464,   476.0, 2025, 11, 23, 18, 18,  6,      149,      210, 127,  45,   1.6,   0.9,   1.3,  0,  0, 37, 27,  0,  0, 33, 17, 29,  0,  0,  0,  0,  0,  0, 31,  0,  0,  0,  0,  0,  0,  0,  0,  0, 39, 24, 24,  0,  0, 26,  0
6, 11026, 11,KE8EXM,    25.75, 7,    main,  -16.67,  95858.00,  465.36,  210.37,  -20.43, 21.3, 2.05, 4.08, 4.09,  -5.41,   3.68,   2.10, -96.76, 117.98, -35.33,  -1.13,   0.16,   0.32, 154.43, 4.09, 0.00, 0.00, 0.00, 0.00, 1, 1,  8,  39.7289852, -83.7061464,   476.0, 2025, 11, 23, 18, 18,  6,      149,      210, 127,  45,   1.6,   0.9,   1.3,  0,  0, 37, 27,  0,  0, 33, 17, 29,  0,  0,  0,  0,  0,  0, 31,  0,  0,  0,  0,  0,  0,  0,  0,  0, 39, 24, 24,  0,  0, 26,  0
6, 11026, 11,KE8EXM,    25.80, 7,    main,  -13.73,  95816.00,  469.02,  214.03,  -20.45, 21.3, 2.05, 4.08, 4.09, -10.70,  -0.59,  -2.08,-132.53,  59.02,  12.64,  -1.04,   0.11,   0.45, 148.40, 4.09, 0.00, 0.00, 0.00, 0.00, 1, 1,  8,  39.7289852, -83.7061464,   476.0, 2025, 11, 23, 18, 18,  6,      149,      210, 127,  45,   1.6,   0.9,   1.3,  0,  0, 37, 27,  0,  0, 33, 17, 29,  0,  0,  0,  0,  0,  0, 31,  0,  0,  0,  0,  0,  0,  0,  0,  0, 39, 24, 24,  0,  0, 26,  0
6, 11026, 11,KE8EXM,    25.90, 7,    main,   20.59,  95854.00,  465.71,  210.72,  -20.48, 21.3, 2.05, 4.08, 4.09,  25.03,   8.70,   3.81,-111.16,  93.99,-102.29,  -1.01,  -0.00,   0.53, 138.19, 4.09, 0.00, 0.00, 0.00, 0.00, 1, 1,  8,  39.7289852, -83.7061464,   476.0, 2025, 11, 23, 18, 18,  6,      149,      210, 127,  45,   1.6,   0.9,   1.3,  0,  0, 37, 27,  0,  0, 33, 17, 29,  0,  0,  0,  0,  0,  0, 31,  0,  0,  0,  0,  0,  0,  0,  0,  0, 39, 24, 24,  0,  0, 26,  0
6, 11026, 11,KE8EXM,    25.94, 7,    main,   20.59,  95854.00,  465.71,  210.72,  -20.48, 21.3, 2.07, 3.46, 4.09,  25.03,   8.70,   3.81,-111.16,  93.99,-102.29,  -1.01,  -0.00,   0.53, 138.19, 4.10, 0.00, 0.00, 0.00, 0.00, 1, 1,  8,  39.7289852, -83.7061464,   476.0, 2025, 11, 23, 18, 18,  6,      149,      210, 127,  45,   1.6,   0.9,   1.3,  0,  0, 37, 27,  0,  0, 33, 17, 29,  0,  0,  0,  0,  0,  0, 31,  0,  0,  0,  0,  0,  0,  0,  0,  0, 39, 24, 24,  0,  0, 26,  0
6, 11026, 11,KE8EXM,    26.00, 7,    main,  -19.12,  95923.00,  459.70,  204.71,  -20.49, 21.3, 2.07, 3.46, 4.09,  -7.91,  12.31,  12.01,  89.83, 100.76,  15.02,  -0.96,  -0.02,   0.60, 129.16, 4.10, 0.00, 0.00, 0.00, 0.00, 1, 1,  8,  39.7289852, -83.7061464,   476.0, 2025, 11, 23, 18, 18,  6,      149,      210, 127,  45,   1.6,   0.9,   1.3,  0,  0, 37, 27,  0,  0, 33, 17, 29,  0,  0,  0,  0,  0,  0, 31,  0,  0,  0,  0,  0,  0,  0,  0,  0, 39, 24, 24,  0,  0, 26,  0
6, 11026, 11,KE8EXM,    26.10, 7,    main,  127.49,  95953.00,  457.09,  202.10,  -20.50, 21.3, 2.07, 3.46, 4.09,  16.27,   8.98,  32.06, -60.81,  88.50,  48.90,  -0.93,  -0.01,   0.64, 120.89, 4.10, 0.00, 0.00, 0.00, 0.00, 1, 1,  8,  39.7289852, -83.7061464,   476.0, 2025, 11, 23, 18, 18,  6,      149,      210, 127,  45,   1.6,   0.9,   1.3,  0,  0, 37, 27,  0,  0, 33, 17, 29,  0,  0,  0,  0,  0,  0, 31,  0,  0,  0,  0,  0,  0,  0,  0,  0, 39, 24, 24,  0,  0, 26,  0
6, 11026, 11,KE8EXM,    26.16, 7,    main,  127.49,  95953.00,  457.09,  202.10,  -20.50, 21.3, 2.07, 3.46, 4.09,  16.27,   8.98,  32.06, -60.81,  88.50,  48.90,  -0.93,  -0.01,   0.64, 120.89, 4.10, 0.00, 0.00, 0.00, 0.00, 1, 1,  8,  39.7289852, -83.7061464,   476.0, 2025, 11, 23, 18, 18,  6,      149,      210, 127,  45,   1.6,   0.9,   1.3,  0,  0, 37, 27,  0,  0, 33, 17, 29,  0,  0,  0,  0,  0,  0, 31,  0,  0,  0,  0,  0,  0,  0,  0,  0, 39, 24, 24,  0,  0, 26,  0
6, 11026, 11,KE8EXM,    26.16, 7,    main,  127.49,  95953.00,  457.09,  202.10,  -20.50, 21.3, 2.07, 3.46, 4.09,  16.27,   8.98,  32.06, -60.81,  88.50,  48.90,  -0.93,  -0.01,   0.64, 120.89, 4.10, 0.00, 0.00, 0.00, 0.00, 1, 1,  8,  39.7289852, -83.7061464,   476.0, 2025, 11, 23, 18, 18,  6,      149,      210, 127,  45,   1.6,   0.9,   1.3,  0,  0, 37, 27,  0,  0, 33, 17, 29,  0,  0,  0,  0,  0,  0, 31,  0,  0,  0,  0,  0,  0,  0,  0,  0, 39, 24, 24,  0,  0, 26,  0
6, 11026, 11,KE8EXM,    26.20, 7,    main,  -27.46,  95941.00,  458.14,  203.15,  -20.49, 21.4, 2.07, 3.46, 4.09, -16.57,   6.98,  -4.98, 898.05, -28.20,  87.96,  -1.08,   0.09,   0.12, 124.86, 4.10, 0.00, 0.00, 0.00, 0.00, 1, 1,  8,  39.7288539, -83.7061134,   460.0, 2025, 11, 23, 18, 18,  7,      160,      207, 131,  40,   1.6,   0.9,   1.3,  0,  0, 32, 35,  0,  0, 20, 33, 36,  0,  0,  0,  0,  0,  0, 24,  0,  0,  0,  0,  0,  0,  0,  0,  0, 34, 29, 31,  0,  0, 35,  0
6, 11026, 11,KE8EXM,    26.26, 7,    main,  -27.46,  95941.00,  458.14,  203.15,  -20.49, 21.4, 2.10, 3.57, 4.08, -16.57,   6.98,  -4.98, 898.05, -28.20,  87.96,  -1.08,   0.09,   0.12, 124.86, 4.10, 0.00, 0.00, 0.00, 0.00, 1, 1,  8,  39.7288539, -83.7061134,   460.0, 2025, 11, 23, 18, 18,  7,      160,      207, 131,  40,   1.6,   0.9,   1.3,  0,  0, 32, 35,  0,  0, 20, 33, 36,  0,  0,  0,  0,  0,  0, 24,  0,  0,  0,  0,  0,  0,  0,  0,  0, 34, 29, 31,  0,  0, 35,  0
6, 11026, 11,KE8EXM,    26.30, 7,    main,  -27.46,  96008.00,  452.31,  197.32,  -20.52, 21.4, 2.10, 3.57, 4.08, -14.45,   8.47,   0.53, 893.78, -72.52, 268.62,  -1.07,   0.05,   0.09,  98.32, 4.10, 0.00, 0.00, 0.00, 0.00, 1, 1,  8,  39.7288539, -83.7061134,   460.0, 2025, 11, 23, 18, 18,  7,      160,      207, 131,  40,   1.6,   0.9,   1.3,  0,  0, 32, 35,  0,  0, 20, 33, 36,  0,  0,  0,  0,  0,  0, 24,  0,  0,  0,  0,  0,  0,  0,  0,  0, 34, 29, 31,  0,  0, 35,  0
6, 11026, 11,KE8EXM,    26.40, 7,    main,  -26.97,  95997.00,  453.27,  198.27,  -20.58, 21.4, 2.10, 3.57, 4.08, -14.74,  -1.83, -10.29, 344.83,-101.38, 266.85,  -1.03,   0.07,  -0.01,  88.11, 4.10, 0.00, 0.00, 0.00, 0.00, 1, 1,  8,  39.7288539, -83.7061134,   460.0, 2025, 11, 23, 18, 18,  7,      160,      207, 131,  40,   1.6,   0.9,   1.3,  0,  0, 32, 35,  0,  0, 20, 33, 36,  0,  0,  0,  0,  0,  0, 24,  0,  0,  0,  0,  0,  0,  0,  0,  0, 34, 29, 31,  0,  0, 35,  0
6, 11026, 11,KE8EXM,    26.50, 7,    main,  -14.71,  95902.00,  461.53,  206.54,  -20.60, 21.4, 2.10, 3.57, 4.08,  -5.57, -18.79, -11.52,  28.67,-145.64, 304.51,  -0.92,   0.20,  -0.11,  94.78, 4.10, 0.00, 0.00, 0.00, 0.00, 1, 1,  8,  39.7288539, -83.7061134,   460.0, 2025, 11, 23, 18, 18,  7,      160,      207, 131,  40,   1.6,   0.9,   1.3,  0,  0, 32, 35,  0,  0, 20, 33, 36,  0,  0,  0,  0,  0,  0, 24,  0,  0,  0,  0,  0,  0,  0,  0,  0, 34, 29, 31,  0,  0, 35,  0
6, 11026, 11,KE8EXM,    26.58, 7,    main,  -14.71,  95902.00,  461.53,  206.54,  -20.60, 21.4, 2.08, 3.40, 4.09,  -5.57, -18.79, -11.52,  28.67,-145.64, 304.51,  -0.92,   0.20,  -0.11,  94.78, 4.11, 0.00, 0.00, 0.00, 0.00, 1, 1,  8,  39.7288539, -83.7061134,   460.0, 2025, 11, 23, 18, 18,  7,      160,      207, 131,  40,   1.6,   0.9,   1.3,  0,  0, 32, 35,  0,  0, 20, 33, 36,  0,  0,  0,  0,  0,  0, 24,  0,  0,  0,  0,  0,  0,  0,  0,  0, 34, 29, 31,  0,  0, 35,  0
6, 11026, 11,KE8EXM,    26.60, 7,    main,   -5.88,  95956.00,  456.83,  201.84,  -20.62, 21.4, 2.08, 3.40, 4.09,   2.55, -20.96, -14.86,-201.86,-210.76, 188.61,  -0.72,   0.33,  -0.14,  91.56, 4.11, 0.00, 0.00, 0.00, 0.00, 1, 1,  8,  39.7288539, -83.7061134,   460.0, 2025, 11, 23, 18, 18,  7,      160,      207, 131,  40,   1.6,   0.9,   1.3,  0,  0, 32, 35,  0,  0, 20, 33, 36,  0,  0,  0,  0,  0,  0, 24,  0,  0,  0,  0,  0,  0,  0,  0,  0, 34, 29, 31,  0,  0, 35,  0
6, 11026, 11,KE8EXM,    26.70, 7,    main,   -2.94,  96043.00,  449.27,  194.28,  -20.62, 21.4, 2.08, 3.40, 4.09,   9.89, -24.16,  -6.45,  63.76,-159.06, 208.63,  -0.51,   0.36,  -0.09,  85.67, 4.11, 0.00, 0.00, 0.00, 0.00, 1, 1,  8,  39.7288539, -83.7061134,   460.0, 2025, 11, 23, 18, 18,  7,      160,      207, 131,  40,   1.6,   0.9,   1.3,  0,  0, 32, 35,  0,  0, 20, 33, 36,  0,  0,  0,  0,  0,  0, 24,  0,  0,  0,  0,  0,  0,  0,  0,  0, 34, 29, 31,  0,  0, 35,  0
6, 11026, 11,KE8EXM,    26.80, 7,    main,   -2.45,  96087.00,  445.44,  190.45,  -20.63, 21.4, 2.08, 3.40, 4.09,   7.66, -11.24,  -4.66,  57.90,-113.16, 156.20,  -0.35,   0.25,  -0.07,  85.07, 4.11, 0.00, 0.00, 0.00, 0.00, 1, 1,  8,  39.7288539, -83.7061134,   460.0, 2025, 11, 23, 18, 18,  7,      160,      207, 131,  40,   1.6,   0.9,   1.3,  0,  0, 32, 35,  0,  0, 20, 33, 36,  0,  0,  0,  0,  0,  0, 24,  0,  0,  0,  0,  0,  0,  0,  0,  0, 34, 29, 31,  0,  0, 35,  0
6, 11026, 11,KE8EXM,    26.90, 7,    main,   -0.49,  96126.00,  442.06,  187.06,  -20.61, 21.4, 2.05, 3.30, 4.09,   7.13,  -7.42,  -4.67,  28.61, -68.73,  23.93,  -0.28,   0.18,  -0.02,  81.55, 4.10, 0.00, 0.00, 0.00, 0.00, 1, 1,  8,  39.7288539, -83.7061134,   460.0, 2025, 11, 23, 18, 18,  7,      160,      207, 131,  40,   1.6,   0.9,   1.3,  0,  0, 32, 35,  0,  0, 20, 33, 36,  0,  0,  0,  0,  0,  0, 24,  0,  0,  0,  0,  0,  0,  0,  0,  0, 34, 29, 31,  0,  0, 35,  0
6, 11026, 11,KE8EXM,    26.90, 7,    main,   -0.49,  96126.00,  442.06,  187.06,  -20.61, 21.4, 2.05, 3.30, 4.09,   7.13,  -7.42,  -4.67,  28.61, -68.73,  23.93,  -0.28,   0.18,  -0.02,  81.55, 4.10, 0.00, 0.00, 0.00, 0.00, 1, 1,  8,  39.7288539, -83.7061134,   460.0, 2025, 11, 23, 18, 18,  7,      160,      207, 131,  40,   1.6,   0.9,   1.3,  0,  0, 32, 35,  0,  0, 20, 33, 36,  0,  0,  0,  0,  0,  0, 24,  0,  0,  0,  0,  0,  0,  0,  0,  0, 34, 29, 31,  0,  0, 35,  0
6, 11026, 11,KE8EXM,    27.00, 7,    main,   -1.47,  96107.00,  443.71,  188.71,  -20.55, 21.4, 2.05, 3.30, 4.09,   9.08,  -6.22,  -4.84,  -0.14, -14.29,  43.89,  -0.26,   0.16,  -0.01,  83.67, 4.10, 0.00, 0.00, 0.00, 0.00, 1, 1,  8,  39.7288539, -83.7061134,   460.0, 2025, 11, 23, 18, 18,  7,      160,      207, 131,  40,   1.6,   0.9,   1.3,  0,  0, 32, 35,  0,  0, 20, 33, 36,  0,  0,  0,  0,  0,  0, 24,  0,  0,  0,  0,  0,  0,  0,  0,  0, 34, 29, 31,  0,  0, 35,  0
6, 11026, 11,KE8EXM,    27.10, 7,    main,    4.41,  96174.00,  437.89,  182.89,  -20.47, 21.5, 2.05, 3.30, 4.09,  12.70,  -7.88,  -4.20,-309.95, -34.98, 161.75,  -0.22,   0.15,   0.06,  92.98, 4.10, 0.00, 0.00, 0.00, 0.00, 1, 1,  8,  39.7288539, -83.7061134,   460.0, 2025, 11, 23, 18, 18,  7,      160,      207, 131,  40,   1.6,   0.9,   1.3,  0,  0, 32, 35,  0,  0, 20, 33, 36,  0,  0,  0,  0,  0,  0, 24,  0,  0,  0,  0,  0,  0,  0,  0,  0, 34, 29, 31,  0,  0, 35,  0
6, 11026, 11,KE8EXM,    27.16, 7,    main,    4.41,  96174.00,  437.89,  182.89,  -20.47, 21.5, 2.05, 3.30, 4.09,  12.70,  -7.88,  -4.20,-309.95, -34.98, 161.75,  -0.22,   0.15,   0.06,  92.98, 4.10, 0.00, 0.00, 0.00, 0.00, 1, 1,  8,  39.7288539, -83.7061134,   460.0, 2025, 11, 23, 18, 18,  7,      160,      207, 131,  40,   1.6,   0.9,   1.3,  0,  0, 32, 35,  0,  0, 20, 33, 36,  0,  0,  0,  0,  0,  0, 24,  0,  0,  0,  0,  0,  0,  0,  0,  0, 34, 29, 31,  0,  0, 35,  0
6, 11026, 11,KE8EXM,    27.16, 7,    main,    4.41,  96174.00,  437.89,  182.89,  -20.47, 21.5, 2.05, 3.30, 4.09,  12.70,  -7.88,  -4.20,-309.95, -34.98, 161.75,  -0.22,   0.15,   0.06,  92.98, 4.10, 0.00, 0.00, 0.00, 0.00, 1, 1,  8,  39.7288539, -83.7061134,   460.0, 2025, 11, 23, 18, 18,  7,      160,      207, 131,  40,   1.6,   0.9,   1.3,  0,  0, 32, 35,  0,  0, 20, 33, 36,  0,  0,  0,  0,  0,  0, 24,  0,  0,  0,  0,  0,  0,  0,  0,  0, 34, 29, 31,  0,  0, 35,  0
6, 11026, 11,KE8EXM,    27.20, 7,    main,   -0.49,  96262.00,  430.25,  175.26,  -20.34, 21.5, 2.05, 3.30, 4.09,  10.10,  -0.54,   0.57,-334.80,  42.60, 186.16,  -0.19,   0.14,   0.13, 101.70, 4.10, 0.00, 0.00, 0.00, 0.00, 1, 1,  9,  39.7287257, -83.7060830,   449.0, 2025, 11, 23, 18, 18,  8,      171,      210, 134,  35,   1.5,   0.8,   1.3,  0,  0, 29, 26,  0,  0, 29, 29, 25,  0,  0,  0,  0,  0,  0, 30,  0,  0,  0,  0,  0,  0,  0,  0,  0, 28, 23, 33,  0,  0, 29,  0
6, 11026, 11,KE8EXM,    27.22, 7,    main,   -0.49,  96262.00,  430.25,  175.26,  -20.34, 21.5, 2.04, 3.23, 4.09,  10.10,  -0.54,   0.57,-334.80,  42.60, 186.16,  -0.19,   0.14,   0.13, 101.70, 4.10, 0.00, 0.00, 0.00, 0.00, 1, 1,  9,  39.7287257, -83.7060830,   449.0, 2025, 11, 23, 18, 18,  8,      171,      210, 134,  35,   1.5,   0.8,   1.3,  0,  0, 29, 26,  0,  0, 29, 29, 25,  0,  0,  0,  0,  0,  0, 30,  0,  0,  0,  0,  0,  0,  0,  0,  0, 28, 23, 33,  0,  0, 29,  0
6, 11026, 11,KE8EXM,    27.30, 7,    main,   -0.98,  96252.00,  431.12,  176.12,  -20.16, 21.5, 2.04, 3.23, 4.09,   9.62,   0.88,  -0.96,-235.13, 144.71, 208.38,  -0.20,   0.04,   0.07, 105.90, 4.10, 0.00, 0.00, 0.00, 0.00, 1, 1,  9,  39.7287257, -83.7060830,   449.0, 2025, 11, 23, 18, 18,  8,      171,      210, 134,  35,   1.5,   0.8,   1.3,  0,  0, 29, 26,  0,  0, 29, 29, 25,  0,  0,  0,  0,  0,  0, 30,  0,  0,  0,  0,  0,  0,  0,  0,  0, 28, 23, 33,  0,  0, 29,  0
6, 11026, 11,KE8EXM,    27.40, 7,    main,   -0.00,  96212.00,  434.59,  179.59,  -19.93, 21.5, 2.04, 3.23, 4.09,  12.76,   6.25, -12.56,-620.87, 216.91,  58.72,  -0.28,   0.11,  -0.04, 112.75, 4.10, 0.00, 0.00, 0.00, 0.00, 1, 1,  9,  39.7287257, -83.7060830,   449.0, 2025, 11, 23, 18, 18,  8,      171,      210, 134,  35,   1.5,   0.8,   1.3,  0,  0, 29, 26,  0,  0, 29, 29, 25,  0,  0,  0,  0,  0,  0, 30,  0,  0,  0,  0,  0,  0,  0,  0,  0, 28, 23, 33,  0,  0, 29,  0
6, 11026, 11,KE8EXM,    27.50, 7,    main,   -7.35,  96148.00,  440.14,  185.15,  -19.64, 21.5, 2.04, 3.23, 4.09,   3.11, -12.52,   5.85,-1167.07, -96.14,-213.19,  -0.43,   0.40,   0.55, 135.51, 4.10, 0.00, 0.00, 0.00, 0.00, 1, 1,  9,  39.7287257, -83.7060830,   449.0, 2025, 11, 23, 18, 18,  8,      171,      210, 134,  35,   1.5,   0.8,   1.3,  0,  0, 29, 26,  0,  0, 29, 29, 25,  0,  0,  0,  0,  0,  0, 30,  0,  0,  0,  0,  0,  0,  0,  0,  0, 28, 23, 33,  0,  0, 29,  0
6, 11026, 11,KE8EXM,    27.54, 7,    main,   -7.35,  96148.00,  440.14,  185.15,  -19.64, 21.5, 2.02, 3.17, 4.07,   3.11, -12.52,   5.85,-1167.07, -96.14,-213.19,  -0.43,   0.40,   0.55, 135.51, 4.07, 0.00, 0.00, 0.00, 0.00, 1, 1,  9,  39.7287257, -83.7060830,   449.0, 2025, 11, 23, 18, 18,  8,      171,      210, 134,  35,   1.5,   0.8,   1.3,  0,  0, 29, 26,  0,  0, 29, 29, 25,  0,  0,  0,  0,  0,  0, 30,  0,  0,  0,  0,  0,  0,  0,  0,  0, 28, 23, 33,  0,  0, 29,  0
6, 11026, 11,KE8EXM,    27.60, 7,    main,   -8.34,  96410.00,  417.41,  162.42,  -19.28, 21.5, 2.02, 3.17, 4.07,   1.92,  -8.00,  14.59,-401.32, -84.78,  62.26,  -0.55,  -0.13,   0.77, 144.36, 4.07, 0.00, 0.00, 0.00, 0.00, 1, 1,  9,  39.7287257, -83.7060830,   449.0, 2025, 11, 23, 18, 18,  8,      171,      210, 134,  35,   1.5,   0.8,   1.3,  0,  0, 29, 26,  0,  0, 29, 29, 25,  0,  0,  0,  0,  0,  0, 30,  0,  0,  0,  0,  0,  0,  0,  0,  0, 28, 23, 33,  0,  0, 29,  0
6, 11026, 11,KE8EXM,    27.70, 7,    main,   -6.37,  96360.00,  421.75,  166.76,  -18.84, 21.5, 2.02, 3.17, 4.07,   1.97,  -7.38,  13.87, 832.14, -43.71,  26.01,  -0.61,   0.23,   0.74, 144.79, 4.07, 0.00, 0.00, 0.00, 0.00, 1, 1,  9,  39.7287257, -83.7060830,   449.0, 2025, 11, 23, 18, 18,  8,      171,      210, 134,  35,   1.5,   0.8,   1.3,  0,  0, 29, 26,  0,  0, 29, 29, 25,  0,  0,  0,  0,  0,  0, 30,  0,  0,  0,  0,  0,  0,  0,  0,  0, 28, 23, 33,  0,  0, 29,  0
6, 11026, 11,KE8EXM,    27.80, 7,    main,   -5.39,  96257.00,  430.68,  175.69,  -18.31, 21.5, 2.02, 3.17, 4.07,   2.68,  -3.66,  -6.18,1027.63, -65.44, -34.54,  -0.63,   0.42,  -0.05, 147.41, 4.07, 0.00, 0.00, 0.00, 0.00, 1, 1,  9,  39.7287257, -83.7060830,   449.0, 2025, 11, 23, 18, 18,  8,      171,      210, 134,  35,   1.5,   0.8,   1.3,  0,  0, 29, 26,  0,  0, 29, 29, 25,  0,  0,  0,  0,  0,  0, 30,  0,  0,  0,  0,  0,  0,  0,  0,  0, 28, 23, 33,  0,  0, 29,  0
6, 11026, 11,KE8EXM,    27.86, 7,    main,   -5.39,  96257.00,  430.68,  175.69,  -18.31, 21.5, 2.01, 3.30, 4.09,   2.68,  -3.66,  -6.18,1027.63, -65.44, -34.54,  -0.63,   0.42,  -0.05, 147.41, 4.10, 0.00, 0.00, 0.00, 0.00, 1, 1,  9,  39.7287257, -83.7060830,   449.0, 2025, 11, 23, 18, 18,  8,      171,      210, 134,  35,   1.5,   0.8,   1.3,  0,  0, 29, 26,  0,  0, 29, 29, 25,  0,  0,  0,  0,  0,  0, 30,  0,  0,  0,  0,  0,  0,  0,  0,  0, 28, 23, 33,  0,  0, 29,  0
6, 11026, 11,KE8EXM,    27.90, 7,    main,  -10.30,  96326.00,  424.70,  169.70,  -17.74, 21.5, 2.01, 3.30, 4.09,   1.18,   4.54, -12.26,  73.59, -64.15,-109.18,  -0.63,   0.11,  -0.22, 160.01, 4.10, 0.00, 0.00, 0.00, 0.00, 1, 1,  9,  39.7287257, -83.7060830,   449.0, 2025, 11, 23, 18, 18,  8,      171,      210, 134,  35,   1.5,   0.8,   1.3,  0,  0, 29, 26,  0,  0, 29, 29, 25,  0,  0,  0,  0,  0,  0, 30,  0,  0,  0,  0,  0,  0,  0,  0,  0, 28, 23, 33,  0,  0, 29,  0
6, 11026, 11,KE8EXM,    28.00, 7,    main,   -6.37,  96331.00,  424.26,  169.27,  -17.14, 21.5, 2.01, 3.30, 4.09,   4.12,  -2.95, -13.62,-619.46, -98.76,  -2.74,  -0.54,   0.40,  -0.06, 162.97, 4.10, 0.00, 0.00, 0.00, 0.00, 1, 1,  9,  39.7287257, -83.7060830,   449.0, 2025, 11, 23, 18, 18,  8,      171,      210, 134,  35,   1.5,   0.8,   1.3,  0,  0, 29, 26,  0,  0, 29, 29, 25,  0,  0,  0,  0,  0,  0, 30,  0,  0,  0,  0,  0,  0,  0,  0,  0, 28, 23, 33,  0,  0, 29,  0
6, 11026, 11,KE8EXM,    28.10, 7,    main,   -4.41,  96367.00,  421.14,  166.15,  -16.51, 21.5, 2.01, 3.30, 4.09,   5.07, -15.35,   3.47,-495.99,  47.30,  33.21,  -0.49,   0.48,   0.42, 157.23, 4.10, 0.00, 0.00, 0.00, 0.00, 1, 1,  9,  39.7287257, -83.7060830,   449.0, 2025, 11, 23, 18, 18,  8,      171,      210, 134,  35,   1.5,   0.8,   1.3,  0,  0, 29, 26,  0,  0, 29, 29, 25,  0,  0,  0,  0,  0,  0, 30,  0,  0,  0,  0,  0,  0,  0,  0,  0, 28, 23, 33,  0,  0, 29,  0
6, 11026, 11,KE8EXM,    28.16, 7,    main,   -4.41,  96367.00,  421.14,  166.15,  -16.51, 21.5, 2.01, 3.30, 4.09,   5.07, -15.35,   3.47,-495.99,  47.30,  33.21,  -0.49,   0.48,   0.42, 157.23, 4.10, 0.00, 0.00, 0.00, 0.00, 1, 1,  9,  39.7287257, -83.7060830,   449.0, 2025, 11, 23, 18, 18,  8,      171,      210, 134,  35,   1.5,   0.8,   1.3,  0,  0, 29, 26,  0,  0, 29, 29, 25,  0,  0,  0,  0,  0,  0, 30,  0,  0,  0,  0,  0,  0,  0,  0,  0, 28, 23, 33,  0,  0, 29,  0
6, 11026, 11,KE8EXM,    28.16, 7,    main,   -4.41,  96367.00,  421.14,  166.15,  -16.51, 21.5, 2.01, 3.30, 4.09,   5.07, -15.35,   3.47,-495.99,  47.30,  33.21,  -0.49,   0.48,   0.42, 157.23, 4.10, 0.00, 0.00, 0.00, 0.00, 1, 1,  9,  39.7287257, -83.7060830,   449.0, 2025, 11, 23, 18, 18,  8,      171,      210, 134,  35,   1.5,   0.8,   1.3,  0,  0, 29, 26,  0,  0, 29, 29, 25,  0,  0,  0,  0,  0,  0, 30,  0,  0,  0,  0,  0,  0,  0,  0,  0, 28, 23, 33,  0,  0, 29,  0
6, 11026, 11,KE8EXM,    28.18, 7,    main,   -4.41,  96367.00,  421.14,  166.15,  -16.51, 21.5, 2.02, 3.28, 4.09,   5.07, -15.35,   3.47,-495.99,  47.30,  33.21,  -0.49,   0.48,   0.42, 157.23, 4.09, 0.00, 0.00, 0.00, 0.00, 1, 1,  8,  39.7286280, -83.7060777,   433.0, 2025, 11, 23, 18, 18,  9,      179,      208, 136,  30,   1.6,   0.9,   1.3,  0,  0, 30, 26,  0,  0, 36, 32, 31,  0,  0,  0,  0,  0,  0, 25,  0,  0,  0,  0,  0,  0,  0,  0,  0, 29, 22, 27,  0,  0, 29,  0
6, 11026, 11,KE8EXM,    28.20, 7,    main,   30.40,  96385.00,  419.58,  164.59,  -15.81, 21.5, 2.02, 3.28, 4.09,  33.18,  -6.29,  -0.26, 234.23, 251.95, 226.20,  -0.37,   0.44,   0.37, 132.87, 4.09, 0.00, 0.00, 0.00, 0.00, 1, 1,  8,  39.7286280, -83.7060777,   433.0, 2025, 11, 23, 18, 18,  9,      179,      208, 136,  30,   1.6,   0.9,   1.3,  0,  0, 30, 26,  0,  0, 36, 32, 31,  0,  0,  0,  0,  0,  0, 25,  0,  0,  0,  0,  0,  0,  0,  0,  0, 29, 22, 27,  0,  0, 29,  0
6, 11026, 11,KE8EXM,    28.30, 7,    main,   37.76,  96471.00,  412.13,  157.14,  -15.11, 21.5, 2.02, 3.28, 4.09,  54.73,  -0.50,   5.48,-813.31,-112.01, 476.02,  -0.16,   0.03,   0.33, 103.07, 4.09, 0.00, 0.00, 0.00, 0.00, 1, 1,  8,  39.7286280, -83.7060777,   433.0, 2025, 11, 23, 18, 18,  9,      179,      208, 136,  30,   1.6,   0.9,   1.3,  0,  0, 30, 26,  0,  0, 36, 32, 31,  0,  0,  0,  0,  0,  0, 25,  0,  0,  0,  0,  0,  0,  0,  0,  0, 29, 22, 27,  0,  0, 29,  0
6, 11026, 11,KE8EXM,    28.40, 7,    main,   12.75,  96522.00,  407.71,  152.72,  -14.36, 21.5, 2.02, 3.28, 4.09,  22.74,   1.33,   6.42,-887.16, -59.76, 335.21,  -0.25,  -0.22,   0.16, 116.66, 4.09, 0.00, 0.00, 0.00, 0.00, 1, 1,  8,  39.7286280, -83.7060777,   433.0, 2025, 11, 23, 18, 18,  9,      179,      208, 136,  30,   1.6,   0.9,   1.3,  0,  0, 30, 26,  0,  0, 36, 32, 31,  0,  0,  0,  0,  0,  0, 25,  0,  0,  0,  0,  0,  0,  0,  0,  0, 29, 22, 27,  0,  0, 29,  0
6, 11026, 11,KE8EXM,    28.50, 7,    main,    9.81,  96478.00,  411.52,  156.53,  -13.57, 21.5, 2.01, 3.23, 4.07,  20.02,   2.39,   3.74,-810.87, -14.47, 183.66,  -0.32,   0.01,  -0.07, 134.78, 4.08, 0.00, 0.00, 0.00, 0.00, 1, 1,  8,  39.7286280, -83.7060777,   433.0, 2025, 11, 23, 18, 18,  9,      179,      208, 136,  30,   1.6,   0.9,   1.3,  0,  0, 30, 26,  0,  0, 36, 32, 31,  0,  0,  0,  0,  0,  0, 25,  0,  0,  0,  0,  0,  0,  0,  0,  0, 29, 22, 27,  0,  0, 29,  0
6, 11026, 11,KE8EXM,    28.50, 7,    main,    9.81,  96478.00,  411.52,  156.53,  -13.57, 21.5, 2.01, 3.23, 4.07,  20.02,   2.39,   3.74,-810.87, -14.47, 183.66,  -0.32,   0.01,  -0.07, 134.78, 4.08, 0.00, 0.00, 0.00, 0.00, 1, 1,  8,  39.7286280, -83.7060777,   433.0, 2025, 11, 23, 18, 18,  9,      179,      208, 136,  30,   1.6,   0.9,   1.3,  0,  0, 30, 26,  0,  0, 36, 32, 31,  0,  0,  0,  0,  0,  0, 25,  0,  0,  0,  0,  0,  0,  0,  0,  0, 29, 22, 27,  0,  0, 29,  0
6, 11026, 11,KE8EXM,    28.60, 7,    main,   -5.88,  96505.00,  409.18,  154.19,  -12.82, 21.5, 2.01, 3.23, 4.07,   5.80,   2.01,   0.78,-729.94, -68.18, 187.02,  -0.22,   0.24,   0.19, 126.13, 4.08, 0.00, 0.00, 0.00, 0.00, 1, 1,  8,  39.7286280, -83.7060777,   433.0, 2025, 11, 23, 18, 18,  9,      179,      208, 136,  30,   1.6,   0.9,   1.3,  0,  0, 30, 26,  0,  0, 36, 32, 31,  0,  0,  0,  0,  0,  0, 25,  0,  0,  0,  0,  0,  0,  0,  0,  0, 29, 22, 27,  0,  0, 29,  0
6, 11026, 11,KE8EXM,    28.70, 7,    main,    6.37,  96498.00,  409.79,  154.80,  -12.12, 21.5, 2.01, 3.23, 4.07,  17.39,  -0.73,   4.95,-854.14, -11.91,  96.08,  -0.17,   0.07,   0.42, 116.46, 4.08, 0.00, 0.00, 0.00, 0.00, 1, 1,  8,  39.7286280, -83.7060777,   433.0, 2025, 11, 23, 18, 18,  9,      179,      208, 136,  30,   1.6,   0.9,   1.3,  0,  0, 30, 26,  0,  0, 36, 32, 31,  0,  0,  0,  0,  0,  0, 25,  0,  0,  0,  0,  0,  0,  0,  0,  0, 29, 22, 27,  0,  0, 29,  0
6, 11026, 11,KE8EXM,    28.80, 7,    main,   13.73,  96531.00,  406.93,  151.94,  -11.45, 21.6, 2.01, 3.23, 4.07,  22.30,  -5.24,   1.37,-330.10, 113.28, 316.11,  -0.23,  -0.24,   0.35,  98.53, 4.08, 0.00, 0.00, 0.00, 0.00, 1, 1,  8,  39.7286280, -83.7060777,   433.0, 2025, 11, 23, 18, 18,  9,      179,      208, 136,  30,   1.6,   0.9,   1.3,  0,  0, 30, 26,  0,  0, 36, 32, 31,  0,  0,  0,  0,  0,  0, 25,  0,  0,  0,  0,  0,  0,  0,  0,  0, 29, 22, 27,  0,  0, 29,  0
6, 11026, 11,KE8EXM,    28.82, 7,    main,   13.73,  96531.00,  406.93,  151.94,  -11.45, 21.6, 2.05, 3.23, 4.08,  22.30,  -5.24,   1.37,-330.10, 113.28, 316.11,  -0.23,  -0.24,   0.35,  98.53, 4.08, 0.00, 0.00, 0.00, 0.00, 1, 1,  8,  39.7286280, -83.7060777,   433.0, 2025, 11, 23, 18, 18,  9,      179,      208, 136,  30,   1.6,   0.9,   1.3,  0,  0, 30, 26,  0,  0, 36, 32, 31,  0,  0,  0,  0,  0,  0, 25,  0,  0,  0,  0,  0,  0,  0,  0,  0, 29, 22, 27,  0,  0, 29,  0
6, 11026, 11,KE8EXM,    28.90, 7,    main,   11.28,  96542.00,  405.98,  150.99,  -10.81, 21.6, 2.05, 3.23, 4.08,  20.07,  -0.01,   2.31,-334.31, 101.62, 219.92,  -0.40,  -0.36,   0.10,  95.38, 4.08, 0.00, 0.00, 0.00, 0.00, 1, 1,  8,  39.7286280, -83.7060777,   433.0, 2025, 11, 23, 18, 18,  9,      179,      208, 136,  30,   1.6,   0.9,   1.3,  0,  0, 30, 26,  0,  0, 36, 32, 31,  0,  0,  0,  0,  0,  0, 25,  0,  0,  0,  0,  0,  0,  0,  0,  0, 29, 22, 27,  0,  0, 29,  0
6, 11026, 11,KE8EXM,    29.00, 7,    main,    2.45,  96541.00,  406.07,  151.07,  -10.18, 21.6, 2.05, 3.23, 4.08,  11.34,   1.20,   0.70,-503.25, -39.98, 113.90,  -0.46,  -0.12,  -0.15, 106.63, 4.08, 0.00, 0.00, 0.00, 0.00, 1, 1,  8,  39.7286280, -83.7060777,   433.0, 2025, 11, 23, 18, 18,  9,      179,      208, 136,  30,   1.6,   0.9,   1.3,  0,  0, 30, 26,  0,  0, 36, 32, 31,  0,  0,  0,  0,  0,  0, 25,  0,  0,  0,  0,  0,  0,  0,  0,  0, 29, 22, 27,  0,  0, 29,  0
6, 11026, 11,KE8EXM,    29.10, 7,    main,   -0.49,  96552.00,  405.12,  150.12,   -9.61, 21.6, 2.05, 3.23, 4.08,   9.45,   0.86,   2.35,-546.89, -35.22,  73.98,  -0.43,   0.24,  -0.11, 113.31, 4.08, 0.00, 0.00, 0.00, 0.00, 1, 1,  8,  39.7286280, -83.7060777,   433.0, 2025, 11, 23, 18, 18,  9,      179,      208, 136,  30,   1.6,   0.9,   1.3,  0,  0, 30, 26,  0,  0, 36, 32, 31,  0,  0,  0,  0,  0,  0, 25,  0,  0,  0,  0,  0,  0,  0,  0,  0, 29, 22, 27,  0,  0, 29,  0
6, 11026, 11,KE8EXM,    29.14, 7,    main,   -0.49,  96552.00,  405.12,  150.12,   -9.61, 21.6, 2.04, 3.21, 4.08,   9.45,   0.86,   2.35,-546.89, -35.22,  73.98,  -0.43,   0.24,  -0.11, 113.31, 4.10, 0.00, 0.00, 0.00, 0.00, 1, 1,  8,  39.7286280, -83.7060777,   433.0, 2025, 11, 23, 18, 18,  9,      179,      208, 136,  30,   1.6,   0.9,   1.3,  0,  0, 30, 26,  0,  0, 36, 32, 31,  0,  0,  0,  0,  0,  0, 25,  0,  0,  0,  0,  0,  0,  0,  0,  0, 29, 22, 27,  0,  0, 29,  0
6, 11026, 11,KE8EXM,    29.16, 7,    main,   -0.49,  96552.00,  405.12,  150.12,   -9.61, 21.6, 2.04, 3.21, 4.08,   9.45,   0.86,   2.35,-546.89, -35.22,  73.98,  -0.43,   0.24,  -0.11, 113.31, 4.10, 0.00, 0.00, 0.00, 0.00, 1, 1,  8,  39.7286280, -83.7060777,   433.0, 2025, 11, 23, 18, 18,  9,      179,      208, 136,  30,   1.6,   0.9,   1.3,  0,  0, 30, 26,  0,  0, 36, 32, 31,  0,  0,  0,  0,  0,  0, 25,  0,  0,  0,  0,  0,  0,  0,  0,  0, 29, 22, 27,  0,  0, 29,  0
6, 11026, 11,KE8EXM,    29.16, 7,    main,   -0.49,  96552.00,  405.12,  150.12,   -9.61, 21.6, 2.04, 3.21, 4.08,   9.45,   0.86,   2.35,-546.89, -35.22,  73.98,  -0.43,   0.24,  -0.11, 113.31, 4.10, 0.00, 0.00, 0.00, 0.00, 1, 1,  8,  39.7286280, -83.7060777,   433.0, 2025, 11, 23, 18, 18,  9,      179,      208, 136,  30,   1.6,   0.9,   1.3,  0,  0, 30, 26,  0,  0, 36, 32, 31,  0,  0,  0,  0,  0,  0, 25,  0,  0,  0,  0,  0,  0,  0,  0,  0, 29, 22, 27,  0,  0, 29,  0
6, 11026, 11,KE8EXM,    29.20, 7,    main,   -0.00,  96559.00,  404.51,  149.52,   -9.10, 21.6, 2.04, 3.21, 4.08,   8.98,   0.40,   1.96,-471.03,-163.27, 108.22,  -0.33,   0.40,   0.25, 102.37, 4.10, 0.00, 0.00, 0.00, 0.00, 1, 1,  8,  39.7285717, -83.7060384,   422.0, 2025, 11, 23, 18, 18, 10,      186,      209, 137,  27,   2.0,   0.8,   1.8,  0,  0, 29, 26,  0,  0, 29, 30, 26,  0,  0,  0,  0,  0,  0, 24,  0,  0,  0,  0,  0,  0,  0,  0,  0, 30, 23, 32,  0,  0, 29,  0
6, 11026, 11,KE8EXM,    29.30, 7,    main,   -0.49,  96573.00,  403.30,  148.30,   -8.60, 21.6, 2.04, 3.21, 4.08,  10.17,   1.12,   1.68,-565.57,-121.47, 115.79,  -0.30,   0.21,   0.60,  86.45, 4.10, 0.00, 0.00, 0.00, 0.00, 1, 1,  8,  39.7285717, -83.7060384,   422.0, 2025, 11, 23, 18, 18, 10,      186,      209, 137,  27,   2.0,   0.8,   1.8,  0,  0, 29, 26,  0,  0, 29, 30, 26,  0,  0,  0,  0,  0,  0, 24,  0,  0,  0,  0,  0,  0,  0,  0,  0, 30, 23, 32,  0,  0, 29,  0
6, 11026, 11,KE8EXM,    29.40, 7,    main,   -0.49,  96576.00,  403.04,  148.05,   -8.13, 21.6, 2.04, 3.21, 4.08,   9.38,   0.78,   2.05,-547.56, -93.69,  74.96,  -0.37,  -0.24,   0.64,  77.75, 4.10, 0.00, 0.00, 0.00, 0.00, 1, 1,  8,  39.7285717, -83.7060384,   422.0, 2025, 11, 23, 18, 18, 10,      186,      209, 137,  27,   2.0,   0.8,   1.8,  0,  0, 29, 26,  0,  0, 29, 30, 26,  0,  0,  0,  0,  0,  0, 24,  0,  0,  0,  0,  0,  0,  0,  0,  0, 30, 23, 32,  0,  0, 29,  0
6, 11026, 11,KE8EXM,    29.46, 7,    main,   -0.49,  96576.00,  403.04,  148.05,   -8.13, 21.6, 2.03, 3.20, 4.08,   9.38,   0.78,   2.05,-547.56, -93.69,  74.96,  -0.37,  -0.24,   0.64,  77.75, 4.10, 0.00, 0.00, 0.00, 0.00, 1, 1,  8,  39.7285717, -83.7060384,   422.0, 2025, 11, 23, 18, 18, 10,      186,      209, 137,  27,   2.0,   0.8,   1.8,  0,  0, 29, 26,  0,  0, 29, 30, 26,  0,  0,  0,  0,  0,  0, 24,  0,  0,  0,  0,  0,  0,  0,  0,  0, 30, 23, 32,  0,  0, 29,  0
6, 11026, 11,KE8EXM,    29.50, 7,    main,    1.47,  96570.00,  403.56,  148.56,   -7.68, 21.6, 2.03, 3.20, 4.08,  11.52,   1.56,   0.47,-480.06, -92.90,  55.61,  -0.45,  -0.44,   0.35,  80.94, 4.10, 0.00, 0.00, 0.00, 0.00, 1, 1,  8,  39.7285717, -83.7060384,   422.0, 2025, 11, 23, 18, 18, 10,      186,      209, 137,  27,   2.0,   0.8,   1.8,  0,  0, 29, 26,  0,  0, 29, 30, 26,  0,  0,  0,  0,  0,  0, 24,  0,  0,  0,  0,  0,  0,  0,  0,  0, 30, 23, 32,  0,  0, 29,  0
6, 11026, 11,KE8EXM,    29.60, 7,    main,    0.98,  96576.00,  403.04,  148.05,   -7.41, 21.6, 2.03, 3.20, 4.08,  10.32,   0.52,   1.01,-427.20, -63.85,  16.79,  -0.47,  -0.37,   0.05,  87.48, 4.10, 0.00, 0.00, 0.00, 0.00, 1, 1,  8,  39.7285717, -83.7060384,   422.0, 2025, 11, 23, 18, 18, 10,      186,      209, 137,  27,   2.0,   0.8,   1.8,  0,  0, 29, 26,  0,  0, 29, 30, 26,  0,  0,  0,  0,  0,  0, 24,  0,  0,  0,  0,  0,  0,  0,  0,  0, 30, 23, 32,  0,  0, 29,  0
6, 11026, 11,KE8EXM,    29.70, 7,    main,    1.47,  96575.00,  403.12,  148.13,   -7.14, 21.6, 2.03, 3.20, 4.08,  10.87,  -1.21,   4.91,  80.06, -84.36, -68.47,  -0.41,  -0.23,  -0.06,  87.76, 4.10, 0.00, 0.00, 0.00, 0.00, 1, 1,  8,  39.7285717, -83.7060384,   422.0, 2025, 11, 23, 18, 18, 10,      186,      209, 137,  27,   2.0,   0.8,   1.8,  0,  0, 29, 26,  0,  0, 29, 30, 26,  0,  0,  0,  0,  0,  0, 24,  0,  0,  0,  0,  0,  0,  0,  0,  0, 30, 23, 32,  0,  0, 29,  0
6, 11026, 11,KE8EXM,    29.78, 7,    main,    1.47,  96575.00,  403.12,  148.13,   -7.14, 21.6, 2.04, 3.16, 4.07,  10.87,  -1.21,   4.91,  80.06, -84.36, -68.47,  -0.41,  -0.23,  -0.06,  87.76, 4.08, 0.00, 0.00, 0.00, 0.00, 1, 1,  8,  39.7285717, -83.7060384,   422.0, 2025, 11, 23, 18, 18, 10,      186,      209, 137,  27,   2.0,   0.8,   1.8,  0,  0, 29, 26,  0,  0, 29, 30, 26,  0,  0,  0,  0,  0,  0, 24,  0,  0,  0,  0,  0,  0,  0,  0,  0, 30, 23, 32,  0,  0, 29,  0
6, 11026, 11,KE8EXM,    29.80, 7,    main,   -3.92,  96589.00,  401.91,  146.92,   -6.88, 21.7, 2.04, 3.16, 4.07,   8.68,   7.74,  13.65,1442.18,  32.04,-128.72,  -0.30,  -0.26,   0.55,  76.92, 4.08, 0.00, 0.00, 0.00, 0.00, 1, 1,  8,  39.7285717, -83.7060384,   422.0, 2025, 11, 23, 18, 18, 10,      186,      209, 137,  27,   2.0,   0.8,   1.8,  0,  0, 29, 26,  0,  0, 29, 30, 26,  0,  0,  0,  0,  0,  0, 24,  0,  0,  0,  0,  0,  0,  0,  0,  0, 30, 23, 32,  0,  0, 29,  0
6, 11026, 11,KE8EXM,    29.90, 7,    main,   -0.49,  96593.00,  401.57,  146.57,   -6.71, 21.7, 2.04, 3.16, 4.07,   5.80,  15.58,  13.86,1885.91,  45.34, 152.72,  -0.24,   0.24,   0.12,  63.36, 4.08, 0.00, 0.00, 0.00, 0.00, 1, 1,  8,  39.7285717, -83.7060384,   422.0, 2025, 11, 23, 18, 18, 10,      186,      209, 137,  27,   2.0,   0.8,   1.8,  0,  0, 29, 26,  0,  0, 29, 30, 26,  0,  0,  0,  0,  0,  0, 24,  0,  0,  0,  0,  0,  0,  0,  0,  0, 30, 23, 32,  0,  0, 29,  0
6, 11026, 11,KE8EXM,    30.00, 7,    main,    0.98,  96617.00,  399.49,  144.50,   -6.60, 21.7, 2.04, 3.16, 4.07,   9.35,   6.50,  18.28,1465.19,-105.35,   1.59,  -0.22,  -0.16,   0.50,  68.34, 4.08, 0.00, 0.00, 0.00, 0.00, 1, 1,  8,  39.7285717, -83.7060384,   422.0, 2025, 11, 23, 18, 18, 10,      186,      209, 137,  27,   2.0,   0.8,   1.8,  0,  0, 29, 26,  0,  0, 29, 30, 26,  0,  0,  0,  0,  0,  0, 24,  0,  0,  0,  0,  0,  0,  0,  0,  0, 30, 23, 32,  0,  0, 29,  0
6, 11026, 11,KE8EXM,    30.10, 7,    main,    7.85,  96640.00,  397.50,  142.51,   -6.55, 21.7, 2.05, 3.15, 4.07,  16.57,  -2.82,  -4.58, 908.73,  26.36,  -9.94,  -0.23,   0.27,   0.40,  69.17, 4.07, 0.00, 0.00, 0.00, 0.00, 1, 1,  8,  39.7285717, -83.7060384,   422.0, 2025, 11, 23, 18, 18, 10,      186,      209, 137,  27,   2.0,   0.8,   1.8,  0,  0, 29, 26,  0,  0, 29, 30, 26,  0,  0,  0,  0,  0,  0, 24,  0,  0,  0,  0,  0,  0,  0,  0,  0, 30, 23, 32,  0,  0, 29,  0
6, 11026, 11,KE8EXM,    30.10, 7,    main,    7.85,  96640.00,  397.50,  142.51,   -6.55, 21.7, 2.05, 3.15, 4.07,  16.57,  -2.82,  -4.58, 908.73,  26.36,  -9.94,  -0.23,   0.27,   0.40,  69.17, 4.07, 0.00, 0.00, 0.00, 0.00, 1, 1,  8,  39.7285717, -83.7060384,   422.0, 2025, 11, 23, 18, 18, 10,      186,      209, 137,  27,   2.0,   0.8,   1.8,  0,  0, 29, 26,  0,  0, 29, 30, 26,  0,  0,  0,  0,  0,  0, 24,  0,  0,  0,  0,  0,  0,  0,  0,  0, 30, 23, 32,  0,  0, 29,  0
6, 11026, 11,KE8EXM,    30.16, 7,    main,    7.85,  96640.00,  397.50,  142.51,   -6.55, 21.7, 2.05, 3.15, 4.07,  16.57,  -2.82,  -4.58, 908.73,  26.36,  -9.94,  -0.23,   0.27,   0.40,  69.17, 4.07, 0.00, 0.00, 0.00, 0.00, 1, 1,  8,  39.7285717, -83.7060384,   422.0, 2025, 11, 23, 18, 18, 10,      186,      209, 137,  27,   2.0,   0.8,   1.8,  0,  0, 29, 26,  0,  0, 29, 30, 26,  0,  0,  0,  0,  0,  0, 24,  0,  0,  0,  0,  0,  0,  0,  0,  0, 30, 23, 32,  0,  0, 29,  0
6, 11026, 11,KE8EXM,    30.16, 7,    main,    7.85,  96640.00,  397.50,  142.51,   -6.55, 21.7, 2.05, 3.15, 4.07,  16.57,  -2.82,  -4.58, 908.73,  26.36,  -9.94,  -0.23,   0.27,   0.40,  69.17, 4.07, 0.00, 0.00, 0.00, 0.00, 1, 1,  8,  39.7285717, -83.7060384,   422.0, 2025, 11, 23, 18, 18, 10,      186,      209, 137,  27,   2.0,   0.8,   1.8,  0,  0, 29, 26,  0,  0, 29, 30, 26,  0,  0,  0,  0,  0,  0, 24,  0,  0,  0,  0,  0,  0,  0,  0,  0, 30, 23, 32,  0,  0, 29,  0
6, 11026, 11,KE8EXM,    30.20, 7,    main,  -13.24,  96620.00,  399.23,  144.24,   -6.54, 21.7, 2.05, 3.15, 4.07,  -3.77,   9.53, -13.72, 382.25,  78.24, 234.26,  -0.21,   0.13,   0.12,  77.24, 4.07, 0.00, 0.00, 0.00, 0.00, 1, 1,  9,  39.7285352, -83.7059846,   415.0, 2025, 11, 23, 18, 18, 11,      192,      211, 137,  24,   1.5,   0.8,   1.3,  0,  0, 22, 26,  0,  0, 28, 29, 31,  0,  0,  0,  0,  0,  0, 25,  0,  0,  0,  0,  0,  0,  0,  0,  0, 30, 27, 28,  0,  0, 29,  0
6, 11026, 11,KE8EXM,    30.30, 7,    main,    0.98,  96632.00,  398.19,  143.20,   -6.61, 21.7, 2.05, 3.15, 4.07,  12.48,  -1.27,  -2.27,-111.41, -91.07,-137.02,  -0.20,   0.10,   0.12,  61.49, 4.07, 0.00, 0.00, 0.00, 0.00, 1, 1,  9,  39.7285352, -83.7059846,   415.0, 2025, 11, 23, 18, 18, 11,      192,      211, 137,  24,   1.5,   0.8,   1.3,  0,  0, 22, 26,  0,  0, 28, 29, 31,  0,  0,  0,  0,  0,  0, 25,  0,  0,  0,  0,  0,  0,  0,  0,  0, 30, 27, 28,  0,  0, 29,  0
6, 11026, 11,KE8EXM,    30.40, 7,    main,   10.79,  96638.00,  397.67,  142.68,   -6.71, 21.7, 2.05, 3.15, 4.07,  13.31,   4.32,  -1.42, -13.02,  13.30,  37.48,  -0.19,   0.16,   0.19,  64.44, 4.07, 0.00, 0.00, 0.00, 0.00, 1, 1,  9,  39.7285352, -83.7059846,   415.0, 2025, 11, 23, 18, 18, 11,      192,      211, 137,  24,   1.5,   0.8,   1.3,  0,  0, 22, 26,  0,  0, 28, 29, 31,  0,  0,  0,  0,  0,  0, 25,  0,  0,  0,  0,  0,  0,  0,  0,  0, 30, 27, 28,  0,  0, 29,  0
6, 11026, 11,KE8EXM,    30.42, 7,    main,   10.79,  96638.00,  397.67,  142.68,   -6.71, 21.7, 2.07, 3.13, 4.07,  13.31,   4.32,  -1.42, -13.02,  13.30,  37.48,  -0.19,   0.16,   0.19,  64.44, 4.07, 0.00, 0.00, 0.00, 0.00, 1, 1,  9,  39.7285352, -83.7059846,   415.0, 2025, 11, 23, 18, 18, 11,      192,      211, 137,  24,   1.5,   0.8,   1.3,  0,  0, 22, 26,  0,  0, 28, 29, 31,  0,  0,  0,  0,  0,  0, 25,  0,  0,  0,  0,  0,  0,  0,  0,  0, 30, 27, 28,  0,  0, 29,  0
6, 11026, 11,KE8EXM,    30.50, 7,    main,    6.86,  96653.00,  396.38,  141.38,   -6.80, 21.7, 2.07, 3.13, 4.07,  17.44,  -7.94,  -1.72,   4.38, 153.25,  93.15,  -0.22,   0.06,   0.08,  82.27, 4.07, 0.00, 0.00, 0.00, 0.00, 1, 1,  9,  39.7285352, -83.7059846,   415.0, 2025, 11, 23, 18, 18, 11,      192,      211, 137,  24,   1.5,   0.8,   1.3,  0,  0, 22, 26,  0,  0, 28, 29, 31,  0,  0,  0,  0,  0,  0, 25,  0,  0,  0,  0,  0,  0,  0,  0,  0, 30, 27, 28,  0,  0, 29,  0
6, 11026, 11,KE8EXM,    30.60, 7,    main,    4.41,  96668.00,  395.08,  140.09,   -6.92, 21.7, 2.07, 3.13, 4.07,  10.30,  -7.82,   7.48,   9.56, -25.70, -50.90,  -0.24,   0.07,   0.03,  77.68, 4.07, 0.00, 0.00, 0.00, 0.00, 1, 1,  9,  39.7285352, -83.7059846,   415.0, 2025, 11, 23, 18, 18, 11,      192,      211, 137,  24,   1.5,   0.8,   1.3,  0,  0, 22, 26,  0,  0, 28, 29, 31,  0,  0,  0,  0,  0,  0, 25,  0,  0,  0,  0,  0,  0,  0,  0,  0, 30, 27, 28,  0,  0, 29,  0
6, 11026, 11,KE8EXM,    30.70, 7,    main,    0.49,  96676.00,  394.39,  139.39,   -7.04, 21.7, 2.07, 3.13, 4.07,  11.54,  -8.43,   3.11, 240.70,   1.76,  12.70,  -0.22,   0.05,   0.07,  78.42, 4.07, 0.00, 0.00, 0.00, 0.00, 1, 1,  9,  39.7285352, -83.7059846,   415.0, 2025, 11, 23, 18, 18, 11,      192,      211, 137,  24,   1.5,   0.8,   1.3,  0,  0, 22, 26,  0,  0, 28, 29, 31,  0,  0,  0,  0,  0,  0, 25,  0,  0,  0,  0,  0,  0,  0,  0,  0, 30, 27, 28,  0,  0, 29,  0
6, 11026, 11,KE8EXM,    30.74, 7,    main,    0.49,  96676.00,  394.39,  139.39,   -7.04, 21.7, 2.05, 3.14, 4.09,  11.54,  -8.43,   3.11, 240.70,   1.76,  12.70,  -0.22,   0.05,   0.07,  78.42, 4.08, 0.00, 0.00, 0.00, 0.00, 1, 1,  9,  39.7285352, -83.7059846,   415.0, 2025, 11, 23, 18, 18, 11,      192,      211, 137,  24,   1.5,   0.8,   1.3,  0,  0, 22, 26,  0,  0, 28, 29, 31,  0,  0,  0,  0,  0,  0, 25,  0,  0,  0,  0,  0,  0,  0,  0,  0, 30, 27, 28,  0,  0, 29,  0
6, 11026, 11,KE8EXM,    30.80, 7,    main,    7.35,  96681.00,  393.96,  138.96,   -7.18, 21.7, 2.05, 3.14, 4.09,  14.12,  -6.50,   0.35, 144.27,  32.65,  80.88,  -0.25,  -0.11,   0.06,  86.79, 4.08, 0.00, 0.00, 0.00, 0.00, 1, 1,  9,  39.7285352, -83.7059846,   415.0, 2025, 11, 23, 18, 18, 11,      192,      211, 137,  24,   1.5,   0.8,   1.3,  0,  0, 22, 26,  0,  0, 28, 29, 31,  0,  0,  0,  0,  0,  0, 25,  0,  0,  0,  0,  0,  0,  0,  0,  0, 30, 27, 28,  0,  0, 29,  0
6, 11026, 11,KE8EXM,    30.90, 7,    main,    6.86,  96684.00,  393.70,  138.70,   -7.34, 21.7, 2.05, 3.14, 4.09,  16.91,  -8.23,  -0.55, -62.88, -16.18,  -0.60,  -0.26,  -0.14,   0.05,  86.09, 4.08, 0.00, 0.00, 0.00, 0.00, 1, 1,  9,  39.7285352, -83.7059846,   415.0, 2025, 11, 23, 18, 18, 11,      192,      211, 137,  24,   1.5,   0.8,   1.3,  0,  0, 22, 26,  0,  0, 28, 29, 31,  0,  0,  0,  0,  0,  0, 25,  0,  0,  0,  0,  0,  0,  0,  0,  0, 30, 27, 28,  0,  0, 29,  0
6, 11026, 11,KE8EXM,    31.00, 7,    main,    0.98,  96689.00,  393.26,  138.27,   -7.48, 21.7, 2.05, 3.14, 4.09,  11.35,  -5.85,   0.40,   4.07,   2.80, -30.02,  -0.25,  -0.10,   0.05,  83.63, 4.08, 0.00, 0.00, 0.00, 0.00, 1, 1,  9,  39.7285352, -83.7059846,   415.0, 2025, 11, 23, 18, 18, 11,      192,      211, 137,  24,   1.5,   0.8,   1.3,  0,  0, 22, 26,  0,  0, 28, 29, 31,  0,  0,  0,  0,  0,  0, 25,  0,  0,  0,  0,  0,  0,  0,  0,  0, 30, 27, 28,  0,  0, 29,  0
6, 11026, 11,KE8EXM,    31.06, 7,    main,    0.98,  96689.00,  393.26,  138.27,   -7.48, 21.7, 2.06, 3.13, 4.08,  11.35,  -5.85,   0.40,   4.07,   2.80, -30.02,  -0.25,  -0.10,   0.05,  83.63, 4.10, 0.00, 0.00, 0.00, 0.00, 1, 1,  9,  39.7285352, -83.7059846,   415.0, 2025, 11, 23, 18, 18, 11,      192,      211, 137,  24,   1.5,   0.8,   1.3,  0,  0, 22, 26,  0,  0, 28, 29, 31,  0,  0,  0,  0,  0,  0, 25,  0,  0,  0,  0,  0,  0,  0,  0,  0, 30, 27, 28,  0,  0, 29,  0
6, 11026, 11,KE8EXM,    31.10, 7,    main,    1.96,  96685.00,  393.61,  138.62,   -7.63, 21.7, 2.06, 3.13, 4.08,  12.11,  -4.35,   1.66,  13.17,  11.41,  -5.49,  -0.25,  -0.10,   0.05,  83.72, 4.10, 0.00, 0.00, 0.00, 0.00, 1, 1,  9,  39.7285352, -83.7059846,   415.0, 2025, 11, 23, 18, 18, 11,      192,      211, 137,  24,   1.5,   0.8,   1.3,  0,  0, 22, 26,  0,  0, 28, 29, 31,  0,  0,  0,  0,  0,  0, 25,  0,  0,  0,  0,  0,  0,  0,  0,  0, 30, 27, 28,  0,  0, 29,  0
6, 11026, 11,KE8EXM,    31.16, 7,    main,    1.96,  96685.00,  393.61,  138.62,   -7.63, 21.7, 2.06, 3.13, 4.08,  12.11,  -4.35,   1.66,  13.17,  11.41,  -5.49,  -0.25,  -0.10,   0.05,  83.72, 4.10, 0.00, 0.00, 0.00, 0.00, 1, 1,  9,  39.7285352, -83.7059846,   415.0, 2025, 11, 23, 18, 18, 11,      192,      211, 137,  24,   1.5,   0.8,   1.3,  0,  0, 22, 26,  0,  0, 28, 29, 31,  0,  0,  0,  0,  0,  0, 25,  0,  0,  0,  0,  0,  0,  0,  0,  0, 30, 27, 28,  0,  0, 29,  0
6, 11026, 11,KE8EXM,    31.16, 7,    main,    1.96,  96685.00,  393.61,  138.62,   -7.63, 21.7, 2.06, 3.13, 4.08,  12.11,  -4.35,   1.66,  13.17,  11.41,  -5.49,  -0.25,  -0.10,   0.05,  83.72, 4.10, 0.00, 0.00, 0.00, 0.00, 1, 1,  9,  39.7285352, -83.7059846,   415.0, 2025, 11, 23, 18, 18, 11,      192,      211, 137,  24,   1.5,   0.8,   1.3,  0,  0, 22, 26,  0,  0, 28, 29, 31,  0,  0,  0,  0,  0,  0, 25,  0,  0,  0,  0,  0,  0,  0,  0,  0, 30, 27, 28,  0,  0, 29,  0
6, 11026, 11,KE8EXM,    31.20, 7,    main,   -2.45,  96687.00,  393.44,  138.44,   -7.77, 21.7, 2.06, 3.13, 4.08,   9.19,  -3.51,   1.96,  37.09,  11.53,  18.87,  -0.26,  -0.13,   0.05,  85.93, 4.10, 0.00, 0.00, 0.00, 0.00, 1, 1,  8,  39.7285029, -83.7059376,   410.0, 2025, 11, 23, 18, 18, 12,      198,      214, 137,  23,   1.6,   0.9,   1.3,  0,  0, 25, 27,  0,  0, 38, 19, 35,  0,  0,  0,  0,  0,  0, 25,  0,  0,  0,  0,  0,  0,  0,  0,  0, 30, 28, 28,  0,  0, 30,  0
6, 11026, 11,KE8EXM,    31.30, 7,    main,   -6.37,  96683.00,  393.78,  138.79,   -7.90, 21.7, 2.06, 3.13, 4.08,   4.08,  -1.97,   1.09,  47.89, -12.52, -22.82,  -0.26,  -0.14,   0.06,  83.33, 4.10, 0.00, 0.00, 0.00, 0.00, 1, 1,  8,  39.7285029, -83.7059376,   410.0, 2025, 11, 23, 18, 18, 12,      198,      214, 137,  23,   1.6,   0.9,   1.3,  0,  0, 25, 27,  0,  0, 38, 19, 35,  0,  0,  0,  0,  0,  0, 25,  0,  0,  0,  0,  0,  0,  0,  0,  0, 30, 28, 28,  0,  0, 30,  0
6, 11026, 11,KE8EXM,    31.38, 7,    main,   -6.37,  96683.00,  393.78,  138.79,   -7.90, 21.7, 2.04, 3.12, 4.07,   4.08,  -1.97,   1.09,  47.89, -12.52, -22.82,  -0.26,  -0.14,   0.06,  83.33, 4.08, 0.00, 0.00, 0.00, 0.00, 1, 1,  8,  39.7285029, -83.7059376,   410.0, 2025, 11, 23, 18, 18, 12,      198,      214, 137,  23,   1.6,   0.9,   1.3,  0,  0, 25, 27,  0,  0, 38, 19, 35,  0,  0,  0,  0,  0,  0, 25,  0,  0,  0,  0,  0,  0,  0,  0,  0, 30, 28, 28,  0,  0, 30,  0
6, 11026, 11,KE8EXM,    31.40, 7,    main,   -7.85,  96703.00,  392.05,  137.06,   -8.02, 21.7, 2.04, 3.12, 4.07,   3.25,  -0.29,   1.07,  98.80, -11.24, -56.21,  -0.24,  -0.14,   0.09,  77.67, 4.08, 0.00, 0.00, 0.00, 0.00, 1, 1,  8,  39.7285029, -83.7059376,   410.0, 2025, 11, 23, 18, 18, 12,      198,      214, 137,  23,   1.6,   0.9,   1.3,  0,  0, 25, 27,  0,  0, 38, 19, 35,  0,  0,  0,  0,  0,  0, 25,  0,  0,  0,  0,  0,  0,  0,  0,  0, 30, 28, 28,  0,  0, 30,  0
6, 11026, 11,KE8EXM,    31.50, 7,    main,    8.34,  96715.00,  391.02,  136.02,   -8.12, 21.7, 2.04, 3.12, 4.07,  16.25,  -2.56,   2.65, 135.17,   7.68, -59.87,  -0.22,  -0.13,   0.13,  71.93, 4.08, 0.00, 0.00, 0.00, 0.00, 1, 1,  8,  39.7285029, -83.7059376,   410.0, 2025, 11, 23, 18, 18, 12,      198,      214, 137,  23,   1.6,   0.9,   1.3,  0,  0, 25, 27,  0,  0, 38, 19, 35,  0,  0,  0,  0,  0,  0, 25,  0,  0,  0,  0,  0,  0,  0,  0,  0, 30, 28, 28,  0,  0, 30,  0
6, 11026, 11,KE8EXM,    31.60, 7,    main,    3.43,  96738.00,  389.03,  134.04,   -8.21, 21.7, 2.04, 3.12, 4.07,  15.73,  -4.66,   3.92, 114.00,   1.15,-149.90,  -0.19,  -0.08,   0.15,  56.95, 4.08, 0.00, 0.00, 0.00, 0.00, 1, 1,  8,  39.7285029, -83.7059376,   410.0, 2025, 11, 23, 18, 18, 12,      198,      214, 137,  23,   1.6,   0.9,   1.3,  0,  0, 25, 27,  0,  0, 38, 19, 35,  0,  0,  0,  0,  0,  0, 25,  0,  0,  0,  0,  0,  0,  0,  0,  0, 30, 28, 28,  0,  0, 30,  0
6, 11026, 11,KE8EXM,    31.70, 7,    main,   -5.88,  96758.00,  387.30,  132.31,   -8.27, 21.7, 2.06, 3.11, 4.07,   6.41,   0.70,   1.26,  78.23,  -3.97, -28.68,  -0.18,  -0.02,   0.16,  54.27, 4.09, 0.00, 0.00, 0.00, 0.00, 1, 1,  8,  39.7285029, -83.7059376,   410.0, 2025, 11, 23, 18, 18, 12,      198,      214, 137,  23,   1.6,   0.9,   1.3,  0,  0, 25, 27,  0,  0, 38, 19, 35,  0,  0,  0,  0,  0,  0, 25,  0,  0,  0,  0,  0,  0,  0,  0,  0, 30, 28, 28,  0,  0, 30,  0
6, 11026, 11,KE8EXM,    31.70, 7,    main,   -5.88,  96758.00,  387.30,  132.31,   -8.27, 21.7, 2.06, 3.11, 4.07,   6.41,   0.70,   1.26,  78.23,  -3.97, -28.68,  -0.18,  -0.02,   0.16,  54.27, 4.09, 0.00, 0.00, 0.00, 0.00, 1, 1,  8,  39.7285029, -83.7059376,   410.0, 2025, 11, 23, 18, 18, 12,      198,      214, 137,  23,   1.6,   0.9,   1.3,  0,  0, 25, 27,  0,  0, 38, 19, 35,  0,  0,  0,  0,  0,  0, 25,  0,  0,  0,  0,  0,  0,  0,  0,  0, 30, 28, 28,  0,  0, 30,  0
6, 11026, 11,KE8EXM,    31.80, 7,    main,    3.43,  96775.00,  385.83,  130.84,   -8.32, 21.7, 2.06, 3.11, 4.07,  20.61,  -1.75,   2.08, 173.20,  51.75,  89.97,  -0.19,  -0.07,   0.16,  60.95, 4.09, 0.00, 0.00, 0.00, 0.00, 1, 1,  8,  39.7285029, -83.7059376,   410.0, 2025, 11, 23, 18, 18, 12,      198,      214, 137,  23,   1.6,   0.9,   1.3,  0,  0, 25, 27,  0,  0, 38, 19, 35,  0,  0,  0,  0,  0,  0, 25,  0,  0,  0,  0,  0,  0,  0,  0,  0, 30, 28, 28,  0,  0, 30,  0
6, 11026, 11,KE8EXM,    31.90, 7,    main,    8.34,  96782.00,  385.23,  130.23,   -8.35, 21.7, 2.06, 3.11, 4.07,  16.20,  -3.36,   5.38, 218.91,  14.95, -25.87,  -0.21,  -0.17,   0.19,  57.97, 4.09, 0.00, 0.00, 0.00, 0.00, 1, 1,  8,  39.7285029, -83.7059376,   410.0, 2025, 11, 23, 18, 18, 12,      198,      214, 137,  23,   1.6,   0.9,   1.3,  0,  0, 25, 27,  0,  0, 38, 19, 35,  0,  0,  0,  0,  0,  0, 25,  0,  0,  0,  0,  0,  0,  0,  0,  0, 30, 28, 28,  0,  0, 30,  0
6, 11026, 11,KE8EXM,    32.00, 7,    main,    4.41,  96799.00,  383.76,  128.76,   -8.37, 21.8, 2.06, 3.11, 4.07,  13.75,  -1.21,   6.66, 287.82,  49.80,-112.18,  -0.18,  -0.11,   0.24,  48.02, 4.09, 0.00, 0.00, 0.00, 0.00, 1, 1,  8,  39.7285029, -83.7059376,   410.0, 2025, 11, 23, 18, 18, 12,      198,      214, 137,  23,   1.6,   0.9,   1.3,  0,  0, 25, 27,  0,  0, 38, 19, 35,  0,  0,  0,  0,  0,  0, 25,  0,  0,  0,  0,  0,  0,  0,  0,  0, 30, 28, 28,  0,  0, 30,  0
6, 11026, 11,KE8EXM,    32.02, 7,    main,    4.41,  96799.00,  383.76,  128.76,   -8.37, 21.8, 2.07, 3.10, 4.09,  13.75,  -1.21,   6.66, 287.82,  49.80,-112.18,  -0.18,  -0.11,   0.24,  48.02, 4.09, 0.00, 0.00, 0.00, 0.00, 1, 1,  8,  39.7285029, -83.7059376,   410.0, 2025, 11, 23, 18, 18, 12,      198,      214, 137,  23,   1.6,   0.9,   1.3,  0,  0, 25, 27,  0,  0, 38, 19, 35,  0,  0,  0,  0,  0,  0, 25,  0,  0,  0,  0,  0,  0,  0,  0,  0, 30, 28, 28,  0,  0, 30,  0
6, 11026, 11,KE8EXM,    32.10, 7,    main,    1.47,  96804.00,  383.33,  128.33,   -8.37, 21.8, 2.07, 3.10, 4.09,  13.84,  -2.43,   5.67,  21.28,  27.83,  80.21,  -0.20,  -0.14,   0.22,  45.56, 4.09, 0.00, 0.00, 0.00, 0.00, 1, 1,  8,  39.7285029, -83.7059376,   410.0, 2025, 11, 23, 18, 18, 12,      198,      214, 137,  23,   1.6,   0.9,   1.3,  0,  0, 25, 27,  0,  0, 38, 19, 35,  0,  0,  0,  0,  0,  0, 25,  0,  0,  0,  0,  0,  0,  0,  0,  0, 30, 28, 28,  0,  0, 30,  0
6, 11026, 11,KE8EXM,    32.16, 7,    main,    1.47,  96804.00,  383.33,  128.33,   -8.37, 21.8, 2.07, 3.10, 4.09,  13.84,  -2.43,   5.67,  21.28,  27.83,  80.21,  -0.20,  -0.14,   0.22,  45.56, 4.09, 0.00, 0.00, 0.00, 0.00, 1, 1,  8,  39.7285029, -83.7059376,   410.0, 2025, 11, 23, 18, 18, 12,      198,      214, 137,  23,   1.6,   0.9,   1.3,  0,  0, 25, 27,  0,  0, 38, 19, 35,  0,  0,  0,  0,  0,  0, 25,  0,  0,  0,  0,  0,  0,  0,  0,  0, 30, 28, 28,  0,  0, 30,  0
6, 11026, 11,KE8EXM,    32.16, 7,    main,    1.47,  96804.00,  383.33,  128.33,   -8.37, 21.8, 2.07, 3.10, 4.09,  13.84,  -2.43,   5.67,  21.28,  27.83,  80.21,  -0.20,  -0.14,   0.22,  45.56, 4.09, 0.00, 0.00, 0.00, 0.00, 1, 1,  8,  39.7285029, -83.7059376,   410.0, 2025, 11, 23, 18, 18, 12,      198,      214, 137,  23,   1.6,   0.9,   1.3,  0,  0, 25, 27,  0,  0, 38, 19, 35,  0,  0,  0,  0,  0,  0, 25,  0,  0,  0,  0,  0,  0,  0,  0,  0, 30, 28, 28,  0,  0, 30,  0
6, 11026, 11,KE8EXM,    32.20, 7,    main,    0.98,  96809.00,  382.89,  127.90,   -8.34, 21.8, 2.07, 3.10, 4.09,  13.27,  -4.93,   6.64,  37.27,   3.78,  71.66,  -0.23,  -0.22,   0.22,  46.15, 4.09, 0.00, 0.00, 0.00, 0.00, 1, 1,  9,  39.7284366, -83.7058567,   406.0, 2025, 11, 23, 18, 18, 13,      208,      222, 137,  21,   1.5,   0.8,   1.3,  0,  0, 26, 27,  0,  0, 32, 29, 28,  0,  0,  0,  0,  0,  0, 25,  0,  0,  0,  0,  0,  0,  0,  0,  0, 30, 27, 20,  0,  0, 30,  0
6, 11026, 11,KE8EXM,    32.30, 7,    main,    0.49,  96825.00,  381.51,  126.52,   -8.30, 21.8, 2.07, 3.10, 4.09,  11.02,  -1.65,   5.17,  89.89,  34.60, -67.38,  -0.22,  -0.21,   0.24,  42.22, 4.09, 0.00, 0.00, 0.00, 0.00, 1, 1,  9,  39.7284366, -83.7058567,   406.0, 2025, 11, 23, 18, 18, 13,      208,      222, 137,  21,   1.5,   0.8,   1.3,  0,  0, 26, 27,  0,  0, 32, 29, 28,  0,  0,  0,  0,  0,  0, 25,  0,  0,  0,  0,  0,  0,  0,  0,  0, 30, 27, 20,  0,  0, 30,  0
6, 11026, 11,KE8EXM,    32.34, 7,    main,    0.49,  96825.00,  381.51,  126.52,   -8.30, 21.8, 2.05, 3.09, 4.07,  11.02,  -1.65,   5.17,  89.89,  34.60, -67.38,  -0.22,  -0.21,   0.24,  42.22, 4.09, 0.00, 0.00, 0.00, 0.00, 1, 1,  9,  39.7284366, -83.7058567,   406.0, 2025, 11, 23, 18, 18, 13,      208,      222, 137,  21,   1.5,   0.8,   1.3,  0,  0, 26, 27,  0,  0, 32, 29, 28,  0,  0,  0,  0,  0,  0, 25,  0,  0,  0,  0,  0,  0,  0,  0,  0, 30, 27, 20,  0,  0, 30,  0
6, 11026, 11,KE8EXM,    32.40, 7,    main,   -0.49,  96831.00,  380.99,  126.00,   -8.24, 21.8, 2.05, 3.09, 4.07,   9.66,  -1.01,   5.07, -99.02,  36.62,  -6.04,  -0.21,  -0.17,   0.20,  38.70, 4.09, 0.00, 0.00, 0.00, 0.00, 1, 1,  9,  39.7284366, -83.7058567,   406.0, 2025, 11, 23, 18, 18, 13,      208,      222, 137,  21,   1.5,   0.8,   1.3,  0,  0, 26, 27,  0,  0, 32, 29, 28,  0,  0,  0,  0,  0,  0, 25,  0,  0,  0,  0,  0,  0,  0,  0,  0, 30, 27, 20,  0,  0, 30,  0
6, 11026, 11,KE8EXM,    32.50, 7,    main,    1.47,  96841.00,  380.13,  125.14,   -8.17, 21.8, 2.05, 3.09, 4.07,  10.45,  -1.93,   5.37,-196.00,  18.67,  38.09,  -0.23,  -0.15,   0.12,  37.01, 4.09, 0.00, 0.00, 0.00, 0.00, 1, 1,  9,  39.7284366, -83.7058567,   406.0, 2025, 11, 23, 18, 18, 13,      208,      222, 137,  21,   1.5,   0.8,   1.3,  0,  0, 26, 27,  0,  0, 32, 29, 28,  0,  0,  0,  0,  0,  0, 25,  0,  0,  0,  0,  0,  0,  0,  0,  0, 30, 27, 20,  0,  0, 30,  0
6, 11026, 11,KE8EXM,    32.60, 7,    main,   -4.41,  96844.00,  379.87,  124.88,   -8.11, 21.8, 2.05, 3.09, 4.07,   7.77,  -0.64,   6.09, -64.59, -21.31,  -0.73,  -0.23,  -0.12,   0.10,  38.92, 4.09, 0.00, 0.00, 0.00, 0.00, 1, 1,  9,  39.7284366, -83.7058567,   406.0, 2025, 11, 23, 18, 18, 13,      208,      222, 137,  21,   1.5,   0.8,   1.3,  0,  0, 26, 27,  0,  0, 32, 29, 28,  0,  0,  0,  0,  0,  0, 25,  0,  0,  0,  0,  0,  0,  0,  0,  0, 30, 27, 20,  0,  0, 30,  0
6, 11026, 11,KE8EXM,    32.66, 7,    main,   -4.41,  96844.00,  379.87,  124.88,   -8.11, 21.8, 2.07, 3.09, 4.08,   7.77,  -0.64,   6.09, -64.59, -21.31,  -0.73,  -0.23,  -0.12,   0.10,  38.92, 4.10, 0.00, 0.00, 0.00, 0.00, 1, 1,  9,  39.7284366, -83.7058567,   406.0, 2025, 11, 23, 18, 18, 13,      208,      222, 137,  21,   1.5,   0.8,   1.3,  0,  0, 26, 27,  0,  0, 32, 29, 28,  0,  0,  0,  0,  0,  0, 25,  0,  0,  0,  0,  0,  0,  0,  0,  0, 30, 27, 20,  0,  0, 30,  0
6, 11026, 11,KE8EXM,    32.70, 7,    main,   -1.47,  96843.00,  379.96,  124.96,   -8.04, 21.8, 2.07, 3.09, 4.08,   8.64,   0.98,   2.28,   6.51, -41.75, -19.52,  -0.21,  -0.11,   0.13,  41.71, 4.10, 0.00, 0.00, 0.00, 0.00, 1, 1,  9,  39.7284366, -83.7058567,   406.0, 2025, 11, 23, 18, 18, 13,      208,      222, 137,  21,   1.5,   0.8,   1.3,  0,  0, 26, 27,  0,  0, 32, 29, 28,  0,  0,  0,  0,  0,  0, 25,  0,  0,  0,  0,  0,  0,  0,  0,  0, 30, 27, 20,  0,  0, 30,  0
6, 11026, 11,KE8EXM,    32.80, 7,    main,   -0.49,  96866.00,  377.97,  122.98,   -7.97, 21.8, 2.07, 3.09, 4.08,   8.26,   0.90,   2.57, -26.51,  -6.05,  15.88,  -0.21,  -0.10,   0.14,  42.94, 4.10, 0.00, 0.00, 0.00, 0.00, 1, 1,  9,  39.7284366, -83.7058567,   406.0, 2025, 11, 23, 18, 18, 13,      208,      222, 137,  21,   1.5,   0.8,   1.3,  0,  0, 26, 27,  0,  0, 32, 29, 28,  0,  0,  0,  0,  0,  0, 25,  0,  0,  0,  0,  0,  0,  0,  0,  0, 30, 27, 20,  0,  0, 30,  0
6, 11026, 11,KE8EXM,    32.90, 7,    main,   -0.00,  96868.00,  377.80,  122.81,   -7.90, 21.8, 2.07, 3.09, 4.08,   9.35,  -0.63,   3.21, -22.36, -28.81,  13.62,  -0.21,  -0.11,   0.14,  46.12, 4.10, 0.00, 0.00, 0.00, 0.00, 1, 1,  9,  39.7284366, -83.7058567,   406.0, 2025, 11, 23, 18, 18, 13,      208,      222, 137,  21,   1.5,   0.8,   1.3,  0,  0, 26, 27,  0,  0, 32, 29, 28,  0,  0,  0,  0,  0,  0, 25,  0,  0,  0,  0,  0,  0,  0,  0,  0, 30, 27, 20,  0,  0, 30,  0
6, 11026, 11,KE8EXM,    32.98, 7,    main,   -0.00,  96868.00,  377.80,  122.81,   -7.90, 21.8, 2.07, 3.09, 4.08,   9.35,  -0.63,   3.21, -22.36, -28.81,  13.62,  -0.21,  -0.11,   0.14,  46.12, 4.09, 0.00, 0.00, 0.00, 0.00, 1, 1,  9,  39.7284366, -83.7058567,   406.0, 2025, 11, 23, 18, 18, 13,      208,      222, 137,  21,   1.5,   0.8,   1.3,  0,  0, 26, 27,  0,  0, 32, 29, 28,  0,  0,  0,  0,  0,  0, 25,  0,  0,  0,  0,  0,  0,  0,  0,  0, 30, 27, 20,  0,  0, 30,  0
6, 11026, 11,KE8EXM,    33.00, 7,    main,   -2.45,  96870.00,  377.63,  122.63,   -7.84, 21.8, 2.07, 3.09, 4.08,   9.92,   0.24,  -0.06, -21.01, -58.97,  20.09,  -0.20,  -0.12,   0.19,  52.22, 4.09, 0.00, 0.00, 0.00, 0.00, 1, 1,  9,  39.7284366, -83.7058567,   406.0, 2025, 11, 23, 18, 18, 13,      208,      222, 137,  21,   1.5,   0.8,   1.3,  0,  0, 26, 27,  0,  0, 32, 29, 28,  0,  0,  0,  0,  0,  0, 25,  0,  0,  0,  0,  0,  0,  0,  0,  0, 30, 27, 20,  0,  0, 30,  0
6, 11026, 11,KE8EXM,    33.10, 7,    main,    3.43,  96887.00,  376.16,  121.17,   -7.78, 21.8, 2.07, 3.09, 4.08,  14.58,   0.62,  -1.12,  10.72,  13.91,  32.60,  -0.20,  -0.14,   0.20,  52.85, 4.09, 0.00, 0.00, 0.00, 0.00, 1, 1,  9,  39.7284366, -83.7058567,   406.0, 2025, 11, 23, 18, 18, 13,      208,      222, 137,  21,   1.5,   0.8,   1.3,  0,  0, 26, 27,  0,  0, 32, 29, 28,  0,  0,  0,  0,  0,  0, 25,  0,  0,  0,  0,  0,  0,  0,  0,  0, 30, 27, 20,  0,  0, 30,  0
6, 11026, 11,KE8EXM,    33.16, 7,    main,    3.43,  96887.00,  376.16,  121.17,   -7.78, 21.8, 2.07, 3.09, 4.08,  14.58,   0.62,  -1.12,  10.72,  13.91,  32.60,  -0.20,  -0.14,   0.20,  52.85, 4.09, 0.00, 0.00, 0.00, 0.00, 1, 1,  9,  39.7284366, -83.7058567,   406.0, 2025, 11, 23, 18, 18, 13,      208,      222, 137,  21,   1.5,   0.8,   1.3,  0,  0, 26, 27,  0,  0, 32, 29, 28,  0,  0,  0,  0,  0,  0, 25,  0,  0,  0,  0,  0,  0,  0,  0,  0, 30, 27, 20,  0,  0, 30,  0
6, 11026, 11,KE8EXM,    33.16, 7,    main,    3.43,  96887.00,  376.16,  121.17,   -7.78, 21.8, 2.07, 3.09, 4.08,  14.58,   0.62,  -1.12,  10.72,  13.91,  32.60,  -0.20,  -0.14,   0.20,  52.85, 4.09, 0.00, 0.00, 0.00, 0.00, 1, 1,  9,  39.7284366, -83.7058567,   406.0, 2025, 11, 23, 18, 18, 13,      208,      222, 137,  21,   1.5,   0.8,   1.3,  0,  0, 26, 27,  0,  0, 32, 29, 28,  0,  0,  0,  0,  0,  0, 25,  0,  0,  0,  0,  0,  0,  0,  0,  0, 30, 27, 20,  0,  0, 30,  0
6, 11026, 11,KE8EXM,    33.20, 7,    main,    1.47,  96895.00,  375.47,  120.48,   -7.73, 21.8, 2.07, 3.09, 4.08,  11.57,   0.60,  -1.70, 121.56,  37.78, -40.83,  -0.21,  -0.15,   0.18,  47.46, 4.09, 0.00, 0.00, 0.00, 0.00, 1, 1,  9,  39.7283807, -83.7057986,   401.0, 2025, 11, 23, 18, 18, 14,      216,      228, 137,  19,   1.5,   0.8,   1.3,  0,  0, 27, 27,  0,  0, 30, 28, 29,  0,  0,  0,  0,  0,  0, 24,  0,  0,  0,  0,  0,  0,  0,  0,  0, 30, 24, 24,  0,  0, 28,  0
6, 11026, 11,KE8EXM,    33.30, 7,    main,   -2.94,  96902.00,  374.86,  119.87,   -7.68, 21.8, 2.08, 3.07, 4.08,   9.61,   3.42,  -3.15, 284.04, -52.25, -53.95,  -0.19,  -0.14,   0.26,  50.85, 4.09, 0.00, 0.00, 0.00, 0.00, 1, 1,  9,  39.7283807, -83.7057986,   401.0, 2025, 11, 23, 18, 18, 14,      216,      228, 137,  19,   1.5,   0.8,   1.3,  0,  0, 27, 27,  0,  0, 30, 28, 29,  0,  0,  0,  0,  0,  0, 24,  0,  0,  0,  0,  0,  0,  0,  0,  0, 30, 24, 24,  0,  0, 28,  0
6, 11026, 11,KE8EXM,    33.30, 7,    main,   -2.94,  96902.00,  374.86,  119.87,   -7.68, 21.8, 2.08, 3.07, 4.08,   9.61,   3.42,  -3.15, 284.04, -52.25, -53.95,  -0.19,  -0.14,   0.26,  50.85, 4.09, 0.00, 0.00, 0.00, 0.00, 1, 1,  9,  39.7283807, -83.7057986,   401.0, 2025, 11, 23, 18, 18, 14,      216,      228, 137,  19,   1.5,   0.8,   1.3,  0,  0, 27, 27,  0,  0, 30, 28, 29,  0,  0,  0,  0,  0,  0, 24,  0,  0,  0,  0,  0,  0,  0,  0,  0, 30, 24, 24,  0,  0, 28,  0
6, 11026, 11,KE8EXM,    33.40, 7,    main,    0.98,  96920.00,  373.31,  118.32,   -7.66, 21.8, 2.08, 3.07, 4.08,  11.58,   5.10,  -2.77, 300.21, -56.52, -25.75,  -0.18,  -0.09,   0.39,  56.96, 4.09, 0.00, 0.00, 0.00, 0.00, 1, 1,  9,  39.7283807, -83.7057986,   401.0, 2025, 11, 23, 18, 18, 14,      216,      228, 137,  19,   1.5,   0.8,   1.3,  0,  0, 27, 27,  0,  0, 30, 28, 29,  0,  0,  0,  0,  0,  0, 24,  0,  0,  0,  0,  0,  0,  0,  0,  0, 30, 24, 24,  0,  0, 28,  0
6, 11026, 11,KE8EXM,    33.50, 7,    main,    0.98,  96928.00,  372.62,  117.63,   -7.65, 21.8, 2.08, 3.07, 4.08,  11.83,   6.68,  -1.14, 253.89,   9.76,   7.64,  -0.18,  -0.04,   0.44,  55.73, 4.09, 0.00, 0.00, 0.00, 0.00, 1, 1,  9,  39.7283807, -83.7057986,   401.0, 2025, 11, 23, 18, 18, 14,      216,      228, 137,  19,   1.5,   0.8,   1.3,  0,  0, 27, 27,  0,  0, 30, 28, 29,  0,  0,  0,  0,  0,  0, 24,  0,  0,  0,  0,  0,  0,  0,  0,  0, 30, 24, 24,  0,  0, 28,  0
6, 11026, 11,KE8EXM,    33.60, 7,    main,   -0.98,  96928.00,  372.62,  117.63,   -7.65, 21.8, 2.08, 3.07, 4.08,  10.79,   4.96,   2.12, 304.36,  12.75,  13.37,  -0.17,   0.01,   0.43,  54.04, 4.09, 0.00, 0.00, 0.00, 0.00, 1, 1,  9,  39.7283807, -83.7057986,   401.0, 2025, 11, 23, 18, 18, 14,      216,      228, 137,  19,   1.5,   0.8,   1.3,  0,  0, 27, 27,  0,  0, 30, 28, 29,  0,  0,  0,  0,  0,  0, 24,  0,  0,  0,  0,  0,  0,  0,  0,  0, 30, 24, 24,  0,  0, 28,  0
6, 11026, 11,KE8EXM,    33.62, 7,    main,   -0.98,  96928.00,  372.62,  117.63,   -7.65, 21.8, 2.08, 3.07, 4.08,  10.79,   4.96,   2.12, 304.36,  12.75,  13.37,  -0.17,   0.01,   0.43,  54.04, 4.07, 0.00, 0.00, 0.00, 0.00, 1, 1,  9,  39.7283807, -83.7057986,   401.0, 2025, 11, 23, 18, 18, 14,      216,      228, 137,  19,   1.5,   0.8,   1.3,  0,  0, 27, 27,  0,  0, 30, 28, 29,  0,  0,  0,  0,  0,  0, 24,  0,  0,  0,  0,  0,  0,  0,  0,  0, 30, 24, 24,  0,  0, 28,  0
6, 11026, 11,KE8EXM,    33.70, 7,    main,   -0.98,  96941.00,  371.50,  116.51,   -7.65, 21.9, 2.08, 3.07, 4.08,   9.95,   3.82,   2.74, 230.27,   7.44, -10.06,  -0.17,   0.06,   0.41,  55.17, 4.07, 0.00, 0.00, 0.00, 0.00, 1, 1,  9,  39.7283807, -83.7057986,   401.0, 2025, 11, 23, 18, 18, 14,      216,      228, 137,  19,   1.5,   0.8,   1.3,  0,  0, 27, 27,  0,  0, 30, 28, 29,  0,  0,  0,  0,  0,  0, 24,  0,  0,  0,  0,  0,  0,  0,  0,  0, 30, 24, 24,  0,  0, 28,  0
6, 11026, 11,KE8EXM,    33.80, 7,    main,   -1.47,  96955.00,  370.29,  115.30,   -7.65, 21.9, 2.08, 3.07, 4.08,   9.38,   2.85,   3.73, 184.00, -19.90, -11.65,  -0.18,   0.11,   0.39,  55.04, 4.07, 0.00, 0.00, 0.00, 0.00, 1, 1,  9,  39.7283807, -83.7057986,   401.0, 2025, 11, 23, 18, 18, 14,      216,      228, 137,  19,   1.5,   0.8,   1.3,  0,  0, 27, 27,  0,  0, 30, 28, 29,  0,  0,  0,  0,  0,  0, 24,  0,  0,  0,  0,  0,  0,  0,  0,  0, 30, 24, 24,  0,  0, 28,  0
6, 11026, 11,KE8EXM,    33.90, 7,    main,   -2.94,  96957.00,  370.12,  115.13,   -7.65, 21.9, 2.08, 3.07, 4.08,   9.97,   1.91,   4.50, 154.71, -55.00,  -7.01,  -0.18,   0.14,   0.39,  51.30, 4.07, 0.00, 0.00, 0.00, 0.00, 1, 1,  9,  39.7283807, -83.7057986,   401.0, 2025, 11, 23, 18, 18, 14,      216,      228, 137,  19,   1.5,   0.8,   1.3,  0,  0, 27, 27,  0,  0, 30, 28, 29,  0,  0,  0,  0,  0,  0, 24,  0,  0,  0,  0,  0,  0,  0,  0,  0, 30, 24, 24,  0,  0, 28,  0
6, 11026, 11,KE8EXM,    33.94, 7,    main,   -2.94,  96957.00,  370.12,  115.13,   -7.65, 21.9, 2.09, 3.07, 4.09,   9.97,   1.91,   4.50, 154.71, -55.00,  -7.01,  -0.18,   0.14,   0.39,  51.30, 4.09, 0.00, 0.00, 0.00, 0.00, 1, 1,  9,  39.7283807, -83.7057986,   401.0, 2025, 11, 23, 18, 18, 14,      216,      228, 137,  19,   1.5,   0.8,   1.3,  0,  0, 27, 27,  0,  0, 30, 28, 29,  0,  0,  0,  0,  0,  0, 24,  0,  0,  0,  0,  0,  0,  0,  0,  0, 30, 24, 24,  0,  0, 28,  0
6, 11026, 11,KE8EXM,    34.00, 7,    main,    0.49,  96970.00,  369.00,  114.00,   -7.65, 21.9, 2.09, 3.07, 4.09,  11.08,   2.11,   2.18, 130.05, -62.44, -10.98,  -0.20,   0.17,   0.41,  46.31, 4.09, 0.00, 0.00, 0.00, 0.00, 1, 1,  9,  39.7283807, -83.7057986,   401.0, 2025, 11, 23, 18, 18, 14,      216,      228, 137,  19,   1.5,   0.8,   1.3,  0,  0, 27, 27,  0,  0, 30, 28, 29,  0,  0,  0,  0,  0,  0, 24,  0,  0,  0,  0,  0,  0,  0,  0,  0, 30, 24, 24,  0,  0, 28,  0
6, 11026, 11,KE8EXM,    34.10, 7,    main,    0.98,  96972.00,  368.82,  113.83,   -7.63, 21.9, 2.09, 3.07, 4.09,  11.06,   0.34,   2.41,  45.76,  -5.38,  18.68,  -0.20,   0.18,   0.41,  45.27, 4.09, 0.00, 0.00, 0.00, 0.00, 1, 1,  9,  39.7283807, -83.7057986,   401.0, 2025, 11, 23, 18, 18, 14,      216,      228, 137,  19,   1.5,   0.8,   1.3,  0,  0, 27, 27,  0,  0, 30, 28, 29,  0,  0,  0,  0,  0,  0, 24,  0,  0,  0,  0,  0,  0,  0,  0,  0, 30, 24, 24,  0,  0, 28,  0
6, 11026, 11,KE8EXM,    34.16, 7,    main,    0.98,  96972.00,  368.82,  113.83,   -7.63, 21.9, 2.09, 3.07, 4.09,  11.06,   0.34,   2.41,  45.76,  -5.38,  18.68,  -0.20,   0.18,   0.41,  45.27, 4.09, 0.00, 0.00, 0.00, 0.00, 1, 1,  9,  39.7283807, -83.7057986,   401.0, 2025, 11, 23, 18, 18, 14,      216,      228, 137,  19,   1.5,   0.8,   1.3,  0,  0, 27, 27,  0,  0, 30, 28, 29,  0,  0,  0,  0,  0,  0, 24,  0,  0,  0,  0,  0,  0,  0,  0,  0, 30, 24, 24,  0,  0, 28,  0
6, 11026, 11,KE8EXM,    34.16, 7,    main,    0.98,  96972.00,  368.82,  113.83,   -7.63, 21.9, 2.09, 3.07, 4.09,  11.06,   0.34,   2.41,  45.76,  -5.38,  18.68,  -0.20,   0.18,   0.41,  45.27, 4.09, 0.00, 0.00, 0.00, 0.00, 1, 1,  9,  39.7283807, -83.7057986,   401.0, 2025, 11, 23, 18, 18, 14,      216,      228, 137,  19,   1.5,   0.8,   1.3,  0,  0, 27, 27,  0,  0, 30, 28, 29,  0,  0,  0,  0,  0,  0, 24,  0,  0,  0,  0,  0,  0,  0,  0,  0, 30, 24, 24,  0,  0, 28,  0
6, 11026, 11,KE8EXM,    34.20, 7,    main,   -0.98,  96987.00,  367.53,  112.54,   -7.62, 21.9, 2.09, 3.07, 4.09,   8.40,   0.73,   1.67,  36.36,  11.04,   8.55,  -0.19,   0.18,   0.39,  46.21, 4.09, 0.00, 0.00, 0.00, 0.00, 1, 1,  8,  39.7283252, -83.7057495,   396.0, 2025, 11, 23, 18, 18, 15,      223,      233, 137,  17,   2.0,   0.8,   1.8,  0,  0, 27, 25,  0,  0, 30, 28, 27,  0,  0,  0,  0,  0,  0, 22,  0,  0,  0,  0,  0,  0,  0,  0,  0, 30, 26, 31,  0,  0, 28,  0
6, 11026, 11,KE8EXM,    34.26, 7,    main,   -0.98,  96987.00,  367.53,  112.54,   -7.62, 21.9, 2.08, 3.06, 4.08,   8.40,   0.73,   1.67,  36.36,  11.04,   8.55,  -0.19,   0.18,   0.39,  46.21, 4.10, 0.00, 0.00, 0.00, 0.00, 1, 1,  8,  39.7283252, -83.7057495,   396.0, 2025, 11, 23, 18, 18, 15,      223,      233, 137,  17,   2.0,   0.8,   1.8,  0,  0, 27, 25,  0,  0, 30, 28, 27,  0,  0,  0,  0,  0,  0, 22,  0,  0,  0,  0,  0,  0,  0,  0,  0, 30, 26, 31,  0,  0, 28,  0
6, 11026, 11,KE8EXM,    34.30, 7,    main,    0.98,  97000.00,  366.41,  111.42,   -7.60, 21.9, 2.08, 3.06, 4.08,   9.53,   1.89,   1.16,  24.21,   4.57,  -9.88,  -0.19,   0.18,   0.38,  46.78, 4.10, 0.00, 0.00, 0.00, 0.00, 1, 1,  8,  39.7283252, -83.7057495,   396.0, 2025, 11, 23, 18, 18, 15,      223,      233, 137,  17,   2.0,   0.8,   1.8,  0,  0, 27, 25,  0,  0, 30, 28, 27,  0,  0,  0,  0,  0,  0, 22,  0,  0,  0,  0,  0,  0,  0,  0,  0, 30, 26, 31,  0,  0, 28,  0
6, 11026, 11,KE8EXM,    34.40, 7,    main,   -1.96,  96998.00,  366.58,  111.59,   -7.59, 21.9, 2.08, 3.06, 4.08,  10.25,   2.31,   0.24,  28.12, -14.59, -14.03,  -0.20,   0.20,   0.37,  45.45, 4.10, 0.00, 0.00, 0.00, 0.00, 1, 1,  8,  39.7283252, -83.7057495,   396.0, 2025, 11, 23, 18, 18, 15,      223,      233, 137,  17,   2.0,   0.8,   1.8,  0,  0, 27, 25,  0,  0, 30, 28, 27,  0,  0,  0,  0,  0,  0, 22,  0,  0,  0,  0,  0,  0,  0,  0,  0, 30, 26, 31,  0,  0, 28,  0
6, 11026, 11,KE8EXM,    34.50, 7,    main,   -2.45,  97011.00,  365.46,  110.47,   -7.57, 21.9, 2.08, 3.06, 4.08,   9.31,   2.49,  -0.07,  25.37, -29.79,  -9.21,  -0.20,   0.21,   0.38,  42.54, 4.10, 0.00, 0.00, 0.00, 0.00, 1, 1,  8,  39.7283252, -83.7057495,   396.0, 2025, 11, 23, 18, 18, 15,      223,      233, 137,  17,   2.0,   0.8,   1.8,  0,  0, 27, 25,  0,  0, 30, 28, 27,  0,  0,  0,  0,  0,  0, 22,  0,  0,  0,  0,  0,  0,  0,  0,  0, 30, 26, 31,  0,  0, 28,  0
6, 11026, 11,KE8EXM,    34.58, 7,    main,   -2.45,  97011.00,  365.46,  110.47,   -7.57, 21.9, 2.07, 3.05, 4.09,   9.31,   2.49,  -0.07,  25.37, -29.79,  -9.21,  -0.20,   0.21,   0.38,  42.54, 4.09, 0.00, 0.00, 0.00, 0.00, 1, 1,  8,  39.7283252, -83.7057495,   396.0, 2025, 11, 23, 18, 18, 15,      223,      233, 137,  17,   2.0,   0.8,   1.8,  0,  0, 27, 25,  0,  0, 30, 28, 27,  0,  0,  0,  0,  0,  0, 22,  0,  0,  0,  0,  0,  0,  0,  0,  0, 30, 26, 31,  0,  0, 28,  0
6, 11026, 11,KE8EXM,    34.60, 7,    main,   -2.45,  97031.00,  363.74,  108.74,   -7.54, 21.9, 2.07, 3.05, 4.09,   8.17,   3.07,  -0.74,  33.61,   0.54,   5.13,  -0.20,   0.22,   0.38,  42.58, 4.09, 0.00, 0.00, 0.00, 0.00, 1, 1,  8,  39.7283252, -83.7057495,   396.0, 2025, 11, 23, 18, 18, 15,      223,      233, 137,  17,   2.0,   0.8,   1.8,  0,  0, 27, 25,  0,  0, 30, 28, 27,  0,  0,  0,  0,  0,  0, 22,  0,  0,  0,  0,  0,  0,  0,  0,  0, 30, 26, 31,  0,  0, 28,  0
6, 11026, 11,KE8EXM,    34.70, 7,    main,   -0.00,  97021.00,  364.60,  109.61,   -7.51, 21.9, 2.07, 3.05, 4.09,   9.11,   3.33,  -1.29,  28.67,  23.43,  24.12,  -0.20,   0.21,   0.36,  45.06, 4.09, 0.00, 0.00, 0.00, 0.00, 1, 1,  8,  39.7283252, -83.7057495,   396.0, 2025, 11, 23, 18, 18, 15,      223,      233, 137,  17,   2.0,   0.8,   1.8,  0,  0, 27, 25,  0,  0, 30, 28, 27,  0,  0,  0,  0,  0,  0, 22,  0,  0,  0,  0,  0,  0,  0,  0,  0, 30, 26, 31,  0,  0, 28,  0
6, 11026, 11,KE8EXM,    34.80, 7,    main,   -1.47,  97040.00,  362.96,  107.97,   -7.49, 21.9, 2.07, 3.05, 4.09,   9.10,   1.96,  -0.59,  32.82,  23.37,  31.32,  -0.19,   0.19,   0.33,  47.83, 4.09, 0.00, 0.00, 0.00, 0.00, 1, 1,  8,  39.7283252, -83.7057495,   396.0, 2025, 11, 23, 18, 18, 15,      223,      233, 137,  17,   2.0,   0.8,   1.8,  0,  0, 27, 25,  0,  0, 30, 28, 27,  0,  0,  0,  0,  0,  0, 22,  0,  0,  0,  0,  0,  0,  0,  0,  0, 30, 26, 31,  0,  0, 28,  0
6, 11026, 11,KE8EXM,    34.90, 7,    main,   -1.96,  97050.00,  362.10,  107.11,   -7.46, 21.9, 2.07, 3.04, 4.07,   9.76,   2.00,  -0.52,  38.86,   6.46,   3.61,  -0.18,   0.18,   0.31,  48.54, 4.08, 0.00, 0.00, 0.00, 0.00, 1, 1,  8,  39.7283252, -83.7057495,   396.0, 2025, 11, 23, 18, 18, 15,      223,      233, 137,  17,   2.0,   0.8,   1.8,  0,  0, 27, 25,  0,  0, 30, 28, 27,  0,  0,  0,  0,  0,  0, 22,  0,  0,  0,  0,  0,  0,  0,  0,  0, 30, 26, 31,  0,  0, 28,  0
6, 11026, 11,KE8EXM,    34.90, 7,    main,   -1.96,  97050.00,  362.10,  107.11,   -7.46, 21.9, 2.07, 3.04, 4.07,   9.76,   2.00,  -0.52,  38.86,   6.46,   3.61,  -0.18,   0.18,   0.31,  48.54, 4.08, 0.00, 0.00, 0.00, 0.00, 1, 1,  8,  39.7283252, -83.7057495,   396.0, 2025, 11, 23, 18, 18, 15,      223,      233, 137,  17,   2.0,   0.8,   1.8,  0,  0, 27, 25,  0,  0, 30, 28, 27,  0,  0,  0,  0,  0,  0, 22,  0,  0,  0,  0,  0,  0,  0,  0,  0, 30, 26, 31,  0,  0, 28,  0
6, 11026, 11,KE8EXM,    35.00, 7,    main,    0.98,  97057.00,  361.50,  106.50,   -7.43, 21.9, 2.07, 3.04, 4.07,  10.60,   2.64,  -0.56,  42.83,   1.22, -16.23,  -0.19,   0.19,   0.30,  48.20, 4.08, 0.00, 0.00, 0.00, 0.00, 1, 1,  8,  39.7283252, -83.7057495,   396.0, 2025, 11, 23, 18, 18, 15,      223,      233, 137,  17,   2.0,   0.8,   1.8,  0,  0, 27, 25,  0,  0, 30, 28, 27,  0,  0,  0,  0,  0,  0, 22,  0,  0,  0,  0,  0,  0,  0,  0,  0, 30, 26, 31,  0,  0, 28,  0
6, 11026, 11,KE8EXM,    35.10, 7,    main,   -0.49,  97067.00,  360.63,  105.64,   -7.39, 21.9, 2.07, 3.04, 4.07,  10.50,   1.93,  -0.30,  31.66,   7.01,   1.29,  -0.19,   0.19,   0.28,  48.90, 4.08, 0.00, 0.00, 0.00, 0.00, 1, 1,  8,  39.7283252, -83.7057495,   396.0, 2025, 11, 23, 18, 18, 15,      223,      233, 137,  17,   2.0,   0.8,   1.8,  0,  0, 27, 25,  0,  0, 30, 28, 27,  0,  0,  0,  0,  0,  0, 22,  0,  0,  0,  0,  0,  0,  0,  0,  0, 30, 26, 31,  0,  0, 28,  0
6, 11026, 11,KE8EXM,    35.16, 7,    main,   -0.49,  97067.00,  360.63,  105.64,   -7.39, 21.9, 2.07, 3.04, 4.07,  10.50,   1.93,  -0.30,  31.66,   7.01,   1.29,  -0.19,   0.19,   0.28,  48.90, 4.08, 0.00, 0.00, 0.00, 0.00, 1, 1,  8,  39.7283252, -83.7057495,   396.0, 2025, 11, 23, 18, 18, 15,      223,      233, 137,  17,   2.0,   0.8,   1.8,  0,  0, 27, 25,  0,  0, 30, 28, 27,  0,  0,  0,  0,  0,  0, 22,  0,  0,  0,  0,  0,  0,  0,  0,  0, 30, 26, 31,  0,  0, 28,  0
6, 11026, 11,KE8EXM,    35.16, 7,    main,   -0.49,  97067.00,  360.63,  105.64,   -7.39, 21.9, 2.07, 3.04, 4.07,  10.50,   1.93,  -0.30,  31.66,   7.01,   1.29,  -0.19,   0.19,   0.28,  48.90, 4.08, 0.00, 0.00, 0.00, 0.00, 1, 1,  8,  39.7283252, -83.7057495,   396.0, 2025, 11, 23, 18, 18, 15,      223,      233, 137,  17,   2.0,   0.8,   1.8,  0,  0, 27, 25,  0,  0, 30, 28, 27,  0,  0,  0,  0,  0,  0, 22,  0,  0,  0,  0,  0,  0,  0,  0,  0, 30, 26, 31,  0,  0, 28,  0
6, 11026, 11,KE8EXM,    35.20, 7,    main,    1.47,  97076.00,  359.86,  104.87,   -7.36, 21.9, 2.07, 3.04, 4.07,   9.25,   0.85,   0.22,  14.26,   9.45,  22.65,  -0.18,   0.18,   0.27,  50.68, 4.08, 0.00, 0.00, 0.00, 0.00, 1, 1,  8,  39.7282596, -83.7056963,   393.0, 2025, 11, 23, 18, 18, 16,      232,      241, 137,  16,   2.0,   0.8,   1.8,  0,  0, 27, 24,  0,  0, 28, 29, 27,  0,  0,  0,  0,  0,  0, 23,  0,  0,  0,  0,  0,  0,  0,  0,  0, 27, 26, 30,  0,  0, 29,  0
6, 11026, 11,KE8EXM,    35.22, 7,    main,    1.47,  97076.00,  359.86,  104.87,   -7.36, 21.9, 2.07, 3.05, 4.09,   9.25,   0.85,   0.22,  14.26,   9.45,  22.65,  -0.18,   0.18,   0.27,  50.68, 4.11, 0.00, 0.01, 0.00, 0.00, 1, 1,  8,  39.7282596, -83.7056963,   393.0, 2025, 11, 23, 18, 18, 16,      232,      241, 137,  16,   2.0,   0.8,   1.8,  0,  0, 27, 24,  0,  0, 28, 29, 27,  0,  0,  0,  0,  0,  0, 23,  0,  0,  0,  0,  0,  0,  0,  0,  0, 27, 26, 30,  0,  0, 29,  0
6, 11026, 11,KE8EXM,    35.30, 7,    main,   -0.49,  97081.00,  359.43,  104.43,   -7.32, 21.9, 2.07, 3.05, 4.09,   9.49,   1.08,   0.20,   2.61,   8.48,  12.64,  -0.18,   0.16,   0.26,  52.00, 4.11, 0.00, 0.01, 0.00, 0.00, 1, 1,  8,  39.7282596, -83.7056963,   393.0, 2025, 11, 23, 18, 18, 16,      232,      241, 137,  16,   2.0,   0.8,   1.8,  0,  0, 27, 24,  0,  0, 28, 29, 27,  0,  0,  0,  0,  0,  0, 23,  0,  0,  0,  0,  0,  0,  0,  0,  0, 27, 26, 30,  0,  0, 29,  0
6, 11026, 11,KE8EXM,    35.40, 7,    main,   -0.98,  97092.00,  358.48,  103.49,   -7.29, 21.9, 2.07, 3.05, 4.09,   9.53,   1.25,   0.47,  -8.01,   5.43,   1.53,  -0.18,   0.16,   0.26,  52.55, 4.11, 0.00, 0.01, 0.00, 0.00, 1, 1,  8,  39.7282596, -83.7056963,   393.0, 2025, 11, 23, 18, 18, 16,      232,      241, 137,  16,   2.0,   0.8,   1.8,  0,  0, 27, 24,  0,  0, 28, 29, 27,  0,  0,  0,  0,  0,  0, 23,  0,  0,  0,  0,  0,  0,  0,  0,  0, 27, 26, 30,  0,  0, 29,  0
6, 11026, 11,KE8EXM,    35.50, 7,    main,   -0.98,  97101.00,  357.70,  102.71,   -7.25, 21.9, 2.07, 3.05, 4.09,   9.25,   0.56,   0.71, -25.47,   5.30,  -2.01,  -0.18,   0.16,   0.25,  52.94, 4.11, 0.00, 0.01, 0.00, 0.00, 1, 1,  8,  39.7282596, -83.7056963,   393.0, 2025, 11, 23, 18, 18, 16,      232,      241, 137,  16,   2.0,   0.8,   1.8,  0,  0, 27, 24,  0,  0, 28, 29, 27,  0,  0,  0,  0,  0,  0, 23,  0,  0,  0,  0,  0,  0,  0,  0,  0, 27, 26, 30,  0,  0, 29,  0
6, 11026, 11,KE8EXM,    35.54, 7,    main,   -0.98,  97101.00,  357.70,  102.71,   -7.25, 21.9, 2.07, 3.04, 4.07,   9.25,   0.56,   0.71, -25.47,   5.30,  -2.01,  -0.18,   0.16,   0.25,  52.94, 4.08, 0.00, 0.00, 0.00, 0.00, 1, 1,  8,  39.7282596, -83.7056963,   393.0, 2025, 11, 23, 18, 18, 16,      232,      241, 137,  16,   2.0,   0.8,   1.8,  0,  0, 27, 24,  0,  0, 28, 29, 27,  0,  0,  0,  0,  0,  0, 23,  0,  0,  0,  0,  0,  0,  0,  0,  0, 27, 26, 30,  0,  0, 29,  0
6, 11026, 11,KE8EXM,    35.60, 7,    main,   -0.49,  97110.00,  356.93,  101.94,   -7.20, 21.9, 2.07, 3.04, 4.07,   9.44,   0.52,   0.99, -52.94,   5.91,  -3.84,  -0.18,   0.16,   0.26,  53.34, 4.08, 0.00, 0.00, 0.00, 0.00, 1, 1,  8,  39.7282596, -83.7056963,   393.0, 2025, 11, 23, 18, 18, 16,      232,      241, 137,  16,   2.0,   0.8,   1.8,  0,  0, 27, 24,  0,  0, 28, 29, 27,  0,  0,  0,  0,  0,  0, 23,  0,  0,  0,  0,  0,  0,  0,  0,  0, 27, 26, 30,  0,  0, 29,  0
6, 11026, 11,KE8EXM,    35.70, 7,    main,   -1.47,  97108.00,  357.10,  102.11,   -7.16, 22.0, 2.07, 3.04, 4.07,   9.86,   1.26,   0.75, -78.88,  10.61,  -2.74,  -0.19,   0.17,   0.27,  54.27, 4.08, 0.00, 0.00, 0.00, 0.00, 1, 1,  8,  39.7282596, -83.7056963,   393.0, 2025, 11, 23, 18, 18, 16,      232,      241, 137,  16,   2.0,   0.8,   1.8,  0,  0, 27, 24,  0,  0, 28, 29, 27,  0,  0,  0,  0,  0,  0, 23,  0,  0,  0,  0,  0,  0,  0,  0,  0, 27, 26, 30,  0,  0, 29,  0
6, 11026, 11,KE8EXM,    35.80, 7,    main,   -0.00,  97119.00,  356.15,  101.16,   -7.11, 22.0, 2.07, 3.04, 4.07,   9.73,   0.83,   1.43, -90.11,  16.17,   4.83,  -0.19,   0.17,   0.29,  55.95, 4.08, 0.00, 0.00, 0.00, 0.00, 1, 1,  8,  39.7282596, -83.7056963,   393.0, 2025, 11, 23, 18, 18, 16,      232,      241, 137,  16,   2.0,   0.8,   1.8,  0,  0, 27, 24,  0,  0, 28, 29, 27,  0,  0,  0,  0,  0,  0, 23,  0,  0,  0,  0,  0,  0,  0,  0,  0, 27, 26, 30,  0,  0, 29,  0
6, 11026, 11,KE8EXM,    35.86, 7,    main,   -0.00,  97119.00,  356.15,  101.16,   -7.11, 22.0, 2.07, 3.04, 4.09,   9.73,   0.83,   1.43, -90.11,  16.17,   4.83,  -0.19,   0.17,   0.29,  55.95, 4.10, 0.00, 0.00, 0.00, 0.00, 1, 1,  8,  39.7282596, -83.7056963,   393.0, 2025, 11, 23, 18, 18, 16,      232,      241, 137,  16,   2.0,   0.8,   1.8,  0,  0, 27, 24,  0,  0, 28, 29, 27,  0,  0,  0,  0,  0,  0, 23,  0,  0,  0,  0,  0,  0,  0,  0,  0, 27, 26, 30,  0,  0, 29,  0
6, 11026, 11,KE8EXM,    35.90, 7,    main,   -0.49,  97132.00,  355.03,  100.04,   -7.06, 22.0, 2.07, 3.04, 4.09,   9.58,   0.98,   1.85, -78.51,   9.33,  -6.10,  -0.19,   0.17,   0.29,  56.88, 4.10, 0.00, 0.00, 0.00, 0.00, 1, 1,  8,  39.7282596, -83.7056963,   393.0, 2025, 11, 23, 18, 18, 16,      232,      241, 137,  16,   2.0,   0.8,   1.8,  0,  0, 27, 24,  0,  0, 28, 29, 27,  0,  0,  0,  0,  0,  0, 23,  0,  0,  0,  0,  0,  0,  0,  0,  0, 27, 26, 30,  0,  0, 29,  0
6, 11026, 11,KE8EXM,    36.00, 7,    main,    0.49,  97143.00,  354.09,   99.09,   -7.01, 22.0, 2.07, 3.04, 4.09,  10.03,   1.46,   2.15, -57.15,   7.44, -20.81,  -0.19,   0.18,   0.31,  57.93, 4.10, 0.00, 0.00, 0.00, 0.00, 1, 1,  8,  39.7282596, -83.7056963,   393.0, 2025, 11, 23, 18, 18, 16,      232,      241, 137,  16,   2.0,   0.8,   1.8,  0,  0, 27, 24,  0,  0, 28, 29, 27,  0,  0,  0,  0,  0,  0, 23,  0,  0,  0,  0,  0,  0,  0,  0,  0, 27, 26, 30,  0,  0, 29,  0
6, 11026, 11,KE8EXM,    36.10, 7,    main,    2.94,  97144.00,  354.00,   99.01,   -6.95, 22.0, 2.07, 3.04, 4.09,  10.74,   2.07,   1.08, -40.06,   3.60, -24.41,  -0.19,   0.20,   0.32,  58.94, 4.10, 0.00, 0.00, 0.00, 0.00, 1, 1,  8,  39.7282596, -83.7056963,   393.0, 2025, 11, 23, 18, 18, 16,      232,      241, 137,  16,   2.0,   0.8,   1.8,  0,  0, 27, 24,  0,  0, 28, 29, 27,  0,  0,  0,  0,  0,  0, 23,  0,  0,  0,  0,  0,  0,  0,  0,  0, 27, 26, 30,  0,  0, 29,  0
6, 11026, 11,KE8EXM,    36.16, 7,    main,    2.94,  97144.00,  354.00,   99.01,   -6.95, 22.0, 2.07, 3.04, 4.09,  10.74,   2.07,   1.08, -40.06,   3.60, -24.41,  -0.19,   0.20,   0.32,  58.94, 4.10, 0.00, 0.00, 0.00, 0.00, 1, 1,  8,  39.7282596, -83.7056963,   393.0, 2025, 11, 23, 18, 18, 16,      232,      241, 137,  16,   2.0,   0.8,   1.8,  0,  0, 27, 24,  0,  0, 28, 29, 27,  0,  0,  0,  0,  0,  0, 23,  0,  0,  0,  0,  0,  0,  0,  0,  0, 27, 26, 30,  0,  0, 29,  0
6, 11026, 11,KE8EXM,    36.16, 7,    main,    2.94,  97144.00,  354.00,   99.01,   -6.95, 22.0, 2.07, 3.04, 4.09,  10.74,   2.07,   1.08, -40.06,   3.60, -24.41,  -0.19,   0.20,   0.32,  58.94, 4.10, 0.00, 0.00, 0.00, 0.00, 1, 1,  8,  39.7282596, -83.7056963,   393.0, 2025, 11, 23, 18, 18, 16,      232,      241, 137,  16,   2.0,   0.8,   1.8,  0,  0, 27, 24,  0,  0, 28, 29, 27,  0,  0,  0,  0,  0,  0, 23,  0,  0,  0,  0,  0,  0,  0,  0,  0, 27, 26, 30,  0,  0, 29,  0
6, 11026, 11,KE8EXM,    36.18, 7,    main,    2.94,  97144.00,  354.00,   99.01,   -6.95, 22.0, 2.07, 3.04, 4.09,  10.74,   2.07,   1.08, -40.06,   3.60, -24.41,  -0.19,   0.20,   0.32,  58.94, 4.09, 0.00, 0.00, 0.01, 0.00, 1, 1,  9,  39.7282059, -83.7056465,   390.0, 2025, 11, 23, 18, 18, 17,      239,      247, 138,  15,   1.5,   0.8,   1.3,  0,  0, 24, 25,  0,  0, 28, 28, 26,  0,  0,  0,  0,  0,  0, 21,  0,  0,  0,  0,  0,  0,  0,  0,  0, 27, 26, 29,  0,  0, 28,  0
6, 11026, 11,KE8EXM,    36.20, 7,    main,   -0.00,  97156.00,  352.97,   97.97,   -6.91, 22.0, 2.07, 3.04, 4.09,  11.40,   2.39,   1.37,  -6.12,   4.27, -12.50,  -0.20,   0.21,   0.32,  59.79, 4.09, 0.00, 0.00, 0.01, 0.00, 1, 1,  9,  39.7282059, -83.7056465,   390.0, 2025, 11, 23, 18, 18, 17,      239,      247, 138,  15,   1.5,   0.8,   1.3,  0,  0, 24, 25,  0,  0, 28, 28, 26,  0,  0,  0,  0,  0,  0, 21,  0,  0,  0,  0,  0,  0,  0,  0,  0, 27, 26, 29,  0,  0, 28,  0
6, 11026, 11,KE8EXM,    36.30, 7,    main,    1.47,  97177.00,  351.16,   96.16,   -6.87, 22.0, 2.07, 3.04, 4.09,  10.70,   2.65,   1.54,  38.50,   8.97,  -7.26,  -0.20,   0.22,   0.31,  60.89, 4.09, 0.00, 0.00, 0.01, 0.00, 1, 1,  9,  39.7282059, -83.7056465,   390.0, 2025, 11, 23, 18, 18, 17,      239,      247, 138,  15,   1.5,   0.8,   1.3,  0,  0, 24, 25,  0,  0, 28, 28, 26,  0,  0,  0,  0,  0,  0, 21,  0,  0,  0,  0,  0,  0,  0,  0,  0, 27, 26, 29,  0,  0, 28,  0
6, 11026, 11,KE8EXM,    36.40, 7,    main,    0.49,  97179.00,  350.98,   95.99,   -6.83, 22.0, 2.07, 3.04, 4.09,   9.28,   2.59,   1.55,  82.01,  16.96,  -7.56,  -0.20,   0.23,   0.27,  62.73, 4.09, 0.00, 0.00, 0.01, 0.00, 1, 1,  9,  39.7282059, -83.7056465,   390.0, 2025, 11, 23, 18, 18, 17,      239,      247, 138,  15,   1.5,   0.8,   1.3,  0,  0, 24, 25,  0,  0, 28, 28, 26,  0,  0,  0,  0,  0,  0, 21,  0,  0,  0,  0,  0,  0,  0,  0,  0, 27, 26, 29,  0,  0, 28,  0
6, 11026, 11,KE8EXM,    36.50, 7,    main,   -1.47,  97185.00,  350.47,   95.48,   -6.81, 22.0, 2.07, 3.02, 4.08,   8.63,   1.67,   1.54, 105.02,   3.60,   5.87,  -0.21,   0.22,   0.23,  62.99, 4.08, 0.00, 0.00, 0.00, 0.00, 1, 1,  9,  39.7282059, -83.7056465,   390.0, 2025, 11, 23, 18, 18, 17,      239,      247, 138,  15,   1.5,   0.8,   1.3,  0,  0, 24, 25,  0,  0, 28, 28, 26,  0,  0,  0,  0,  0,  0, 21,  0,  0,  0,  0,  0,  0,  0,  0,  0, 27, 26, 29,  0,  0, 28,  0
6, 11026, 11,KE8EXM,    36.50, 7,    main,   -1.47,  97185.00,  350.47,   95.48,   -6.81, 22.0, 2.07, 3.02, 4.08,   8.63,   1.67,   1.54, 105.02,   3.60,   5.87,  -0.21,   0.22,   0.23,  62.99, 4.08, 0.00, 0.00, 0.00, 0.00, 1, 1,  9,  39.7282059, -83.7056465,   390.0, 2025, 11, 23, 18, 18, 17,      239,      247, 138,  15,   1.5,   0.8,   1.3,  0,  0, 24, 25,  0,  0, 28, 28, 26,  0,  0,  0,  0,  0,  0, 21,  0,  0,  0,  0,  0,  0,  0,  0,  0, 27, 26, 29,  0,  0, 28,  0
6, 11026, 11,KE8EXM,    36.60, 7,    main,    1.47,  97186.00,  350.38,   95.39,   -6.80, 22.0, 2.07, 3.02, 4.08,   8.48,   0.85,   1.10, 114.54,  -5.44,   4.46,  -0.21,   0.20,   0.19,  62.45, 4.08, 0.00, 0.00, 0.00, 0.00, 1, 1,  9,  39.7282059, -83.7056465,   390.0, 2025, 11, 23, 18, 18, 17,      239,      247, 138,  15,   1.5,   0.8,   1.3,  0,  0, 24, 25,  0,  0, 28, 28, 26,  0,  0,  0,  0,  0,  0, 21,  0,  0,  0,  0,  0,  0,  0,  0,  0, 27, 26, 29,  0,  0, 28,  0
6, 11026, 11,KE8EXM,    36.70, 7,    main,   -0.49,  97205.00,  348.75,   93.75,   -6.79, 22.0, 2.07, 3.02, 4.08,   9.58,   0.73,   0.86, 114.91,   8.78, -11.77,  -0.21,   0.18,   0.16,  63.06, 4.08, 0.00, 0.00, 0.00, 0.00, 1, 1,  9,  39.7282059, -83.7056465,   390.0, 2025, 11, 23, 18, 18, 17,      239,      247, 138,  15,   1.5,   0.8,   1.3,  0,  0, 24, 25,  0,  0, 28, 28, 26,  0,  0,  0,  0,  0,  0, 21,  0,  0,  0,  0,  0,  0,  0,  0,  0, 27, 26, 29,  0,  0, 28,  0
6, 11026, 11,KE8EXM,    36.80, 7,    main,   -0.98,  97206.00,  348.66,   93.67,   -6.81, 22.0, 2.07, 3.02, 4.08,   9.14,   1.14,   0.07, 123.27,  25.02, -13.73,  -0.22,   0.16,   0.10,  64.83, 4.08, 0.00, 0.00, 0.00, 0.00, 1, 1,  9,  39.7282059, -83.7056465,   390.0, 2025, 11, 23, 18, 18, 17,      239,      247, 138,  15,   1.5,   0.8,   1.3,  0,  0, 24, 25,  0,  0, 28, 28, 26,  0,  0,  0,  0,  0,  0, 21,  0,  0,  0,  0,  0,  0,  0,  0,  0, 27, 26, 29,  0,  0, 28,  0
6, 11026, 11,KE8EXM,    36.82, 7,    main,   -0.98,  97206.00,  348.66,   93.67,   -6.81, 22.0, 2.07, 3.03, 4.09,   9.14,   1.14,   0.07, 123.27,  25.02, -13.73,  -0.22,   0.16,   0.10,  64.83, 4.09, 0.00, 0.00, 0.01, 0.00, 1, 1,  9,  39.7282059, -83.7056465,   390.0, 2025, 11, 23, 18, 18, 17,      239,      247, 138,  15,   1.5,   0.8,   1.3,  0,  0, 24, 25,  0,  0, 28, 28, 26,  0,  0,  0,  0,  0,  0, 21,  0,  0,  0,  0,  0,  0,  0,  0,  0, 27, 26, 29,  0,  0, 28,  0
6, 11026, 11,KE8EXM,    36.90, 7,    main,   -0.49,  97211.00,  348.23,   93.24,   -6.84, 22.0, 2.07, 3.03, 4.09,   9.72,   1.85,  -0.26, 120.65,  13.97,   2.39,  -0.23,   0.12,   0.06,  66.12, 4.09, 0.00, 0.00, 0.01, 0.00, 1, 1,  9,  39.7282059, -83.7056465,   390.0, 2025, 11, 23, 18, 18, 17,      239,      247, 138,  15,   1.5,   0.8,   1.3,  0,  0, 24, 25,  0,  0, 28, 28, 26,  0,  0,  0,  0,  0,  0, 21,  0,  0,  0,  0,  0,  0,  0,  0,  0, 27, 26, 29,  0,  0, 28,  0
6, 11026, 11,KE8EXM,    37.00, 7,    main,   -2.45,  97218.00,  347.63,   92.63,   -6.87, 22.0, 2.07, 3.03, 4.09,   9.34,   1.77,  -0.47, 125.78,  -0.25,  -8.35,  -0.24,   0.07,   0.05,  65.50, 4.09, 0.00, 0.00, 0.01, 0.00, 1, 1,  9,  39.7282059, -83.7056465,   390.0, 2025, 11, 23, 18, 18, 17,      239,      247, 138,  15,   1.5,   0.8,   1.3,  0,  0, 24, 25,  0,  0, 28, 28, 26,  0,  0,  0,  0,  0,  0, 21,  0,  0,  0,  0,  0,  0,  0,  0,  0, 27, 26, 29,  0,  0, 28,  0
6, 11026, 11,KE8EXM,    37.10, 7,    main,   -0.00,  97217.00,  347.71,   92.72,   -6.92, 22.0, 2.07, 3.03, 4.09,  10.02,   2.59,  -0.75, 129.19,   2.13, -15.50,  -0.24,   0.02,   0.04,  64.29, 4.09, 0.00, 0.00, 0.01, 0.00, 1, 1,  9,  39.7282059, -83.7056465,   390.0, 2025, 11, 23, 18, 18, 17,      239,      247, 138,  15,   1.5,   0.8,   1.3,  0,  0, 24, 25,  0,  0, 28, 28, 26,  0,  0,  0,  0,  0,  0, 21,  0,  0,  0,  0,  0,  0,  0,  0,  0, 27, 26, 29,  0,  0, 28,  0
6, 11026, 11,KE8EXM,    37.14, 7,    main,   -0.00,  97217.00,  347.71,   92.72,   -6.92, 22.0, 2.07, 3.03, 4.08,  10.02,   2.59,  -0.75, 129.19,   2.13, -15.50,  -0.24,   0.02,   0.04,  64.29, 4.09, 0.00, 0.00, 0.00, 0.00, 1, 1,  9,  39.7282059, -83.7056465,   390.0, 2025, 11, 23, 18, 18, 17,      239,      247, 138,  15,   1.5,   0.8,   1.3,  0,  0, 24, 25,  0,  0, 28, 28, 26,  0,  0,  0,  0,  0,  0, 21,  0,  0,  0,  0,  0,  0,  0,  0,  0, 27, 26, 29,  0,  0, 28,  0
6, 11026, 11,KE8EXM,    37.16, 7,    main,   -0.00,  97217.00,  347.71,   92.72,   -6.92, 22.0, 2.07, 3.03, 4.08,  10.02,   2.59,  -0.75, 129.19,   2.13, -15.50,  -0.24,   0.02,   0.04,  64.29, 4.09, 0.00, 0.00, 0.00, 0.00, 1, 1,  9,  39.7282059, -83.7056465,   390.0, 2025, 11, 23, 18, 18, 17,      239,      247, 138,  15,   1.5,   0.8,   1.3,  0,  0, 24, 25,  0,  0, 28, 28, 26,  0,  0,  0,  0,  0,  0, 21,  0,  0,  0,  0,  0,  0,  0,  0,  0, 27, 26, 29,  0,  0, 28,  0
6, 11026, 11,KE8EXM,    37.16, 7,    main,   -0.00,  97217.00,  347.71,   92.72,   -6.92, 22.0, 2.07, 3.03, 4.08,  10.02,   2.59,  -0.75, 129.19,   2.13, -15.50,  -0.24,   0.02,   0.04,  64.29, 4.09, 0.00, 0.00, 0.00, 0.00, 1, 1,  9,  39.7282059, -83.7056465,   390.0, 2025, 11, 23, 18, 18, 17,      239,      247, 138,  15,   1.5,   0.8,   1.3,  0,  0, 24, 25,  0,  0, 28, 28, 26,  0,  0,  0,  0,  0,  0, 21,  0,  0,  0,  0,  0,  0,  0,  0,  0, 27, 26, 29,  0,  0, 28,  0
6, 11026, 11,KE8EXM,    37.20, 7,    main,   -0.98,  97234.00,  346.25,   91.26,   -6.98, 22.0, 2.07, 3.03, 4.08,   9.94,   4.69,  -0.65, 156.17,   8.11, -10.43,  -0.24,  -0.03,   0.04,  63.56, 4.09, 0.00, 0.00, 0.00, 0.00, 1, 1,  8,  39.7281795, -83.7055817,   383.0, 2025, 11, 23, 18, 18, 18,      245,      251, 137,  13,   2.0,   0.8,   1.8,  0,  0, 25, 26,  0,  0, 37, 28, 25,  0,  0,  0,  0,  0,  0, 19,  0,  0,  0,  0,  0,  0,  0,  0,  0, 30, 26, 28,  0,  0, 33,  0
6, 11026, 11,KE8EXM,    37.30, 7,    main,    0.49,  97242.00,  345.56,   90.57,   -7.05, 22.0, 2.07, 3.03, 4.08,   9.50,   3.62,   0.47, 159.83,  17.94,  -7.32,  -0.25,  -0.08,   0.05,  62.96, 4.09, 0.00, 0.00, 0.00, 0.00, 1, 1,  8,  39.7281795, -83.7055817,   383.0, 2025, 11, 23, 18, 18, 18,      245,      251, 137,  13,   2.0,   0.8,   1.8,  0,  0, 25, 26,  0,  0, 37, 28, 25,  0,  0,  0,  0,  0,  0, 19,  0,  0,  0,  0,  0,  0,  0,  0,  0, 30, 26, 28,  0,  0, 33,  0
6, 11026, 11,KE8EXM,    37.40, 7,    main,    2.45,  97240.00,  345.73,   90.74,   -7.13, 22.0, 2.07, 3.03, 4.08,  10.42,   4.15,   2.00, 174.42, -11.91,  15.21,  -0.25,  -0.16,   0.09,  64.69, 4.09, 0.00, 0.00, 0.00, 0.00, 1, 1,  8,  39.7281795, -83.7055817,   383.0, 2025, 11, 23, 18, 18, 18,      245,      251, 137,  13,   2.0,   0.8,   1.8,  0,  0, 25, 26,  0,  0, 37, 28, 25,  0,  0,  0,  0,  0,  0, 19,  0,  0,  0,  0,  0,  0,  0,  0,  0, 30, 26, 28,  0,  0, 33,  0
6, 11026, 11,KE8EXM,    37.46, 7,    main,    2.45,  97240.00,  345.73,   90.74,   -7.13, 22.0, 2.05, 3.03, 4.08,  10.42,   4.15,   2.00, 174.42, -11.91,  15.21,  -0.25,  -0.16,   0.09,  64.69, 4.09, 0.00, 0.00, 0.00, 0.00, 1, 1,  8,  39.7281795, -83.7055817,   383.0, 2025, 11, 23, 18, 18, 18,      245,      251, 137,  13,   2.0,   0.8,   1.8,  0,  0, 25, 26,  0,  0, 37, 28, 25,  0,  0,  0,  0,  0,  0, 19,  0,  0,  0,  0,  0,  0,  0,  0,  0, 30, 26, 28,  0,  0, 33,  0
6, 11026, 11,KE8EXM,    37.50, 7,    main,    0.98,  97261.00,  343.93,   88.93,   -7.20, 22.0, 2.05, 3.03, 4.08,   9.80,   3.48,   0.91,  78.72,  22.33,  -0.66,  -0.25,  -0.21,   0.13,  63.56, 4.09, 0.00, 0.00, 0.00, 0.00, 1, 1,  8,  39.7281795, -83.7055817,   383.0, 2025, 11, 23, 18, 18, 18,      245,      251, 137,  13,   2.0,   0.8,   1.8,  0,  0, 25, 26,  0,  0, 37, 28, 25,  0,  0,  0,  0,  0,  0, 19,  0,  0,  0,  0,  0,  0,  0,  0,  0, 30, 26, 28,  0,  0, 33,  0
6, 11026, 11,KE8EXM,    37.60, 7,    main,   -0.98,  97263.00,  343.75,   88.76,   -7.28, 22.0, 2.05, 3.03, 4.08,  10.62,   4.16,   3.20,  30.32,  39.48, -23.06,  -0.25,  -0.20,   0.12,  59.38, 4.09, 0.00, 0.00, 0.00, 0.00, 1, 1,  8,  39.7281795, -83.7055817,   383.0, 2025, 11, 23, 18, 18, 18,      245,      251, 137,  13,   2.0,   0.8,   1.8,  0,  0, 25, 26,  0,  0, 37, 28, 25,  0,  0,  0,  0,  0,  0, 19,  0,  0,  0,  0,  0,  0,  0,  0,  0, 30, 26, 28,  0,  0, 33,  0
6, 11026, 11,KE8EXM,    37.70, 7,    main,   -0.00,  97277.00,  342.55,   87.56,   -7.35, 22.0, 2.05, 3.03, 4.08,   9.73,   4.40,   3.27,  61.14, -24.42,   3.91,  -0.26,  -0.22,   0.14,  61.21, 4.09, 0.00, 0.00, 0.00, 0.00, 1, 1,  8,  39.7281795, -83.7055817,   383.0, 2025, 11, 23, 18, 18, 18,      245,      251, 137,  13,   2.0,   0.8,   1.8,  0,  0, 25, 26,  0,  0, 37, 28, 25,  0,  0,  0,  0,  0,  0, 19,  0,  0,  0,  0,  0,  0,  0,  0,  0, 30, 26, 28,  0,  0, 33,  0
6, 11026, 11,KE8EXM,    37.78, 7,    main,   -0.00,  97277.00,  342.55,   87.56,   -7.35, 22.0, 2.05, 3.02, 4.08,   9.73,   4.40,   3.27,  61.14, -24.42,   3.91,  -0.26,  -0.22,   0.14,  61.21, 4.10, 0.00, 0.00, 0.00, 0.00, 1, 1,  8,  39.7281795, -83.7055817,   383.0, 2025, 11, 23, 18, 18, 18,      245,      251, 137,  13,   2.0,   0.8,   1.8,  0,  0, 25, 26,  0,  0, 37, 28, 25,  0,  0,  0,  0,  0,  0, 19,  0,  0,  0,  0,  0,  0,  0,  0,  0, 30, 26, 28,  0,  0, 33,  0
6, 11026, 11,KE8EXM,    37.80, 7,    main,   -0.98,  97274.00,  342.81,   87.82,   -7.42, 22.0, 2.05, 3.02, 4.08,   9.78,   3.95,   1.37,  43.87, -25.82,  26.56,  -0.26,  -0.25,   0.19,  64.92, 4.10, 0.00, 0.00, 0.00, 0.00, 1, 1,  8,  39.7281795, -83.7055817,   383.0, 2025, 11, 23, 18, 18, 18,      245,      251, 137,  13,   2.0,   0.8,   1.8,  0,  0, 25, 26,  0,  0, 37, 28, 25,  0,  0,  0,  0,  0,  0, 19,  0,  0,  0,  0,  0,  0,  0,  0,  0, 30, 26, 28,  0,  0, 33,  0
6, 11026, 11,KE8EXM,    37.90, 7,    main,    0.49,  97289.00,  341.52,   86.52,   -7.48, 22.0, 2.05, 3.02, 4.08,   9.12,   2.68,   1.84,  19.94,  20.07,  10.14,  -0.26,  -0.26,   0.19,  64.06, 4.10, 0.00, 0.00, 0.00, 0.00, 1, 1,  8,  39.7281795, -83.7055817,   383.0, 2025, 11, 23, 18, 18, 18,      245,      251, 137,  13,   2.0,   0.8,   1.8,  0,  0, 25, 26,  0,  0, 37, 28, 25,  0,  0,  0,  0,  0,  0, 19,  0,  0,  0,  0,  0,  0,  0,  0,  0, 30, 26, 28,  0,  0, 33,  0
6, 11026, 11,KE8EXM,    38.00, 7,    main,   -0.00,  97297.00,  340.83,   85.84,   -7.53, 22.0, 2.05, 3.02, 4.08,   9.73,   3.37,   1.75,  48.44,   7.99,   6.60,  -0.27,  -0.27,   0.20,  63.86, 4.10, 0.00, 0.00, 0.00, 0.00, 1, 1,  8,  39.7281795, -83.7055817,   383.0, 2025, 11, 23, 18, 18, 18,      245,      251, 137,  13,   2.0,   0.8,   1.8,  0,  0, 25, 26,  0,  0, 37, 28, 25,  0,  0,  0,  0,  0,  0, 19,  0,  0,  0,  0,  0,  0,  0,  0,  0, 30, 26, 28,  0,  0, 33,  0
6, 11026, 11,KE8EXM,    38.10, 7,    main,    0.49,  97303.00,  340.31,   85.32,   -7.57, 22.0, 2.05, 3.02, 4.08,  10.96,   3.61,   0.41,  64.01, -21.55,  -0.18,  -0.27,  -0.28,   0.24,  65.62, 4.10, 0.00, 0.00, 0.00, 0.00, 1, 1,  8,  39.7281795, -83.7055817,   383.0, 2025, 11, 23, 18, 18, 18,      245,      251, 137,  13,   2.0,   0.8,   1.8,  0,  0, 25, 26,  0,  0, 37, 28, 25,  0,  0,  0,  0,  0,  0, 19,  0,  0,  0,  0,  0,  0,  0,  0,  0, 30, 26, 28,  0,  0, 33,  0
6, 11026, 11,KE8EXM,    38.10, 7,    main,    0.49,  97303.00,  340.31,   85.32,   -7.57, 22.0, 2.05, 3.02, 4.08,  10.96,   3.61,   0.41,  64.01, -21.55,  -0.18,  -0.27,  -0.28,   0.24,  65.62, 4.10, 0.00, 0.00, 0.00, 0.00, 1, 1,  8,  39.7281795, -83.7055817,   383.0, 2025, 11, 23, 18, 18, 18,      245,      251, 137,  13,   2.0,   0.8,   1.8,  0,  0, 25, 26,  0,  0, 37, 28, 25,  0,  0,  0,  0,  0,  0, 19,  0,  0,  0,  0,  0,  0,  0,  0,  0, 30, 26, 28,  0,  0, 33,  0
6, 11026, 11,KE8EXM,    38.16, 7,    main,    0.49,  97303.00,  340.31,   85.32,   -7.57, 22.0, 2.05, 3.02, 4.08,  10.96,   3.61,   0.41,  64.01, -21.55,  -0.18,  -0.27,  -0.28,   0.24,  65.62, 4.10, 0.00, 0.00, 0.00, 0.00, 1, 1,  8,  39.7281795, -83.7055817,   383.0, 2025, 11, 23, 18, 18, 18,      245,      251, 137,  13,   2.0,   0.8,   1.8,  0,  0, 25, 26,  0,  0, 37, 28, 25,  0,  0,  0,  0,  0,  0, 19,  0,  0,  0,  0,  0,  0,  0,  0,  0, 30, 26, 28,  0,  0, 33,  0
6, 11026, 11,KE8EXM,    38.16, 7,    main,    0.49,  97303.00,  340.31,   85.32,   -7.57, 22.0, 2.05, 3.02, 4.08,  10.96,   3.61,   0.41,  64.01, -21.55,  -0.18,  -0.27,  -0.28,   0.24,  65.62, 4.10, 0.00, 0.00, 0.00, 0.00, 1, 1,  8,  39.7281795, -83.7055817,   383.0, 2025, 11, 23, 18, 18, 18,      245,      251, 137,  13,   2.0,   0.8,   1.8,  0,  0, 25, 26,  0,  0, 37, 28, 25,  0,  0,  0,  0,  0,  0, 19,  0,  0,  0,  0,  0,  0,  0,  0,  0, 30, 26, 28,  0,  0, 33,  0
6, 11026, 11,KE8EXM,    38.20, 7,    main,   -0.49,  97324.00,  338.51,   83.51,   -7.58, 22.1, 2.05, 3.02, 4.08,   9.43,   3.36,   0.35,  85.68, -24.54,  -2.19,  -0.27,  -0.29,   0.30,  67.70, 4.10, 0.00, 0.00, 0.00, 0.00, 1, 1,  9,  39.7281559, -83.7055237,   378.0, 2025, 11, 23, 18, 18, 19,      250,      255, 137,  11,   1.5,   0.8,   1.3,  0,  0, 34, 28,  0,  0, 31, 27, 24,  0,  0,  0,  0,  0,  0, 19,  0,  0,  0,  0,  0,  0,  0,  0,  0, 34, 25, 25,  0,  0, 32,  0
6, 11026, 11,KE8EXM,    38.30, 7,    main,   -2.94,  97325.00,  338.42,   83.43,   -7.59, 22.1, 2.05, 3.02, 4.08,   8.34,   3.10,   0.75,  84.52,  -4.40,   4.28,  -0.27,  -0.29,   0.35,  68.25, 4.10, 0.00, 0.00, 0.00, 0.00, 1, 1,  9,  39.7281559, -83.7055237,   378.0, 2025, 11, 23, 18, 18, 19,      250,      255, 137,  11,   1.5,   0.8,   1.3,  0,  0, 34, 28,  0,  0, 31, 27, 24,  0,  0,  0,  0,  0,  0, 19,  0,  0,  0,  0,  0,  0,  0,  0,  0, 34, 25, 25,  0,  0, 32,  0
6, 11026, 11,KE8EXM,    38.40, 7,    main,   -2.45,  97336.00,  337.47,   82.48,   -7.57, 22.1, 2.05, 3.02, 4.08,   8.20,   3.20,   0.09,  73.71,  16.78,  13.62,  -0.27,  -0.29,   0.38,  66.86, 4.10, 0.00, 0.00, 0.00, 0.00, 1, 1,  9,  39.7281559, -83.7055237,   378.0, 2025, 11, 23, 18, 18, 19,      250,      255, 137,  11,   1.5,   0.8,   1.3,  0,  0, 34, 28,  0,  0, 31, 27, 24,  0,  0,  0,  0,  0,  0, 19,  0,  0,  0,  0,  0,  0,  0,  0,  0, 34, 25, 25,  0,  0, 32,  0
6, 11026, 11,KE8EXM,    38.42, 7,    main,   -2.45,  97336.00,  337.47,   82.48,   -7.57, 22.1, 2.05, 3.01, 4.07,   8.20,   3.20,   0.09,  73.71,  16.78,  13.62,  -0.27,  -0.29,   0.38,  66.86, 4.07, 0.00, 0.00, 0.01, 0.00, 1, 1,  9,  39.7281559, -83.7055237,   378.0, 2025, 11, 23, 18, 18, 19,      250,      255, 137,  11,   1.5,   0.8,   1.3,  0,  0, 34, 28,  0,  0, 31, 27, 24,  0,  0,  0,  0,  0,  0, 19,  0,  0,  0,  0,  0,  0,  0,  0,  0, 34, 25, 25,  0,  0, 32,  0
6, 11026, 11,KE8EXM,    38.50, 7,    main,    0.49,  97352.00,  336.10,   81.11,   -7.54, 22.1, 2.05, 3.01, 4.07,   9.89,   3.84,   0.37,  80.49,  27.46,  -1.40,  -0.26,  -0.28,   0.41,  64.11, 4.07, 0.00, 0.00, 0.01, 0.00, 1, 1,  9,  39.7281559, -83.7055237,   378.0, 2025, 11, 23, 18, 18, 19,      250,      255, 137,  11,   1.5,   0.8,   1.3,  0,  0, 34, 28,  0,  0, 31, 27, 24,  0,  0,  0,  0,  0,  0, 19,  0,  0,  0,  0,  0,  0,  0,  0,  0, 34, 25, 25,  0,  0, 32,  0
6, 11026, 11,KE8EXM,    38.60, 7,    main,    0.49,  97363.00,  335.15,   80.16,   -7.49, 22.1, 2.05, 3.01, 4.07,  10.21,   3.96,   0.93, 113.02,   3.78, -10.67,  -0.26,  -0.25,   0.44,  63.82, 4.07, 0.00, 0.00, 0.01, 0.00, 1, 1,  9,  39.7281559, -83.7055237,   378.0, 2025, 11, 23, 18, 18, 19,      250,      255, 137,  11,   1.5,   0.8,   1.3,  0,  0, 34, 28,  0,  0, 31, 27, 24,  0,  0,  0,  0,  0,  0, 19,  0,  0,  0,  0,  0,  0,  0,  0,  0, 34, 25, 25,  0,  0, 32,  0
6, 11026, 11,KE8EXM,    38.70, 7,    main,    0.49,  97369.00,  334.64,   79.64,   -7.44, 22.1, 2.05, 3.01, 4.07,  10.17,   3.89,   0.67, 104.05, -17.71, -11.16,  -0.26,  -0.22,   0.50,  65.83, 4.07, 0.00, 0.00, 0.01, 0.00, 1, 1,  9,  39.7281559, -83.7055237,   378.0, 2025, 11, 23, 18, 18, 19,      250,      255, 137,  11,   1.5,   0.8,   1.3,  0,  0, 34, 28,  0,  0, 31, 27, 24,  0,  0,  0,  0,  0,  0, 19,  0,  0,  0,  0,  0,  0,  0,  0,  0, 34, 25, 25,  0,  0, 32,  0
6, 11026, 11,KE8EXM,    38.74, 7,    main,    0.49,  97369.00,  334.64,   79.64,   -7.44, 22.1, 2.05, 3.01, 4.08,  10.17,   3.89,   0.67, 104.05, -17.71, -11.16,  -0.26,  -0.22,   0.50,  65.83, 4.09, 0.00, 0.00, 0.00, 0.00, 1, 1,  9,  39.7281559, -83.7055237,   378.0, 2025, 11, 23, 18, 18, 19,      250,      255, 137,  11,   1.5,   0.8,   1.3,  0,  0, 34, 28,  0,  0, 31, 27, 24,  0,  0,  0,  0,  0,  0, 19,  0,  0,  0,  0,  0,  0,  0,  0,  0, 34, 25, 25,  0,  0, 32,  0
6, 11026, 11,KE8EXM,    38.80, 7,    main,   -1.96,  97384.00,  333.35,   78.36,   -7.37, 22.1, 2.05, 3.01, 4.08,   8.78,   4.22,   0.92,  77.37,  -7.51,  -4.69,  -0.25,  -0.18,   0.54,  66.71, 4.09, 0.00, 0.00, 0.00, 0.00, 1, 1,  9,  39.7281559, -83.7055237,   378.0, 2025, 11, 23, 18, 18, 19,      250,      255, 137,  11,   1.5,   0.8,   1.3,  0,  0, 34, 28,  0,  0, 31, 27, 24,  0,  0,  0,  0,  0,  0, 19,  0,  0,  0,  0,  0,  0,  0,  0,  0, 34, 25, 25,  0,  0, 32,  0
6, 11026, 11,KE8EXM,    38.90, 7,    main,    0.98,  97390.00,  332.83,   77.84,   -7.31, 22.1, 2.05, 3.01, 4.08,  10.44,   3.70,   1.76,  67.98,   3.84,  25.52,  -0.26,  -0.16,   0.56,  64.96, 4.09, 0.00, 0.00, 0.00, 0.00, 1, 1,  9,  39.7281559, -83.7055237,   378.0, 2025, 11, 23, 18, 18, 19,      250,      255, 137,  11,   1.5,   0.8,   1.3,  0,  0, 34, 28,  0,  0, 31, 27, 24,  0,  0,  0,  0,  0,  0, 19,  0,  0,  0,  0,  0,  0,  0,  0,  0, 34, 25, 25,  0,  0, 32,  0
6, 11026, 11,KE8EXM,    39.00, 7,    main,    1.47,  97391.00,  332.75,   77.75,   -7.25, 22.1, 2.05, 3.01, 4.08,   9.86,   2.31,   1.54,  46.25,   2.44,  41.45,  -0.27,  -0.16,   0.57,  62.12, 4.09, 0.00, 0.00, 0.00, 0.00, 1, 1,  9,  39.7281559, -83.7055237,   378.0, 2025, 11, 23, 18, 18, 19,      250,      255, 137,  11,   1.5,   0.8,   1.3,  0,  0, 34, 28,  0,  0, 31, 27, 24,  0,  0,  0,  0,  0,  0, 19,  0,  0,  0,  0,  0,  0,  0,  0,  0, 34, 25, 25,  0,  0, 32,  0
6, 11026, 11,KE8EXM,    39.06, 7,    main,    1.47,  97391.00,  332.75,   77.75,   -7.25, 22.1, 2.05, 3.01, 4.08,   9.86,   2.31,   1.54,  46.25,   2.44,  41.45,  -0.27,  -0.16,   0.57,  62.12, 4.09, 0.00, 0.00, 0.00, 0.00, 1, 1,  9,  39.7281559, -83.7055237,   378.0, 2025, 11, 23, 18, 18, 19,      250,      255, 137,  11,   1.5,   0.8,   1.3,  0,  0, 34, 28,  0,  0, 31, 27, 24,  0,  0,  0,  0,  0,  0, 19,  0,  0,  0,  0,  0,  0,  0,  0,  0, 34, 25, 25,  0,  0, 32,  0
6, 11026, 11,KE8EXM,    39.10, 7,    main,   -0.98,  97403.00,  331.71,   76.72,   -7.18, 22.1, 2.05, 3.01, 4.08,   9.58,   2.33,   1.65,  -3.68,  25.81, -15.92,  -0.26,  -0.16,   0.57,  61.39, 4.09, 0.00, 0.00, 0.00, 0.00, 1, 1,  9,  39.7281559, -83.7055237,   378.0, 2025, 11, 23, 18, 18, 19,      250,      255, 137,  11,   1.5,   0.8,   1.3,  0,  0, 34, 28,  0,  0, 31, 27, 24,  0,  0,  0,  0,  0,  0, 19,  0,  0,  0,  0,  0,  0,  0,  0,  0, 34, 25, 25,  0,  0, 32,  0
6, 11026, 11,KE8EXM,    39.16, 7,    main,   -0.98,  97403.00,  331.71,   76.72,   -7.18, 22.1, 2.05, 3.01, 4.08,   9.58,   2.33,   1.65,  -3.68,  25.81, -15.92,  -0.26,  -0.16,   0.57,  61.39, 4.09, 0.00, 0.00, 0.00, 0.00, 1, 1,  9,  39.7281559, -83.7055237,   378.0, 2025, 11, 23, 18, 18, 19,      250,      255, 137,  11,   1.5,   0.8,   1.3,  0,  0, 34, 28,  0,  0, 31, 27, 24,  0,  0,  0,  0,  0,  0, 19,  0,  0,  0,  0,  0,  0,  0,  0,  0, 34, 25, 25,  0,  0, 32,  0
6, 11026, 11,KE8EXM,    39.16, 7,    main,   -0.98,  97403.00,  331.71,   76.72,   -7.18, 22.1, 2.05, 3.01, 4.08,   9.58,   2.33,   1.65,  -3.68,  25.81, -15.92,  -0.26,  -0.16,   0.57,  61.39, 4.09, 0.00, 0.00, 0.00, 0.00, 1, 1,  9,  39.7281559, -83.7055237,   378.0, 2025, 11, 23, 18, 18, 19,      250,      255, 137,  11,   1.5,   0.8,   1.3,  0,  0, 34, 28,  0,  0, 31, 27, 24,  0,  0,  0,  0,  0,  0, 19,  0,  0,  0,  0,  0,  0,  0,  0,  0, 34, 25, 25,  0,  0, 32,  0
6, 11026, 11,KE8EXM,    39.20, 7,    main,    1.96,  97415.00,  330.68,   75.69,   -7.14, 22.1, 2.05, 3.01, 4.08,  10.16,   1.77,   2.31, -29.38,  13.24, -19.59,  -0.25,  -0.15,   0.55,  61.86, 4.09, 0.00, 0.00, 0.00, 0.00, 1, 1,  8,  39.7281233, -83.7054597,   369.0, 2025, 11, 23, 18, 18, 20,      257,      260, 136,   9,   2.0,   0.8,   1.8,  0,  0, 30, 28,  0,  0, 32, 39, 31,  0,  0,  0,  0,  0,  0, 23,  0,  0,  0,  0,  0,  0,  0,  0,  0, 29, 31, 25,  0,  0, 30,  0
6, 11026, 11,KE8EXM,    39.30, 7,    main,   -0.49,  97416.00,  330.60,   75.61,   -7.11, 22.1, 2.05, 3.01, 4.08,   9.98,  -0.14,   1.82, -89.07,  -2.94,  24.48,  -0.25,  -0.18,   0.53,  60.42, 4.09, 0.00, 0.00, 0.00, 0.00, 1, 1,  8,  39.7281233, -83.7054597,   369.0, 2025, 11, 23, 18, 18, 20,      257,      260, 136,   9,   2.0,   0.8,   1.8,  0,  0, 30, 28,  0,  0, 32, 39, 31,  0,  0,  0,  0,  0,  0, 23,  0,  0,  0,  0,  0,  0,  0,  0,  0, 29, 31, 25,  0,  0, 30,  0
6, 11026, 11,KE8EXM,    39.38, 7,    main,   -0.49,  97416.00,  330.60,   75.61,   -7.11, 22.1, 2.05, 3.01, 4.08,   9.98,  -0.14,   1.82, -89.07,  -2.94,  24.48,  -0.25,  -0.18,   0.53,  60.42, 4.08, 0.00, 0.00, 0.00, 0.00, 1, 1,  8,  39.7281233, -83.7054597,   369.0, 2025, 11, 23, 18, 18, 20,      257,      260, 136,   9,   2.0,   0.8,   1.8,  0,  0, 30, 28,  0,  0, 32, 39, 31,  0,  0,  0,  0,  0,  0, 23,  0,  0,  0,  0,  0,  0,  0,  0,  0, 29, 31, 25,  0,  0, 30,  0
6, 11026, 11,KE8EXM,    39.40, 7,    main,   -0.00,  97431.00,  329.31,   74.32,   -7.09, 22.1, 2.05, 3.01, 4.08,   8.59,   0.31,   2.28,-151.87,  13.79,  40.35,  -0.26,  -0.24,   0.48,  57.09, 4.08, 0.00, 0.00, 0.00, 0.00, 1, 1,  8,  39.7281233, -83.7054597,   369.0, 2025, 11, 23, 18, 18, 20,      257,      260, 136,   9,   2.0,   0.8,   1.8,  0,  0, 30, 28,  0,  0, 32, 39, 31,  0,  0,  0,  0,  0,  0, 23,  0,  0,  0,  0,  0,  0,  0,  0,  0, 29, 31, 25,  0,  0, 30,  0
6, 11026, 11,KE8EXM,    39.50, 7,    main,   -0.00,  97433.00,  329.14,   74.14,   -7.08, 22.1, 2.05, 3.01, 4.08,   9.45,   0.50,   2.88,-175.01,  29.11,   2.45,  -0.27,  -0.29,   0.39,  54.23, 4.08, 0.00, 0.00, 0.00, 0.00, 1, 1,  8,  39.7281233, -83.7054597,   369.0, 2025, 11, 23, 18, 18, 20,      257,      260, 136,   9,   2.0,   0.8,   1.8,  0,  0, 30, 28,  0,  0, 32, 39, 31,  0,  0,  0,  0,  0,  0, 23,  0,  0,  0,  0,  0,  0,  0,  0,  0, 29, 31, 25,  0,  0, 30,  0
6, 11026, 11,KE8EXM,    39.60, 7,    main,   -0.98,  97438.00,  328.71,   73.71,   -7.09, 22.1, 2.05, 3.01, 4.08,   9.56,   1.07,   3.20,-181.60,   7.44, -25.81,  -0.26,  -0.28,   0.27,  53.50, 4.08, 0.00, 0.00, 0.00, 0.00, 1, 1,  8,  39.7281233, -83.7054597,   369.0, 2025, 11, 23, 18, 18, 20,      257,      260, 136,   9,   2.0,   0.8,   1.8,  0,  0, 30, 28,  0,  0, 32, 39, 31,  0,  0,  0,  0,  0,  0, 23,  0,  0,  0,  0,  0,  0,  0,  0,  0, 29, 31, 25,  0,  0, 30,  0
6, 11026, 11,KE8EXM,    39.70, 7,    main,   -1.47,  97442.00,  328.36,   73.37,   -7.12, 22.1, 2.04, 3.01, 4.08,   8.81,   1.31,   2.57,-197.47,   1.52, -25.57,  -0.25,  -0.23,   0.17,  52.64, 4.07, 0.00, 0.00, 0.00, 0.00, 1, 1,  8,  39.7281233, -83.7054597,   369.0, 2025, 11, 23, 18, 18, 20,      257,      260, 136,   9,   2.0,   0.8,   1.8,  0,  0, 30, 28,  0,  0, 32, 39, 31,  0,  0,  0,  0,  0,  0, 23,  0,  0,  0,  0,  0,  0,  0,  0,  0, 29, 31, 25,  0,  0, 30,  0
6, 11026, 11,KE8EXM,    39.70, 7,    main,   -1.47,  97442.00,  328.36,   73.37,   -7.12, 22.1, 2.04, 3.01, 4.08,   8.81,   1.31,   2.57,-197.47,   1.52, -25.57,  -0.25,  -0.23,   0.17,  52.64, 4.07, 0.00, 0.00, 0.00, 0.00, 1, 1,  8,  39.7281233, -83.7054597,   369.0, 2025, 11, 23, 18, 18, 20,      257,      260, 136,   9,   2.0,   0.8,   1.8,  0,  0, 30, 28,  0,  0, 32, 39, 31,  0,  0,  0,  0,  0,  0, 23,  0,  0,  0,  0,  0,  0,  0,  0,  0, 29, 31, 25,  0,  0, 30,  0
6, 11026, 11,KE8EXM,    39.80, 7,    main,   -1.47,  97452.00,  327.50,   72.51,   -7.16, 22.1, 2.04, 3.01, 4.08,   9.72,   3.31,   1.58,-163.71,   2.74, -30.94,  -0.24,  -0.16,   0.10,  50.69, 4.07, 0.00, 0.00, 0.00, 0.00, 1, 1,  8,  39.7281233, -83.7054597,   369.0, 2025, 11, 23, 18, 18, 20,      257,      260, 136,   9,   2.0,   0.8,   1.8,  0,  0, 30, 28,  0,  0, 32, 39, 31,  0,  0,  0,  0,  0,  0, 23,  0,  0,  0,  0,  0,  0,  0,  0,  0, 29, 31, 25,  0,  0, 30,  0
6, 11026, 11,KE8EXM,    39.90, 7,    main,   -1.47,  97462.00,  326.65,   71.65,   -7.20, 22.1, 2.04, 3.01, 4.08,   8.72,   2.69,   0.26,-154.07,   5.79,   7.51,  -0.24,  -0.09,   0.06,  50.88, 4.07, 0.00, 0.00, 0.00, 0.00, 1, 1,  8,  39.7281233, -83.7054597,   369.0, 2025, 11, 23, 18, 18, 20,      257,      260, 136,   9,   2.0,   0.8,   1.8,  0,  0, 30, 28,  0,  0, 32, 39, 31,  0,  0,  0,  0,  0,  0, 23,  0,  0,  0,  0,  0,  0,  0,  0,  0, 29, 31, 25,  0,  0, 30,  0
6, 11026, 11,KE8EXM,    40.00, 7,    main,   -1.96,  97472.00,  325.79,   70.79,   -7.25, 22.1, 2.04, 3.01, 4.08,   9.16,   2.37,  -0.18,-140.28,  16.78,  13.86,  -0.25,  -0.04,   0.02,  51.48, 4.07, 0.00, 0.00, 0.00, 0.00, 1, 1,  8,  39.7281233, -83.7054597,   369.0, 2025, 11, 23, 18, 18, 20,      257,      260, 136,   9,   2.0,   0.8,   1.8,  0,  0, 30, 28,  0,  0, 32, 39, 31,  0,  0,  0,  0,  0,  0, 23,  0,  0,  0,  0,  0,  0,  0,  0,  0, 29, 31, 25,  0,  0, 30,  0
6, 11026, 11,KE8EXM,    40.02, 7,    main,   -1.96,  97472.00,  325.79,   70.79,   -7.25, 22.1, 2.04, 2.99, 4.07,   9.16,   2.37,  -0.18,-140.28,  16.78,  13.86,  -0.25,  -0.04,   0.02,  51.48, 4.07, 0.00, 0.00, 0.00, 0.00, 1, 1,  8,  39.7281233, -83.7054597,   369.0, 2025, 11, 23, 18, 18, 20,      257,      260, 136,   9,   2.0,   0.8,   1.8,  0,  0, 30, 28,  0,  0, 32, 39, 31,  0,  0,  0,  0,  0,  0, 23,  0,  0,  0,  0,  0,  0,  0,  0,  0, 29, 31, 25,  0,  0, 30,  0
6, 11026, 11,KE8EXM,    40.10, 7,    main,    0.49,  97481.00,  325.01,   70.02,   -7.32, 22.1, 2.04, 2.99, 4.07,   9.13,   1.69,  -1.28, -63.49, -22.77, -25.32,  -0.25,   0.02,   0.02,  49.38, 4.07, 0.00, 0.00, 0.00, 0.00, 1, 1,  8,  39.7281233, -83.7054597,   369.0, 2025, 11, 23, 18, 18, 20,      257,      260, 136,   9,   2.0,   0.8,   1.8,  0,  0, 30, 28,  0,  0, 32, 39, 31,  0,  0,  0,  0,  0,  0, 23,  0,  0,  0,  0,  0,  0,  0,  0,  0, 29, 31, 25,  0,  0, 30,  0
6, 11026, 11,KE8EXM,    40.16, 7,    main,    0.49,  97481.00,  325.01,   70.02,   -7.32, 22.1, 2.04, 2.99, 4.07,   9.13,   1.69,  -1.28, -63.49, -22.77, -25.32,  -0.25,   0.02,   0.02,  49.38, 4.07, 0.00, 0.00, 0.00, 0.00, 1, 1,  8,  39.7281233, -83.7054597,   369.0, 2025, 11, 23, 18, 18, 20,      257,      260, 136,   9,   2.0,   0.8,   1.8,  0,  0, 30, 28,  0,  0, 32, 39, 31,  0,  0,  0,  0,  0,  0, 23,  0,  0,  0,  0,  0,  0,  0,  0,  0, 29, 31, 25,  0,  0, 30,  0
6, 11026, 11,KE8EXM,    40.16, 7,    main,    0.49,  97481.00,  325.01,   70.02,   -7.32, 22.1, 2.04, 2.99, 4.07,   9.13,   1.69,  -1.28, -63.49, -22.77, -25.32,  -0.25,   0.02,   0.02,  49.38, 4.07, 0.00, 0.00, 0.00, 0.00, 1, 1,  8,  39.7281233, -83.7054597,   369.0, 2025, 11, 23, 18, 18, 20,      257,      260, 136,   9,   2.0,   0.8,   1.8,  0,  0, 30, 28,  0,  0, 32, 39, 31,  0,  0,  0,  0,  0,  0, 23,  0,  0,  0,  0,  0,  0,  0,  0,  0, 29, 31, 25,  0,  0, 30,  0
6, 11026, 11,KE8EXM,    40.20, 7,    main,   -1.47,  97477.00,  325.36,   70.36,   -7.39, 22.1, 2.04, 2.99, 4.07,   9.96,   1.48,  -2.73, -47.02, -26.56, -17.81,  -0.23,   0.05,   0.04,  47.87, 4.07, 0.00, 0.00, 0.00, 0.00, 1, 1,  9,  39.7281081, -83.7054140,   365.0, 2025, 11, 23, 18, 18, 21,      260,      263, 136,   8,   1.5,   0.8,   1.3,  0,  0, 29, 26,  0,  0, 34, 23, 25,  0,  0,  0,  0,  0,  0, 24,  0,  0,  0,  0,  0,  0,  0,  0,  0, 33, 26, 37,  0,  0, 29,  0
6, 11026, 11,KE8EXM,    40.30, 7,    main,   -0.00,  97489.00,  324.33,   69.33,   -7.46, 22.1, 2.04, 2.99, 4.07,   9.45,   0.14,  -2.47, -54.34, -13.49,   3.43,  -0.23,   0.08,   0.06,  48.28, 4.07, 0.00, 0.00, 0.00, 0.00, 1, 1,  9,  39.7281081, -83.7054140,   365.0, 2025, 11, 23, 18, 18, 21,      260,      263, 136,   8,   1.5,   0.8,   1.3,  0,  0, 29, 26,  0,  0, 34, 23, 25,  0,  0,  0,  0,  0,  0, 24,  0,  0,  0,  0,  0,  0,  0,  0,  0, 33, 26, 37,  0,  0, 29,  0
6, 11026, 11,KE8EXM,    40.34, 7,    main,   -0.00,  97489.00,  324.33,   69.33,   -7.46, 22.1, 2.05, 3.01, 4.09,   9.45,   0.14,  -2.47, -54.34, -13.49,   3.43,  -0.23,   0.08,   0.06,  48.28, 4.09, 0.00, 0.00, 0.00, 0.00, 1, 1,  9,  39.7281081, -83.7054140,   365.0, 2025, 11, 23, 18, 18, 21,      260,      263, 136,   8,   1.5,   0.8,   1.3,  0,  0, 29, 26,  0,  0, 34, 23, 25,  0,  0,  0,  0,  0,  0, 24,  0,  0,  0,  0,  0,  0,  0,  0,  0, 33, 26, 37,  0,  0, 29,  0
6, 11026, 11,KE8EXM,    40.40, 7,    main,   -2.94,  97496.00,  323.73,   68.73,   -7.52, 22.1, 2.05, 3.01, 4.09,   8.71,  -0.92,  -2.74, -65.69,   7.01,   9.65,  -0.23,   0.09,   0.06,  49.27, 4.09, 0.00, 0.00, 0.00, 0.00, 1, 1,  9,  39.7281081, -83.7054140,   365.0, 2025, 11, 23, 18, 18, 21,      260,      263, 136,   8,   1.5,   0.8,   1.3,  0,  0, 29, 26,  0,  0, 34, 23, 25,  0,  0,  0,  0,  0,  0, 24,  0,  0,  0,  0,  0,  0,  0,  0,  0, 33, 26, 37,  0,  0, 29,  0
6, 11026, 11,KE8EXM,    40.50, 7,    main,   -2.45,  97510.00,  322.52,   67.53,   -7.58, 22.1, 2.05, 3.01, 4.09,   8.81,  -2.26,  -2.13, -94.01,   9.09,   7.51,  -0.23,   0.12,   0.07,  50.16, 4.09, 0.00, 0.00, 0.00, 0.00, 1, 1,  9,  39.7281081, -83.7054140,   365.0, 2025, 11, 23, 18, 18, 21,      260,      263, 136,   8,   1.5,   0.8,   1.3,  0,  0, 29, 26,  0,  0, 34, 23, 25,  0,  0,  0,  0,  0,  0, 24,  0,  0,  0,  0,  0,  0,  0,  0,  0, 33, 26, 37,  0,  0, 29,  0
6, 11026, 11,KE8EXM,    40.60, 7,    main,   -0.00,  97513.00,  322.27,   67.27,   -7.62, 22.1, 2.05, 3.01, 4.09,   9.27,  -3.05,  -0.72,-136.74, -14.04,  -3.35,  -0.22,   0.16,   0.10,  49.39, 4.09, 0.00, 0.00, 0.00, 0.00, 1, 1,  9,  39.7281081, -83.7054140,   365.0, 2025, 11, 23, 18, 18, 21,      260,      263, 136,   8,   1.5,   0.8,   1.3,  0,  0, 29, 26,  0,  0, 34, 23, 25,  0,  0,  0,  0,  0,  0, 24,  0,  0,  0,  0,  0,  0,  0,  0,  0, 33, 26, 37,  0,  0, 29,  0
6, 11026, 11,KE8EXM,    40.66, 7,    main,   -0.00,  97513.00,  322.27,   67.27,   -7.62, 22.1, 2.03, 2.98, 4.07,   9.27,  -3.05,  -0.72,-136.74, -14.04,  -3.35,  -0.22,   0.16,   0.10,  49.39, 4.08, 0.00, 0.00, 0.00, 0.00, 1, 1,  9,  39.7281081, -83.7054140,   365.0, 2025, 11, 23, 18, 18, 21,      260,      263, 136,   8,   1.5,   0.8,   1.3,  0,  0, 29, 26,  0,  0, 34, 23, 25,  0,  0,  0,  0,  0,  0, 24,  0,  0,  0,  0,  0,  0,  0,  0,  0, 33, 26, 37,  0,  0, 29,  0
6, 11026, 11,KE8EXM,    40.70, 7,    main,    1.47,  97533.00,  320.55,   65.56,   -7.66, 22.1, 2.03, 2.98, 4.07,   9.78,  -3.76,   0.52,-172.26, -33.39,   4.16,  -0.21,   0.21,   0.17,  48.06, 4.08, 0.00, 0.00, 0.00, 0.00, 1, 1,  9,  39.7281081, -83.7054140,   365.0, 2025, 11, 23, 18, 18, 21,      260,      263, 136,   8,   1.5,   0.8,   1.3,  0,  0, 29, 26,  0,  0, 34, 23, 25,  0,  0,  0,  0,  0,  0, 24,  0,  0,  0,  0,  0,  0,  0,  0,  0, 33, 26, 37,  0,  0, 29,  0
6, 11026, 11,KE8EXM,    40.80, 7,    main,    0.49,  97547.00,  319.35,   64.35,   -7.68, 22.1, 2.03, 2.98, 4.07,   9.96,  -3.36,   1.89,-190.14, -14.29,  18.87,  -0.20,   0.22,   0.25,  48.37, 4.08, 0.00, 0.00, 0.00, 0.00, 1, 1,  9,  39.7281081, -83.7054140,   365.0, 2025, 11, 23, 18, 18, 21,      260,      263, 136,   8,   1.5,   0.8,   1.3,  0,  0, 29, 26,  0,  0, 34, 23, 25,  0,  0,  0,  0,  0,  0, 24,  0,  0,  0,  0,  0,  0,  0,  0,  0, 33, 26, 37,  0,  0, 29,  0
6, 11026, 11,KE8EXM,    40.90, 7,    main,   -1.47,  97555.00,  318.66,   63.67,   -7.69, 22.1, 2.03, 2.98, 4.07,   9.94,  -1.43,   3.55,-221.88,  -5.68,   3.06,  -0.20,   0.21,   0.33,  48.00, 4.08, 0.00, 0.00, 0.00, 0.00, 1, 1,  9,  39.7281081, -83.7054140,   365.0, 2025, 11, 23, 18, 18, 21,      260,      263, 136,   8,   1.5,   0.8,   1.3,  0,  0, 29, 26,  0,  0, 34, 23, 25,  0,  0,  0,  0,  0,  0, 24,  0,  0,  0,  0,  0,  0,  0,  0,  0, 33, 26, 37,  0,  0, 29,  0
6, 11026, 11,KE8EXM,    40.98, 7,    main,   -1.47,  97555.00,  318.66,   63.67,   -7.69, 22.1, 2.04, 2.98, 4.08,   9.94,  -1.43,   3.55,-221.88,  -5.68,   3.06,  -0.20,   0.21,   0.33,  48.00, 4.08, 0.00, 0.00, 0.00, 0.00, 1, 1,  9,  39.7281081, -83.7054140,   365.0, 2025, 11, 23, 18, 18, 21,      260,      263, 136,   8,   1.5,   0.8,   1.3,  0,  0, 29, 26,  0,  0, 34, 23, 25,  0,  0,  0,  0,  0,  0, 24,  0,  0,  0,  0,  0,  0,  0,  0,  0, 33, 26, 37,  0,  0, 29,  0
6, 11026, 11,KE8EXM,    41.00, 7,    main,   -3.43,  97569.00,  317.46,   62.47,   -7.68, 22.1, 2.04, 2.98, 4.08,   9.20,  -0.24,   3.13,-209.43,   7.32,  -3.59,  -0.20,   0.19,   0.41,  48.70, 4.08, 0.00, 0.00, 0.00, 0.00, 1, 1,  9,  39.7281081, -83.7054140,   365.0, 2025, 11, 23, 18, 18, 21,      260,      263, 136,   8,   1.5,   0.8,   1.3,  0,  0, 29, 26,  0,  0, 34, 23, 25,  0,  0,  0,  0,  0,  0, 24,  0,  0,  0,  0,  0,  0,  0,  0,  0, 33, 26, 37,  0,  0, 29,  0
6, 11026, 11,KE8EXM,    41.10, 7,    main,   -0.98,  97575.00,  316.94,   61.95,   -7.66, 22.1, 2.04, 2.98, 4.08,   9.40,   1.50,   3.47,-181.72,  12.75,   3.73,  -0.19,   0.14,   0.44,  49.82, 4.08, 0.00, 0.00, 0.00, 0.00, 1, 1,  9,  39.7281081, -83.7054140,   365.0, 2025, 11, 23, 18, 18, 21,      260,      263, 136,   8,   1.5,   0.8,   1.3,  0,  0, 29, 26,  0,  0, 34, 23, 25,  0,  0,  0,  0,  0,  0, 24,  0,  0,  0,  0,  0,  0,  0,  0,  0, 33, 26, 37,  0,  0, 29,  0
6, 11026, 11,KE8EXM,    41.16, 7,    main,   -0.98,  97575.00,  316.94,   61.95,   -7.66, 22.1, 2.04, 2.98, 4.08,   9.40,   1.50,   3.47,-181.72,  12.75,   3.73,  -0.19,   0.14,   0.44,  49.82, 4.08, 0.00, 0.00, 0.00, 0.00, 1, 1,  9,  39.7281081, -83.7054140,   365.0, 2025, 11, 23, 18, 18, 21,      260,      263, 136,   8,   1.5,   0.8,   1.3,  0,  0, 29, 26,  0,  0, 34, 23, 25,  0,  0,  0,  0,  0,  0, 24,  0,  0,  0,  0,  0,  0,  0,  0,  0, 33, 26, 37,  0,  0, 29,  0
6, 11026, 11,KE8EXM,    41.16, 7,    main,   -0.98,  97575.00,  316.94,   61.95,   -7.66, 22.1, 2.04, 2.98, 4.08,   9.40,   1.50,   3.47,-181.72,  12.75,   3.73,  -0.19,   0.14,   0.44,  49.82, 4.08, 0.00, 0.00, 0.00, 0.00, 1, 1,  9,  39.7281081, -83.7054140,   365.0, 2025, 11, 23, 18, 18, 21,      260,      263, 136,   8,   1.5,   0.8,   1.3,  0,  0, 29, 26,  0,  0, 34, 23, 25,  0,  0,  0,  0,  0,  0, 24,  0,  0,  0,  0,  0,  0,  0,  0,  0, 33, 26, 37,  0,  0, 29,  0
6, 11026, 11,KE8EXM,    41.20, 7,    main,    1.96,  97595.00,  315.23,   60.23,   -7.63, 22.1, 2.04, 2.98, 4.08,  10.75,   1.77,   3.21,-151.93,   2.19,  35.35,  -0.19,   0.08,   0.47,  48.11, 4.08, 0.00, 0.00, 0.00, 0.00, 1, 1,  9,  39.7280905, -83.7053919,   362.0, 2025, 11, 23, 18, 18, 22,      263,      265, 136,   7,   1.5,   0.8,   1.3,  0,  0, 29, 31,  0,  0, 26, 31, 24,  0,  0,  0,  0,  0,  0, 25,  0,  0,  0,  0,  0,  0,  0,  0,  0, 28, 26, 31,  0,  0, 29,  0
6, 11026, 11,KE8EXM,    41.30, 7,    main,   -1.96,  97589.00,  315.74,   60.75,   -7.60, 22.1, 2.04, 2.96, 4.08,   9.61,   1.97,   2.34, -89.07,  13.97,  23.32,  -0.19,   0.02,   0.47,  47.44, 4.09, 0.00, 0.00, 0.00, 0.00, 1, 1,  9,  39.7280905, -83.7053919,   362.0, 2025, 11, 23, 18, 18, 22,      263,      265, 136,   7,   1.5,   0.8,   1.3,  0,  0, 29, 31,  0,  0, 26, 31, 24,  0,  0,  0,  0,  0,  0, 25,  0,  0,  0,  0,  0,  0,  0,  0,  0, 28, 26, 31,  0,  0, 29,  0
6, 11026, 11,KE8EXM,    41.30, 7,    main,   -1.96,  97589.00,  315.74,   60.75,   -7.60, 22.1, 2.04, 2.96, 4.08,   9.61,   1.97,   2.34, -89.07,  13.97,  23.32,  -0.19,   0.02,   0.47,  47.44, 4.09, 0.00, 0.00, 0.00, 0.00, 1, 1,  9,  39.7280905, -83.7053919,   362.0, 2025, 11, 23, 18, 18, 22,      263,      265, 136,   7,   1.5,   0.8,   1.3,  0,  0, 29, 31,  0,  0, 26, 31, 24,  0,  0,  0,  0,  0,  0, 25,  0,  0,  0,  0,  0,  0,  0,  0,  0, 28, 26, 31,  0,  0, 29,  0
6, 11026, 11,KE8EXM,    41.40, 7,    main,   -0.98,  97599.00,  314.88,   59.89,   -7.56, 22.1, 2.04, 2.96, 4.08,   7.97,   2.38,   1.48,  -0.63,   1.09, -16.72,  -0.18,   0.01,   0.47,  48.85, 4.09, 0.00, 0.00, 0.00, 0.00, 1, 1,  9,  39.7280905, -83.7053919,   362.0, 2025, 11, 23, 18, 18, 22,      263,      265, 136,   7,   1.5,   0.8,   1.3,  0,  0, 29, 31,  0,  0, 26, 31, 24,  0,  0,  0,  0,  0,  0, 25,  0,  0,  0,  0,  0,  0,  0,  0,  0, 28, 26, 31,  0,  0, 29,  0
6, 11026, 11,KE8EXM,    41.50, 7,    main,   -1.96,  97608.00,  314.11,   59.12,   -7.52, 22.1, 2.04, 2.96, 4.08,   9.54,   3.54,   1.95,  56.62,   7.14,  -9.33,  -0.18,   0.03,   0.47,  50.02, 4.09, 0.00, 0.00, 0.00, 0.00, 1, 1,  9,  39.7280905, -83.7053919,   362.0, 2025, 11, 23, 18, 18, 22,      263,      265, 136,   7,   1.5,   0.8,   1.3,  0,  0, 29, 31,  0,  0, 26, 31, 24,  0,  0,  0,  0,  0,  0, 25,  0,  0,  0,  0,  0,  0,  0,  0,  0, 28, 26, 31,  0,  0, 29,  0
6, 11026, 11,KE8EXM,    41.60, 7,    main,   -2.45,  97614.00,  313.60,   58.60,   -7.48, 22.1, 2.04, 2.96, 4.08,  10.27,   2.54,   2.47, 116.19,  23.49,   5.50,  -0.17,   0.06,   0.44,  51.22, 4.09, 0.00, 0.00, 0.00, 0.00, 1, 1,  9,  39.7280905, -83.7053919,   362.0, 2025, 11, 23, 18, 18, 22,      263,      265, 136,   7,   1.5,   0.8,   1.3,  0,  0, 29, 31,  0,  0, 26, 31, 24,  0,  0,  0,  0,  0,  0, 25,  0,  0,  0,  0,  0,  0,  0,  0,  0, 28, 26, 31,  0,  0, 29,  0
6, 11026, 11,KE8EXM,    41.62, 7,    main,   -2.45,  97614.00,  313.60,   58.60,   -7.48, 22.1, 2.02, 2.95, 4.07,  10.27,   2.54,   2.47, 116.19,  23.49,   5.50,  -0.17,   0.06,   0.44,  51.22, 4.08, 0.00, 0.00, 0.00, 0.00, 1, 1,  9,  39.7280905, -83.7053919,   362.0, 2025, 11, 23, 18, 18, 22,      263,      265, 136,   7,   1.5,   0.8,   1.3,  0,  0, 29, 31,  0,  0, 26, 31, 24,  0,  0,  0,  0,  0,  0, 25,  0,  0,  0,  0,  0,  0,  0,  0,  0, 28, 26, 31,  0,  0, 29,  0
6, 11026, 11,KE8EXM,    41.70, 7,    main,   -0.49,  97626.00,  312.57,   57.57,   -7.43, 22.1, 2.02, 2.95, 4.07,   8.92,   2.35,   2.63, 199.08,  11.53,  -8.78,  -0.17,   0.09,   0.41,  52.66, 4.08, 0.00, 0.00, 0.00, 0.00, 1, 1,  9,  39.7280905, -83.7053919,   362.0, 2025, 11, 23, 18, 18, 22,      263,      265, 136,   7,   1.5,   0.8,   1.3,  0,  0, 29, 31,  0,  0, 26, 31, 24,  0,  0,  0,  0,  0,  0, 25,  0,  0,  0,  0,  0,  0,  0,  0,  0, 28, 26, 31,  0,  0, 29,  0
6, 11026, 11,KE8EXM,    41.80, 7,    main,   -0.49,  97637.00,  311.62,   56.63,   -7.40, 22.1, 2.02, 2.95, 4.07,   9.10,   2.40,   3.20, 236.07,  -0.49,  -7.99,  -0.17,   0.14,   0.36,  52.82, 4.08, 0.00, 0.00, 0.00, 0.00, 1, 1,  9,  39.7280905, -83.7053919,   362.0, 2025, 11, 23, 18, 18, 22,      263,      265, 136,   7,   1.5,   0.8,   1.3,  0,  0, 29, 31,  0,  0, 26, 31, 24,  0,  0,  0,  0,  0,  0, 25,  0,  0,  0,  0,  0,  0,  0,  0,  0, 28, 26, 31,  0,  0, 29,  0
6, 11026, 11,KE8EXM,    41.90, 7,    main,   -0.49,  97632.00,  312.05,   57.06,   -7.37, 22.1, 2.02, 2.95, 4.07,   9.69,   1.57,   3.06, 195.60,  14.58,  30.59,  -0.17,   0.14,   0.31,  54.75, 4.08, 0.00, 0.00, 0.00, 0.00, 1, 1,  9,  39.7280905, -83.7053919,   362.0, 2025, 11, 23, 18, 18, 22,      263,      265, 136,   7,   1.5,   0.8,   1.3,  0,  0, 29, 31,  0,  0, 26, 31, 24,  0,  0,  0,  0,  0,  0, 25,  0,  0,  0,  0,  0,  0,  0,  0,  0, 28, 26, 31,  0,  0, 29,  0
6, 11026, 11,KE8EXM,    41.94, 7,    main,   -0.49,  97632.00,  312.05,   57.06,   -7.37, 22.1, 2.01, 2.95, 4.08,   9.69,   1.57,   3.06, 195.60,  14.58,  30.59,  -0.17,   0.14,   0.31,  54.75, 4.09, 0.00, 0.00, 0.00, 0.00, 1, 1,  9,  39.7280905, -83.7053919,   362.0, 2025, 11, 23, 18, 18, 22,      263,      265, 136,   7,   1.5,   0.8,   1.3,  0,  0, 29, 31,  0,  0, 26, 31, 24,  0,  0,  0,  0,  0,  0, 25,  0,  0,  0,  0,  0,  0,  0,  0,  0, 28, 26, 31,  0,  0, 29,  0
6, 11026, 11,KE8EXM,    42.00, 7,    main,   -0.98,  97637.00,  311.62,   56.63,   -7.36, 22.1, 2.01, 2.95, 4.08,   9.19,   0.11,   4.97, 205.18,  46.63,  17.40,  -0.18,   0.11,   0.24,  59.67, 4.09, 0.00, 0.00, 0.00, 0.00, 1, 1,  9,  39.7280905, -83.7053919,   362.0, 2025, 11, 23, 18, 18, 22,      263,      265, 136,   7,   1.5,   0.8,   1.3,  0,  0, 29, 31,  0,  0, 26, 31, 24,  0,  0,  0,  0,  0,  0, 25,  0,  0,  0,  0,  0,  0,  0,  0,  0, 28, 26, 31,  0,  0, 29,  0
6, 11026, 11,KE8EXM,    42.10, 7,    main,    0.49,  97663.00,  309.39,   54.40,   -7.35, 22.2, 2.01, 2.95, 4.08,  11.00,  -0.34,   5.58, 174.60,   7.01,   2.14,  -0.18,   0.08,   0.19,  60.28, 4.09, 0.00, 0.00, 0.00, 0.00, 1, 1,  9,  39.7280905, -83.7053919,   362.0, 2025, 11, 23, 18, 18, 22,      263,      265, 136,   7,   1.5,   0.8,   1.3,  0,  0, 29, 31,  0,  0, 26, 31, 24,  0,  0,  0,  0,  0,  0, 25,  0,  0,  0,  0,  0,  0,  0,  0,  0, 28, 26, 31,  0,  0, 29,  0
6, 11026, 11,KE8EXM,    42.16, 7,    main,    0.49,  97663.00,  309.39,   54.40,   -7.35, 22.2, 2.01, 2.95, 4.08,  11.00,  -0.34,   5.58, 174.60,   7.01,   2.14,  -0.18,   0.08,   0.19,  60.28, 4.09, 0.00, 0.00, 0.00, 0.00, 1, 1,  9,  39.7280905, -83.7053919,   362.0, 2025, 11, 23, 18, 18, 22,      263,      265, 136,   7,   1.5,   0.8,   1.3,  0,  0, 29, 31,  0,  0, 26, 31, 24,  0,  0,  0,  0,  0,  0, 25,  0,  0,  0,  0,  0,  0,  0,  0,  0, 28, 26, 31,  0,  0, 29,  0
6, 11026, 11,KE8EXM,    42.16, 7,    main,    0.49,  97663.00,  309.39,   54.40,   -7.35, 22.2, 2.01, 2.95, 4.08,  11.00,  -0.34,   5.58, 174.60,   7.01,   2.14,  -0.18,   0.08,   0.19,  60.28, 4.09, 0.00, 0.00, 0.00, 0.00, 1, 1,  9,  39.7280905, -83.7053919,   362.0, 2025, 11, 23, 18, 18, 22,      263,      265, 136,   7,   1.5,   0.8,   1.3,  0,  0, 29, 31,  0,  0, 26, 31, 24,  0,  0,  0,  0,  0,  0, 25,  0,  0,  0,  0,  0,  0,  0,  0,  0, 28, 26, 31,  0,  0, 29,  0
6, 11026, 11,KE8EXM,    42.20, 7,    main,    0.98,  97671.00,  308.71,   53.71,   -7.34, 22.2, 2.01, 2.95, 4.08,  10.63,  -0.29,   3.61, 119.98, -31.38, -18.73,  -0.18,   0.06,   0.20,  57.35, 4.09, 0.00, 0.00, 0.00, 0.00, 1, 1,  8,  39.7280651, -83.7053477,   356.0, 2025, 11, 23, 18, 18, 23,      268,      269, 136,   6,   2.0,   0.8,   1.8,  0,  0, 29, 30,  0,  0, 32, 28, 31,  0,  0,  0,  0,  0,  0, 25,  0,  0,  0,  0,  0,  0,  0,  0,  0, 28, 28, 29,  0,  0, 30,  0
6, 11026, 11,KE8EXM,    42.26, 7,    main,    0.98,  97671.00,  308.71,   53.71,   -7.34, 22.2, 2.02, 2.94, 4.08,  10.63,  -0.29,   3.61, 119.98, -31.38, -18.73,  -0.18,   0.06,   0.20,  57.35, 4.09, 0.00, 0.00, 0.00, 0.00, 1, 1,  8,  39.7280651, -83.7053477,   356.0, 2025, 11, 23, 18, 18, 23,      268,      269, 136,   6,   2.0,   0.8,   1.8,  0,  0, 29, 30,  0,  0, 32, 28, 31,  0,  0,  0,  0,  0,  0, 25,  0,  0,  0,  0,  0,  0,  0,  0,  0, 28, 28, 29,  0,  0, 30,  0
6, 11026, 11,KE8EXM,    42.30, 7,    main,   -0.00,  97676.00,  308.28,   53.29,   -7.34, 22.2, 2.02, 2.94, 4.08,   9.87,  -0.15,   3.28,  21.41,   6.71,   8.74,  -0.17,   0.05,   0.20,  58.33, 4.09, 0.00, 0.00, 0.00, 0.00, 1, 1,  8,  39.7280651, -83.7053477,   356.0, 2025, 11, 23, 18, 18, 23,      268,      269, 136,   6,   2.0,   0.8,   1.8,  0,  0, 29, 30,  0,  0, 32, 28, 31,  0,  0,  0,  0,  0,  0, 25,  0,  0,  0,  0,  0,  0,  0,  0,  0, 28, 28, 29,  0,  0, 30,  0
6, 11026, 11,KE8EXM,    42.40, 7,    main,   -1.96,  97678.00,  308.11,   53.11,   -7.35, 22.2, 2.02, 2.94, 4.08,   8.48,  -0.09,   2.47,  -0.20,  -1.47,  14.41,  -0.17,   0.04,   0.20,  59.74, 4.09, 0.00, 0.00, 0.00, 0.00, 1, 1,  8,  39.7280651, -83.7053477,   356.0, 2025, 11, 23, 18, 18, 23,      268,      269, 136,   6,   2.0,   0.8,   1.8,  0,  0, 29, 30,  0,  0, 32, 28, 31,  0,  0,  0,  0,  0,  0, 25,  0,  0,  0,  0,  0,  0,  0,  0,  0, 28, 28, 29,  0,  0, 30,  0
6, 11026, 11,KE8EXM,    42.50, 7,    main,   -2.45,  97686.00,  307.42,   52.43,   -7.38, 22.2, 2.02, 2.94, 4.08,   7.97,   0.40,   2.02,  -5.21, -16.73,  13.62,  -0.17,   0.03,   0.21,  60.88, 4.09, 0.00, 0.00, 0.00, 0.00, 1, 1,  8,  39.7280651, -83.7053477,   356.0, 2025, 11, 23, 18, 18, 23,      268,      269, 136,   6,   2.0,   0.8,   1.8,  0,  0, 29, 30,  0,  0, 32, 28, 31,  0,  0,  0,  0,  0,  0, 25,  0,  0,  0,  0,  0,  0,  0,  0,  0, 28, 28, 29,  0,  0, 30,  0
6, 11026, 11,KE8EXM,    42.58, 7,    main,   -2.45,  97686.00,  307.42,   52.43,   -7.38, 22.2, 2.02, 2.94, 4.09,   7.97,   0.40,   2.02,  -5.21, -16.73,  13.62,  -0.17,   0.03,   0.21,  60.88, 4.08, 0.00, 0.00, 0.00, 0.00, 1, 1,  8,  39.7280651, -83.7053477,   356.0, 2025, 11, 23, 18, 18, 23,      268,      269, 136,   6,   2.0,   0.8,   1.8,  0,  0, 29, 30,  0,  0, 32, 28, 31,  0,  0,  0,  0,  0,  0, 25,  0,  0,  0,  0,  0,  0,  0,  0,  0, 28, 28, 29,  0,  0, 30,  0
6, 11026, 11,KE8EXM,    42.60, 7,    main,   -1.47,  97698.00,  306.39,   51.40,   -7.41, 22.2, 2.02, 2.94, 4.09,   8.70,   1.19,   1.93,   7.00, -10.02,  10.63,  -0.17,   0.02,   0.22,  61.81, 4.08, 0.00, 0.00, 0.00, 0.00, 1, 1,  8,  39.7280651, -83.7053477,   356.0, 2025, 11, 23, 18, 18, 23,      268,      269, 136,   6,   2.0,   0.8,   1.8,  0,  0, 29, 30,  0,  0, 32, 28, 31,  0,  0,  0,  0,  0,  0, 25,  0,  0,  0,  0,  0,  0,  0,  0,  0, 28, 28, 29,  0,  0, 30,  0
6, 11026, 11,KE8EXM,    42.70, 7,    main,   -2.45,  97703.00,  305.96,   50.97,   -7.44, 22.2, 2.02, 2.94, 4.09,   9.05,   1.52,   2.11,  26.41,   3.41,  10.87,  -0.17,   0.01,   0.22,  62.93, 4.08, 0.00, 0.00, 0.00, 0.00, 1, 1,  8,  39.7280651, -83.7053477,   356.0, 2025, 11, 23, 18, 18, 23,      268,      269, 136,   6,   2.0,   0.8,   1.8,  0,  0, 29, 30,  0,  0, 32, 28, 31,  0,  0,  0,  0,  0,  0, 25,  0,  0,  0,  0,  0,  0,  0,  0,  0, 28, 28, 29,  0,  0, 30,  0
6, 11026, 11,KE8EXM,    42.80, 7,    main,   -0.98,  97721.00,  304.42,   49.43,   -7.48, 22.2, 2.02, 2.94, 4.09,   8.49,   2.26,   1.72,  50.70,   9.70,   9.53,  -0.17,  -0.01,   0.22,  63.94, 4.08, 0.00, 0.00, 0.00, 0.00, 1, 1,  8,  39.7280651, -83.7053477,   356.0, 2025, 11, 23, 18, 18, 23,      268,      269, 136,   6,   2.0,   0.8,   1.8,  0,  0, 29, 30,  0,  0, 32, 28, 31,  0,  0,  0,  0,  0,  0, 25,  0,  0,  0,  0,  0,  0,  0,  0,  0, 28, 28, 29,  0,  0, 30,  0
6, 11026, 11,KE8EXM,    42.90, 7,    main,   -1.96,  97722.00,  304.33,   49.34,   -7.52, 22.2, 2.02, 2.94, 4.08,   8.10,   2.43,   1.54,  94.59,  12.51,   8.98,  -0.17,  -0.03,   0.21,  64.82, 4.08, 0.00, 0.00, 0.00, 0.00, 1, 1,  8,  39.7280651, -83.7053477,   356.0, 2025, 11, 23, 18, 18, 23,      268,      269, 136,   6,   2.0,   0.8,   1.8,  0,  0, 29, 30,  0,  0, 32, 28, 31,  0,  0,  0,  0,  0,  0, 25,  0,  0,  0,  0,  0,  0,  0,  0,  0, 28, 28, 29,  0,  0, 30,  0
6, 11026, 11,KE8EXM,    42.90, 7,    main,   -1.96,  97722.00,  304.33,   49.34,   -7.52, 22.2, 2.02, 2.94, 4.08,   8.10,   2.43,   1.54,  94.59,  12.51,   8.98,  -0.17,  -0.03,   0.21,  64.82, 4.08, 0.00, 0.00, 0.00, 0.00, 1, 1,  8,  39.7280651, -83.7053477,   356.0, 2025, 11, 23, 18, 18, 23,      268,      269, 136,   6,   2.0,   0.8,   1.8,  0,  0, 29, 30,  0,  0, 32, 28, 31,  0,  0,  0,  0,  0,  0, 25,  0,  0,  0,  0,  0,  0,  0,  0,  0, 28, 28, 29,  0,  0, 30,  0
6, 11026, 11,KE8EXM,    43.00, 7,    main,   -0.49,  97732.00,  303.48,   48.48,   -7.55, 22.2, 2.02, 2.94, 4.08,   8.82,   2.39,   2.95, 128.16,  12.02,   8.49,  -0.18,  -0.05,   0.21,  65.45, 4.08, 0.00, 0.00, 0.00, 0.00, 1, 1,  8,  39.7280651, -83.7053477,   356.0, 2025, 11, 23, 18, 18, 23,      268,      269, 136,   6,   2.0,   0.8,   1.8,  0,  0, 29, 30,  0,  0, 32, 28, 31,  0,  0,  0,  0,  0,  0, 25,  0,  0,  0,  0,  0,  0,  0,  0,  0, 28, 28, 29,  0,  0, 30,  0
6, 11026, 11,KE8EXM,    43.10, 7,    main,    1.96,  97740.00,  302.79,   47.80,   -7.58, 22.2, 2.02, 2.94, 4.08,  11.59,   1.45,   3.58,  91.84,  45.59,  19.90,  -0.19,  -0.09,   0.20,  65.68, 4.08, 0.00, 0.00, 0.00, 0.00, 1, 1,  8,  39.7280651, -83.7053477,   356.0, 2025, 11, 23, 18, 18, 23,      268,      269, 136,   6,   2.0,   0.8,   1.8,  0,  0, 29, 30,  0,  0, 32, 28, 31,  0,  0,  0,  0,  0,  0, 25,  0,  0,  0,  0,  0,  0,  0,  0,  0, 28, 28, 29,  0,  0, 30,  0
6, 11026, 11,KE8EXM,    43.16, 7,    main,    1.96,  97740.00,  302.79,   47.80,   -7.58, 22.2, 2.02, 2.94, 4.08,  11.59,   1.45,   3.58,  91.84,  45.59,  19.90,  -0.19,  -0.09,   0.20,  65.68, 4.08, 0.00, 0.00, 0.00, 0.00, 1, 1,  8,  39.7280651, -83.7053477,   356.0, 2025, 11, 23, 18, 18, 23,      268,      269, 136,   6,   2.0,   0.8,   1.8,  0,  0, 29, 30,  0,  0, 32, 28, 31,  0,  0,  0,  0,  0,  0, 25,  0,  0,  0,  0,  0,  0,  0,  0,  0, 28, 28, 29,  0,  0, 30,  0
6, 11026, 11,KE8EXM,    43.16, 7,    main,    1.96,  97740.00,  302.79,   47.80,   -7.58, 22.2, 2.02, 2.94, 4.08,  11.59,   1.45,   3.58,  91.84,  45.59,  19.90,  -0.19,  -0.09,   0.20,  65.68, 4.08, 0.00, 0.00, 0.00, 0.00, 1, 1,  8,  39.7280651, -83.7053477,   356.0, 2025, 11, 23, 18, 18, 23,      268,      269, 136,   6,   2.0,   0.8,   1.8,  0,  0, 29, 30,  0,  0, 32, 28, 31,  0,  0,  0,  0,  0,  0, 25,  0,  0,  0,  0,  0,  0,  0,  0,  0, 28, 28, 29,  0,  0, 30,  0
6, 11026, 11,KE8EXM,    43.20, 7,    main,   -0.00,  97752.00,  301.76,   46.77,   -7.61, 22.2, 2.02, 2.94, 4.08,  10.22,   1.24,   4.96, 105.51,  37.29,   1.78,  -0.20,  -0.11,   0.18,  64.07, 4.08, 0.00, 0.00, 0.00, 0.00, 1, 1,  8,  39.7280422, -83.7052733,   350.0, 2025, 11, 23, 18, 18, 24,      274,      275, 135,   5,   2.0,   0.8,   1.8,  0,  0, 30, 25,  0,  0, 41, 26, 29,  0,  0,  0,  0,  0,  0, 24,  0,  0,  0,  0,  0,  0,  0,  0,  0, 33, 29, 30,  0,  0, 32,  0
6, 11026, 11,KE8EXM,    43.22, 7,    main,   -0.00,  97752.00,  301.76,   46.77,   -7.61, 22.2, 2.02, 2.94, 4.08,  10.22,   1.24,   4.96, 105.51,  37.29,   1.78,  -0.20,  -0.11,   0.18,  64.07, 4.09, 0.00, 0.00, 0.00, 0.00, 1, 1,  8,  39.7280422, -83.7052733,   350.0, 2025, 11, 23, 18, 18, 24,      274,      275, 135,   5,   2.0,   0.8,   1.8,  0,  0, 30, 25,  0,  0, 41, 26, 29,  0,  0,  0,  0,  0,  0, 24,  0,  0,  0,  0,  0,  0,  0,  0,  0, 33, 29, 30,  0,  0, 32,  0
6, 11026, 11,KE8EXM,    43.30, 7,    main,   -0.00,  97761.00,  300.99,   46.00,   -7.63, 22.2, 2.02, 2.94, 4.08,  10.69,   1.25,   5.24, 123.21, -23.38,   3.18,  -0.20,  -0.14,   0.21,  65.77, 4.09, 0.00, 0.00, 0.00, 0.00, 1, 1,  8,  39.7280422, -83.7052733,   350.0, 2025, 11, 23, 18, 18, 24,      274,      275, 135,   5,   2.0,   0.8,   1.8,  0,  0, 30, 25,  0,  0, 41, 26, 29,  0,  0,  0,  0,  0,  0, 24,  0,  0,  0,  0,  0,  0,  0,  0,  0, 33, 29, 30,  0,  0, 32,  0
6, 11026, 11,KE8EXM,    43.40, 7,    main,   -1.96,  97768.00,  300.39,   45.40,   -7.65, 22.2, 2.02, 2.94, 4.08,   8.92,   0.36,   2.70,  58.51, -26.86,  27.47,  -0.20,  -0.16,   0.27,  69.58, 4.09, 0.00, 0.00, 0.00, 0.00, 1, 1,  8,  39.7280422, -83.7052733,   350.0, 2025, 11, 23, 18, 18, 24,      274,      275, 135,   5,   2.0,   0.8,   1.8,  0,  0, 30, 25,  0,  0, 41, 26, 29,  0,  0,  0,  0,  0,  0, 24,  0,  0,  0,  0,  0,  0,  0,  0,  0, 33, 29, 30,  0,  0, 32,  0
6, 11026, 11,KE8EXM,    43.50, 7,    main,   -1.47,  97787.00,  298.76,   43.77,   -7.67, 22.2, 2.02, 2.94, 4.08,   8.18,  -0.69,   3.28,  15.18,  29.41,  25.03,  -0.20,  -0.18,   0.27,  68.54, 4.09, 0.00, 0.00, 0.00, 0.00, 1, 1,  8,  39.7280422, -83.7052733,   350.0, 2025, 11, 23, 18, 18, 24,      274,      275, 135,   5,   2.0,   0.8,   1.8,  0,  0, 30, 25,  0,  0, 41, 26, 29,  0,  0,  0,  0,  0,  0, 24,  0,  0,  0,  0,  0,  0,  0,  0,  0, 33, 29, 30,  0,  0, 32,  0
6, 11026, 11,KE8EXM,    43.54, 7,    main,   -1.47,  97787.00,  298.76,   43.77,   -7.67, 22.2, 2.01, 2.93, 4.07,   8.18,  -0.69,   3.28,  15.18,  29.41,  25.03,  -0.20,  -0.18,   0.27,  68.54, 4.08, 0.00, 0.00, 0.01, 0.00, 1, 1,  8,  39.7280422, -83.7052733,   350.0, 2025, 11, 23, 18, 18, 24,      274,      275, 135,   5,   2.0,   0.8,   1.8,  0,  0, 30, 25,  0,  0, 41, 26, 29,  0,  0,  0,  0,  0,  0, 24,  0,  0,  0,  0,  0,  0,  0,  0,  0, 33, 29, 30,  0,  0, 32,  0
6, 11026, 11,KE8EXM,    43.60, 7,    main,   -2.94,  97793.00,  298.25,   43.26,   -7.68, 22.2, 2.01, 2.93, 4.07,   8.26,   0.05,   4.02,  14.45,   5.55,  -1.76,  -0.21,  -0.19,   0.26,  67.98, 4.08, 0.00, 0.00, 0.01, 0.00, 1, 1,  8,  39.7280422, -83.7052733,   350.0, 2025, 11, 23, 18, 18, 24,      274,      275, 135,   5,   2.0,   0.8,   1.8,  0,  0, 30, 25,  0,  0, 41, 26, 29,  0,  0,  0,  0,  0,  0, 24,  0,  0,  0,  0,  0,  0,  0,  0,  0, 33, 29, 30,  0,  0, 32,  0
6, 11026, 11,KE8EXM,    43.70, 7,    main,    2.45,  97791.00,  298.42,   43.43,   -7.69, 22.2, 2.01, 2.93, 4.07,   9.77,  -0.32,   3.61,   6.27, -22.28,  -3.11,  -0.20,  -0.19,   0.28,  69.72, 4.08, 0.00, 0.00, 0.01, 0.00, 1, 1,  8,  39.7280422, -83.7052733,   350.0, 2025, 11, 23, 18, 18, 24,      274,      275, 135,   5,   2.0,   0.8,   1.8,  0,  0, 30, 25,  0,  0, 41, 26, 29,  0,  0,  0,  0,  0,  0, 24,  0,  0,  0,  0,  0,  0,  0,  0,  0, 33, 29, 30,  0,  0, 32,  0
6, 11026, 11,KE8EXM,    43.80, 7,    main,   -0.49,  97805.00,  297.22,   42.23,   -7.69, 22.2, 2.01, 2.93, 4.07,   9.87,   0.32,   3.66,  31.23,   2.62,  -7.50,  -0.20,  -0.19,   0.29,  69.11, 4.08, 0.00, 0.00, 0.01, 0.00, 1, 1,  8,  39.7280422, -83.7052733,   350.0, 2025, 11, 23, 18, 18, 24,      274,      275, 135,   5,   2.0,   0.8,   1.8,  0,  0, 30, 25,  0,  0, 41, 26, 29,  0,  0,  0,  0,  0,  0, 24,  0,  0,  0,  0,  0,  0,  0,  0,  0, 33, 29, 30,  0,  0, 32,  0
6, 11026, 11,KE8EXM,    43.86, 7,    main,   -0.49,  97805.00,  297.22,   42.23,   -7.69, 22.2, 2.02, 2.93, 4.08,   9.87,   0.32,   3.66,  31.23,   2.62,  -7.50,  -0.20,  -0.19,   0.29,  69.11, 4.09, 0.00, 0.00, 0.00, 0.00, 1, 1,  8,  39.7280422, -83.7052733,   350.0, 2025, 11, 23, 18, 18, 24,      274,      275, 135,   5,   2.0,   0.8,   1.8,  0,  0, 30, 25,  0,  0, 41, 26, 29,  0,  0,  0,  0,  0,  0, 24,  0,  0,  0,  0,  0,  0,  0,  0,  0, 33, 29, 30,  0,  0, 32,  0
6, 11026, 11,KE8EXM,    43.90, 7,    main,   -0.98,  97816.00,  296.28,   41.29,   -7.68, 22.2, 2.02, 2.93, 4.08,   9.94,   0.82,   3.01,  31.90,  -5.93,   2.94,  -0.20,  -0.19,   0.29,  69.77, 4.09, 0.00, 0.00, 0.00, 0.00, 1, 1,  8,  39.7280422, -83.7052733,   350.0, 2025, 11, 23, 18, 18, 24,      274,      275, 135,   5,   2.0,   0.8,   1.8,  0,  0, 30, 25,  0,  0, 41, 26, 29,  0,  0,  0,  0,  0,  0, 24,  0,  0,  0,  0,  0,  0,  0,  0,  0, 33, 29, 30,  0,  0, 32,  0
6, 11026, 11,KE8EXM,    44.00, 7,    main,    0.98,  97826.00,  295.42,   40.43,   -7.67, 22.2, 2.02, 2.93, 4.08,  11.40,   1.65,   2.94,  62.79, -13.25,  17.34,  -0.21,  -0.20,   0.32,  71.69, 4.09, 0.00, 0.00, 0.00, 0.00, 1, 1,  8,  39.7280422, -83.7052733,   350.0, 2025, 11, 23, 18, 18, 24,      274,      275, 135,   5,   2.0,   0.8,   1.8,  0,  0, 30, 25,  0,  0, 41, 26, 29,  0,  0,  0,  0,  0,  0, 24,  0,  0,  0,  0,  0,  0,  0,  0,  0, 33, 29, 30,  0,  0, 32,  0
6, 11026, 11,KE8EXM,    44.10, 7,    main,   -0.98,  97831.00,  295.00,   40.00,   -7.68, 22.2, 2.02, 2.93, 4.08,   9.98,   1.54,   2.82, 133.53,   7.62,  11.60,  -0.21,  -0.20,   0.37,  71.33, 4.09, 0.00, 0.00, 0.00, 0.00, 1, 1,  8,  39.7280422, -83.7052733,   350.0, 2025, 11, 23, 18, 18, 24,      274,      275, 135,   5,   2.0,   0.8,   1.8,  0,  0, 30, 25,  0,  0, 41, 26, 29,  0,  0,  0,  0,  0,  0, 24,  0,  0,  0,  0,  0,  0,  0,  0,  0, 33, 29, 30,  0,  0, 32,  0
6, 11026, 11,KE8EXM,    44.16, 7,    main,   -0.98,  97831.00,  295.00,   40.00,   -7.68, 22.2, 2.02, 2.93, 4.08,   9.98,   1.54,   2.82, 133.53,   7.62,  11.60,  -0.21,  -0.20,   0.37,  71.33, 4.09, 0.00, 0.00, 0.00, 0.00, 1, 1,  8,  39.7280422, -83.7052733,   350.0, 2025, 11, 23, 18, 18, 24,      274,      275, 135,   5,   2.0,   0.8,   1.8,  0,  0, 30, 25,  0,  0, 41, 26, 29,  0,  0,  0,  0,  0,  0, 24,  0,  0,  0,  0,  0,  0,  0,  0,  0, 33, 29, 30,  0,  0, 32,  0
6, 11026, 11,KE8EXM,    44.16, 7,    main,   -0.98,  97831.00,  295.00,   40.00,   -7.68, 22.2, 2.02, 2.93, 4.08,   9.98,   1.54,   2.82, 133.53,   7.62,  11.60,  -0.21,  -0.20,   0.37,  71.33, 4.09, 0.00, 0.00, 0.00, 0.00, 1, 1,  8,  39.7280422, -83.7052733,   350.0, 2025, 11, 23, 18, 18, 24,      274,      275, 135,   5,   2.0,   0.8,   1.8,  0,  0, 30, 25,  0,  0, 41, 26, 29,  0,  0,  0,  0,  0,  0, 24,  0,  0,  0,  0,  0,  0,  0,  0,  0, 33, 29, 30,  0,  0, 32,  0
6, 11026, 11,KE8EXM,    44.18, 7,    main,   -0.98,  97831.00,  295.00,   40.00,   -7.68, 22.2, 2.02, 2.93, 4.08,   9.98,   1.54,   2.82, 133.53,   7.62,  11.60,  -0.21,  -0.20,   0.37,  71.33, 4.09, 0.00, 0.00, 0.00, 0.00, 1, 1,  7,  39.7280206, -83.7052060,   341.0, 2025, 11, 23, 18, 18, 25,      280,      280, 135,   3,   2.1,   0.9,   1.9,  0,  0, 34, 26,  0,  0, 33, 32, 30,  0,  0,  0,  0,  0,  0, 22,  0,  0,  0,  0,  0,  0,  0,  0,  0, 34, 27, 30,  0,  0, 32,  0
6, 11026, 11,KE8EXM,    44.20, 7,    main,   -2.45,  97841.00,  294.14,   39.15,   -7.67, 22.2, 2.02, 2.93, 4.08,   8.93,   1.65,   3.07, 185.35,   9.09,  -0.60,  -0.21,  -0.18,   0.42,  70.42, 4.09, 0.00, 0.00, 0.00, 0.00, 1, 1,  7,  39.7280206, -83.7052060,   341.0, 2025, 11, 23, 18, 18, 25,      280,      280, 135,   3,   2.1,   0.9,   1.9,  0,  0, 34, 26,  0,  0, 33, 32, 30,  0,  0,  0,  0,  0,  0, 22,  0,  0,  0,  0,  0,  0,  0,  0,  0, 34, 27, 30,  0,  0, 32,  0
6, 11026, 11,KE8EXM,    44.30, 7,    main,   -0.00,  97847.00,  293.63,   38.63,   -7.65, 22.2, 2.02, 2.93, 4.08,   7.90,   1.78,   3.07, 199.20,  -6.78,   0.13,  -0.21,  -0.13,   0.47,  71.08, 4.09, 0.00, 0.00, 0.00, 0.00, 1, 1,  7,  39.7280206, -83.7052060,   341.0, 2025, 11, 23, 18, 18, 25,      280,      280, 135,   3,   2.1,   0.9,   1.9,  0,  0, 34, 26,  0,  0, 33, 32, 30,  0,  0,  0,  0,  0,  0, 22,  0,  0,  0,  0,  0,  0,  0,  0,  0, 34, 27, 30,  0,  0, 32,  0
6, 11026, 11,KE8EXM,    44.40, 7,    main,   -1.47,  97860.00,  292.51,   37.52,   -7.63, 22.2, 2.02, 2.93, 4.08,   8.75,   1.47,   2.64, 191.82, -11.36,   9.28,  -0.21,  -0.07,   0.52,  71.53, 4.09, 0.00, 0.00, 0.00, 0.00, 1, 1,  7,  39.7280206, -83.7052060,   341.0, 2025, 11, 23, 18, 18, 25,      280,      280, 135,   3,   2.1,   0.9,   1.9,  0,  0, 34, 26,  0,  0, 33, 32, 30,  0,  0,  0,  0,  0,  0, 22,  0,  0,  0,  0,  0,  0,  0,  0,  0, 34, 27, 30,  0,  0, 32,  0
6, 11026, 11,KE8EXM,    44.50, 7,    main,   -1.96,  97878.00,  290.97,   35.98,   -7.60, 22.2, 2.00, 2.91, 4.07,   8.79,   0.43,   3.04, 129.68,  11.16,  20.45,  -0.21,  -0.02,   0.53,  69.23, 4.11, 0.00, 0.00, 0.00, 0.00, 1, 1,  7,  39.7280206, -83.7052060,   341.0, 2025, 11, 23, 18, 18, 25,      280,      280, 135,   3,   2.1,   0.9,   1.9,  0,  0, 34, 26,  0,  0, 33, 32, 30,  0,  0,  0,  0,  0,  0, 22,  0,  0,  0,  0,  0,  0,  0,  0,  0, 34, 27, 30,  0,  0, 32,  0
6, 11026, 11,KE8EXM,    44.50, 7,    main,   -1.96,  97878.00,  290.97,   35.98,   -7.60, 22.2, 2.00, 2.91, 4.07,   8.79,   0.43,   3.04, 129.68,  11.16,  20.45,  -0.21,  -0.02,   0.53,  69.23, 4.11, 0.00, 0.00, 0.00, 0.00, 1, 1,  7,  39.7280206, -83.7052060,   341.0, 2025, 11, 23, 18, 18, 25,      280,      280, 135,   3,   2.1,   0.9,   1.9,  0,  0, 34, 26,  0,  0, 33, 32, 30,  0,  0,  0,  0,  0,  0, 22,  0,  0,  0,  0,  0,  0,  0,  0,  0, 34, 27, 30,  0,  0, 32,  0
6, 11026, 11,KE8EXM,    44.60, 7,    main,   -0.98,  97881.00,  290.71,   35.72,   -7.58, 22.2, 2.00, 2.91, 4.07,   9.26,  -0.78,   2.92,  90.44,  -4.28,  12.70,  -0.21,   0.00,   0.53,  68.27, 4.11, 0.00, 0.00, 0.00, 0.00, 1, 1,  7,  39.7280206, -83.7052060,   341.0, 2025, 11, 23, 18, 18, 25,      280,      280, 135,   3,   2.1,   0.9,   1.9,  0,  0, 34, 26,  0,  0, 33, 32, 30,  0,  0,  0,  0,  0,  0, 22,  0,  0,  0,  0,  0,  0,  0,  0,  0, 34, 27, 30,  0,  0, 32,  0
6, 11026, 11,KE8EXM,    44.70, 7,    main,    1.47,  97878.00,  290.97,   35.98,   -7.55, 22.2, 2.00, 2.91, 4.07,  10.94,  -0.69,   3.20,  27.63, -10.20,   9.04,  -0.21,   0.02,   0.54,  67.70, 4.11, 0.00, 0.00, 0.00, 0.00, 1, 1,  7,  39.7280206, -83.7052060,   341.0, 2025, 11, 23, 18, 18, 25,      280,      280, 135,   3,   2.1,   0.9,   1.9,  0,  0, 34, 26,  0,  0, 33, 32, 30,  0,  0,  0,  0,  0,  0, 22,  0,  0,  0,  0,  0,  0,  0,  0,  0, 34, 27, 30,  0,  0, 32,  0
6, 11026, 11,KE8EXM,    44.80, 7,    main,    0.49,  97894.00,  289.60,   34.61,   -7.53, 22.2, 2.00, 2.91, 4.07,  10.00,  -1.00,   2.23, -32.00, -21.18,  14.05,  -0.22,   0.01,   0.55,  66.89, 4.11, 0.00, 0.00, 0.00, 0.00, 1, 1,  7,  39.7280206, -83.7052060,   341.0, 2025, 11, 23, 18, 18, 25,      280,      280, 135,   3,   2.1,   0.9,   1.9,  0,  0, 34, 26,  0,  0, 33, 32, 30,  0,  0,  0,  0,  0,  0, 22,  0,  0,  0,  0,  0,  0,  0,  0,  0, 34, 27, 30,  0,  0, 32,  0
6, 11026, 11,KE8EXM,    44.82, 7,    main,    0.49,  97894.00,  289.60,   34.61,   -7.53, 22.2, 2.00, 2.91, 4.07,  10.00,  -1.00,   2.23, -32.00, -21.18,  14.05,  -0.22,   0.01,   0.55,  66.89, 4.09, 0.00, 0.01, 0.00, 0.00, 1, 1,  7,  39.7280206, -83.7052060,   341.0, 2025, 11, 23, 18, 18, 25,      280,      280, 135,   3,   2.1,   0.9,   1.9,  0,  0, 34, 26,  0,  0, 33, 32, 30,  0,  0,  0,  0,  0,  0, 22,  0,  0,  0,  0,  0,  0,  0,  0,  0, 34, 27, 30,  0,  0, 32,  0
6, 11026, 11,KE8EXM,    44.90, 7,    main,   -0.98,  97904.00,  288.75,   33.75,   -7.50, 22.2, 2.00, 2.91, 4.07,   8.84,  -1.40,   1.84, -91.20, -12.88,  16.00,  -0.22,  -0.04,   0.56,  65.79, 4.09, 0.00, 0.01, 0.00, 0.00, 1, 1,  7,  39.7280206, -83.7052060,   341.0, 2025, 11, 23, 18, 18, 25,      280,      280, 135,   3,   2.1,   0.9,   1.9,  0,  0, 34, 26,  0,  0, 33, 32, 30,  0,  0,  0,  0,  0,  0, 22,  0,  0,  0,  0,  0,  0,  0,  0,  0, 34, 27, 30,  0,  0, 32,  0
6, 11026, 11,KE8EXM,    45.00, 7,    main,   -1.96,  97915.00,  287.80,   32.81,   -7.46, 22.2, 2.00, 2.91, 4.07,  10.12,  -1.02,   2.26, -93.22,  26.00,   9.10,  -0.22,  -0.08,   0.55,  63.77, 4.09, 0.00, 0.01, 0.00, 0.00, 1, 1,  7,  39.7280206, -83.7052060,   341.0, 2025, 11, 23, 18, 18, 25,      280,      280, 135,   3,   2.1,   0.9,   1.9,  0,  0, 34, 26,  0,  0, 33, 32, 30,  0,  0,  0,  0,  0,  0, 22,  0,  0,  0,  0,  0,  0,  0,  0,  0, 34, 27, 30,  0,  0, 32,  0
6, 11026, 11,KE8EXM,    45.10, 7,    main,   -0.49,  97920.00,  287.38,   32.38,   -7.43, 22.2, 2.00, 2.91, 4.07,   9.48,  -0.17,   2.14,-116.66,  21.05,  15.45,  -0.22,  -0.14,   0.50,  61.27, 4.09, 0.00, 0.01, 0.00, 0.00, 1, 1,  7,  39.7280206, -83.7052060,   341.0, 2025, 11, 23, 18, 18, 25,      280,      280, 135,   3,   2.1,   0.9,   1.9,  0,  0, 34, 26,  0,  0, 33, 32, 30,  0,  0,  0,  0,  0,  0, 22,  0,  0,  0,  0,  0,  0,  0,  0,  0, 34, 27, 30,  0,  0, 32,  0
6, 11026, 11,KE8EXM,    45.14, 7,    main,   -0.49,  97920.00,  287.38,   32.38,   -7.43, 22.2, 1.99, 2.91, 4.07,   9.48,  -0.17,   2.14,-116.66,  21.05,  15.45,  -0.22,  -0.14,   0.50,  61.27, 4.09, 0.00, 0.00, 0.00, 0.00, 1, 1,  7,  39.7280206, -83.7052060,   341.0, 2025, 11, 23, 18, 18, 25,      280,      280, 135,   3,   2.1,   0.9,   1.9,  0,  0, 34, 26,  0,  0, 33, 32, 30,  0,  0,  0,  0,  0,  0, 22,  0,  0,  0,  0,  0,  0,  0,  0,  0, 34, 27, 30,  0,  0, 32,  0
6, 11026, 11,KE8EXM,    45.16, 7,    main,   -0.49,  97920.00,  287.38,   32.38,   -7.43, 22.2, 1.99, 2.91, 4.07,   9.48,  -0.17,   2.14,-116.66,  21.05,  15.45,  -0.22,  -0.14,   0.50,  61.27, 4.09, 0.00, 0.00, 0.00, 0.00, 1, 1,  7,  39.7280206, -83.7052060,   341.0, 2025, 11, 23, 18, 18, 25,      280,      280, 135,   3,   2.1,   0.9,   1.9,  0,  0, 34, 26,  0,  0, 33, 32, 30,  0,  0,  0,  0,  0,  0, 22,  0,  0,  0,  0,  0,  0,  0,  0,  0, 34, 27, 30,  0,  0, 32,  0
6, 11026, 11,KE8EXM,    45.16, 7,    main,   -0.49,  97920.00,  287.38,   32.38,   -7.43, 22.2, 1.99, 2.91, 4.07,   9.48,  -0.17,   2.14,-116.66,  21.05,  15.45,  -0.22,  -0.14,   0.50,  61.27, 4.09, 0.00, 0.00, 0.00, 0.00, 1, 1,  7,  39.7280206, -83.7052060,   341.0, 2025, 11, 23, 18, 18, 25,      280,      280, 135,   3,   2.1,   0.9,   1.9,  0,  0, 34, 26,  0,  0, 33, 32, 30,  0,  0,  0,  0,  0,  0, 22,  0,  0,  0,  0,  0,  0,  0,  0,  0, 34, 27, 30,  0,  0, 32,  0
6, 11026, 11,KE8EXM,    45.20, 7,    main,    0.98,  97934.00,  286.18,   31.19,   -7.40, 22.2, 1.99, 2.91, 4.07,  10.51,  -0.38,   1.74,-134.84,  -4.71,  27.29,  -0.23,  -0.19,   0.46,  59.83, 4.09, 0.00, 0.00, 0.00, 0.00, 1, 1,  8,  39.7279891, -83.7051459,   332.0, 2025, 11, 23, 18, 18, 26,      286,      286, 135,   1,   2.0,   0.8,   1.8,  0,  0, 29, 31,  0,  0, 33, 35, 24,  0,  0,  0,  0,  0,  0, 21,  0,  0,  0,  0,  0,  0,  0,  0,  0, 29, 31, 30,  0,  0, 31,  0
6, 11026, 11,KE8EXM,    45.30, 7,    main,   -1.47,  97945.00,  285.24,   30.24,   -7.37, 22.2, 1.99, 2.91, 4.07,  10.70,   0.28,   1.54,-134.42, -13.49,  18.99,  -0.24,  -0.24,   0.41,  60.19, 4.09, 0.00, 0.00, 0.00, 0.00, 1, 1,  8,  39.7279891, -83.7051459,   332.0, 2025, 11, 23, 18, 18, 26,      286,      286, 135,   1,   2.0,   0.8,   1.8,  0,  0, 29, 31,  0,  0, 33, 35, 24,  0,  0,  0,  0,  0,  0, 21,  0,  0,  0,  0,  0,  0,  0,  0,  0, 29, 31, 30,  0,  0, 31,  0
6, 11026, 11,KE8EXM,    45.40, 7,    main,   -0.98,  97945.00,  285.24,   30.24,   -7.33, 22.2, 1.99, 2.91, 4.07,   9.66,   0.71,   0.69,-109.39,   7.44,  -7.44,  -0.25,  -0.26,   0.36,  59.63, 4.09, 0.00, 0.00, 0.00, 0.00, 1, 1,  8,  39.7279891, -83.7051459,   332.0, 2025, 11, 23, 18, 18, 26,      286,      286, 135,   1,   2.0,   0.8,   1.8,  0,  0, 29, 31,  0,  0, 33, 35, 24,  0,  0,  0,  0,  0,  0, 21,  0,  0,  0,  0,  0,  0,  0,  0,  0, 29, 31, 30,  0,  0, 31,  0
6, 11026, 11,KE8EXM,    45.46, 7,    main,   -0.98,  97945.00,  285.24,   30.24,   -7.33, 22.2, 2.01, 2.91, 4.08,   9.66,   0.71,   0.69,-109.39,   7.44,  -7.44,  -0.25,  -0.26,   0.36,  59.63, 4.08, 0.00, 0.00, 0.00, 0.00, 1, 1,  8,  39.7279891, -83.7051459,   332.0, 2025, 11, 23, 18, 18, 26,      286,      286, 135,   1,   2.0,   0.8,   1.8,  0,  0, 29, 31,  0,  0, 33, 35, 24,  0,  0,  0,  0,  0,  0, 21,  0,  0,  0,  0,  0,  0,  0,  0,  0, 29, 31, 30,  0,  0, 31,  0
6, 11026, 11,KE8EXM,    45.50, 7,    main,   -0.49,  97967.00,  283.35,   28.36,   -7.30, 22.3, 2.01, 2.91, 4.08,  10.22,   0.17,  -0.02, -92.85,  18.61, -21.17,  -0.24,  -0.25,   0.30,  57.86, 4.08, 0.00, 0.00, 0.00, 0.00, 1, 1,  8,  39.7279891, -83.7051459,   332.0, 2025, 11, 23, 18, 18, 26,      286,      286, 135,   1,   2.0,   0.8,   1.8,  0,  0, 29, 31,  0,  0, 33, 35, 24,  0,  0,  0,  0,  0,  0, 21,  0,  0,  0,  0,  0,  0,  0,  0,  0, 29, 31, 30,  0,  0, 31,  0
6, 11026, 11,KE8EXM,    45.60, 7,    main,   -0.49,  97963.00,  283.70,   28.70,   -7.27, 22.3, 2.01, 2.91, 4.08,   8.77,   0.18,   0.06, -89.80,  17.82, -14.64,  -0.23,  -0.23,   0.24,  55.95, 4.08, 0.00, 0.00, 0.00, 0.00, 1, 1,  8,  39.7279891, -83.7051459,   332.0, 2025, 11, 23, 18, 18, 26,      286,      286, 135,   1,   2.0,   0.8,   1.8,  0,  0, 29, 31,  0,  0, 33, 35, 24,  0,  0,  0,  0,  0,  0, 21,  0,  0,  0,  0,  0,  0,  0,  0,  0, 29, 31, 30,  0,  0, 31,  0
6, 11026, 11,KE8EXM,    45.70, 7,    main,   -0.98,  97976.00,  282.58,   27.59,   -7.25, 22.3, 2.01, 2.91, 4.08,   9.62,   1.05,  -0.14, -78.51,  13.42,  -7.07,  -0.23,  -0.22,   0.20,  54.47, 4.08, 0.00, 0.00, 0.00, 0.00, 1, 1,  8,  39.7279891, -83.7051459,   332.0, 2025, 11, 23, 18, 18, 26,      286,      286, 135,   1,   2.0,   0.8,   1.8,  0,  0, 29, 31,  0,  0, 33, 35, 24,  0,  0,  0,  0,  0,  0, 21,  0,  0,  0,  0,  0,  0,  0,  0,  0, 29, 31, 30,  0,  0, 31,  0
6, 11026, 11,KE8EXM,    45.78, 7,    main,   -0.98,  97976.00,  282.58,   27.59,   -7.25, 22.3, 2.01, 2.92, 4.09,   9.62,   1.05,  -0.14, -78.51,  13.42,  -7.07,  -0.23,  -0.22,   0.20,  54.47, 4.09, 0.00, 0.00, 0.00, 0.00, 1, 1,  8,  39.7279891, -83.7051459,   332.0, 2025, 11, 23, 18, 18, 26,      286,      286, 135,   1,   2.0,   0.8,   1.8,  0,  0, 29, 31,  0,  0, 33, 35, 24,  0,  0,  0,  0,  0,  0, 21,  0,  0,  0,  0,  0,  0,  0,  0,  0, 29, 31, 30,  0,  0, 31,  0
6, 11026, 11,KE8EXM,    45.80, 7,    main,   -2.45,  97974.00,  282.76,   27.76,   -7.23, 22.3, 2.01, 2.92, 4.09,   9.40,   0.19,  -0.68, -52.57,  12.69,   1.47,  -0.24,  -0.20,   0.16,  53.35, 4.09, 0.00, 0.00, 0.00, 0.00, 1, 1,  8,  39.7279891, -83.7051459,   332.0, 2025, 11, 23, 18, 18, 26,      286,      286, 135,   1,   2.0,   0.8,   1.8,  0,  0, 29, 31,  0,  0, 33, 35, 24,  0,  0,  0,  0,  0,  0, 21,  0,  0,  0,  0,  0,  0,  0,  0,  0, 29, 31, 30,  0,  0, 31,  0
6, 11026, 11,KE8EXM,    45.90, 7,    main,   -0.98,  97998.00,  280.70,   25.71,   -7.21, 22.3, 2.01, 2.92, 4.09,  12.00,  -0.24,  -1.35, -54.83,   0.48,  -2.50,  -0.24,  -0.19,   0.14,  53.19, 4.09, 0.00, 0.00, 0.00, 0.00, 1, 1,  8,  39.7279891, -83.7051459,   332.0, 2025, 11, 23, 18, 18, 26,      286,      286, 135,   1,   2.0,   0.8,   1.8,  0,  0, 29, 31,  0,  0, 33, 35, 24,  0,  0,  0,  0,  0,  0, 21,  0,  0,  0,  0,  0,  0,  0,  0,  0, 29, 31, 30,  0,  0, 31,  0
6, 11026, 11,KE8EXM,    46.00, 7,    main,   -0.49,  97993.00,  281.13,   26.14,   -7.21, 22.3, 2.01, 2.92, 4.09,   9.46,   0.48,  -1.36, -72.04,  -8.31, -16.53,  -0.23,  -0.16,   0.12,  53.02, 4.09, 0.00, 0.00, 0.00, 0.00, 1, 1,  8,  39.7279891, -83.7051459,   332.0, 2025, 11, 23, 18, 18, 26,      286,      286, 135,   1,   2.0,   0.8,   1.8,  0,  0, 29, 31,  0,  0, 33, 35, 24,  0,  0,  0,  0,  0,  0, 21,  0,  0,  0,  0,  0,  0,  0,  0,  0, 29, 31, 30,  0,  0, 31,  0
6, 11026, 11,KE8EXM,    46.10, 7,    main,    0.49,  98018.00,  278.99,   24.00,   -7.21, 22.3, 2.01, 2.91, 4.09,  11.15,  -0.22,  -2.79, -79.24,  -0.13, -15.80,  -0.23,  -0.12,   0.10,  52.05, 4.09, 0.00, 0.00, 0.00, 0.17, 1, 1,  8,  39.7279891, -83.7051459,   332.0, 2025, 11, 23, 18, 18, 26,      286,      286, 135,   1,   2.0,   0.8,   1.8,  0,  0, 29, 31,  0,  0, 33, 35, 24,  0,  0,  0,  0,  0,  0, 21,  0,  0,  0,  0,  0,  0,  0,  0,  0, 29, 31, 30,  0,  0, 31,  0
6, 11026, 11,KE8EXM,    46.10, 7,    main,    0.49,  98018.00,  278.99,   24.00,   -7.21, 22.3, 2.01, 2.91, 4.09,  11.15,  -0.22,  -2.79, -79.24,  -0.13, -15.80,  -0.23,  -0.12,   0.10,  52.05, 4.09, 0.00, 0.00, 0.00, 0.17, 1, 1,  8,  39.7279891, -83.7051459,   332.0, 2025, 11, 23, 18, 18, 26,      286,      286, 135,   1,   2.0,   0.8,   1.8,  0,  0, 29, 31,  0,  0, 33, 35, 24,  0,  0,  0,  0,  0,  0, 21,  0,  0,  0,  0,  0,  0,  0,  0,  0, 29, 31, 30,  0,  0, 31,  0
6, 11026, 11,KE8EXM,    46.16, 7,    main,    0.49,  98018.00,  278.99,   24.00,   -7.21, 22.3, 2.01, 2.91, 4.09,  11.15,  -0.22,  -2.79, -79.24,  -0.13, -15.80,  -0.23,  -0.12,   0.10,  52.05, 4.09, 0.00, 0.00, 0.00, 0.17, 1, 1,  8,  39.7279891, -83.7051459,   332.0, 2025, 11, 23, 18, 18, 26,      286,      286, 135,   1,   2.0,   0.8,   1.8,  0,  0, 29, 31,  0,  0, 33, 35, 24,  0,  0,  0,  0,  0,  0, 21,  0,  0,  0,  0,  0,  0,  0,  0,  0, 29, 31, 30,  0,  0, 31,  0
6, 11026, 11,KE8EXM,    46.16, 7,    main,    0.49,  98018.00,  278.99,   24.00,   -7.21, 22.3, 2.01, 2.91, 4.09,  11.15,  -0.22,  -2.79, -79.24,  -0.13, -15.80,  -0.23,  -0.12,   0.10,  52.05, 4.09, 0.00, 0.00, 0.00, 0.17, 1, 1,  8,  39.7279891, -83.7051459,   332.0, 2025, 11, 23, 18, 18, 26,      286,      286, 135,   1,   2.0,   0.8,   1.8,  0,  0, 29, 31,  0,  0, 33, 35, 24,  0,  0,  0,  0,  0,  0, 21,  0,  0,  0,  0,  0,  0,  0,  0,  0, 29, 31, 30,  0,  0, 31,  0
6, 11026, 11,KE8EXM,    46.20, 7,    main,    1.47,  98010.00,  279.68,   24.68,   -7.21, 22.3, 2.01, 2.91, 4.09,  10.66,  -0.99,  -1.72,-100.91,  11.22,  -7.19,  -0.23,  -0.08,   0.08,  50.75, 4.09, 0.00, 0.00, 0.00, 0.17, 1, 1,  8,  39.7279539, -83.7050833,   327.0, 2025, 11, 23, 18, 18, 27,      293,      293, 134,  -0,   1.6,   0.9,   1.3,  0,  0, 29, 24,  0,  0, 30, 31, 29,  0,  0,  0,  0,  0,  0, 21,  0,  0,  0,  0,  0,  0,  0,  0,  0, 30, 22, 26,  0,  0, 26,  0
6, 11026, 11,KE8EXM,    46.30, 7,    main,   -0.98,  98017.00,  279.08,   24.09,   -7.22, 22.3, 2.01, 2.91, 4.09,   9.41,  -0.96,  -1.32,-126.48,   8.97,  -1.34,  -0.23,  -0.02,   0.05,  50.14, 4.09, 0.00, 0.00, 0.00, 0.17, 1, 1,  8,  39.7279539, -83.7050833,   327.0, 2025, 11, 23, 18, 18, 27,      293,      293, 134,  -0,   1.6,   0.9,   1.3,  0,  0, 29, 24,  0,  0, 30, 31, 29,  0,  0,  0,  0,  0,  0, 21,  0,  0,  0,  0,  0,  0,  0,  0,  0, 30, 22, 26,  0,  0, 26,  0
6, 11026, 11,KE8EXM,    46.40, 7,    main,   -1.96,  98032.00,  277.80,   22.80,   -7.25, 22.3, 2.01, 2.91, 4.09,   9.63,  -1.72,  -1.01,-134.17,   2.74,  -3.84,  -0.23,   0.03,   0.05,  49.69, 4.09, 0.00, 0.00, 0.00, 0.17, 1, 1,  8,  39.7279539, -83.7050833,   327.0, 2025, 11, 23, 18, 18, 27,      293,      293, 134,  -0,   1.6,   0.9,   1.3,  0,  0, 29, 24,  0,  0, 30, 31, 29,  0,  0,  0,  0,  0,  0, 21,  0,  0,  0,  0,  0,  0,  0,  0,  0, 30, 22, 26,  0,  0, 26,  0
6, 11026, 11,KE8EXM,    46.42, 7,    main,   -1.96,  98032.00,  277.80,   22.80,   -7.25, 22.3, 1.99, 2.90, 4.09,   9.63,  -1.72,  -1.01,-134.17,   2.74,  -3.84,  -0.23,   0.03,   0.05,  49.69, 4.09, 0.00, 0.00, 0.00, 0.00, 1, 1,  8,  39.7279539, -83.7050833,   327.0, 2025, 11, 23, 18, 18, 27,      293,      293, 134,  -0,   1.6,   0.9,   1.3,  0,  0, 29, 24,  0,  0, 30, 31, 29,  0,  0,  0,  0,  0,  0, 21,  0,  0,  0,  0,  0,  0,  0,  0,  0, 30, 22, 26,  0,  0, 26,  0
6, 11026, 11,KE8EXM,    46.50, 7,    main,   -0.98,  98034.00,  277.62,   22.63,   -7.27, 22.3, 1.99, 2.90, 4.09,   9.26,  -1.83,  -0.30,-130.82,   1.58, -11.77,  -0.23,   0.10,   0.06,  48.50, 4.09, 0.00, 0.00, 0.00, 0.00, 1, 1,  8,  39.7279539, -83.7050833,   327.0, 2025, 11, 23, 18, 18, 27,      293,      293, 134,  -0,   1.6,   0.9,   1.3,  0,  0, 29, 24,  0,  0, 30, 31, 29,  0,  0,  0,  0,  0,  0, 21,  0,  0,  0,  0,  0,  0,  0,  0,  0, 30, 22, 26,  0,  0, 26,  0
6, 11026, 11,KE8EXM,    46.60, 7,    main,   -2.94,  98046.00,  276.60,   21.61,   -7.30, 22.3, 1.99, 2.90, 4.09,   8.94,  -1.82,   0.07,-135.33,  -8.18,  -2.43,  -0.23,   0.16,   0.08,  48.18, 4.09, 0.00, 0.00, 0.00, 0.00, 1, 1,  8,  39.7279539, -83.7050833,   327.0, 2025, 11, 23, 18, 18, 27,      293,      293, 134,  -0,   1.6,   0.9,   1.3,  0,  0, 29, 24,  0,  0, 30, 31, 29,  0,  0,  0,  0,  0,  0, 21,  0,  0,  0,  0,  0,  0,  0,  0,  0, 30, 22, 26,  0,  0, 26,  0
6, 11026, 11,KE8EXM,    46.70, 7,    main,    0.49,  98061.00,  275.32,   20.32,   -7.33, 22.3, 1.99, 2.90, 4.09,   9.49,  -1.95,   0.71,-138.93,  -6.29,  10.14,  -0.22,   0.20,   0.13,  48.95, 4.09, 0.00, 0.00, 0.00, 0.00, 1, 1,  8,  39.7279539, -83.7050833,   327.0, 2025, 11, 23, 18, 18, 27,      293,      293, 134,  -0,   1.6,   0.9,   1.3,  0,  0, 29, 24,  0,  0, 30, 31, 29,  0,  0,  0,  0,  0,  0, 21,  0,  0,  0,  0,  0,  0,  0,  0,  0, 30, 22, 26,  0,  0, 26,  0
6, 11026, 11,KE8EXM,    46.74, 7,    main,    0.49,  98061.00,  275.32,   20.32,   -7.33, 22.3, 1.99, 2.90, 4.07,   9.49,  -1.95,   0.71,-138.93,  -6.29,  10.14,  -0.22,   0.20,   0.13,  48.95, 4.10, 0.00, 0.00, 0.01, 0.00, 1, 1,  8,  39.7279539, -83.7050833,   327.0, 2025, 11, 23, 18, 18, 27,      293,      293, 134,  -0,   1.6,   0.9,   1.3,  0,  0, 29, 24,  0,  0, 30, 31, 29,  0,  0,  0,  0,  0,  0, 21,  0,  0,  0,  0,  0,  0,  0,  0,  0, 30, 22, 26,  0,  0, 26,  0
6, 11026, 11,KE8EXM,    46.80, 7,    main,   -2.94,  98077.00,  273.95,   18.96,   -7.36, 22.3, 1.99, 2.90, 4.07,  10.76,  -1.61,   2.64,-137.59,   4.14,   7.45,  -0.22,   0.22,   0.18,  49.80, 4.10, 0.00, 0.00, 0.01, 0.00, 1, 1,  8,  39.7279539, -83.7050833,   327.0, 2025, 11, 23, 18, 18, 27,      293,      293, 134,  -0,   1.6,   0.9,   1.3,  0,  0, 29, 24,  0,  0, 30, 31, 29,  0,  0,  0,  0,  0,  0, 21,  0,  0,  0,  0,  0,  0,  0,  0,  0, 30, 22, 26,  0,  0, 26,  0
6, 11026, 11,KE8EXM,    46.90, 7,    main,   -1.47,  98070.00,  274.55,   19.55,   -7.39, 22.3, 1.99, 2.90, 4.07,   9.68,  -0.64,   2.59, -11.43, -69.77,  -4.20,  -0.21,   0.24,   0.22,  44.71, 4.10, 0.00, 0.00, 0.01, 0.00, 1, 1,  8,  39.7279539, -83.7050833,   327.0, 2025, 11, 23, 18, 18, 27,      293,      293, 134,  -0,   1.6,   0.9,   1.3,  0,  0, 29, 24,  0,  0, 30, 31, 29,  0,  0,  0,  0,  0,  0, 21,  0,  0,  0,  0,  0,  0,  0,  0,  0, 30, 22, 26,  0,  0, 26,  0
6, 11026, 11,KE8EXM,    47.00, 7,    main,   -0.00,  98079.00,  273.78,   18.79,   -7.42, 22.3, 1.99, 2.90, 4.07,   9.63,  -0.80,   2.14,-120.01,  55.35,  17.52,  -0.21,   0.24,   0.25,  49.79, 4.10, 0.00, 0.00, 0.01, 0.00, 1, 1,  8,  39.7279539, -83.7050833,   327.0, 2025, 11, 23, 18, 18, 27,      293,      293, 134,  -0,   1.6,   0.9,   1.3,  0,  0, 29, 24,  0,  0, 30, 31, 29,  0,  0,  0,  0,  0,  0, 21,  0,  0,  0,  0,  0,  0,  0,  0,  0, 30, 22, 26,  0,  0, 26,  0
6, 11026, 11,KE8EXM,    47.06, 7,    main,   -0.00,  98079.00,  273.78,   18.79,   -7.42, 22.3, 1.99, 2.89, 4.08,   9.63,  -0.80,   2.14,-120.01,  55.35,  17.52,  -0.21,   0.24,   0.25,  49.79, 4.09, 0.00, 0.00, 0.00, 0.00, 1, 1,  8,  39.7279539, -83.7050833,   327.0, 2025, 11, 23, 18, 18, 27,      293,      293, 134,  -0,   1.6,   0.9,   1.3,  0,  0, 29, 24,  0,  0, 30, 31, 29,  0,  0,  0,  0,  0,  0, 21,  0,  0,  0,  0,  0,  0,  0,  0,  0, 30, 22, 26,  0,  0, 26,  0
6, 11026, 11,KE8EXM,    47.10, 7,    main,   -0.00,  98090.00,  272.84,   17.85,   -7.44, 22.3, 1.99, 2.89, 4.08,   8.99,  -0.11,   2.77, -64.96,  33.01, -18.55,  -0.21,   0.25,   0.25,  51.62, 4.09, 0.00, 0.00, 0.00, 0.00, 1, 1,  8,  39.7279539, -83.7050833,   327.0, 2025, 11, 23, 18, 18, 27,      293,      293, 134,  -0,   1.6,   0.9,   1.3,  0,  0, 29, 24,  0,  0, 30, 31, 29,  0,  0,  0,  0,  0,  0, 21,  0,  0,  0,  0,  0,  0,  0,  0,  0, 30, 22, 26,  0,  0, 26,  0
6, 11026, 11,KE8EXM,    47.16, 7,    main,   -0.00,  98090.00,  272.84,   17.85,   -7.44, 22.3, 1.99, 2.89, 4.08,   8.99,  -0.11,   2.77, -64.96,  33.01, -18.55,  -0.21,   0.25,   0.25,  51.62, 4.09, 0.00, 0.00, 0.00, 0.00, 1, 1,  8,  39.7279539, -83.7050833,   327.0, 2025, 11, 23, 18, 18, 27,      293,      293, 134,  -0,   1.6,   0.9,   1.3,  0,  0, 29, 24,  0,  0, 30, 31, 29,  0,  0,  0,  0,  0,  0, 21,  0,  0,  0,  0,  0,  0,  0,  0,  0, 30, 22, 26,  0,  0, 26,  0
6, 11026, 11,KE8EXM,    47.16, 7,    main,   -0.00,  98090.00,  272.84,   17.85,   -7.44, 22.3, 1.99, 2.89, 4.08,   8.99,  -0.11,   2.77, -64.96,  33.01, -18.55,  -0.21,   0.25,   0.25,  51.62, 4.09, 0.00, 0.00, 0.00, 0.00, 1, 1,  8,  39.7279539, -83.7050833,   327.0, 2025, 11, 23, 18, 18, 27,      293,      293, 134,  -0,   1.6,   0.9,   1.3,  0,  0, 29, 24,  0,  0, 30, 31, 29,  0,  0,  0,  0,  0,  0, 21,  0,  0,  0,  0,  0,  0,  0,  0,  0, 30, 22, 26,  0,  0, 26,  0
6, 11026, 11,KE8EXM,    47.20, 7,    main,   -0.98,  98097.00,  272.24,   17.25,   -7.45, 22.3, 1.99, 2.89, 4.08,   9.66,   0.42,   3.43,  15.12, -11.60, -30.14,  -0.23,   0.27,   0.25,  49.37, 4.09, 0.00, 0.00, 0.00, 0.00, 1, 1,  9,  39.7279147, -83.7050325,   323.0, 2025, 11, 23, 18, 18, 28,      299,      299, 134,  -1,   1.5,   0.8,   1.3,  0,  0, 27, 30,  0,  0, 24, 27, 33,  0,  0,  0,  0,  0,  0, 25,  0,  0,  0,  0,  0,  0,  0,  0,  0, 30, 23, 34,  0,  0, 31,  0
6, 11026, 11,KE8EXM,    47.30, 7,    main,   -0.98,  98109.00,  271.21,   16.22,   -7.45, 22.3, 1.99, 2.89, 4.08,  10.47,   0.03,   3.05, 103.44, -32.17, -13.48,  -0.24,   0.28,   0.24,  45.88, 4.09, 0.00, 0.00, 0.00, 0.00, 1, 1,  9,  39.7279147, -83.7050325,   323.0, 2025, 11, 23, 18, 18, 28,      299,      299, 134,  -1,   1.5,   0.8,   1.3,  0,  0, 27, 30,  0,  0, 24, 27, 33,  0,  0,  0,  0,  0,  0, 25,  0,  0,  0,  0,  0,  0,  0,  0,  0, 30, 23, 34,  0,  0, 31,  0
6, 11026, 11,KE8EXM,    47.38, 7,    main,   -0.98,  98109.00,  271.21,   16.22,   -7.45, 22.3, 1.99, 2.90, 4.09,  10.47,   0.03,   3.05, 103.44, -32.17, -13.48,  -0.24,   0.28,   0.24,  45.88, 4.09, 0.00, 0.00, 0.00, 0.00, 1, 1,  9,  39.7279147, -83.7050325,   323.0, 2025, 11, 23, 18, 18, 28,      299,      299, 134,  -1,   1.5,   0.8,   1.3,  0,  0, 27, 30,  0,  0, 24, 27, 33,  0,  0,  0,  0,  0,  0, 25,  0,  0,  0,  0,  0,  0,  0,  0,  0, 30, 23, 34,  0,  0, 31,  0
6, 11026, 11,KE8EXM,    47.40, 7,    main,   -0.49,  98109.00,  271.21,   16.22,   -7.43, 22.3, 1.99, 2.90, 4.09,  10.82,  -0.59,   2.12, 159.77, -21.31,  13.25,  -0.23,   0.26,   0.20,  44.90, 4.09, 0.00, 0.00, 0.00, 0.00, 1, 1,  9,  39.7279147, -83.7050325,   323.0, 2025, 11, 23, 18, 18, 28,      299,      299, 134,  -1,   1.5,   0.8,   1.3,  0,  0, 27, 30,  0,  0, 24, 27, 33,  0,  0,  0,  0,  0,  0, 25,  0,  0,  0,  0,  0,  0,  0,  0,  0, 30, 23, 34,  0,  0, 31,  0
6, 11026, 11,KE8EXM,    47.50, 7,    main,    2.94,  98120.00,  270.27,   15.28,   -7.41, 22.3, 1.99, 2.90, 4.09,  11.47,  -0.69,   1.74, 199.93,  -0.13,  31.56,  -0.22,   0.20,   0.13,  47.42, 4.09, 0.00, 0.00, 0.00, 0.00, 1, 1,  9,  39.7279147, -83.7050325,   323.0, 2025, 11, 23, 18, 18, 28,      299,      299, 134,  -1,   1.5,   0.8,   1.3,  0,  0, 27, 30,  0,  0, 24, 27, 33,  0,  0,  0,  0,  0,  0, 25,  0,  0,  0,  0,  0,  0,  0,  0,  0, 30, 23, 34,  0,  0, 31,  0
6, 11026, 11,KE8EXM,    47.60, 7,    main,    0.98,  98138.00,  268.74,   13.74,   -7.38, 22.3, 1.99, 2.90, 4.09,  10.73,  -1.16,   0.45, 222.52,  -3.67,  22.53,  -0.22,   0.11,   0.08,  49.49, 4.09, 0.00, 0.00, 0.00, 0.00, 1, 1,  9,  39.7279147, -83.7050325,   323.0, 2025, 11, 23, 18, 18, 28,      299,      299, 134,  -1,   1.5,   0.8,   1.3,  0,  0, 27, 30,  0,  0, 24, 27, 33,  0,  0,  0,  0,  0,  0, 25,  0,  0,  0,  0,  0,  0,  0,  0,  0, 30, 23, 34,  0,  0, 31,  0
6, 11026, 11,KE8EXM,    47.70, 7,    main,   -1.47,  98156.00,  267.20,   12.21,   -7.33, 22.3, 2.01, 2.89, 4.07,   9.61,  -0.27,  -0.42, 248.03,   1.95,   1.04,  -0.22,   0.01,   0.07,  49.57, 4.08, 0.00, 0.00, 0.00, 0.00, 1, 1,  9,  39.7279147, -83.7050325,   323.0, 2025, 11, 23, 18, 18, 28,      299,      299, 134,  -1,   1.5,   0.8,   1.3,  0,  0, 27, 30,  0,  0, 24, 27, 33,  0,  0,  0,  0,  0,  0, 25,  0,  0,  0,  0,  0,  0,  0,  0,  0, 30, 23, 34,  0,  0, 31,  0
6, 11026, 11,KE8EXM,    47.70, 7,    main,   -1.47,  98156.00,  267.20,   12.21,   -7.33, 22.3, 2.01, 2.89, 4.07,   9.61,  -0.27,  -0.42, 248.03,   1.95,   1.04,  -0.22,   0.01,   0.07,  49.57, 4.08, 0.00, 0.00, 0.00, 0.00, 1, 1,  9,  39.7279147, -83.7050325,   323.0, 2025, 11, 23, 18, 18, 28,      299,      299, 134,  -1,   1.5,   0.8,   1.3,  0,  0, 27, 30,  0,  0, 24, 27, 33,  0,  0,  0,  0,  0,  0, 25,  0,  0,  0,  0,  0,  0,  0,  0,  0, 30, 23, 34,  0,  0, 31,  0
6, 11026, 11,KE8EXM,    47.80, 7,    main,    1.96,  98151.00,  267.63,   12.63,   -7.27, 22.3, 2.01, 2.89, 4.07,   9.27,   0.49,  -0.89, 262.74,  12.81, -14.70,  -0.22,  -0.08,   0.09,  47.65, 4.08, 0.00, 0.00, 0.00, 0.00, 1, 1,  9,  39.7279147, -83.7050325,   323.0, 2025, 11, 23, 18, 18, 28,      299,      299, 134,  -1,   1.5,   0.8,   1.3,  0,  0, 27, 30,  0,  0, 24, 27, 33,  0,  0,  0,  0,  0,  0, 25,  0,  0,  0,  0,  0,  0,  0,  0,  0, 30, 23, 34,  0,  0, 31,  0
6, 11026, 11,KE8EXM,    47.90, 7,    main,    0.49,  98164.00,  266.52,   11.52,   -7.20, 22.3, 2.01, 2.89, 4.07,   9.47,   1.14,  -0.32, 269.82,  12.51,  -0.97,  -0.23,  -0.17,   0.14,  46.54, 4.08, 0.00, 0.00, 0.00, 0.00, 1, 1,  9,  39.7279147, -83.7050325,   323.0, 2025, 11, 23, 18, 18, 28,      299,      299, 134,  -1,   1.5,   0.8,   1.3,  0,  0, 27, 30,  0,  0, 24, 27, 33,  0,  0,  0,  0,  0,  0, 25,  0,  0,  0,  0,  0,  0,  0,  0,  0, 30, 23, 34,  0,  0, 31,  0
6, 11026, 11,KE8EXM,    48.00, 7,    main,   -0.00,  98178.00,  265.32,   10.33,   -7.11, 22.3, 2.01, 2.89, 4.07,   8.75,   2.90,   0.66, 275.80, -17.22,   3.79,  -0.22,  -0.23,   0.25,  48.29, 4.08, 0.00, 0.00, 0.00, 0.00, 1, 1,  9,  39.7279147, -83.7050325,   323.0, 2025, 11, 23, 18, 18, 28,      299,      299, 134,  -1,   1.5,   0.8,   1.3,  0,  0, 27, 30,  0,  0, 24, 27, 33,  0,  0,  0,  0,  0,  0, 25,  0,  0,  0,  0,  0,  0,  0,  0,  0, 30, 23, 34,  0,  0, 31,  0
6, 11026, 11,KE8EXM,    48.02, 7,    main,   -0.00,  98178.00,  265.32,   10.33,   -7.11, 22.3, 2.00, 2.89, 4.08,   8.75,   2.90,   0.66, 275.80, -17.22,   3.79,  -0.22,  -0.23,   0.25,  48.29, 4.10, 0.00, 0.00, 0.00, 0.00, 1, 1,  9,  39.7279147, -83.7050325,   323.0, 2025, 11, 23, 18, 18, 28,      299,      299, 134,  -1,   1.5,   0.8,   1.3,  0,  0, 27, 30,  0,  0, 24, 27, 33,  0,  0,  0,  0,  0,  0, 25,  0,  0,  0,  0,  0,  0,  0,  0,  0, 30, 23, 34,  0,  0, 31,  0
6, 11026, 11,KE8EXM,    48.10, 7,    main,   -1.47,  98177.00,  265.41,   10.41,   -7.01, 22.3, 2.00, 2.89, 4.08,   9.20,   2.37,   0.96, 275.74, -24.79, -10.67,  -0.22,  -0.22,   0.39,  50.99, 4.10, 0.00, 0.00, 0.00, 0.00, 1, 1,  9,  39.7279147, -83.7050325,   323.0, 2025, 11, 23, 18, 18, 28,      299,      299, 134,  -1,   1.5,   0.8,   1.3,  0,  0, 27, 30,  0,  0, 24, 27, 33,  0,  0,  0,  0,  0,  0, 25,  0,  0,  0,  0,  0,  0,  0,  0,  0, 30, 23, 34,  0,  0, 31,  0
6, 11026, 11,KE8EXM,    48.16, 7,    main,   -1.47,  98177.00,  265.41,   10.41,   -7.01, 22.3, 2.00, 2.89, 4.08,   9.20,   2.37,   0.96, 275.74, -24.79, -10.67,  -0.22,  -0.22,   0.39,  50.99, 4.10, 0.00, 0.00, 0.00, 0.00, 1, 1,  9,  39.7279147, -83.7050325,   323.0, 2025, 11, 23, 18, 18, 28,      299,      299, 134,  -1,   1.5,   0.8,   1.3,  0,  0, 27, 30,  0,  0, 24, 27, 33,  0,  0,  0,  0,  0,  0, 25,  0,  0,  0,  0,  0,  0,  0,  0,  0, 30, 23, 34,  0,  0, 31,  0
6, 11026, 11,KE8EXM,    48.16, 7,    main,   -1.47,  98177.00,  265.41,   10.41,   -7.01, 22.3, 2.00, 2.89, 4.08,   9.20,   2.37,   0.96, 275.74, -24.79, -10.67,  -0.22,  -0.22,   0.39,  50.99, 4.10, 0.00, 0.00, 0.00, 0.00, 1, 1,  9,  39.7279147, -83.7050325,   323.0, 2025, 11, 23, 18, 18, 28,      299,      299, 134,  -1,   1.5,   0.8,   1.3,  0,  0, 27, 30,  0,  0, 24, 27, 33,  0,  0,  0,  0,  0,  0, 25,  0,  0,  0,  0,  0,  0,  0,  0,  0, 30, 23, 34,  0,  0, 31,  0
6, 11026, 11,KE8EXM,    48.20, 7,    main,   -1.47,  98190.00,  264.30,    9.30,   -6.88, 22.3, 2.00, 2.89, 4.08,   9.39,   2.64,   1.90, 264.87,   9.15, -11.83,  -0.21,  -0.14,   0.48,  51.30, 4.10, 0.00, 0.00, 0.00, 0.00, 1, 1,  9,  39.7278862, -83.7049970,   320.0, 2025, 11, 23, 18, 18, 29,      303,      303, 134,  -2,   1.5,   0.8,   1.3,  0,  0, 27, 21,  0,  0, 31, 36, 29,  0,  0,  0,  0,  0,  0, 25,  0,  0,  0,  0,  0,  0,  0,  0,  0, 28, 25, 30,  0,  0, 26,  0
6, 11026, 11,KE8EXM,    48.30, 7,    main,   -0.98,  98205.00,  263.01,    8.02,   -6.74, 22.3, 2.00, 2.89, 4.08,   9.10,   1.08,   2.35, 241.99,  25.20,   7.88,  -0.21,  -0.06,   0.51,  50.00, 4.10, 0.00, 0.00, 0.00, 0.00, 1, 1,  9,  39.7278862, -83.7049970,   320.0, 2025, 11, 23, 18, 18, 29,      303,      303, 134,  -2,   1.5,   0.8,   1.3,  0,  0, 27, 21,  0,  0, 31, 36, 29,  0,  0,  0,  0,  0,  0, 25,  0,  0,  0,  0,  0,  0,  0,  0,  0, 28, 25, 30,  0,  0, 26,  0
6, 11026, 11,KE8EXM,    48.34, 7,    main,   -0.98,  98205.00,  263.01,    8.02,   -6.74, 22.3, 2.01, 2.89, 4.08,   9.10,   1.08,   2.35, 241.99,  25.20,   7.88,  -0.21,  -0.06,   0.51,  50.00, 4.09, 0.00, 0.00, 0.00, 0.00, 1, 1,  9,  39.7278862, -83.7049970,   320.0, 2025, 11, 23, 18, 18, 29,      303,      303, 134,  -2,   1.5,   0.8,   1.3,  0,  0, 27, 21,  0,  0, 31, 36, 29,  0,  0,  0,  0,  0,  0, 25,  0,  0,  0,  0,  0,  0,  0,  0,  0, 28, 25, 30,  0,  0, 26,  0
6, 11026, 11,KE8EXM,    48.40, 7,    main,    2.45,  98210.00,  262.59,    7.60,   -6.59, 22.3, 2.01, 2.89, 4.08,  15.09,  -0.28,   2.65, 228.74,  25.69,  11.97,  -0.19,   0.01,   0.50,  49.47, 4.09, 0.00, 0.00, 0.00, 0.00, 1, 1,  9,  39.7278862, -83.7049970,   320.0, 2025, 11, 23, 18, 18, 29,      303,      303, 134,  -2,   1.5,   0.8,   1.3,  0,  0, 27, 21,  0,  0, 31, 36, 29,  0,  0,  0,  0,  0,  0, 25,  0,  0,  0,  0,  0,  0,  0,  0,  0, 28, 25, 30,  0,  0, 26,  0
6, 11026, 11,KE8EXM,    48.50, 7,    main,    1.96,  98211.00,  262.50,    7.51,   -6.42, 22.3, 2.01, 2.89, 4.08,  10.33,   0.48,   1.25, 254.38,  11.96,   3.00,  -0.18,   0.09,   0.46,  49.98, 4.09, 0.00, 0.00, 0.00, 0.00, 1, 1,  9,  39.7278862, -83.7049970,   320.0, 2025, 11, 23, 18, 18, 29,      303,      303, 134,  -2,   1.5,   0.8,   1.3,  0,  0, 27, 21,  0,  0, 31, 36, 29,  0,  0,  0,  0,  0,  0, 25,  0,  0,  0,  0,  0,  0,  0,  0,  0, 28, 25, 30,  0,  0, 26,  0
6, 11026, 11,KE8EXM,    48.60, 7,    main,    1.96,  98231.00,  260.80,    5.80,   -6.23, 22.3, 2.01, 2.89, 4.08,  10.52,   0.73,   0.91, 286.91,   4.94,  -9.09,  -0.18,   0.16,   0.41,  50.82, 4.09, 0.00, 0.00, 0.00, 0.00, 1, 1,  9,  39.7278862, -83.7049970,   320.0, 2025, 11, 23, 18, 18, 29,      303,      303, 134,  -2,   1.5,   0.8,   1.3,  0,  0, 27, 21,  0,  0, 31, 36, 29,  0,  0,  0,  0,  0,  0, 25,  0,  0,  0,  0,  0,  0,  0,  0,  0, 28, 25, 30,  0,  0, 26,  0
6, 11026, 11,KE8EXM,    48.66, 7,    main,    1.96,  98231.00,  260.80,    5.80,   -6.23, 22.3, 2.01, 2.87, 4.07,  10.52,   0.73,   0.91, 286.91,   4.94,  -9.09,  -0.18,   0.16,   0.41,  50.82, 4.07, 0.00, 0.00, 0.00, 0.00, 1, 1,  9,  39.7278862, -83.7049970,   320.0, 2025, 11, 23, 18, 18, 29,      303,      303, 134,  -2,   1.5,   0.8,   1.3,  0,  0, 27, 21,  0,  0, 31, 36, 29,  0,  0,  0,  0,  0,  0, 25,  0,  0,  0,  0,  0,  0,  0,  0,  0, 28, 25, 30,  0,  0, 26,  0
6, 11026, 11,KE8EXM,    48.70, 7,    main,    0.98,  98238.00,  260.20,    5.21,   -6.03, 22.3, 2.01, 2.87, 4.07,  12.30,   0.42,   0.58, 312.97,   9.70, -21.36,  -0.19,   0.20,   0.31,  51.72, 4.07, 0.00, 0.00, 0.00, 0.00, 1, 1,  9,  39.7278862, -83.7049970,   320.0, 2025, 11, 23, 18, 18, 29,      303,      303, 134,  -2,   1.5,   0.8,   1.3,  0,  0, 27, 21,  0,  0, 31, 36, 29,  0,  0,  0,  0,  0,  0, 25,  0,  0,  0,  0,  0,  0,  0,  0,  0, 28, 25, 30,  0,  0, 26,  0
6, 11026, 11,KE8EXM,    48.80, 7,    main,    1.96,  98235.00,  260.45,    5.46,   -5.82, 22.3, 2.01, 2.87, 4.07,  10.65,   0.02,   0.29, 322.55,  15.13, -22.70,  -0.20,   0.20,   0.19,  51.83, 4.07, 0.00, 0.00, 0.00, 0.00, 1, 1,  9,  39.7278862, -83.7049970,   320.0, 2025, 11, 23, 18, 18, 29,      303,      303, 134,  -2,   1.5,   0.8,   1.3,  0,  0, 27, 21,  0,  0, 31, 36, 29,  0,  0,  0,  0,  0,  0, 25,  0,  0,  0,  0,  0,  0,  0,  0,  0, 28, 25, 30,  0,  0, 26,  0
6, 11026, 11,KE8EXM,    48.90, 7,    main,   -0.00,  98241.00,  259.94,    4.95,   -5.57, 22.3, 2.01, 2.87, 4.07,  11.54,   0.00,  -0.40, 316.63,  -0.19, -11.59,  -0.21,   0.12,   0.10,  50.80, 4.07, 0.00, 0.00, 0.00, 0.00, 1, 1,  9,  39.7278862, -83.7049970,   320.0, 2025, 11, 23, 18, 18, 29,      303,      303, 134,  -2,   1.5,   0.8,   1.3,  0,  0, 27, 21,  0,  0, 31, 36, 29,  0,  0,  0,  0,  0,  0, 25,  0,  0,  0,  0,  0,  0,  0,  0,  0, 28, 25, 30,  0,  0, 26,  0
6, 11026, 11,KE8EXM,    48.98, 7,    main,   -0.00,  98241.00,  259.94,    4.95,   -5.57, 22.3, 2.05, 2.88, 4.09,  11.54,   0.00,  -0.40, 316.63,  -0.19, -11.59,  -0.21,   0.12,   0.10,  50.80, 4.09, 0.00, 0.00, 0.00, 0.00, 1, 1,  9,  39.7278862, -83.7049970,   320.0, 2025, 11, 23, 18, 18, 29,      303,      303, 134,  -2,   1.5,   0.8,   1.3,  0,  0, 27, 21,  0,  0, 31, 36, 29,  0,  0,  0,  0,  0,  0, 25,  0,  0,  0,  0,  0,  0,  0,  0,  0, 28, 25, 30,  0,  0, 26,  0
6, 11026, 11,KE8EXM,    49.00, 7,    main,    4.41,  98253.00,  258.92,    3.93,   -5.32, 22.3, 2.05, 2.88, 4.09,  13.83,   0.78,  -1.62, 268.11,-104.25, -20.93,  -0.19,   0.04,   0.13,  50.19, 4.09, 0.00, 0.00, 0.00, 0.00, 1, 1,  9,  39.7278862, -83.7049970,   320.0, 2025, 11, 23, 18, 18, 29,      303,      303, 134,  -2,   1.5,   0.8,   1.3,  0,  0, 27, 21,  0,  0, 31, 36, 29,  0,  0,  0,  0,  0,  0, 25,  0,  0,  0,  0,  0,  0,  0,  0,  0, 28, 25, 30,  0,  0, 26,  0
6, 11026, 11,KE8EXM,    49.10, 7,    main,    2.94,  98245.00,  259.60,    4.61,   -5.06, 22.3, 2.05, 2.88, 4.09,  12.18,  -0.10,   0.28, 236.55, -90.70, -58.59,  -0.17,   0.02,   0.21,  52.14, 4.09, 0.00, 0.00, 0.00, 0.00, 1, 1,  9,  39.7278862, -83.7049970,   320.0, 2025, 11, 23, 18, 18, 29,      303,      303, 134,  -2,   1.5,   0.8,   1.3,  0,  0, 27, 21,  0,  0, 31, 36, 29,  0,  0,  0,  0,  0,  0, 25,  0,  0,  0,  0,  0,  0,  0,  0,  0, 28, 25, 30,  0,  0, 26,  0
6, 11026, 11,KE8EXM,    49.16, 7,    main,    2.94,  98245.00,  259.60,    4.61,   -5.06, 22.3, 2.05, 2.88, 4.09,  12.18,  -0.10,   0.28, 236.55, -90.70, -58.59,  -0.17,   0.02,   0.21,  52.14, 4.09, 0.00, 0.00, 0.00, 0.00, 1, 1,  9,  39.7278862, -83.7049970,   320.0, 2025, 11, 23, 18, 18, 29,      303,      303, 134,  -2,   1.5,   0.8,   1.3,  0,  0, 27, 21,  0,  0, 31, 36, 29,  0,  0,  0,  0,  0,  0, 25,  0,  0,  0,  0,  0,  0,  0,  0,  0, 28, 25, 30,  0,  0, 26,  0
6, 11026, 11,KE8EXM,    49.16, 7,    main,    2.94,  98245.00,  259.60,    4.61,   -5.06, 22.3, 2.05, 2.88, 4.09,  12.18,  -0.10,   0.28, 236.55, -90.70, -58.59,  -0.17,   0.02,   0.21,  52.14, 4.09, 0.00, 0.00, 0.00, 0.00, 1, 1,  9,  39.7278862, -83.7049970,   320.0, 2025, 11, 23, 18, 18, 29,      303,      303, 134,  -2,   1.5,   0.8,   1.3,  0,  0, 27, 21,  0,  0, 31, 36, 29,  0,  0,  0,  0,  0,  0, 25,  0,  0,  0,  0,  0,  0,  0,  0,  0, 28, 25, 30,  0,  0, 26,  0
6, 11026, 11,KE8EXM,    49.20, 7,    main,   -0.98,  98253.00,  258.92,    3.93,   -4.78, 22.3, 2.05, 2.88, 4.09,   9.71,  -0.12,   0.02, 198.22, -36.50, -17.33,  -0.16,   0.03,   0.26,  55.08, 4.09, 0.00, 0.00, 0.00, 0.00, 1, 1,  9,  39.7278765, -83.7049777,   318.0, 2025, 11, 23, 18, 18, 30,      305,      305, 134,  -2,   1.5,   0.8,   1.3,  0,  0, 27, 29,  0,  0, 35, 29, 29,  0,  0,  0,  0,  0,  0, 25,  0,  0,  0,  0,  0,  0,  0,  0,  0, 28, 26, 32,  0,  0, 30,  0
6, 11026, 11,KE8EXM,    49.30, 7,    main,    2.45,  98272.00,  257.30,    2.30,   -4.49, 22.3, 2.08, 2.88, 4.09,  11.49,  -1.10,   0.55, 145.92,  -8.73,  64.89,  -0.16,  -0.01,   0.27,  55.89, 4.10, 0.00, 0.00, 0.00, 0.00, 1, 1,  9,  39.7278765, -83.7049777,   318.0, 2025, 11, 23, 18, 18, 30,      305,      305, 134,  -2,   1.5,   0.8,   1.3,  0,  0, 27, 29,  0,  0, 35, 29, 29,  0,  0,  0,  0,  0,  0, 25,  0,  0,  0,  0,  0,  0,  0,  0,  0, 28, 26, 32,  0,  0, 30,  0
6, 11026, 11,KE8EXM,    49.30, 7,    main,    2.45,  98272.00,  257.30,    2.30,   -4.49, 22.3, 2.08, 2.88, 4.09,  11.49,  -1.10,   0.55, 145.92,  -8.73,  64.89,  -0.16,  -0.01,   0.27,  55.89, 4.10, 0.00, 0.00, 0.00, 0.00, 1, 1,  9,  39.7278765, -83.7049777,   318.0, 2025, 11, 23, 18, 18, 30,      305,      305, 134,  -2,   1.5,   0.8,   1.3,  0,  0, 27, 29,  0,  0, 35, 29, 29,  0,  0,  0,  0,  0,  0, 25,  0,  0,  0,  0,  0,  0,  0,  0,  0, 28, 26, 32,  0,  0, 30,  0
6, 11026, 11,KE8EXM,    49.40, 7,    main,   -0.98,  98273.00,  257.21,    2.22,   -4.19, 22.3, 2.08, 2.88, 4.09,   9.38,  -0.39,   0.50, 133.40, -21.80,  65.80,  -0.17,  -0.07,   0.30,  56.81, 4.10, 0.00, 0.00, 0.00, 0.00, 1, 1,  9,  39.7278765, -83.7049777,   318.0, 2025, 11, 23, 18, 18, 30,      305,      305, 134,  -2,   1.5,   0.8,   1.3,  0,  0, 27, 29,  0,  0, 35, 29, 29,  0,  0,  0,  0,  0,  0, 25,  0,  0,  0,  0,  0,  0,  0,  0,  0, 28, 26, 32,  0,  0, 30,  0
6, 11026, 11,KE8EXM,    49.50, 7,    main,   -0.98,  98289.00,  255.85,    0.85,   -3.88, 22.3, 2.08, 2.88, 4.09,   8.25,  -0.42,   0.45, 219.10,   5.73,   3.18,  -0.17,  -0.10,   0.34,  56.16, 4.10, 0.00, 0.00, 0.00, 0.00, 1, 1,  9,  39.7278765, -83.7049777,   318.0, 2025, 11, 23, 18, 18, 30,      305,      305, 134,  -2,   1.5,   0.8,   1.3,  0,  0, 27, 29,  0,  0, 35, 29, 29,  0,  0,  0,  0,  0,  0, 25,  0,  0,  0,  0,  0,  0,  0,  0,  0, 28, 26, 32,  0,  0, 30,  0
6, 11026, 11,KE8EXM,    49.60, 7,    main,   -0.49,  98302.00,  254.74,   -0.26,   -3.58, 22.3, 2.08, 2.88, 4.09,   9.37,   0.60,   1.03, 277.26,  49.25, -26.42,  -0.16,  -0.05,   0.35,  54.60, 4.10, 0.00, 0.00, 0.00, 0.00, 1, 1,  9,  39.7278765, -83.7049777,   318.0, 2025, 11, 23, 18, 18, 30,      305,      305, 134,  -2,   1.5,   0.8,   1.3,  0,  0, 27, 29,  0,  0, 35, 29, 29,  0,  0,  0,  0,  0,  0, 25,  0,  0,  0,  0,  0,  0,  0,  0,  0, 28, 26, 32,  0,  0, 30,  0
6, 11026, 11,KE8EXM,    49.62, 7,    main,   -0.49,  98302.00,  254.74,   -0.26,   -3.58, 22.3, 2.16, 2.87, 4.07,   9.37,   0.60,   1.03, 277.26,  49.25, -26.42,  -0.16,  -0.05,   0.35,  54.60, 4.07, 0.00, 0.01, 0.00, 0.00, 1, 1,  9,  39.7278765, -83.7049777,   318.0, 2025, 11, 23, 18, 18, 30,      305,      305, 134,  -2,   1.5,   0.8,   1.3,  0,  0, 27, 29,  0,  0, 35, 29, 29,  0,  0,  0,  0,  0,  0, 25,  0,  0,  0,  0,  0,  0,  0,  0,  0, 28, 26, 32,  0,  0, 30,  0
6, 11026, 11,KE8EXM,    49.70, 7,    main,    0.49,  98300.00,  254.91,   -0.09,   -3.27, 22.3, 2.16, 2.87, 4.07,   8.96,   0.38,  -0.03, 282.57,  47.97, -11.59,  -0.16,  -0.02,   0.33,  54.64, 4.07, 0.00, 0.01, 0.00, 0.00, 1, 1,  9,  39.7278765, -83.7049777,   318.0, 2025, 11, 23, 18, 18, 30,      305,      305, 134,  -2,   1.5,   0.8,   1.3,  0,  0, 27, 29,  0,  0, 35, 29, 29,  0,  0,  0,  0,  0,  0, 25,  0,  0,  0,  0,  0,  0,  0,  0,  0, 28, 26, 32,  0,  0, 30,  0
6, 11026, 11,KE8EXM,    49.80, 7,    main,   11.77,  98299.00,  254.99,    0.00,   -2.97, 22.3, 2.16, 2.87, 4.07,  29.87,   7.24,  11.56, -70.82, 640.25,-687.13,  -0.39,   0.29,   0.01, 135.44, 4.07, 0.00, 0.01, 0.00, 0.00, 1, 1,  9,  39.7278765, -83.7049777,   318.0, 2025, 11, 23, 18, 18, 30,      305,      305, 134,  -2,   1.5,   0.8,   1.3,  0,  0, 27, 29,  0,  0, 35, 29, 29,  0,  0,  0,  0,  0,  0, 25,  0,  0,  0,  0,  0,  0,  0,  0,  0, 28, 26, 32,  0,  0, 30,  0
6, 11026, 11,KE8EXM,    49.90, 7,    main,  -12.26,  98304.00,  254.57,   -0.43,   -2.66, 22.3, 2.16, 2.87, 4.07, -13.32,   4.63,  -2.26,-176.29,-103.46, -35.15,  -0.56,   0.44,   0.03, 128.30, 4.07, 0.00, 0.01, 0.00, 0.00, 1, 1,  9,  39.7278765, -83.7049777,   318.0, 2025, 11, 23, 18, 18, 30,      305,      305, 134,  -2,   1.5,   0.8,   1.3,  0,  0, 27, 29,  0,  0, 35, 29, 29,  0,  0,  0,  0,  0,  0, 25,  0,  0,  0,  0,  0,  0,  0,  0,  0, 28, 26, 32,  0,  0, 30,  0
6, 11026, 11,KE8EXM,    49.94, 7,    main,  -12.26,  98304.00,  254.57,   -0.43,   -2.66, 22.3, 2.27, 2.83, 4.07, -13.32,   4.63,  -2.26,-176.29,-103.46, -35.15,  -0.56,   0.44,   0.03, 128.30, 4.09, 0.00, 0.00, 0.00, 0.00, 1, 1,  9,  39.7278765, -83.7049777,   318.0, 2025, 11, 23, 18, 18, 30,      305,      305, 134,  -2,   1.5,   0.8,   1.3,  0,  0, 27, 29,  0,  0, 35, 29, 29,  0,  0,  0,  0,  0,  0, 25,  0,  0,  0,  0,  0,  0,  0,  0,  0, 28, 26, 32,  0,  0, 30,  0
6, 11026, 11,KE8EXM,    50.00, 7,    main,  -16.18,  98311.00,  253.97,   -1.02,   -2.37, 22.3, 2.27, 2.83, 4.07,  -5.41, -10.52,  -6.07,-100.30, -35.34, -11.96,  -0.54,   0.50,   0.22, 126.55, 4.09, 0.00, 0.00, 0.00, 0.00, 1, 1,  9,  39.7278765, -83.7049777,   318.0, 2025, 11, 23, 18, 18, 30,      305,      305, 134,  -2,   1.5,   0.8,   1.3,  0,  0, 27, 29,  0,  0, 35, 29, 29,  0,  0,  0,  0,  0,  0, 25,  0,  0,  0,  0,  0,  0,  0,  0,  0, 28, 26, 32,  0,  0, 30,  0
6, 11026, 11,KE8EXM,    50.10, 7,    main,  -19.61,  98308.00,  254.22,   -0.77,   -2.08, 22.3, 2.27, 2.83, 4.07,  -6.98,  -8.52,  -5.60,  59.67,  -0.49,  -7.13,  -0.54,   0.50,   0.20, 127.08, 4.09, 0.00, 0.00, 0.00, 0.00, 1, 1,  9,  39.7278765, -83.7049777,   318.0, 2025, 11, 23, 18, 18, 30,      305,      305, 134,  -2,   1.5,   0.8,   1.3,  0,  0, 27, 29,  0,  0, 35, 29, 29,  0,  0,  0,  0,  0,  0, 25,  0,  0,  0,  0,  0,  0,  0,  0,  0, 28, 26, 32,  0,  0, 30,  0
6, 11026, 11,KE8EXM,    50.16, 7,    main,  -19.61,  98308.00,  254.22,   -0.77,   -2.08, 22.3, 2.27, 2.83, 4.07,  -6.98,  -8.52,  -5.60,  59.67,  -0.49,  -7.13,  -0.54,   0.50,   0.20, 127.08, 4.09, 0.00, 0.00, 0.00, 0.00, 1, 1,  9,  39.7278765, -83.7049777,   318.0, 2025, 11, 23, 18, 18, 30,      305,      305, 134,  -2,   1.5,   0.8,   1.3,  0,  0, 27, 29,  0,  0, 35, 29, 29,  0,  0,  0,  0,  0,  0, 25,  0,  0,  0,  0,  0,  0,  0,  0,  0, 28, 26, 32,  0,  0, 30,  0
6, 11026, 11,KE8EXM,    50.16, 7,    main,  -19.61,  98308.00,  254.22,   -0.77,   -2.08, 22.3, 2.27, 2.83, 4.07,  -6.98,  -8.52,  -5.60,  59.67,  -0.49,  -7.13,  -0.54,   0.50,   0.20, 127.08, 4.09, 0.00, 0.00, 0.00, 0.00, 1, 1,  9,  39.7278765, -83.7049777,   318.0, 2025, 11, 23, 18, 18, 30,      305,      305, 134,  -2,   1.5,   0.8,   1.3,  0,  0, 27, 29,  0,  0, 35, 29, 29,  0,  0,  0,  0,  0,  0, 25,  0,  0,  0,  0,  0,  0,  0,  0,  0, 28, 26, 32,  0,  0, 30,  0
6, 11026, 11,KE8EXM,    50.20, 7,    main,   -8.83,  98302.00,  254.74,   -0.26,   -1.81, 22.3, 2.27, 2.83, 4.07,   0.75,  -7.39,  -5.60,  20.67,  -2.02,   1.23,  -0.54,   0.49,   0.17, 126.85, 4.09, 0.00, 0.00, 0.00, 0.00, 1, 1,  9,  39.7278666, -83.7049633,   317.0, 2025, 11, 23, 18, 18, 31,      307,      307, 134,  -2,   1.5,   0.8,   1.3,  0,  0, 29, 24,  0,  0, 25, 29, 33,  0,  0,  0,  0,  0,  0, 25,  0,  0,  0,  0,  0,  0,  0,  0,  0, 28, 32, 25,  0,  0, 33,  0
6, 11026, 11,KE8EXM,    50.26, 7,    main,   -8.83,  98302.00,  254.74,   -0.26,   -1.81, 22.3, 2.31, 2.82, 4.06,   0.75,  -7.39,  -5.60,  20.67,  -2.02,   1.23,  -0.54,   0.49,   0.17, 126.85, 4.07, 0.00, 0.00, 0.00, 0.00, 1, 1,  9,  39.7278666, -83.7049633,   317.0, 2025, 11, 23, 18, 18, 31,      307,      307, 134,  -2,   1.5,   0.8,   1.3,  0,  0, 29, 24,  0,  0, 25, 29, 33,  0,  0,  0,  0,  0,  0, 25,  0,  0,  0,  0,  0,  0,  0,  0,  0, 28, 32, 25,  0,  0, 33,  0
6, 11026, 11,KE8EXM,    50.30, 7,    main,  -10.30,  98306.00,  254.40,   -0.60,   -1.56, 22.3, 2.31, 2.82, 4.06,   0.02,  -8.40,  -5.12, -17.17,  -0.31,   1.29,  -0.54,   0.49,   0.18, 126.74, 4.07, 0.00, 0.00, 0.00, 0.00, 1, 1,  9,  39.7278666, -83.7049633,   317.0, 2025, 11, 23, 18, 18, 31,      307,      307, 134,  -2,   1.5,   0.8,   1.3,  0,  0, 29, 24,  0,  0, 25, 29, 33,  0,  0,  0,  0,  0,  0, 25,  0,  0,  0,  0,  0,  0,  0,  0,  0, 28, 32, 25,  0,  0, 33,  0
6, 11026, 11,KE8EXM,    50.40, 7,    main,   -9.32,  98314.00,  253.71,   -1.28,   -1.33, 22.3, 2.31, 2.82, 4.06,   0.22,  -8.69,  -4.61, -14.12,   0.12,   1.04,  -0.54,   0.49,   0.19, 126.68, 4.07, 0.00, 0.00, 0.00, 0.00, 1, 1,  9,  39.7278666, -83.7049633,   317.0, 2025, 11, 23, 18, 18, 31,      307,      307, 134,  -2,   1.5,   0.8,   1.3,  0,  0, 29, 24,  0,  0, 25, 29, 33,  0,  0,  0,  0,  0,  0, 25,  0,  0,  0,  0,  0,  0,  0,  0,  0, 28, 32, 25,  0,  0, 33,  0
6, 11026, 11,KE8EXM,    50.50, 7,    main,  -10.79,  98305.00,  254.48,   -0.51,   -1.12, 22.3, 2.31, 2.82, 4.06,   0.27,  -8.66,  -4.69,   1.69,   0.18,  -0.11,  -0.54,   0.49,   0.19, 126.70, 4.07, 0.00, 0.00, 0.00, 0.00, 1, 1,  9,  39.7278666, -83.7049633,   317.0, 2025, 11, 23, 18, 18, 31,      307,      307, 134,  -2,   1.5,   0.8,   1.3,  0,  0, 29, 24,  0,  0, 25, 29, 33,  0,  0,  0,  0,  0,  0, 25,  0,  0,  0,  0,  0,  0,  0,  0,  0, 28, 32, 25,  0,  0, 33,  0
6, 11026, 11,KE8EXM,    50.58, 7,    main,  -10.79,  98305.00,  254.48,   -0.51,   -1.12, 22.3, 2.33, 2.82, 4.08,   0.27,  -8.66,  -4.69,   1.69,   0.18,  -0.11,  -0.54,   0.49,   0.19, 126.70, 4.09, 0.00, 0.00, 0.00, 0.00, 1, 1,  9,  39.7278666, -83.7049633,   317.0, 2025, 11, 23, 18, 18, 31,      307,      307, 134,  -2,   1.5,   0.8,   1.3,  0,  0, 29, 24,  0,  0, 25, 29, 33,  0,  0,  0,  0,  0,  0, 25,  0,  0,  0,  0,  0,  0,  0,  0,  0, 28, 32, 25,  0,  0, 33,  0
6, 11026, 11,KE8EXM,    50.60, 7,    main,  -10.30,  98300.00,  254.91,   -0.09,   -0.94, 22.3, 2.33, 2.82, 4.08,   0.28,  -8.44,  -4.80,  -0.51,  -0.43,   0.01,  -0.54,   0.49,   0.19, 126.67, 4.09, 0.00, 0.00, 0.00, 0.00, 1, 1,  9,  39.7278666, -83.7049633,   317.0, 2025, 11, 23, 18, 18, 31,      307,      307, 134,  -2,   1.5,   0.8,   1.3,  0,  0, 29, 24,  0,  0, 25, 29, 33,  0,  0,  0,  0,  0,  0, 25,  0,  0,  0,  0,  0,  0,  0,  0,  0, 28, 32, 25,  0,  0, 33,  0
6, 11026, 11,KE8EXM,    50.70, 7,    main,   -8.83,  98305.00,  254.48,   -0.51,   -0.78, 22.3, 2.33, 2.82, 4.08,   0.21,  -8.59,  -4.62,   0.47,  -0.19,   0.01,  -0.54,   0.49,   0.19, 126.65, 4.09, 0.00, 0.00, 0.00, 0.00, 1, 1,  9,  39.7278666, -83.7049633,   317.0, 2025, 11, 23, 18, 18, 31,      307,      307, 134,  -2,   1.5,   0.8,   1.3,  0,  0, 29, 24,  0,  0, 25, 29, 33,  0,  0,  0,  0,  0,  0, 25,  0,  0,  0,  0,  0,  0,  0,  0,  0, 28, 32, 25,  0,  0, 33,  0
6, 11026, 11,KE8EXM,    50.80, 7,    main,  -11.28,  98318.00,  253.37,   -1.62,   -0.64, 22.3, 2.33, 2.82, 4.08,   0.24,  -8.49,  -4.82,   0.53,   0.06,   0.01,  -0.54,   0.49,   0.19, 126.66, 4.09, 0.00, 0.00, 0.00, 0.00, 1, 1,  9,  39.7278666, -83.7049633,   317.0, 2025, 11, 23, 18, 18, 31,      307,      307, 134,  -2,   1.5,   0.8,   1.3,  0,  0, 29, 24,  0,  0, 25, 29, 33,  0,  0,  0,  0,  0,  0, 25,  0,  0,  0,  0,  0,  0,  0,  0,  0, 28, 32, 25,  0,  0, 33,  0
6, 11026, 11,KE8EXM,    50.90, 7,    main,  -10.79,  98308.00,  254.22,   -0.77,   -0.51, 22.3, 2.37, 2.83, 4.08,   0.60,  -8.00,  -4.58,  -0.26,  -0.37,   0.13,  -0.54,   0.49,   0.19, 126.62, 4.10, 0.01, 0.00, 0.00, 0.00, 1, 1,  9,  39.7278666, -83.7049633,   317.0, 2025, 11, 23, 18, 18, 31,      307,      307, 134,  -2,   1.5,   0.8,   1.3,  0,  0, 29, 24,  0,  0, 25, 29, 33,  0,  0,  0,  0,  0,  0, 25,  0,  0,  0,  0,  0,  0,  0,  0,  0, 28, 32, 25,  0,  0, 33,  0
6, 11026, 11,KE8EXM,    50.90, 7,    main,  -10.79,  98308.00,  254.22,   -0.77,   -0.51, 22.3, 2.37, 2.83, 4.08,   0.60,  -8.00,  -4.58,  -0.26,  -0.37,   0.13,  -0.54,   0.49,   0.19, 126.62, 4.10, 0.01, 0.00, 0.00, 0.00, 1, 1,  9,  39.7278666, -83.7049633,   317.0, 2025, 11, 23, 18, 18, 31,      307,      307, 134,  -2,   1.5,   0.8,   1.3,  0,  0, 29, 24,  0,  0, 25, 29, 33,  0,  0,  0,  0,  0,  0, 25,  0,  0,  0,  0,  0,  0,  0,  0,  0, 28, 32, 25,  0,  0, 33,  0
6, 11026, 11,KE8EXM,    51.00, 7,    main,   -9.32,  98311.00,  253.97,   -1.02,   -0.41, 22.3, 2.37, 2.83, 4.08,   1.38,  -8.64,  -7.03,  -3.86,  -0.55,  -0.30,  -0.54,   0.49,   0.19, 126.61, 4.10, 0.01, 0.00, 0.00, 0.00, 1, 1,  9,  39.7278666, -83.7049633,   317.0, 2025, 11, 23, 18, 18, 31,      307,      307, 134,  -2,   1.5,   0.8,   1.3,  0,  0, 29, 24,  0,  0, 25, 29, 33,  0,  0,  0,  0,  0,  0, 25,  0,  0,  0,  0,  0,  0,  0,  0,  0, 28, 32, 25,  0,  0, 33,  0
6, 11026, 11,KE8EXM,    51.10, 7,    main,   -7.35,  98308.00,  254.22,   -0.77,   -0.33, 22.3, 2.37, 2.83, 4.08,   2.05,  -7.89,  -3.57,-133.01, -32.84,   4.40,  -0.54,   0.50,   0.27, 124.02, 4.10, 0.01, 0.00, 0.00, 0.00, 1, 1,  9,  39.7278666, -83.7049633,   317.0, 2025, 11, 23, 18, 18, 31,      307,      307, 134,  -2,   1.5,   0.8,   1.3,  0,  0, 29, 24,  0,  0, 25, 29, 33,  0,  0,  0,  0,  0,  0, 25,  0,  0,  0,  0,  0,  0,  0,  0,  0, 28, 32, 25,  0,  0, 33,  0
6, 11026, 11,KE8EXM,    51.16, 7,    main,   -7.35,  98308.00,  254.22,   -0.77,   -0.33, 22.3, 2.37, 2.83, 4.08,   2.05,  -7.89,  -3.57,-133.01, -32.84,   4.40,  -0.54,   0.50,   0.27, 124.02, 4.10, 0.01, 0.00, 0.00, 0.00, 1, 1,  9,  39.7278666, -83.7049633,   317.0, 2025, 11, 23, 18, 18, 31,      307,      307, 134,  -2,   1.5,   0.8,   1.3,  0,  0, 29, 24,  0,  0, 25, 29, 33,  0,  0,  0,  0,  0,  0, 25,  0,  0,  0,  0,  0,  0,  0,  0,  0, 28, 32, 25,  0,  0, 33,  0
6, 11026, 11,KE8EXM,    51.16, 7,    main,   -7.35,  98308.00,  254.22,   -0.77,   -0.33, 22.3, 2.37, 2.83, 4.08,   2.05,  -7.89,  -3.57,-133.01, -32.84,   4.40,  -0.54,   0.50,   0.27, 124.02, 4.10, 0.01, 0.00, 0.00, 0.00, 1, 1,  9,  39.7278666, -83.7049633,   317.0, 2025, 11, 23, 18, 18, 31,      307,      307, 134,  -2,   1.5,   0.8,   1.3,  0,  0, 29, 24,  0,  0, 25, 29, 33,  0,  0,  0,  0,  0,  0, 25,  0,  0,  0,  0,  0,  0,  0,  0,  0, 28, 32, 25,  0,  0, 33,  0
6, 11026, 11,KE8EXM,    51.20, 7,    main,  -11.28,  98311.00,  253.97,   -1.02,   -0.27, 22.4, 2.37, 2.83, 4.08,   8.05,  -6.37,  -3.17,-294.33, -64.03,  31.32,  -0.55,   0.47,   0.45, 117.95, 4.10, 0.01, 0.00, 0.00, 0.00, 1, 1,  9,  39.7278454, -83.7049595,   319.0, 2025, 11, 23, 18, 18, 32,      309,      309, 135,  -2,   1.5,   0.8,   1.3,  0,  0, 33, 26,  0,  0, 23, 29, 35,  0,  0,  0,  0,  0,  0, 24,  0,  0,  0,  0,  0,  0,  0,  0,  0, 30, 33, 27,  0,  0, 33,  0
6, 11026, 11,KE8EXM,    51.22, 7,    main,  -11.28,  98311.00,  253.97,   -1.02,   -0.27, 22.4, 2.41, 2.84, 4.08,   8.05,  -6.37,  -3.17,-294.33, -64.03,  31.32,  -0.55,   0.47,   0.45, 117.95, 4.10, 0.00, 0.00, 0.00, 0.00, 1, 1,  9,  39.7278454, -83.7049595,   319.0, 2025, 11, 23, 18, 18, 32,      309,      309, 135,  -2,   1.5,   0.8,   1.3,  0,  0, 33, 26,  0,  0, 23, 29, 35,  0,  0,  0,  0,  0,  0, 24,  0,  0,  0,  0,  0,  0,  0,  0,  0, 30, 33, 27,  0,  0, 33,  0
6, 11026, 11,KE8EXM,    51.30, 7,    main,  -11.77,  98311.00,  253.97,   -1.02,   -0.23, 22.3, 2.41, 2.84, 4.08,  -3.74,  -6.38,   4.99,-257.04, -12.64, -13.48,  -0.53,   0.29,   0.68, 119.20, 4.10, 0.00, 0.00, 0.00, 0.00, 1, 1,  9,  39.7278454, -83.7049595,   319.0, 2025, 11, 23, 18, 18, 32,      309,      309, 135,  -2,   1.5,   0.8,   1.3,  0,  0, 33, 26,  0,  0, 23, 29, 35,  0,  0,  0,  0,  0,  0, 24,  0,  0,  0,  0,  0,  0,  0,  0,  0, 30, 33, 27,  0,  0, 33,  0
6, 11026, 11,KE8EXM,    51.40, 7,    main,   -9.81,  98307.00,  254.31,   -0.68,   -0.19, 22.4, 2.41, 2.84, 4.08,   0.41,  -4.60,  11.07,-198.26, -14.04,  -0.97,  -0.54,   0.11,   0.77, 119.79, 4.10, 0.00, 0.00, 0.00, 0.00, 1, 1,  9,  39.7278454, -83.7049595,   319.0, 2025, 11, 23, 18, 18, 32,      309,      309, 135,  -2,   1.5,   0.8,   1.3,  0,  0, 33, 26,  0,  0, 23, 29, 35,  0,  0,  0,  0,  0,  0, 24,  0,  0,  0,  0,  0,  0,  0,  0,  0, 30, 33, 27,  0,  0, 33,  0
6, 11026, 11,KE8EXM,    51.50, 7,    main,  -11.28,  98303.00,  254.65,   -0.34,   -0.17, 22.4, 2.41, 2.84, 4.08,   0.46,  -3.27,   9.27, -23.46,  -2.26,  -0.05,  -0.55,   0.04,   0.78, 119.94, 4.10, 0.00, 0.00, 0.00, 0.00, 1, 1,  9,  39.7278454, -83.7049595,   319.0, 2025, 11, 23, 18, 18, 32,      309,      309, 135,  -2,   1.5,   0.8,   1.3,  0,  0, 33, 26,  0,  0, 23, 29, 35,  0,  0,  0,  0,  0,  0, 24,  0,  0,  0,  0,  0,  0,  0,  0,  0, 30, 33, 27,  0,  0, 33,  0
6, 11026, 11,KE8EXM,    51.54, 7,    main,  -11.28,  98303.00,  254.65,   -0.34,   -0.17, 22.4, 3.18, 2.82, 4.07,   0.46,  -3.27,   9.27, -23.46,  -2.26,  -0.05,  -0.55,   0.04,   0.78, 119.94, 4.07, 0.00, 0.00, 0.00, 0.00, 1, 1,  9,  39.7278454, -83.7049595,   319.0, 2025, 11, 23, 18, 18, 32,      309,      309, 135,  -2,   1.5,   0.8,   1.3,  0,  0, 33, 26,  0,  0, 23, 29, 35,  0,  0,  0,  0,  0,  0, 24,  0,  0,  0,  0,  0,  0,  0,  0,  0, 30, 33, 27,  0,  0, 33,  0
6, 11026, 11,KE8EXM,    51.60, 7,    main,   -8.83,  98310.00,  254.05,   -0.94,   -0.17, 22.4, 3.18, 2.82, 4.07,   0.69,  -4.40,   8.97, 112.96,   8.78,   1.72,  -0.54,   0.09,   0.78, 119.22, 4.07, 0.00, 0.00, 0.00, 0.00, 1, 1,  9,  39.7278454, -83.7049595,   319.0, 2025, 11, 23, 18, 18, 32,      309,      309, 135,  -2,   1.5,   0.8,   1.3,  0,  0, 33, 26,  0,  0, 23, 29, 35,  0,  0,  0,  0,  0,  0, 24,  0,  0,  0,  0,  0,  0,  0,  0,  0, 30, 33, 27,  0,  0, 33,  0
6, 11026, 11,KE8EXM,    51.70, 7,    main,  -10.30,  98313.00,  253.80,   -1.19,   -0.15, 22.4, 3.18, 2.82, 4.07,   0.89,  -7.16,   6.47,  71.94,   2.74,   0.86,  -0.53,   0.19,   0.74, 119.00, 4.07, 0.00, 0.00, 0.00, 0.00, 1, 1,  9,  39.7278454, -83.7049595,   319.0, 2025, 11, 23, 18, 18, 32,      309,      309, 135,  -2,   1.5,   0.8,   1.3,  0,  0, 33, 26,  0,  0, 23, 29, 35,  0,  0,  0,  0,  0,  0, 24,  0,  0,  0,  0,  0,  0,  0,  0,  0, 30, 33, 27,  0,  0, 33,  0
6, 11026, 11,KE8EXM,    51.80, 7,    main,   -8.83,  98313.00,  253.80,   -1.19,   -0.15, 22.4, 3.18, 2.82, 4.07,   0.82,  -6.85,   6.72, -42.38,  -1.71,  -0.54,  -0.54,   0.19,   0.75, 119.12, 4.07, 0.00, 0.00, 0.00, 0.00, 1, 1,  9,  39.7278454, -83.7049595,   319.0, 2025, 11, 23, 18, 18, 32,      309,      309, 135,  -2,   1.5,   0.8,   1.3,  0,  0, 33, 26,  0,  0, 23, 29, 35,  0,  0,  0,  0,  0,  0, 24,  0,  0,  0,  0,  0,  0,  0,  0,  0, 30, 33, 27,  0,  0, 33,  0
6, 11026, 11,KE8EXM,    51.86, 7,    main,   -8.83,  98313.00,  253.80,   -1.19,   -0.15, 22.4, 3.17, 2.82, 4.07,   0.82,  -6.85,   6.72, -42.38,  -1.71,  -0.54,  -0.54,   0.19,   0.75, 119.12, 4.08, 0.00, 0.01, 0.00, 0.00, 1, 1,  9,  39.7278454, -83.7049595,   319.0, 2025, 11, 23, 18, 18, 32,      309,      309, 135,  -2,   1.5,   0.8,   1.3,  0,  0, 33, 26,  0,  0, 23, 29, 35,  0,  0,  0,  0,  0,  0, 24,  0,  0,  0,  0,  0,  0,  0,  0,  0, 30, 33, 27,  0,  0, 33,  0
6, 11026, 11,KE8EXM,    51.90, 7,    main,   -9.32,  98306.00,  254.40,   -0.60,   -0.14, 22.4, 3.17, 2.82, 4.07,   0.63,  -5.42,   8.58, -28.64,  -1.35,  -0.11,  -0.54,   0.14,   0.76, 119.19, 4.08, 0.00, 0.01, 0.00, 0.00, 1, 1,  9,  39.7278454, -83.7049595,   319.0, 2025, 11, 23, 18, 18, 32,      309,      309, 135,  -2,   1.5,   0.8,   1.3,  0,  0, 33, 26,  0,  0, 23, 29, 35,  0,  0,  0,  0,  0,  0, 24,  0,  0,  0,  0,  0,  0,  0,  0,  0, 30, 33, 27,  0,  0, 33,  0
6, 11026, 11,KE8EXM,    52.00, 7,    main,  -11.28,  98303.00,  254.65,   -0.34,   -0.13, 22.4, 3.17, 2.82, 4.07,   0.77,  -6.36,   7.39,  23.18,   0.73,   0.31,  -0.54,   0.16,   0.75, 119.13, 4.08, 0.00, 0.01, 0.00, 0.00, 1, 1,  9,  39.7278454, -83.7049595,   319.0, 2025, 11, 23, 18, 18, 32,      309,      309, 135,  -2,   1.5,   0.8,   1.3,  0,  0, 33, 26,  0,  0, 23, 29, 35,  0,  0,  0,  0,  0,  0, 24,  0,  0,  0,  0,  0,  0,  0,  0,  0, 30, 33, 27,  0,  0, 33,  0
6, 11026, 11,KE8EXM,    52.10, 7,    main,  -10.30,  98317.00,  253.46,   -1.54,   -0.12, 22.4, 3.17, 2.82, 4.07,   0.73,  -5.97,   7.96,  -8.01,  -0.62,  -0.18,  -0.54,   0.15,   0.75, 119.17, 4.08, 0.00, 0.01, 0.00, 0.00, 1, 1,  9,  39.7278454, -83.7049595,   319.0, 2025, 11, 23, 18, 18, 32,      309,      309, 135,  -2,   1.5,   0.8,   1.3,  0,  0, 33, 26,  0,  0, 23, 29, 35,  0,  0,  0,  0,  0,  0, 24,  0,  0,  0,  0,  0,  0,  0,  0,  0, 30, 33, 27,  0,  0, 33,  0
6, 11026, 11,KE8EXM,    52.16, 7,    main,  -10.30,  98317.00,  253.46,   -1.54,   -0.12, 22.4, 3.17, 2.82, 4.07,   0.73,  -5.97,   7.96,  -8.01,  -0.62,  -0.18,  -0.54,   0.15,   0.75, 119.17, 4.08, 0.00, 0.01, 0.00, 0.00, 1, 1,  9,  39.7278454, -83.7049595,   319.0, 2025, 11, 23, 18, 18, 32,      309,      309, 135,  -2,   1.5,   0.8,   1.3,  0,  0, 33, 26,  0,  0, 23, 29, 35,  0,  0,  0,  0,  0,  0, 24,  0,  0,  0,  0,  0,  0,  0,  0,  0, 30, 33, 27,  0,  0, 33,  0
6, 11026, 11,KE8EXM,    52.16, 7,    main,  -10.30,  98317.00,  253.46,   -1.54,   -0.12, 22.4, 3.17, 2.82, 4.07,   0.73,  -5.97,   7.96,  -8.01,  -0.62,  -0.18,  -0.54,   0.15,   0.75, 119.17, 4.08, 0.00, 0.01, 0.00, 0.00, 1, 1,  9,  39.7278454, -83.7049595,   319.0, 2025, 11, 23, 18, 18, 32,      309,      309, 135,  -2,   1.5,   0.8,   1.3,  0,  0, 33, 26,  0,  0, 23, 29, 35,  0,  0,  0,  0,  0,  0, 24,  0,  0,  0,  0,  0,  0,  0,  0,  0, 30, 33, 27,  0,  0, 33,  0
6, 11026, 11,KE8EXM,    52.18, 7,    main,  -10.30,  98317.00,  253.46,   -1.54,   -0.12, 22.4, 3.20, 2.82, 4.08,   0.73,  -5.97,   7.96,  -8.01,  -0.62,  -0.18,  -0.54,   0.15,   0.75, 119.17, 4.08, 0.00, 0.00, 0.01, 0.00, 1, 1,  9,  39.7278387, -83.7049633,   318.0, 2025, 11, 23, 18, 18, 33,      309,      309, 135,  -2,   1.5,   0.8,   1.3,  0,  0, 28, 32,  0,  0, 20, 19, 30,  0,  0,  0,  0,  0,  0, 25,  0,  0,  0,  0,  0,  0,  0,  0,  0, 36, 26, 27,  0,  0, 36,  0
6, 11026, 11,KE8EXM,    52.20, 7,    main,  -11.28,  98307.00,  254.31,   -0.68,   -0.11, 22.4, 3.20, 2.82, 4.08,   0.74,  -6.16,   7.58,  -0.63,   0.12,  -0.05,  -0.54,   0.16,   0.76, 119.17, 4.08, 0.00, 0.00, 0.01, 0.00, 1, 1,  9,  39.7278387, -83.7049633,   318.0, 2025, 11, 23, 18, 18, 33,      309,      309, 135,  -2,   1.5,   0.8,   1.3,  0,  0, 28, 32,  0,  0, 20, 19, 30,  0,  0,  0,  0,  0,  0, 25,  0,  0,  0,  0,  0,  0,  0,  0,  0, 36, 26, 27,  0,  0, 36,  0
6, 11026, 11,KE8EXM,    52.30, 7,    main,  -10.30,  98310.00,  254.05,   -0.94,   -0.10, 22.4, 3.20, 2.82, 4.08,   0.68,  -6.13,   7.70,   0.96,   0.06,  -0.05,  -0.54,   0.16,   0.76, 119.18, 4.08, 0.00, 0.00, 0.01, 0.00, 1, 1,  9,  39.7278387, -83.7049633,   318.0, 2025, 11, 23, 18, 18, 33,      309,      309, 135,  -2,   1.5,   0.8,   1.3,  0,  0, 28, 32,  0,  0, 20, 19, 30,  0,  0,  0,  0,  0,  0, 25,  0,  0,  0,  0,  0,  0,  0,  0,  0, 36, 26, 27,  0,  0, 36,  0
6, 11026, 11,KE8EXM,    52.40, 7,    main,  -10.30,  98315.00,  253.63,   -1.36,   -0.08, 22.4, 3.20, 2.82, 4.08,   0.64,  -6.07,   7.72,   0.35,   0.30,   0.07,  -0.54,   0.15,   0.76, 119.15, 4.08, 0.00, 0.00, 0.01, 0.00, 1, 1,  9,  39.7278387, -83.7049633,   318.0, 2025, 11, 23, 18, 18, 33,      309,      309, 135,  -2,   1.5,   0.8,   1.3,  0,  0, 28, 32,  0,  0, 20, 19, 30,  0,  0,  0,  0,  0,  0, 25,  0,  0,  0,  0,  0,  0,  0,  0,  0, 36, 26, 27,  0,  0, 36,  0
6, 11026, 11,KE8EXM,    52.50, 7,    main,  -10.79,  98315.00,  253.63,   -1.36,   -0.07, 22.4, 3.21, 2.83, 4.08,   0.89,  -6.09,   7.77,  -2.28,   0.06,  -0.11,  -0.54,   0.15,   0.76, 119.16, 4.08, 0.00, 0.00, 0.00, 0.00, 1, 1,  9,  39.7278387, -83.7049633,   318.0, 2025, 11, 23, 18, 18, 33,      309,      309, 135,  -2,   1.5,   0.8,   1.3,  0,  0, 28, 32,  0,  0, 20, 19, 30,  0,  0,  0,  0,  0,  0, 25,  0,  0,  0,  0,  0,  0,  0,  0,  0, 36, 26, 27,  0,  0, 36,  0
6, 11026, 11,KE8EXM,    52.50, 7,    main,  -10.79,  98315.00,  253.63,   -1.36,   -0.07, 22.4, 3.21, 2.83, 4.08,   0.89,  -6.09,   7.77,  -2.28,   0.06,  -0.11,  -0.54,   0.15,   0.76, 119.16, 4.08, 0.00, 0.00, 0.00, 0.00, 1, 1,  9,  39.7278387, -83.7049633,   318.0, 2025, 11, 23, 18, 18, 33,      309,      309, 135,  -2,   1.5,   0.8,   1.3,  0,  0, 28, 32,  0,  0, 20, 19, 30,  0,  0,  0,  0,  0,  0, 25,  0,  0,  0,  0,  0,  0,  0,  0,  0, 36, 26, 27,  0,  0, 36,  0
6, 11026, 11,KE8EXM,    52.60, 7,    main,  -11.28,  98316.00,  253.54,   -1.45,   -0.05, 22.4, 3.21, 2.83, 4.08,   0.80,  -6.12,   7.70,  -1.91,  -0.19,  -0.05,  -0.54,   0.15,   0.76, 119.18, 4.08, 0.00, 0.00, 0.00, 0.00, 1, 1,  9,  39.7278387, -83.7049633,   318.0, 2025, 11, 23, 18, 18, 33,      309,      309, 135,  -2,   1.5,   0.8,   1.3,  0,  0, 28, 32,  0,  0, 20, 19, 30,  0,  0,  0,  0,  0,  0, 25,  0,  0,  0,  0,  0,  0,  0,  0,  0, 36, 26, 27,  0,  0, 36,  0
6, 11026, 11,KE8EXM,    52.70, 7,    main,  -10.30,  98312.00,  253.88,   -1.11,   -0.03, 22.4, 3.21, 2.83, 4.08,   0.65,  -6.09,   7.62,   0.65,  -0.19,  -0.05,  -0.54,   0.15,   0.76, 119.19, 4.08, 0.00, 0.00, 0.00, 0.00, 1, 1,  9,  39.7278387, -83.7049633,   318.0, 2025, 11, 23, 18, 18, 33,      309,      309, 135,  -2,   1.5,   0.8,   1.3,  0,  0, 28, 32,  0,  0, 20, 19, 30,  0,  0,  0,  0,  0,  0, 25,  0,  0,  0,  0,  0,  0,  0,  0,  0, 36, 26, 27,  0,  0, 36,  0
6, 11026, 11,KE8EXM,    52.80, 7,    main,   -9.81,  98317.00,  253.46,   -1.54,   -0.02, 22.4, 3.21, 2.83, 4.08,   0.73,  -6.07,   7.74,   1.39,   0.06,   0.01,  -0.54,   0.16,   0.76, 119.19, 4.08, 0.00, 0.00, 0.00, 0.00, 1, 1,  9,  39.7278387, -83.7049633,   318.0, 2025, 11, 23, 18, 18, 33,      309,      309, 135,  -2,   1.5,   0.8,   1.3,  0,  0, 28, 32,  0,  0, 20, 19, 30,  0,  0,  0,  0,  0,  0, 25,  0,  0,  0,  0,  0,  0,  0,  0,  0, 36, 26, 27,  0,  0, 36,  0
6, 11026, 11,KE8EXM,    52.82, 7,    main,   -9.81,  98317.00,  253.46,   -1.54,   -0.02, 22.4, 3.22, 2.82, 4.07,   0.73,  -6.07,   7.74,   1.39,   0.06,   0.01,  -0.54,   0.16,   0.76, 119.19, 4.06, 0.00, 0.00, 0.00, 0.00, 1, 1,  9,  39.7278387, -83.7049633,   318.0, 2025, 11, 23, 18, 18, 33,      309,      309, 135,  -2,   1.5,   0.8,   1.3,  0,  0, 28, 32,  0,  0, 20, 19, 30,  0,  0,  0,  0,  0,  0, 25,  0,  0,  0,  0,  0,  0,  0,  0,  0, 36, 26, 27,  0,  0, 36,  0
6, 11026, 11,KE8EXM,    52.90, 7,    main,   -9.81,  98303.00,  254.65,   -0.34,   -0.00, 22.4, 3.22, 2.82, 4.07,   0.72,  -6.08,   7.84,  -0.63,  -0.19,  -0.18,  -0.54,   0.15,   0.76, 119.21, 4.06, 0.00, 0.00, 0.00, 0.00, 1, 1,  9,  39.7278387, -83.7049633,   318.0, 2025, 11, 23, 18, 18, 33,      309,      309, 135,  -2,   1.5,   0.8,   1.3,  0,  0, 28, 32,  0,  0, 20, 19, 30,  0,  0,  0,  0,  0,  0, 25,  0,  0,  0,  0,  0,  0,  0,  0,  0, 36, 26, 27,  0,  0, 36,  0
6, 11026, 11,KE8EXM,    53.00, 7,    main,  -10.30,  98310.00,  254.05,   -0.94,    0.01, 22.4, 3.22, 2.82, 4.07,   0.72,  -6.08,   7.69,  -0.26,  -0.13,   0.19,  -0.54,   0.16,   0.76, 119.20, 4.06, 0.00, 0.00, 0.00, 0.00, 1, 1,  9,  39.7278387, -83.7049633,   318.0, 2025, 11, 23, 18, 18, 33,      309,      309, 135,  -2,   1.5,   0.8,   1.3,  0,  0, 28, 32,  0,  0, 20, 19, 30,  0,  0,  0,  0,  0,  0, 25,  0,  0,  0,  0,  0,  0,  0,  0,  0, 36, 26, 27,  0,  0, 36,  0
6, 11026, 11,KE8EXM,    53.10, 7,    main,  -10.30,  98313.00,  253.80,   -1.19,    0.02, 22.4, 3.22, 2.82, 4.07,   0.71,  -6.11,   7.72,   0.65,  -0.13,   0.13,  -0.54,   0.16,   0.76, 119.20, 4.06, 0.00, 0.00, 0.00, 0.00, 1, 1,  9,  39.7278387, -83.7049633,   318.0, 2025, 11, 23, 18, 18, 33,      309,      309, 135,  -2,   1.5,   0.8,   1.3,  0,  0, 28, 32,  0,  0, 20, 19, 30,  0,  0,  0,  0,  0,  0, 25,  0,  0,  0,  0,  0,  0,  0,  0,  0, 36, 26, 27,  0,  0, 36,  0
6, 11026, 11,KE8EXM,    53.14, 7,    main,  -10.30,  98313.00,  253.80,   -1.19,    0.02, 22.4, 3.22, 2.82, 4.08,   0.71,  -6.11,   7.72,   0.65,  -0.13,   0.13,  -0.54,   0.16,   0.76, 119.20, 4.08, 0.00, 0.00, 0.00, 0.00, 1, 1,  9,  39.7278387, -83.7049633,   318.0, 2025, 11, 23, 18, 18, 33,      309,      309, 135,  -2,   1.5,   0.8,   1.3,  0,  0, 28, 32,  0,  0, 20, 19, 30,  0,  0,  0,  0,  0,  0, 25,  0,  0,  0,  0,  0,  0,  0,  0,  0, 36, 26, 27,  0,  0, 36,  0
6, 11026, 11,KE8EXM,    53.16, 7,    main,  -10.30,  98313.00,  253.80,   -1.19,    0.02, 22.4, 3.22, 2.82, 4.08,   0.71,  -6.11,   7.72,   0.65,  -0.13,   0.13,  -0.54,   0.16,   0.76, 119.20, 4.08, 0.00, 0.00, 0.00, 0.00, 1, 1,  9,  39.7278387, -83.7049633,   318.0, 2025, 11, 23, 18, 18, 33,      309,      309, 135,  -2,   1.5,   0.8,   1.3,  0,  0, 28, 32,  0,  0, 20, 19, 30,  0,  0,  0,  0,  0,  0, 25,  0,  0,  0,  0,  0,  0,  0,  0,  0, 36, 26, 27,  0,  0, 36,  0
6, 11026, 11,KE8EXM,    53.16, 7,    main,  -10.30,  98313.00,  253.80,   -1.19,    0.02, 22.4, 3.22, 2.82, 4.08,   0.71,  -6.11,   7.72,   0.65,  -0.13,   0.13,  -0.54,   0.16,   0.76, 119.20, 4.08, 0.00, 0.00, 0.00, 0.00, 1, 1,  9,  39.7278387, -83.7049633,   318.0, 2025, 11, 23, 18, 18, 33,      309,      309, 135,  -2,   1.5,   0.8,   1.3,  0,  0, 28, 32,  0,  0, 20, 19, 30,  0,  0,  0,  0,  0,  0, 25,  0,  0,  0,  0,  0,  0,  0,  0,  0, 36, 26, 27,  0,  0, 36,  0
6, 11026, 11,KE8EXM,    53.20, 7,    main,   -9.81,  98313.00,  253.80,   -1.19,    0.03, 22.4, 3.22, 2.82, 4.08,   0.75,  -6.13,   7.61,   0.47,   0.06,  -0.11,  -0.54,   0.16,   0.75, 119.20, 4.08, 0.00, 0.00, 0.00, 0.00, 1, 1,  9,  39.7278322, -83.7049677,   318.0, 2025, 11, 23, 18, 18, 34,      309,      309, 135,  -2,   1.5,   0.8,   1.3,  0,  0, 29, 32,  0,  0, 20, 18, 30,  0,  0,  0,  0,  0,  0, 25,  0,  0,  0,  0,  0,  0,  0,  0,  0, 36, 24, 27,  0,  0, 36,  0
6, 11026, 11,KE8EXM,    53.30, 7,    main,   -9.32,  98309.00,  254.14,   -0.85,    0.03, 22.4, 3.22, 2.82, 4.08,   0.73,  -6.13,   7.69,   0.23,   0.06,   0.13,  -0.54,   0.16,   0.76, 119.19, 4.08, 0.00, 0.00, 0.00, 0.00, 1, 1,  9,  39.7278322, -83.7049677,   318.0, 2025, 11, 23, 18, 18, 34,      309,      309, 135,  -2,   1.5,   0.8,   1.3,  0,  0, 29, 32,  0,  0, 20, 18, 30,  0,  0,  0,  0,  0,  0, 25,  0,  0,  0,  0,  0,  0,  0,  0,  0, 36, 24, 27,  0,  0, 36,  0
6, 11026, 11,KE8EXM,    53.40, 7,    main,   -8.83,  98312.00,  253.88,   -1.11,    0.04, 22.4, 3.22, 2.82, 4.08,   0.75,  -6.13,   7.67,   0.23,  -0.07,   0.01,  -0.54,   0.16,   0.75, 119.19, 4.08, 0.00, 0.00, 0.00, 0.00, 1, 1,  9,  39.7278322, -83.7049677,   318.0, 2025, 11, 23, 18, 18, 34,      309,      309, 135,  -2,   1.5,   0.8,   1.3,  0,  0, 29, 32,  0,  0, 20, 18, 30,  0,  0,  0,  0,  0,  0, 25,  0,  0,  0,  0,  0,  0,  0,  0,  0, 36, 24, 27,  0,  0, 36,  0
6, 11026, 11,KE8EXM,    53.46, 7,    main,   -8.83,  98312.00,  253.88,   -1.11,    0.04, 22.4, 3.24, 2.82, 4.08,   0.75,  -6.13,   7.67,   0.23,  -0.07,   0.01,  -0.54,   0.16,   0.75, 119.19, 4.10, 0.00, 0.00, 0.01, 0.00, 1, 1,  9,  39.7278322, -83.7049677,   318.0, 2025, 11, 23, 18, 18, 34,      309,      309, 135,  -2,   1.5,   0.8,   1.3,  0,  0, 29, 32,  0,  0, 20, 18, 30,  0,  0,  0,  0,  0,  0, 25,  0,  0,  0,  0,  0,  0,  0,  0,  0, 36, 24, 27,  0,  0, 36,  0
6, 11026, 11,KE8EXM,    53.50, 7,    main,   -9.32,  98308.00,  254.22,   -0.77,    0.04, 22.4, 3.24, 2.82, 4.08,   0.70,  -6.14,   7.70,   0.16,   0.24,  -0.11,  -0.54,   0.15,   0.76, 119.19, 4.10, 0.00, 0.00, 0.01, 0.00, 1, 1,  9,  39.7278322, -83.7049677,   318.0, 2025, 11, 23, 18, 18, 34,      309,      309, 135,  -2,   1.5,   0.8,   1.3,  0,  0, 29, 32,  0,  0, 20, 18, 30,  0,  0,  0,  0,  0,  0, 25,  0,  0,  0,  0,  0,  0,  0,  0,  0, 36, 24, 27,  0,  0, 36,  0
6, 11026, 11,KE8EXM,    53.60, 7,    main,   -9.32,  98313.00,  253.80,   -1.19,    0.03, 22.4, 3.24, 2.82, 4.08,   0.73,  -6.10,   7.64,  -0.32,  -0.19,   0.19,  -0.54,   0.16,   0.76, 119.18, 4.10, 0.00, 0.00, 0.01, 0.00, 1, 1,  9,  39.7278322, -83.7049677,   318.0, 2025, 11, 23, 18, 18, 34,      309,      309, 135,  -2,   1.5,   0.8,   1.3,  0,  0, 29, 32,  0,  0, 20, 18, 30,  0,  0,  0,  0,  0,  0, 25,  0,  0,  0,  0,  0,  0,  0,  0,  0, 36, 24, 27,  0,  0, 36,  0
6, 11026, 11,KE8EXM,    53.70, 7,    main,  -10.30,  98311.00,  253.97,   -1.02,    0.02, 22.4, 3.24, 2.82, 4.08,   0.68,  -6.09,   7.72,  -0.14,  -0.01,  -0.05,  -0.54,   0.16,   0.76, 119.19, 4.10, 0.00, 0.00, 0.01, 0.00, 1, 1,  9,  39.7278322, -83.7049677,   318.0, 2025, 11, 23, 18, 18, 34,      309,      309, 135,  -2,   1.5,   0.8,   1.3,  0,  0, 29, 32,  0,  0, 20, 18, 30,  0,  0,  0,  0,  0,  0, 25,  0,  0,  0,  0,  0,  0,  0,  0,  0, 36, 24, 27,  0,  0, 36,  0
6, 11026, 11,KE8EXM,    53.78, 7,    main,  -10.30,  98311.00,  253.97,   -1.02,    0.02, 22.4, 3.25, 2.82, 4.08,   0.68,  -6.09,   7.72,  -0.14,  -0.01,  -0.05,  -0.54,   0.16,   0.76, 119.19, 4.11, 0.00, 0.00, 0.00, 0.00, 1, 1,  9,  39.7278322, -83.7049677,   318.0, 2025, 11, 23, 18, 18, 34,      309,      309, 135,  -2,   1.5,   0.8,   1.3,  0,  0, 29, 32,  0,  0, 20, 18, 30,  0,  0,  0,  0,  0,  0, 25,  0,  0,  0,  0,  0,  0,  0,  0,  0, 36, 24, 27,  0,  0, 36,  0
6, 11026, 11,KE8EXM,    53.80, 7,    main,   -9.32,  98315.00,  253.63,   -1.36,    0.01, 22.4, 3.25, 2.82, 4.08,   0.72,  -6.09,   7.70,  -0.20,   0.06,   0.13,  -0.54,   0.16,   0.76, 119.17, 4.11, 0.00, 0.00, 0.00, 0.00, 1, 1,  9,  39.7278322, -83.7049677,   318.0, 2025, 11, 23, 18, 18, 34,      309,      309, 135,  -2,   1.5,   0.8,   1.3,  0,  0, 29, 32,  0,  0, 20, 18, 30,  0,  0,  0,  0,  0,  0, 25,  0,  0,  0,  0,  0,  0,  0,  0,  0, 36, 24, 27,  0,  0, 36,  0
6, 11026, 11,KE8EXM,    53.90, 7,    main,   -9.81,  98310.00,  254.05,   -0.94,   -0.00, 22.4, 3.25, 2.82, 4.08,   0.71,  -6.09,   7.68,   0.04,   0.06,   0.25,  -0.54,   0.16,   0.76, 119.15, 4.11, 0.00, 0.00, 0.00, 0.00, 1, 1,  9,  39.7278322, -83.7049677,   318.0, 2025, 11, 23, 18, 18, 34,      309,      309, 135,  -2,   1.5,   0.8,   1.3,  0,  0, 29, 32,  0,  0, 20, 18, 30,  0,  0,  0,  0,  0,  0, 25,  0,  0,  0,  0,  0,  0,  0,  0,  0, 36, 24, 27,  0,  0, 36,  0
6, 11026, 11,KE8EXM,    54.00, 7,    main,  -10.30,  98305.00,  254.48,   -0.51,   -0.01, 22.4, 3.25, 2.82, 4.08,   0.68,  -6.08,   7.68,  -0.02,  -0.25,   0.13,  -0.54,   0.16,   0.76, 119.15, 4.11, 0.00, 0.00, 0.00, 0.00, 1, 1,  9,  39.7278322, -83.7049677,   318.0, 2025, 11, 23, 18, 18, 34,      309,      309, 135,  -2,   1.5,   0.8,   1.3,  0,  0, 29, 32,  0,  0, 20, 18, 30,  0,  0,  0,  0,  0,  0, 25,  0,  0,  0,  0,  0,  0,  0,  0,  0, 36, 24, 27,  0,  0, 36,  0
6, 11026, 11,KE8EXM,    54.10, 7,    main,   -9.32,  98315.00,  253.63,   -1.36,   -0.03, 22.4, 3.25, 2.83, 4.08,   0.70,  -6.06,   7.68,  -0.08,   0.12,  -0.18,  -0.54,   0.16,   0.76, 119.16, 4.09, 0.00, 0.00, 0.00, 0.00, 1, 1,  9,  39.7278322, -83.7049677,   318.0, 2025, 11, 23, 18, 18, 34,      309,      309, 135,  -2,   1.5,   0.8,   1.3,  0,  0, 29, 32,  0,  0, 20, 18, 30,  0,  0,  0,  0,  0,  0, 25,  0,  0,  0,  0,  0,  0,  0,  0,  0, 36, 24, 27,  0,  0, 36,  0
6, 11026, 11,KE8EXM,    54.10, 7,    main,   -9.32,  98315.00,  253.63,   -1.36,   -0.03, 22.4, 3.25, 2.83, 4.08,   0.70,  -6.06,   7.68,  -0.08,   0.12,  -0.18,  -0.54,   0.16,   0.76, 119.16, 4.09, 0.00, 0.00, 0.00, 0.00, 1, 1,  9,  39.7278322, -83.7049677,   318.0, 2025, 11, 23, 18, 18, 34,      309,      309, 135,  -2,   1.5,   0.8,   1.3,  0,  0, 29, 32,  0,  0, 20, 18, 30,  0,  0,  0,  0,  0,  0, 25,  0,  0,  0,  0,  0,  0,  0,  0,  0, 36, 24, 27,  0,  0, 36,  0
6, 11026, 11,KE8EXM,    54.16, 7,    main,   -9.32,  98315.00,  253.63,   -1.36,   -0.03, 22.4, 3.25, 2.83, 4.08,   0.70,  -6.06,   7.68,  -0.08,   0.12,  -0.18,  -0.54,   0.16,   0.76, 119.16, 4.09, 0.00, 0.00, 0.00, 0.00, 1, 1,  9,  39.7278322, -83.7049677,   318.0, 2025, 11, 23, 18, 18, 34,      309,      309, 135,  -2,   1.5,   0.8,   1.3,  0,  0, 29, 32,  0,  0, 20, 18, 30,  0,  0,  0,  0,  0,  0, 25,  0,  0,  0,  0,  0,  0,  0,  0,  0, 36, 24, 27,  0,  0, 36,  0
6, 11026, 11,KE8EXM,    54.16, 7,    main,   -9.32,  98315.00,  253.63,   -1.36,   -0.03, 22.4, 3.25, 2.83, 4.08,   0.70,  -6.06,   7.68,  -0.08,   0.12,  -0.18,  -0.54,   0.16,   0.76, 119.16, 4.09, 0.00, 0.00, 0.00, 0.00, 1, 1,  9,  39.7278322, -83.7049677,   318.0, 2025, 11, 23, 18, 18, 34,      309,      309, 135,  -2,   1.5,   0.8,   1.3,  0,  0, 29, 32,  0,  0, 20, 18, 30,  0,  0,  0,  0,  0,  0, 25,  0,  0,  0,  0,  0,  0,  0,  0,  0, 36, 24, 27,  0,  0, 36,  0
6, 11026, 11,KE8EXM,    54.20, 7,    main,   -8.83,  98316.00,  253.54,   -1.45,   -0.03, 22.4, 3.25, 2.83, 4.08,   0.75,  -6.10,   7.69,   0.16,   0.12,   0.13,  -0.54,   0.16,   0.76, 119.14, 4.09, 0.00, 0.00, 0.00, 0.00, 1, 1,  9,  39.7278264, -83.7049712,   318.0, 2025, 11, 23, 18, 18, 35,      309,      309, 135,  -2,   1.5,   0.8,   1.3,  0,  0, 29, 32,  0,  0, 20, 18, 30,  0,  0,  0,  0,  0,  0, 25,  0,  0,  0,  0,  0,  0,  0,  0,  0, 36, 23, 27,  0,  0, 36,  0
6, 11026, 11,KE8EXM,    54.30, 7,    main,   -8.83,  98305.00,  254.48,   -0.51,   -0.05, 22.4, 3.25, 2.83, 4.08,   0.73,  -6.16,   7.67,   0.10,   0.24,   0.07,  -0.54,   0.16,   0.76, 119.13, 4.09, 0.00, 0.00, 0.00, 0.00, 1, 1,  9,  39.7278264, -83.7049712,   318.0, 2025, 11, 23, 18, 18, 35,      309,      309, 135,  -2,   1.5,   0.8,   1.3,  0,  0, 29, 32,  0,  0, 20, 18, 30,  0,  0,  0,  0,  0,  0, 25,  0,  0,  0,  0,  0,  0,  0,  0,  0, 36, 23, 27,  0,  0, 36,  0
6, 11026, 11,KE8EXM,    54.40, 7,    main,   -9.81,  98300.00,  254.91,   -0.09,   -0.06, 22.4, 3.25, 2.83, 4.08,   0.73,  -6.09,   7.71,  -0.14,   0.18,  -0.30,  -0.54,   0.16,   0.76, 119.14, 4.09, 0.00, 0.00, 0.00, 0.00, 1, 1,  9,  39.7278264, -83.7049712,   318.0, 2025, 11, 23, 18, 18, 35,      309,      309, 135,  -2,   1.5,   0.8,   1.3,  0,  0, 29, 32,  0,  0, 20, 18, 30,  0,  0,  0,  0,  0,  0, 25,  0,  0,  0,  0,  0,  0,  0,  0,  0, 36, 23, 27,  0,  0, 36,  0
6, 11026, 11,KE8EXM,    54.42, 7,    main,   -9.81,  98300.00,  254.91,   -0.09,   -0.06, 22.4, 3.27, 2.82, 4.09,   0.73,  -6.09,   7.71,  -0.14,   0.18,  -0.30,  -0.54,   0.16,   0.76, 119.14, 4.09, 0.00, 0.00, 0.00, 0.00, 1, 1,  9,  39.7278264, -83.7049712,   318.0, 2025, 11, 23, 18, 18, 35,      309,      309, 135,  -2,   1.5,   0.8,   1.3,  0,  0, 29, 32,  0,  0, 20, 18, 30,  0,  0,  0,  0,  0,  0, 25,  0,  0,  0,  0,  0,  0,  0,  0,  0, 36, 23, 27,  0,  0, 36,  0
6, 11026, 11,KE8EXM,    54.50, 7,    main,   -9.81,  98313.00,  253.80,   -1.19,   -0.07, 22.4, 3.27, 2.82, 4.09,   0.70,  -6.09,   7.73,  -0.02,   0.12,   0.01,  -0.54,   0.16,   0.75, 119.14, 4.09, 0.00, 0.00, 0.00, 0.00, 1, 1,  9,  39.7278264, -83.7049712,   318.0, 2025, 11, 23, 18, 18, 35,      309,      309, 135,  -2,   1.5,   0.8,   1.3,  0,  0, 29, 32,  0,  0, 20, 18, 30,  0,  0,  0,  0,  0,  0, 25,  0,  0,  0,  0,  0,  0,  0,  0,  0, 36, 23, 27,  0,  0, 36,  0
6, 11026, 11,KE8EXM,    54.60, 7,    main,   -9.32,  98310.00,  254.05,   -0.94,   -0.08, 22.4, 3.27, 2.82, 4.09,   0.68,  -6.10,   7.68,   0.23,  -0.01,   0.01,  -0.54,   0.16,   0.76, 119.14, 4.09, 0.00, 0.00, 0.00, 0.00, 1, 1,  9,  39.7278264, -83.7049712,   318.0, 2025, 11, 23, 18, 18, 35,      309,      309, 135,  -2,   1.5,   0.8,   1.3,  0,  0, 29, 32,  0,  0, 20, 18, 30,  0,  0,  0,  0,  0,  0, 25,  0,  0,  0,  0,  0,  0,  0,  0,  0, 36, 23, 27,  0,  0, 36,  0
6, 11026, 11,KE8EXM,    54.70, 7,    main,   -9.32,  98311.00,  253.97,   -1.02,   -0.08, 22.4, 3.27, 2.82, 4.09,   0.73,  -6.11,   7.66,   0.10,  -0.07,   0.01,  -0.54,   0.16,   0.76, 119.14, 4.09, 0.00, 0.00, 0.00, 0.00, 1, 1,  9,  39.7278264, -83.7049712,   318.0, 2025, 11, 23, 18, 18, 35,      309,      309, 135,  -2,   1.5,   0.8,   1.3,  0,  0, 29, 32,  0,  0, 20, 18, 30,  0,  0,  0,  0,  0,  0, 25,  0,  0,  0,  0,  0,  0,  0,  0,  0, 36, 23, 27,  0,  0, 36,  0
6, 11026, 11,KE8EXM,    54.74, 7,    main,   -9.32,  98311.00,  253.97,   -1.02,   -0.08, 22.4, 3.25, 2.82, 4.07,   0.73,  -6.11,   7.66,   0.10,  -0.07,   0.01,  -0.54,   0.16,   0.76, 119.14, 4.07, 0.00, 0.01, 0.01, 0.00, 1, 1,  9,  39.7278264, -83.7049712,   318.0, 2025, 11, 23, 18, 18, 35,      309,      309, 135,  -2,   1.5,   0.8,   1.3,  0,  0, 29, 32,  0,  0, 20, 18, 30,  0,  0,  0,  0,  0,  0, 25,  0,  0,  0,  0,  0,  0,  0,  0,  0, 36, 23, 27,  0,  0, 36,  0
6, 11026, 11,KE8EXM,    54.80, 7,    main,  -10.79,  98313.00,  253.80,   -1.19,   -0.08, 22.4, 3.25, 2.82, 4.07,   0.71,  -6.12,   7.66,  -0.02,  -0.19,   0.01,  -0.54,   0.16,   0.76, 119.15, 4.07, 0.00, 0.01, 0.01, 0.00, 1, 1,  9,  39.7278264, -83.7049712,   318.0, 2025, 11, 23, 18, 18, 35,      309,      309, 135,  -2,   1.5,   0.8,   1.3,  0,  0, 29, 32,  0,  0, 20, 18, 30,  0,  0,  0,  0,  0,  0, 25,  0,  0,  0,  0,  0,  0,  0,  0,  0, 36, 23, 27,  0,  0, 36,  0
6, 11026, 11,KE8EXM,    54.90, 7,    main,   -9.32,  98310.00,  254.05,   -0.94,   -0.07, 22.4, 3.25, 2.82, 4.07,   0.72,  -6.09,   7.69,   0.29,   0.06,  -0.18,  -0.54,   0.16,   0.76, 119.16, 4.07, 0.00, 0.01, 0.01, 0.00, 1, 1,  9,  39.7278264, -83.7049712,   318.0, 2025, 11, 23, 18, 18, 35,      309,      309, 135,  -2,   1.5,   0.8,   1.3,  0,  0, 29, 32,  0,  0, 20, 18, 30,  0,  0,  0,  0,  0,  0, 25,  0,  0,  0,  0,  0,  0,  0,  0,  0, 36, 23, 27,  0,  0, 36,  0
6, 11026, 11,KE8EXM,    55.00, 7,    main,  -10.30,  98312.00,  253.88,   -1.11,   -0.06, 22.4, 3.25, 2.82, 4.07,   0.70,  -6.11,   7.69,   0.04,  -0.13,   0.13,  -0.54,   0.16,   0.76, 119.15, 4.07, 0.00, 0.01, 0.01, 0.00, 1, 1,  9,  39.7278264, -83.7049712,   318.0, 2025, 11, 23, 18, 18, 35,      309,      309, 135,  -2,   1.5,   0.8,   1.3,  0,  0, 29, 32,  0,  0, 20, 18, 30,  0,  0,  0,  0,  0,  0, 25,  0,  0,  0,  0,  0,  0,  0,  0,  0, 36, 23, 27,  0,  0, 36,  0
6, 11026, 11,KE8EXM,    55.06, 7,    main,  -10.30,  98312.00,  253.88,   -1.11,   -0.06, 22.4, 3.26, 2.81, 4.08,   0.70,  -6.11,   7.69,   0.04,  -0.13,   0.13,  -0.54,   0.16,   0.76, 119.15, 4.07, 0.00, 0.00, 0.00, 0.00, 1, 1,  9,  39.7278264, -83.7049712,   318.0, 2025, 11, 23, 18, 18, 35,      309,      309, 135,  -2,   1.5,   0.8,   1.3,  0,  0, 29, 32,  0,  0, 20, 18, 30,  0,  0,  0,  0,  0,  0, 25,  0,  0,  0,  0,  0,  0,  0,  0,  0, 36, 23, 27,  0,  0, 36,  0
6, 11026, 11,KE8EXM,    55.10, 7,    main,  -10.79,  98316.00,  253.54,   -1.45,   -0.05, 22.4, 3.26, 2.81, 4.08,   0.70,  -6.11,   7.69,  -0.08,   0.06,  -0.05,  -0.54,   0.16,   0.76, 119.16, 4.07, 0.00, 0.00, 0.00, 0.00, 1, 1,  9,  39.7278264, -83.7049712,   318.0, 2025, 11, 23, 18, 18, 35,      309,      309, 135,  -2,   1.5,   0.8,   1.3,  0,  0, 29, 32,  0,  0, 20, 18, 30,  0,  0,  0,  0,  0,  0, 25,  0,  0,  0,  0,  0,  0,  0,  0,  0, 36, 23, 27,  0,  0, 36,  0
6, 11026, 11,KE8EXM,    55.16, 7,    main,  -10.79,  98316.00,  253.54,   -1.45,   -0.05, 22.4, 3.26, 2.81, 4.08,   0.70,  -6.11,   7.69,  -0.08,   0.06,  -0.05,  -0.54,   0.16,   0.76, 119.16, 4.07, 0.00, 0.00, 0.00, 0.00, 1, 1,  9,  39.7278264, -83.7049712,   318.0, 2025, 11, 23, 18, 18, 35,      309,      309, 135,  -2,   1.5,   0.8,   1.3,  0,  0, 29, 32,  0,  0, 20, 18, 30,  0,  0,  0,  0,  0,  0, 25,  0,  0,  0,  0,  0,  0,  0,  0,  0, 36, 23, 27,  0,  0, 36,  0
6, 11026, 11,KE8EXM,    55.16, 7,    main,  -10.79,  98316.00,  253.54,   -1.45,   -0.05, 22.4, 3.26, 2.81, 4.08,   0.70,  -6.11,   7.69,  -0.08,   0.06,  -0.05,  -0.54,   0.16,   0.76, 119.16, 4.07, 0.00, 0.00, 0.00, 0.00, 1, 1,  9,  39.7278264, -83.7049712,   318.0, 2025, 11, 23, 18, 18, 35,      309,      309, 135,  -2,   1.5,   0.8,   1.3,  0,  0, 29, 32,  0,  0, 20, 18, 30,  0,  0,  0,  0,  0,  0, 25,  0,  0,  0,  0,  0,  0,  0,  0,  0, 36, 23, 27,  0,  0, 36,  0
6, 11026, 11,KE8EXM,    55.20, 7,    main,   -9.32,  98315.00,  253.63,   -1.36,   -0.03, 22.4, 3.26, 2.81, 4.08,   0.70,  -6.10,   7.70,   0.29,   0.18,   0.07,  -0.54,   0.16,   0.76, 119.14, 4.07, 0.00, 0.00, 0.00, 0.00, 1, 1,  9,  39.7278210, -83.7049737,   319.0, 2025, 11, 23, 18, 18, 36,      310,      310, 135,  -2,   1.5,   0.8,   1.3,  0,  0, 29, 31,  0,  0, 20, 19, 30,  0,  0,  0,  0,  0,  0, 25,  0,  0,  0,  0,  0,  0,  0,  0,  0, 36, 22, 27,  0,  0, 36,  0
6, 11026, 11,KE8EXM,    55.30, 7,    main,   -9.32,  98309.00,  254.14,   -0.85,   -0.01, 22.4, 3.26, 2.81, 4.08,   0.73,  -6.14,   7.70,   0.23,  -0.25,  -0.05,  -0.54,   0.16,   0.76, 119.16, 4.07, 0.00, 0.00, 0.00, 0.00, 1, 1,  9,  39.7278210, -83.7049737,   319.0, 2025, 11, 23, 18, 18, 36,      310,      310, 135,  -2,   1.5,   0.8,   1.3,  0,  0, 29, 31,  0,  0, 20, 19, 30,  0,  0,  0,  0,  0,  0, 25,  0,  0,  0,  0,  0,  0,  0,  0,  0, 36, 22, 27,  0,  0, 36,  0
6, 11026, 11,KE8EXM,    55.38, 7,    main,   -9.32,  98309.00,  254.14,   -0.85,   -0.01, 22.4, 3.27, 2.80, 4.08,   0.73,  -6.14,   7.70,   0.23,  -0.25,  -0.05,  -0.54,   0.16,   0.76, 119.16, 4.08, 0.00, 0.01, 0.00, 0.00, 1, 1,  9,  39.7278210, -83.7049737,   319.0, 2025, 11, 23, 18, 18, 36,      310,      310, 135,  -2,   1.5,   0.8,   1.3,  0,  0, 29, 31,  0,  0, 20, 19, 30,  0,  0,  0,  0,  0,  0, 25,  0,  0,  0,  0,  0,  0,  0,  0,  0, 36, 22, 27,  0,  0, 36,  0
6, 11026, 11,KE8EXM,    55.40, 7,    main,   -8.83,  98315.00,  253.63,   -1.36,   -0.00, 22.4, 3.27, 2.80, 4.08,   0.77,  -6.16,   7.71,   0.47,   0.06,   0.19,  -0.54,   0.16,   0.76, 119.14, 4.08, 0.00, 0.01, 0.00, 0.00, 1, 1,  9,  39.7278210, -83.7049737,   319.0, 2025, 11, 23, 18, 18, 36,      310,      310, 135,  -2,   1.5,   0.8,   1.3,  0,  0, 29, 31,  0,  0, 20, 19, 30,  0,  0,  0,  0,  0,  0, 25,  0,  0,  0,  0,  0,  0,  0,  0,  0, 36, 22, 27,  0,  0, 36,  0
6, 11026, 11,KE8EXM,    55.50, 7,    main,   -8.34,  98315.00,  253.63,   -1.36,    0.01, 22.4, 3.27, 2.80, 4.08,   0.58,  -6.15,   7.69,   0.65,  -0.07,   0.01,  -0.54,   0.16,   0.76, 119.14, 4.08, 0.00, 0.01, 0.00, 0.00, 1, 1,  9,  39.7278210, -83.7049737,   319.0, 2025, 11, 23, 18, 18, 36,      310,      310, 135,  -2,   1.5,   0.8,   1.3,  0,  0, 29, 31,  0,  0, 20, 19, 30,  0,  0,  0,  0,  0,  0, 25,  0,  0,  0,  0,  0,  0,  0,  0,  0, 36, 22, 27,  0,  0, 36,  0
6, 11026, 11,KE8EXM,    55.60, 7,    main,   -8.83,  98315.00,  253.63,   -1.36,    0.03, 22.4, 3.27, 2.80, 4.08,   0.70,  -6.04,   7.67,   0.65,  -0.01,   0.01,  -0.54,   0.16,   0.76, 119.14, 4.08, 0.00, 0.01, 0.00, 0.00, 1, 1,  9,  39.7278210, -83.7049737,   319.0, 2025, 11, 23, 18, 18, 36,      310,      310, 135,  -2,   1.5,   0.8,   1.3,  0,  0, 29, 31,  0,  0, 20, 19, 30,  0,  0,  0,  0,  0,  0, 25,  0,  0,  0,  0,  0,  0,  0,  0,  0, 36, 22, 27,  0,  0, 36,  0
6, 11026, 11,KE8EXM,    55.70, 7,    main,  -10.30,  98312.00,  253.88,   -1.11,    0.05, 22.4, 3.29, 2.80, 4.07,   0.71,  -6.11,   7.72,   0.59,   0.06,   0.01,  -0.54,   0.16,   0.76, 119.14, 4.07, 0.00, 0.00, 0.00, 0.00, 1, 1,  9,  39.7278210, -83.7049737,   319.0, 2025, 11, 23, 18, 18, 36,      310,      310, 135,  -2,   1.5,   0.8,   1.3,  0,  0, 29, 31,  0,  0, 20, 19, 30,  0,  0,  0,  0,  0,  0, 25,  0,  0,  0,  0,  0,  0,  0,  0,  0, 36, 22, 27,  0,  0, 36,  0
6, 11026, 11,KE8EXM,    55.70, 7,    main,  -10.30,  98312.00,  253.88,   -1.11,    0.05, 22.4, 3.29, 2.80, 4.07,   0.71,  -6.11,   7.72,   0.59,   0.06,   0.01,  -0.54,   0.16,   0.76, 119.14, 4.07, 0.00, 0.00, 0.00, 0.00, 1, 1,  9,  39.7278210, -83.7049737,   319.0, 2025, 11, 23, 18, 18, 36,      310,      310, 135,  -2,   1.5,   0.8,   1.3,  0,  0, 29, 31,  0,  0, 20, 19, 30,  0,  0,  0,  0,  0,  0, 25,  0,  0,  0,  0,  0,  0,  0,  0,  0, 36, 22, 27,  0,  0, 36,  0
6, 11026, 11,KE8EXM,    55.80, 7,    main,   -9.81,  98313.00,  253.80,   -1.19,    0.06, 22.4, 3.29, 2.80, 4.07,   0.72,  -6.13,   7.72,   0.29,   0.18,   0.25,  -0.54,   0.16,   0.76, 119.11, 4.07, 0.00, 0.00, 0.00, 0.00, 1, 1,  9,  39.7278210, -83.7049737,   319.0, 2025, 11, 23, 18, 18, 36,      310,      310, 135,  -2,   1.5,   0.8,   1.3,  0,  0, 29, 31,  0,  0, 20, 19, 30,  0,  0,  0,  0,  0,  0, 25,  0,  0,  0,  0,  0,  0,  0,  0,  0, 36, 22, 27,  0,  0, 36,  0
6, 11026, 11,KE8EXM,    55.90, 7,    main,   -8.34,  98314.00,  253.71,   -1.28,    0.07, 22.4, 3.29, 2.80, 4.07,   0.78,  -6.11,   7.69,   0.29,   0.12,  -0.05,  -0.54,   0.16,   0.76, 119.11, 4.07, 0.00, 0.00, 0.00, 0.00, 1, 1,  9,  39.7278210, -83.7049737,   319.0, 2025, 11, 23, 18, 18, 36,      310,      310, 135,  -2,   1.5,   0.8,   1.3,  0,  0, 29, 31,  0,  0, 20, 19, 30,  0,  0,  0,  0,  0,  0, 25,  0,  0,  0,  0,  0,  0,  0,  0,  0, 36, 22, 27,  0,  0, 36,  0
6, 11026, 11,KE8EXM,    56.00, 7,    main,   -9.32,  98305.00,  254.48,   -0.51,    0.09, 22.4, 3.29, 2.80, 4.07,   0.73,  -6.14,   7.71,  -0.02,  -0.01,   0.01,  -0.54,   0.16,   0.76, 119.11, 4.07, 0.00, 0.00, 0.00, 0.00, 1, 1,  9,  39.7278210, -83.7049737,   319.0, 2025, 11, 23, 18, 18, 36,      310,      310, 135,  -2,   1.5,   0.8,   1.3,  0,  0, 29, 31,  0,  0, 20, 19, 30,  0,  0,  0,  0,  0,  0, 25,  0,  0,  0,  0,  0,  0,  0,  0,  0, 36, 22, 27,  0,  0, 36,  0
6, 11026, 11,KE8EXM,    56.02, 7,    main,   -9.32,  98305.00,  254.48,   -0.51,    0.09, 22.4, 3.29, 2.81, 4.09,   0.73,  -6.14,   7.71,  -0.02,  -0.01,   0.01,  -0.54,   0.16,   0.76, 119.11, 4.10, 0.00, 0.01, 0.00, 0.00, 1, 1,  9,  39.7278210, -83.7049737,   319.0, 2025, 11, 23, 18, 18, 36,      310,      310, 135,  -2,   1.5,   0.8,   1.3,  0,  0, 29, 31,  0,  0, 20, 19, 30,  0,  0,  0,  0,  0,  0, 25,  0,  0,  0,  0,  0,  0,  0,  0,  0, 36, 22, 27,  0,  0, 36,  0
6, 11026, 11,KE8EXM,    56.10, 7,    main,   -8.83,  98308.00,  254.22,   -0.77,    0.09, 22.4, 3.29, 2.81, 4.09,   0.71,  -6.11,   7.68,   0.04,  -0.01,   0.07,  -0.54,   0.16,   0.75, 119.10, 4.10, 0.00, 0.01, 0.00, 0.00, 1, 1,  9,  39.7278210, -83.7049737,   319.0, 2025, 11, 23, 18, 18, 36,      310,      310, 135,  -2,   1.5,   0.8,   1.3,  0,  0, 29, 31,  0,  0, 20, 19, 30,  0,  0,  0,  0,  0,  0, 25,  0,  0,  0,  0,  0,  0,  0,  0,  0, 36, 22, 27,  0,  0, 36,  0
6, 11026, 11,KE8EXM,    56.16, 7,    main,   -8.83,  98308.00,  254.22,   -0.77,    0.09, 22.4, 3.29, 2.81, 4.09,   0.71,  -6.11,   7.68,   0.04,  -0.01,   0.07,  -0.54,   0.16,   0.75, 119.10, 4.10, 0.00, 0.01, 0.00, 0.00, 1, 1,  9,  39.7278210, -83.7049737,   319.0, 2025, 11, 23, 18, 18, 36,      310,      310, 135,  -2,   1.5,   0.8,   1.3,  0,  0, 29, 31,  0,  0, 20, 19, 30,  0,  0,  0,  0,  0,  0, 25,  0,  0,  0,  0,  0,  0,  0,  0,  0, 36, 22, 27,  0,  0, 36,  0
6, 11026, 11,KE8EXM,    56.16, 7,    main,   -8.83,  98308.00,  254.22,   -0.77,    0.09, 22.4, 3.29, 2.81, 4.09,   0.71,  -6.11,   7.68,   0.04,  -0.01,   0.07,  -0.54,   0.16,   0.75, 119.10, 4.10, 0.00, 0.01, 0.00, 0.00, 1, 1,  9,  39.7278210, -83.7049737,   319.0, 2025, 11, 23, 18, 18, 36,      310,      310, 135,  -2,   1.5,   0.8,   1.3,  0,  0, 29, 31,  0,  0, 20, 19, 30,  0,  0,  0,  0,  0,  0, 25,  0,  0,  0,  0,  0,  0,  0,  0,  0, 36, 22, 27,  0,  0, 36,  0
6, 11026, 11,KE8EXM,    56.20, 7,    main,   -8.83,  98304.00,  254.57,   -0.43,    0.10, 22.4, 3.29, 2.81, 4.09,   0.74,  -6.11,   7.70,   0.04,   0.06,   0.07,  -0.54,   0.16,   0.75, 119.09, 4.10, 0.00, 0.01, 0.00, 0.00, 1, 1,  9,  39.7278168, -83.7049763,   319.0, 2025, 11, 23, 18, 18, 37,      310,      310, 135,  -2,   1.5,   0.8,   1.3,  0,  0, 29, 32,  0,  0, 20, 19, 29,  0,  0,  0,  0,  0,  0, 25,  0,  0,  0,  0,  0,  0,  0,  0,  0, 36, 22, 27,  0,  0, 36,  0
6, 11026, 11,KE8EXM,    56.30, 7,    main,   -9.81,  98317.00,  253.46,   -1.54,    0.11, 22.4, 3.29, 2.81, 4.09,   0.73,  -6.09,   7.67,   0.41,  -0.13,  -0.05,  -0.54,   0.16,   0.75, 119.10, 4.10, 0.00, 0.01, 0.00, 0.00, 1, 1,  9,  39.7278168, -83.7049763,   319.0, 2025, 11, 23, 18, 18, 37,      310,      310, 135,  -2,   1.5,   0.8,   1.3,  0,  0, 29, 32,  0,  0, 20, 19, 29,  0,  0,  0,  0,  0,  0, 25,  0,  0,  0,  0,  0,  0,  0,  0,  0, 36, 22, 27,  0,  0, 36,  0
6, 11026, 11,KE8EXM,    56.34, 7,    main,   -9.81,  98317.00,  253.46,   -1.54,    0.11, 22.4, 3.31, 2.80, 4.08,   0.73,  -6.09,   7.67,   0.41,  -0.13,  -0.05,  -0.54,   0.16,   0.75, 119.10, 4.10, 0.00, 0.00, 0.00, 0.00, 1, 1,  9,  39.7278168, -83.7049763,   319.0, 2025, 11, 23, 18, 18, 37,      310,      310, 135,  -2,   1.5,   0.8,   1.3,  0,  0, 29, 32,  0,  0, 20, 19, 29,  0,  0,  0,  0,  0,  0, 25,  0,  0,  0,  0,  0,  0,  0,  0,  0, 36, 22, 27,  0,  0, 36,  0
6, 11026, 11,KE8EXM,    56.40, 7,    main,  -10.79,  98321.00,  253.12,   -1.88,    0.12, 22.4, 3.31, 2.80, 4.08,   0.74,  -6.12,   7.71,   0.16,   0.12,   0.07,  -0.54,   0.16,   0.76, 119.09, 4.10, 0.00, 0.00, 0.00, 0.00, 1, 1,  9,  39.7278168, -83.7049763,   319.0, 2025, 11, 23, 18, 18, 37,      310,      310, 135,  -2,   1.5,   0.8,   1.3,  0,  0, 29, 32,  0,  0, 20, 19, 29,  0,  0,  0,  0,  0,  0, 25,  0,  0,  0,  0,  0,  0,  0,  0,  0, 36, 22, 27,  0,  0, 36,  0
6, 11026, 11,KE8EXM,    56.50, 7,    main,   -9.81,  98314.00,  253.71,   -1.28,    0.12, 22.4, 3.31, 2.80, 4.08,   0.72,  -6.14,   7.69,  -0.20,  -0.07,   0.19,  -0.54,   0.16,   0.76, 119.08, 4.10, 0.00, 0.00, 0.00, 0.00, 1, 1,  9,  39.7278168, -83.7049763,   319.0, 2025, 11, 23, 18, 18, 37,      310,      310, 135,  -2,   1.5,   0.8,   1.3,  0,  0, 29, 32,  0,  0, 20, 19, 29,  0,  0,  0,  0,  0,  0, 25,  0,  0,  0,  0,  0,  0,  0,  0,  0, 36, 22, 27,  0,  0, 36,  0
6, 11026, 11,KE8EXM,    56.60, 7,    main,   -8.83,  98310.00,  254.05,   -0.94,    0.13, 22.4, 3.31, 2.80, 4.08,   0.73,  -6.14,   7.66,   0.16,   0.24,   0.37,  -0.54,   0.16,   0.75, 119.03, 4.10, 0.00, 0.00, 0.00, 0.00, 1, 1,  9,  39.7278168, -83.7049763,   319.0, 2025, 11, 23, 18, 18, 37,      310,      310, 135,  -2,   1.5,   0.8,   1.3,  0,  0, 29, 32,  0,  0, 20, 19, 29,  0,  0,  0,  0,  0,  0, 25,  0,  0,  0,  0,  0,  0,  0,  0,  0, 36, 22, 27,  0,  0, 36,  0
6, 11026, 11,KE8EXM,    56.66, 7,    main,   -8.83,  98310.00,  254.05,   -0.94,    0.13, 22.4, 3.29, 2.80, 4.07,   0.73,  -6.14,   7.66,   0.16,   0.24,   0.37,  -0.54,   0.16,   0.75, 119.03, 4.07, 0.00, 0.01, 0.00, 0.00, 1, 1,  9,  39.7278168, -83.7049763,   319.0, 2025, 11, 23, 18, 18, 37,      310,      310, 135,  -2,   1.5,   0.8,   1.3,  0,  0, 29, 32,  0,  0, 20, 19, 29,  0,  0,  0,  0,  0,  0, 25,  0,  0,  0,  0,  0,  0,  0,  0,  0, 36, 22, 27,  0,  0, 36,  0
6, 11026, 11,KE8EXM,    56.70, 7,    main,  -10.30,  98303.00,  254.65,   -0.34,    0.12, 22.4, 3.29, 2.80, 4.07,   0.73,  -6.10,   7.67,  -0.14,   0.24,   0.13,  -0.54,   0.16,   0.76, 119.01, 4.07, 0.00, 0.01, 0.00, 0.00, 1, 1,  9,  39.7278168, -83.7049763,   319.0, 2025, 11, 23, 18, 18, 37,      310,      310, 135,  -2,   1.5,   0.8,   1.3,  0,  0, 29, 32,  0,  0, 20, 19, 29,  0,  0,  0,  0,  0,  0, 25,  0,  0,  0,  0,  0,  0,  0,  0,  0, 36, 22, 27,  0,  0, 36,  0
6, 11026, 11,KE8EXM,    56.80, 7,    main,   -8.83,  98309.00,  254.14,   -0.85,    0.11, 22.4, 3.29, 2.80, 4.07,   0.70,  -6.11,   7.74,  -0.87,  -0.01,   0.13,  -0.54,   0.16,   0.76, 119.00, 4.07, 0.00, 0.01, 0.00, 0.00, 1, 1,  9,  39.7278168, -83.7049763,   319.0, 2025, 11, 23, 18, 18, 37,      310,      310, 135,  -2,   1.5,   0.8,   1.3,  0,  0, 29, 32,  0,  0, 20, 19, 29,  0,  0,  0,  0,  0,  0, 25,  0,  0,  0,  0,  0,  0,  0,  0,  0, 36, 22, 27,  0,  0, 36,  0
6, 11026, 11,KE8EXM,    56.90, 7,    main,  -10.79,  98306.00,  254.40,   -0.60,    0.11, 22.4, 3.29, 2.80, 4.07,   0.71,  -6.12,   7.72,  -0.20,  -0.37,   0.01,  -0.54,   0.16,   0.76, 119.02, 4.07, 0.00, 0.01, 0.00, 0.00, 1, 1,  9,  39.7278168, -83.7049763,   319.0, 2025, 11, 23, 18, 18, 37,      310,      310, 135,  -2,   1.5,   0.8,   1.3,  0,  0, 29, 32,  0,  0, 20, 19, 29,  0,  0,  0,  0,  0,  0, 25,  0,  0,  0,  0,  0,  0,  0,  0,  0, 36, 22, 27,  0,  0, 36,  0
6, 11026, 11,KE8EXM,    56.98, 7,    main,  -10.79,  98306.00,  254.40,   -0.60,    0.11, 22.4, 3.31, 2.81, 4.08,   0.71,  -6.12,   7.72,  -0.20,  -0.37,   0.01,  -0.54,   0.16,   0.76, 119.02, 4.09, 0.00, 0.00, 0.00, 0.00, 1, 1,  9,  39.7278168, -83.7049763,   319.0, 2025, 11, 23, 18, 18, 37,      310,      310, 135,  -2,   1.5,   0.8,   1.3,  0,  0, 29, 32,  0,  0, 20, 19, 29,  0,  0,  0,  0,  0,  0, 25,  0,  0,  0,  0,  0,  0,  0,  0,  0, 36, 22, 27,  0,  0, 36,  0
6, 11026, 11,KE8EXM,    57.00, 7,    main,   -9.81,  98316.00,  253.54,   -1.45,    0.10, 22.4, 3.31, 2.81, 4.08,   0.74,  -6.10,   7.69,  -0.20,  -0.19,   0.13,  -0.54,   0.16,   0.75, 119.02, 4.09, 0.00, 0.00, 0.00, 0.00, 1, 1,  9,  39.7278168, -83.7049763,   319.0, 2025, 11, 23, 18, 18, 37,      310,      310, 135,  -2,   1.5,   0.8,   1.3,  0,  0, 29, 32,  0,  0, 20, 19, 29,  0,  0,  0,  0,  0,  0, 25,  0,  0,  0,  0,  0,  0,  0,  0,  0, 36, 22, 27,  0,  0, 36,  0
6, 11026, 11,KE8EXM,    57.10, 7,    main,   -9.81,  98300.00,  254.91,   -0.09,    0.09, 22.4, 3.31, 2.81, 4.08,   0.73,  -6.11,   7.71,   0.04,  -0.31,   0.13,  -0.54,   0.16,   0.76, 119.02, 4.09, 0.00, 0.00, 0.00, 0.00, 1, 1,  9,  39.7278168, -83.7049763,   319.0, 2025, 11, 23, 18, 18, 37,      310,      310, 135,  -2,   1.5,   0.8,   1.3,  0,  0, 29, 32,  0,  0, 20, 19, 29,  0,  0,  0,  0,  0,  0, 25,  0,  0,  0,  0,  0,  0,  0,  0,  0, 36, 22, 27,  0,  0, 36,  0
6, 11026, 11,KE8EXM,    57.16, 7,    main,   -9.81,  98300.00,  254.91,   -0.09,    0.09, 22.4, 3.31, 2.81, 4.08,   0.73,  -6.11,   7.71,   0.04,  -0.31,   0.13,  -0.54,   0.16,   0.76, 119.02, 4.09, 0.00, 0.00, 0.00, 0.00, 1, 1,  9,  39.7278168, -83.7049763,   319.0, 2025, 11, 23, 18, 18, 37,      310,      310, 135,  -2,   1.5,   0.8,   1.3,  0,  0, 29, 32,  0,  0, 20, 19, 29,  0,  0,  0,  0,  0,  0, 25,  0,  0,  0,  0,  0,  0,  0,  0,  0, 36, 22, 27,  0,  0, 36,  0
6, 11026, 11,KE8EXM,    57.16, 7,    main,   -9.81,  98300.00,  254.91,   -0.09,    0.09, 22.4, 3.31, 2.81, 4.08,   0.73,  -6.11,   7.71,   0.04,  -0.31,   0.13,  -0.54,   0.16,   0.76, 119.02, 4.09, 0.00, 0.00, 0.00, 0.00, 1, 1,  9,  39.7278168, -83.7049763,   319.0, 2025, 11, 23, 18, 18, 37,      310,      310, 135,  -2,   1.5,   0.8,   1.3,  0,  0, 29, 32,  0,  0, 20, 19, 29,  0,  0,  0,  0,  0,  0, 25,  0,  0,  0,  0,  0,  0,  0,  0,  0, 36, 22, 27,  0,  0, 36,  0
6, 11026, 11,KE8EXM,    57.20, 7,    main,  -10.79,  98313.00,  253.80,   -1.19,    0.08, 22.4, 3.31, 2.81, 4.08,   0.71,  -6.08,   7.67,   0.10,  -0.43,   0.07,  -0.54,   0.16,   0.75, 119.04, 4.09, 0.00, 0.00, 0.00, 0.00, 1, 1,  9,  39.7278129, -83.7049784,   319.0, 2025, 11, 23, 18, 18, 38,      310,      310, 135,  -2,   1.5,   0.8,   1.3,  0,  0, 29, 32,  0,  0, 20, 18, 30,  0,  0,  0,  0,  0,  0, 24,  0,  0,  0,  0,  0,  0,  0,  0,  0, 36, 22, 27,  0,  0, 36,  0
6, 11026, 11,KE8EXM,    57.30, 7,    main,  -10.30,  98308.00,  254.22,   -0.77,    0.07, 22.4, 3.31, 2.80, 4.08,   0.72,  -6.11,   7.72,   0.23,   0.12,  -0.18,  -0.54,   0.16,   0.75, 119.04, 4.09, 0.00, 0.00, 0.00, 0.00, 1, 1,  9,  39.7278129, -83.7049784,   319.0, 2025, 11, 23, 18, 18, 38,      310,      310, 135,  -2,   1.5,   0.8,   1.3,  0,  0, 29, 32,  0,  0, 20, 18, 30,  0,  0,  0,  0,  0,  0, 24,  0,  0,  0,  0,  0,  0,  0,  0,  0, 36, 22, 27,  0,  0, 36,  0
6, 11026, 11,KE8EXM,    57.30, 7,    main,  -10.30,  98308.00,  254.22,   -0.77,    0.07, 22.4, 3.31, 2.80, 4.08,   0.72,  -6.11,   7.72,   0.23,   0.12,  -0.18,  -0.54,   0.16,   0.75, 119.04, 4.09, 0.00, 0.00, 0.00, 0.00, 1, 1,  9,  39.7278129, -83.7049784,   319.0, 2025, 11, 23, 18, 18, 38,      310,      310, 135,  -2,   1.5,   0.8,   1.3,  0,  0, 29, 32,  0,  0, 20, 18, 30,  0,  0,  0,  0,  0,  0, 24,  0,  0,  0,  0,  0,  0,  0,  0,  0, 36, 22, 27,  0,  0, 36,  0
6, 11026, 11,KE8EXM,    57.40, 7,    main,  -10.30,  98318.00,  253.37,   -1.62,    0.06, 22.4, 3.31, 2.80, 4.08,   0.71,  -6.12,   7.70,  -0.02,   0.36,  -0.30,  -0.54,   0.16,   0.76, 119.05, 4.09, 0.00, 0.00, 0.00, 0.00, 1, 1,  9,  39.7278129, -83.7049784,   319.0, 2025, 11, 23, 18, 18, 38,      310,      310, 135,  -2,   1.5,   0.8,   1.3,  0,  0, 29, 32,  0,  0, 20, 18, 30,  0,  0,  0,  0,  0,  0, 24,  0,  0,  0,  0,  0,  0,  0,  0,  0, 36, 22, 27,  0,  0, 36,  0
6, 11026, 11,KE8EXM,    57.50, 7,    main,   -8.83,  98316.00,  253.54,   -1.45,    0.04, 22.5, 3.31, 2.80, 4.08,   0.73,  -6.10,   7.70,  -0.02,  -0.07,   0.01,  -0.54,   0.16,   0.76, 119.06, 4.09, 0.00, 0.00, 0.00, 0.00, 1, 1,  9,  39.7278129, -83.7049784,   319.0, 2025, 11, 23, 18, 18, 38,      310,      310, 135,  -2,   1.5,   0.8,   1.3,  0,  0, 29, 32,  0,  0, 20, 18, 30,  0,  0,  0,  0,  0,  0, 24,  0,  0,  0,  0,  0,  0,  0,  0,  0, 36, 22, 27,  0,  0, 36,  0
6, 11026, 11,KE8EXM,    57.60, 7,    main,   -8.34,  98305.00,  254.48,   -0.51,    0.03, 22.4, 3.31, 2.80, 4.08,   0.72,  -6.11,   7.69,   0.10,   0.06,  -0.18,  -0.54,   0.16,   0.75, 119.07, 4.09, 0.00, 0.00, 0.00, 0.00, 1, 1,  9,  39.7278129, -83.7049784,   319.0, 2025, 11, 23, 18, 18, 38,      310,      310, 135,  -2,   1.5,   0.8,   1.3,  0,  0, 29, 32,  0,  0, 20, 18, 30,  0,  0,  0,  0,  0,  0, 24,  0,  0,  0,  0,  0,  0,  0,  0,  0, 36, 22, 27,  0,  0, 36,  0
6, 11026, 11,KE8EXM,    57.62, 7,    main,   -8.34,  98305.00,  254.48,   -0.51,    0.03, 22.4, 3.29, 2.81, 4.07,   0.72,  -6.11,   7.69,   0.10,   0.06,  -0.18,  -0.54,   0.16,   0.75, 119.07, 4.09, 0.00, 0.00, 0.00, 0.00, 1, 1,  9,  39.7278129, -83.7049784,   319.0, 2025, 11, 23, 18, 18, 38,      310,      310, 135,  -2,   1.5,   0.8,   1.3,  0,  0, 29, 32,  0,  0, 20, 18, 30,  0,  0,  0,  0,  0,  0, 24,  0,  0,  0,  0,  0,  0,  0,  0,  0, 36, 22, 27,  0,  0, 36,  0
6, 11026, 11,KE8EXM,    57.70, 7,    main,   -9.32,  98311.00,  253.97,   -1.02,    0.01, 22.5, 3.29, 2.81, 4.07,   0.70,  -6.15,   7.64,   0.10,  -0.19,   0.07,  -0.54,   0.16,   0.75, 119.07, 4.09, 0.00, 0.00, 0.00, 0.00, 1, 1,  9,  39.7278129, -83.7049784,   319.0, 2025, 11, 23, 18, 18, 38,      310,      310, 135,  -2,   1.5,   0.8,   1.3,  0,  0, 29, 32,  0,  0, 20, 18, 30,  0,  0,  0,  0,  0,  0, 24,  0,  0,  0,  0,  0,  0,  0,  0,  0, 36, 22, 27,  0,  0, 36,  0
6, 11026, 11,KE8EXM,    57.80, 7,    main,   -9.32,  98309.00,  254.14,   -0.85,   -0.01, 22.5, 3.29, 2.81, 4.07,   0.73,  -6.11,   7.68,   0.04,  -0.19,  -0.11,  -0.54,   0.16,   0.75, 119.09, 4.09, 0.00, 0.00, 0.00, 0.00, 1, 1,  9,  39.7278129, -83.7049784,   319.0, 2025, 11, 23, 18, 18, 38,      310,      310, 135,  -2,   1.5,   0.8,   1.3,  0,  0, 29, 32,  0,  0, 20, 18, 30,  0,  0,  0,  0,  0,  0, 24,  0,  0,  0,  0,  0,  0,  0,  0,  0, 36, 22, 27,  0,  0, 36,  0
6, 11026, 11,KE8EXM,    57.90, 7,    main,  -10.79,  98312.00,  253.88,   -1.11,   -0.02, 22.5, 3.29, 2.81, 4.07,   0.76,  -6.15,   7.71,  -0.02,  -0.07,   0.13,  -0.54,   0.16,   0.75, 119.08, 4.09, 0.00, 0.00, 0.00, 0.00, 1, 1,  9,  39.7278129, -83.7049784,   319.0, 2025, 11, 23, 18, 18, 38,      310,      310, 135,  -2,   1.5,   0.8,   1.3,  0,  0, 29, 32,  0,  0, 20, 18, 30,  0,  0,  0,  0,  0,  0, 24,  0,  0,  0,  0,  0,  0,  0,  0,  0, 36, 22, 27,  0,  0, 36,  0
6, 11026, 11,KE8EXM,    57.94, 7,    main,  -10.79,  98312.00,  253.88,   -1.11,   -0.02, 22.5, 3.32, 2.79, 4.08,   0.76,  -6.15,   7.71,  -0.02,  -0.07,   0.13,  -0.54,   0.16,   0.75, 119.08, 4.09, 0.00, 0.00, 0.00, 0.00, 1, 1,  9,  39.7278129, -83.7049784,   319.0, 2025, 11, 23, 18, 18, 38,      310,      310, 135,  -2,   1.5,   0.8,   1.3,  0,  0, 29, 32,  0,  0, 20, 18, 30,  0,  0,  0,  0,  0,  0, 24,  0,  0,  0,  0,  0,  0,  0,  0,  0, 36, 22, 27,  0,  0, 36,  0
6, 11026, 11,KE8EXM,    58.00, 7,    main,  -10.30,  98307.00,  254.31,   -0.68,   -0.03, 22.5, 3.32, 2.79, 4.08,   0.71,  -6.10,   7.69,   0.04,  -0.31,   0.13,  -0.54,   0.16,   0.75, 119.09, 4.09, 0.00, 0.00, 0.00, 0.00, 1, 1,  9,  39.7278129, -83.7049784,   319.0, 2025, 11, 23, 18, 18, 38,      310,      310, 135,  -2,   1.5,   0.8,   1.3,  0,  0, 29, 32,  0,  0, 20, 18, 30,  0,  0,  0,  0,  0,  0, 24,  0,  0,  0,  0,  0,  0,  0,  0,  0, 36, 22, 27,  0,  0, 36,  0
6, 11026, 11,KE8EXM,    58.10, 7,    main,   -9.32,  98305.00,  254.48,   -0.51,   -0.05, 22.5, 3.32, 2.79, 4.08,   0.71,  -6.09,   7.68,  -0.38,   0.06,  -0.11,  -0.54,   0.16,   0.76, 119.09, 4.09, 0.00, 0.00, 0.00, 0.00, 1, 1,  9,  39.7278129, -83.7049784,   319.0, 2025, 11, 23, 18, 18, 38,      310,      310, 135,  -2,   1.5,   0.8,   1.3,  0,  0, 29, 32,  0,  0, 20, 18, 30,  0,  0,  0,  0,  0,  0, 24,  0,  0,  0,  0,  0,  0,  0,  0,  0, 36, 22, 27,  0,  0, 36,  0
6, 11026, 11,KE8EXM,    58.16, 7,    main,   -9.32,  98305.00,  254.48,   -0.51,   -0.05, 22.5, 3.32, 2.79, 4.08,   0.71,  -6.09,   7.68,  -0.38,   0.06,  -0.11,  -0.54,   0.16,   0.76, 119.09, 4.09, 0.00, 0.00, 0.00, 0.00, 1, 1,  9,  39.7278129, -83.7049784,   319.0, 2025, 11, 23, 18, 18, 38,      310,      310, 135,  -2,   1.5,   0.8,   1.3,  0,  0, 29, 32,  0,  0, 20, 18, 30,  0,  0,  0,  0,  0,  0, 24,  0,  0,  0,  0,  0,  0,  0,  0,  0, 36, 22, 27,  0,  0, 36,  0
6, 11026, 11,KE8EXM,    58.16, 7,    main,   -9.32,  98305.00,  254.48,   -0.51,   -0.05, 22.5, 3.32, 2.79, 4.08,   0.71,  -6.09,   7.68,  -0.38,   0.06,  -0.11,  -0.54,   0.16,   0.76, 119.09, 4.09, 0.00, 0.00, 0.00, 0.00, 1, 1,  9,  39.7278129, -83.7049784,   319.0, 2025, 11, 23, 18, 18, 38,      310,      310, 135,  -2,   1.5,   0.8,   1.3,  0,  0, 29, 32,  0,  0, 20, 18, 30,  0,  0,  0,  0,  0,  0, 24,  0,  0,  0,  0,  0,  0,  0,  0,  0, 36, 22, 27,  0,  0, 36,  0
6, 11026, 11,KE8EXM,    58.20, 7,    main,  -10.30,  98306.00,  254.40,   -0.60,   -0.06, 22.5, 3.32, 2.79, 4.08,   0.90,  -6.16,   8.01,   1.87,  -0.07,   0.25,  -0.54,   0.16,   0.75, 119.08, 4.09, 0.00, 0.00, 0.00, 0.00, 1, 1,  9,  39.7278085, -83.7049808,   319.0, 2025, 11, 23, 18, 18, 39,      310,      310, 135,  -2,   1.5,   0.8,   1.3,  0,  0, 29, 32,  0,  0, 20, 18, 29,  0,  0,  0,  0,  0,  0, 24,  0,  0,  0,  0,  0,  0,  0,  0,  0, 36, 22, 27,  0,  0, 36,  0
6, 11026, 11,KE8EXM,    58.26, 7,    main,  -10.30,  98306.00,  254.40,   -0.60,   -0.06, 22.5, 3.29, 2.82, 4.08,   0.90,  -6.16,   8.01,   1.87,  -0.07,   0.25,  -0.54,   0.16,   0.75, 119.08, 4.10, 0.00, 0.00, 0.00, 0.00, 1, 1,  9,  39.7278085, -83.7049808,   319.0, 2025, 11, 23, 18, 18, 39,      310,      310, 135,  -2,   1.5,   0.8,   1.3,  0,  0, 29, 32,  0,  0, 20, 18, 29,  0,  0,  0,  0,  0,  0, 24,  0,  0,  0,  0,  0,  0,  0,  0,  0, 36, 22, 27,  0,  0, 36,  0
6, 11026, 11,KE8EXM,    58.30, 7,    main,  -10.30,  98312.00,  253.88,   -1.11,   -0.07, 22.5, 3.29, 2.82, 4.08,   0.68,  -6.05,   7.68,   1.57,   0.12,   0.01,  -0.54,   0.16,   0.75, 119.07, 4.10, 0.00, 0.00, 0.00, 0.00, 1, 1,  9,  39.7278085, -83.7049808,   319.0, 2025, 11, 23, 18, 18, 39,      310,      310, 135,  -2,   1.5,   0.8,   1.3,  0,  0, 29, 32,  0,  0, 20, 18, 29,  0,  0,  0,  0,  0,  0, 24,  0,  0,  0,  0,  0,  0,  0,  0,  0, 36, 22, 27,  0,  0, 36,  0
6, 11026, 11,KE8EXM,    58.40, 7,    main,   -8.83,  98303.00,  254.65,   -0.34,   -0.09, 22.5, 3.29, 2.82, 4.08,   0.67,  -6.14,   7.69,   1.20,  -0.01,   0.01,  -0.54,   0.16,   0.76, 119.07, 4.10, 0.00, 0.00, 0.00, 0.00, 1, 1,  9,  39.7278085, -83.7049808,   319.0, 2025, 11, 23, 18, 18, 39,      310,      310, 135,  -2,   1.5,   0.8,   1.3,  0,  0, 29, 32,  0,  0, 20, 18, 29,  0,  0,  0,  0,  0,  0, 24,  0,  0,  0,  0,  0,  0,  0,  0,  0, 36, 22, 27,  0,  0, 36,  0
6, 11026, 11,KE8EXM,    58.50, 7,    main,   -8.83,  98303.00,  254.65,   -0.34,   -0.09, 22.5, 3.29, 2.82, 4.08,   0.72,  -6.13,   7.69,  -0.20,   0.06,   0.25,  -0.54,   0.16,   0.75, 119.04, 4.10, 0.00, 0.00, 0.00, 0.00, 1, 1,  9,  39.7278085, -83.7049808,   319.0, 2025, 11, 23, 18, 18, 39,      310,      310, 135,  -2,   1.5,   0.8,   1.3,  0,  0, 29, 32,  0,  0, 20, 18, 29,  0,  0,  0,  0,  0,  0, 24,  0,  0,  0,  0,  0,  0,  0,  0,  0, 36, 22, 27,  0,  0, 36,  0
6, 11026, 11,KE8EXM,    58.58, 7,    main,   -8.83,  98303.00,  254.65,   -0.34,   -0.09, 22.5, 3.30, 2.80, 4.09,   0.72,  -6.13,   7.69,  -0.20,   0.06,   0.25,  -0.54,   0.16,   0.75, 119.04, 4.10, 0.00, 0.00, 0.01, 0.00, 1, 1,  9,  39.7278085, -83.7049808,   319.0, 2025, 11, 23, 18, 18, 39,      310,      310, 135,  -2,   1.5,   0.8,   1.3,  0,  0, 29, 32,  0,  0, 20, 18, 29,  0,  0,  0,  0,  0,  0, 24,  0,  0,  0,  0,  0,  0,  0,  0,  0, 36, 22, 27,  0,  0, 36,  0
6, 11026, 11,KE8EXM,    58.60, 7,    main,   -9.32,  98305.00,  254.48,   -0.51,   -0.09, 22.5, 3.30, 2.80, 4.09,   0.71,  -6.12,   7.69,  -0.63,  -0.19,   0.07,  -0.54,   0.16,   0.75, 119.05, 4.10, 0.00, 0.00, 0.01, 0.00, 1, 1,  9,  39.7278085, -83.7049808,   319.0, 2025, 11, 23, 18, 18, 39,      310,      310, 135,  -2,   1.5,   0.8,   1.3,  0,  0, 29, 32,  0,  0, 20, 18, 29,  0,  0,  0,  0,  0,  0, 24,  0,  0,  0,  0,  0,  0,  0,  0,  0, 36, 22, 27,  0,  0, 36,  0
6, 11026, 11,KE8EXM,    58.70, 7,    main,  -10.30,  98316.00,  253.54,   -1.45,   -0.09, 22.5, 3.30, 2.80, 4.09,   0.74,  -6.06,   7.68,  -0.14,   0.24,  -0.11,  -0.54,   0.16,   0.75, 119.05, 4.10, 0.00, 0.00, 0.01, 0.00, 1, 1,  9,  39.7278085, -83.7049808,   319.0, 2025, 11, 23, 18, 18, 39,      310,      310, 135,  -2,   1.5,   0.8,   1.3,  0,  0, 29, 32,  0,  0, 20, 18, 29,  0,  0,  0,  0,  0,  0, 24,  0,  0,  0,  0,  0,  0,  0,  0,  0, 36, 22, 27,  0,  0, 36,  0
6, 11026, 11,KE8EXM,    58.80, 7,    main,   -8.83,  98321.00,  253.12,   -1.88,   -0.08, 22.5, 3.30, 2.80, 4.09,   0.70,  -6.06,   7.77,   0.53,  -0.19,   0.07,  -0.54,   0.16,   0.75, 119.05, 4.10, 0.00, 0.00, 0.01, 0.00, 1, 1,  9,  39.7278085, -83.7049808,   319.0, 2025, 11, 23, 18, 18, 39,      310,      310, 135,  -2,   1.5,   0.8,   1.3,  0,  0, 29, 32,  0,  0, 20, 18, 29,  0,  0,  0,  0,  0,  0, 24,  0,  0,  0,  0,  0,  0,  0,  0,  0, 36, 22, 27,  0,  0, 36,  0
6, 11026, 11,KE8EXM,    58.90, 7,    main,   -9.32,  98307.00,  254.31,   -0.68,   -0.07, 22.5, 3.29, 2.81, 4.08,   0.70,  -6.08,   7.74,   0.10,  -0.25,   0.01,  -0.54,   0.16,   0.76, 119.06, 4.09, 0.00, 0.00, 0.00, 0.00, 1, 1,  9,  39.7278085, -83.7049808,   319.0, 2025, 11, 23, 18, 18, 39,      310,      310, 135,  -2,   1.5,   0.8,   1.3,  0,  0, 29, 32,  0,  0, 20, 18, 29,  0,  0,  0,  0,  0,  0, 24,  0,  0,  0,  0,  0,  0,  0,  0,  0, 36, 22, 27,  0,  0, 36,  0
6, 11026, 11,KE8EXM,    58.90, 7,    main,   -9.32,  98307.00,  254.31,   -0.68,   -0.07, 22.5, 3.29, 2.81, 4.08,   0.70,  -6.08,   7.74,   0.10,  -0.25,   0.01,  -0.54,   0.16,   0.76, 119.06, 4.09, 0.00, 0.00, 0.00, 0.00, 1, 1,  9,  39.7278085, -83.7049808,   319.0, 2025, 11, 23, 18, 18, 39,      310,      310, 135,  -2,   1.5,   0.8,   1.3,  0,  0, 29, 32,  0,  0, 20, 18, 29,  0,  0,  0,  0,  0,  0, 24,  0,  0,  0,  0,  0,  0,  0,  0,  0, 36, 22, 27,  0,  0, 36,  0
6, 11026, 11,KE8EXM,    59.00, 7,    main,  -10.30,  98314.00,  253.71,   -1.28,   -0.07, 22.5, 3.29, 2.81, 4.08,   0.73,  -6.09,   7.72,   0.65,  -0.01,   0.01,  -0.54,   0.15,   0.76, 119.06, 4.09, 0.00, 0.00, 0.00, 0.00, 1, 1,  9,  39.7278085, -83.7049808,   319.0, 2025, 11, 23, 18, 18, 39,      310,      310, 135,  -2,   1.5,   0.8,   1.3,  0,  0, 29, 32,  0,  0, 20, 18, 29,  0,  0,  0,  0,  0,  0, 24,  0,  0,  0,  0,  0,  0,  0,  0,  0, 36, 22, 27,  0,  0, 36,  0
6, 11026, 11,KE8EXM,    59.10, 7,    main,   -9.32,  98310.00,  254.05,   -0.94,   -0.05, 22.5, 3.29, 2.81, 4.08,   0.65,  -6.06,   7.67,   0.90,  -0.19,  -0.30,  -0.54,   0.15,   0.76, 119.09, 4.09, 0.00, 0.00, 0.00, 0.00, 1, 1,  9,  39.7278085, -83.7049808,   319.0, 2025, 11, 23, 18, 18, 39,      310,      310, 135,  -2,   1.5,   0.8,   1.3,  0,  0, 29, 32,  0,  0, 20, 18, 29,  0,  0,  0,  0,  0,  0, 24,  0,  0,  0,  0,  0,  0,  0,  0,  0, 36, 22, 27,  0,  0, 36,  0
6, 11026, 11,KE8EXM,    59.16, 7,    main,   -9.32,  98310.00,  254.05,   -0.94,   -0.05, 22.5, 3.29, 2.81, 4.08,   0.65,  -6.06,   7.67,   0.90,  -0.19,  -0.30,  -0.54,   0.15,   0.76, 119.09, 4.09, 0.00, 0.00, 0.00, 0.00, 1, 1,  9,  39.7278085, -83.7049808,   319.0, 2025, 11, 23, 18, 18, 39,      310,      310, 135,  -2,   1.5,   0.8,   1.3,  0,  0, 29, 32,  0,  0, 20, 18, 29,  0,  0,  0,  0,  0,  0, 24,  0,  0,  0,  0,  0,  0,  0,  0,  0, 36, 22, 27,  0,  0, 36,  0
6, 11026, 11,KE8EXM,    59.16, 7,    main,   -9.32,  98310.00,  254.05,   -0.94,   -0.05, 22.5, 3.29, 2.81, 4.08,   0.65,  -6.06,   7.67,   0.90,  -0.19,  -0.30,  -0.54,   0.15,   0.76, 119.09, 4.09, 0.00, 0.00, 0.00, 0.00, 1, 1,  9,  39.7278085, -83.7049808,   319.0, 2025, 11, 23, 18, 18, 39,      310,      310, 135,  -2,   1.5,   0.8,   1.3,  0,  0, 29, 32,  0,  0, 20, 18, 29,  0,  0,  0,  0,  0,  0, 24,  0,  0,  0,  0,  0,  0,  0,  0,  0, 36, 22, 27,  0,  0, 36,  0
6, 11026, 11,KE8EXM,    59.20, 7,    main,  -11.77,  98317.00,  253.46,   -1.54,   -0.04, 22.5, 3.29, 2.81, 4.08,   0.78,  -6.14,   7.68,   1.75,   0.18,   0.13,  -0.54,   0.16,   0.76, 119.08, 4.09, 0.00, 0.00, 0.00, 0.00, 1, 1,  9,  39.7278036, -83.7049819,   319.0, 2025, 11, 23, 18, 18, 40,      310,      311, 135,  -2,   1.5,   0.8,   1.3,  0,  0, 29, 32,  0,  0, 20, 18, 30,  0,  0,  0,  0,  0,  0, 25,  0,  0,  0,  0,  0,  0,  0,  0,  0, 36, 22, 27,  0,  0, 36,  0
6, 11026, 11,KE8EXM,    59.22, 7,    main,  -11.77,  98317.00,  253.46,   -1.54,   -0.04, 22.5, 3.31, 2.80, 4.08,   0.78,  -6.14,   7.68,   1.75,   0.18,   0.13,  -0.54,   0.16,   0.76, 119.08, 4.11, 0.00, 0.00, 0.00, 0.00, 1, 1,  9,  39.7278036, -83.7049819,   319.0, 2025, 11, 23, 18, 18, 40,      310,      311, 135,  -2,   1.5,   0.8,   1.3,  0,  0, 29, 32,  0,  0, 20, 18, 30,  0,  0,  0,  0,  0,  0, 25,  0,  0,  0,  0,  0,  0,  0,  0,  0, 36, 22, 27,  0,  0, 36,  0
6, 11026, 11,KE8EXM,    59.30, 7,    main,   -8.83,  98308.00,  254.22,   -0.77,   -0.02, 22.5, 3.31, 2.80, 4.08,   0.70,  -6.09,   7.71,   0.84,  -0.01,   0.07,  -0.54,   0.16,   0.76, 119.07, 4.11, 0.00, 0.00, 0.00, 0.00, 1, 1,  9,  39.7278036, -83.7049819,   319.0, 2025, 11, 23, 18, 18, 40,      310,      311, 135,  -2,   1.5,   0.8,   1.3,  0,  0, 29, 32,  0,  0, 20, 18, 30,  0,  0,  0,  0,  0,  0, 25,  0,  0,  0,  0,  0,  0,  0,  0,  0, 36, 22, 27,  0,  0, 36,  0
6, 11026, 11,KE8EXM,    59.40, 7,    main,   -9.81,  98318.00,  253.37,   -1.62,   -0.01, 22.5, 3.31, 2.80, 4.08,   0.70,  -6.12,   7.67,  -0.26,   0.18,   0.07,  -0.54,   0.15,   0.76, 119.05, 4.11, 0.00, 0.00, 0.00, 0.00, 1, 1,  9,  39.7278036, -83.7049819,   319.0, 2025, 11, 23, 18, 18, 40,      310,      311, 135,  -2,   1.5,   0.8,   1.3,  0,  0, 29, 32,  0,  0, 20, 18, 30,  0,  0,  0,  0,  0,  0, 25,  0,  0,  0,  0,  0,  0,  0,  0,  0, 36, 22, 27,  0,  0, 36,  0
6, 11026, 11,KE8EXM,    59.50, 7,    main,  -10.30,  98313.00,  253.80,   -1.19,    0.00, 22.5, 3.31, 2.80, 4.08,   0.73,  -6.15,   7.67,  -0.38,  -0.13,  -0.05,  -0.54,   0.15,   0.76, 119.07, 4.11, 0.00, 0.00, 0.00, 0.00, 1, 1,  9,  39.7278036, -83.7049819,   319.0, 2025, 11, 23, 18, 18, 40,      310,      311, 135,  -2,   1.5,   0.8,   1.3,  0,  0, 29, 32,  0,  0, 20, 18, 30,  0,  0,  0,  0,  0,  0, 25,  0,  0,  0,  0,  0,  0,  0,  0,  0, 36, 22, 27,  0,  0, 36,  0
6, 11026, 11,KE8EXM,    59.54, 7,    main,  -10.30,  98313.00,  253.80,   -1.19,    0.00, 22.5, 3.30, 2.80, 4.08,   0.73,  -6.15,   7.67,  -0.38,  -0.13,  -0.05,  -0.54,   0.15,   0.76, 119.07, 4.10, 0.00, 0.00, 0.01, 0.00, 1, 1,  9,  39.7278036, -83.7049819,   319.0, 2025, 11, 23, 18, 18, 40,      310,      311, 135,  -2,   1.5,   0.8,   1.3,  0,  0, 29, 32,  0,  0, 20, 18, 30,  0,  0,  0,  0,  0,  0, 25,  0,  0,  0,  0,  0,  0,  0,  0,  0, 36, 22, 27,  0,  0, 36,  0
6, 11026, 11,KE8EXM,    59.60, 7,    main,   -9.32,  98301.00,  254.82,   -0.17,    0.02, 22.5, 3.30, 2.80, 4.08,   0.69,  -6.11,   7.67,  -0.26,  -0.19,   0.01,  -0.54,   0.15,   0.76, 119.07, 4.10, 0.00, 0.00, 0.01, 0.00, 1, 1,  9,  39.7278036, -83.7049819,   319.0, 2025, 11, 23, 18, 18, 40,      310,      311, 135,  -2,   1.5,   0.8,   1.3,  0,  0, 29, 32,  0,  0, 20, 18, 30,  0,  0,  0,  0,  0,  0, 25,  0,  0,  0,  0,  0,  0,  0,  0,  0, 36, 22, 27,  0,  0, 36,  0
6, 11026, 11,KE8EXM,    59.70, 7,    main,   -9.32,  98314.00,  253.71,   -1.28,    0.04, 22.5, 3.30, 2.80, 4.08,   0.70,  -6.08,   7.74,  -0.38,   0.30,  -0.11,  -0.54,   0.16,   0.76, 119.07, 4.10, 0.00, 0.00, 0.01, 0.00, 1, 1,  9,  39.7278036, -83.7049819,   319.0, 2025, 11, 23, 18, 18, 40,      310,      311, 135,  -2,   1.5,   0.8,   1.3,  0,  0, 29, 32,  0,  0, 20, 18, 30,  0,  0,  0,  0,  0,  0, 25,  0,  0,  0,  0,  0,  0,  0,  0,  0, 36, 22, 27,  0,  0, 36,  0
6, 11026, 11,KE8EXM,    59.80, 7,    main,   -8.83,  98317.00,  253.46,   -1.54,    0.05, 22.5, 3.30, 2.80, 4.08,   0.73,  -6.11,   7.71,  -0.26,  -0.43,   0.25,  -0.54,   0.16,   0.76, 119.07, 4.10, 0.00, 0.00, 0.01, 0.00, 1, 1,  9,  39.7278036, -83.7049819,   319.0, 2025, 11, 23, 18, 18, 40,      310,      311, 135,  -2,   1.5,   0.8,   1.3,  0,  0, 29, 32,  0,  0, 20, 18, 30,  0,  0,  0,  0,  0,  0, 25,  0,  0,  0,  0,  0,  0,  0,  0,  0, 36, 22, 27,  0,  0, 36,  0
6, 11026, 11,KE8EXM,    59.86, 7,    main,   -8.83,  98317.00,  253.46,   -1.54,    0.05, 22.5, 3.29, 2.79, 4.07,   0.73,  -6.11,   7.71,  -0.26,  -0.43,   0.25,  -0.54,   0.16,   0.76, 119.07, 4.06, 0.00, 0.00, 0.00, 0.00, 1, 1,  9,  39.7278036, -83.7049819,   319.0, 2025, 11, 23, 18, 18, 40,      310,      311, 135,  -2,   1.5,   0.8,   1.3,  0,  0, 29, 32,  0,  0, 20, 18, 30,  0,  0,  0,  0,  0,  0, 25,  0,  0,  0,  0,  0,  0,  0,  0,  0, 36, 22, 27,  0,  0, 36,  0
6, 11026, 11,KE8EXM,    59.90, 7,    main,   -8.83,  98307.00,  254.31,   -0.68,    0.06, 22.5, 3.29, 2.79, 4.07,   0.72,  -6.09,   7.72,   0.10,  -0.01,  -0.05,  -0.54,   0.16,   0.75, 119.07, 4.06, 0.00, 0.00, 0.00, 0.00, 1, 1,  9,  39.7278036, -83.7049819,   319.0, 2025, 11, 23, 18, 18, 40,      310,      311, 135,  -2,   1.5,   0.8,   1.3,  0,  0, 29, 32,  0,  0, 20, 18, 30,  0,  0,  0,  0,  0,  0, 25,  0,  0,  0,  0,  0,  0,  0,  0,  0, 36, 22, 27,  0,  0, 36,  0
6, 11026, 11,KE8EXM,    60.00, 7,    main,  -10.30,  98307.00,  254.31,   -0.68,    0.07, 22.5, 3.29, 2.79, 4.07,   0.70,  -6.09,   7.66,   0.16,  -0.01,   0.13,  -0.54,   0.16,   0.76, 119.06, 4.06, 0.00, 0.00, 0.00, 0.00, 1, 1,  9,  39.7278036, -83.7049819,   319.0, 2025, 11, 23, 18, 18, 40,      310,      311, 135,  -2,   1.5,   0.8,   1.3,  0,  0, 29, 32,  0,  0, 20, 18, 30,  0,  0,  0,  0,  0,  0, 25,  0,  0,  0,  0,  0,  0,  0,  0,  0, 36, 22, 27,  0,  0, 36,  0
6, 11026, 11,KE8EXM,    60.10, 7,    main,   -8.83,  98313.00,  253.80,   -1.19,    0.08, 22.5, 3.29, 2.79, 4.07,   0.72,  -6.11,   7.72,  -0.32,  -0.25,   0.07,  -0.54,   0.16,   0.76, 119.07, 4.06, 0.00, 0.00, 0.00, 0.00, 1, 1,  9,  39.7278036, -83.7049819,   319.0, 2025, 11, 23, 18, 18, 40,      310,      311, 135,  -2,   1.5,   0.8,   1.3,  0,  0, 29, 32,  0,  0, 20, 18, 30,  0,  0,  0,  0,  0,  0, 25,  0,  0,  0,  0,  0,  0,  0,  0,  0, 36, 22, 27,  0,  0, 36,  0
6, 11026, 11,KE8EXM,    60.16, 7,    main,   -8.83,  98313.00,  253.80,   -1.19,    0.08, 22.5, 3.29, 2.79, 4.07,   0.72,  -6.11,   7.72,  -0.32,  -0.25,   0.07,  -0.54,   0.16,   0.76, 119.07, 4.06, 0.00, 0.00, 0.00, 0.00, 1, 1,  9,  39.7278036, -83.7049819,   319.0, 2025, 11, 23, 18, 18, 40,      310,      311, 135,  -2,   1.5,   0.8,   1.3,  0,  0, 29, 32,  0,  0, 20, 18, 30,  0,  0,  0,  0,  0,  0, 25,  0,  0,  0,  0,  0,  0,  0,  0,  0, 36, 22, 27,  0,  0, 36,  0
6, 11026, 11,KE8EXM,    60.16, 7,    main,   -8.83,  98313.00,  253.80,   -1.19,    0.08, 22.5, 3.29, 2.79, 4.07,   0.72,  -6.11,   7.72,  -0.32,  -0.25,   0.07,  -0.54,   0.16,   0.76, 119.07, 4.06, 0.00, 0.00, 0.00, 0.00, 1, 1,  9,  39.7278036, -83.7049819,   319.0, 2025, 11, 23, 18, 18, 40,      310,      311, 135,  -2,   1.5,   0.8,   1.3,  0,  0, 29, 32,  0,  0, 20, 18, 30,  0,  0,  0,  0,  0,  0, 25,  0,  0,  0,  0,  0,  0,  0,  0,  0, 36, 22, 27,  0,  0, 36,  0
6, 11026, 11,KE8EXM,    60.18, 7,    main,   -8.83,  98313.00,  253.80,   -1.19,    0.08, 22.5, 3.28, 2.79, 4.07,   0.72,  -6.11,   7.72,  -0.32,  -0.25,   0.07,  -0.54,   0.16,   0.76, 119.07, 4.07, 0.00, 0.00, 0.00, 0.00, 1, 1,  9,  39.7278002, -83.7049819,   318.0, 2025, 11, 23, 18, 18, 41,      311,      311, 136,  -2,   1.5,   0.8,   1.3,  0,  0, 29, 32,  0,  0, 21, 17, 30,  0,  0,  0,  0,  0,  0, 25,  0,  0,  0,  0,  0,  0,  0,  0,  0, 36, 22, 27,  0,  0, 36,  0
6, 11026, 11,KE8EXM,    60.20, 7,    main,  -10.30,  98307.00,  254.31,   -0.68,    0.08, 22.5, 3.28, 2.79, 4.07,   0.73,  -6.06,   7.72,  -0.08,   0.18,   0.01,  -0.54,   0.16,   0.75, 119.06, 4.07, 0.00, 0.00, 0.00, 0.00, 1, 1,  9,  39.7278002, -83.7049819,   318.0, 2025, 11, 23, 18, 18, 41,      311,      311, 136,  -2,   1.5,   0.8,   1.3,  0,  0, 29, 32,  0,  0, 21, 17, 30,  0,  0,  0,  0,  0,  0, 25,  0,  0,  0,  0,  0,  0,  0,  0,  0, 36, 22, 27,  0,  0, 36,  0
6, 11026, 11,KE8EXM,    60.30, 7,    main,  -11.28,  98309.00,  254.14,   -0.85,    0.08, 22.5, 3.28, 2.79, 4.07,   0.73,  -6.09,   7.69,  -0.14,  -0.01,   0.25,  -0.54,   0.16,   0.76, 119.04, 4.07, 0.00, 0.00, 0.00, 0.00, 1, 1,  9,  39.7278002, -83.7049819,   318.0, 2025, 11, 23, 18, 18, 41,      311,      311, 136,  -2,   1.5,   0.8,   1.3,  0,  0, 29, 32,  0,  0, 21, 17, 30,  0,  0,  0,  0,  0,  0, 25,  0,  0,  0,  0,  0,  0,  0,  0,  0, 36, 22, 27,  0,  0, 36,  0
6, 11026, 11,KE8EXM,    60.40, 7,    main,  -10.30,  98312.00,  253.88,   -1.11,    0.08, 22.5, 3.28, 2.79, 4.07,   0.74,  -6.10,   7.71,   0.16,  -0.07,   0.07,  -0.54,   0.16,   0.76, 119.03, 4.07, 0.00, 0.00, 0.00, 0.00, 1, 1,  9,  39.7278002, -83.7049819,   318.0, 2025, 11, 23, 18, 18, 41,      311,      311, 136,  -2,   1.5,   0.8,   1.3,  0,  0, 29, 32,  0,  0, 21, 17, 30,  0,  0,  0,  0,  0,  0, 25,  0,  0,  0,  0,  0,  0,  0,  0,  0, 36, 22, 27,  0,  0, 36,  0
6, 11026, 11,KE8EXM,    60.50, 7,    main,  -11.28,  98307.00,  254.31,   -0.68,    0.07, 22.5, 3.28, 2.80, 4.08,   0.73,  -6.11,   7.68,  -0.26,   0.24,  -0.11,  -0.54,   0.16,   0.75, 119.03, 4.09, 0.00, 0.00, 0.00, 0.00, 1, 1,  9,  39.7278002, -83.7049819,   318.0, 2025, 11, 23, 18, 18, 41,      311,      311, 136,  -2,   1.5,   0.8,   1.3,  0,  0, 29, 32,  0,  0, 21, 17, 30,  0,  0,  0,  0,  0,  0, 25,  0,  0,  0,  0,  0,  0,  0,  0,  0, 36, 22, 27,  0,  0, 36,  0
6, 11026, 11,KE8EXM,    60.50, 7,    main,  -11.28,  98307.00,  254.31,   -0.68,    0.07, 22.5, 3.28, 2.80, 4.08,   0.73,  -6.11,   7.68,  -0.26,   0.24,  -0.11,  -0.54,   0.16,   0.75, 119.03, 4.09, 0.00, 0.00, 0.00, 0.00, 1, 1,  9,  39.7278002, -83.7049819,   318.0, 2025, 11, 23, 18, 18, 41,      311,      311, 136,  -2,   1.5,   0.8,   1.3,  0,  0, 29, 32,  0,  0, 21, 17, 30,  0,  0,  0,  0,  0,  0, 25,  0,  0,  0,  0,  0,  0,  0,  0,  0, 36, 22, 27,  0,  0, 36,  0
6, 11026, 11,KE8EXM,    60.60, 7,    main,  -10.79,  98315.00,  253.63,   -1.36,    0.07, 22.5, 3.28, 2.80, 4.08,   0.69,  -6.10,   7.73,  -0.38,  -0.31,   0.01,  -0.54,   0.16,   0.76, 119.05, 4.09, 0.00, 0.00, 0.00, 0.00, 1, 1,  9,  39.7278002, -83.7049819,   318.0, 2025, 11, 23, 18, 18, 41,      311,      311, 136,  -2,   1.5,   0.8,   1.3,  0,  0, 29, 32,  0,  0, 21, 17, 30,  0,  0,  0,  0,  0,  0, 25,  0,  0,  0,  0,  0,  0,  0,  0,  0, 36, 22, 27,  0,  0, 36,  0
6, 11026, 11,KE8EXM,    60.70, 7,    main,   -9.81,  98310.00,  254.05,   -0.94,    0.06, 22.5, 3.28, 2.80, 4.08,   0.71,  -6.10,   7.69,  -0.57,  -0.13,   0.25,  -0.54,   0.16,   0.76, 119.03, 4.09, 0.00, 0.00, 0.00, 0.00, 1, 1,  9,  39.7278002, -83.7049819,   318.0, 2025, 11, 23, 18, 18, 41,      311,      311, 136,  -2,   1.5,   0.8,   1.3,  0,  0, 29, 32,  0,  0, 21, 17, 30,  0,  0,  0,  0,  0,  0, 25,  0,  0,  0,  0,  0,  0,  0,  0,  0, 36, 22, 27,  0,  0, 36,  0
6, 11026, 11,KE8EXM,    60.80, 7,    main,   -9.81,  98306.00,  254.40,   -0.60,    0.05, 22.5, 3.28, 2.80, 4.08,   0.73,  -6.09,   7.67,   0.04,  -0.07,   0.07,  -0.54,   0.16,   0.75, 119.03, 4.09, 0.00, 0.00, 0.00, 0.00, 1, 1,  9,  39.7278002, -83.7049819,   318.0, 2025, 11, 23, 18, 18, 41,      311,      311, 136,  -2,   1.5,   0.8,   1.3,  0,  0, 29, 32,  0,  0, 21, 17, 30,  0,  0,  0,  0,  0,  0, 25,  0,  0,  0,  0,  0,  0,  0,  0,  0, 36, 22, 27,  0,  0, 36,  0
6, 11026, 11,KE8EXM,    60.82, 7,    main,   -9.81,  98306.00,  254.40,   -0.60,    0.05, 22.5, 3.29, 2.79, 4.07,   0.73,  -6.09,   7.67,   0.04,  -0.07,   0.07,  -0.54,   0.16,   0.75, 119.03, 4.07, 0.00, 0.00, 0.00, 0.00, 1, 1,  9,  39.7278002, -83.7049819,   318.0, 2025, 11, 23, 18, 18, 41,      311,      311, 136,  -2,   1.5,   0.8,   1.3,  0,  0, 29, 32,  0,  0, 21, 17, 30,  0,  0,  0,  0,  0,  0, 25,  0,  0,  0,  0,  0,  0,  0,  0,  0, 36, 22, 27,  0,  0, 36,  0
6, 11026, 11,KE8EXM,    60.90, 7,    main,   -9.32,  98306.00,  254.40,   -0.60,    0.05, 22.5, 3.29, 2.79, 4.07,   0.73,  -6.10,   7.70,   0.10,  -0.25,   0.13,  -0.54,   0.16,   0.76, 119.03, 4.07, 0.00, 0.00, 0.00, 0.00, 1, 1,  9,  39.7278002, -83.7049819,   318.0, 2025, 11, 23, 18, 18, 41,      311,      311, 136,  -2,   1.5,   0.8,   1.3,  0,  0, 29, 32,  0,  0, 21, 17, 30,  0,  0,  0,  0,  0,  0, 25,  0,  0,  0,  0,  0,  0,  0,  0,  0, 36, 22, 27,  0,  0, 36,  0
6, 11026, 11,KE8EXM,    61.00, 7,    main,  -10.79,  98312.00,  253.88,   -1.11,    0.05, 22.5, 3.29, 2.79, 4.07,   0.70,  -6.09,   7.71,  -0.26,  -0.13,  -0.11,  -0.54,   0.16,   0.76, 119.05, 4.07, 0.00, 0.00, 0.00, 0.00, 1, 1,  9,  39.7278002, -83.7049819,   318.0, 2025, 11, 23, 18, 18, 41,      311,      311, 136,  -2,   1.5,   0.8,   1.3,  0,  0, 29, 32,  0,  0, 21, 17, 30,  0,  0,  0,  0,  0,  0, 25,  0,  0,  0,  0,  0,  0,  0,  0,  0, 36, 22, 27,  0,  0, 36,  0
6, 11026, 11,KE8EXM,    61.10, 7,    main,   -8.83,  98308.00,  254.22,   -0.77,    0.05, 22.5, 3.29, 2.79, 4.07,   0.76,  -6.11,   7.67,  -0.81,  -0.25,   0.07,  -0.54,   0.15,   0.76, 119.05, 4.07, 0.00, 0.00, 0.00, 0.00, 1, 1,  9,  39.7278002, -83.7049819,   318.0, 2025, 11, 23, 18, 18, 41,      311,      311, 136,  -2,   1.5,   0.8,   1.3,  0,  0, 29, 32,  0,  0, 21, 17, 30,  0,  0,  0,  0,  0,  0, 25,  0,  0,  0,  0,  0,  0,  0,  0,  0, 36, 22, 27,  0,  0, 36,  0
6, 11026, 11,KE8EXM,    61.14, 7,    main,   -8.83,  98308.00,  254.22,   -0.77,    0.05, 22.5, 3.29, 2.80, 4.08,   0.76,  -6.11,   7.67,  -0.81,  -0.25,   0.07,  -0.54,   0.15,   0.76, 119.05, 4.09, 0.00, 0.00, 0.00, 0.00, 1, 1,  9,  39.7278002, -83.7049819,   318.0, 2025, 11, 23, 18, 18, 41,      311,      311, 136,  -2,   1.5,   0.8,   1.3,  0,  0, 29, 32,  0,  0, 21, 17, 30,  0,  0,  0,  0,  0,  0, 25,  0,  0,  0,  0,  0,  0,  0,  0,  0, 36, 22, 27,  0,  0, 36,  0
6, 11026, 11,KE8EXM,    61.16, 7,    main,   -8.83,  98308.00,  254.22,   -0.77,    0.05, 22.5, 3.29, 2.80, 4.08,   0.76,  -6.11,   7.67,  -0.81,  -0.25,   0.07,  -0.54,   0.15,   0.76, 119.05, 4.09, 0.00, 0.00, 0.00, 0.00, 1, 1,  9,  39.7278002, -83.7049819,   318.0, 2025, 11, 23, 18, 18, 41,      311,      311, 136,  -2,   1.5,   0.8,   1.3,  0,  0, 29, 32,  0,  0, 21, 17, 30,  0,  0,  0,  0,  0,  0, 25,  0,  0,  0,  0,  0,  0,  0,  0,  0, 36, 22, 27,  0,  0, 36,  0
6, 11026, 11,KE8EXM,    61.16, 7,    main,   -8.83,  98308.00,  254.22,   -0.77,    0.05, 22.5, 3.29, 2.80, 4.08,   0.76,  -6.11,   7.67,  -0.81,  -0.25,   0.07,  -0.54,   0.15,   0.76, 119.05, 4.09, 0.00, 0.00, 0.00, 0.00, 1, 1,  9,  39.7278002, -83.7049819,   318.0, 2025, 11, 23, 18, 18, 41,      311,      311, 136,  -2,   1.5,   0.8,   1.3,  0,  0, 29, 32,  0,  0, 21, 17, 30,  0,  0,  0,  0,  0,  0, 25,  0,  0,  0,  0,  0,  0,  0,  0,  0, 36, 22, 27,  0,  0, 36,  0
6, 11026, 11,KE8EXM,    61.20, 7,    main,   -9.32,  98313.00,  253.80,   -1.19,    0.05, 22.5, 3.29, 2.80, 4.08,   0.75,  -6.08,   7.72,  -0.08,  -0.19,  -0.05,  -0.54,   0.15,   0.76, 119.07, 4.09, 0.00, 0.00, 0.00, 0.00, 1, 1,  9,  39.7277984, -83.7049821,   318.0, 2025, 11, 23, 18, 18, 42,      311,      311, 136,  -2,   1.5,   0.8,   1.3,  0,  0, 29, 32,  0,  0, 20, 18, 30,  0,  0,  0,  0,  0,  0, 24,  0,  0,  0,  0,  0,  0,  0,  0,  0, 36, 21, 27,  0,  0, 36,  0
6, 11026, 11,KE8EXM,    61.30, 7,    main,   -9.32,  98310.00,  254.05,   -0.94,    0.05, 22.5, 3.29, 2.80, 4.08,   0.72,  -6.09,   7.70,  -0.20,   0.18,  -0.24,  -0.54,   0.15,   0.76, 119.08, 4.09, 0.00, 0.00, 0.00, 0.00, 1, 1,  9,  39.7277984, -83.7049821,   318.0, 2025, 11, 23, 18, 18, 42,      311,      311, 136,  -2,   1.5,   0.8,   1.3,  0,  0, 29, 32,  0,  0, 20, 18, 30,  0,  0,  0,  0,  0,  0, 24,  0,  0,  0,  0,  0,  0,  0,  0,  0, 36, 21, 27,  0,  0, 36,  0
6, 11026, 11,KE8EXM,    61.40, 7,    main,   -8.34,  98313.00,  253.80,   -1.19,    0.05, 22.5, 3.29, 2.80, 4.08,   0.70,  -6.11,   7.72,  -0.20,   0.06,   0.13,  -0.54,   0.15,   0.76, 119.06, 4.09, 0.00, 0.00, 0.00, 0.00, 1, 1,  9,  39.7277984, -83.7049821,   318.0, 2025, 11, 23, 18, 18, 42,      311,      311, 136,  -2,   1.5,   0.8,   1.3,  0,  0, 29, 32,  0,  0, 20, 18, 30,  0,  0,  0,  0,  0,  0, 24,  0,  0,  0,  0,  0,  0,  0,  0,  0, 36, 21, 27,  0,  0, 36,  0
6, 11026, 11,KE8EXM,    61.46, 7,    main,   -8.34,  98313.00,  253.80,   -1.19,    0.05, 22.5, 3.29, 2.79, 4.08,   0.70,  -6.11,   7.72,  -0.20,   0.06,   0.13,  -0.54,   0.15,   0.76, 119.06, 4.09, 0.00, 0.00, 0.01, 0.00, 1, 1,  9,  39.7277984, -83.7049821,   318.0, 2025, 11, 23, 18, 18, 42,      311,      311, 136,  -2,   1.5,   0.8,   1.3,  0,  0, 29, 32,  0,  0, 20, 18, 30,  0,  0,  0,  0,  0,  0, 24,  0,  0,  0,  0,  0,  0,  0,  0,  0, 36, 21, 27,  0,  0, 36,  0
6, 11026, 11,KE8EXM,    61.50, 7,    main,  -11.28,  98308.00,  254.22,   -0.77,    0.04, 22.5, 3.29, 2.79, 4.08,   0.73,  -6.05,   7.72,   0.10,   0.18,  -0.11,  -0.54,   0.15,   0.76, 119.07, 4.09, 0.00, 0.00, 0.01, 0.00, 1, 1,  9,  39.7277984, -83.7049821,   318.0, 2025, 11, 23, 18, 18, 42,      311,      311, 136,  -2,   1.5,   0.8,   1.3,  0,  0, 29, 32,  0,  0, 20, 18, 30,  0,  0,  0,  0,  0,  0, 24,  0,  0,  0,  0,  0,  0,  0,  0,  0, 36, 21, 27,  0,  0, 36,  0
6, 11026, 11,KE8EXM,    61.60, 7,    main,   -8.34,  98310.00,  254.05,   -0.94,    0.05, 22.5, 3.29, 2.79, 4.08,   0.73,  -6.11,   7.72,   0.78,   0.18,   0.01,  -0.54,   0.16,   0.76, 119.06, 4.09, 0.00, 0.00, 0.01, 0.00, 1, 1,  9,  39.7277984, -83.7049821,   318.0, 2025, 11, 23, 18, 18, 42,      311,      311, 136,  -2,   1.5,   0.8,   1.3,  0,  0, 29, 32,  0,  0, 20, 18, 30,  0,  0,  0,  0,  0,  0, 24,  0,  0,  0,  0,  0,  0,  0,  0,  0, 36, 21, 27,  0,  0, 36,  0
6, 11026, 11,KE8EXM,    61.70, 7,    main,   -8.83,  98311.00,  253.97,   -1.02,    0.05, 22.5, 3.29, 2.79, 4.08,   0.72,  -6.10,   7.72,  -0.08,   0.18,  -0.18,  -0.54,   0.16,   0.76, 119.06, 4.09, 0.00, 0.00, 0.01, 0.00, 1, 1,  9,  39.7277984, -83.7049821,   318.0, 2025, 11, 23, 18, 18, 42,      311,      311, 136,  -2,   1.5,   0.8,   1.3,  0,  0, 29, 32,  0,  0, 20, 18, 30,  0,  0,  0,  0,  0,  0, 24,  0,  0,  0,  0,  0,  0,  0,  0,  0, 36, 21, 27,  0,  0, 36,  0
6, 11026, 11,KE8EXM,    61.78, 7,    main,   -8.83,  98311.00,  253.97,   -1.02,    0.05, 22.5, 3.31, 2.79, 4.08,   0.72,  -6.10,   7.72,  -0.08,   0.18,  -0.18,  -0.54,   0.16,   0.76, 119.06, 4.09, 0.00, 0.00, 0.00, 0.00, 1, 1,  9,  39.7277984, -83.7049821,   318.0, 2025, 11, 23, 18, 18, 42,      311,      311, 136,  -2,   1.5,   0.8,   1.3,  0,  0, 29, 32,  0,  0, 20, 18, 30,  0,  0,  0,  0,  0,  0, 24,  0,  0,  0,  0,  0,  0,  0,  0,  0, 36, 21, 27,  0,  0, 36,  0
6, 11026, 11,KE8EXM,    61.80, 7,    main,   -9.32,  98310.00,  254.05,   -0.94,    0.04, 22.5, 3.31, 2.79, 4.08,   0.71,  -6.11,   7.71,  -0.14,   0.18,  -0.11,  -0.54,   0.16,   0.75, 119.06, 4.09, 0.00, 0.00, 0.00, 0.00, 1, 1,  9,  39.7277984, -83.7049821,   318.0, 2025, 11, 23, 18, 18, 42,      311,      311, 136,  -2,   1.5,   0.8,   1.3,  0,  0, 29, 32,  0,  0, 20, 18, 30,  0,  0,  0,  0,  0,  0, 24,  0,  0,  0,  0,  0,  0,  0,  0,  0, 36, 21, 27,  0,  0, 36,  0
6, 11026, 11,KE8EXM,    61.90, 7,    main,   -8.83,  98308.00,  254.22,   -0.77,    0.03, 22.5, 3.31, 2.79, 4.08,   0.73,  -6.08,   7.72,  -0.45,   0.18,   0.01,  -0.54,   0.16,   0.76, 119.06, 4.09, 0.00, 0.00, 0.00, 0.00, 1, 1,  9,  39.7277984, -83.7049821,   318.0, 2025, 11, 23, 18, 18, 42,      311,      311, 136,  -2,   1.5,   0.8,   1.3,  0,  0, 29, 32,  0,  0, 20, 18, 30,  0,  0,  0,  0,  0,  0, 24,  0,  0,  0,  0,  0,  0,  0,  0,  0, 36, 21, 27,  0,  0, 36,  0
6, 11026, 11,KE8EXM,    62.00, 7,    main,   -9.81,  98302.00,  254.74,   -0.26,    0.02, 22.5, 3.31, 2.79, 4.08,   0.68,  -6.08,   7.72,  -0.14,   0.36,  -0.11,  -0.54,   0.16,   0.76, 119.05, 4.09, 0.00, 0.00, 0.00, 0.00, 1, 1,  9,  39.7277984, -83.7049821,   318.0, 2025, 11, 23, 18, 18, 42,      311,      311, 136,  -2,   1.5,   0.8,   1.3,  0,  0, 29, 32,  0,  0, 20, 18, 30,  0,  0,  0,  0,  0,  0, 24,  0,  0,  0,  0,  0,  0,  0,  0,  0, 36, 21, 27,  0,  0, 36,  0
6, 11026, 11,KE8EXM,    62.10, 7,    main,  -11.28,  98309.00,  254.14,   -0.85,    0.01, 22.5, 3.32, 2.79, 4.08,   0.68,  -6.13,   7.74,   0.59,  -0.25,  -0.05,  -0.54,   0.15,   0.76, 119.06, 4.09, 0.00, 0.00, 0.00, 0.00, 1, 1,  9,  39.7277984, -83.7049821,   318.0, 2025, 11, 23, 18, 18, 42,      311,      311, 136,  -2,   1.5,   0.8,   1.3,  0,  0, 29, 32,  0,  0, 20, 18, 30,  0,  0,  0,  0,  0,  0, 24,  0,  0,  0,  0,  0,  0,  0,  0,  0, 36, 21, 27,  0,  0, 36,  0
6, 11026, 11,KE8EXM,    62.10, 7,    main,  -11.28,  98309.00,  254.14,   -0.85,    0.01, 22.5, 3.32, 2.79, 4.08,   0.68,  -6.13,   7.74,   0.59,  -0.25,  -0.05,  -0.54,   0.15,   0.76, 119.06, 4.09, 0.00, 0.00, 0.00, 0.00, 1, 1,  9,  39.7277984, -83.7049821,   318.0, 2025, 11, 23, 18, 18, 42,      311,      311, 136,  -2,   1.5,   0.8,   1.3,  0,  0, 29, 32,  0,  0, 20, 18, 30,  0,  0,  0,  0,  0,  0, 24,  0,  0,  0,  0,  0,  0,  0,  0,  0, 36, 21, 27,  0,  0, 36,  0
6, 11026, 11,KE8EXM,    62.16, 7,    main,  -11.28,  98309.00,  254.14,   -0.85,    0.01, 22.5, 3.32, 2.79, 4.08,   0.68,  -6.13,   7.74,   0.59,  -0.25,  -0.05,  -0.54,   0.15,   0.76, 119.06, 4.09, 0.00, 0.00, 0.00, 0.00, 1, 1,  9,  39.7277984, -83.7049821,   318.0, 2025, 11, 23, 18, 18, 42,      311,      311, 136,  -2,   1.5,   0.8,   1.3,  0,  0, 29, 32,  0,  0, 20, 18, 30,  0,  0,  0,  0,  0,  0, 24,  0,  0,  0,  0,  0,  0,  0,  0,  0, 36, 21, 27,  0,  0, 36,  0
6, 11026, 11,KE8EXM,    62.16, 7,    main,  -11.28,  98309.00,  254.14,   -0.85,    0.01, 22.5, 3.32, 2.79, 4.08,   0.68,  -6.13,   7.74,   0.59,  -0.25,  -0.05,  -0.54,   0.15,   0.76, 119.06, 4.09, 0.00, 0.00, 0.00, 0.00, 1, 1,  9,  39.7277984, -83.7049821,   318.0, 2025, 11, 23, 18, 18, 42,      311,      311, 136,  -2,   1.5,   0.8,   1.3,  0,  0, 29, 32,  0,  0, 20, 18, 30,  0,  0,  0,  0,  0,  0, 24,  0,  0,  0,  0,  0,  0,  0,  0,  0, 36, 21, 27,  0,  0, 36,  0
6, 11026, 11,KE8EXM,    62.20, 7,    main,   -8.83,  98316.00,  253.54,   -1.45,   -0.00, 22.5, 3.32, 2.79, 4.08,   0.71,  -6.09,   7.74,  -0.08,  -0.07,  -0.05,  -0.54,   0.15,   0.75, 119.07, 4.09, 0.00, 0.00, 0.00, 0.00, 1, 1,  9,  39.7277951, -83.7049826,   318.0, 2025, 11, 23, 18, 18, 43,      311,      311, 136,  -2,   1.5,   0.8,   1.3,  0,  0, 29, 31,  0,  0, 20, 17, 30,  0,  0,  0,  0,  0,  0, 24,  0,  0,  0,  0,  0,  0,  0,  0,  0, 36, 21, 27,  0,  0, 36,  0
6, 11026, 11,KE8EXM,    62.30, 7,    main,   -8.83,  98305.00,  254.48,   -0.51,   -0.01, 22.5, 3.32, 2.79, 4.08,   0.73,  -6.08,   7.71,  -0.38,  -0.01,  -0.18,  -0.54,   0.15,   0.76, 119.09, 4.09, 0.00, 0.00, 0.00, 0.00, 1, 1,  9,  39.7277951, -83.7049826,   318.0, 2025, 11, 23, 18, 18, 43,      311,      311, 136,  -2,   1.5,   0.8,   1.3,  0,  0, 29, 31,  0,  0, 20, 17, 30,  0,  0,  0,  0,  0,  0, 24,  0,  0,  0,  0,  0,  0,  0,  0,  0, 36, 21, 27,  0,  0, 36,  0
6, 11026, 11,KE8EXM,    62.40, 7,    main,   -9.32,  98311.00,  253.97,   -1.02,   -0.03, 22.5, 3.32, 2.79, 4.08,   0.69,  -6.11,   7.67,  -0.75,  -0.25,   0.01,  -0.54,   0.15,   0.76, 119.10, 4.09, 0.00, 0.00, 0.00, 0.00, 1, 1,  9,  39.7277951, -83.7049826,   318.0, 2025, 11, 23, 18, 18, 43,      311,      311, 136,  -2,   1.5,   0.8,   1.3,  0,  0, 29, 31,  0,  0, 20, 17, 30,  0,  0,  0,  0,  0,  0, 24,  0,  0,  0,  0,  0,  0,  0,  0,  0, 36, 21, 27,  0,  0, 36,  0
6, 11026, 11,KE8EXM,    62.42, 7,    main,   -9.32,  98311.00,  253.97,   -1.02,   -0.03, 22.5, 3.31, 2.79, 4.08,   0.69,  -6.11,   7.67,  -0.75,  -0.25,   0.01,  -0.54,   0.15,   0.76, 119.10, 4.09, 0.00, 0.00, 0.00, 0.00, 1, 1,  9,  39.7277951, -83.7049826,   318.0, 2025, 11, 23, 18, 18, 43,      311,      311, 136,  -2,   1.5,   0.8,   1.3,  0,  0, 29, 31,  0,  0, 20, 17, 30,  0,  0,  0,  0,  0,  0, 24,  0,  0,  0,  0,  0,  0,  0,  0,  0, 36, 21, 27,  0,  0, 36,  0
6, 11026, 11,KE8EXM,    62.50, 7,    main,   -9.81,  98307.00,  254.31,   -0.68,   -0.05, 22.5, 3.31, 2.79, 4.08,   0.70,  -6.05,   7.76,  -0.63,  -0.13,  -0.18,  -0.54,   0.15,   0.76, 119.12, 4.09, 0.00, 0.00, 0.00, 0.00, 1, 1,  9,  39.7277951, -83.7049826,   318.0, 2025, 11, 23, 18, 18, 43,      311,      311, 136,  -2,   1.5,   0.8,   1.3,  0,  0, 29, 31,  0,  0, 20, 17, 30,  0,  0,  0,  0,  0,  0, 24,  0,  0,  0,  0,  0,  0,  0,  0,  0, 36, 21, 27,  0,  0, 36,  0
6, 11026, 11,KE8EXM,    62.60, 7,    main,  -10.30,  98309.00,  254.14,   -0.85,   -0.06, 22.5, 3.31, 2.79, 4.08,   0.70,  -6.09,   7.74,   0.10,  -0.31,  -0.05,  -0.54,   0.15,   0.76, 119.14, 4.09, 0.00, 0.00, 0.00, 0.00, 1, 1,  9,  39.7277951, -83.7049826,   318.0, 2025, 11, 23, 18, 18, 43,      311,      311, 136,  -2,   1.5,   0.8,   1.3,  0,  0, 29, 31,  0,  0, 20, 17, 30,  0,  0,  0,  0,  0,  0, 24,  0,  0,  0,  0,  0,  0,  0,  0,  0, 36, 21, 27,  0,  0, 36,  0
6, 11026, 11,KE8EXM,    62.70, 7,    main,   -8.34,  98308.00,  254.22,   -0.77,   -0.07, 22.5, 3.31, 2.79, 4.08,   0.73,  -6.10,   7.70,  -0.26,  -0.25,   0.13,  -0.54,   0.15,   0.76, 119.14, 4.09, 0.00, 0.00, 0.00, 0.00, 1, 1,  9,  39.7277951, -83.7049826,   318.0, 2025, 11, 23, 18, 18, 43,      311,      311, 136,  -2,   1.5,   0.8,   1.3,  0,  0, 29, 31,  0,  0, 20, 17, 30,  0,  0,  0,  0,  0,  0, 24,  0,  0,  0,  0,  0,  0,  0,  0,  0, 36, 21, 27,  0,  0, 36,  0
6, 11026, 11,KE8EXM,    62.74, 7,    main,   -8.34,  98308.00,  254.22,   -0.77,   -0.07, 22.5, 3.31, 2.77, 4.07,   0.73,  -6.10,   7.70,  -0.26,  -0.25,   0.13,  -0.54,   0.15,   0.76, 119.14, 4.07, 0.00, 0.00, 0.01, 0.00, 1, 1,  9,  39.7277951, -83.7049826,   318.0, 2025, 11, 23, 18, 18, 43,      311,      311, 136,  -2,   1.5,   0.8,   1.3,  0,  0, 29, 31,  0,  0, 20, 17, 30,  0,  0,  0,  0,  0,  0, 24,  0,  0,  0,  0,  0,  0,  0,  0,  0, 36, 21, 27,  0,  0, 36,  0
6, 11026, 11,KE8EXM,    62.80, 7,    main,   -9.32,  98308.00,  254.22,   -0.77,   -0.08, 22.5, 3.31, 2.77, 4.07,   0.70,  -6.11,   7.73,   0.65,   0.12,   0.31,  -0.54,   0.16,   0.76, 119.11, 4.07, 0.00, 0.00, 0.01, 0.00, 1, 1,  9,  39.7277951, -83.7049826,   318.0, 2025, 11, 23, 18, 18, 43,      311,      311, 136,  -2,   1.5,   0.8,   1.3,  0,  0, 29, 31,  0,  0, 20, 17, 30,  0,  0,  0,  0,  0,  0, 24,  0,  0,  0,  0,  0,  0,  0,  0,  0, 36, 21, 27,  0,  0, 36,  0
6, 11026, 11,KE8EXM,    62.90, 7,    main,  -10.30,  98313.00,  253.80,   -1.19,   -0.08, 22.5, 3.31, 2.77, 4.07,   0.73,  -6.10,   7.74,  -0.26,   0.42,  -0.05,  -0.54,   0.16,   0.76, 119.09, 4.07, 0.00, 0.00, 0.01, 0.00, 1, 1,  9,  39.7277951, -83.7049826,   318.0, 2025, 11, 23, 18, 18, 43,      311,      311, 136,  -2,   1.5,   0.8,   1.3,  0,  0, 29, 31,  0,  0, 20, 17, 30,  0,  0,  0,  0,  0,  0, 24,  0,  0,  0,  0,  0,  0,  0,  0,  0, 36, 21, 27,  0,  0, 36,  0
6, 11026, 11,KE8EXM,    63.00, 7,    main,  -11.28,  98310.00,  254.05,   -0.94,   -0.09, 22.5, 3.31, 2.77, 4.07,   0.73,  -6.12,   7.70,   0.10,  -0.13,   0.01,  -0.54,   0.15,   0.76, 119.10, 4.07, 0.00, 0.00, 0.01, 0.00, 1, 1,  9,  39.7277951, -83.7049826,   318.0, 2025, 11, 23, 18, 18, 43,      311,      311, 136,  -2,   1.5,   0.8,   1.3,  0,  0, 29, 31,  0,  0, 20, 17, 30,  0,  0,  0,  0,  0,  0, 24,  0,  0,  0,  0,  0,  0,  0,  0,  0, 36, 21, 27,  0,  0, 36,  0
6, 11026, 11,KE8EXM,    63.06, 7,    main,  -11.28,  98310.00,  254.05,   -0.94,   -0.09, 22.5, 3.32, 2.79, 4.08,   0.73,  -6.12,   7.70,   0.10,  -0.13,   0.01,  -0.54,   0.15,   0.76, 119.10, 4.08, 0.00, 0.00, 0.00, 0.00, 1, 1,  9,  39.7277951, -83.7049826,   318.0, 2025, 11, 23, 18, 18, 43,      311,      311, 136,  -2,   1.5,   0.8,   1.3,  0,  0, 29, 31,  0,  0, 20, 17, 30,  0,  0,  0,  0,  0,  0, 24,  0,  0,  0,  0,  0,  0,  0,  0,  0, 36, 21, 27,  0,  0, 36,  0
6, 11026, 11,KE8EXM,    63.10, 7,    main,   -9.81,  98299.00,  254.99,    0.00,   -0.09, 22.5, 3.32, 2.79, 4.08,   0.72,  -6.07,   7.72,  -0.02,   0.30,   0.07,  -0.54,   0.15,   0.76, 119.08, 4.08, 0.00, 0.00, 0.00, 0.00, 1, 1,  9,  39.7277951, -83.7049826,   318.0, 2025, 11, 23, 18, 18, 43,      311,      311, 136,  -2,   1.5,   0.8,   1.3,  0,  0, 29, 31,  0,  0, 20, 17, 30,  0,  0,  0,  0,  0,  0, 24,  0,  0,  0,  0,  0,  0,  0,  0,  0, 36, 21, 27,  0,  0, 36,  0
6, 11026, 11,KE8EXM,    63.16, 7,    main,   -9.81,  98299.00,  254.99,    0.00,   -0.09, 22.5, 3.32, 2.79, 4.08,   0.72,  -6.07,   7.72,  -0.02,   0.30,   0.07,  -0.54,   0.15,   0.76, 119.08, 4.08, 0.00, 0.00, 0.00, 0.00, 1, 1,  9,  39.7277951, -83.7049826,   318.0, 2025, 11, 23, 18, 18, 43,      311,      311, 136,  -2,   1.5,   0.8,   1.3,  0,  0, 29, 31,  0,  0, 20, 17, 30,  0,  0,  0,  0,  0,  0, 24,  0,  0,  0,  0,  0,  0,  0,  0,  0, 36, 21, 27,  0,  0, 36,  0
6, 11026, 11,KE8EXM,    63.16, 7,    main,   -9.81,  98299.00,  254.99,    0.00,   -0.09, 22.5, 3.32, 2.79, 4.08,   0.72,  -6.07,   7.72,  -0.02,   0.30,   0.07,  -0.54,   0.15,   0.76, 119.08, 4.08, 0.00, 0.00, 0.00, 0.00, 1, 1,  9,  39.7277951, -83.7049826,   318.0, 2025, 11, 23, 18, 18, 43,      311,      311, 136,  -2,   1.5,   0.8,   1.3,  0,  0, 29, 31,  0,  0, 20, 17, 30,  0,  0,  0,  0,  0,  0, 24,  0,  0,  0,  0,  0,  0,  0,  0,  0, 36, 21, 27,  0,  0, 36,  0
6, 11026, 11,KE8EXM,    63.20, 7,    main,  -10.30,  98310.00,  254.05,   -0.94,   -0.08, 22.5, 3.32, 2.79, 4.08,   0.70,  -6.08,   7.70,   0.16,  -0.01,   0.07,  -0.54,   0.15,   0.76, 119.07, 4.08, 0.00, 0.00, 0.00, 0.00, 1, 1,  9,  39.7277905, -83.7049830,   318.0, 2025, 11, 23, 18, 18, 44,      311,      312, 136,  -2,   1.5,   0.8,   1.3,  0,  0, 29, 31,  0,  0, 20, 16, 29,  0,  0,  0,  0,  0,  0, 25,  0,  0,  0,  0,  0,  0,  0,  0,  0, 36, 21, 27,  0,  0, 36,  0
6, 11026, 11,KE8EXM,    63.30, 7,    main,   -7.85,  98312.00,  253.88,   -1.11,   -0.08, 22.5, 3.32, 2.79, 4.08,   0.73,  -6.04,   7.76,  -0.26,  -0.07,  -0.11,  -0.54,   0.15,   0.76, 119.09, 4.08, 0.00, 0.00, 0.00, 0.00, 1, 1,  9,  39.7277905, -83.7049830,   318.0, 2025, 11, 23, 18, 18, 44,      311,      312, 136,  -2,   1.5,   0.8,   1.3,  0,  0, 29, 31,  0,  0, 20, 16, 29,  0,  0,  0,  0,  0,  0, 25,  0,  0,  0,  0,  0,  0,  0,  0,  0, 36, 21, 27,  0,  0, 36,  0
6, 11026, 11,KE8EXM,    63.38, 7,    main,   -7.85,  98312.00,  253.88,   -1.11,   -0.08, 22.5, 3.33, 2.79, 4.08,   0.73,  -6.04,   7.76,  -0.26,  -0.07,  -0.11,  -0.54,   0.15,   0.76, 119.09, 4.10, 0.00, 0.00, 0.00, 0.00, 1, 1,  9,  39.7277905, -83.7049830,   318.0, 2025, 11, 23, 18, 18, 44,      311,      312, 136,  -2,   1.5,   0.8,   1.3,  0,  0, 29, 31,  0,  0, 20, 16, 29,  0,  0,  0,  0,  0,  0, 25,  0,  0,  0,  0,  0,  0,  0,  0,  0, 36, 21, 27,  0,  0, 36,  0
6, 11026, 11,KE8EXM,    63.40, 7,    main,   -8.34,  98310.00,  254.05,   -0.94,   -0.07, 22.5, 3.33, 2.79, 4.08,   0.70,  -6.09,   7.69,   0.04,  -0.07,  -0.18,  -0.54,   0.15,   0.76, 119.10, 4.10, 0.00, 0.00, 0.00, 0.00, 1, 1,  9,  39.7277905, -83.7049830,   318.0, 2025, 11, 23, 18, 18, 44,      311,      312, 136,  -2,   1.5,   0.8,   1.3,  0,  0, 29, 31,  0,  0, 20, 16, 29,  0,  0,  0,  0,  0,  0, 25,  0,  0,  0,  0,  0,  0,  0,  0,  0, 36, 21, 27,  0,  0, 36,  0
6, 11026, 11,KE8EXM,    63.50, 7,    main,  -10.79,  98311.00,  253.97,   -1.02,   -0.06, 22.5, 3.33, 2.79, 4.08,   0.73,  -6.06,   7.72,   0.59,   0.12,   0.19,  -0.54,   0.15,   0.76, 119.08, 4.10, 0.00, 0.00, 0.00, 0.00, 1, 1,  9,  39.7277905, -83.7049830,   318.0, 2025, 11, 23, 18, 18, 44,      311,      312, 136,  -2,   1.5,   0.8,   1.3,  0,  0, 29, 31,  0,  0, 20, 16, 29,  0,  0,  0,  0,  0,  0, 25,  0,  0,  0,  0,  0,  0,  0,  0,  0, 36, 21, 27,  0,  0, 36,  0
6, 11026, 11,KE8EXM,    63.60, 7,    main,  -10.30,  98308.00,  254.22,   -0.77,   -0.04, 22.5, 3.33, 2.79, 4.08,   0.71,  -6.13,   7.72,   0.29,  -0.19,   0.07,  -0.54,   0.15,   0.76, 119.09, 4.10, 0.00, 0.00, 0.00, 0.00, 1, 1,  9,  39.7277905, -83.7049830,   318.0, 2025, 11, 23, 18, 18, 44,      311,      312, 136,  -2,   1.5,   0.8,   1.3,  0,  0, 29, 31,  0,  0, 20, 16, 29,  0,  0,  0,  0,  0,  0, 25,  0,  0,  0,  0,  0,  0,  0,  0,  0, 36, 21, 27,  0,  0, 36,  0
6, 11026, 11,KE8EXM,    63.70, 7,    main,   -9.81,  98312.00,  253.88,   -1.11,   -0.03, 22.5, 3.32, 2.77, 4.07,   0.73,  -6.10,   7.72,   0.84,  -0.13,  -0.11,  -0.54,   0.16,   0.75, 119.10, 4.07, 0.01, 0.00, 0.00, 0.15, 1, 1,  9,  39.7277905, -83.7049830,   318.0, 2025, 11, 23, 18, 18, 44,      311,      312, 136,  -2,   1.5,   0.8,   1.3,  0,  0, 29, 31,  0,  0, 20, 16, 29,  0,  0,  0,  0,  0,  0, 25,  0,  0,  0,  0,  0,  0,  0,  0,  0, 36, 21, 27,  0,  0, 36,  0
6, 11026, 11,KE8EXM,    63.70, 7,    main,   -9.81,  98312.00,  253.88,   -1.11,   -0.03, 22.5, 3.32, 2.77, 4.07,   0.73,  -6.10,   7.72,   0.84,  -0.13,  -0.11,  -0.54,   0.16,   0.75, 119.10, 4.07, 0.01, 0.00, 0.00, 0.15, 1, 1,  9,  39.7277905, -83.7049830,   318.0, 2025, 11, 23, 18, 18, 44,      311,      312, 136,  -2,   1.5,   0.8,   1.3,  0,  0, 29, 31,  0,  0, 20, 16, 29,  0,  0,  0,  0,  0,  0, 25,  0,  0,  0,  0,  0,  0,  0,  0,  0, 36, 21, 27,  0,  0, 36,  0
6, 11026, 11,KE8EXM,    63.80, 7,    main,  -10.30,  98318.00,  253.37,   -1.62,   -0.01, 22.5, 3.32, 2.77, 4.07,   0.70,  -6.05,   7.71,  -0.26,  -0.07,   0.13,  -0.54,   0.16,   0.76, 119.09, 4.07, 0.01, 0.00, 0.00, 0.15, 1, 1,  9,  39.7277905, -83.7049830,   318.0, 2025, 11, 23, 18, 18, 44,      311,      312, 136,  -2,   1.5,   0.8,   1.3,  0,  0, 29, 31,  0,  0, 20, 16, 29,  0,  0,  0,  0,  0,  0, 25,  0,  0,  0,  0,  0,  0,  0,  0,  0, 36, 21, 27,  0,  0, 36,  0
6, 11026, 11,KE8EXM,    63.90, 7,    main,   -8.34,  98316.00,  253.54,   -1.45,    0.01, 22.5, 3.32, 2.77, 4.07,   0.70,  -6.09,   7.74,   0.53,  -0.07,  -0.05,  -0.54,   0.16,   0.76, 119.10, 4.07, 0.01, 0.00, 0.00, 0.15, 1, 1,  9,  39.7277905, -83.7049830,   318.0, 2025, 11, 23, 18, 18, 44,      311,      312, 136,  -2,   1.5,   0.8,   1.3,  0,  0, 29, 31,  0,  0, 20, 16, 29,  0,  0,  0,  0,  0,  0, 25,  0,  0,  0,  0,  0,  0,  0,  0,  0, 36, 21, 27,  0,  0, 36,  0
6, 11026, 11,KE8EXM,    64.00, 7,    main,   -7.85,  98317.00,  253.46,   -1.54,    0.03, 22.5, 3.32, 2.77, 4.07,   0.70,  -6.09,   7.70,   0.71,   0.18,   0.07,  -0.54,   0.15,   0.75, 119.09, 4.07, 0.01, 0.00, 0.00, 0.15, 1, 1,  9,  39.7277905, -83.7049830,   318.0, 2025, 11, 23, 18, 18, 44,      311,      312, 136,  -2,   1.5,   0.8,   1.3,  0,  0, 29, 31,  0,  0, 20, 16, 29,  0,  0,  0,  0,  0,  0, 25,  0,  0,  0,  0,  0,  0,  0,  0,  0, 36, 21, 27,  0,  0, 36,  0
6, 11026, 11,KE8EXM,    64.02, 7,    main,   -7.85,  98317.00,  253.46,   -1.54,    0.03, 22.5, 3.34, 2.79, 4.08,   0.70,  -6.09,   7.70,   0.71,   0.18,   0.07,  -0.54,   0.15,   0.75, 119.09, 4.10, 0.00, 0.00, 0.01, 0.00, 1, 1,  9,  39.7277905, -83.7049830,   318.0, 2025, 11, 23, 18, 18, 44,      311,      312, 136,  -2,   1.5,   0.8,   1.3,  0,  0, 29, 31,  0,  0, 20, 16, 29,  0,  0,  0,  0,  0,  0, 25,  0,  0,  0,  0,  0,  0,  0,  0,  0, 36, 21, 27,  0,  0, 36,  0
6, 11026, 11,KE8EXM,    64.10, 7,    main,  -10.30,  98303.00,  254.65,   -0.34,    0.05, 22.5, 3.34, 2.79, 4.08,   0.74,  -6.13,   7.74,   0.16,   0.06,   0.01,  -0.54,   0.15,   0.76, 119.08, 4.10, 0.00, 0.00, 0.01, 0.00, 1, 1,  9,  39.7277905, -83.7049830,   318.0, 2025, 11, 23, 18, 18, 44,      311,      312, 136,  -2,   1.5,   0.8,   1.3,  0,  0, 29, 31,  0,  0, 20, 16, 29,  0,  0,  0,  0,  0,  0, 25,  0,  0,  0,  0,  0,  0,  0,  0,  0, 36, 21, 27,  0,  0, 36,  0
6, 11026, 11,KE8EXM,    64.16, 7,    main,  -10.30,  98303.00,  254.65,   -0.34,    0.05, 22.5, 3.34, 2.79, 4.08,   0.74,  -6.13,   7.74,   0.16,   0.06,   0.01,  -0.54,   0.15,   0.76, 119.08, 4.10, 0.00, 0.00, 0.01, 0.00, 1, 1,  9,  39.7277905, -83.7049830,   318.0, 2025, 11, 23, 18, 18, 44,      311,      312, 136,  -2,   1.5,   0.8,   1.3,  0,  0, 29, 31,  0,  0, 20, 16, 29,  0,  0,  0,  0,  0,  0, 25,  0,  0,  0,  0,  0,  0,  0,  0,  0, 36, 21, 27,  0,  0, 36,  0
6, 11026, 11,KE8EXM,    64.16, 7,    main,  -10.30,  98303.00,  254.65,   -0.34,    0.05, 22.5, 3.34, 2.79, 4.08,   0.74,  -6.13,   7.74,   0.16,   0.06,   0.01,  -0.54,   0.15,   0.76, 119.08, 4.10, 0.00, 0.00, 0.01, 0.00, 1, 1,  9,  39.7277905, -83.7049830,   318.0, 2025, 11, 23, 18, 18, 44,      311,      312, 136,  -2,   1.5,   0.8,   1.3,  0,  0, 29, 31,  0,  0, 20, 16, 29,  0,  0,  0,  0,  0,  0, 25,  0,  0,  0,  0,  0,  0,  0,  0,  0, 36, 21, 27,  0,  0, 36,  0
6, 11026, 11,KE8EXM,    64.20, 7,    main,   -8.83,  98309.00,  254.14,   -0.85,    0.07, 22.5, 3.34, 2.79, 4.08,   0.75,  -6.09,   7.70,  -0.08,  -0.31,   0.13,  -0.54,   0.15,   0.76, 119.09, 4.10, 0.00, 0.00, 0.01, 0.00, 1, 1,  9,  39.7277863, -83.7049845,   317.0, 2025, 11, 23, 18, 18, 45,      312,      312, 136,  -2,   1.5,   0.8,   1.3,  0,  0, 29, 31,  0,  0, 20, 16, 29,  0,  0,  0,  0,  0,  0, 24,  0,  0,  0,  0,  0,  0,  0,  0,  0, 36, 21, 27,  0,  0, 36,  0
6, 11026, 11,KE8EXM,    64.30, 7,    main,   -9.81,  98309.00,  254.14,   -0.85,    0.09, 22.5, 3.34, 2.79, 4.08,   0.68,  -6.09,   7.74,  -0.20,   0.12,  -0.05,  -0.54,   0.15,   0.76, 119.09, 4.10, 0.00, 0.00, 0.01, 0.00, 1, 1,  9,  39.7277863, -83.7049845,   317.0, 2025, 11, 23, 18, 18, 45,      312,      312, 136,  -2,   1.5,   0.8,   1.3,  0,  0, 29, 31,  0,  0, 20, 16, 29,  0,  0,  0,  0,  0,  0, 24,  0,  0,  0,  0,  0,  0,  0,  0,  0, 36, 21, 27,  0,  0, 36,  0
6, 11026, 11,KE8EXM,    64.34, 7,    main,   -9.81,  98309.00,  254.14,   -0.85,    0.09, 22.5, 3.34, 2.78, 4.08,   0.68,  -6.09,   7.74,  -0.20,   0.12,  -0.05,  -0.54,   0.15,   0.76, 119.09, 4.09, 0.00, 0.00, 0.00, 0.00, 1, 1,  9,  39.7277863, -83.7049845,   317.0, 2025, 11, 23, 18, 18, 45,      312,      312, 136,  -2,   1.5,   0.8,   1.3,  0,  0, 29, 31,  0,  0, 20, 16, 29,  0,  0,  0,  0,  0,  0, 24,  0,  0,  0,  0,  0,  0,  0,  0,  0, 36, 21, 27,  0,  0, 36,  0
6, 11026, 11,KE8EXM,    64.40, 7,    main,  -10.30,  98322.00,  253.03,   -1.96,    0.10, 22.5, 3.34, 2.78, 4.08,   0.70,  -6.11,   7.71,  -0.08,  -0.13,   0.07,  -0.54,   0.15,   0.76, 119.09, 4.09, 0.00, 0.00, 0.00, 0.00, 1, 1,  9,  39.7277863, -83.7049845,   317.0, 2025, 11, 23, 18, 18, 45,      312,      312, 136,  -2,   1.5,   0.8,   1.3,  0,  0, 29, 31,  0,  0, 20, 16, 29,  0,  0,  0,  0,  0,  0, 24,  0,  0,  0,  0,  0,  0,  0,  0,  0, 36, 21, 27,  0,  0, 36,  0
6, 11026, 11,KE8EXM,    64.50, 7,    main,   -9.81,  98303.00,  254.65,   -0.34,    0.12, 22.5, 3.34, 2.78, 4.08,   0.72,  -6.09,   7.70,   0.35,   0.12,   0.07,  -0.54,   0.15,   0.76, 119.07, 4.09, 0.00, 0.00, 0.00, 0.00, 1, 1,  9,  39.7277863, -83.7049845,   317.0, 2025, 11, 23, 18, 18, 45,      312,      312, 136,  -2,   1.5,   0.8,   1.3,  0,  0, 29, 31,  0,  0, 20, 16, 29,  0,  0,  0,  0,  0,  0, 24,  0,  0,  0,  0,  0,  0,  0,  0,  0, 36, 21, 27,  0,  0, 36,  0
6, 11026, 11,KE8EXM,    64.60, 7,    main,   -9.81,  98314.00,  253.71,   -1.28,    0.13, 22.5, 3.34, 2.78, 4.08,   0.74,  -6.11,   7.71,   0.35,  -0.25,   0.01,  -0.54,   0.15,   0.76, 119.09, 4.09, 0.00, 0.00, 0.00, 0.00, 1, 1,  9,  39.7277863, -83.7049845,   317.0, 2025, 11, 23, 18, 18, 45,      312,      312, 136,  -2,   1.5,   0.8,   1.3,  0,  0, 29, 31,  0,  0, 20, 16, 29,  0,  0,  0,  0,  0,  0, 24,  0,  0,  0,  0,  0,  0,  0,  0,  0, 36, 21, 27,  0,  0, 36,  0
6, 11026, 11,KE8EXM,    64.66, 7,    main,   -9.81,  98314.00,  253.71,   -1.28,    0.13, 22.5, 3.33, 2.77, 4.08,   0.74,  -6.11,   7.71,   0.35,  -0.25,   0.01,  -0.54,   0.15,   0.76, 119.09, 4.07, 0.00, 0.00, 0.01, 0.00, 1, 1,  9,  39.7277863, -83.7049845,   317.0, 2025, 11, 23, 18, 18, 45,      312,      312, 136,  -2,   1.5,   0.8,   1.3,  0,  0, 29, 31,  0,  0, 20, 16, 29,  0,  0,  0,  0,  0,  0, 24,  0,  0,  0,  0,  0,  0,  0,  0,  0, 36, 21, 27,  0,  0, 36,  0
6, 11026, 11,KE8EXM,    64.70, 7,    main,   -9.32,  98302.00,  254.74,   -0.26,    0.13, 22.5, 3.33, 2.77, 4.08,   0.70,  -6.10,   7.67,   0.29,  -0.19,   0.01,  -0.54,   0.16,   0.76, 119.09, 4.07, 0.00, 0.00, 0.01, 0.00, 1, 1,  9,  39.7277863, -83.7049845,   317.0, 2025, 11, 23, 18, 18, 45,      312,      312, 136,  -2,   1.5,   0.8,   1.3,  0,  0, 29, 31,  0,  0, 20, 16, 29,  0,  0,  0,  0,  0,  0, 24,  0,  0,  0,  0,  0,  0,  0,  0,  0, 36, 21, 27,  0,  0, 36,  0
6, 11026, 11,KE8EXM,    64.80, 7,    main,  -10.79,  98307.00,  254.31,   -0.68,    0.14, 22.5, 3.33, 2.77, 4.08,   0.73,  -6.09,   7.65,  -0.26,  -0.13,  -0.05,  -0.54,   0.16,   0.76, 119.11, 4.07, 0.00, 0.00, 0.01, 0.00, 1, 1,  9,  39.7277863, -83.7049845,   317.0, 2025, 11, 23, 18, 18, 45,      312,      312, 136,  -2,   1.5,   0.8,   1.3,  0,  0, 29, 31,  0,  0, 20, 16, 29,  0,  0,  0,  0,  0,  0, 24,  0,  0,  0,  0,  0,  0,  0,  0,  0, 36, 21, 27,  0,  0, 36,  0
6, 11026, 11,KE8EXM,    64.90, 7,    main,  -10.30,  98304.00,  254.57,   -0.43,    0.13, 22.5, 3.33, 2.77, 4.08,   0.68,  -6.10,   7.72,  -0.99,  -0.19,   0.31,  -0.54,   0.16,   0.76, 119.09, 4.07, 0.00, 0.00, 0.01, 0.00, 1, 1,  9,  39.7277863, -83.7049845,   317.0, 2025, 11, 23, 18, 18, 45,      312,      312, 136,  -2,   1.5,   0.8,   1.3,  0,  0, 29, 31,  0,  0, 20, 16, 29,  0,  0,  0,  0,  0,  0, 24,  0,  0,  0,  0,  0,  0,  0,  0,  0, 36, 21, 27,  0,  0, 36,  0
6, 11026, 11,KE8EXM,    64.98, 7,    main,  -10.30,  98304.00,  254.57,   -0.43,    0.13, 22.5, 3.33, 2.77, 4.06,   0.68,  -6.10,   7.72,  -0.99,  -0.19,   0.31,  -0.54,   0.16,   0.76, 119.09, 4.06, 0.00, 0.00, 0.00, 0.00, 1, 1,  9,  39.7277863, -83.7049845,   317.0, 2025, 11, 23, 18, 18, 45,      312,      312, 136,  -2,   1.5,   0.8,   1.3,  0,  0, 29, 31,  0,  0, 20, 16, 29,  0,  0,  0,  0,  0,  0, 24,  0,  0,  0,  0,  0,  0,  0,  0,  0, 36, 21, 27,  0,  0, 36,  0
6, 11026, 11,KE8EXM,    65.00, 7,    main,   -9.81,  98312.00,  253.88,   -1.11,    0.13, 22.5, 3.33, 2.77, 4.06,   0.74,  -6.09,   7.73,  -0.14,  -0.13,   0.07,  -0.54,   0.16,   0.76, 119.09, 4.06, 0.00, 0.00, 0.00, 0.00, 1, 1,  9,  39.7277863, -83.7049845,   317.0, 2025, 11, 23, 18, 18, 45,      312,      312, 136,  -2,   1.5,   0.8,   1.3,  0,  0, 29, 31,  0,  0, 20, 16, 29,  0,  0,  0,  0,  0,  0, 24,  0,  0,  0,  0,  0,  0,  0,  0,  0, 36, 21, 27,  0,  0, 36,  0
6, 11026, 11,KE8EXM,    65.10, 7,    main,   -9.32,  98307.00,  254.31,   -0.68,    0.13, 22.5, 3.33, 2.77, 4.06,   0.75,  -6.06,   7.72,   0.23,  -0.25,   0.01,  -0.54,   0.16,   0.76, 119.10, 4.06, 0.00, 0.00, 0.00, 0.00, 1, 1,  9,  39.7277863, -83.7049845,   317.0, 2025, 11, 23, 18, 18, 45,      312,      312, 136,  -2,   1.5,   0.8,   1.3,  0,  0, 29, 31,  0,  0, 20, 16, 29,  0,  0,  0,  0,  0,  0, 24,  0,  0,  0,  0,  0,  0,  0,  0,  0, 36, 21, 27,  0,  0, 36,  0
6, 11026, 11,KE8EXM,    65.16, 7,    main,   -9.32,  98307.00,  254.31,   -0.68,    0.13, 22.5, 3.33, 2.77, 4.06,   0.75,  -6.06,   7.72,   0.23,  -0.25,   0.01,  -0.54,   0.16,   0.76, 119.10, 4.06, 0.00, 0.00, 0.00, 0.00, 1, 1,  9,  39.7277863, -83.7049845,   317.0, 2025, 11, 23, 18, 18, 45,      312,      312, 136,  -2,   1.5,   0.8,   1.3,  0,  0, 29, 31,  0,  0, 20, 16, 29,  0,  0,  0,  0,  0,  0, 24,  0,  0,  0,  0,  0,  0,  0,  0,  0, 36, 21, 27,  0,  0, 36,  0
6, 11026, 11,KE8EXM,    65.16, 7,    main,   -9.32,  98307.00,  254.31,   -0.68,    0.13, 22.5, 3.33, 2.77, 4.06,   0.75,  -6.06,   7.72,   0.23,  -0.25,   0.01,  -0.54,   0.16,   0.76, 119.10, 4.06, 0.00, 0.00, 0.00, 0.00, 1, 1,  9,  39.7277863, -83.7049845,   317.0, 2025, 11, 23, 18, 18, 45,      312,      312, 136,  -2,   1.5,   0.8,   1.3,  0,  0, 29, 31,  0,  0, 20, 16, 29,  0,  0,  0,  0,  0,  0, 24,  0,  0,  0,  0,  0,  0,  0,  0,  0, 36, 21, 27,  0,  0, 36,  0
6, 11026, 11,KE8EXM,    65.20, 7,    main,   -9.32,  98310.00,  254.05,   -0.94,    0.12, 22.5, 3.33, 2.77, 4.06,   0.70,  -6.09,   7.67,   0.16,  -0.07,   0.07,  -0.54,   0.16,   0.76, 119.10, 4.06, 0.00, 0.00, 0.00, 0.00, 1, 1,  9,  39.7277826, -83.7049843,   318.0, 2025, 11, 23, 18, 18, 46,      312,      312, 136,  -2,   1.5,   0.8,   1.3,  0,  0, 29, 32,  0,  0, 20, 17, 29,  0,  0,  0,  0,  0,  0, 24,  0,  0,  0,  0,  0,  0,  0,  0,  0, 36, 22, 27,  0,  0, 36,  0
6, 11026, 11,KE8EXM,    65.30, 7,    main,  -10.30,  98311.00,  253.97,   -1.02,    0.11, 22.5, 3.34, 2.77, 4.07,   0.72,  -6.07,   7.65,  -0.20,  -0.01,  -0.18,  -0.54,   0.16,   0.76, 119.11, 4.08, 0.00, 0.00, 0.01, 0.00, 1, 1,  9,  39.7277826, -83.7049843,   318.0, 2025, 11, 23, 18, 18, 46,      312,      312, 136,  -2,   1.5,   0.8,   1.3,  0,  0, 29, 32,  0,  0, 20, 17, 29,  0,  0,  0,  0,  0,  0, 24,  0,  0,  0,  0,  0,  0,  0,  0,  0, 36, 22, 27,  0,  0, 36,  0
6, 11026, 11,KE8EXM,    65.30, 7,    main,  -10.30,  98311.00,  253.97,   -1.02,    0.11, 22.5, 3.34, 2.77, 4.07,   0.72,  -6.07,   7.65,  -0.20,  -0.01,  -0.18,  -0.54,   0.16,   0.76, 119.11, 4.08, 0.00, 0.00, 0.01, 0.00, 1, 1,  9,  39.7277826, -83.7049843,   318.0, 2025, 11, 23, 18, 18, 46,      312,      312, 136,  -2,   1.5,   0.8,   1.3,  0,  0, 29, 32,  0,  0, 20, 17, 29,  0,  0,  0,  0,  0,  0, 24,  0,  0,  0,  0,  0,  0,  0,  0,  0, 36, 22, 27,  0,  0, 36,  0
6, 11026, 11,KE8EXM,    65.40, 7,    main,   -8.34,  98310.00,  254.05,   -0.94,    0.10, 22.5, 3.34, 2.77, 4.07,   0.74,  -6.10,   7.70,  -0.32,   0.06,   0.01,  -0.54,   0.16,   0.76, 119.11, 4.08, 0.00, 0.00, 0.01, 0.00, 1, 1,  9,  39.7277826, -83.7049843,   318.0, 2025, 11, 23, 18, 18, 46,      312,      312, 136,  -2,   1.5,   0.8,   1.3,  0,  0, 29, 32,  0,  0, 20, 17, 29,  0,  0,  0,  0,  0,  0, 24,  0,  0,  0,  0,  0,  0,  0,  0,  0, 36, 22, 27,  0,  0, 36,  0
6, 11026, 11,KE8EXM,    65.50, 7,    main,  -10.30,  98312.00,  253.88,   -1.11,    0.09, 22.5, 3.34, 2.77, 4.07,   0.69,  -6.04,   7.74,   0.04,  -0.13,  -0.18,  -0.54,   0.15,   0.76, 119.13, 4.08, 0.00, 0.00, 0.01, 0.00, 1, 1,  9,  39.7277826, -83.7049843,   318.0, 2025, 11, 23, 18, 18, 46,      312,      312, 136,  -2,   1.5,   0.8,   1.3,  0,  0, 29, 32,  0,  0, 20, 17, 29,  0,  0,  0,  0,  0,  0, 24,  0,  0,  0,  0,  0,  0,  0,  0,  0, 36, 22, 27,  0,  0, 36,  0
6, 11026, 11,KE8EXM,    65.60, 7,    main,   -9.81,  98311.00,  253.97,   -1.02,    0.08, 22.5, 3.34, 2.77, 4.07,   0.70,  -6.07,   7.73,  -0.38,  -0.01,   0.25,  -0.54,   0.15,   0.76, 119.11, 4.08, 0.00, 0.00, 0.01, 0.00, 1, 1,  9,  39.7277826, -83.7049843,   318.0, 2025, 11, 23, 18, 18, 46,      312,      312, 136,  -2,   1.5,   0.8,   1.3,  0,  0, 29, 32,  0,  0, 20, 17, 29,  0,  0,  0,  0,  0,  0, 24,  0,  0,  0,  0,  0,  0,  0,  0,  0, 36, 22, 27,  0,  0, 36,  0
6, 11026, 11,KE8EXM,    65.62, 7,    main,   -9.81,  98311.00,  253.97,   -1.02,    0.08, 22.5, 3.34, 2.78, 4.08,   0.70,  -6.07,   7.73,  -0.38,  -0.01,   0.25,  -0.54,   0.15,   0.76, 119.11, 4.10, 0.00, 0.00, 0.00, 0.00, 1, 1,  9,  39.7277826, -83.7049843,   318.0, 2025, 11, 23, 18, 18, 46,      312,      312, 136,  -2,   1.5,   0.8,   1.3,  0,  0, 29, 32,  0,  0, 20, 17, 29,  0,  0,  0,  0,  0,  0, 24,  0,  0,  0,  0,  0,  0,  0,  0,  0, 36, 22, 27,  0,  0, 36,  0
6, 11026, 11,KE8EXM,    65.70, 7,    main,   -8.83,  98307.00,  254.31,   -0.68,    0.08, 22.5, 3.34, 2.78, 4.08,   0.73,  -6.09,   7.72,  -0.14,   0.18,   0.01,  -0.54,   0.16,   0.76, 119.10, 4.10, 0.00, 0.00, 0.00, 0.00, 1, 1,  9,  39.7277826, -83.7049843,   318.0, 2025, 11, 23, 18, 18, 46,      312,      312, 136,  -2,   1.5,   0.8,   1.3,  0,  0, 29, 32,  0,  0, 20, 17, 29,  0,  0,  0,  0,  0,  0, 24,  0,  0,  0,  0,  0,  0,  0,  0,  0, 36, 22, 27,  0,  0, 36,  0
6, 11026, 11,KE8EXM,    65.79, 8,  landed,   -8.83,  98307.00,  254.31,   -0.68,    0.08, 22.5, 3.34, 2.78, 4.08,   0.73,  -6.09,   7.72,  -0.14,   0.18,   0.01,  -0.54,   0.16,   0.76, 119.10, 4.10, 0.00, 0.00, 0.00, 0.00, 1, 1,  9,  39.7277826, -83.7049843,   318.0, 2025, 11, 23, 18, 18, 46,      312,      312, 136,  -2,   1.5,   0.8,   1.3,  0,  0, 29, 32,  0,  0, 20, 17, 29,  0,  0,  0,  0,  0,  0, 24,  0,  0,  0,  0,  0,  0,  0,  0,  0, 36, 22, 27,  0,  0, 36,  0
