#version,serial,flight,call,time,state,state_name,acceleration,pressure,altitude,height,speed,temperature,drogue_voltage,main_voltage,battery_voltage,accel_x,accel_y,accel_z,gyro_roll,gyro_pitch,gyro_yaw,mag_x,mag_y,mag_z,tilt,pyro,igniter_a,igniter_b,igniter_c,igniter_d,connected,locked,nsat,latitude,longitude,altitude,year,month,day,hour,minute,second,pad_dist,pad_range,pad_az,pad_el,pdop,hdop,vdop,sat01,sat02,sat03,sat04,sat05,sat06,sat07,sat08,sat09,sat10,sat11,sat12,sat13,sat14,sat15,sat16,sat17,sat18,sat19,sat20,sat21,sat22,sat23,sat24,sat25,sat26,sat27,sat28,sat29,sat30,sat31,sat32
6, 11026, 15,KE8EXM,    -0.30, 3,   boost,   -0.00,  99722.00,  134.30,   -0.51,    0.00, 20.0, 4.03, 4.03, 4.04,   9.94,  -0.11,   0.38,   0.15,  -0.29,  -0.05,   0.21,  -0.22,   0.11,   2.36, 4.04, 0.00, 0.00, 0.00, 0.00, 1, 1, 10,  39.7282165, -83.7085176,   332.0, 2026,  3, 28, 20,  3, 49,        0,        0,   0,   0,   1.6,   0.9,   1.4,  0,  0,  0, 40, 31, 35,  0,  0, 24,  0, 26, 35,  0,  0,  0,  0, 35,  0, 23,  0, 30,  0,  0,  0, 35,  0,  0,  0, 23,  0,  0,  0
6, 11026, 15,KE8EXM,    -0.29, 3,   boost,   -0.00,  99724.00,  134.13,   -0.67,    0.00, 20.1, 4.03, 4.03, 4.04,   9.91,  -0.13,   0.47,  -0.22,  -0.41,  -0.17,   0.21,  -0.22,   0.11,   2.36, 4.04, 0.00, 0.00, 0.00, 0.00, 1, 1, 10,  39.7282165, -83.7085176,   332.0, 2026,  3, 28, 20,  3, 49,        0,        0,   0,   0,   1.6,   0.9,   1.4,  0,  0,  0, 40, 31, 35,  0,  0, 24,  0, 26, 35,  0,  0,  0,  0, 35,  0, 23,  0, 30,  0,  0,  0, 35,  0,  0,  0, 23,  0,  0,  0
6, 11026, 15,KE8EXM,    -0.28, 3,   boost,   -1.47,  99724.00,  134.13,   -0.67,    0.00, 20.1, 4.03, 4.03, 4.04,   9.89,  -0.14,   0.28,  -0.04,  -0.47,  -0.17,   0.20,  -0.22,   0.11,   2.36, 4.04, 0.00, 0.00, 0.00, 0.00, 1, 1, 10,  39.7282165, -83.7085176,   332.0, 2026,  3, 28, 20,  3, 49,        0,        0,   0,   0,   1.6,   0.9,   1.4,  0,  0,  0, 40, 31, 35,  0,  0, 24,  0, 26, 35,  0,  0,  0,  0, 35,  0, 23,  0, 30,  0,  0,  0, 35,  0,  0,  0, 23,  0,  0,  0
6, 11026, 15,KE8EXM,    -0.27, 3,   boost,    1.47,  99715.00,  134.89,    0.08,    0.00, 20.1, 4.03, 4.03, 4.04,   9.88,  -0.19,   0.37,  -0.22,  -0.17,   0.26,   0.20,  -0.22,   0.11,   2.36, 4.04, 0.00, 0.00, 0.00, 0.00, 1, 1, 10,  39.7282165, -83.7085176,   332.0, 2026,  3, 28, 20,  3, 49,        0,        0,   0,   0,   1.6,   0.9,   1.4,  0,  0,  0, 40, 31, 35,  0,  0, 24,  0, 26, 35,  0,  0,  0,  0, 35,  0, 23,  0, 30,  0,  0,  0, 35,  0,  0,  0, 23,  0,  0,  0
6, 11026, 15,KE8EXM,    -0.26, 3,   boost,   -1.96,  99715.00,  134.89,    0.08,    0.00, 20.1, 4.03, 4.03, 4.04,   9.94,  -0.14,   0.43,  -0.10,  -0.23,   0.20,   0.21,  -0.22,   0.11,   2.36, 4.04, 0.00, 0.00, 0.00, 0.00, 1, 1, 10,  39.7282165, -83.7085176,   332.0, 2026,  3, 28, 20,  3, 49,        0,        0,   0,   0,   1.6,   0.9,   1.4,  0,  0,  0, 40, 31, 35,  0,  0, 24,  0, 26, 35,  0,  0,  0,  0, 35,  0, 23,  0, 30,  0,  0,  0, 35,  0,  0,  0, 23,  0,  0,  0
6, 11026, 15,KE8EXM,    -0.25, 3,   boost,   -2.45,  99707.00,  135.57,    0.76,    0.00, 20.1, 4.03, 4.03, 4.04,   9.91,  -0.19,   0.38,  -0.10,  -0.47,   0.50,   0.20,  -0.22,   0.11,   2.36, 4.04, 0.00, 0.00, 0.00, 0.00, 1, 1, 10,  39.7282165, -83.7085176,   332.0, 2026,  3, 28, 20,  3, 49,        0,        0,   0,   0,   1.6,   0.9,   1.4,  0,  0,  0, 40, 31, 35,  0,  0, 24,  0, 26, 35,  0,  0,  0,  0, 35,  0, 23,  0, 30,  0,  0,  0, 35,  0,  0,  0, 23,  0,  0,  0
6, 11026, 15,KE8EXM,    -0.24, 3,   boost,   -0.49,  99707.00,  135.57,    0.76,    0.00, 20.1, 4.03, 4.03, 4.04,   9.87,  -0.03,   0.45,   0.33,  -0.29,   0.01,   0.21,  -0.22,   0.11,   2.36, 4.04, 0.00, 0.00, 0.00, 0.00, 1, 1, 10,  39.7282165, -83.7085176,   332.0, 2026,  3, 28, 20,  3, 49,        0,        0,   0,   0,   1.6,   0.9,   1.4,  0,  0,  0, 40, 31, 35,  0,  0, 24,  0, 26, 35,  0,  0,  0,  0, 35,  0, 23,  0, 30,  0,  0,  0, 35,  0,  0,  0, 23,  0,  0,  0
6, 11026, 15,KE8EXM,    -0.23, 3,   boost,   -0.00,  99719.00,  134.55,   -0.25,    0.00, 20.1, 4.03, 4.03, 4.04,   9.86,  -0.03,   0.47,   0.15,  -0.29,   0.32,   0.21,  -0.22,   0.11,   2.36, 4.04, 0.00, 0.00, 0.00, 0.00, 1, 1, 10,  39.7282165, -83.7085176,   332.0, 2026,  3, 28, 20,  3, 49,        0,        0,   0,   0,   1.6,   0.9,   1.4,  0,  0,  0, 40, 31, 35,  0,  0, 24,  0, 26, 35,  0,  0,  0,  0, 35,  0, 23,  0, 30,  0,  0,  0, 35,  0,  0,  0, 23,  0,  0,  0
6, 11026, 15,KE8EXM,    -0.22, 3,   boost,    0.98,  99719.00,  134.55,   -0.25,    0.00, 20.1, 4.03, 4.03, 4.04,   9.96,  -0.09,   0.63,  -0.16,   0.14,   0.26,   0.21,  -0.22,   0.11,   2.36, 4.04, 0.00, 0.00, 0.00, 0.00, 1, 1, 10,  39.7282165, -83.7085176,   332.0, 2026,  3, 28, 20,  3, 49,        0,        0,   0,   0,   1.6,   0.9,   1.4,  0,  0,  0, 40, 31, 35,  0,  0, 24,  0, 26, 35,  0,  0,  0,  0, 35,  0, 23,  0, 30,  0,  0,  0, 35,  0,  0,  0, 23,  0,  0,  0
6, 11026, 15,KE8EXM,    -0.21, 3,   boost,    0.49,  99714.00,  134.97,    0.17,    0.00, 20.0, 4.03, 4.03, 4.04,   9.91,  -0.24,   0.13,  -0.40,  -0.47,   0.20,   0.21,  -0.22,   0.11,   2.36, 4.04, 0.00, 0.00, 0.00, 0.00, 1, 1, 10,  39.7282165, -83.7085176,   332.0, 2026,  3, 28, 20,  3, 49,        0,        0,   0,   0,   1.6,   0.9,   1.4,  0,  0,  0, 40, 31, 35,  0,  0, 24,  0, 26, 35,  0,  0,  0,  0, 35,  0, 23,  0, 30,  0,  0,  0, 35,  0,  0,  0, 23,  0,  0,  0
6, 11026, 15,KE8EXM,    -0.20, 3,   boost,    1.47,  99714.00,  134.97,    0.17,    0.00, 20.0, 4.03, 4.03, 4.04,   9.94,  -0.24,   0.28,  -0.59,  -0.53,   0.26,   0.21,  -0.22,   0.11,   2.36, 4.04, 0.00, 0.00, 0.00, 0.00, 1, 1, 10,  39.7282165, -83.7085176,   332.0, 2026,  3, 28, 20,  3, 49,        0,        0,   0,   0,   1.6,   0.9,   1.4,  0,  0,  0, 40, 31, 35,  0,  0, 24,  0, 26, 35,  0,  0,  0,  0, 35,  0, 23,  0, 30,  0,  0,  0, 35,  0,  0,  0, 23,  0,  0,  0
6, 11026, 15,KE8EXM,    -0.19, 3,   boost,    0.98,  99716.00,  134.81,    0.00,    0.00, 20.0, 4.03, 4.03, 4.04,   9.91,  -0.25,   0.19,  -0.04,  -0.47,   0.01,   0.20,  -0.22,   0.11,   2.36, 4.04, 0.00, 0.00, 0.00, 0.00, 1, 1, 10,  39.7282165, -83.7085176,   332.0, 2026,  3, 28, 20,  3, 49,        0,        0,   0,   0,   1.6,   0.9,   1.4,  0,  0,  0, 40, 31, 35,  0,  0, 24,  0, 26, 35,  0,  0,  0,  0, 35,  0, 23,  0, 30,  0,  0,  0, 35,  0,  0,  0, 23,  0,  0,  0
6, 11026, 15,KE8EXM,    -0.18, 3,   boost,    1.47,  99716.00,  134.81,    0.00,    0.00, 20.0, 4.03, 4.03, 4.04,   9.87,  -0.14,   0.78,   0.27,   0.26,  -0.05,   0.21,  -0.22,   0.11,   2.36, 4.04, 0.00, 0.00, 0.00, 0.00, 1, 1, 10,  39.7282165, -83.7085176,   332.0, 2026,  3, 28, 20,  3, 49,        0,        0,   0,   0,   1.6,   0.9,   1.4,  0,  0,  0, 40, 31, 35,  0,  0, 24,  0, 26, 35,  0,  0,  0,  0, 35,  0, 23,  0, 30,  0,  0,  0, 35,  0,  0,  0, 23,  0,  0,  0
6, 11026, 15,KE8EXM,    -0.17, 3,   boost,    0.49,  99710.00,  135.31,    0.51,    0.00, 20.1, 4.03, 4.03, 4.04,   9.91,   0.04,   0.52,   0.63,  -0.59,   0.20,   0.20,  -0.22,   0.11,   2.36, 4.04, 0.00, 0.00, 0.00, 0.00, 1, 1, 10,  39.7282165, -83.7085176,   332.0, 2026,  3, 28, 20,  3, 49,        0,        0,   0,   0,   1.6,   0.9,   1.4,  0,  0,  0, 40, 31, 35,  0,  0, 24,  0, 26, 35,  0,  0,  0,  0, 35,  0, 23,  0, 30,  0,  0,  0, 35,  0,  0,  0, 23,  0,  0,  0
6, 11026, 15,KE8EXM,    -0.16, 3,   boost,   -0.49,  99710.00,  135.31,    0.51,    0.00, 20.1, 4.03, 4.03, 4.04,   9.84,  -0.16,   0.70,   0.27,   0.44,   0.01,   0.20,  -0.22,   0.11,   2.36, 4.04, 0.00, 0.00, 0.00, 0.00, 1, 1, 10,  39.7282165, -83.7085176,   332.0, 2026,  3, 28, 20,  3, 49,        0,        0,   0,   0,   1.6,   0.9,   1.4,  0,  0,  0, 40, 31, 35,  0,  0, 24,  0, 26, 35,  0,  0,  0,  0, 35,  0, 23,  0, 30,  0,  0,  0, 35,  0,  0,  0, 23,  0,  0,  0
6, 11026, 15,KE8EXM,    -0.15, 3,   boost,   -0.49,  99722.00,  134.30,   -0.51,    0.00, 20.1, 4.03, 4.03, 4.04,   9.89,  -0.11,   0.03,   0.08,  -0.78,   0.38,   0.20,  -0.22,   0.11,   2.36, 4.04, 0.00, 0.00, 0.00, 0.00, 1, 1, 10,  39.7282165, -83.7085176,   332.0, 2026,  3, 28, 20,  3, 49,        0,        0,   0,   0,   1.6,   0.9,   1.4,  0,  0,  0, 40, 31, 35,  0,  0, 24,  0, 26, 35,  0,  0,  0,  0, 35,  0, 23,  0, 30,  0,  0,  0, 35,  0,  0,  0, 23,  0,  0,  0
6, 11026, 15,KE8EXM,    -0.14, 3,   boost,   -1.47,  99722.00,  134.30,   -0.51,    0.00, 20.1, 4.03, 4.03, 4.04,   9.90,  -0.05,   0.53,  -0.53,   0.08,   0.20,   0.20,  -0.22,   0.11,   2.36, 4.04, 0.00, 0.00, 0.00, 0.00, 1, 1, 10,  39.7282165, -83.7085176,   332.0, 2026,  3, 28, 20,  3, 49,        0,        0,   0,   0,   1.6,   0.9,   1.4,  0,  0,  0, 40, 31, 35,  0,  0, 24,  0, 26, 35,  0,  0,  0,  0, 35,  0, 23,  0, 30,  0,  0,  0, 35,  0,  0,  0, 23,  0,  0,  0
6, 11026, 15,KE8EXM,    -0.13, 3,   boost,   -0.98,  99713.00,  135.06,    0.25,    0.00, 20.0, 4.03, 4.03, 4.04,   9.89,  -0.27,   0.20,  -0.10,  -0.65,   0.13,   0.20,  -0.22,   0.11,   2.36, 4.04, 0.00, 0.00, 0.00, 0.00, 1, 1, 10,  39.7282165, -83.7085176,   332.0, 2026,  3, 28, 20,  3, 49,        0,        0,   0,   0,   1.6,   0.9,   1.4,  0,  0,  0, 40, 31, 35,  0,  0, 24,  0, 26, 35,  0,  0,  0,  0, 35,  0, 23,  0, 30,  0,  0,  0, 35,  0,  0,  0, 23,  0,  0,  0
6, 11026, 15,KE8EXM,    -0.12, 3,   boost,   -0.00,  99713.00,  135.06,    0.25,    0.03, 20.0, 4.03, 4.03, 4.04,   9.97,  -0.07,   0.58,   0.08,   0.02,   0.38,   0.21,  -0.22,   0.11,   2.36, 4.04, 0.00, 0.00, 0.00, 0.00, 1, 1, 10,  39.7282165, -83.7085176,   332.0, 2026,  3, 28, 20,  3, 49,        0,        0,   0,   0,   1.6,   0.9,   1.4,  0,  0,  0, 40, 31, 35,  0,  0, 24,  0, 26, 35,  0,  0,  0,  0, 35,  0, 23,  0, 30,  0,  0,  0, 35,  0,  0,  0, 23,  0,  0,  0
6, 11026, 15,KE8EXM,    -0.11, 3,   boost,   -0.98,  99717.00,  134.72,   -0.08,    0.16, 20.1, 4.03, 4.03, 4.04,   9.91,   0.05,   0.34,   0.63,  -0.17,   0.07,   0.21,  -0.22,   0.11,   2.36, 4.04, 0.00, 0.00, 0.00, 0.00, 1, 1, 10,  39.7282165, -83.7085176,   332.0, 2026,  3, 28, 20,  3, 49,        0,        0,   0,   0,   1.6,   0.9,   1.4,  0,  0,  0, 40, 31, 35,  0,  0, 24,  0, 26, 35,  0,  0,  0,  0, 35,  0, 23,  0, 30,  0,  0,  0, 35,  0,  0,  0, 23,  0,  0,  0
6, 11026, 15,KE8EXM,    -0.10, 3,   boost,   -0.98,  99717.00,  134.72,   -0.08,    0.46, 20.1, 4.03, 4.03, 4.04,   9.92,  -0.27,   0.84,  -0.40,   0.44,   0.32,   0.21,  -0.22,   0.11,   2.36, 4.04, 0.00, 0.00, 0.00, 0.00, 1, 1, 10,  39.7282165, -83.7085176,   332.0, 2026,  3, 28, 20,  3, 49,        0,        0,   0,   0,   1.6,   0.9,   1.4,  0,  0,  0, 40, 31, 35,  0,  0, 24,  0, 26, 35,  0,  0,  0,  0, 35,  0, 23,  0, 30,  0,  0,  0, 35,  0,  0,  0, 23,  0,  0,  0
6, 11026, 15,KE8EXM,    -0.09, 3,   boost,   26.97,  99717.00,  134.72,   -0.08,    0.99, 20.1, 4.03, 4.03, 4.04,  10.12,  -0.12,   0.32,   0.33,  -0.53,   0.07,   0.21,  -0.22,   0.11,   2.36, 4.04, 0.00, 0.00, 0.00, 0.00, 1, 1, 10,  39.7282165, -83.7085176,   332.0, 2026,  3, 28, 20,  3, 49,        0,        0,   0,   0,   1.6,   0.9,   1.4,  0,  0,  0, 40, 31, 35,  0,  0, 24,  0, 26, 35,  0,  0,  0,  0, 35,  0, 23,  0, 30,  0,  0,  0, 35,  0,  0,  0, 23,  0,  0,  0
6, 11026, 15,KE8EXM,    -0.08, 3,   boost,  224.57,  99717.00,  134.72,   -0.08,    1.74, 20.1, 4.03, 4.03, 4.04,  27.64,  -2.11,  -0.04,  -0.16,   0.81,   0.38,   0.21,  -0.22,   0.11,   2.36, 4.04, 0.00, 0.00, 0.00, 0.00, 1, 1, 10,  39.7282165, -83.7085176,   332.0, 2026,  3, 28, 20,  3, 49,        0,        0,   0,   0,   1.6,   0.9,   1.4,  0,  0,  0, 40, 31, 35,  0,  0, 24,  0, 26, 35,  0,  0,  0,  0, 35,  0, 23,  0, 30,  0,  0,  0, 35,  0,  0,  0, 23,  0,  0,  0
6, 11026, 15,KE8EXM,    -0.07, 3,   boost,  113.76,  99947.00,  115.34,  -19.46,    2.64, 20.1, 4.03, 4.03, 4.04, 137.10, -13.96,  -2.26,  -6.45,  13.20,   2.82,   0.20,  -0.22,   0.11,   2.36, 4.04, 0.00, 0.00, 0.00, 0.00, 1, 1, 10,  39.7282165, -83.7085176,   332.0, 2026,  3, 28, 20,  3, 49,        0,        0,   0,   0,   1.6,   0.9,   1.4,  0,  0,  0, 40, 31, 35,  0,  0, 24,  0, 26, 35,  0,  0,  0,  0, 35,  0, 23,  0, 30,  0,  0,  0, 35,  0,  0,  0, 23,  0,  0,  0
6, 11026, 15,KE8EXM,    -0.06, 3,   boost,   53.94,  99947.00,  115.34,  -19.46,    3.57, 20.1, 4.03, 4.03, 4.04,  92.39,  54.62,  26.65,  43.48,  10.39,  12.40,   0.21,  -0.22,   0.11,   2.36, 4.04, 0.00, 0.00, 0.00, 0.00, 1, 1, 10,  39.7282165, -83.7085176,   332.0, 2026,  3, 28, 20,  3, 49,        0,        0,   0,   0,   1.6,   0.9,   1.4,  0,  0,  0, 40, 31, 35,  0,  0, 24,  0, 26, 35,  0,  0,  0,  0, 35,  0, 23,  0, 30,  0,  0,  0, 35,  0,  0,  0, 23,  0,  0,  0
6, 11026, 15,KE8EXM,    -0.05, 3,   boost,   71.59,  99826.00,  125.53,   -9.27,    4.46, 20.1, 4.03, 4.03, 4.04,  78.95, -38.34, -34.78, -60.95,  24.43,  20.70,   0.21,  -0.22,   0.11,   2.36, 4.04, 0.00, 0.00, 0.00, 0.00, 1, 1, 10,  39.7282165, -83.7085176,   332.0, 2026,  3, 28, 20,  3, 49,        0,        0,   0,   0,   1.6,   0.9,   1.4,  0,  0,  0, 40, 31, 35,  0,  0, 24,  0, 26, 35,  0,  0,  0,  0, 35,  0, 23,  0, 30,  0,  0,  0, 35,  0,  0,  0, 23,  0,  0,  0
6, 11026, 15,KE8EXM,    -0.04, 3,   boost,   83.36,  99826.00,  125.53,   -9.27,    5.29, 20.1, 4.03, 4.03, 4.04,  99.91,  38.92,  26.40, -32.08, -57.91,   0.01,   0.20,  -0.22,   0.11,   2.36, 4.04, 0.00, 0.00, 0.00, 0.00, 1, 1, 10,  39.7282165, -83.7085176,   332.0, 2026,  3, 28, 20,  3, 49,        0,        0,   0,   0,   1.6,   0.9,   1.4,  0,  0,  0, 40, 31, 35,  0,  0, 24,  0, 26, 35,  0,  0,  0,  0, 35,  0, 23,  0, 30,  0,  0,  0, 35,  0,  0,  0, 23,  0,  0,  0
6, 11026, 15,KE8EXM,    -0.03, 3,   boost,   78.45,  99812.00,  126.71,   -8.09,    6.07, 20.1, 4.03, 4.03, 4.04,  93.01,   7.13,  -6.09,  20.35, -20.19,  -5.11,   0.20,  -0.22,   0.11,   2.36, 4.04, 0.00, 0.00, 0.00, 0.00, 1, 1, 10,  39.7282165, -83.7085176,   332.0, 2026,  3, 28, 20,  3, 49,        0,        0,   0,   0,   1.6,   0.9,   1.4,  0,  0,  0, 40, 31, 35,  0,  0, 24,  0, 26, 35,  0,  0,  0,  0, 35,  0, 23,  0, 30,  0,  0,  0, 35,  0,  0,  0, 23,  0,  0,  0
6, 11026, 15,KE8EXM,    -0.02, 3,   boost,   72.08,  99812.00,  126.71,   -8.09,    6.83, 20.1, 4.03, 4.03, 4.04,  91.69, -21.63,  -1.19, -28.05,   6.97,   4.90,   0.20,  -0.22,   0.11,   2.36, 4.04, 0.00, 0.00, 0.00, 0.00, 1, 1, 10,  39.7282165, -83.7085176,   332.0, 2026,  3, 28, 20,  3, 49,        0,        0,   0,   0,   1.6,   0.9,   1.4,  0,  0,  0, 40, 31, 35,  0,  0, 24,  0, 26, 35,  0,  0,  0,  0, 35,  0, 23,  0, 30,  0,  0,  0, 35,  0,  0,  0, 23,  0,  0,  0
6, 11026, 15,KE8EXM,    -0.01, 3,   boost,   78.45,  99804.00,  127.39,   -7.42,    7.60, 20.0, 4.03, 4.03, 4.04,  92.39,   4.48,  -5.45,  19.31,  -0.53,  -8.11,   0.20,  -0.22,   0.12,   2.36, 4.04, 0.00, 0.00, 0.00, 0.00, 1, 1, 10,  39.7282165, -83.7085176,   332.0, 2026,  3, 28, 20,  3, 49,        0,        0,   0,   0,   1.6,   0.9,   1.4,  0,  0,  0, 40, 31, 35,  0,  0, 24,  0, 26, 35,  0,  0,  0,  0, 35,  0, 23,  0, 30,  0,  0,  0, 35,  0,  0,  0, 23,  0,  0,  0
6, 11026, 15,KE8EXM,     0.00, 3,   boost,   77.47,  99804.00,  127.39,   -7.42,    8.38, 20.0, 4.03, 4.03, 4.04,  88.29, -10.94, -12.21, -13.53,  -6.21,   5.87,   0.20,  -0.22,   0.12,   2.36, 4.04, 0.00, 0.00, 0.00, 0.00, 1, 1, 10,  39.7282165, -83.7085176,   332.0, 2026,  3, 28, 20,  3, 49,        0,        0,   0,   0,   1.6,   0.9,   1.4,  0,  0,  0, 40, 31, 35,  0,  0, 24,  0, 26, 35,  0,  0,  0,  0, 35,  0, 23,  0, 30,  0,  0,  0, 35,  0,  0,  0, 23,  0,  0,  0
6, 11026, 15,KE8EXM,     0.00, 3,   boost,   77.47,  99804.00,  127.39,   -7.42,    8.38, 20.0, 4.03, 4.03, 4.04,  88.29, -10.94, -12.21, -13.53,  -6.21,   5.87,   0.20,  -0.22,   0.12,   2.36, 4.04, 0.00, 0.00, 0.00, 0.00, 1, 1, 10,  39.7282165, -83.7085176,   332.0, 2026,  3, 28, 20,  3, 49,        0,        0,   0,   0,   1.6,   0.9,   1.4,  0,  0,  0, 40, 31, 35,  0,  0, 24,  0, 26, 35,  0,  0,  0,  0, 35,  0, 23,  0, 30,  0,  0,  0, 35,  0,  0,  0, 23,  0,  0,  0
6, 11026, 15,KE8EXM,     0.00, 3,   boost,   77.47,  99804.00,  127.39,   -7.42,    8.38, 20.0, 4.03, 4.03, 4.04,  88.29, -10.94, -12.21, -13.53,  -6.21,   5.87,   0.20,  -0.22,   0.12,   2.36, 4.04, 0.00, 0.00, 0.00, 0.00, 1, 1, 10,  39.7282165, -83.7085176,   332.0, 2026,  3, 28, 20,  3, 49,        0,        0,   0,   0,   1.6,   0.9,   1.4,  0,  0,  0, 40, 31, 35,  0,  0, 24,  0, 26, 35,  0,  0,  0,  0, 35,  0, 23,  0, 30,  0,  0,  0, 35,  0,  0,  0, 23,  0,  0,  0
6, 11026, 15,KE8EXM,     0.00, 3,   boost,   77.47,  99804.00,  127.39,   -7.42,    8.38, 20.0, 4.03, 4.03, 4.04,  88.29, -10.94, -12.21, -13.53,  -6.21,   5.87,   0.20,  -0.22,   0.12,   2.36, 4.04, 0.00, 0.00, 0.00, 0.00, 1, 1, 10,  39.7282165, -83.7085176,   332.0, 2026,  3, 28, 20,  3, 49,        0,        0,   0,   0,   1.6,   0.9,   1.4,  0,  0,  0, 40, 31, 35,  0,  0, 24,  0, 26, 35,  0,  0,  0,  0, 35,  0, 23,  0, 30,  0,  0,  0, 35,  0,  0,  0, 23,  0,  0,  0
6, 11026, 15,KE8EXM,     0.00, 3,   boost,   77.47,  99804.00,  127.39,   -7.42,    8.38, 20.0, 4.03, 4.03, 4.04,  88.29, -10.94, -12.21, -13.53,  -6.21,   5.87,   0.20,  -0.22,   0.12,   2.36, 4.04, 0.00, 0.00, 0.00, 0.00, 1, 1, 10,  39.7282165, -83.7085176,   332.0, 2026,  3, 28, 20,  3, 49,        0,        0,   0,   0,   1.6,   0.9,   1.4,  0,  0,  0, 40, 31, 35,  0,  0, 24,  0, 26, 35,  0,  0,  0,  0, 35,  0, 23,  0, 30,  0,  0,  0, 35,  0,  0,  0, 23,  0,  0,  0
6, 11026, 15,KE8EXM,     0.00, 3,   boost,   77.47,  99804.00,  127.39,   -7.42,    8.38, 20.0, 4.03, 4.03, 4.04,  88.29, -10.94, -12.21, -13.53,  -6.21,   5.87,   0.20,  -0.22,   0.12,   2.36, 4.04, 0.00, 0.00, 0.00, 0.00, 1, 1, 10,  39.7282165, -83.7085176,   332.0, 2026,  3, 28, 20,  3, 49,        0,        0,   0,   0,   1.6,   0.9,   1.4,  0,  0,  0, 40, 31, 35,  0,  0, 24,  0, 26, 35,  0,  0,  0,  0, 35,  0, 23,  0, 30,  0,  0,  0, 35,  0,  0,  0, 23,  0,  0,  0
6, 11026, 15,KE8EXM,     0.00, 3,   boost,   77.47,  99804.00,  127.39,   -7.42,    8.38, 20.0, 4.03, 4.03, 4.04,  88.29, -10.94, -12.21, -13.53,  -6.21,   5.87,   0.20,  -0.22,   0.12,   2.37, 4.04, 0.00, 0.00, 0.00, 0.00, 1, 1, 10,  39.7282165, -83.7085176,   332.0, 2026,  3, 28, 20,  3, 49,        0,        0,   0,   0,   1.6,   0.9,   1.4,  0,  0,  0, 40, 31, 35,  0,  0, 24,  0, 26, 35,  0,  0,  0,  0, 35,  0, 23,  0, 30,  0,  0,  0, 35,  0,  0,  0, 23,  0,  0,  0
6, 11026, 15,KE8EXM,     0.00, 3,   boost,   77.47,  99804.00,  127.39,   -7.42,    8.38, 20.0, 4.03, 4.03, 4.04,  88.29, -10.94, -12.21, -13.53,  -6.21,   5.87,   0.20,  -0.22,   0.12,   2.37, 4.04, 0.00, 0.00, 0.00, 0.00, 1, 1, 10,  39.7282165, -83.7085176,   332.0, 2026,  3, 28, 20,  3, 49,        0,        0,   0,   0,   1.6,   0.9,   1.4,  0,  0,  0, 40, 31, 35,  0,  0, 24,  0, 26, 35,  0,  0,  0,  0, 35,  0, 23,  0, 30,  0,  0,  0, 35,  0,  0,  0, 23,  0,  0,  0
6, 11026, 15,KE8EXM,     0.00, 3,   boost,   77.47,  99804.00,  127.39,   -7.42,    8.38, 20.0, 4.03, 4.03, 4.04,  88.29, -10.94, -12.21, -13.53,  -6.21,   5.87,   0.20,  -0.22,   0.12,   2.37, 4.04, 0.00, 0.00, 0.00, 0.00, 1, 1, 10,  39.7282165, -83.7085176,   332.0, 2026,  3, 28, 20,  3, 49,        0,        0,   0,   0,   1.6,   0.9,   1.4,  0,  0,  0, 40, 31, 35,  0,  0, 24,  0, 26, 35,  0,  0,  0,  0, 35,  0, 23,  0, 30,  0,  0,  0, 35,  0,  0,  0, 23,  0,  0,  0
6, 11026, 15,KE8EXM,     0.00, 3,   boost,   77.47,  99804.00,  127.39,   -7.42,    8.38, 20.0, 4.03, 4.03, 4.04,  88.29, -10.94, -12.21, -13.53,  -6.21,   5.87,   0.20,  -0.22,   0.12,   2.38, 4.04, 0.00, 0.00, 0.00, 0.00, 1, 1, 10,  39.7282165, -83.7085176,   332.0, 2026,  3, 28, 20,  3, 49,        0,        0,   0,   0,   1.6,   0.9,   1.4,  0,  0,  0, 40, 31, 35,  0,  0, 24,  0, 26, 35,  0,  0,  0,  0, 35,  0, 23,  0, 30,  0,  0,  0, 35,  0,  0,  0, 23,  0,  0,  0
6, 11026, 15,KE8EXM,     0.00, 3,   boost,   77.47,  99804.00,  127.39,   -7.42,    8.38, 20.0, 4.03, 4.03, 4.04,  88.29, -10.94, -12.21, -13.53,  -6.21,   5.87,   0.20,  -0.22,   0.12,   2.38, 4.04, 0.00, 0.00, 0.00, 0.00, 1, 1, 10,  39.7282165, -83.7085176,   332.0, 2026,  3, 28, 20,  3, 49,        0,        0,   0,   0,   1.6,   0.9,   1.4,  0,  0,  0, 40, 31, 35,  0,  0, 24,  0, 26, 35,  0,  0,  0,  0, 35,  0, 23,  0, 30,  0,  0,  0, 35,  0,  0,  0, 23,  0,  0,  0
6, 11026, 15,KE8EXM,     0.00, 3,   boost,   77.47,  99804.00,  127.39,   -7.42,    8.38, 20.0, 4.03, 4.03, 4.04,  88.29, -10.94, -12.21, -13.53,  -6.21,   5.87,   0.20,  -0.22,   0.12,   2.38, 4.04, 0.00, 0.00, 0.00, 0.00, 1, 1, 10,  39.7282165, -83.7085176,   332.0, 2026,  3, 28, 20,  3, 49,        0,        0,   0,   0,   1.6,   0.9,   1.4,  0,  0,  0, 40, 31, 35,  0,  0, 24,  0, 26, 35,  0,  0,  0,  0, 35,  0, 23,  0, 30,  0,  0,  0, 35,  0,  0,  0, 23,  0,  0,  0
6, 11026, 15,KE8EXM,     0.00, 3,   boost,   77.47,  99804.00,  127.39,   -7.42,    8.38, 20.0, 4.03, 4.03, 4.04,  88.29, -10.94, -12.21, -13.53,  -6.21,   5.87,   0.20,  -0.22,   0.12,   2.38, 4.04, 0.00, 0.00, 0.00, 0.00, 1, 1, 10,  39.7282165, -83.7085176,   332.0, 2026,  3, 28, 20,  3, 49,        0,        0,   0,   0,   1.6,   0.9,   1.4,  0,  0,  0, 40, 31, 35,  0,  0, 24,  0, 26, 35,  0,  0,  0,  0, 35,  0, 23,  0, 30,  0,  0,  0, 35,  0,  0,  0, 23,  0,  0,  0
6, 11026, 15,KE8EXM,     0.00, 3,   boost,   77.47,  99804.00,  127.39,   -7.42,    8.38, 20.0, 4.03, 4.03, 4.04,  88.29, -10.94, -12.21, -13.53,  -6.21,   5.87,   0.20,  -0.22,   0.12,   2.38, 4.04, 0.00, 0.00, 0.00, 0.00, 1, 1, 10,  39.7282165, -83.7085176,   332.0, 2026,  3, 28, 20,  3, 49,        0,        0,   0,   0,   1.6,   0.9,   1.4,  0,  0,  0, 40, 31, 35,  0,  0, 24,  0, 26, 35,  0,  0,  0,  0, 35,  0, 23,  0, 30,  0,  0,  0, 35,  0,  0,  0, 23,  0,  0,  0
6, 11026, 15,KE8EXM,     0.00, 3,   boost,   77.47,  99804.00,  127.39,   -7.42,    8.38, 20.0, 4.03, 4.03, 4.04,  88.29, -10.94, -12.21, -13.53,  -6.21,   5.87,   0.20,  -0.22,   0.12,   2.39, 4.04, 0.00, 0.00, 0.00, 0.00, 1, 1, 10,  39.7282165, -83.7085176,   332.0, 2026,  3, 28, 20,  3, 49,        0,        0,   0,   0,   1.6,   0.9,   1.4,  0,  0,  0, 40, 31, 35,  0,  0, 24,  0, 26, 35,  0,  0,  0,  0, 35,  0, 23,  0, 30,  0,  0,  0, 35,  0,  0,  0, 23,  0,  0,  0
6, 11026, 15,KE8EXM,     0.00, 3,   boost,   77.47,  99804.00,  127.39,   -7.42,    8.38, 20.0, 4.03, 4.03, 4.04,  88.29, -10.94, -12.21, -13.53,  -6.21,   5.87,   0.20,  -0.22,   0.12,   2.39, 4.04, 0.00, 0.00, 0.00, 0.00, 1, 1, 10,  39.7282165, -83.7085176,   332.0, 2026,  3, 28, 20,  3, 49,        0,        0,   0,   0,   1.6,   0.9,   1.4,  0,  0,  0, 40, 31, 35,  0,  0, 24,  0, 26, 35,  0,  0,  0,  0, 35,  0, 23,  0, 30,  0,  0,  0, 35,  0,  0,  0, 23,  0,  0,  0
6, 11026, 15,KE8EXM,     0.00, 3,   boost,   77.47,  99804.00,  127.39,   -7.42,    8.38, 20.0, 4.03, 4.03, 4.04,  88.29, -10.94, -12.21, -13.53,  -6.21,   5.87,   0.20,  -0.22,   0.12,   2.39, 4.04, 0.00, 0.00, 0.00, 0.00, 1, 1, 10,  39.7282165, -83.7085176,   332.0, 2026,  3, 28, 20,  3, 49,        0,        0,   0,   0,   1.6,   0.9,   1.4,  0,  0,  0, 40, 31, 35,  0,  0, 24,  0, 26, 35,  0,  0,  0,  0, 35,  0, 23,  0, 30,  0,  0,  0, 35,  0,  0,  0, 23,  0,  0,  0
6, 11026, 15,KE8EXM,     0.00, 3,   boost,   77.47,  99804.00,  127.39,   -7.42,    8.38, 20.0, 4.03, 4.03, 4.04,  88.29, -10.94, -12.21, -13.53,  -6.21,   5.87,   0.20,  -0.22,   0.12,   2.39, 4.04, 0.00, 0.00, 0.00, 0.00, 1, 1, 10,  39.7282165, -83.7085176,   332.0, 2026,  3, 28, 20,  3, 49,        0,        0,   0,   0,   1.6,   0.9,   1.4,  0,  0,  0, 40, 31, 35,  0,  0, 24,  0, 26, 35,  0,  0,  0,  0, 35,  0, 23,  0, 30,  0,  0,  0, 35,  0,  0,  0, 23,  0,  0,  0
6, 11026, 15,KE8EXM,     0.00, 3,   boost,   77.47,  99804.00,  127.39,   -7.42,    8.38, 20.0, 4.03, 4.03, 4.04,  88.29, -10.94, -12.21, -13.53,  -6.21,   5.87,   0.20,  -0.22,   0.12,   2.39, 4.04, 0.00, 0.00, 0.00, 0.00, 1, 1, 10,  39.7282165, -83.7085176,   332.0, 2026,  3, 28, 20,  3, 49,        0,        0,   0,   0,   1.6,   0.9,   1.4,  0,  0,  0, 40, 31, 35,  0,  0, 24,  0, 26, 35,  0,  0,  0,  0, 35,  0, 23,  0, 30,  0,  0,  0, 35,  0,  0,  0, 23,  0,  0,  0
6, 11026, 15,KE8EXM,     0.00, 3,   boost,   77.47,  99804.00,  127.39,   -7.42,    8.38, 20.0, 4.03, 4.03, 4.04,  88.29, -10.94, -12.21, -13.53,  -6.21,   5.87,   0.20,  -0.22,   0.12,   2.40, 4.04, 0.00, 0.00, 0.00, 0.00, 1, 1, 10,  39.7282165, -83.7085176,   332.0, 2026,  3, 28, 20,  3, 49,        0,        0,   0,   0,   1.6,   0.9,   1.4,  0,  0,  0, 40, 31, 35,  0,  0, 24,  0, 26, 35,  0,  0,  0,  0, 35,  0, 23,  0, 30,  0,  0,  0, 35,  0,  0,  0, 23,  0,  0,  0
6, 11026, 15,KE8EXM,     0.00, 3,   boost,   77.47,  99804.00,  127.39,   -7.42,    8.38, 20.0, 4.03, 4.03, 4.04,  88.29, -10.94, -12.21, -13.53,  -6.21,   5.87,   0.20,  -0.22,   0.12,   2.40, 4.04, 0.00, 0.00, 0.00, 0.00, 1, 1, 10,  39.7282165, -83.7085176,   332.0, 2026,  3, 28, 20,  3, 49,        0,        0,   0,   0,   1.6,   0.9,   1.4,  0,  0,  0, 40, 31, 35,  0,  0, 24,  0, 26, 35,  0,  0,  0,  0, 35,  0, 23,  0, 30,  0,  0,  0, 35,  0,  0,  0, 23,  0,  0,  0
6, 11026, 15,KE8EXM,     0.00, 3,   boost,   77.47,  99804.00,  127.39,   -7.42,    8.38, 20.0, 4.03, 4.03, 4.04,  88.29, -10.94, -12.21, -13.53,  -6.21,   5.87,   0.20,  -0.22,   0.12,   2.40, 4.04, 0.00, 0.00, 0.00, 0.00, 1, 1, 10,  39.7282165, -83.7085176,   332.0, 2026,  3, 28, 20,  3, 49,        0,        0,   0,   0,   1.6,   0.9,   1.4,  0,  0,  0, 40, 31, 35,  0,  0, 24,  0, 26, 35,  0,  0,  0,  0, 35,  0, 23,  0, 30,  0,  0,  0, 35,  0,  0,  0, 23,  0,  0,  0
6, 11026, 15,KE8EXM,     0.00, 3,   boost,   77.47,  99804.00,  127.39,   -7.42,    8.38, 20.0, 4.03, 4.03, 4.04,  88.29, -10.94, -12.21, -13.53,  -6.21,   5.87,   0.20,  -0.22,   0.12,   2.40, 4.04, 0.00, 0.00, 0.00, 0.00, 1, 1, 10,  39.7282165, -83.7085176,   332.0, 2026,  3, 28, 20,  3, 49,        0,        0,   0,   0,   1.6,   0.9,   1.4,  0,  0,  0, 40, 31, 35,  0,  0, 24,  0, 26, 35,  0,  0,  0,  0, 35,  0, 23,  0, 30,  0,  0,  0, 35,  0,  0,  0, 23,  0,  0,  0
6, 11026, 15,KE8EXM,     0.00, 3,   boost,   77.47,  99804.00,  127.39,   -7.42,    8.38, 20.0, 4.03, 4.03, 4.04,  88.29, -10.94, -12.21, -13.53,  -6.21,   5.87,   0.20,  -0.22,   0.12,   2.40, 4.04, 0.00, 0.00, 0.00, 0.00, 1, 1, 10,  39.7282165, -83.7085176,   332.0, 2026,  3, 28, 20,  3, 49,        0,        0,   0,   0,   1.6,   0.9,   1.4,  0,  0,  0, 40, 31, 35,  0,  0, 24,  0, 26, 35,  0,  0,  0,  0, 35,  0, 23,  0, 30,  0,  0,  0, 35,  0,  0,  0, 23,  0,  0,  0
6, 11026, 15,KE8EXM,     0.00, 3,   boost,   77.47,  99804.00,  127.39,   -7.42,    8.38, 20.0, 4.03, 4.03, 4.04,  88.29, -10.94, -12.21, -13.53,  -6.21,   5.87,   0.20,  -0.22,   0.12,   2.40, 4.04, 0.00, 0.00, 0.00, 0.00, 1, 1, 10,  39.7282165, -83.7085176,   332.0, 2026,  3, 28, 20,  3, 49,        0,        0,   0,   0,   1.6,   0.9,   1.4,  0,  0,  0, 40, 31, 35,  0,  0, 24,  0, 26, 35,  0,  0,  0,  0, 35,  0, 23,  0, 30,  0,  0,  0, 35,  0,  0,  0, 23,  0,  0,  0
6, 11026, 15,KE8EXM,     0.00, 3,   boost,   77.47,  99804.00,  127.39,   -7.42,    8.38, 20.0, 4.03, 4.03, 4.04,  88.29, -10.94, -12.21, -13.53,  -6.21,   5.87,   0.20,  -0.22,   0.12,   2.40, 4.04, 0.00, 0.00, 0.00, 0.00, 1, 1, 10,  39.7282165, -83.7085176,   332.0, 2026,  3, 28, 20,  3, 49,        0,        0,   0,   0,   1.6,   0.9,   1.4,  0,  0,  0, 40, 31, 35,  0,  0, 24,  0, 26, 35,  0,  0,  0,  0, 35,  0, 23,  0, 30,  0,  0,  0, 35,  0,  0,  0, 23,  0,  0,  0
6, 11026, 15,KE8EXM,     0.00, 3,   boost,   77.47,  99804.00,  127.39,   -7.42,    8.38, 20.0, 4.03, 4.03, 4.04,  88.29, -10.94, -12.21, -13.53,  -6.21,   5.87,   0.20,  -0.22,   0.12,   2.39, 4.04, 0.00, 0.00, 0.00, 0.00, 1, 1, 10,  39.7282165, -83.7085176,   332.0, 2026,  3, 28, 20,  3, 49,        0,        0,   0,   0,   1.6,   0.9,   1.4,  0,  0,  0, 40, 31, 35,  0,  0, 24,  0, 26, 35,  0,  0,  0,  0, 35,  0, 23,  0, 30,  0,  0,  0, 35,  0,  0,  0, 23,  0,  0,  0
6, 11026, 15,KE8EXM,     0.00, 3,   boost,   77.47,  99804.00,  127.39,   -7.42,    8.38, 20.0, 4.03, 4.03, 4.04,  88.29, -10.94, -12.21, -13.53,  -6.21,   5.87,   0.20,  -0.22,   0.12,   2.26, 4.04, 0.00, 0.00, 0.00, 0.00, 1, 1, 10,  39.7282165, -83.7085176,   332.0, 2026,  3, 28, 20,  3, 49,        0,        0,   0,   0,   1.6,   0.9,   1.4,  0,  0,  0, 40, 31, 35,  0,  0, 24,  0, 26, 35,  0,  0,  0,  0, 35,  0, 23,  0, 30,  0,  0,  0, 35,  0,  0,  0, 23,  0,  0,  0
6, 11026, 15,KE8EXM,     0.00, 3,   boost,   77.47,  99804.00,  127.39,   -7.42,    8.38, 20.0, 4.03, 4.03, 4.04,  88.29, -10.94, -12.21, -13.53,  -6.21,   5.87,   0.20,  -0.22,   0.12,   2.13, 4.04, 0.00, 0.00, 0.00, 0.00, 1, 1, 10,  39.7282165, -83.7085176,   332.0, 2026,  3, 28, 20,  3, 49,        0,        0,   0,   0,   1.6,   0.9,   1.4,  0,  0,  0, 40, 31, 35,  0,  0, 24,  0, 26, 35,  0,  0,  0,  0, 35,  0, 23,  0, 30,  0,  0,  0, 35,  0,  0,  0, 23,  0,  0,  0
6, 11026, 15,KE8EXM,     0.00, 3,   boost,   77.47,  99804.00,  127.39,   -7.42,    8.38, 20.0, 4.03, 4.03, 4.04,  88.29, -10.94, -12.21, -13.53,  -6.21,   5.87,   0.20,  -0.22,   0.12,   1.86, 4.04, 0.00, 0.00, 0.00, 0.00, 1, 1, 10,  39.7282165, -83.7085176,   332.0, 2026,  3, 28, 20,  3, 49,        0,        0,   0,   0,   1.6,   0.9,   1.4,  0,  0,  0, 40, 31, 35,  0,  0, 24,  0, 26, 35,  0,  0,  0,  0, 35,  0, 23,  0, 30,  0,  0,  0, 35,  0,  0,  0, 23,  0,  0,  0
6, 11026, 15,KE8EXM,     0.00, 3,   boost,   77.47,  99804.00,  127.39,   -7.42,    8.38, 20.0, 4.03, 4.03, 4.04,  88.29, -10.94, -12.21, -13.53,  -6.21,   5.87,   0.20,  -0.22,   0.12,   2.44, 4.04, 0.00, 0.00, 0.00, 0.00, 1, 1, 10,  39.7282165, -83.7085176,   332.0, 2026,  3, 28, 20,  3, 49,        0,        0,   0,   0,   1.6,   0.9,   1.4,  0,  0,  0, 40, 31, 35,  0,  0, 24,  0, 26, 35,  0,  0,  0,  0, 35,  0, 23,  0, 30,  0,  0,  0, 35,  0,  0,  0, 23,  0,  0,  0
6, 11026, 15,KE8EXM,     0.00, 3,   boost,   77.47,  99804.00,  127.39,   -7.42,    8.38, 20.0, 4.03, 4.03, 4.04,  88.29, -10.94, -12.21, -13.53,  -6.21,   5.87,   0.20,  -0.22,   0.12,   2.64, 4.04, 0.00, 0.00, 0.00, 0.00, 1, 1, 10,  39.7282165, -83.7085176,   332.0, 2026,  3, 28, 20,  3, 49,        0,        0,   0,   0,   1.6,   0.9,   1.4,  0,  0,  0, 40, 31, 35,  0,  0, 24,  0, 26, 35,  0,  0,  0,  0, 35,  0, 23,  0, 30,  0,  0,  0, 35,  0,  0,  0, 23,  0,  0,  0
6, 11026, 15,KE8EXM,     0.00, 3,   boost,   77.47,  99804.00,  127.39,   -7.42,    8.38, 20.0, 4.03, 4.03, 4.04,  88.29, -10.94, -12.21, -13.53,  -6.21,   5.87,   0.20,  -0.22,   0.12,   2.57, 4.04, 0.00, 0.00, 0.00, 0.00, 1, 1, 10,  39.7282165, -83.7085176,   332.0, 2026,  3, 28, 20,  3, 49,        0,        0,   0,   0,   1.6,   0.9,   1.4,  0,  0,  0, 40, 31, 35,  0,  0, 24,  0, 26, 35,  0,  0,  0,  0, 35,  0, 23,  0, 30,  0,  0,  0, 35,  0,  0,  0, 23,  0,  0,  0
6, 11026, 15,KE8EXM,     0.00, 3,   boost,   77.47,  99804.00,  127.39,   -7.42,    8.38, 20.0, 4.03, 4.03, 4.04,  88.29, -10.94, -12.21, -13.53,  -6.21,   5.87,   0.20,  -0.22,   0.12,   2.58, 4.04, 0.00, 0.00, 0.00, 0.00, 1, 1, 10,  39.7282165, -83.7085176,   332.0, 2026,  3, 28, 20,  3, 49,        0,        0,   0,   0,   1.6,   0.9,   1.4,  0,  0,  0, 40, 31, 35,  0,  0, 24,  0, 26, 35,  0,  0,  0,  0, 35,  0, 23,  0, 30,  0,  0,  0, 35,  0,  0,  0, 23,  0,  0,  0
6, 11026, 15,KE8EXM,     0.00, 3,   boost,   77.47,  99804.00,  127.39,   -7.42,    8.38, 20.0, 4.03, 4.03, 4.04,  88.29, -10.94, -12.21, -13.53,  -6.21,   5.87,   0.20,  -0.22,   0.12,   2.64, 4.04, 0.00, 0.00, 0.00, 0.00, 1, 1, 10,  39.7282165, -83.7085176,   332.0, 2026,  3, 28, 20,  3, 49,        0,        0,   0,   0,   1.6,   0.9,   1.4,  0,  0,  0, 40, 31, 35,  0,  0, 24,  0, 26, 35,  0,  0,  0,  0, 35,  0, 23,  0, 30,  0,  0,  0, 35,  0,  0,  0, 23,  0,  0,  0
6, 11026, 15,KE8EXM,     0.01, 3,   boost,   80.41,  99810.00,  126.88,   -7.92,    9.17, 20.1, 4.03, 4.03, 4.04,  85.09,  -1.57,   1.57,  32.80,  -1.08,   0.01,   0.20,  -0.22,   0.12,   2.65, 4.04, 0.00, 0.00, 0.00, 0.00, 1, 1, 10,  39.7282165, -83.7085176,   332.0, 2026,  3, 28, 20,  3, 49,        0,        0,   0,   0,   1.6,   0.9,   1.4,  0,  0,  0, 40, 31, 35,  0,  0, 24,  0, 26, 35,  0,  0,  0,  0, 35,  0, 23,  0, 30,  0,  0,  0, 35,  0,  0,  0, 23,  0,  0,  0
6, 11026, 15,KE8EXM,     0.01, 3,   boost,   80.41,  99810.00,  126.88,   -7.92,    9.17, 20.1, 4.03, 4.03, 4.04,  85.09,  -1.57,   1.57,  32.80,  -1.08,   0.01,   0.20,  -0.22,   0.12,   2.65, 4.04, 0.00, 0.00, 0.00, 0.00, 1, 1, 10,  39.7282165, -83.7085176,   332.0, 2026,  3, 28, 20,  3, 49,        0,        0,   0,   0,   1.6,   0.9,   1.4,  0,  0,  0, 40, 31, 35,  0,  0, 24,  0, 26, 35,  0,  0,  0,  0, 35,  0, 23,  0, 30,  0,  0,  0, 35,  0,  0,  0, 23,  0,  0,  0
6, 11026, 15,KE8EXM,     0.02, 3,   boost,   79.92,  99810.00,  126.88,   -7.92,    9.96, 20.1, 3.86, 3.84, 3.85,  85.31,   2.32,  10.81, -23.05,  19.85,   0.93,   0.20,  -0.22,   0.11,   2.45, 3.87, 0.00, 0.00, 0.00, 0.00, 1, 1, 10,  39.7282165, -83.7085176,   332.0, 2026,  3, 28, 20,  3, 49,        0,        0,   0,   0,   1.6,   0.9,   1.4,  0,  0,  0, 40, 31, 35,  0,  0, 24,  0, 26, 35,  0,  0,  0,  0, 35,  0, 23,  0, 30,  0,  0,  0, 35,  0,  0,  0, 23,  0,  0,  0
6, 11026, 15,KE8EXM,     0.02, 3,   boost,   79.92,  99810.00,  126.88,   -7.92,    9.96, 20.1, 3.86, 3.84, 3.85,  85.31,   2.32,  10.81, -23.05,  19.85,   0.93,   0.20,  -0.22,   0.11,   2.45, 3.87, 0.00, 0.00, 0.00, 0.00, 1, 1, 10,  39.7282165, -83.7085176,   332.0, 2026,  3, 28, 20,  3, 49,        0,        0,   0,   0,   1.6,   0.9,   1.4,  0,  0,  0, 40, 31, 35,  0,  0, 24,  0, 26, 35,  0,  0,  0,  0, 35,  0, 23,  0, 30,  0,  0,  0, 35,  0,  0,  0, 23,  0,  0,  0
6, 11026, 15,KE8EXM,     0.03, 3,   boost,   78.45,  99730.00,  133.63,   -1.18,   10.75, 20.0, 3.86, 3.84, 3.85,  85.64,  -3.90,   5.01,  39.70,   0.14,  -2.55,   0.20,  -0.22,   0.11,   2.45, 3.87, 0.00, 0.00, 0.00, 0.00, 1, 1, 10,  39.7282165, -83.7085176,   332.0, 2026,  3, 28, 20,  3, 49,        0,        0,   0,   0,   1.6,   0.9,   1.4,  0,  0,  0, 40, 31, 35,  0,  0, 24,  0, 26, 35,  0,  0,  0,  0, 35,  0, 23,  0, 30,  0,  0,  0, 35,  0,  0,  0, 23,  0,  0,  0
6, 11026, 15,KE8EXM,     0.04, 3,   boost,   78.45,  99730.00,  133.63,   -1.18,   11.56, 20.0, 3.86, 3.84, 3.85,  92.76,  -0.91,   7.71,   3.14,  20.40,  -7.01,   0.20,  -0.22,   0.11,   2.25, 3.87, 0.00, 0.00, 0.00, 0.00, 1, 1, 10,  39.7282165, -83.7085176,   332.0, 2026,  3, 28, 20,  3, 49,        0,        0,   0,   0,   1.6,   0.9,   1.4,  0,  0,  0, 40, 31, 35,  0,  0, 24,  0, 26, 35,  0,  0,  0,  0, 35,  0, 23,  0, 30,  0,  0,  0, 35,  0,  0,  0, 23,  0,  0,  0
6, 11026, 15,KE8EXM,     0.05, 3,   boost,   85.81,  99697.00,  136.41,    1.60,   12.39, 20.0, 3.86, 3.84, 3.85,  95.21,  -3.80,  -2.25,  34.14,  -3.34,  -5.54,   0.20,  -0.22,   0.11,   2.29, 3.87, 0.00, 0.00, 0.00, 0.00, 1, 1, 10,  39.7282165, -83.7085176,   332.0, 2026,  3, 28, 20,  3, 49,        0,        0,   0,   0,   1.6,   0.9,   1.4,  0,  0,  0, 40, 31, 35,  0,  0, 24,  0, 26, 35,  0,  0,  0,  0, 35,  0, 23,  0, 30,  0,  0,  0, 35,  0,  0,  0, 23,  0,  0,  0
6, 11026, 15,KE8EXM,     0.06, 3,   boost,   85.32,  99697.00,  136.41,    1.60,   13.23, 20.0, 3.86, 3.84, 3.85,  95.44,  -3.83,   3.94,  14.79,  14.73,  -3.95,   0.20,  -0.22,   0.11,   2.16, 3.87, 0.00, 0.00, 0.00, 0.00, 1, 1, 10,  39.7282165, -83.7085176,   332.0, 2026,  3, 28, 20,  3, 49,        0,        0,   0,   0,   1.6,   0.9,   1.4,  0,  0,  0, 40, 31, 35,  0,  0, 24,  0, 26, 35,  0,  0,  0,  0, 35,  0, 23,  0, 30,  0,  0,  0, 35,  0,  0,  0, 23,  0,  0,  0
6, 11026, 15,KE8EXM,     0.07, 3,   boost,   83.85,  99701.00,  136.07,    1.26,   14.10, 20.0, 3.86, 3.84, 3.85,  96.54,   0.81,  -3.15,  25.17,  -0.04,  -4.57,   0.20,  -0.22,   0.11,   2.17, 3.87, 0.00, 0.00, 0.00, 0.00, 1, 1, 10,  39.7282165, -83.7085176,   332.0, 2026,  3, 28, 20,  3, 49,        0,        0,   0,   0,   1.6,   0.9,   1.4,  0,  0,  0, 40, 31, 35,  0,  0, 24,  0, 26, 35,  0,  0,  0,  0, 35,  0, 23,  0, 30,  0,  0,  0, 35,  0,  0,  0, 23,  0,  0,  0
6, 11026, 15,KE8EXM,     0.08, 3,   boost,   93.65,  99701.00,  136.07,    1.26,   14.99, 20.0, 3.86, 3.84, 3.85,  99.35,   4.50,   9.84,  21.93,   7.95,  -6.21,   0.20,  -0.22,   0.12,   2.10, 3.87, 0.00, 0.00, 0.00, 0.00, 1, 1, 10,  39.7282165, -83.7085176,   332.0, 2026,  3, 28, 20,  3, 49,        0,        0,   0,   0,   1.6,   0.9,   1.4,  0,  0,  0, 40, 31, 35,  0,  0, 24,  0, 26, 35,  0,  0,  0,  0, 35,  0, 23,  0, 30,  0,  0,  0, 35,  0,  0,  0, 23,  0,  0,  0
6, 11026, 15,KE8EXM,     0.09, 3,   boost,   95.12,  99693.00,  136.75,    1.94,   15.91, 20.1, 3.86, 3.84, 3.85, 106.22,  -3.95,  -2.79,  16.44,   0.81,  -4.93,   0.20,  -0.22,   0.12,   2.11, 3.87, 0.00, 0.00, 0.00, 0.00, 1, 1, 10,  39.7282165, -83.7085176,   332.0, 2026,  3, 28, 20,  3, 49,        0,        0,   0,   0,   1.6,   0.9,   1.4,  0,  0,  0, 40, 31, 35,  0,  0, 24,  0, 26, 35,  0,  0,  0,  0, 35,  0, 23,  0, 30,  0,  0,  0, 35,  0,  0,  0, 23,  0,  0,  0
6, 11026, 15,KE8EXM,     0.10, 3,   boost,   91.69,  99693.00,  136.75,    1.94,   16.84, 20.1, 3.86, 3.84, 3.85, 106.28,   0.53,   2.63,   9.42,  -0.41,  -4.81,   0.20,  -0.21,   0.11,   2.13, 3.87, 0.00, 0.00, 0.00, 0.00, 1, 1, 10,  39.7282165, -83.7085176,   332.0, 2026,  3, 28, 20,  3, 49,        0,        0,   0,   0,   1.6,   0.9,   1.4,  0,  0,  0, 40, 31, 35,  0,  0, 24,  0, 26, 35,  0,  0,  0,  0, 35,  0, 23,  0, 30,  0,  0,  0, 35,  0,  0,  0, 23,  0,  0,  0
6, 11026, 15,KE8EXM,     0.11, 3,   boost,   98.56,  99681.00,  137.76,    2.95,   17.80, 20.0, 3.86, 3.84, 3.85, 105.95,   4.10,   1.22,   1.67,   3.43,  -4.08,   0.20,  -0.21,   0.12,   2.11, 3.87, 0.00, 0.00, 0.00, 0.00, 1, 1, 10,  39.7282165, -83.7085176,   332.0, 2026,  3, 28, 20,  3, 49,        0,        0,   0,   0,   1.6,   0.9,   1.4,  0,  0,  0, 40, 31, 35,  0,  0, 24,  0, 26, 35,  0,  0,  0,  0, 35,  0, 23,  0, 30,  0,  0,  0, 35,  0,  0,  0, 23,  0,  0,  0
6, 11026, 15,KE8EXM,     0.11, 3,   boost,   98.56,  99681.00,  137.76,    2.95,   17.80, 20.0, 3.86, 3.84, 3.85, 105.95,   4.10,   1.22,   1.67,   3.43,  -4.08,   0.20,  -0.21,   0.12,   2.11, 3.87, 0.00, 0.00, 0.00, 0.00, 1, 1, 10,  39.7282165, -83.7085176,   332.0, 2026,  3, 28, 20,  3, 49,        0,        0,   0,   0,   1.6,   0.9,   1.4,  0,  0,  0, 40, 31, 35,  0,  0, 24,  0, 26, 35,  0,  0,  0,  0, 35,  0, 23,  0, 30,  0,  0,  0, 35,  0,  0,  0, 23,  0,  0,  0
6, 11026, 15,KE8EXM,     0.11, 3,   boost,   98.56,  99681.00,  137.76,    2.95,   17.80, 20.0, 3.86, 3.84, 3.85, 105.95,   4.10,   1.22,   1.67,   3.43,  -4.08,   0.20,  -0.21,   0.12,   2.11, 3.87, 0.00, 0.00, 0.00, 0.00, 1, 1, 10,  39.7282165, -83.7085176,   332.0, 2026,  3, 28, 20,  3, 49,        0,        0,   0,   0,   1.6,   0.9,   1.4,  0,  0,  0, 40, 31, 35,  0,  0, 24,  0, 26, 35,  0,  0,  0,  0, 35,  0, 23,  0, 30,  0,  0,  0, 35,  0,  0,  0, 23,  0,  0,  0
6, 11026, 15,KE8EXM,     0.12, 3,   boost,  101.99,  99681.00,  137.76,    2.95,   18.78, 20.0, 3.86, 3.84, 3.85, 106.63,  -0.47,  -6.55,  10.89,  -1.45,  -4.26,   0.20,  -0.21,   0.12,   2.13, 3.87, 0.00, 0.00, 0.00, 0.00, 1, 1, 10,  39.7282215, -83.7085021,   336.0, 2026,  3, 28, 20,  3, 50,        1,        4,  67,  70,   1.6,   0.9,   1.4,  0,  0,  0, 38, 25, 35,  0,  0, 30,  0, 25, 30,  0,  0,  0,  0, 36,  0, 23,  0, 23,  0,  0,  0, 31,  0,  0,  0, 34,  0,  0,  0
6, 11026, 15,KE8EXM,     0.13, 3,   boost,   97.09,  99689.00,  137.08,    2.28,   19.76, 20.0, 3.86, 3.84, 3.85, 111.08,   0.34,   5.39,  20.35,  -0.04,  -8.84,   0.20,  -0.21,   0.11,   2.17, 3.87, 0.00, 0.00, 0.00, 0.00, 1, 1, 10,  39.7282215, -83.7085021,   336.0, 2026,  3, 28, 20,  3, 50,        1,        4,  67,  70,   1.6,   0.9,   1.4,  0,  0,  0, 38, 25, 35,  0,  0, 30,  0, 25, 30,  0,  0,  0,  0, 36,  0, 23,  0, 23,  0,  0,  0, 31,  0,  0,  0, 34,  0,  0,  0
6, 11026, 15,KE8EXM,     0.14, 3,   boost,   99.05,  99689.00,  137.08,    2.28,   20.75, 20.0, 3.86, 3.84, 3.85, 109.85,   0.12,   6.87,   3.38,   4.90,  -5.97,   0.20,  -0.21,   0.12,   2.15, 3.87, 0.00, 0.00, 0.00, 0.00, 1, 1, 10,  39.7282215, -83.7085021,   336.0, 2026,  3, 28, 20,  3, 50,        1,        4,  67,  70,   1.6,   0.9,   1.4,  0,  0,  0, 38, 25, 35,  0,  0, 30,  0, 25, 30,  0,  0,  0,  0, 36,  0, 23,  0, 23,  0,  0,  0, 31,  0,  0,  0, 34,  0,  0,  0
6, 11026, 15,KE8EXM,     0.15, 3,   boost,  100.03,  99683.00,  137.59,    2.78,   21.75, 20.0, 3.86, 3.84, 3.85, 109.14,  -5.05, -10.93,  25.84,  -7.49,  -5.05,   0.20,  -0.21,   0.12,   2.23, 3.87, 0.00, 0.00, 0.00, 0.00, 1, 1, 10,  39.7282215, -83.7085021,   336.0, 2026,  3, 28, 20,  3, 50,        1,        4,  67,  70,   1.6,   0.9,   1.4,  0,  0,  0, 38, 25, 35,  0,  0, 30,  0, 25, 30,  0,  0,  0,  0, 36,  0, 23,  0, 23,  0,  0,  0, 31,  0,  0,  0, 34,  0,  0,  0
6, 11026, 15,KE8EXM,     0.16, 3,   boost,  101.50,  99683.00,  137.59,    2.78,   22.75, 20.0, 3.86, 3.84, 3.85, 108.74,   1.69,   2.82,  14.43,   6.24,  -4.75,   0.20,  -0.21,   0.12,   2.20, 3.87, 0.00, 0.00, 0.00, 0.00, 1, 1, 10,  39.7282215, -83.7085021,   336.0, 2026,  3, 28, 20,  3, 50,        1,        4,  67,  70,   1.6,   0.9,   1.4,  0,  0,  0, 38, 25, 35,  0,  0, 30,  0, 25, 30,  0,  0,  0,  0, 36,  0, 23,  0, 23,  0,  0,  0, 31,  0,  0,  0, 34,  0,  0,  0
6, 11026, 15,KE8EXM,     0.17, 3,   boost,  102.48,  99664.00,  139.19,    4.39,   23.75, 20.0, 3.86, 3.84, 3.85, 111.01,  -0.56,  -2.30,  25.47,  -0.84,  -5.24,   0.20,  -0.21,   0.12,   2.23, 3.87, 0.00, 0.00, 0.00, 0.00, 1, 1, 10,  39.7282215, -83.7085021,   336.0, 2026,  3, 28, 20,  3, 50,        1,        4,  67,  70,   1.6,   0.9,   1.4,  0,  0,  0, 38, 25, 35,  0,  0, 30,  0, 25, 30,  0,  0,  0,  0, 36,  0, 23,  0, 23,  0,  0,  0, 31,  0,  0,  0, 34,  0,  0,  0
6, 11026, 15,KE8EXM,     0.18, 3,   boost,   98.56,  99664.00,  139.19,    4.39,   24.75, 20.0, 3.86, 3.84, 3.85, 112.67,   0.93,   4.19,  20.35,  -7.00,  -4.69,   0.20,  -0.21,   0.12,   2.32, 3.87, 0.00, 0.00, 0.00, 0.00, 1, 1, 10,  39.7282215, -83.7085021,   336.0, 2026,  3, 28, 20,  3, 50,        1,        4,  67,  70,   1.6,   0.9,   1.4,  0,  0,  0, 38, 25, 35,  0,  0, 30,  0, 25, 30,  0,  0,  0,  0, 36,  0, 23,  0, 23,  0,  0,  0, 31,  0,  0,  0, 34,  0,  0,  0
6, 11026, 15,KE8EXM,     0.19, 3,   boost,   98.56,  99649.00,  140.46,    5.65,   25.76, 20.0, 3.86, 3.84, 3.85, 111.31,  -1.54,  -1.14,   9.48,  -4.38,  -4.75,   0.20,  -0.21,   0.12,   2.38, 3.87, 0.00, 0.00, 0.00, 0.00, 1, 1, 10,  39.7282215, -83.7085021,   336.0, 2026,  3, 28, 20,  3, 50,        1,        4,  67,  70,   1.6,   0.9,   1.4,  0,  0,  0, 38, 25, 35,  0,  0, 30,  0, 25, 30,  0,  0,  0,  0, 36,  0, 23,  0, 23,  0,  0,  0, 31,  0,  0,  0, 34,  0,  0,  0
6, 11026, 15,KE8EXM,     0.20, 3,   boost,   99.05,  99649.00,  140.46,    5.65,   26.76, 20.0, 3.86, 3.84, 3.85, 111.66,   0.61,   1.99,  -8.16,  -0.35,  -5.72,   0.20,  -0.21,   0.12,   2.41, 3.87, 0.00, 0.00, 0.00, 0.00, 1, 1, 10,  39.7282215, -83.7085021,   336.0, 2026,  3, 28, 20,  3, 50,        1,        4,  67,  70,   1.6,   0.9,   1.4,  0,  0,  0, 38, 25, 35,  0,  0, 30,  0, 25, 30,  0,  0,  0,  0, 36,  0, 23,  0, 23,  0,  0,  0, 31,  0,  0,  0, 34,  0,  0,  0
6, 11026, 15,KE8EXM,     0.21, 3,   boost,  105.42,  99643.00,  140.96,    6.16,   27.77, 20.0, 3.86, 3.84, 3.85, 111.90,  -3.50,  -3.65, -11.94,   0.63,  -4.50,   0.20,  -0.21,   0.12,   2.43, 3.87, 0.00, 0.00, 0.00, 0.00, 1, 1, 10,  39.7282215, -83.7085021,   336.0, 2026,  3, 28, 20,  3, 50,        1,        4,  67,  70,   1.6,   0.9,   1.4,  0,  0,  0, 38, 25, 35,  0,  0, 30,  0, 25, 30,  0,  0,  0,  0, 36,  0, 23,  0, 23,  0,  0,  0, 31,  0,  0,  0, 34,  0,  0,  0
6, 11026, 15,KE8EXM,     0.22, 3,   boost,  101.50,  99643.00,  140.96,    6.16,   28.79, 20.0, 3.86, 3.84, 3.85, 114.73,   1.23,   2.87,  -5.65,  -5.78,  -8.47,   0.20,  -0.21,   0.12,   2.52, 3.87, 0.00, 0.00, 0.00, 0.00, 1, 1, 10,  39.7282215, -83.7085021,   336.0, 2026,  3, 28, 20,  3, 50,        1,        4,  67,  70,   1.6,   0.9,   1.4,  0,  0,  0, 38, 25, 35,  0,  0, 30,  0, 25, 30,  0,  0,  0,  0, 36,  0, 23,  0, 23,  0,  0,  0, 31,  0,  0,  0, 34,  0,  0,  0
6, 11026, 15,KE8EXM,     0.23, 3,   boost,  101.50,  99647.00,  140.63,    5.82,   29.80, 20.0, 3.86, 3.84, 3.85, 111.35,  -1.13,  -6.87, -17.74,  -1.14,  -5.72,   0.20,  -0.21,   0.12,   2.56, 3.87, 0.00, 0.00, 0.00, 0.00, 1, 1, 10,  39.7282215, -83.7085021,   336.0, 2026,  3, 28, 20,  3, 50,        1,        4,  67,  70,   1.6,   0.9,   1.4,  0,  0,  0, 38, 25, 35,  0,  0, 30,  0, 25, 30,  0,  0,  0,  0, 36,  0, 23,  0, 23,  0,  0,  0, 31,  0,  0,  0, 34,  0,  0,  0
6, 11026, 15,KE8EXM,     0.24, 3,   boost,  101.99,  99647.00,  140.63,    5.82,   30.82, 20.0, 3.86, 3.84, 3.85, 114.28,  -3.50,   0.93,  -7.67,  -4.19,  -8.47,   0.20,  -0.21,   0.12,   2.64, 3.87, 0.00, 0.00, 0.00, 0.00, 1, 1, 10,  39.7282215, -83.7085021,   336.0, 2026,  3, 28, 20,  3, 50,        1,        4,  67,  70,   1.6,   0.9,   1.4,  0,  0,  0, 38, 25, 35,  0,  0, 30,  0, 25, 30,  0,  0,  0,  0, 36,  0, 23,  0, 23,  0,  0,  0, 31,  0,  0,  0, 34,  0,  0,  0
6, 11026, 15,KE8EXM,     0.25, 3,   boost,  101.01,  99629.00,  142.15,    7.34,   31.83, 20.1, 3.86, 3.84, 3.85, 112.13,  -1.39,  -3.53, -16.58,   0.20,  -7.49,   0.20,  -0.21,   0.12,   2.68, 3.87, 0.00, 0.00, 0.00, 0.00, 1, 1, 10,  39.7282215, -83.7085021,   336.0, 2026,  3, 28, 20,  3, 50,        1,        4,  67,  70,   1.6,   0.9,   1.4,  0,  0,  0, 38, 25, 35,  0,  0, 30,  0, 25, 30,  0,  0,  0,  0, 36,  0, 23,  0, 23,  0,  0,  0, 31,  0,  0,  0, 34,  0,  0,  0
6, 11026, 15,KE8EXM,     0.26, 3,   boost,  101.50,  99629.00,  142.15,    7.34,   32.85, 20.1, 3.86, 3.84, 3.85, 112.92,  -1.29,   0.11,  -8.52,  -1.08,  -6.88,   0.20,  -0.21,   0.12,   2.73, 3.87, 0.00, 0.00, 0.00, 0.00, 1, 1, 10,  39.7282215, -83.7085021,   336.0, 2026,  3, 28, 20,  3, 50,        1,        4,  67,  70,   1.6,   0.9,   1.4,  0,  0,  0, 38, 25, 35,  0,  0, 30,  0, 25, 30,  0,  0,  0,  0, 36,  0, 23,  0, 23,  0,  0,  0, 31,  0,  0,  0, 34,  0,  0,  0
6, 11026, 15,KE8EXM,     0.27, 3,   boost,  101.99,  99649.00,  140.46,    5.65,   33.86, 20.0, 3.86, 3.84, 3.85, 112.75,   0.69,  -3.95,  -8.95,  -5.17,  -7.86,   0.20,  -0.21,   0.12,   2.82, 3.87, 0.00, 0.00, 0.00, 0.00, 1, 1, 10,  39.7282215, -83.7085021,   336.0, 2026,  3, 28, 20,  3, 50,        1,        4,  67,  70,   1.6,   0.9,   1.4,  0,  0,  0, 38, 25, 35,  0,  0, 30,  0, 25, 30,  0,  0,  0,  0, 36,  0, 23,  0, 23,  0,  0,  0, 31,  0,  0,  0, 34,  0,  0,  0
6, 11026, 15,KE8EXM,     0.28, 3,   boost,  101.01,  99649.00,  140.46,    5.65,   34.87, 20.0, 3.86, 3.84, 3.85, 112.35,  -1.72,  -1.23, -15.36,  -2.18,  -8.47,   0.20,  -0.21,   0.12,   2.89, 3.87, 0.00, 0.00, 0.00, 0.00, 1, 1, 10,  39.7282215, -83.7085021,   336.0, 2026,  3, 28, 20,  3, 50,        1,        4,  67,  70,   1.6,   0.9,   1.4,  0,  0,  0, 38, 25, 35,  0,  0, 30,  0, 25, 30,  0,  0,  0,  0, 36,  0, 23,  0, 23,  0,  0,  0, 31,  0,  0,  0, 34,  0,  0,  0
6, 11026, 15,KE8EXM,     0.29, 3,   boost,   98.07,  99612.00,  143.58,    8.77,   35.87, 20.0, 3.86, 3.84, 3.85, 112.84,  -2.47,   0.57,  -6.81,   0.44,  -9.08,   0.20,  -0.21,   0.12,   2.94, 3.87, 0.00, 0.00, 0.00, 0.00, 1, 1, 10,  39.7282215, -83.7085021,   336.0, 2026,  3, 28, 20,  3, 50,        1,        4,  67,  70,   1.6,   0.9,   1.4,  0,  0,  0, 38, 25, 35,  0,  0, 30,  0, 25, 30,  0,  0,  0,  0, 36,  0, 23,  0, 23,  0,  0,  0, 31,  0,  0,  0, 34,  0,  0,  0
6, 11026, 15,KE8EXM,     0.30, 3,   boost,  101.99,  99612.00,  143.58,    8.77,   36.88, 20.0, 3.86, 3.84, 3.85, 112.15,  -0.66,  -4.27, -12.24,  -1.39,  -8.84,   0.20,  -0.21,   0.12,   3.01, 3.87, 0.00, 0.00, 0.00, 0.00, 1, 1, 10,  39.7282215, -83.7085021,   336.0, 2026,  3, 28, 20,  3, 50,        1,        4,  67,  70,   1.6,   0.9,   1.4,  0,  0,  0, 38, 25, 35,  0,  0, 30,  0, 25, 30,  0,  0,  0,  0, 36,  0, 23,  0, 23,  0,  0,  0, 31,  0,  0,  0, 34,  0,  0,  0
6, 11026, 15,KE8EXM,     0.31, 3,   boost,  101.01,  99601.00,  144.51,    9.70,   37.89, 20.0, 3.86, 3.84, 3.85, 112.56,  -0.92,  -0.09,  -8.95,  -0.04,  -9.33,   0.20,  -0.21,   0.12,   3.07, 3.87, 0.00, 0.00, 0.00, 0.00, 1, 1, 10,  39.7282215, -83.7085021,   336.0, 2026,  3, 28, 20,  3, 50,        1,        4,  67,  70,   1.6,   0.9,   1.4,  0,  0,  0, 38, 25, 35,  0,  0, 30,  0, 25, 30,  0,  0,  0,  0, 36,  0, 23,  0, 23,  0,  0,  0, 31,  0,  0,  0, 34,  0,  0,  0
6, 11026, 15,KE8EXM,     0.32, 3,   boost,  102.48,  99601.00,  144.51,    9.70,   38.90, 20.0, 3.86, 3.84, 3.85, 112.04,   0.24,  -2.03,  -8.34,  -0.72, -10.24,   0.20,  -0.21,   0.12,   3.14, 3.87, 0.00, 0.00, 0.00, 0.00, 1, 1, 10,  39.7282215, -83.7085021,   336.0, 2026,  3, 28, 20,  3, 50,        1,        4,  67,  70,   1.6,   0.9,   1.4,  0,  0,  0, 38, 25, 35,  0,  0, 30,  0, 25, 30,  0,  0,  0,  0, 36,  0, 23,  0, 23,  0,  0,  0, 31,  0,  0,  0, 34,  0,  0,  0
6, 11026, 15,KE8EXM,     0.33, 3,   boost,  101.50,  99598.00,  144.76,    9.96,   39.90, 20.0, 3.86, 3.84, 3.85, 111.85,  -1.30,  -2.05, -10.35,  -2.12, -10.42,   0.20,  -0.20,   0.12,   3.23, 3.87, 0.00, 0.00, 0.00, 0.00, 1, 1, 10,  39.7282215, -83.7085021,   336.0, 2026,  3, 28, 20,  3, 50,        1,        4,  67,  70,   1.6,   0.9,   1.4,  0,  0,  0, 38, 25, 35,  0,  0, 30,  0, 25, 30,  0,  0,  0,  0, 36,  0, 23,  0, 23,  0,  0,  0, 31,  0,  0,  0, 34,  0,  0,  0
6, 11026, 15,KE8EXM,     0.34, 3,   boost,  100.03,  99598.00,  144.76,    9.96,   40.90, 20.0, 3.98, 3.96, 3.98, 111.31,  -1.31,  -0.19,  -7.61,   1.30, -10.30,   0.20,  -0.20,   0.12,   3.29, 3.98, 0.00, 0.00, 0.00, 0.00, 1, 1, 10,  39.7282215, -83.7085021,   336.0, 2026,  3, 28, 20,  3, 50,        1,        4,  67,  70,   1.6,   0.9,   1.4,  0,  0,  0, 38, 25, 35,  0,  0, 30,  0, 25, 30,  0,  0,  0,  0, 36,  0, 23,  0, 23,  0,  0,  0, 31,  0,  0,  0, 34,  0,  0,  0
6, 11026, 15,KE8EXM,     0.34, 3,   boost,  100.03,  99598.00,  144.76,    9.96,   40.90, 20.0, 3.98, 3.96, 3.98, 111.31,  -1.31,  -0.19,  -7.61,   1.30, -10.30,   0.20,  -0.20,   0.12,   3.29, 3.98, 0.00, 0.00, 0.00, 0.00, 1, 1, 10,  39.7282215, -83.7085021,   336.0, 2026,  3, 28, 20,  3, 50,        1,        4,  67,  70,   1.6,   0.9,   1.4,  0,  0,  0, 38, 25, 35,  0,  0, 30,  0, 25, 30,  0,  0,  0,  0, 36,  0, 23,  0, 23,  0,  0,  0, 31,  0,  0,  0, 34,  0,  0,  0
6, 11026, 15,KE8EXM,     0.35, 3,   boost,   97.58,  99591.00,  145.35,   10.55,   41.89, 20.0, 3.98, 3.96, 3.98, 110.70,   0.35,  -3.71,  -8.58,  -0.04,  -9.69,   0.20,  -0.20,   0.12,   3.36, 3.98, 0.00, 0.00, 0.00, 0.00, 1, 1, 10,  39.7282215, -83.7085021,   336.0, 2026,  3, 28, 20,  3, 50,        1,        4,  67,  70,   1.6,   0.9,   1.4,  0,  0,  0, 38, 25, 35,  0,  0, 30,  0, 25, 30,  0,  0,  0,  0, 36,  0, 23,  0, 23,  0,  0,  0, 31,  0,  0,  0, 34,  0,  0,  0
6, 11026, 15,KE8EXM,     0.36, 3,   boost,   97.09,  99591.00,  145.35,   10.55,   42.88, 20.0, 3.98, 3.96, 3.98, 111.10,  -0.45,  -0.06,  -6.93,   0.38, -10.67,   0.20,  -0.20,   0.12,   3.44, 3.98, 0.00, 0.00, 0.00, 0.00, 1, 1, 10,  39.7282215, -83.7085021,   336.0, 2026,  3, 28, 20,  3, 50,        1,        4,  67,  70,   1.6,   0.9,   1.4,  0,  0,  0, 38, 25, 35,  0,  0, 30,  0, 25, 30,  0,  0,  0,  0, 36,  0, 23,  0, 23,  0,  0,  0, 31,  0,  0,  0, 34,  0,  0,  0
6, 11026, 15,KE8EXM,     0.37, 3,   boost,   99.05,  99576.00,  146.62,   11.81,   43.86, 20.0, 3.98, 3.96, 3.98, 110.61,   0.22,  -0.39,  -4.62,   0.57, -10.79,   0.20,  -0.20,   0.12,   3.51, 3.98, 0.00, 0.00, 0.00, 0.00, 1, 1, 10,  39.7282215, -83.7085021,   336.0, 2026,  3, 28, 20,  3, 50,        1,        4,  67,  70,   1.6,   0.9,   1.4,  0,  0,  0, 38, 25, 35,  0,  0, 30,  0, 25, 30,  0,  0,  0,  0, 36,  0, 23,  0, 23,  0,  0,  0, 31,  0,  0,  0, 34,  0,  0,  0
6, 11026, 15,KE8EXM,     0.38, 3,   boost,   98.07,  99576.00,  146.62,   11.81,   44.84, 20.0, 3.98, 3.96, 3.98, 110.53,  -1.87,  -2.49,  -8.95,   0.75, -10.85,   0.20,  -0.20,   0.12,   3.59, 3.98, 0.00, 0.00, 0.00, 0.00, 1, 1, 10,  39.7282215, -83.7085021,   336.0, 2026,  3, 28, 20,  3, 50,        1,        4,  67,  70,   1.6,   0.9,   1.4,  0,  0,  0, 38, 25, 35,  0,  0, 30,  0, 25, 30,  0,  0,  0,  0, 36,  0, 23,  0, 23,  0,  0,  0, 31,  0,  0,  0, 34,  0,  0,  0
6, 11026, 15,KE8EXM,     0.39, 3,   boost,   98.07,  99561.00,  147.89,   13.08,   45.82, 20.0, 3.98, 3.96, 3.98, 110.59,   0.44,  -1.44,  -3.64,   0.32, -10.49,   0.20,  -0.20,   0.12,   3.67, 3.98, 0.00, 0.00, 0.00, 0.00, 1, 1, 10,  39.7282215, -83.7085021,   336.0, 2026,  3, 28, 20,  3, 50,        1,        4,  67,  70,   1.6,   0.9,   1.4,  0,  0,  0, 38, 25, 35,  0,  0, 30,  0, 25, 30,  0,  0,  0,  0, 36,  0, 23,  0, 23,  0,  0,  0, 31,  0,  0,  0, 34,  0,  0,  0
6, 11026, 15,KE8EXM,     0.40, 3,   boost,   98.07,  99561.00,  147.89,   13.08,   46.80, 20.0, 3.98, 3.96, 3.98, 110.04,   0.04,  -2.25,  -6.69,   0.93, -10.49,   0.20,  -0.20,   0.12,   3.74, 3.98, 0.00, 0.00, 0.00, 0.00, 1, 1, 10,  39.7282215, -83.7085021,   336.0, 2026,  3, 28, 20,  3, 50,        1,        4,  67,  70,   1.6,   0.9,   1.4,  0,  0,  0, 38, 25, 35,  0,  0, 30,  0, 25, 30,  0,  0,  0,  0, 36,  0, 23,  0, 23,  0,  0,  0, 31,  0,  0,  0, 34,  0,  0,  0
6, 11026, 15,KE8EXM,     0.41, 3,   boost,   98.56,  99540.00,  149.66,   14.85,   47.78, 20.0, 3.98, 3.96, 3.98, 110.57,  -0.21,  -0.37,  -6.69,   0.81, -11.40,   0.21,  -0.20,   0.12,   3.83, 3.98, 0.00, 0.00, 0.00, 0.00, 1, 1, 10,  39.7282215, -83.7085021,   336.0, 2026,  3, 28, 20,  3, 50,        1,        4,  67,  70,   1.6,   0.9,   1.4,  0,  0,  0, 38, 25, 35,  0,  0, 30,  0, 25, 30,  0,  0,  0,  0, 36,  0, 23,  0, 23,  0,  0,  0, 31,  0,  0,  0, 34,  0,  0,  0
6, 11026, 15,KE8EXM,     0.42, 3,   boost,   97.58,  99540.00,  149.66,   14.85,   48.76, 20.0, 3.98, 3.96, 3.98, 110.29,  -0.52,  -1.02,  -4.19,   2.03, -10.73,   0.21,  -0.20,   0.12,   3.90, 3.98, 0.00, 0.00, 0.00, 0.00, 1, 1, 10,  39.7282215, -83.7085021,   336.0, 2026,  3, 28, 20,  3, 50,        1,        4,  67,  70,   1.6,   0.9,   1.4,  0,  0,  0, 38, 25, 35,  0,  0, 30,  0, 25, 30,  0,  0,  0,  0, 36,  0, 23,  0, 23,  0,  0,  0, 31,  0,  0,  0, 34,  0,  0,  0
6, 11026, 15,KE8EXM,     0.43, 3,   boost,   97.58,  99529.00,  150.59,   15.78,   49.73, 20.0, 3.98, 3.96, 3.98, 109.81,  -0.70,  -3.05,  -7.79,   2.40, -10.79,   0.21,  -0.20,   0.12,   3.98, 3.98, 0.00, 0.00, 0.00, 0.00, 1, 1, 10,  39.7282215, -83.7085021,   336.0, 2026,  3, 28, 20,  3, 50,        1,        4,  67,  70,   1.6,   0.9,   1.4,  0,  0,  0, 38, 25, 35,  0,  0, 30,  0, 25, 30,  0,  0,  0,  0, 36,  0, 23,  0, 23,  0,  0,  0, 31,  0,  0,  0, 34,  0,  0,  0
6, 11026, 15,KE8EXM,     0.44, 3,   boost,   98.07,  99529.00,  150.59,   15.78,   50.71, 20.0, 3.98, 3.96, 3.98, 109.86,   1.29,  -1.43,  -3.39,   1.60, -10.49,   0.21,  -0.20,   0.12,   4.05, 3.98, 0.00, 0.00, 0.00, 0.00, 1, 1, 10,  39.7282215, -83.7085021,   336.0, 2026,  3, 28, 20,  3, 50,        1,        4,  67,  70,   1.6,   0.9,   1.4,  0,  0,  0, 38, 25, 35,  0,  0, 30,  0, 25, 30,  0,  0,  0,  0, 36,  0, 23,  0, 23,  0,  0,  0, 31,  0,  0,  0, 34,  0,  0,  0
6, 11026, 15,KE8EXM,     0.45, 3,   boost,   98.07,  99517.00,  151.60,   16.79,   51.68, 20.0, 3.98, 3.96, 3.98, 109.77,  -0.30,  -1.15,  -6.51,   2.09, -10.61,   0.21,  -0.20,   0.12,   4.13, 3.98, 0.00, 0.00, 0.00, 0.00, 1, 1, 10,  39.7282215, -83.7085021,   336.0, 2026,  3, 28, 20,  3, 50,        1,        4,  67,  70,   1.6,   0.9,   1.4,  0,  0,  0, 38, 25, 35,  0,  0, 30,  0, 25, 30,  0,  0,  0,  0, 36,  0, 23,  0, 23,  0,  0,  0, 31,  0,  0,  0, 34,  0,  0,  0
6, 11026, 15,KE8EXM,     0.46, 3,   boost,   97.58,  99517.00,  151.60,   16.79,   52.66, 20.0, 3.98, 3.96, 3.98, 110.07,  -0.07,  -1.40,  -5.47,   2.03, -10.91,   0.21,  -0.19,   0.11,   4.21, 3.98, 0.00, 0.00, 0.00, 0.00, 1, 1, 10,  39.7282215, -83.7085021,   336.0, 2026,  3, 28, 20,  3, 50,        1,        4,  67,  70,   1.6,   0.9,   1.4,  0,  0,  0, 38, 25, 35,  0,  0, 30,  0, 25, 30,  0,  0,  0,  0, 36,  0, 23,  0, 23,  0,  0,  0, 31,  0,  0,  0, 34,  0,  0,  0
6, 11026, 15,KE8EXM,     0.47, 3,   boost,   97.09,  99504.00,  152.70,   17.89,   53.63, 20.0, 3.98, 3.96, 3.98, 109.54,   0.67,  -1.36,  -3.39,   3.98, -10.00,   0.21,  -0.19,   0.12,   4.28, 3.98, 0.00, 0.00, 0.00, 0.00, 1, 1, 10,  39.7282215, -83.7085021,   336.0, 2026,  3, 28, 20,  3, 50,        1,        4,  67,  70,   1.6,   0.9,   1.4,  0,  0,  0, 38, 25, 35,  0,  0, 30,  0, 25, 30,  0,  0,  0,  0, 36,  0, 23,  0, 23,  0,  0,  0, 31,  0,  0,  0, 34,  0,  0,  0
6, 11026, 15,KE8EXM,     0.48, 3,   boost,   98.07,  99504.00,  152.70,   17.89,   54.61, 20.0, 3.98, 3.96, 3.98, 109.27,  -0.08,  -2.39,  -7.67,   4.41, -10.36,   0.21,  -0.19,   0.11,   4.34, 3.98, 0.00, 0.00, 0.00, 0.00, 1, 1, 10,  39.7282215, -83.7085021,   336.0, 2026,  3, 28, 20,  3, 50,        1,        4,  67,  70,   1.6,   0.9,   1.4,  0,  0,  0, 38, 25, 35,  0,  0, 30,  0, 25, 30,  0,  0,  0,  0, 36,  0, 23,  0, 23,  0,  0,  0, 31,  0,  0,  0, 34,  0,  0,  0
6, 11026, 15,KE8EXM,     0.49, 3,   boost,   98.07,  99496.00,  153.37,   18.57,   55.58, 20.0, 3.98, 3.96, 3.98, 110.36,   1.06,  -1.68,  -2.42,   1.85, -10.00,   0.21,  -0.19,   0.11,   4.42, 3.98, 0.00, 0.00, 0.00, 0.00, 1, 1, 10,  39.7282215, -83.7085021,   336.0, 2026,  3, 28, 20,  3, 50,        1,        4,  67,  70,   1.6,   0.9,   1.4,  0,  0,  0, 38, 25, 35,  0,  0, 30,  0, 25, 30,  0,  0,  0,  0, 36,  0, 23,  0, 23,  0,  0,  0, 31,  0,  0,  0, 34,  0,  0,  0
6, 11026, 15,KE8EXM,     0.50, 3,   boost,   98.07,  99496.00,  153.37,   18.57,   56.55, 20.0, 3.98, 3.96, 3.98, 109.22,  -0.10,  -0.56,  -6.32,   4.41,  -9.45,   0.21,  -0.19,   0.11,   4.48, 3.98, 0.00, 0.00, 0.00, 0.00, 1, 1, 10,  39.7282215, -83.7085021,   336.0, 2026,  3, 28, 20,  3, 50,        1,        4,  67,  70,   1.6,   0.9,   1.4,  0,  0,  0, 38, 25, 35,  0,  0, 30,  0, 25, 30,  0,  0,  0,  0, 36,  0, 23,  0, 23,  0,  0,  0, 31,  0,  0,  0, 34,  0,  0,  0
6, 11026, 15,KE8EXM,     0.51, 3,   boost,   96.60,  99481.00,  154.64,   19.84,   57.53, 20.0, 3.98, 3.96, 3.98, 109.44,   0.48,  -2.11,  -5.84,   4.17,  -9.39,   0.21,  -0.19,   0.11,   4.55, 3.98, 0.00, 0.00, 0.00, 0.00, 1, 1, 10,  39.7282215, -83.7085021,   336.0, 2026,  3, 28, 20,  3, 50,        1,        4,  67,  70,   1.6,   0.9,   1.4,  0,  0,  0, 38, 25, 35,  0,  0, 30,  0, 25, 30,  0,  0,  0,  0, 36,  0, 23,  0, 23,  0,  0,  0, 31,  0,  0,  0, 34,  0,  0,  0
6, 11026, 15,KE8EXM,     0.52, 3,   boost,   97.58,  99481.00,  154.64,   19.84,   58.50, 20.0, 3.98, 3.96, 3.98, 109.45,   0.27,  -2.72,  -2.72,   4.11,  -9.26,   0.21,  -0.19,   0.11,   4.61, 3.98, 0.00, 0.00, 0.00, 0.00, 1, 1, 10,  39.7282215, -83.7085021,   336.0, 2026,  3, 28, 20,  3, 50,        1,        4,  67,  70,   1.6,   0.9,   1.4,  0,  0,  0, 38, 25, 35,  0,  0, 30,  0, 25, 30,  0,  0,  0,  0, 36,  0, 23,  0, 23,  0,  0,  0, 31,  0,  0,  0, 34,  0,  0,  0
6, 11026, 15,KE8EXM,     0.53, 3,   boost,   97.58,  99472.00,  155.40,   20.60,   59.47, 20.0, 3.98, 3.96, 3.98, 109.58,  -0.07,  -1.11,  -6.20,   5.63,  -8.78,   0.21,  -0.19,   0.11,   4.67, 3.98, 0.00, 0.00, 0.00, 0.00, 1, 1, 10,  39.7282215, -83.7085021,   336.0, 2026,  3, 28, 20,  3, 50,        1,        4,  67,  70,   1.6,   0.9,   1.4,  0,  0,  0, 38, 25, 35,  0,  0, 30,  0, 25, 30,  0,  0,  0,  0, 36,  0, 23,  0, 23,  0,  0,  0, 31,  0,  0,  0, 34,  0,  0,  0
6, 11026, 15,KE8EXM,     0.54, 3,   boost,   98.56,  99472.00,  155.40,   20.60,   60.44, 20.0, 3.98, 3.96, 3.98, 109.74,   0.73,  -1.25,  -2.05,   5.39,  -8.11,   0.21,  -0.19,   0.11,   4.72, 3.98, 0.00, 0.00, 0.00, 0.00, 1, 1, 10,  39.7282215, -83.7085021,   336.0, 2026,  3, 28, 20,  3, 50,        1,        4,  67,  70,   1.6,   0.9,   1.4,  0,  0,  0, 38, 25, 35,  0,  0, 30,  0, 25, 30,  0,  0,  0,  0, 36,  0, 23,  0, 23,  0,  0,  0, 31,  0,  0,  0, 34,  0,  0,  0
6, 11026, 15,KE8EXM,     0.55, 3,   boost,   97.09,  99464.00,  156.08,   21.27,   61.41, 20.0, 3.98, 3.96, 3.98, 109.47,   0.09,  -1.97,  -2.85,   5.75,  -8.04,   0.21,  -0.19,   0.11,   4.77, 3.98, 0.00, 0.00, 0.00, 0.00, 1, 1, 10,  39.7282215, -83.7085021,   336.0, 2026,  3, 28, 20,  3, 50,        1,        4,  67,  70,   1.6,   0.9,   1.4,  0,  0,  0, 38, 25, 35,  0,  0, 30,  0, 25, 30,  0,  0,  0,  0, 36,  0, 23,  0, 23,  0,  0,  0, 31,  0,  0,  0, 34,  0,  0,  0
6, 11026, 15,KE8EXM,     0.56, 3,   boost,   95.61,  99464.00,  156.08,   21.27,   62.38, 20.0, 3.98, 3.96, 3.98, 109.53,   0.59,  -2.20,  -1.01,   5.63,  -8.23,   0.21,  -0.19,   0.11,   4.83, 3.98, 0.00, 0.00, 0.00, 0.00, 1, 1, 10,  39.7282215, -83.7085021,   336.0, 2026,  3, 28, 20,  3, 50,        1,        4,  67,  70,   1.6,   0.9,   1.4,  0,  0,  0, 38, 25, 35,  0,  0, 30,  0, 25, 30,  0,  0,  0,  0, 36,  0, 23,  0, 23,  0,  0,  0, 31,  0,  0,  0, 34,  0,  0,  0
6, 11026, 15,KE8EXM,     0.57, 3,   boost,   98.07,  99445.00,  157.68,   22.88,   63.35, 20.0, 3.98, 3.96, 3.98, 109.57,  -0.41,  -1.65,  -0.40,   6.30,  -7.98,   0.21,  -0.18,   0.11,   4.88, 3.98, 0.00, 0.00, 0.00, 0.00, 1, 1, 10,  39.7282215, -83.7085021,   336.0, 2026,  3, 28, 20,  3, 50,        1,        4,  67,  70,   1.6,   0.9,   1.4,  0,  0,  0, 38, 25, 35,  0,  0, 30,  0, 25, 30,  0,  0,  0,  0, 36,  0, 23,  0, 23,  0,  0,  0, 31,  0,  0,  0, 34,  0,  0,  0
6, 11026, 15,KE8EXM,     0.58, 3,   boost,   97.09,  99445.00,  157.68,   22.88,   64.32, 20.0, 3.98, 3.96, 3.98, 109.44,  -0.12,  -0.74,   1.61,   6.79,  -7.43,   0.21,  -0.18,   0.11,   4.92, 3.98, 0.00, 0.00, 0.00, 0.00, 1, 1, 10,  39.7282215, -83.7085021,   336.0, 2026,  3, 28, 20,  3, 50,        1,        4,  67,  70,   1.6,   0.9,   1.4,  0,  0,  0, 38, 25, 35,  0,  0, 30,  0, 25, 30,  0,  0,  0,  0, 36,  0, 23,  0, 23,  0,  0,  0, 31,  0,  0,  0, 34,  0,  0,  0
6, 11026, 15,KE8EXM,     0.59, 3,   boost,   99.05,  99419.00,  159.88,   25.08,   65.30, 20.0, 3.98, 3.96, 3.98, 109.59,   0.55,  -1.05,   5.27,   7.04,  -7.62,   0.21,  -0.19,   0.11,   4.97, 3.98, 0.00, 0.00, 0.00, 0.00, 1, 1, 10,  39.7282215, -83.7085021,   336.0, 2026,  3, 28, 20,  3, 50,        1,        4,  67,  70,   1.6,   0.9,   1.4,  0,  0,  0, 38, 25, 35,  0,  0, 30,  0, 25, 30,  0,  0,  0,  0, 36,  0, 23,  0, 23,  0,  0,  0, 31,  0,  0,  0, 34,  0,  0,  0
6, 11026, 15,KE8EXM,     0.60, 3,   boost,   98.07,  99419.00,  159.88,   25.08,   66.27, 20.0, 3.98, 3.96, 3.98, 109.80,   0.83,  -1.36,   5.09,   7.59,  -7.07,   0.21,  -0.19,   0.11,   5.01, 3.98, 0.00, 0.00, 0.00, 0.00, 1, 1, 10,  39.7282215, -83.7085021,   336.0, 2026,  3, 28, 20,  3, 50,        1,        4,  67,  70,   1.6,   0.9,   1.4,  0,  0,  0, 38, 25, 35,  0,  0, 30,  0, 25, 30,  0,  0,  0,  0, 36,  0, 23,  0, 23,  0,  0,  0, 31,  0,  0,  0, 34,  0,  0,  0
6, 11026, 15,KE8EXM,     0.61, 3,   boost,   98.56,  99411.00,  160.56,   25.75,   67.25, 20.0, 3.98, 3.96, 3.98, 109.50,   0.40,  -1.73,   6.37,   8.13,  -7.37,   0.21,  -0.18,   0.11,   5.06, 3.98, 0.00, 0.00, 0.00, 0.00, 1, 1, 10,  39.7282215, -83.7085021,   336.0, 2026,  3, 28, 20,  3, 50,        1,        4,  67,  70,   1.6,   0.9,   1.4,  0,  0,  0, 38, 25, 35,  0,  0, 30,  0, 25, 30,  0,  0,  0,  0, 36,  0, 23,  0, 23,  0,  0,  0, 31,  0,  0,  0, 34,  0,  0,  0
6, 11026, 15,KE8EXM,     0.62, 3,   boost,   97.09,  99411.00,  160.56,   25.75,   68.22, 20.0, 3.98, 3.96, 3.98, 109.04,   0.97,  -1.78,  10.64,   7.28,  -6.76,   0.22,  -0.18,   0.11,   5.11, 3.98, 0.00, 0.00, 0.00, 0.00, 1, 1, 10,  39.7282215, -83.7085021,   336.0, 2026,  3, 28, 20,  3, 50,        1,        4,  67,  70,   1.6,   0.9,   1.4,  0,  0,  0, 38, 25, 35,  0,  0, 30,  0, 25, 30,  0,  0,  0,  0, 36,  0, 23,  0, 23,  0,  0,  0, 31,  0,  0,  0, 34,  0,  0,  0
6, 11026, 15,KE8EXM,     0.63, 3,   boost,   97.09,  99388.00,  162.50,   27.70,   69.19, 20.0, 3.98, 3.96, 3.98, 109.25,   0.73,  -0.22,   9.61,   8.44,  -5.79,   0.22,  -0.18,   0.11,   5.14, 3.98, 0.00, 0.00, 0.00, 0.00, 1, 1, 10,  39.7282215, -83.7085021,   336.0, 2026,  3, 28, 20,  3, 50,        1,        4,  67,  70,   1.6,   0.9,   1.4,  0,  0,  0, 38, 25, 35,  0,  0, 30,  0, 25, 30,  0,  0,  0,  0, 36,  0, 23,  0, 23,  0,  0,  0, 31,  0,  0,  0, 34,  0,  0,  0
6, 11026, 15,KE8EXM,     0.64, 3,   boost,   97.09,  99388.00,  162.50,   27.70,   70.16, 20.0, 3.98, 3.96, 3.98, 109.07,   1.72,  -1.34,  15.34,   8.32,  -6.27,   0.22,  -0.18,   0.11,   5.18, 3.98, 0.00, 0.00, 0.00, 0.00, 1, 1, 10,  39.7282215, -83.7085021,   336.0, 2026,  3, 28, 20,  3, 50,        1,        4,  67,  70,   1.6,   0.9,   1.4,  0,  0,  0, 38, 25, 35,  0,  0, 30,  0, 25, 30,  0,  0,  0,  0, 36,  0, 23,  0, 23,  0,  0,  0, 31,  0,  0,  0, 34,  0,  0,  0
6, 11026, 15,KE8EXM,     0.65, 3,   boost,   98.07,  99375.00,  163.60,   28.80,   71.13, 20.0, 3.98, 3.96, 3.98, 108.83,   0.93,  -1.18,  16.99,   8.01,  -5.24,   0.22,  -0.18,   0.11,   5.21, 3.98, 0.00, 0.00, 0.00, 0.00, 1, 1, 10,  39.7282215, -83.7085021,   336.0, 2026,  3, 28, 20,  3, 50,        1,        4,  67,  70,   1.6,   0.9,   1.4,  0,  0,  0, 38, 25, 35,  0,  0, 30,  0, 25, 30,  0,  0,  0,  0, 36,  0, 23,  0, 23,  0,  0,  0, 31,  0,  0,  0, 34,  0,  0,  0
6, 11026, 15,KE8EXM,     0.66, 3,   boost,   98.56,  99375.00,  163.60,   28.80,   72.10, 20.0, 3.76, 3.74, 3.75, 109.16,   0.50,  -0.50,  19.13,   9.11,  -4.93,   0.22,  -0.18,   0.11,   5.25, 3.76, 0.00, 0.00, 0.00, 0.00, 1, 1, 10,  39.7282215, -83.7085021,   336.0, 2026,  3, 28, 20,  3, 50,        1,        4,  67,  70,   1.6,   0.9,   1.4,  0,  0,  0, 38, 25, 35,  0,  0, 30,  0, 25, 30,  0,  0,  0,  0, 36,  0, 23,  0, 23,  0,  0,  0, 31,  0,  0,  0, 34,  0,  0,  0
6, 11026, 15,KE8EXM,     0.66, 3,   boost,   98.56,  99375.00,  163.60,   28.80,   72.10, 20.0, 3.76, 3.74, 3.75, 109.16,   0.50,  -0.50,  19.13,   9.11,  -4.93,   0.22,  -0.18,   0.11,   5.25, 3.76, 0.00, 0.00, 0.00, 0.00, 1, 1, 10,  39.7282215, -83.7085021,   336.0, 2026,  3, 28, 20,  3, 50,        1,        4,  67,  70,   1.6,   0.9,   1.4,  0,  0,  0, 38, 25, 35,  0,  0, 30,  0, 25, 30,  0,  0,  0,  0, 36,  0, 23,  0, 23,  0,  0,  0, 31,  0,  0,  0, 34,  0,  0,  0
6, 11026, 15,KE8EXM,     0.67, 3,   boost,   96.11,  99353.00,  165.46,   30.66,   73.07, 20.0, 3.76, 3.74, 3.75, 108.68,   1.95,  -1.54,  24.56,   8.32,  -3.89,   0.22,  -0.18,   0.11,   5.27, 3.76, 0.00, 0.00, 0.00, 0.00, 1, 1, 10,  39.7282215, -83.7085021,   336.0, 2026,  3, 28, 20,  3, 50,        1,        4,  67,  70,   1.6,   0.9,   1.4,  0,  0,  0, 38, 25, 35,  0,  0, 30,  0, 25, 30,  0,  0,  0,  0, 36,  0, 23,  0, 23,  0,  0,  0, 31,  0,  0,  0, 34,  0,  0,  0
6, 11026, 15,KE8EXM,     0.68, 3,   boost,   95.61,  99353.00,  165.46,   30.66,   74.03, 20.0, 3.76, 3.74, 3.75, 108.43,   1.60,  -0.82,  24.19,  10.21,  -3.10,   0.21,  -0.18,   0.11,   5.28, 3.76, 0.00, 0.00, 0.00, 0.00, 1, 1, 10,  39.7282215, -83.7085021,   336.0, 2026,  3, 28, 20,  3, 50,        1,        4,  67,  70,   1.6,   0.9,   1.4,  0,  0,  0, 38, 25, 35,  0,  0, 30,  0, 25, 30,  0,  0,  0,  0, 36,  0, 23,  0, 23,  0,  0,  0, 31,  0,  0,  0, 34,  0,  0,  0
6, 11026, 15,KE8EXM,     0.69, 3,   boost,   96.11,  99337.00,  166.82,   32.01,   74.99, 20.0, 3.76, 3.74, 3.75, 108.68,   1.33,  -0.69,  28.83,   9.36,  -2.86,   0.22,  -0.18,   0.11,   5.30, 3.76, 0.00, 0.00, 0.00, 0.00, 1, 1, 10,  39.7282215, -83.7085021,   336.0, 2026,  3, 28, 20,  3, 50,        1,        4,  67,  70,   1.6,   0.9,   1.4,  0,  0,  0, 38, 25, 35,  0,  0, 30,  0, 25, 30,  0,  0,  0,  0, 36,  0, 23,  0, 23,  0,  0,  0, 31,  0,  0,  0, 34,  0,  0,  0
6, 11026, 15,KE8EXM,     0.70, 3,   boost,   97.09,  99337.00,  166.82,   32.01,   75.96, 20.0, 3.76, 3.74, 3.75, 108.57,   0.64,  -1.23,  30.24,   8.74,  -2.12,   0.22,  -0.17,   0.10,   5.31, 3.76, 0.00, 0.00, 0.00, 0.00, 1, 1, 10,  39.7282215, -83.7085021,   336.0, 2026,  3, 28, 20,  3, 50,        1,        4,  67,  70,   1.6,   0.9,   1.4,  0,  0,  0, 38, 25, 35,  0,  0, 30,  0, 25, 30,  0,  0,  0,  0, 36,  0, 23,  0, 23,  0,  0,  0, 31,  0,  0,  0, 34,  0,  0,  0
6, 11026, 15,KE8EXM,     0.71, 3,   boost,   98.07,  99321.00,  168.17,   33.36,   76.92, 20.0, 3.76, 3.74, 3.75, 108.56,   1.44,  -0.37,  32.62,  10.09,  -0.90,   0.22,  -0.17,   0.11,   5.31, 3.76, 0.00, 0.00, 0.00, 0.00, 1, 1, 10,  39.7282215, -83.7085021,   336.0, 2026,  3, 28, 20,  3, 50,        1,        4,  67,  70,   1.6,   0.9,   1.4,  0,  0,  0, 38, 25, 35,  0,  0, 30,  0, 25, 30,  0,  0,  0,  0, 36,  0, 23,  0, 23,  0,  0,  0, 31,  0,  0,  0, 34,  0,  0,  0
6, 11026, 15,KE8EXM,     0.72, 3,   boost,   96.60,  99321.00,  168.17,   33.36,   77.88, 20.0, 3.76, 3.74, 3.75, 108.19,   1.32,  -0.82,  35.42,  10.39,  -0.35,   0.22,  -0.17,   0.10,   5.31, 3.76, 0.00, 0.00, 0.00, 0.00, 1, 1, 10,  39.7282215, -83.7085021,   336.0, 2026,  3, 28, 20,  3, 50,        1,        4,  67,  70,   1.6,   0.9,   1.4,  0,  0,  0, 38, 25, 35,  0,  0, 30,  0, 25, 30,  0,  0,  0,  0, 36,  0, 23,  0, 23,  0,  0,  0, 31,  0,  0,  0, 34,  0,  0,  0
6, 11026, 15,KE8EXM,     0.73, 3,   boost,   96.60,  99298.00,  170.12,   35.31,   78.84, 20.0, 3.76, 3.74, 3.75, 108.58,   1.34,  -0.57,  37.38,   8.99,  -0.23,   0.22,  -0.17,   0.10,   5.31, 3.76, 0.00, 0.00, 0.00, 0.00, 1, 1, 10,  39.7282215, -83.7085021,   336.0, 2026,  3, 28, 20,  3, 50,        1,        4,  67,  70,   1.6,   0.9,   1.4,  0,  0,  0, 38, 25, 35,  0,  0, 30,  0, 25, 30,  0,  0,  0,  0, 36,  0, 23,  0, 23,  0,  0,  0, 31,  0,  0,  0, 34,  0,  0,  0
6, 11026, 15,KE8EXM,     0.74, 3,   boost,   96.60,  99298.00,  170.12,   35.31,   79.80, 20.0, 3.76, 3.74, 3.75, 108.40,   1.08,   0.28,  39.64,  10.45,   0.62,   0.22,  -0.17,   0.10,   5.30, 3.76, 0.00, 0.00, 0.00, 0.00, 1, 1, 10,  39.7282215, -83.7085021,   336.0, 2026,  3, 28, 20,  3, 50,        1,        4,  67,  70,   1.6,   0.9,   1.4,  0,  0,  0, 38, 25, 35,  0,  0, 30,  0, 25, 30,  0,  0,  0,  0, 36,  0, 23,  0, 23,  0,  0,  0, 31,  0,  0,  0, 34,  0,  0,  0
6, 11026, 15,KE8EXM,     0.75, 3,   boost,   94.14,  99289.00,  170.88,   36.07,   80.76, 20.0, 3.76, 3.74, 3.75, 107.88,   1.00,  -0.38,  41.59,  11.49,   1.42,   0.22,  -0.17,   0.10,   5.29, 3.76, 0.00, 0.00, 0.00, 0.00, 1, 1, 10,  39.7282215, -83.7085021,   336.0, 2026,  3, 28, 20,  3, 50,        1,        4,  67,  70,   1.6,   0.9,   1.4,  0,  0,  0, 38, 25, 35,  0,  0, 30,  0, 25, 30,  0,  0,  0,  0, 36,  0, 23,  0, 23,  0,  0,  0, 31,  0,  0,  0, 34,  0,  0,  0
6, 11026, 15,KE8EXM,     0.76, 3,   boost,   97.09,  99289.00,  170.88,   36.07,   81.72, 20.0, 3.76, 3.74, 3.75, 108.27,   1.99,  -0.57,  45.86,   9.54,   2.09,   0.22,  -0.17,   0.10,   5.27, 3.76, 0.00, 0.00, 0.00, 0.00, 1, 1, 10,  39.7282215, -83.7085021,   336.0, 2026,  3, 28, 20,  3, 50,        1,        4,  67,  70,   1.6,   0.9,   1.4,  0,  0,  0, 38, 25, 35,  0,  0, 30,  0, 25, 30,  0,  0,  0,  0, 36,  0, 23,  0, 23,  0,  0,  0, 31,  0,  0,  0, 34,  0,  0,  0
6, 11026, 15,KE8EXM,     0.77, 3,   boost,   97.09,  99271.00,  172.40,   37.59,   82.67, 20.0, 3.76, 3.74, 3.75, 108.13,   1.28,   0.74,  45.68,  10.03,   2.76,   0.22,  -0.17,   0.11,   5.25, 3.76, 0.00, 0.00, 0.00, 0.00, 1, 1, 10,  39.7282215, -83.7085021,   336.0, 2026,  3, 28, 20,  3, 50,        1,        4,  67,  70,   1.6,   0.9,   1.4,  0,  0,  0, 38, 25, 35,  0,  0, 30,  0, 25, 30,  0,  0,  0,  0, 36,  0, 23,  0, 23,  0,  0,  0, 31,  0,  0,  0, 34,  0,  0,  0
6, 11026, 15,KE8EXM,     0.78, 3,   boost,   95.61,  99271.00,  172.40,   37.59,   83.62, 20.0, 3.76, 3.74, 3.75, 108.02,   0.88,   0.32,  47.94,   9.48,   3.37,   0.22,  -0.17,   0.11,   5.23, 3.76, 0.00, 0.00, 0.00, 0.00, 1, 1, 10,  39.7282215, -83.7085021,   336.0, 2026,  3, 28, 20,  3, 50,        1,        4,  67,  70,   1.6,   0.9,   1.4,  0,  0,  0, 38, 25, 35,  0,  0, 30,  0, 25, 30,  0,  0,  0,  0, 36,  0, 23,  0, 23,  0,  0,  0, 31,  0,  0,  0, 34,  0,  0,  0
6, 11026, 15,KE8EXM,     0.79, 3,   boost,   91.69,  99249.00,  174.26,   39.46,   84.57, 20.0, 3.76, 3.74, 3.75, 107.88,   1.16,   0.42,  51.11,   9.29,   4.71,   0.22,  -0.17,   0.11,   5.19, 3.76, 0.00, 0.00, 0.00, 0.00, 1, 1, 10,  39.7282215, -83.7085021,   336.0, 2026,  3, 28, 20,  3, 50,        1,        4,  67,  70,   1.6,   0.9,   1.4,  0,  0,  0, 38, 25, 35,  0,  0, 30,  0, 25, 30,  0,  0,  0,  0, 36,  0, 23,  0, 23,  0,  0,  0, 31,  0,  0,  0, 34,  0,  0,  0
6, 11026, 15,KE8EXM,     0.80, 3,   boost,   95.61,  99249.00,  174.26,   39.46,   85.51, 20.0, 3.76, 3.74, 3.75, 107.84,   1.42,   0.49,  52.15,  10.21,   5.63,   0.22,  -0.17,   0.10,   5.15, 3.76, 0.00, 0.00, 0.00, 0.00, 1, 1, 10,  39.7282215, -83.7085021,   336.0, 2026,  3, 28, 20,  3, 50,        1,        4,  67,  70,   1.6,   0.9,   1.4,  0,  0,  0, 38, 25, 35,  0,  0, 30,  0, 25, 30,  0,  0,  0,  0, 36,  0, 23,  0, 23,  0,  0,  0, 31,  0,  0,  0, 34,  0,  0,  0
6, 11026, 15,KE8EXM,     0.81, 3,   boost,   95.12,  99229.00,  175.96,   41.15,   86.46, 20.0, 3.76, 3.74, 3.75, 107.83,   1.34,   0.01,  55.50,   8.62,   5.44,   0.22,  -0.17,   0.11,   5.11, 3.76, 0.00, 0.00, 0.00, 0.00, 1, 1, 10,  39.7282215, -83.7085021,   336.0, 2026,  3, 28, 20,  3, 50,        1,        4,  67,  70,   1.6,   0.9,   1.4,  0,  0,  0, 38, 25, 35,  0,  0, 30,  0, 25, 30,  0,  0,  0,  0, 36,  0, 23,  0, 23,  0,  0,  0, 31,  0,  0,  0, 34,  0,  0,  0
6, 11026, 15,KE8EXM,     0.82, 3,   boost,   96.11,  99229.00,  175.96,   41.15,   87.41, 20.0, 3.76, 3.74, 3.75, 107.99,   0.27,   1.85,  55.26,   8.74,   6.54,   0.22,  -0.17,   0.11,   5.07, 3.76, 0.00, 0.00, 0.00, 0.00, 1, 1, 10,  39.7282215, -83.7085021,   336.0, 2026,  3, 28, 20,  3, 50,        1,        4,  67,  70,   1.6,   0.9,   1.4,  0,  0,  0, 38, 25, 35,  0,  0, 30,  0, 25, 30,  0,  0,  0,  0, 36,  0, 23,  0, 23,  0,  0,  0, 31,  0,  0,  0, 34,  0,  0,  0
6, 11026, 15,KE8EXM,     0.83, 3,   boost,   96.60,  99211.00,  177.48,   42.67,   88.37, 20.0, 3.76, 3.74, 3.75, 107.88,   0.42,   1.19,  57.70,   9.05,   6.91,   0.22,  -0.17,   0.11,   5.02, 3.76, 0.00, 0.00, 0.00, 0.00, 1, 1, 10,  39.7282215, -83.7085021,   336.0, 2026,  3, 28, 20,  3, 50,        1,        4,  67,  70,   1.6,   0.9,   1.4,  0,  0,  0, 38, 25, 35,  0,  0, 30,  0, 25, 30,  0,  0,  0,  0, 36,  0, 23,  0, 23,  0,  0,  0, 31,  0,  0,  0, 34,  0,  0,  0
6, 11026, 15,KE8EXM,     0.84, 3,   boost,   97.09,  99211.00,  177.48,   42.67,   89.32, 20.0, 3.76, 3.74, 3.75, 107.99,   1.61,  -0.21,  59.53,   7.46,   7.76,   0.22,  -0.17,   0.11,   4.97, 3.76, 0.00, 0.00, 0.00, 0.00, 1, 1, 10,  39.7282215, -83.7085021,   336.0, 2026,  3, 28, 20,  3, 50,        1,        4,  67,  70,   1.6,   0.9,   1.4,  0,  0,  0, 38, 25, 35,  0,  0, 30,  0, 25, 30,  0,  0,  0,  0, 36,  0, 23,  0, 23,  0,  0,  0, 31,  0,  0,  0, 34,  0,  0,  0
6, 11026, 15,KE8EXM,     0.85, 3,   boost,   96.11,  99192.00,  179.09,   44.28,   90.28, 20.0, 3.76, 3.74, 3.75, 107.65,   0.80,   0.98,  58.68,   7.83,   7.58,   0.22,  -0.17,   0.11,   4.92, 3.76, 0.00, 0.00, 0.00, 0.00, 1, 1, 10,  39.7282215, -83.7085021,   336.0, 2026,  3, 28, 20,  3, 50,        1,        4,  67,  70,   1.6,   0.9,   1.4,  0,  0,  0, 38, 25, 35,  0,  0, 30,  0, 25, 30,  0,  0,  0,  0, 36,  0, 23,  0, 23,  0,  0,  0, 31,  0,  0,  0, 34,  0,  0,  0
6, 11026, 15,KE8EXM,     0.86, 3,   boost,   94.63,  99192.00,  179.09,   44.28,   91.24, 20.0, 3.76, 3.74, 3.75, 108.02,   0.53,   1.88,  61.30,   6.85,   7.95,   0.22,  -0.16,   0.11,   4.87, 3.76, 0.00, 0.00, 0.00, 0.00, 1, 1, 10,  39.7282215, -83.7085021,   336.0, 2026,  3, 28, 20,  3, 50,        1,        4,  67,  70,   1.6,   0.9,   1.4,  0,  0,  0, 38, 25, 35,  0,  0, 30,  0, 25, 30,  0,  0,  0,  0, 36,  0, 23,  0, 23,  0,  0,  0, 31,  0,  0,  0, 34,  0,  0,  0
6, 11026, 15,KE8EXM,     0.87, 3,   boost,   96.60,  99173.00,  180.70,   45.89,   92.19, 20.0, 3.76, 3.74, 3.75, 108.23,  -0.26,   0.69,  61.18,   6.24,   9.23,   0.22,  -0.16,   0.11,   4.80, 3.76, 0.00, 0.00, 0.00, 0.00, 1, 1, 10,  39.7282215, -83.7085021,   336.0, 2026,  3, 28, 20,  3, 50,        1,        4,  67,  70,   1.6,   0.9,   1.4,  0,  0,  0, 38, 25, 35,  0,  0, 30,  0, 25, 30,  0,  0,  0,  0, 36,  0, 23,  0, 23,  0,  0,  0, 31,  0,  0,  0, 34,  0,  0,  0
6, 11026, 15,KE8EXM,     0.88, 3,   boost,   95.12,  99173.00,  180.70,   45.89,   93.14, 20.0, 3.76, 3.74, 3.75, 107.45,   0.98,   1.44,  62.71,   6.73,   9.23,   0.22,  -0.16,   0.11,   4.74, 3.76, 0.00, 0.00, 0.00, 0.00, 1, 1, 10,  39.7282215, -83.7085021,   336.0, 2026,  3, 28, 20,  3, 50,        1,        4,  67,  70,   1.6,   0.9,   1.4,  0,  0,  0, 38, 25, 35,  0,  0, 30,  0, 25, 30,  0,  0,  0,  0, 36,  0, 23,  0, 23,  0,  0,  0, 31,  0,  0,  0, 34,  0,  0,  0
6, 11026, 15,KE8EXM,     0.89, 3,   boost,   94.14,  99149.00,  182.73,   47.92,   94.09, 20.0, 3.76, 3.74, 3.75, 107.54,   1.24,   0.77,  63.19,   5.63,   9.47,   0.22,  -0.16,   0.11,   4.68, 3.76, 0.00, 0.00, 0.00, 0.00, 1, 1, 10,  39.7282215, -83.7085021,   336.0, 2026,  3, 28, 20,  3, 50,        1,        4,  67,  70,   1.6,   0.9,   1.4,  0,  0,  0, 38, 25, 35,  0,  0, 30,  0, 25, 30,  0,  0,  0,  0, 36,  0, 23,  0, 23,  0,  0,  0, 31,  0,  0,  0, 34,  0,  0,  0
6, 11026, 15,KE8EXM,     0.90, 3,   boost,   95.61,  99149.00,  182.73,   47.92,   95.03, 20.0, 3.76, 3.74, 3.75, 107.64,  -0.37,   1.71,  61.73,   5.14,  10.14,   0.22,  -0.16,   0.11,   4.61, 3.76, 0.00, 0.00, 0.00, 0.00, 1, 1, 10,  39.7282215, -83.7085021,   336.0, 2026,  3, 28, 20,  3, 50,        1,        4,  67,  70,   1.6,   0.9,   1.4,  0,  0,  0, 38, 25, 35,  0,  0, 30,  0, 25, 30,  0,  0,  0,  0, 36,  0, 23,  0, 23,  0,  0,  0, 31,  0,  0,  0, 34,  0,  0,  0
6, 11026, 15,KE8EXM,     0.91, 3,   boost,   94.14,  99130.00,  184.34,   49.53,   95.98, 20.0, 3.76, 3.74, 3.75, 107.60,  -0.66,   1.84,  63.68,   4.41,  10.51,   0.22,  -0.16,   0.11,   4.54, 3.76, 0.00, 0.00, 0.00, 0.00, 1, 1, 10,  39.7282215, -83.7085021,   336.0, 2026,  3, 28, 20,  3, 50,        1,        4,  67,  70,   1.6,   0.9,   1.4,  0,  0,  0, 38, 25, 35,  0,  0, 30,  0, 25, 30,  0,  0,  0,  0, 36,  0, 23,  0, 23,  0,  0,  0, 31,  0,  0,  0, 34,  0,  0,  0
6, 11026, 15,KE8EXM,     0.92, 3,   boost,   94.14,  99130.00,  184.34,   49.53,   96.92, 20.0, 3.76, 3.74, 3.75, 106.82,   0.91,   0.58,  62.83,   3.43,  11.06,   0.22,  -0.16,   0.11,   4.46, 3.76, 0.00, 0.00, 0.00, 0.00, 1, 1, 10,  39.7282215, -83.7085021,   336.0, 2026,  3, 28, 20,  3, 50,        1,        4,  67,  70,   1.6,   0.9,   1.4,  0,  0,  0, 38, 25, 35,  0,  0, 30,  0, 25, 30,  0,  0,  0,  0, 36,  0, 23,  0, 23,  0,  0,  0, 31,  0,  0,  0, 34,  0,  0,  0
6, 11026, 15,KE8EXM,     0.93, 3,   boost,   96.11,  99109.00,  186.12,   51.31,   97.87, 20.0, 3.76, 3.74, 3.75, 107.19,   0.41,   1.93,  61.12,   4.17,  10.88,   0.22,  -0.16,   0.11,   4.39, 3.76, 0.00, 0.00, 0.00, 0.00, 1, 1, 10,  39.7282215, -83.7085021,   336.0, 2026,  3, 28, 20,  3, 50,        1,        4,  67,  70,   1.6,   0.9,   1.4,  0,  0,  0, 38, 25, 35,  0,  0, 30,  0, 25, 30,  0,  0,  0,  0, 36,  0, 23,  0, 23,  0,  0,  0, 31,  0,  0,  0, 34,  0,  0,  0
6, 11026, 15,KE8EXM,     0.94, 3,   boost,   93.65,  99109.00,  186.12,   51.31,   98.81, 20.0, 3.76, 3.74, 3.75, 107.26,  -0.69,   1.27,  62.40,   2.21,  10.39,   0.22,  -0.16,   0.11,   4.31, 3.76, 0.00, 0.00, 0.00, 0.00, 1, 1, 10,  39.7282215, -83.7085021,   336.0, 2026,  3, 28, 20,  3, 50,        1,        4,  67,  70,   1.6,   0.9,   1.4,  0,  0,  0, 38, 25, 35,  0,  0, 30,  0, 25, 30,  0,  0,  0,  0, 36,  0, 23,  0, 23,  0,  0,  0, 31,  0,  0,  0, 34,  0,  0,  0
6, 11026, 15,KE8EXM,     0.95, 3,   boost,   95.61,  99087.00,  187.98,   53.18,   99.76, 20.0, 3.76, 3.74, 3.75, 106.80,  -1.10,   1.16,  60.81,   1.42,  11.00,   0.22,  -0.16,   0.12,   4.23, 3.76, 0.00, 0.00, 0.00, 0.00, 1, 1, 10,  39.7282215, -83.7085021,   336.0, 2026,  3, 28, 20,  3, 50,        1,        4,  67,  70,   1.6,   0.9,   1.4,  0,  0,  0, 38, 25, 35,  0,  0, 30,  0, 25, 30,  0,  0,  0,  0, 36,  0, 23,  0, 23,  0,  0,  0, 31,  0,  0,  0, 34,  0,  0,  0
6, 11026, 15,KE8EXM,     0.96, 3,   boost,   95.61,  99087.00,  187.98,   53.18,  100.71, 20.0, 3.76, 3.74, 3.75, 106.80,  -0.04,   1.93,  62.03,   2.40,  11.49,   0.22,  -0.16,   0.12,   4.15, 3.76, 0.00, 0.00, 0.00, 0.00, 1, 1, 10,  39.7282215, -83.7085021,   336.0, 2026,  3, 28, 20,  3, 50,        1,        4,  67,  70,   1.6,   0.9,   1.4,  0,  0,  0, 38, 25, 35,  0,  0, 30,  0, 25, 30,  0,  0,  0,  0, 36,  0, 23,  0, 23,  0,  0,  0, 31,  0,  0,  0, 34,  0,  0,  0
6, 11026, 15,KE8EXM,     0.97, 3,   boost,   96.11,  99062.00,  190.10,   55.30,  101.66, 20.0, 3.76, 3.74, 3.75, 106.86,  -0.20,   1.10,  60.69,   0.38,  11.18,   0.22,  -0.16,   0.12,   4.06, 3.76, 0.00, 0.00, 0.00, 0.00, 1, 1, 10,  39.7282215, -83.7085021,   336.0, 2026,  3, 28, 20,  3, 50,        1,        4,  67,  70,   1.6,   0.9,   1.4,  0,  0,  0, 38, 25, 35,  0,  0, 30,  0, 25, 30,  0,  0,  0,  0, 36,  0, 23,  0, 23,  0,  0,  0, 31,  0,  0,  0, 34,  0,  0,  0
6, 11026, 15,KE8EXM,     0.98, 3,   boost,   95.61,  99062.00,  190.10,   55.30,  102.61, 20.0, 4.03, 4.01, 4.02, 106.57,  -1.08,   1.57,  58.80,  -0.29,  10.82,   0.22,  -0.16,   0.12,   3.98, 4.04, 0.00, 0.00, 0.01, 0.00, 1, 1, 10,  39.7282215, -83.7085021,   336.0, 2026,  3, 28, 20,  3, 50,        1,        4,  67,  70,   1.6,   0.9,   1.4,  0,  0,  0, 38, 25, 35,  0,  0, 30,  0, 25, 30,  0,  0,  0,  0, 36,  0, 23,  0, 23,  0,  0,  0, 31,  0,  0,  0, 34,  0,  0,  0
6, 11026, 15,KE8EXM,     0.98, 3,   boost,   95.61,  99062.00,  190.10,   55.30,  102.61, 20.0, 4.03, 4.01, 4.02, 106.57,  -1.08,   1.57,  58.80,  -0.29,  10.82,   0.22,  -0.16,   0.12,   3.98, 4.04, 0.00, 0.00, 0.01, 0.00, 1, 1, 10,  39.7282215, -83.7085021,   336.0, 2026,  3, 28, 20,  3, 50,        1,        4,  67,  70,   1.6,   0.9,   1.4,  0,  0,  0, 38, 25, 35,  0,  0, 30,  0, 25, 30,  0,  0,  0,  0, 36,  0, 23,  0, 23,  0,  0,  0, 31,  0,  0,  0, 34,  0,  0,  0
6, 11026, 15,KE8EXM,     0.99, 3,   boost,   94.14,  99034.00,  192.48,   57.67,  103.57, 20.0, 4.03, 4.01, 4.02, 106.46,  -1.43,   1.90,  60.45,  -0.35,  10.94,   0.22,  -0.16,   0.12,   3.89, 4.04, 0.00, 0.00, 0.01, 0.00, 1, 1, 10,  39.7282215, -83.7085021,   336.0, 2026,  3, 28, 20,  3, 50,        1,        4,  67,  70,   1.6,   0.9,   1.4,  0,  0,  0, 38, 25, 35,  0,  0, 30,  0, 25, 30,  0,  0,  0,  0, 36,  0, 23,  0, 23,  0,  0,  0, 31,  0,  0,  0, 34,  0,  0,  0
6, 11026, 15,KE8EXM,     1.00, 3,   boost,   94.14,  99034.00,  192.48,   57.67,  104.52, 20.0, 4.03, 4.01, 4.02, 106.23,  -0.77,   1.25,  57.58,  -0.65,  11.43,   0.22,  -0.16,   0.12,   3.80, 4.04, 0.00, 0.00, 0.01, 0.00, 1, 1, 10,  39.7282215, -83.7085021,   336.0, 2026,  3, 28, 20,  3, 50,        1,        4,  67,  70,   1.6,   0.9,   1.4,  0,  0,  0, 38, 25, 35,  0,  0, 30,  0, 25, 30,  0,  0,  0,  0, 36,  0, 23,  0, 23,  0,  0,  0, 31,  0,  0,  0, 34,  0,  0,  0
6, 11026, 15,KE8EXM,     1.01, 3,   boost,   98.56,  99002.00,  195.19,   60.39,  105.47, 20.0, 4.03, 4.01, 4.02, 106.26,  -1.31,   1.42,  56.11,  -1.08,  10.63,   0.21,  -0.16,   0.12,   3.72, 4.04, 0.00, 0.00, 0.01, 0.00, 1, 1, 10,  39.7282215, -83.7085021,   336.0, 2026,  3, 28, 20,  3, 50,        1,        4,  67,  70,   1.6,   0.9,   1.4,  0,  0,  0, 38, 25, 35,  0,  0, 30,  0, 25, 30,  0,  0,  0,  0, 36,  0, 23,  0, 23,  0,  0,  0, 31,  0,  0,  0, 34,  0,  0,  0
6, 11026, 15,KE8EXM,     1.02, 3,   boost,   94.63,  99002.00,  195.19,   60.39,  106.42, 20.0, 4.03, 4.01, 4.02, 106.49,  -1.95,   2.05,  57.15,  -3.10,  10.08,   0.21,  -0.16,   0.12,   3.63, 4.04, 0.00, 0.00, 0.01, 0.00, 1, 1, 10,  39.7282215, -83.7085021,   336.0, 2026,  3, 28, 20,  3, 50,        1,        4,  67,  70,   1.6,   0.9,   1.4,  0,  0,  0, 38, 25, 35,  0,  0, 30,  0, 25, 30,  0,  0,  0,  0, 36,  0, 23,  0, 23,  0,  0,  0, 31,  0,  0,  0, 34,  0,  0,  0
6, 11026, 15,KE8EXM,     1.03, 3,   boost,   95.12,  98988.00,  196.38,   61.57,  107.37, 20.0, 4.03, 4.01, 4.02, 105.99,  -1.60,   1.80,  52.82,  -2.67,   9.84,   0.21,  -0.16,   0.12,   3.54, 4.04, 0.00, 0.00, 0.01, 0.00, 1, 1, 10,  39.7282215, -83.7085021,   336.0, 2026,  3, 28, 20,  3, 50,        1,        4,  67,  70,   1.6,   0.9,   1.4,  0,  0,  0, 38, 25, 35,  0,  0, 30,  0, 25, 30,  0,  0,  0,  0, 36,  0, 23,  0, 23,  0,  0,  0, 31,  0,  0,  0, 34,  0,  0,  0
6, 11026, 15,KE8EXM,     1.04, 3,   boost,   94.63,  98988.00,  196.38,   61.57,  108.32, 20.0, 4.03, 4.01, 4.02, 105.78,  -1.02,   2.21,  53.98,  -2.18,   9.60,   0.22,  -0.15,   0.12,   3.46, 4.04, 0.00, 0.00, 0.01, 0.00, 1, 1, 10,  39.7282215, -83.7085021,   336.0, 2026,  3, 28, 20,  3, 50,        1,        4,  67,  70,   1.6,   0.9,   1.4,  0,  0,  0, 38, 25, 35,  0,  0, 30,  0, 25, 30,  0,  0,  0,  0, 36,  0, 23,  0, 23,  0,  0,  0, 31,  0,  0,  0, 34,  0,  0,  0
6, 11026, 15,KE8EXM,     1.05, 3,   boost,   95.12,  98960.00,  198.75,   63.95,  109.26, 20.0, 4.03, 4.01, 4.02, 105.55,  -1.68,   2.09,  51.05,  -4.13,   9.11,   0.22,  -0.15,   0.13,   3.37, 4.04, 0.00, 0.00, 0.01, 0.00, 1, 1, 10,  39.7282215, -83.7085021,   336.0, 2026,  3, 28, 20,  3, 50,        1,        4,  67,  70,   1.6,   0.9,   1.4,  0,  0,  0, 38, 25, 35,  0,  0, 30,  0, 25, 30,  0,  0,  0,  0, 36,  0, 23,  0, 23,  0,  0,  0, 31,  0,  0,  0, 34,  0,  0,  0
6, 11026, 15,KE8EXM,     1.06, 3,   boost,   92.67,  98960.00,  198.75,   63.95,  110.19, 20.0, 4.03, 4.01, 4.02, 104.63,  -1.03,   1.46,  49.16,  -4.44,   8.92,   0.22,  -0.15,   0.13,   3.28, 4.04, 0.00, 0.00, 0.01, 0.00, 1, 1, 10,  39.7282215, -83.7085021,   336.0, 2026,  3, 28, 20,  3, 50,        1,        4,  67,  70,   1.6,   0.9,   1.4,  0,  0,  0, 38, 25, 35,  0,  0, 30,  0, 25, 30,  0,  0,  0,  0, 36,  0, 23,  0, 23,  0,  0,  0, 31,  0,  0,  0, 34,  0,  0,  0
6, 11026, 15,KE8EXM,     1.07, 3,   boost,   91.20,  98930.00,  201.30,   66.49,  111.11, 20.0, 4.03, 4.01, 4.02, 104.34,  -1.39,   2.35,  48.42,  -5.35,   8.31,   0.22,  -0.15,   0.13,   3.18, 4.04, 0.00, 0.00, 0.01, 0.00, 1, 1, 10,  39.7282215, -83.7085021,   336.0, 2026,  3, 28, 20,  3, 50,        1,        4,  67,  70,   1.6,   0.9,   1.4,  0,  0,  0, 38, 25, 35,  0,  0, 30,  0, 25, 30,  0,  0,  0,  0, 36,  0, 23,  0, 23,  0,  0,  0, 31,  0,  0,  0, 34,  0,  0,  0
6, 11026, 15,KE8EXM,     1.08, 3,   boost,   91.69,  98930.00,  201.30,   66.49,  112.03, 20.0, 4.03, 4.01, 4.02, 103.49,  -2.11,   0.46,  46.72,  -6.15,   8.01,   0.22,  -0.15,   0.13,   3.09, 4.04, 0.00, 0.00, 0.01, 0.00, 1, 1, 10,  39.7282215, -83.7085021,   336.0, 2026,  3, 28, 20,  3, 50,        1,        4,  67,  70,   1.6,   0.9,   1.4,  0,  0,  0, 38, 25, 35,  0,  0, 30,  0, 25, 30,  0,  0,  0,  0, 36,  0, 23,  0, 23,  0,  0,  0, 31,  0,  0,  0, 34,  0,  0,  0
6, 11026, 15,KE8EXM,     1.09, 3,   boost,   90.22,  98907.00,  203.25,   68.45,  112.94, 20.0, 4.03, 4.01, 4.02, 103.06,  -1.69,   1.03,  47.14,  -6.21,   7.46,   0.22,  -0.15,   0.13,   2.99, 4.04, 0.00, 0.00, 0.01, 0.00, 1, 1, 10,  39.7282215, -83.7085021,   336.0, 2026,  3, 28, 20,  3, 50,        1,        4,  67,  70,   1.6,   0.9,   1.4,  0,  0,  0, 38, 25, 35,  0,  0, 30,  0, 25, 30,  0,  0,  0,  0, 36,  0, 23,  0, 23,  0,  0,  0, 31,  0,  0,  0, 34,  0,  0,  0
6, 11026, 15,KE8EXM,     1.10, 3,   boost,   90.71,  98907.00,  203.25,   68.45,  113.85, 20.0, 4.03, 4.01, 4.02, 102.58,  -2.52,   1.20,  46.35,  -6.70,   6.85,   0.21,  -0.15,   0.13,   2.90, 4.04, 0.00, 0.00, 0.01, 0.00, 1, 1, 10,  39.7282215, -83.7085021,   336.0, 2026,  3, 28, 20,  3, 50,        1,        4,  67,  70,   1.6,   0.9,   1.4,  0,  0,  0, 38, 25, 35,  0,  0, 30,  0, 25, 30,  0,  0,  0,  0, 36,  0, 23,  0, 23,  0,  0,  0, 31,  0,  0,  0, 34,  0,  0,  0
6, 11026, 15,KE8EXM,     1.11, 3,   boost,   90.71,  98879.00,  205.63,   70.82,  114.75, 20.0, 4.03, 4.01, 4.02, 102.51,  -2.37,   2.06,  44.58,  -6.82,   6.67,   0.21,  -0.15,   0.13,   2.80, 4.04, 0.00, 0.00, 0.01, 0.00, 1, 1, 10,  39.7282215, -83.7085021,   336.0, 2026,  3, 28, 20,  3, 50,        1,        4,  67,  70,   1.6,   0.9,   1.4,  0,  0,  0, 38, 25, 35,  0,  0, 30,  0, 25, 30,  0,  0,  0,  0, 36,  0, 23,  0, 23,  0,  0,  0, 31,  0,  0,  0, 34,  0,  0,  0
6, 11026, 15,KE8EXM,     1.12, 3,   boost,   89.73,  98879.00,  205.63,   70.82,  115.65, 20.0, 4.03, 4.01, 4.02, 101.24,  -2.31,  -0.74,  45.56,  -7.86,   5.81,   0.22,  -0.15,   0.13,   2.71, 4.04, 0.00, 0.00, 0.01, 0.00, 1, 1, 10,  39.7282215, -83.7085021,   336.0, 2026,  3, 28, 20,  3, 50,        1,        4,  67,  70,   1.6,   0.9,   1.4,  0,  0,  0, 38, 25, 35,  0,  0, 30,  0, 25, 30,  0,  0,  0,  0, 36,  0, 23,  0, 23,  0,  0,  0, 31,  0,  0,  0, 34,  0,  0,  0
6, 11026, 15,KE8EXM,     1.12, 3,   boost,   89.73,  98879.00,  205.63,   70.82,  115.65, 20.0, 4.03, 4.01, 4.02, 101.24,  -2.31,  -0.74,  45.56,  -7.86,   5.81,   0.22,  -0.15,   0.13,   2.71, 4.04, 0.00, 0.00, 0.01, 0.00, 1, 1, 10,  39.7282215, -83.7085021,   336.0, 2026,  3, 28, 20,  3, 50,        1,        4,  67,  70,   1.6,   0.9,   1.4,  0,  0,  0, 38, 25, 35,  0,  0, 30,  0, 25, 30,  0,  0,  0,  0, 36,  0, 23,  0, 23,  0,  0,  0, 31,  0,  0,  0, 34,  0,  0,  0
6, 11026, 15,KE8EXM,     1.12, 3,   boost,   89.73,  98879.00,  205.63,   70.82,  115.65, 20.0, 4.03, 4.01, 4.02, 101.24,  -2.31,  -0.74,  45.56,  -7.86,   5.81,   0.22,  -0.15,   0.13,   2.71, 4.04, 0.00, 0.00, 0.01, 0.00, 1, 1, 10,  39.7282215, -83.7085021,   336.0, 2026,  3, 28, 20,  3, 50,        1,        4,  67,  70,   1.6,   0.9,   1.4,  0,  0,  0, 38, 25, 35,  0,  0, 30,  0, 25, 30,  0,  0,  0,  0, 36,  0, 23,  0, 23,  0,  0,  0, 31,  0,  0,  0, 34,  0,  0,  0
6, 11026, 15,KE8EXM,     1.13, 3,   boost,   89.24,  98840.00,  208.94,   74.14,  116.54, 20.0, 4.03, 4.01, 4.02, 100.95,  -2.63,   2.06,  44.64,  -8.10,   4.90,   0.22,  -0.15,   0.14,   2.61, 4.04, 0.00, 0.00, 0.01, 0.00, 1, 1, 10,  39.7282815, -83.7083521,   362.0, 2026,  3, 28, 20,  3, 51,       16,       34,  63,  62,   1.6,   0.9,   1.4,  0,  0,  0, 38, 21, 34,  0,  0, 35,  0, 21, 20,  0,  0,  0,  0, 31,  0, 24,  0, 19,  0,  0,  0, 27,  0,  0,  0, 37,  0,  0,  0
6, 11026, 15,KE8EXM,     1.14, 3,   boost,   87.28,  98840.00,  208.94,   74.14,  117.42, 20.0, 4.03, 4.01, 4.02,  99.96,  -3.14,   0.62,  44.15,  -7.25,   5.02,   0.21,  -0.15,   0.14,   2.52, 4.04, 0.00, 0.00, 0.01, 0.00, 1, 1, 10,  39.7282815, -83.7083521,   362.0, 2026,  3, 28, 20,  3, 51,       16,       34,  63,  62,   1.6,   0.9,   1.4,  0,  0,  0, 38, 21, 34,  0,  0, 35,  0, 21, 20,  0,  0,  0,  0, 31,  0, 24,  0, 19,  0,  0,  0, 27,  0,  0,  0, 37,  0,  0,  0
6, 11026, 15,KE8EXM,     1.15, 3,   boost,   88.26,  98824.00,  210.30,   75.49,  118.30, 20.0, 4.03, 4.01, 4.02,  99.47,  -1.89,   0.51,  45.43,  -8.04,   4.28,   0.22,  -0.14,   0.14,   2.43, 4.04, 0.00, 0.00, 0.01, 0.00, 1, 1, 10,  39.7282815, -83.7083521,   362.0, 2026,  3, 28, 20,  3, 51,       16,       34,  63,  62,   1.6,   0.9,   1.4,  0,  0,  0, 38, 21, 34,  0,  0, 35,  0, 21, 20,  0,  0,  0,  0, 31,  0, 24,  0, 19,  0,  0,  0, 27,  0,  0,  0, 37,  0,  0,  0
6, 11026, 15,KE8EXM,     1.16, 3,   boost,   85.81,  98824.00,  210.30,   75.49,  119.16, 20.0, 4.03, 4.01, 4.02,  99.86,  -2.77,  -0.24,  44.64,  -7.80,   3.43,   0.21,  -0.14,   0.14,   2.35, 4.04, 0.00, 0.00, 0.01, 0.00, 1, 1, 10,  39.7282815, -83.7083521,   362.0, 2026,  3, 28, 20,  3, 51,       16,       34,  63,  62,   1.6,   0.9,   1.4,  0,  0,  0, 38, 21, 34,  0,  0, 35,  0, 21, 20,  0,  0,  0,  0, 31,  0, 24,  0, 19,  0,  0,  0, 27,  0,  0,  0, 37,  0,  0,  0
6, 11026, 15,KE8EXM,     1.17, 3,   boost,   84.34,  98782.00,  213.87,   79.06,  120.02, 20.0, 4.03, 4.01, 4.02,  97.84,  -2.16,  -0.19,  46.04,  -7.98,   2.70,   0.21,  -0.14,   0.14,   2.27, 4.04, 0.00, 0.00, 0.01, 0.00, 1, 1, 10,  39.7282815, -83.7083521,   362.0, 2026,  3, 28, 20,  3, 51,       16,       34,  63,  62,   1.6,   0.9,   1.4,  0,  0,  0, 38, 21, 34,  0,  0, 35,  0, 21, 20,  0,  0,  0,  0, 31,  0, 24,  0, 19,  0,  0,  0, 27,  0,  0,  0, 37,  0,  0,  0
6, 11026, 15,KE8EXM,     1.18, 3,   boost,   85.81,  98782.00,  213.87,   79.06,  120.88, 20.0, 4.03, 4.01, 4.02,  97.13,  -2.87,   0.05,  46.59,  -7.49,   2.03,   0.21,  -0.14,   0.14,   2.19, 4.04, 0.00, 0.00, 0.01, 0.00, 1, 1, 10,  39.7282815, -83.7083521,   362.0, 2026,  3, 28, 20,  3, 51,       16,       34,  63,  62,   1.6,   0.9,   1.4,  0,  0,  0, 38, 21, 34,  0,  0, 35,  0, 21, 20,  0,  0,  0,  0, 31,  0, 24,  0, 19,  0,  0,  0, 27,  0,  0,  0, 37,  0,  0,  0
6, 11026, 15,KE8EXM,     1.19, 3,   boost,   85.32,  98760.00,  215.74,   80.93,  121.73, 20.0, 4.03, 4.01, 4.02,  96.41,  -2.59,  -2.05,  46.35,  -8.16,   1.29,   0.21,  -0.14,   0.14,   2.12, 4.04, 0.00, 0.00, 0.01, 0.00, 1, 1, 10,  39.7282815, -83.7083521,   362.0, 2026,  3, 28, 20,  3, 51,       16,       34,  63,  62,   1.6,   0.9,   1.4,  0,  0,  0, 38, 21, 34,  0,  0, 35,  0, 21, 20,  0,  0,  0,  0, 31,  0, 24,  0, 19,  0,  0,  0, 27,  0,  0,  0, 37,  0,  0,  0
6, 11026, 15,KE8EXM,     1.20, 3,   boost,   84.34,  98760.00,  215.74,   80.93,  122.57, 20.0, 4.03, 4.01, 4.02,  95.91,  -2.05,  -0.74,  48.18,  -8.53,   0.62,   0.21,  -0.14,   0.15,   2.04, 4.04, 0.00, 0.00, 0.01, 0.00, 1, 1, 10,  39.7282815, -83.7083521,   362.0, 2026,  3, 28, 20,  3, 51,       16,       34,  63,  62,   1.6,   0.9,   1.4,  0,  0,  0, 38, 21, 34,  0,  0, 35,  0, 21, 20,  0,  0,  0,  0, 31,  0, 24,  0, 19,  0,  0,  0, 27,  0,  0,  0, 37,  0,  0,  0
6, 11026, 15,KE8EXM,     1.21, 3,   boost,   84.34,  98736.00,  217.78,   82.97,  123.41, 20.0, 4.03, 4.01, 4.02,  95.41,  -3.33,  -1.82,  50.68,  -7.73,   0.26,   0.21,  -0.14,   0.15,   1.98, 4.04, 0.00, 0.00, 0.01, 0.00, 1, 1, 10,  39.7282815, -83.7083521,   362.0, 2026,  3, 28, 20,  3, 51,       16,       34,  63,  62,   1.6,   0.9,   1.4,  0,  0,  0, 38, 21, 34,  0,  0, 35,  0, 21, 20,  0,  0,  0,  0, 31,  0, 24,  0, 19,  0,  0,  0, 27,  0,  0,  0, 37,  0,  0,  0
6, 11026, 15,KE8EXM,     1.22, 3,   boost,   82.38,  98736.00,  217.78,   82.97,  124.25, 20.0, 4.03, 4.01, 4.02,  95.23,  -1.95,  -0.44,  56.30,  -7.25,  -0.05,   0.21,  -0.14,   0.15,   1.92, 4.04, 0.00, 0.00, 0.01, 0.00, 1, 1, 10,  39.7282815, -83.7083521,   362.0, 2026,  3, 28, 20,  3, 51,       16,       34,  63,  62,   1.6,   0.9,   1.4,  0,  0,  0, 38, 21, 34,  0,  0, 35,  0, 21, 20,  0,  0,  0,  0, 31,  0, 24,  0, 19,  0,  0,  0, 27,  0,  0,  0, 37,  0,  0,  0
6, 11026, 15,KE8EXM,     1.23, 3,   boost,   82.38,  98701.00,  220.75,   85.95,  125.08, 20.0, 4.03, 4.01, 4.02,  93.92,  -2.23,  -0.50,  58.86,  -3.89,  -0.35,   0.21,  -0.13,   0.15,   1.89, 4.04, 0.00, 0.00, 0.01, 0.00, 1, 1, 10,  39.7282815, -83.7083521,   362.0, 2026,  3, 28, 20,  3, 51,       16,       34,  63,  62,   1.6,   0.9,   1.4,  0,  0,  0, 38, 21, 34,  0,  0, 35,  0, 21, 20,  0,  0,  0,  0, 31,  0, 24,  0, 19,  0,  0,  0, 27,  0,  0,  0, 37,  0,  0,  0
6, 11026, 15,KE8EXM,     1.24, 3,   boost,   82.38,  98701.00,  220.75,   85.95,  125.90, 20.0, 4.03, 4.01, 4.02,  93.79,  -3.84,  -3.28,  59.96,  -4.38,  -1.94,   0.21,  -0.13,   0.15,   1.86, 4.04, 0.00, 0.00, 0.01, 0.00, 1, 1, 10,  39.7282815, -83.7083521,   362.0, 2026,  3, 28, 20,  3, 51,       16,       34,  63,  62,   1.6,   0.9,   1.4,  0,  0,  0, 38, 21, 34,  0,  0, 35,  0, 21, 20,  0,  0,  0,  0, 31,  0, 24,  0, 19,  0,  0,  0, 27,  0,  0,  0, 37,  0,  0,  0
6, 11026, 15,KE8EXM,     1.25, 3,   boost,   82.38,  98675.00,  222.97,   88.16,  126.72, 20.0, 4.03, 4.01, 4.02,  94.11,  -2.51,   1.26,  64.11,  -6.70,  -2.43,   0.21,  -0.13,   0.15,   1.82, 4.04, 0.00, 0.00, 0.01, 0.00, 1, 1, 10,  39.7282815, -83.7083521,   362.0, 2026,  3, 28, 20,  3, 51,       16,       34,  63,  62,   1.6,   0.9,   1.4,  0,  0,  0, 38, 21, 34,  0,  0, 35,  0, 21, 20,  0,  0,  0,  0, 31,  0, 24,  0, 19,  0,  0,  0, 27,  0,  0,  0, 37,  0,  0,  0
6, 11026, 15,KE8EXM,     1.26, 3,   boost,   82.38,  98675.00,  222.97,   88.16,  127.54, 20.0, 4.03, 4.01, 4.02,  92.79,  -3.38,  -1.17,  63.19,  -3.95,  -2.37,   0.21,  -0.13,   0.15,   1.81, 4.04, 0.00, 0.00, 0.01, 0.00, 1, 1, 10,  39.7282815, -83.7083521,   362.0, 2026,  3, 28, 20,  3, 51,       16,       34,  63,  62,   1.6,   0.9,   1.4,  0,  0,  0, 38, 21, 34,  0,  0, 35,  0, 21, 20,  0,  0,  0,  0, 31,  0, 24,  0, 19,  0,  0,  0, 27,  0,  0,  0, 37,  0,  0,  0
6, 11026, 15,KE8EXM,     1.27, 3,   boost,   80.41,  98636.00,  226.28,   91.48,  128.36, 20.0, 4.03, 4.01, 4.02,  93.06,  -0.15,  -0.21,  66.86,  -4.19,  -3.83,   0.21,  -0.13,   0.16,   1.80, 4.04, 0.00, 0.00, 0.01, 0.00, 1, 1, 10,  39.7282815, -83.7083521,   362.0, 2026,  3, 28, 20,  3, 51,       16,       34,  63,  62,   1.6,   0.9,   1.4,  0,  0,  0, 38, 21, 34,  0,  0, 35,  0, 21, 20,  0,  0,  0,  0, 31,  0, 24,  0, 19,  0,  0,  0, 27,  0,  0,  0, 37,  0,  0,  0
6, 11026, 15,KE8EXM,     1.28, 3,   boost,   81.89,  98636.00,  226.28,   91.48,  129.17, 20.0, 4.03, 4.01, 4.02,  91.57,  -1.74,  -3.27,  67.65,  -3.10,  -3.77,   0.21,  -0.13,   0.16,   1.80, 4.04, 0.00, 0.00, 0.01, 0.00, 1, 1, 10,  39.7282815, -83.7083521,   362.0, 2026,  3, 28, 20,  3, 51,       16,       34,  63,  62,   1.6,   0.9,   1.4,  0,  0,  0, 38, 21, 34,  0,  0, 35,  0, 21, 20,  0,  0,  0,  0, 31,  0, 24,  0, 19,  0,  0,  0, 27,  0,  0,  0, 37,  0,  0,  0
6, 11026, 15,KE8EXM,     1.29, 3,   boost,   80.90,  98624.00,  227.30,   92.50,  129.98, 20.0, 4.03, 4.01, 4.02,  92.18,  -3.18,  -1.23,  67.47,  -3.52,  -3.65,   0.21,  -0.12,   0.16,   1.79, 4.04, 0.00, 0.00, 0.01, 0.00, 1, 1, 10,  39.7282815, -83.7083521,   362.0, 2026,  3, 28, 20,  3, 51,       16,       34,  63,  62,   1.6,   0.9,   1.4,  0,  0,  0, 38, 21, 34,  0,  0, 35,  0, 21, 20,  0,  0,  0,  0, 31,  0, 24,  0, 19,  0,  0,  0, 27,  0,  0,  0, 37,  0,  0,  0
6, 11026, 15,KE8EXM,     1.30, 3,   boost,   80.90,  98624.00,  227.30,   92.50,  130.79, 20.0, 4.04, 4.01, 4.02,  90.90,  -1.13,  -3.38,  73.20,  -3.34,  -3.53,   0.21,  -0.12,   0.16,   1.79, 4.03, 0.00, 0.00, 0.01, 0.00, 1, 1, 10,  39.7282815, -83.7083521,   362.0, 2026,  3, 28, 20,  3, 51,       16,       34,  63,  62,   1.6,   0.9,   1.4,  0,  0,  0, 38, 21, 34,  0,  0, 35,  0, 21, 20,  0,  0,  0,  0, 31,  0, 24,  0, 19,  0,  0,  0, 27,  0,  0,  0, 37,  0,  0,  0
6, 11026, 15,KE8EXM,     1.30, 3,   boost,   80.90,  98624.00,  227.30,   92.50,  130.79, 20.0, 4.04, 4.01, 4.02,  90.90,  -1.13,  -3.38,  73.20,  -3.34,  -3.53,   0.21,  -0.12,   0.16,   1.79, 4.03, 0.00, 0.00, 0.01, 0.00, 1, 1, 10,  39.7282815, -83.7083521,   362.0, 2026,  3, 28, 20,  3, 51,       16,       34,  63,  62,   1.6,   0.9,   1.4,  0,  0,  0, 38, 21, 34,  0,  0, 35,  0, 21, 20,  0,  0,  0,  0, 31,  0, 24,  0, 19,  0,  0,  0, 27,  0,  0,  0, 37,  0,  0,  0
6, 11026, 15,KE8EXM,     1.31, 3,   boost,   80.41,  98596.00,  229.69,   94.88,  131.59, 20.0, 4.04, 4.01, 4.02,  90.87,  -1.54,  -1.60,  70.15,  -2.97,  -3.83,   0.21,  -0.12,   0.16,   1.79, 4.03, 0.00, 0.00, 0.01, 0.00, 1, 1, 10,  39.7282815, -83.7083521,   362.0, 2026,  3, 28, 20,  3, 51,       16,       34,  63,  62,   1.6,   0.9,   1.4,  0,  0,  0, 38, 21, 34,  0,  0, 35,  0, 21, 20,  0,  0,  0,  0, 31,  0, 24,  0, 19,  0,  0,  0, 27,  0,  0,  0, 37,  0,  0,  0
6, 11026, 15,KE8EXM,     1.32, 3,   boost,   77.96,  98596.00,  229.69,   94.88,  132.39, 20.0, 4.04, 4.01, 4.02,  91.06,  -0.44,  -1.54,  74.97,  -1.26,  -4.08,   0.21,  -0.12,   0.16,   1.81, 4.03, 0.00, 0.00, 0.01, 0.00, 1, 1, 10,  39.7282815, -83.7083521,   362.0, 2026,  3, 28, 20,  3, 51,       16,       34,  63,  62,   1.6,   0.9,   1.4,  0,  0,  0, 38, 21, 34,  0,  0, 35,  0, 21, 20,  0,  0,  0,  0, 31,  0, 24,  0, 19,  0,  0,  0, 27,  0,  0,  0, 37,  0,  0,  0
6, 11026, 15,KE8EXM,     1.33, 3,   boost,   80.41,  98551.00,  233.52,   98.71,  133.18, 20.0, 4.04, 4.01, 4.02,  90.00,  -1.63,  -3.05,  77.17,  -0.41,  -4.26,   0.21,  -0.12,   0.16,   1.84, 4.03, 0.00, 0.00, 0.01, 0.00, 1, 1, 10,  39.7282815, -83.7083521,   362.0, 2026,  3, 28, 20,  3, 51,       16,       34,  63,  62,   1.6,   0.9,   1.4,  0,  0,  0, 38, 21, 34,  0,  0, 35,  0, 21, 20,  0,  0,  0,  0, 31,  0, 24,  0, 19,  0,  0,  0, 27,  0,  0,  0, 37,  0,  0,  0
6, 11026, 15,KE8EXM,     1.34, 3,   boost,   77.47,  98551.00,  233.52,   98.71,  133.97, 20.0, 4.04, 4.01, 4.02,  89.81,  -0.71,  -2.28,  77.90,   1.05,  -3.77,   0.21,  -0.11,   0.16,   1.87, 4.03, 0.00, 0.00, 0.01, 0.00, 1, 1, 10,  39.7282815, -83.7083521,   362.0, 2026,  3, 28, 20,  3, 51,       16,       34,  63,  62,   1.6,   0.9,   1.4,  0,  0,  0, 38, 21, 34,  0,  0, 35,  0, 21, 20,  0,  0,  0,  0, 31,  0, 24,  0, 19,  0,  0,  0, 27,  0,  0,  0, 37,  0,  0,  0
6, 11026, 15,KE8EXM,     1.35, 3,   boost,   77.96,  98523.00,  235.90,  101.09,  134.75, 20.0, 4.04, 4.01, 4.02,  89.49,  -1.71,  -2.93,  82.30,   0.93,  -4.08,   0.21,  -0.11,   0.16,   1.90, 4.03, 0.00, 0.00, 0.01, 0.00, 1, 1, 10,  39.7282815, -83.7083521,   362.0, 2026,  3, 28, 20,  3, 51,       16,       34,  63,  62,   1.6,   0.9,   1.4,  0,  0,  0, 38, 21, 34,  0,  0, 35,  0, 21, 20,  0,  0,  0,  0, 31,  0, 24,  0, 19,  0,  0,  0, 27,  0,  0,  0, 37,  0,  0,  0
6, 11026, 15,KE8EXM,     1.36, 3,   boost,   77.47,  98523.00,  235.90,  101.09,  135.53, 20.0, 4.04, 4.01, 4.02,  88.83,  -0.26,  -1.45,  82.91,   0.99,  -3.77,   0.21,  -0.10,   0.16,   1.94, 4.03, 0.00, 0.00, 0.01, 0.00, 1, 1, 10,  39.7282815, -83.7083521,   362.0, 2026,  3, 28, 20,  3, 51,       16,       34,  63,  62,   1.6,   0.9,   1.4,  0,  0,  0, 38, 21, 34,  0,  0, 35,  0, 21, 20,  0,  0,  0,  0, 31,  0, 24,  0, 19,  0,  0,  0, 27,  0,  0,  0, 37,  0,  0,  0
6, 11026, 15,KE8EXM,     1.37, 3,   boost,   78.45,  98488.00,  238.88,  104.08,  136.31, 20.0, 4.04, 4.01, 4.02,  88.20,  -0.77,  -1.09,  84.56,   2.89,  -3.16,   0.21,  -0.10,   0.16,   1.98, 4.03, 0.00, 0.00, 0.01, 0.00, 1, 1, 10,  39.7282815, -83.7083521,   362.0, 2026,  3, 28, 20,  3, 51,       16,       34,  63,  62,   1.6,   0.9,   1.4,  0,  0,  0, 38, 21, 34,  0,  0, 35,  0, 21, 20,  0,  0,  0,  0, 31,  0, 24,  0, 19,  0,  0,  0, 27,  0,  0,  0, 37,  0,  0,  0
6, 11026, 15,KE8EXM,     1.38, 3,   boost,   77.47,  98488.00,  238.88,  104.08,  137.08, 20.0, 4.04, 4.01, 4.02,  88.48,  -0.92,  -2.33,  86.27,   3.74,  -3.89,   0.21,  -0.10,   0.16,   2.03, 4.03, 0.00, 0.00, 0.01, 0.00, 1, 1, 10,  39.7282815, -83.7083521,   362.0, 2026,  3, 28, 20,  3, 51,       16,       34,  63,  62,   1.6,   0.9,   1.4,  0,  0,  0, 38, 21, 34,  0,  0, 35,  0, 21, 20,  0,  0,  0,  0, 31,  0, 24,  0, 19,  0,  0,  0, 27,  0,  0,  0, 37,  0,  0,  0
6, 11026, 15,KE8EXM,     1.39, 3,   boost,   76.00,  98469.00,  240.50,  105.69,  137.85, 20.0, 4.04, 4.01, 4.02,  87.63,  -0.24,  -2.13,  89.44,   3.37,  -2.92,   0.21,  -0.09,   0.16,   2.08, 4.03, 0.00, 0.00, 0.01, 0.00, 1, 1, 10,  39.7282815, -83.7083521,   362.0, 2026,  3, 28, 20,  3, 51,       16,       34,  63,  62,   1.6,   0.9,   1.4,  0,  0,  0, 38, 21, 34,  0,  0, 35,  0, 21, 20,  0,  0,  0,  0, 31,  0, 24,  0, 19,  0,  0,  0, 27,  0,  0,  0, 37,  0,  0,  0
6, 11026, 15,KE8EXM,     1.40, 3,   boost,   78.94,  98469.00,  240.50,  105.69,  138.63, 20.0, 4.04, 4.01, 4.02,  87.04,  -2.21,  -0.98,  87.24,   6.55,  -2.49,   0.21,  -0.09,   0.16,   2.14, 4.03, 0.00, 0.00, 0.01, 0.00, 1, 1, 10,  39.7282815, -83.7083521,   362.0, 2026,  3, 28, 20,  3, 51,       16,       34,  63,  62,   1.6,   0.9,   1.4,  0,  0,  0, 38, 21, 34,  0,  0, 35,  0, 21, 20,  0,  0,  0,  0, 31,  0, 24,  0, 19,  0,  0,  0, 27,  0,  0,  0, 37,  0,  0,  0
6, 11026, 15,KE8EXM,     1.41, 3,   boost,   76.00,  98438.00,  243.14,  108.33,  139.39, 20.0, 4.04, 4.01, 4.02,  87.39,   0.37,  -2.17,  93.96,   3.62,  -2.18,   0.21,  -0.09,   0.16,   2.19, 4.03, 0.00, 0.00, 0.01, 0.00, 1, 1, 10,  39.7282815, -83.7083521,   362.0, 2026,  3, 28, 20,  3, 51,       16,       34,  63,  62,   1.6,   0.9,   1.4,  0,  0,  0, 38, 21, 34,  0,  0, 35,  0, 21, 20,  0,  0,  0,  0, 31,  0, 24,  0, 19,  0,  0,  0, 27,  0,  0,  0, 37,  0,  0,  0
6, 11026, 15,KE8EXM,     1.42, 3,   boost,   76.49,  98438.00,  243.14,  108.33,  140.16, 20.0, 4.04, 4.01, 4.02,  87.40,  -0.79,  -0.29,  91.45,   5.51,  -1.57,   0.21,  -0.08,   0.16,   2.24, 4.03, 0.00, 0.00, 0.01, 0.00, 1, 1, 10,  39.7282815, -83.7083521,   362.0, 2026,  3, 28, 20,  3, 51,       16,       34,  63,  62,   1.6,   0.9,   1.4,  0,  0,  0, 38, 21, 34,  0,  0, 35,  0, 21, 20,  0,  0,  0,  0, 31,  0, 24,  0, 19,  0,  0,  0, 27,  0,  0,  0, 37,  0,  0,  0
6, 11026, 15,KE8EXM,     1.43, 3,   boost,   76.49,  98407.00,  245.78,  110.98,  140.92, 20.0, 4.04, 4.01, 4.02,  87.30,   0.70,  -1.29,  95.05,   7.59,  -2.37,   0.21,  -0.08,   0.16,   2.32, 4.03, 0.00, 0.00, 0.01, 0.00, 1, 1, 10,  39.7282815, -83.7083521,   362.0, 2026,  3, 28, 20,  3, 51,       16,       34,  63,  62,   1.6,   0.9,   1.4,  0,  0,  0, 38, 21, 34,  0,  0, 35,  0, 21, 20,  0,  0,  0,  0, 31,  0, 24,  0, 19,  0,  0,  0, 27,  0,  0,  0, 37,  0,  0,  0
6, 11026, 15,KE8EXM,     1.44, 3,   boost,   74.04,  98407.00,  245.78,  110.98,  141.67, 20.0, 4.04, 4.01, 4.02,  85.77,  -0.70,  -2.41,  96.15,   5.33,  -0.90,   0.21,  -0.08,   0.16,   2.36, 4.03, 0.00, 0.00, 0.01, 0.00, 1, 1, 10,  39.7282815, -83.7083521,   362.0, 2026,  3, 28, 20,  3, 51,       16,       34,  63,  62,   1.6,   0.9,   1.4,  0,  0,  0, 38, 21, 34,  0,  0, 35,  0, 21, 20,  0,  0,  0,  0, 31,  0, 24,  0, 19,  0,  0,  0, 27,  0,  0,  0, 37,  0,  0,  0
6, 11026, 15,KE8EXM,     1.45, 3,   boost,   74.04,  98368.00,  249.11,  114.30,  142.41, 20.0, 4.04, 4.01, 4.02,  85.58,  -1.48,   1.02,  95.24,   6.97,  -0.23,   0.21,  -0.08,   0.16,   2.43, 4.03, 0.00, 0.00, 0.01, 0.00, 1, 1, 10,  39.7282815, -83.7083521,   362.0, 2026,  3, 28, 20,  3, 51,       16,       34,  63,  62,   1.6,   0.9,   1.4,  0,  0,  0, 38, 21, 34,  0,  0, 35,  0, 21, 20,  0,  0,  0,  0, 31,  0, 24,  0, 19,  0,  0,  0, 27,  0,  0,  0, 37,  0,  0,  0
6, 11026, 15,KE8EXM,     1.46, 3,   boost,   73.55,  98368.00,  249.11,  114.30,  143.15, 20.0, 4.04, 4.01, 4.02,  84.94,  -1.40,  -1.37,  99.51,   7.16,  -0.48,   0.21,  -0.07,   0.16,   2.49, 4.03, 0.00, 0.00, 0.01, 0.00, 1, 1, 10,  39.7282815, -83.7083521,   362.0, 2026,  3, 28, 20,  3, 51,       16,       34,  63,  62,   1.6,   0.9,   1.4,  0,  0,  0, 38, 21, 34,  0,  0, 35,  0, 21, 20,  0,  0,  0,  0, 31,  0, 24,  0, 19,  0,  0,  0, 27,  0,  0,  0, 37,  0,  0,  0
6, 11026, 15,KE8EXM,     1.47, 3,   boost,   74.04,  98340.00,  251.50,  116.69,  143.89, 20.0, 4.04, 4.01, 4.02,  84.52,  -1.01,  -0.64,  98.29,   6.79,   0.01,   0.21,  -0.07,   0.16,   2.55, 4.03, 0.00, 0.00, 0.01, 0.00, 1, 1, 10,  39.7282815, -83.7083521,   362.0, 2026,  3, 28, 20,  3, 51,       16,       34,  63,  62,   1.6,   0.9,   1.4,  0,  0,  0, 38, 21, 34,  0,  0, 35,  0, 21, 20,  0,  0,  0,  0, 31,  0, 24,  0, 19,  0,  0,  0, 27,  0,  0,  0, 37,  0,  0,  0
6, 11026, 15,KE8EXM,     1.48, 3,   boost,   73.06,  98340.00,  251.50,  116.69,  144.62, 20.0, 4.04, 4.01, 4.02,  84.04,  -0.52,   0.68,  99.57,   8.93,   0.56,   0.21,  -0.07,   0.16,   2.63, 4.03, 0.00, 0.00, 0.01, 0.00, 1, 1, 10,  39.7282815, -83.7083521,   362.0, 2026,  3, 28, 20,  3, 51,       16,       34,  63,  62,   1.6,   0.9,   1.4,  0,  0,  0, 38, 21, 34,  0,  0, 35,  0, 21, 20,  0,  0,  0,  0, 31,  0, 24,  0, 19,  0,  0,  0, 27,  0,  0,  0, 37,  0,  0,  0
6, 11026, 15,KE8EXM,     1.49, 3,   boost,   72.08,  98306.00,  254.40,  119.59,  145.35, 20.0, 4.04, 4.01, 4.02,  83.81,  -1.72,   0.02,  97.98,   7.16,   0.20,   0.22,  -0.06,   0.16,   2.69, 4.03, 0.00, 0.00, 0.01, 0.00, 1, 1, 10,  39.7282815, -83.7083521,   362.0, 2026,  3, 28, 20,  3, 51,       16,       34,  63,  62,   1.6,   0.9,   1.4,  0,  0,  0, 38, 21, 34,  0,  0, 35,  0, 21, 20,  0,  0,  0,  0, 31,  0, 24,  0, 19,  0,  0,  0, 27,  0,  0,  0, 37,  0,  0,  0
6, 11026, 15,KE8EXM,     1.50, 3,   boost,   71.59,  98306.00,  254.40,  119.59,  146.07, 20.0, 4.04, 4.01, 4.02,  83.33,  -1.42,   1.99,  99.94,   6.61,   0.13,   0.22,  -0.06,   0.16,   2.75, 4.03, 0.00, 0.00, 0.01, 0.00, 1, 1, 10,  39.7282815, -83.7083521,   362.0, 2026,  3, 28, 20,  3, 51,       16,       34,  63,  62,   1.6,   0.9,   1.4,  0,  0,  0, 38, 21, 34,  0,  0, 35,  0, 21, 20,  0,  0,  0,  0, 31,  0, 24,  0, 19,  0,  0,  0, 27,  0,  0,  0, 37,  0,  0,  0
6, 11026, 15,KE8EXM,     1.51, 3,   boost,   74.04,  98267.00,  257.72,  122.92,  146.80, 20.0, 4.04, 4.01, 4.02,  82.91,  -2.01,   3.00,  96.70,   9.05,   0.68,   0.21,  -0.06,   0.16,   2.83, 4.03, 0.00, 0.00, 0.01, 0.00, 1, 1, 10,  39.7282815, -83.7083521,   362.0, 2026,  3, 28, 20,  3, 51,       16,       34,  63,  62,   1.6,   0.9,   1.4,  0,  0,  0, 38, 21, 34,  0,  0, 35,  0, 21, 20,  0,  0,  0,  0, 31,  0, 24,  0, 19,  0,  0,  0, 27,  0,  0,  0, 37,  0,  0,  0
6, 11026, 15,KE8EXM,     1.52, 3,   boost,   71.10,  98267.00,  257.72,  122.92,  147.52, 20.0, 4.04, 4.01, 4.02,  82.64,  -1.63,   0.75,  97.62,   6.79,   0.20,   0.22,  -0.05,   0.16,   2.89, 4.03, 0.00, 0.00, 0.01, 0.00, 1, 1, 10,  39.7282815, -83.7083521,   362.0, 2026,  3, 28, 20,  3, 51,       16,       34,  63,  62,   1.6,   0.9,   1.4,  0,  0,  0, 38, 21, 34,  0,  0, 35,  0, 21, 20,  0,  0,  0,  0, 31,  0, 24,  0, 19,  0,  0,  0, 27,  0,  0,  0, 37,  0,  0,  0
6, 11026, 15,KE8EXM,     1.53, 3,   boost,   73.55,  98231.00,  260.80,  125.99,  148.24, 20.0, 4.04, 4.01, 4.02,  82.13,  -1.66,   1.65,  96.28,   5.82,   0.07,   0.22,  -0.05,   0.16,   2.95, 4.03, 0.00, 0.00, 0.01, 0.00, 1, 1, 10,  39.7282815, -83.7083521,   362.0, 2026,  3, 28, 20,  3, 51,       16,       34,  63,  62,   1.6,   0.9,   1.4,  0,  0,  0, 38, 21, 34,  0,  0, 35,  0, 21, 20,  0,  0,  0,  0, 31,  0, 24,  0, 19,  0,  0,  0, 27,  0,  0,  0, 37,  0,  0,  0
6, 11026, 15,KE8EXM,     1.54, 3,   boost,   70.61,  98231.00,  260.80,  125.99,  148.95, 20.0, 4.04, 4.01, 4.02,  81.85,  -1.47,   2.41,  95.30,   6.30,   0.13,   0.22,  -0.05,   0.16,   3.01, 4.03, 0.00, 0.00, 0.01, 0.00, 1, 1, 10,  39.7282815, -83.7083521,   362.0, 2026,  3, 28, 20,  3, 51,       16,       34,  63,  62,   1.6,   0.9,   1.4,  0,  0,  0, 38, 21, 34,  0,  0, 35,  0, 21, 20,  0,  0,  0,  0, 31,  0, 24,  0, 19,  0,  0,  0, 27,  0,  0,  0, 37,  0,  0,  0
6, 11026, 15,KE8EXM,     1.55, 3,   boost,   70.61,  98198.00,  263.61,  128.81,  149.66, 20.0, 4.04, 4.01, 4.02,  81.32,  -1.10,   1.00,  95.48,   5.39,   0.44,   0.22,  -0.05,   0.16,   3.06, 4.03, 0.00, 0.00, 0.01, 0.00, 1, 1, 10,  39.7282815, -83.7083521,   362.0, 2026,  3, 28, 20,  3, 51,       16,       34,  63,  62,   1.6,   0.9,   1.4,  0,  0,  0, 38, 21, 34,  0,  0, 35,  0, 21, 20,  0,  0,  0,  0, 31,  0, 24,  0, 19,  0,  0,  0, 27,  0,  0,  0, 37,  0,  0,  0
6, 11026, 15,KE8EXM,     1.56, 3,   boost,   71.10,  98198.00,  263.61,  128.81,  150.37, 20.0, 4.04, 4.01, 4.02,  81.08,  -1.83,   1.14,  93.90,   6.24,   0.20,   0.22,  -0.04,   0.15,   3.12, 4.03, 0.00, 0.00, 0.01, 0.00, 1, 1, 10,  39.7282815, -83.7083521,   362.0, 2026,  3, 28, 20,  3, 51,       16,       34,  63,  62,   1.6,   0.9,   1.4,  0,  0,  0, 38, 21, 34,  0,  0, 35,  0, 21, 20,  0,  0,  0,  0, 31,  0, 24,  0, 19,  0,  0,  0, 27,  0,  0,  0, 37,  0,  0,  0
6, 11026, 15,KE8EXM,     1.57, 3,   boost,   69.63,  98159.00,  266.94,  132.14,  151.07, 19.9, 4.04, 4.01, 4.02,  80.76,  -1.57,   0.34,  92.61,   3.62,   0.32,   0.22,  -0.04,   0.15,   3.15, 4.03, 0.00, 0.00, 0.01, 0.00, 1, 1, 10,  39.7282815, -83.7083521,   362.0, 2026,  3, 28, 20,  3, 51,       16,       34,  63,  62,   1.6,   0.9,   1.4,  0,  0,  0, 38, 21, 34,  0,  0, 35,  0, 21, 20,  0,  0,  0,  0, 31,  0, 24,  0, 19,  0,  0,  0, 27,  0,  0,  0, 37,  0,  0,  0
6, 11026, 15,KE8EXM,     1.58, 3,   boost,   68.65,  98159.00,  266.94,  132.14,  151.76, 19.9, 4.04, 4.01, 4.02,  80.54,  -2.75,   1.31,  93.90,   4.17,   0.13,   0.22,  -0.03,   0.15,   3.19, 4.03, 0.00, 0.00, 0.01, 0.00, 1, 1, 10,  39.7282815, -83.7083521,   362.0, 2026,  3, 28, 20,  3, 51,       16,       34,  63,  62,   1.6,   0.9,   1.4,  0,  0,  0, 38, 21, 34,  0,  0, 35,  0, 21, 20,  0,  0,  0,  0, 31,  0, 24,  0, 19,  0,  0,  0, 27,  0,  0,  0, 37,  0,  0,  0
6, 11026, 15,KE8EXM,     1.59, 3,   boost,   69.14,  98114.00,  270.79,  135.98,  152.46, 19.9, 4.04, 4.01, 4.02,  79.70,  -3.28,   0.68,  94.38,   6.06,  -0.17,   0.22,  -0.03,   0.15,   3.25, 4.03, 0.00, 0.00, 0.01, 0.00, 1, 1, 10,  39.7282815, -83.7083521,   362.0, 2026,  3, 28, 20,  3, 51,       16,       34,  63,  62,   1.6,   0.9,   1.4,  0,  0,  0, 38, 21, 34,  0,  0, 35,  0, 21, 20,  0,  0,  0,  0, 31,  0, 24,  0, 19,  0,  0,  0, 27,  0,  0,  0, 37,  0,  0,  0
6, 11026, 15,KE8EXM,     1.60, 3,   boost,   70.12,  98114.00,  270.79,  135.98,  153.14, 19.9, 4.04, 4.01, 4.02,  79.39,  -3.65,  -0.72,  94.32,   3.74,  -0.72,   0.22,  -0.03,   0.15,   3.29, 4.03, 0.00, 0.00, 0.01, 0.00, 1, 1, 10,  39.7282815, -83.7083521,   362.0, 2026,  3, 28, 20,  3, 51,       16,       34,  63,  62,   1.6,   0.9,   1.4,  0,  0,  0, 38, 21, 34,  0,  0, 35,  0, 21, 20,  0,  0,  0,  0, 31,  0, 24,  0, 19,  0,  0,  0, 27,  0,  0,  0, 37,  0,  0,  0
6, 11026, 15,KE8EXM,     1.61, 3,   boost,   66.69,  98085.00,  273.27,  138.46,  153.82, 19.9, 4.04, 4.01, 4.02,  79.37,  -3.99,  -0.39,  95.67,   3.92,  -1.82,   0.22,  -0.03,   0.15,   3.33, 4.03, 0.00, 0.00, 0.01, 0.00, 1, 1, 10,  39.7282815, -83.7083521,   362.0, 2026,  3, 28, 20,  3, 51,       16,       34,  63,  62,   1.6,   0.9,   1.4,  0,  0,  0, 38, 21, 34,  0,  0, 35,  0, 21, 20,  0,  0,  0,  0, 31,  0, 24,  0, 19,  0,  0,  0, 27,  0,  0,  0, 37,  0,  0,  0
6, 11026, 15,KE8EXM,     1.62, 3,   boost,   67.18,  98085.00,  273.27,  138.46,  154.50, 19.9, 4.03, 4.01, 4.02,  78.78,  -3.15,  -1.56,  97.74,   6.00,  -1.70,   0.22,  -0.03,   0.15,   3.40, 4.03, 0.00, 0.00, 0.00, 0.00, 1, 1, 10,  39.7282815, -83.7083521,   362.0, 2026,  3, 28, 20,  3, 51,       16,       34,  63,  62,   1.6,   0.9,   1.4,  0,  0,  0, 38, 21, 34,  0,  0, 35,  0, 21, 20,  0,  0,  0,  0, 31,  0, 24,  0, 19,  0,  0,  0, 27,  0,  0,  0, 37,  0,  0,  0
6, 11026, 15,KE8EXM,     1.62, 3,   boost,   67.18,  98085.00,  273.27,  138.46,  154.50, 19.9, 4.03, 4.01, 4.02,  78.78,  -3.15,  -1.56,  97.74,   6.00,  -1.70,   0.22,  -0.03,   0.15,   3.40, 4.03, 0.00, 0.00, 0.00, 0.00, 1, 1, 10,  39.7282815, -83.7083521,   362.0, 2026,  3, 28, 20,  3, 51,       16,       34,  63,  62,   1.6,   0.9,   1.4,  0,  0,  0, 38, 21, 34,  0,  0, 35,  0, 21, 20,  0,  0,  0,  0, 31,  0, 24,  0, 19,  0,  0,  0, 27,  0,  0,  0, 37,  0,  0,  0
6, 11026, 15,KE8EXM,     1.63, 3,   boost,   67.18,  98049.00,  276.34,  141.54,  155.17, 19.9, 4.03, 4.01, 4.02,  78.56,  -3.18,  -0.40,  97.56,   5.20,  -2.25,   0.22,  -0.02,   0.15,   3.45, 4.03, 0.00, 0.00, 0.00, 0.00, 1, 1, 10,  39.7282815, -83.7083521,   362.0, 2026,  3, 28, 20,  3, 51,       16,       34,  63,  62,   1.6,   0.9,   1.4,  0,  0,  0, 38, 21, 34,  0,  0, 35,  0, 21, 20,  0,  0,  0,  0, 31,  0, 24,  0, 19,  0,  0,  0, 27,  0,  0,  0, 37,  0,  0,  0
6, 11026, 15,KE8EXM,     1.64, 3,   boost,   67.18,  98049.00,  276.34,  141.54,  155.84, 19.9, 4.03, 4.01, 4.02,  78.24,  -2.60,  -0.70, 101.89,   4.47,  -2.80,   0.22,  -0.02,   0.15,   3.50, 4.03, 0.00, 0.00, 0.00, 0.00, 1, 1, 10,  39.7282815, -83.7083521,   362.0, 2026,  3, 28, 20,  3, 51,       16,       34,  63,  62,   1.6,   0.9,   1.4,  0,  0,  0, 38, 21, 34,  0,  0, 35,  0, 21, 20,  0,  0,  0,  0, 31,  0, 24,  0, 19,  0,  0,  0, 27,  0,  0,  0, 37,  0,  0,  0
6, 11026, 15,KE8EXM,     1.65, 3,   boost,   67.18,  98010.00,  279.68,  144.87,  156.51, 19.9, 4.03, 4.01, 4.02,  78.14,  -3.99,   1.39,  99.21,   6.30,  -2.43,   0.22,  -0.01,   0.15,   3.56, 4.03, 0.00, 0.00, 0.00, 0.00, 1, 1, 10,  39.7282815, -83.7083521,   362.0, 2026,  3, 28, 20,  3, 51,       16,       34,  63,  62,   1.6,   0.9,   1.4,  0,  0,  0, 38, 21, 34,  0,  0, 35,  0, 21, 20,  0,  0,  0,  0, 31,  0, 24,  0, 19,  0,  0,  0, 27,  0,  0,  0, 37,  0,  0,  0
6, 11026, 15,KE8EXM,     1.66, 3,   boost,   66.69,  98010.00,  279.68,  144.87,  157.17, 19.9, 4.03, 4.01, 4.02,  77.80,  -2.09,  -1.12, 101.04,   5.08,  -2.92,   0.22,  -0.01,   0.15,   3.62, 4.03, 0.00, 0.00, 0.00, 0.00, 1, 1, 10,  39.7282815, -83.7083521,   362.0, 2026,  3, 28, 20,  3, 51,       16,       34,  63,  62,   1.6,   0.9,   1.4,  0,  0,  0, 38, 21, 34,  0,  0, 35,  0, 21, 20,  0,  0,  0,  0, 31,  0, 24,  0, 19,  0,  0,  0, 27,  0,  0,  0, 37,  0,  0,  0
6, 11026, 15,KE8EXM,     1.67, 3,   boost,   65.21,  97975.00,  282.67,  147.86,  157.83, 19.9, 4.03, 4.01, 4.02,  77.71,  -2.68,  -0.92, 101.65,   5.33,  -3.22,   0.22,  -0.01,   0.14,   3.67, 4.03, 0.00, 0.00, 0.00, 0.00, 1, 1, 10,  39.7282815, -83.7083521,   362.0, 2026,  3, 28, 20,  3, 51,       16,       34,  63,  62,   1.6,   0.9,   1.4,  0,  0,  0, 38, 21, 34,  0,  0, 35,  0, 21, 20,  0,  0,  0,  0, 31,  0, 24,  0, 19,  0,  0,  0, 27,  0,  0,  0, 37,  0,  0,  0
6, 11026, 15,KE8EXM,     1.68, 3,   boost,   65.70,  97975.00,  282.67,  147.86,  158.49, 19.9, 4.03, 4.01, 4.02,  77.10,  -3.33,  -0.24, 100.43,   6.30,  -3.83,   0.22,  -0.00,   0.14,   3.74, 4.03, 0.00, 0.00, 0.00, 0.00, 1, 1, 10,  39.7282815, -83.7083521,   362.0, 2026,  3, 28, 20,  3, 51,       16,       34,  63,  62,   1.6,   0.9,   1.4,  0,  0,  0, 38, 21, 34,  0,  0, 35,  0, 21, 20,  0,  0,  0,  0, 31,  0, 24,  0, 19,  0,  0,  0, 27,  0,  0,  0, 37,  0,  0,  0
6, 11026, 15,KE8EXM,     1.69, 3,   boost,   66.19,  97935.00,  286.09,  151.29,  159.15, 19.9, 4.03, 4.01, 4.02,  77.09,  -3.81,   0.70, 105.06,   5.51,  -4.87,   0.22,  -0.00,   0.14,   3.80, 4.03, 0.00, 0.00, 0.00, 0.00, 1, 1, 10,  39.7282815, -83.7083521,   362.0, 2026,  3, 28, 20,  3, 51,       16,       34,  63,  62,   1.6,   0.9,   1.4,  0,  0,  0, 38, 21, 34,  0,  0, 35,  0, 21, 20,  0,  0,  0,  0, 31,  0, 24,  0, 19,  0,  0,  0, 27,  0,  0,  0, 37,  0,  0,  0
6, 11026, 15,KE8EXM,     1.70, 3,   boost,   65.70,  97935.00,  286.09,  151.29,  159.80, 19.9, 4.03, 4.01, 4.02,  76.66,  -4.03,   0.70, 104.15,   7.95,  -4.14,   0.22,  -0.00,   0.14,   3.88, 4.03, 0.00, 0.00, 0.00, 0.00, 1, 1, 10,  39.7282815, -83.7083521,   362.0, 2026,  3, 28, 20,  3, 51,       16,       34,  63,  62,   1.6,   0.9,   1.4,  0,  0,  0, 38, 21, 34,  0,  0, 35,  0, 21, 20,  0,  0,  0,  0, 31,  0, 24,  0, 19,  0,  0,  0, 27,  0,  0,  0, 37,  0,  0,  0
6, 11026, 15,KE8EXM,     1.71, 3,   boost,   66.19,  97898.00,  289.26,  154.45,  160.45, 19.9, 4.03, 4.01, 4.02,  76.46,  -1.99,  -1.99, 105.98,   6.06,  -5.18,   0.22,   0.01,   0.14,   3.94, 4.03, 0.00, 0.00, 0.00, 0.00, 1, 1, 10,  39.7282815, -83.7083521,   362.0, 2026,  3, 28, 20,  3, 51,       16,       34,  63,  62,   1.6,   0.9,   1.4,  0,  0,  0, 38, 21, 34,  0,  0, 35,  0, 21, 20,  0,  0,  0,  0, 31,  0, 24,  0, 19,  0,  0,  0, 27,  0,  0,  0, 37,  0,  0,  0
6, 11026, 15,KE8EXM,     1.72, 3,   boost,   62.27,  97898.00,  289.26,  154.45,  161.10, 19.9, 4.03, 4.01, 4.02,  76.10,  -2.31,   2.00, 104.58,   5.08,  -5.48,   0.22,   0.01,   0.14,   4.00, 4.03, 0.00, 0.00, 0.00, 0.00, 1, 1, 10,  39.7282815, -83.7083521,   362.0, 2026,  3, 28, 20,  3, 51,       16,       34,  63,  62,   1.6,   0.9,   1.4,  0,  0,  0, 38, 21, 34,  0,  0, 35,  0, 21, 20,  0,  0,  0,  0, 31,  0, 24,  0, 19,  0,  0,  0, 27,  0,  0,  0, 37,  0,  0,  0
6, 11026, 15,KE8EXM,     1.73, 3,   boost,   63.74,  97859.00,  292.60,  157.79,  161.74, 19.9, 4.03, 4.01, 4.02,  75.28,  -2.79,   2.73, 106.53,   8.13,  -5.66,   0.22,   0.01,   0.14,   4.08, 4.03, 0.00, 0.00, 0.00, 0.00, 1, 1, 10,  39.7282815, -83.7083521,   362.0, 2026,  3, 28, 20,  3, 51,       16,       34,  63,  62,   1.6,   0.9,   1.4,  0,  0,  0, 38, 21, 34,  0,  0, 35,  0, 21, 20,  0,  0,  0,  0, 31,  0, 24,  0, 19,  0,  0,  0, 27,  0,  0,  0, 37,  0,  0,  0
6, 11026, 15,KE8EXM,     1.74, 3,   boost,   64.72,  97859.00,  292.60,  157.79,  162.37, 19.9, 4.03, 4.01, 4.02,  75.30,  -2.66,   2.06, 107.32,   7.28,  -5.91,   0.22,   0.02,   0.13,   4.16, 4.03, 0.00, 0.00, 0.00, 0.00, 1, 1, 10,  39.7282815, -83.7083521,   362.0, 2026,  3, 28, 20,  3, 51,       16,       34,  63,  62,   1.6,   0.9,   1.4,  0,  0,  0, 38, 21, 34,  0,  0, 35,  0, 21, 20,  0,  0,  0,  0, 31,  0, 24,  0, 19,  0,  0,  0, 27,  0,  0,  0, 37,  0,  0,  0
6, 11026, 15,KE8EXM,     1.75, 3,   boost,   62.27,  97823.00,  295.68,  160.87,  163.01, 19.9, 4.03, 4.01, 4.02,  74.94,  -1.24,   1.96, 106.65,   8.99,  -5.24,   0.22,   0.02,   0.13,   4.25, 4.03, 0.00, 0.00, 0.00, 0.00, 1, 1, 10,  39.7282815, -83.7083521,   362.0, 2026,  3, 28, 20,  3, 51,       16,       34,  63,  62,   1.6,   0.9,   1.4,  0,  0,  0, 38, 21, 34,  0,  0, 35,  0, 21, 20,  0,  0,  0,  0, 31,  0, 24,  0, 19,  0,  0,  0, 27,  0,  0,  0, 37,  0,  0,  0
6, 11026, 15,KE8EXM,     1.76, 3,   boost,   64.72,  97823.00,  295.68,  160.87,  163.64, 19.9, 4.03, 4.01, 4.02,  74.17,  -0.19,  -0.47, 106.41,   7.95,  -5.60,   0.22,   0.02,   0.13,   4.33, 4.03, 0.00, 0.00, 0.00, 0.00, 1, 1, 10,  39.7282815, -83.7083521,   362.0, 2026,  3, 28, 20,  3, 51,       16,       34,  63,  62,   1.6,   0.9,   1.4,  0,  0,  0, 38, 21, 34,  0,  0, 35,  0, 21, 20,  0,  0,  0,  0, 31,  0, 24,  0, 19,  0,  0,  0, 27,  0,  0,  0, 37,  0,  0,  0
6, 11026, 15,KE8EXM,     1.77, 3,   boost,   61.78,  97794.00,  298.16,  163.36,  164.27, 19.9, 4.03, 4.01, 4.02,  75.31,  -1.30,   3.97, 107.93,   3.98,  -5.91,   0.22,   0.02,   0.13,   4.37, 4.03, 0.00, 0.00, 0.00, 0.00, 1, 1, 10,  39.7282815, -83.7083521,   362.0, 2026,  3, 28, 20,  3, 51,       16,       34,  63,  62,   1.6,   0.9,   1.4,  0,  0,  0, 38, 21, 34,  0,  0, 35,  0, 21, 20,  0,  0,  0,  0, 31,  0, 24,  0, 19,  0,  0,  0, 27,  0,  0,  0, 37,  0,  0,  0
6, 11026, 15,KE8EXM,     1.78, 3,   boost,   64.72,  97794.00,  298.16,  163.36,  164.90, 19.9, 4.03, 4.01, 4.02,  73.64,  -2.90,   1.39, 107.57,   3.25,  -5.48,   0.22,   0.03,   0.13,   4.40, 4.03, 0.00, 0.00, 0.00, 0.00, 1, 1, 10,  39.7282815, -83.7083521,   362.0, 2026,  3, 28, 20,  3, 51,       16,       34,  63,  62,   1.6,   0.9,   1.4,  0,  0,  0, 38, 21, 34,  0,  0, 35,  0, 21, 20,  0,  0,  0,  0, 31,  0, 24,  0, 19,  0,  0,  0, 27,  0,  0,  0, 37,  0,  0,  0
6, 11026, 15,KE8EXM,     1.79, 3,   boost,   60.80,  97760.00,  301.08,  166.27,  165.52, 19.9, 4.03, 4.01, 4.02,  74.04,   0.55,   5.32, 104.09,   7.04,  -4.87,   0.22,   0.03,   0.12,   4.47, 4.03, 0.00, 0.00, 0.00, 0.00, 1, 1, 10,  39.7282815, -83.7083521,   362.0, 2026,  3, 28, 20,  3, 51,       16,       34,  63,  62,   1.6,   0.9,   1.4,  0,  0,  0, 38, 21, 34,  0,  0, 35,  0, 21, 20,  0,  0,  0,  0, 31,  0, 24,  0, 19,  0,  0,  0, 27,  0,  0,  0, 37,  0,  0,  0
6, 11026, 15,KE8EXM,     1.80, 3,   boost,   62.27,  97760.00,  301.08,  166.27,  166.14, 19.9, 4.03, 4.01, 4.02,  73.08,  -0.92,   4.54, 102.62,   3.25,  -3.77,   0.22,   0.03,   0.12,   4.51, 4.03, 0.00, 0.00, 0.00, 0.00, 1, 1, 10,  39.7282815, -83.7083521,   362.0, 2026,  3, 28, 20,  3, 51,       16,       34,  63,  62,   1.6,   0.9,   1.4,  0,  0,  0, 38, 21, 34,  0,  0, 35,  0, 21, 20,  0,  0,  0,  0, 31,  0, 24,  0, 19,  0,  0,  0, 27,  0,  0,  0, 37,  0,  0,  0
6, 11026, 15,KE8EXM,     1.81, 3,   boost,   61.78,  97719.00,  304.59,  169.79,  166.76, 19.9, 4.03, 4.01, 4.02,  72.67,   1.06,   3.98, 102.32,   5.94,  -4.87,   0.22,   0.04,   0.12,   4.57, 4.03, 0.00, 0.00, 0.00, 0.00, 1, 1, 10,  39.7282815, -83.7083521,   362.0, 2026,  3, 28, 20,  3, 51,       16,       34,  63,  62,   1.6,   0.9,   1.4,  0,  0,  0, 38, 21, 34,  0,  0, 35,  0, 21, 20,  0,  0,  0,  0, 31,  0, 24,  0, 19,  0,  0,  0, 27,  0,  0,  0, 37,  0,  0,  0
6, 11026, 15,KE8EXM,     1.82, 3,   boost,   62.27,  97719.00,  304.59,  169.79,  167.38, 19.9, 4.03, 4.01, 4.02,  72.19,  -2.16,   4.07,  99.75,   1.30,  -3.53,   0.22,   0.04,   0.12,   4.58, 4.03, 0.00, 0.00, 0.00, 0.00, 1, 1, 10,  39.7282815, -83.7083521,   362.0, 2026,  3, 28, 20,  3, 51,       16,       34,  63,  62,   1.6,   0.9,   1.4,  0,  0,  0, 38, 21, 34,  0,  0, 35,  0, 21, 20,  0,  0,  0,  0, 31,  0, 24,  0, 19,  0,  0,  0, 27,  0,  0,  0, 37,  0,  0,  0
6, 11026, 15,KE8EXM,     1.83, 3,   boost,   61.78,  97676.00,  308.28,  173.47,  167.99, 19.9, 4.03, 4.01, 4.02,  72.32,  -0.48,   4.76,  94.51,   5.20,  -3.22,   0.22,   0.04,   0.12,   4.63, 4.03, 0.00, 0.00, 0.00, 0.00, 1, 1, 10,  39.7282815, -83.7083521,   362.0, 2026,  3, 28, 20,  3, 51,       16,       34,  63,  62,   1.6,   0.9,   1.4,  0,  0,  0, 38, 21, 34,  0,  0, 35,  0, 21, 20,  0,  0,  0,  0, 31,  0, 24,  0, 19,  0,  0,  0, 27,  0,  0,  0, 37,  0,  0,  0
6, 11026, 15,KE8EXM,     1.84, 3,   boost,   61.78,  97676.00,  308.28,  173.47,  168.61, 19.9, 4.03, 4.01, 4.02,  71.60,  -0.46,   2.86,  95.54,  -1.69,  -1.88,   0.22,   0.04,   0.11,   4.61, 4.03, 0.00, 0.00, 0.00, 0.00, 1, 1, 10,  39.7282815, -83.7083521,   362.0, 2026,  3, 28, 20,  3, 51,       16,       34,  63,  62,   1.6,   0.9,   1.4,  0,  0,  0, 38, 21, 34,  0,  0, 35,  0, 21, 20,  0,  0,  0,  0, 31,  0, 24,  0, 19,  0,  0,  0, 27,  0,  0,  0, 37,  0,  0,  0
6, 11026, 15,KE8EXM,     1.85, 3,   boost,   61.29,  97655.00,  310.08,  175.27,  169.22, 19.9, 4.03, 4.01, 4.02,  71.22,   0.27,   3.54,  93.83,   0.26,  -2.80,   0.22,   0.04,   0.11,   4.61, 4.03, 0.00, 0.00, 0.00, 0.00, 1, 1, 10,  39.7282815, -83.7083521,   362.0, 2026,  3, 28, 20,  3, 51,       16,       34,  63,  62,   1.6,   0.9,   1.4,  0,  0,  0, 38, 21, 34,  0,  0, 35,  0, 21, 20,  0,  0,  0,  0, 31,  0, 24,  0, 19,  0,  0,  0, 27,  0,  0,  0, 37,  0,  0,  0
6, 11026, 15,KE8EXM,     1.86, 3,   boost,   61.29,  97655.00,  310.08,  175.27,  169.83, 19.9, 4.03, 4.01, 4.02,  71.20,  -1.17,   3.61,  91.70,  -1.02,  -2.55,   0.22,   0.05,   0.11,   4.60, 4.03, 0.00, 0.00, 0.00, 0.00, 1, 1, 10,  39.7282815, -83.7083521,   362.0, 2026,  3, 28, 20,  3, 51,       16,       34,  63,  62,   1.6,   0.9,   1.4,  0,  0,  0, 38, 21, 34,  0,  0, 35,  0, 21, 20,  0,  0,  0,  0, 31,  0, 24,  0, 19,  0,  0,  0, 27,  0,  0,  0, 37,  0,  0,  0
6, 11026, 15,KE8EXM,     1.87, 3,   boost,   59.33,  97604.00,  314.45,  179.65,  170.43, 19.9, 4.03, 4.01, 4.02,  70.84,  -1.59,   2.74,  90.05,  -0.04,  -2.06,   0.22,   0.05,   0.11,   4.60, 4.03, 0.00, 0.00, 0.00, 0.00, 1, 1, 10,  39.7282815, -83.7083521,   362.0, 2026,  3, 28, 20,  3, 51,       16,       34,  63,  62,   1.6,   0.9,   1.4,  0,  0,  0, 38, 21, 34,  0,  0, 35,  0, 21, 20,  0,  0,  0,  0, 31,  0, 24,  0, 19,  0,  0,  0, 27,  0,  0,  0, 37,  0,  0,  0
6, 11026, 15,KE8EXM,     1.88, 3,   boost,   61.29,  97604.00,  314.45,  179.65,  171.03, 19.9, 4.03, 4.01, 4.02,  71.28,  -0.12,   4.52,  89.81,  -2.55,  -1.64,   0.22,   0.05,   0.11,   4.57, 4.03, 0.00, 0.00, 0.00, 0.00, 1, 1, 10,  39.7282815, -83.7083521,   362.0, 2026,  3, 28, 20,  3, 51,       16,       34,  63,  62,   1.6,   0.9,   1.4,  0,  0,  0, 38, 21, 34,  0,  0, 35,  0, 21, 20,  0,  0,  0,  0, 31,  0, 24,  0, 19,  0,  0,  0, 27,  0,  0,  0, 37,  0,  0,  0
6, 11026, 15,KE8EXM,     1.89, 3,   boost,   59.33,  97572.00,  317.20,  182.39,  171.63, 19.9, 4.03, 4.01, 4.02,  70.33,  -0.14,   2.14,  91.45,  -5.23,  -1.70,   0.22,   0.05,   0.11,   4.52, 4.03, 0.00, 0.00, 0.00, 0.00, 1, 1, 10,  39.7282815, -83.7083521,   362.0, 2026,  3, 28, 20,  3, 51,       16,       34,  63,  62,   1.6,   0.9,   1.4,  0,  0,  0, 38, 21, 34,  0,  0, 35,  0, 21, 20,  0,  0,  0,  0, 31,  0, 24,  0, 19,  0,  0,  0, 27,  0,  0,  0, 37,  0,  0,  0
6, 11026, 15,KE8EXM,     1.90, 3,   boost,   60.31,  97572.00,  317.20,  182.39,  172.22, 19.9, 4.03, 4.01, 4.02,  70.39,  -2.05,   3.79,  87.06,  -2.49,  -1.21,   0.22,   0.06,   0.11,   4.49, 4.03, 0.00, 0.00, 0.00, 0.00, 1, 1, 10,  39.7282815, -83.7083521,   362.0, 2026,  3, 28, 20,  3, 51,       16,       34,  63,  62,   1.6,   0.9,   1.4,  0,  0,  0, 38, 21, 34,  0,  0, 35,  0, 21, 20,  0,  0,  0,  0, 31,  0, 24,  0, 19,  0,  0,  0, 27,  0,  0,  0, 37,  0,  0,  0
6, 11026, 15,KE8EXM,     1.91, 3,   boost,   57.86,  97527.00,  321.06,  186.26,  172.82, 19.9, 4.03, 4.01, 4.02,  70.23,  -1.57,   0.70,  88.04,  -4.93,  -1.39,   0.22,   0.06,   0.11,   4.44, 4.03, 0.00, 0.00, 0.00, 0.00, 1, 1, 10,  39.7282815, -83.7083521,   362.0, 2026,  3, 28, 20,  3, 51,       16,       34,  63,  62,   1.6,   0.9,   1.4,  0,  0,  0, 38, 21, 34,  0,  0, 35,  0, 21, 20,  0,  0,  0,  0, 31,  0, 24,  0, 19,  0,  0,  0, 27,  0,  0,  0, 37,  0,  0,  0
6, 11026, 15,KE8EXM,     1.92, 3,   boost,   59.33,  97527.00,  321.06,  186.26,  173.41, 19.9, 4.03, 4.01, 4.02,  70.16,  -1.29,   2.00,  85.84,  -3.65,  -0.78,   0.22,   0.06,   0.11,   4.41, 4.03, 0.00, 0.00, 0.00, 0.00, 1, 1, 10,  39.7282815, -83.7083521,   362.0, 2026,  3, 28, 20,  3, 51,       16,       34,  63,  62,   1.6,   0.9,   1.4,  0,  0,  0, 38, 21, 34,  0,  0, 35,  0, 21, 20,  0,  0,  0,  0, 31,  0, 24,  0, 19,  0,  0,  0, 27,  0,  0,  0, 37,  0,  0,  0
6, 11026, 15,KE8EXM,     1.93, 3,   boost,   58.35,  97480.00,  325.10,  190.29,  173.99, 19.9, 4.03, 4.01, 4.02,  69.85,  -0.57,   0.97,  86.94,  -5.60,  -1.57,   0.22,   0.06,   0.10,   4.35, 4.03, 0.00, 0.00, 0.00, 0.00, 1, 1, 10,  39.7282815, -83.7083521,   362.0, 2026,  3, 28, 20,  3, 51,       16,       34,  63,  62,   1.6,   0.9,   1.4,  0,  0,  0, 38, 21, 34,  0,  0, 35,  0, 21, 20,  0,  0,  0,  0, 31,  0, 24,  0, 19,  0,  0,  0, 27,  0,  0,  0, 37,  0,  0,  0
6, 11026, 15,KE8EXM,     1.94, 3,   boost,   59.82,  97480.00,  325.10,  190.29,  174.58, 19.9, 4.03, 4.03, 4.03,  69.98,  -1.65,   1.82,  88.04,  -5.72,  -1.51,   0.22,   0.06,   0.10,   4.29, 4.03, 0.00, 0.00, 0.00, 0.00, 1, 1, 10,  39.7282815, -83.7083521,   362.0, 2026,  3, 28, 20,  3, 51,       16,       34,  63,  62,   1.6,   0.9,   1.4,  0,  0,  0, 38, 21, 34,  0,  0, 35,  0, 21, 20,  0,  0,  0,  0, 31,  0, 24,  0, 19,  0,  0,  0, 27,  0,  0,  0, 37,  0,  0,  0
6, 11026, 15,KE8EXM,     1.94, 3,   boost,   59.82,  97480.00,  325.10,  190.29,  174.58, 19.9, 4.03, 4.03, 4.03,  69.98,  -1.65,   1.82,  88.04,  -5.72,  -1.51,   0.22,   0.06,   0.10,   4.29, 4.03, 0.00, 0.00, 0.00, 0.00, 1, 1, 10,  39.7282815, -83.7083521,   362.0, 2026,  3, 28, 20,  3, 51,       16,       34,  63,  62,   1.6,   0.9,   1.4,  0,  0,  0, 38, 21, 34,  0,  0, 35,  0, 21, 20,  0,  0,  0,  0, 31,  0, 24,  0, 19,  0,  0,  0, 27,  0,  0,  0, 37,  0,  0,  0
6, 11026, 15,KE8EXM,     1.95, 3,   boost,   59.82,  97439.00,  328.62,  193.82,  175.16, 19.9, 4.03, 4.03, 4.03,  69.55,  -2.86,   2.82,  86.88,  -3.46,  -1.27,   0.22,   0.07,   0.10,   4.25, 4.03, 0.00, 0.00, 0.00, 0.00, 1, 1, 10,  39.7282815, -83.7083521,   362.0, 2026,  3, 28, 20,  3, 51,       16,       34,  63,  62,   1.6,   0.9,   1.4,  0,  0,  0, 38, 21, 34,  0,  0, 35,  0, 21, 20,  0,  0,  0,  0, 31,  0, 24,  0, 19,  0,  0,  0, 27,  0,  0,  0, 37,  0,  0,  0
6, 11026, 15,KE8EXM,     1.96, 3,   boost,   57.86,  97439.00,  328.62,  193.82,  175.72, 19.9, 4.03, 4.03, 4.03,  68.67,  -1.63,  -1.11,  88.83,  -6.27,  -1.03,   0.22,   0.07,   0.10,   4.19, 4.03, 0.00, 0.00, 0.00, 0.00, 1, 1, 10,  39.7282815, -83.7083521,   362.0, 2026,  3, 28, 20,  3, 51,       16,       34,  63,  62,   1.6,   0.9,   1.4,  0,  0,  0, 38, 21, 34,  0,  0, 35,  0, 21, 20,  0,  0,  0,  0, 31,  0, 24,  0, 19,  0,  0,  0, 27,  0,  0,  0, 37,  0,  0,  0
6, 11026, 15,KE8EXM,     1.97, 3,   boost,   52.47,  97410.00,  331.11,  196.31,  176.25, 19.9, 4.03, 4.03, 4.03,  67.14,  -1.30,   0.43,  88.46,  -5.84,  -1.51,   0.22,   0.07,   0.10,   4.13, 4.03, 0.00, 0.00, 0.00, 0.00, 1, 1, 10,  39.7282815, -83.7083521,   362.0, 2026,  3, 28, 20,  3, 51,       16,       34,  63,  62,   1.6,   0.9,   1.4,  0,  0,  0, 38, 21, 34,  0,  0, 35,  0, 21, 20,  0,  0,  0,  0, 31,  0, 24,  0, 19,  0,  0,  0, 27,  0,  0,  0, 37,  0,  0,  0
6, 11026, 15,KE8EXM,     1.98, 3,   boost,   50.01,  97410.00,  331.11,  196.31,  176.76, 19.9, 4.03, 4.03, 4.03,  63.18,  -1.52,  -0.28,  88.71,  -5.17,  -2.06,   0.22,   0.07,   0.10,   4.07, 4.03, 0.00, 0.00, 0.00, 0.00, 1, 1, 10,  39.7282815, -83.7083521,   362.0, 2026,  3, 28, 20,  3, 51,       16,       34,  63,  62,   1.6,   0.9,   1.4,  0,  0,  0, 38, 21, 34,  0,  0, 35,  0, 21, 20,  0,  0,  0,  0, 31,  0, 24,  0, 19,  0,  0,  0, 27,  0,  0,  0, 37,  0,  0,  0
6, 11026, 15,KE8EXM,     1.99, 3,   boost,   44.13,  97365.00,  334.98,  200.18,  177.22, 19.9, 4.03, 4.03, 4.03,  58.65,  -2.17,  -0.43,  92.67,  -5.78,  -2.25,   0.22,   0.07,   0.10,   4.01, 4.03, 0.00, 0.00, 0.00, 0.00, 1, 1, 10,  39.7282815, -83.7083521,   362.0, 2026,  3, 28, 20,  3, 51,       16,       34,  63,  62,   1.6,   0.9,   1.4,  0,  0,  0, 38, 21, 34,  0,  0, 35,  0, 21, 20,  0,  0,  0,  0, 31,  0, 24,  0, 19,  0,  0,  0, 27,  0,  0,  0, 37,  0,  0,  0
6, 11026, 15,KE8EXM,     2.00, 3,   boost,   39.23,  97365.00,  334.98,  200.18,  177.64, 19.9, 4.03, 4.03, 4.03,  54.51,  -1.31,   0.87,  95.05,  -2.97,  -1.21,   0.22,   0.07,   0.09,   3.98, 4.03, 0.00, 0.00, 0.00, 0.00, 1, 1, 10,  39.7282815, -83.7083521,   362.0, 2026,  3, 28, 20,  3, 51,       16,       34,  63,  62,   1.6,   0.9,   1.4,  0,  0,  0, 38, 21, 34,  0,  0, 35,  0, 21, 20,  0,  0,  0,  0, 31,  0, 24,  0, 19,  0,  0,  0, 27,  0,  0,  0, 37,  0,  0,  0
6, 11026, 15,KE8EXM,     2.01, 3,   boost,   35.30,  97318.00,  339.02,  204.22,  178.02, 19.9, 4.03, 4.03, 4.03,  50.74,  -1.42,  -0.19,  95.73,  -4.01,  -1.64,   0.22,   0.08,   0.09,   3.94, 4.03, 0.00, 0.00, 0.00, 0.00, 1, 1, 10,  39.7282815, -83.7083521,   362.0, 2026,  3, 28, 20,  3, 51,       16,       34,  63,  62,   1.6,   0.9,   1.4,  0,  0,  0, 38, 21, 34,  0,  0, 35,  0, 21, 20,  0,  0,  0,  0, 31,  0, 24,  0, 19,  0,  0,  0, 27,  0,  0,  0, 37,  0,  0,  0
6, 11026, 15,KE8EXM,     2.02, 3,   boost,   30.89,  97318.00,  339.02,  204.22,  178.37, 19.9, 4.03, 4.03, 4.03,  45.82,  -0.82,   0.63,  97.31,  -4.99,  -2.18,   0.22,   0.08,   0.09,   3.88, 4.03, 0.00, 0.00, 0.00, 0.00, 1, 1, 10,  39.7282815, -83.7083521,   362.0, 2026,  3, 28, 20,  3, 51,       16,       34,  63,  62,   1.6,   0.9,   1.4,  0,  0,  0, 38, 21, 34,  0,  0, 35,  0, 21, 20,  0,  0,  0,  0, 31,  0, 24,  0, 19,  0,  0,  0, 27,  0,  0,  0, 37,  0,  0,  0
6, 11026, 15,KE8EXM,     2.03, 3,   boost,   31.38,  97277.00,  342.55,  207.74,  178.68, 19.9, 4.03, 4.03, 4.03,  41.95,  -1.69,   0.95,  97.62,  -3.58,  -1.70,   0.22,   0.08,   0.09,   3.84, 4.03, 0.00, 0.00, 0.00, 0.00, 1, 1, 10,  39.7282815, -83.7083521,   362.0, 2026,  3, 28, 20,  3, 51,       16,       34,  63,  62,   1.6,   0.9,   1.4,  0,  0,  0, 38, 21, 34,  0,  0, 35,  0, 21, 20,  0,  0,  0,  0, 31,  0, 24,  0, 19,  0,  0,  0, 27,  0,  0,  0, 37,  0,  0,  0
6, 11026, 15,KE8EXM,     2.04, 3,   boost,   26.97,  97277.00,  342.55,  207.74,  178.97, 19.9, 4.03, 4.03, 4.03,  39.15,  -1.88,  -0.06,  98.96,  -3.40,  -2.00,   0.22,   0.08,   0.09,   3.81, 4.03, 0.00, 0.00, 0.00, 0.00, 1, 1, 10,  39.7282815, -83.7083521,   362.0, 2026,  3, 28, 20,  3, 51,       16,       34,  63,  62,   1.6,   0.9,   1.4,  0,  0,  0, 38, 21, 34,  0,  0, 35,  0, 21, 20,  0,  0,  0,  0, 31,  0, 24,  0, 19,  0,  0,  0, 27,  0,  0,  0, 37,  0,  0,  0
6, 11026, 15,KE8EXM,     2.05, 3,   boost,   24.52,  97239.00,  345.82,  211.01,  179.22, 19.9, 4.03, 4.03, 4.03,  36.74,  -2.56,   0.50,  99.02,  -3.83,  -2.31,   0.22,   0.08,   0.09,   3.76, 4.03, 0.00, 0.00, 0.00, 0.00, 1, 1, 10,  39.7282815, -83.7083521,   362.0, 2026,  3, 28, 20,  3, 51,       16,       34,  63,  62,   1.6,   0.9,   1.4,  0,  0,  0, 38, 21, 34,  0,  0, 35,  0, 21, 20,  0,  0,  0,  0, 31,  0, 24,  0, 19,  0,  0,  0, 27,  0,  0,  0, 37,  0,  0,  0
6, 11026, 15,KE8EXM,     2.06, 3,   boost,   21.57,  97239.00,  345.82,  211.01,  179.45, 19.9, 4.03, 4.03, 4.03,  33.96,  -2.16,  -0.10, 101.40,  -2.55,  -2.31,   0.22,   0.09,   0.08,   3.73, 4.03, 0.00, 0.00, 0.00, 0.00, 1, 1, 10,  39.7282815, -83.7083521,   362.0, 2026,  3, 28, 20,  3, 51,       16,       34,  63,  62,   1.6,   0.9,   1.4,  0,  0,  0, 38, 21, 34,  0,  0, 35,  0, 21, 20,  0,  0,  0,  0, 31,  0, 24,  0, 19,  0,  0,  0, 27,  0,  0,  0, 37,  0,  0,  0
6, 11026, 15,KE8EXM,     2.07, 3,   boost,   18.63,  97194.00,  349.69,  214.89,  179.64, 19.9, 4.03, 4.03, 4.03,  31.24,  -1.93,  -0.48, 103.97,  -2.85,  -2.25,   0.22,   0.09,   0.08,   3.70, 4.03, 0.00, 0.00, 0.00, 0.00, 1, 1, 10,  39.7282815, -83.7083521,   362.0, 2026,  3, 28, 20,  3, 51,       16,       34,  63,  62,   1.6,   0.9,   1.4,  0,  0,  0, 38, 21, 34,  0,  0, 35,  0, 21, 20,  0,  0,  0,  0, 31,  0, 24,  0, 19,  0,  0,  0, 27,  0,  0,  0, 37,  0,  0,  0
6, 11026, 15,KE8EXM,     2.08, 3,   boost,   14.22,  97194.00,  349.69,  214.89,  179.80, 19.9, 4.03, 4.03, 4.03,  27.80,  -2.26,  -1.19, 105.06,  -2.24,  -2.18,   0.22,   0.09,   0.08,   3.67, 4.03, 0.00, 0.00, 0.00, 0.00, 1, 1, 10,  39.7282815, -83.7083521,   362.0, 2026,  3, 28, 20,  3, 51,       16,       34,  63,  62,   1.6,   0.9,   1.4,  0,  0,  0, 38, 21, 34,  0,  0, 35,  0, 21, 20,  0,  0,  0,  0, 31,  0, 24,  0, 19,  0,  0,  0, 27,  0,  0,  0, 37,  0,  0,  0
6, 11026, 15,KE8EXM,     2.09, 3,   boost,   10.79,  97148.00,  353.65,  218.85,  179.92, 19.9, 4.03, 4.03, 4.03,  23.64,  -0.37,   1.01, 107.14,  -2.55,  -2.73,   0.22,   0.09,   0.07,   3.63, 4.03, 0.00, 0.00, 0.00, 0.00, 1, 1, 10,  39.7282815, -83.7083521,   362.0, 2026,  3, 28, 20,  3, 51,       16,       34,  63,  62,   1.6,   0.9,   1.4,  0,  0,  0, 38, 21, 34,  0,  0, 35,  0, 21, 20,  0,  0,  0,  0, 31,  0, 24,  0, 19,  0,  0,  0, 27,  0,  0,  0, 37,  0,  0,  0
6, 11026, 15,KE8EXM,     2.10, 3,   boost,    4.41,  97148.00,  353.65,  218.85,  180.01, 19.9, 4.03, 4.03, 4.03,  19.94,  -1.09,   0.50, 108.42,  -2.73,  -2.31,   0.22,   0.09,   0.07,   3.60, 4.03, 0.00, 0.00, 0.00, 0.00, 1, 1, 10,  39.7282815, -83.7083521,   362.0, 2026,  3, 28, 20,  3, 51,       16,       34,  63,  62,   1.6,   0.9,   1.4,  0,  0,  0, 38, 21, 34,  0,  0, 35,  0, 21, 20,  0,  0,  0,  0, 31,  0, 24,  0, 19,  0,  0,  0, 27,  0,  0,  0, 37,  0,  0,  0
6, 11026, 15,KE8EXM,     2.11, 3,   boost,    4.90,  97119.00,  356.15,  221.35,  180.06, 19.9, 4.03, 4.03, 4.03,  16.52,  -0.80,  -0.93, 112.45,  -2.36,  -2.86,   0.22,   0.10,   0.07,   3.57, 4.03, 0.00, 0.00, 0.00, 0.00, 1, 1, 10,  39.7282815, -83.7083521,   362.0, 2026,  3, 28, 20,  3, 51,       16,       34,  63,  62,   1.6,   0.9,   1.4,  0,  0,  0, 38, 21, 34,  0,  0, 35,  0, 21, 20,  0,  0,  0,  0, 31,  0, 24,  0, 19,  0,  0,  0, 27,  0,  0,  0, 37,  0,  0,  0
6, 11026, 15,KE8EXM,     2.11, 3,   boost,    4.90,  97119.00,  356.15,  221.35,  180.06, 19.9, 4.03, 4.03, 4.03,  16.52,  -0.80,  -0.93, 112.45,  -2.36,  -2.86,   0.22,   0.10,   0.07,   3.57, 4.03, 0.00, 0.00, 0.00, 0.00, 1, 1, 10,  39.7282815, -83.7083521,   362.0, 2026,  3, 28, 20,  3, 51,       16,       34,  63,  62,   1.6,   0.9,   1.4,  0,  0,  0, 38, 21, 34,  0,  0, 35,  0, 21, 20,  0,  0,  0,  0, 31,  0, 24,  0, 19,  0,  0,  0, 27,  0,  0,  0, 37,  0,  0,  0
6, 11026, 15,KE8EXM,     2.11, 3,   boost,    4.90,  97119.00,  356.15,  221.35,  180.06, 19.9, 4.03, 4.03, 4.03,  16.52,  -0.80,  -0.93, 112.45,  -2.36,  -2.86,   0.22,   0.10,   0.07,   3.57, 4.03, 0.00, 0.00, 0.00, 0.00, 1, 1, 10,  39.7282815, -83.7083521,   362.0, 2026,  3, 28, 20,  3, 51,       16,       34,  63,  62,   1.6,   0.9,   1.4,  0,  0,  0, 38, 21, 34,  0,  0, 35,  0, 21, 20,  0,  0,  0,  0, 31,  0, 24,  0, 19,  0,  0,  0, 27,  0,  0,  0, 37,  0,  0,  0
6, 11026, 15,KE8EXM,     2.12, 3,   boost,   -0.49,  97119.00,  356.15,  221.35,  180.08, 19.9, 4.03, 4.03, 4.03,  13.13,  -0.64,   0.75, 112.82,  -1.75,  -2.80,   0.22,   0.10,   0.06,   3.54, 4.03, 0.00, 0.00, 0.00, 0.00, 1, 1, 10,  39.7284289, -83.7081516,   419.0, 2026,  3, 28, 20,  3, 52,       39,       95,  53,  66,   1.6,   0.9,   1.4,  0,  0,  0, 31, 18, 23,  0,  0, 25,  0, 18, 18,  0,  0,  0,  0, 24,  0, 20,  0, 16,  0,  0,  0, 32,  0,  0,  0, 34,  0,  0,  0
6, 11026, 15,KE8EXM,     2.13, 3,   boost,   -2.45,  97074.00,  360.03,  225.22,  180.07, 19.9, 4.03, 4.03, 4.03,   9.84,   0.00,   1.02, 113.98,  -1.57,  -2.25,   0.22,   0.10,   0.06,   3.51, 4.03, 0.00, 0.00, 0.00, 0.00, 1, 1, 10,  39.7284289, -83.7081516,   419.0, 2026,  3, 28, 20,  3, 52,       39,       95,  53,  66,   1.6,   0.9,   1.4,  0,  0,  0, 31, 18, 23,  0,  0, 25,  0, 18, 18,  0,  0,  0,  0, 24,  0, 20,  0, 16,  0,  0,  0, 32,  0,  0,  0, 34,  0,  0,  0
6, 11026, 15,KE8EXM,     2.14, 3,   boost,   -5.39,  97074.00,  360.03,  225.22,  180.02, 19.9, 4.03, 4.03, 4.03,   5.83,  -0.51,  -2.44, 115.14,  -0.96,  -2.25,   0.22,   0.10,   0.06,   3.50, 4.03, 0.00, 0.00, 0.00, 0.00, 1, 1, 10,  39.7284289, -83.7081516,   419.0, 2026,  3, 28, 20,  3, 52,       39,       95,  53,  66,   1.6,   0.9,   1.4,  0,  0,  0, 31, 18, 23,  0,  0, 25,  0, 18, 18,  0,  0,  0,  0, 24,  0, 20,  0, 16,  0,  0,  0, 32,  0,  0,  0, 34,  0,  0,  0
6, 11026, 15,KE8EXM,     2.15, 3,   boost,  -11.28,  97031.00,  363.74,  228.93,  179.95, 19.9, 4.03, 4.03, 4.03,   2.23,  -0.13,   0.17, 115.99,  -0.96,  -1.51,   0.22,   0.10,   0.05,   3.48, 4.03, 0.00, 0.00, 0.00, 0.00, 1, 1, 10,  39.7284289, -83.7081516,   419.0, 2026,  3, 28, 20,  3, 52,       39,       95,  53,  66,   1.6,   0.9,   1.4,  0,  0,  0, 31, 18, 23,  0,  0, 25,  0, 18, 18,  0,  0,  0,  0, 24,  0, 20,  0, 16,  0,  0,  0, 32,  0,  0,  0, 34,  0,  0,  0
6, 11026, 15,KE8EXM,     2.16, 3,   boost,  -11.77,  97031.00,  363.74,  228.93,  179.85, 19.9, 4.03, 4.03, 4.03,  -0.50,   1.41,  -0.78, 120.57,  -0.23,  -0.90,   0.22,   0.11,   0.05,   3.47, 4.03, 0.00, 0.00, 0.00, 0.00, 1, 1, 10,  39.7284289, -83.7081516,   419.0, 2026,  3, 28, 20,  3, 52,       39,       95,  53,  66,   1.6,   0.9,   1.4,  0,  0,  0, 31, 18, 23,  0,  0, 25,  0, 18, 18,  0,  0,  0,  0, 24,  0, 20,  0, 16,  0,  0,  0, 32,  0,  0,  0, 34,  0,  0,  0
6, 11026, 15,KE8EXM,     2.17, 3,   boost,  -14.71,  96998.00,  366.58,  231.78,  179.74, 19.9, 4.03, 4.03, 4.03,  -3.56,  -0.12,   0.80, 117.82,   0.51,  -0.66,   0.22,   0.11,   0.05,   3.48, 4.03, 0.00, 0.00, 0.00, 0.00, 1, 1, 10,  39.7284289, -83.7081516,   419.0, 2026,  3, 28, 20,  3, 52,       39,       95,  53,  66,   1.6,   0.9,   1.4,  0,  0,  0, 31, 18, 23,  0,  0, 25,  0, 18, 18,  0,  0,  0,  0, 24,  0, 20,  0, 16,  0,  0,  0, 32,  0,  0,  0, 34,  0,  0,  0
6, 11026, 15,KE8EXM,     2.18, 3,   boost,   -9.32,  96998.00,  366.58,  231.78,  179.61, 19.9, 4.03, 4.03, 4.03,  -5.50,  -3.44,   0.12, 121.61,  -4.56,  -2.00,   0.22,   0.11,   0.04,   3.43, 4.03, 0.00, 0.00, 0.00, 0.00, 1, 1, 10,  39.7284289, -83.7081516,   419.0, 2026,  3, 28, 20,  3, 52,       39,       95,  53,  66,   1.6,   0.9,   1.4,  0,  0,  0, 31, 18, 23,  0,  0, 25,  0, 18, 18,  0,  0,  0,  0, 24,  0, 20,  0, 16,  0,  0,  0, 32,  0,  0,  0, 34,  0,  0,  0
6, 11026, 15,KE8EXM,     2.19, 3,   boost,  -16.18,  96971.00,  368.91,  234.10,  179.47, 19.9, 4.03, 4.03, 4.03,  -5.30,   2.67,   3.00, 125.39,  -1.26,  -2.12,   0.22,   0.11,   0.04,   3.40, 4.03, 0.00, 0.00, 0.00, 0.00, 1, 1, 10,  39.7284289, -83.7081516,   419.0, 2026,  3, 28, 20,  3, 52,       39,       95,  53,  66,   1.6,   0.9,   1.4,  0,  0,  0, 31, 18, 23,  0,  0, 25,  0, 18, 18,  0,  0,  0,  0, 24,  0, 20,  0, 16,  0,  0,  0, 32,  0,  0,  0, 34,  0,  0,  0
6, 11026, 15,KE8EXM,     2.20, 3,   boost,  -15.69,  96971.00,  368.91,  234.10,  179.33, 19.9, 4.03, 4.03, 4.03,  -6.26,   0.24,   0.70, 115.81,  -5.17,  -0.48,   0.22,   0.11,   0.04,   3.36, 4.03, 0.00, 0.00, 0.00, 0.00, 1, 1, 10,  39.7284289, -83.7081516,   419.0, 2026,  3, 28, 20,  3, 52,       39,       95,  53,  66,   1.6,   0.9,   1.4,  0,  0,  0, 31, 18, 23,  0,  0, 25,  0, 18, 18,  0,  0,  0,  0, 24,  0, 20,  0, 16,  0,  0,  0, 32,  0,  0,  0, 34,  0,  0,  0
6, 11026, 15,KE8EXM,     2.21, 3,   boost,  -16.18,  96925.00,  372.88,  238.07,  179.17, 19.9, 4.03, 4.03, 4.03,  -5.61,  -0.52,  -0.24, 125.33,  -7.43,   0.81,   0.22,   0.11,   0.04,   3.30, 4.03, 0.00, 0.00, 0.00, 0.00, 1, 1, 10,  39.7284289, -83.7081516,   419.0, 2026,  3, 28, 20,  3, 52,       39,       95,  53,  66,   1.6,   0.9,   1.4,  0,  0,  0, 31, 18, 23,  0,  0, 25,  0, 18, 18,  0,  0,  0,  0, 24,  0, 20,  0, 16,  0,  0,  0, 32,  0,  0,  0, 34,  0,  0,  0
6, 11026, 15,KE8EXM,     2.22, 3,   boost,  -17.65,  96925.00,  372.88,  238.07,  179.01, 19.9, 4.03, 4.03, 4.03,  -6.93,   0.37,  -0.23, 128.44,  -7.61,   0.38,   0.21,   0.11,   0.03,   3.24, 4.03, 0.00, 0.00, 0.00, 0.00, 1, 1, 10,  39.7284289, -83.7081516,   419.0, 2026,  3, 28, 20,  3, 52,       39,       95,  53,  66,   1.6,   0.9,   1.4,  0,  0,  0, 31, 18, 23,  0,  0, 25,  0, 18, 18,  0,  0,  0,  0, 24,  0, 20,  0, 16,  0,  0,  0, 32,  0,  0,  0, 34,  0,  0,  0
6, 11026, 15,KE8EXM,     2.23, 3,   boost,  -14.71,  96897.00,  375.30,  240.49,  178.85, 19.9, 4.03, 4.03, 4.03,  -6.81,   0.06,  -0.79, 123.99,   0.99,   1.90,   0.21,   0.11,   0.03,   3.26, 4.03, 0.00, 0.00, 0.00, 0.00, 1, 1, 10,  39.7284289, -83.7081516,   419.0, 2026,  3, 28, 20,  3, 52,       39,       95,  53,  66,   1.6,   0.9,   1.4,  0,  0,  0, 31, 18, 23,  0,  0, 25,  0, 18, 18,  0,  0,  0,  0, 24,  0, 20,  0, 16,  0,  0,  0, 32,  0,  0,  0, 34,  0,  0,  0
6, 11026, 15,KE8EXM,     2.24, 3,   boost,  -16.18,  96897.00,  375.30,  240.49,  178.68, 19.9, 4.03, 4.03, 4.03,  -6.19,   0.45,  -5.06, 131.62,  -7.31,   2.39,   0.21,   0.11,   0.03,   3.22, 4.03, 0.00, 0.00, 0.00, 0.00, 1, 1, 10,  39.7284289, -83.7081516,   419.0, 2026,  3, 28, 20,  3, 52,       39,       95,  53,  66,   1.6,   0.9,   1.4,  0,  0,  0, 31, 18, 23,  0,  0, 25,  0, 18, 18,  0,  0,  0,  0, 24,  0, 20,  0, 16,  0,  0,  0, 32,  0,  0,  0, 34,  0,  0,  0
6, 11026, 15,KE8EXM,     2.25, 3,   boost,  -18.63,  96871.00,  377.54,  242.73,  178.51, 19.9, 4.03, 4.03, 4.03,  -6.65,  -0.48,   1.77, 124.11,   0.87,   4.47,   0.21,   0.11,   0.02,   3.26, 4.03, 0.00, 0.00, 0.00, 0.00, 1, 1, 10,  39.7284289, -83.7081516,   419.0, 2026,  3, 28, 20,  3, 52,       39,       95,  53,  66,   1.6,   0.9,   1.4,  0,  0,  0, 31, 18, 23,  0,  0, 25,  0, 18, 18,  0,  0,  0,  0, 24,  0, 20,  0, 16,  0,  0,  0, 32,  0,  0,  0, 34,  0,  0,  0
6, 11026, 15,KE8EXM,     2.26, 3,   boost,  -17.65,  96871.00,  377.54,  242.73,  178.34, 19.9, 4.04, 4.01, 4.03,  -6.67,   0.18,  -0.68, 131.80,  -0.84,   3.55,   0.21,   0.11,   0.02,   3.28, 4.04, 0.00, 0.00, 0.00, 0.00, 1, 1, 10,  39.7284289, -83.7081516,   419.0, 2026,  3, 28, 20,  3, 52,       39,       95,  53,  66,   1.6,   0.9,   1.4,  0,  0,  0, 31, 18, 23,  0,  0, 25,  0, 18, 18,  0,  0,  0,  0, 24,  0, 20,  0, 16,  0,  0,  0, 32,  0,  0,  0, 34,  0,  0,  0
6, 11026, 15,KE8EXM,     2.26, 3,   boost,  -17.65,  96871.00,  377.54,  242.73,  178.34, 19.9, 4.04, 4.01, 4.03,  -6.67,   0.18,  -0.68, 131.80,  -0.84,   3.55,   0.21,   0.11,   0.02,   3.28, 4.04, 0.00, 0.00, 0.00, 0.00, 1, 1, 10,  39.7284289, -83.7081516,   419.0, 2026,  3, 28, 20,  3, 52,       39,       95,  53,  66,   1.6,   0.9,   1.4,  0,  0,  0, 31, 18, 23,  0,  0, 25,  0, 18, 18,  0,  0,  0,  0, 24,  0, 20,  0, 16,  0,  0,  0, 32,  0,  0,  0, 34,  0,  0,  0
6, 11026, 15,KE8EXM,     2.27, 3,   boost,  -19.12,  96832.00,  380.91,  246.10,  178.17, 19.9, 4.04, 4.01, 4.03,  -6.89,  -0.93,   1.82, 130.94,  -2.12,   3.86,   0.21,   0.11,   0.02,   3.29, 4.04, 0.00, 0.00, 0.00, 0.00, 1, 1, 10,  39.7284289, -83.7081516,   419.0, 2026,  3, 28, 20,  3, 52,       39,       95,  53,  66,   1.6,   0.9,   1.4,  0,  0,  0, 31, 18, 23,  0,  0, 25,  0, 18, 18,  0,  0,  0,  0, 24,  0, 20,  0, 16,  0,  0,  0, 32,  0,  0,  0, 34,  0,  0,  0
6, 11026, 15,KE8EXM,     2.28, 3,   boost,  -16.18,  96832.00,  380.91,  246.10,  178.00, 19.9, 4.04, 4.01, 4.03,  -7.36,  -0.26,   0.50, 132.77,   0.87,   2.39,   0.21,   0.11,   0.01,   3.32, 4.04, 0.00, 0.00, 0.00, 0.00, 1, 1, 10,  39.7284289, -83.7081516,   419.0, 2026,  3, 28, 20,  3, 52,       39,       95,  53,  66,   1.6,   0.9,   1.4,  0,  0,  0, 31, 18, 23,  0,  0, 25,  0, 18, 18,  0,  0,  0,  0, 24,  0, 20,  0, 16,  0,  0,  0, 32,  0,  0,  0, 34,  0,  0,  0
6, 11026, 15,KE8EXM,     2.29, 3,   boost,  -15.20,  96792.00,  384.36,  249.56,  177.83, 19.9, 4.04, 4.01, 4.03,  -5.84,   0.66,  -0.16, 131.25,  -0.35,   2.88,   0.21,   0.11,   0.01,   3.34, 4.04, 0.00, 0.00, 0.00, 0.00, 1, 1, 10,  39.7284289, -83.7081516,   419.0, 2026,  3, 28, 20,  3, 52,       39,       95,  53,  66,   1.6,   0.9,   1.4,  0,  0,  0, 31, 18, 23,  0,  0, 25,  0, 18, 18,  0,  0,  0,  0, 24,  0, 20,  0, 16,  0,  0,  0, 32,  0,  0,  0, 34,  0,  0,  0
6, 11026, 15,KE8EXM,     2.30, 3,   boost,  -16.18,  96792.00,  384.36,  249.56,  177.68, 19.9, 4.04, 4.01, 4.03,  -6.55,  -0.10,   0.29, 132.65,   0.51,   3.31,   0.21,   0.12,   0.00,   3.36, 4.04, 0.00, 0.00, 0.00, 0.00, 1, 1, 10,  39.7284289, -83.7081516,   419.0, 2026,  3, 28, 20,  3, 52,       39,       95,  53,  66,   1.6,   0.9,   1.4,  0,  0,  0, 31, 18, 23,  0,  0, 25,  0, 18, 18,  0,  0,  0,  0, 24,  0, 20,  0, 16,  0,  0,  0, 32,  0,  0,  0, 34,  0,  0,  0
6, 11026, 15,KE8EXM,     2.31, 3,   boost,  -11.28,  96726.00,  390.06,  255.26,  177.52, 19.9, 4.04, 4.01, 4.03,  -6.44,   1.57,   0.35, 136.25,   1.54,   5.20,   0.21,   0.12,  -0.00,   3.42, 4.04, 0.00, 0.00, 0.00, 0.00, 1, 1, 10,  39.7284289, -83.7081516,   419.0, 2026,  3, 28, 20,  3, 52,       39,       95,  53,  66,   1.6,   0.9,   1.4,  0,  0,  0, 31, 18, 23,  0,  0, 25,  0, 18, 18,  0,  0,  0,  0, 24,  0, 20,  0, 16,  0,  0,  0, 32,  0,  0,  0, 34,  0,  0,  0
6, 11026, 15,KE8EXM,     2.32, 5,   coast,  -18.14,  96726.00,  390.06,  255.26,  177.37, 19.9, 4.04, 4.01, 4.03,  -5.17,   2.44,   0.69, 138.45,   1.54,  11.30,   0.21,   0.12,  -0.00,   3.52, 4.04, 0.00, 0.00, 0.00, 0.00, 1, 1, 10,  39.7284289, -83.7081516,   419.0, 2026,  3, 28, 20,  3, 52,       39,       95,  53,  66,   1.6,   0.9,   1.4,  0,  0,  0, 31, 18, 23,  0,  0, 25,  0, 18, 18,  0,  0,  0,  0, 24,  0, 20,  0, 16,  0,  0,  0, 32,  0,  0,  0, 34,  0,  0,  0
6, 11026, 15,KE8EXM,     2.32, 5,   coast,  -18.14,  96726.00,  390.06,  255.26,  177.37, 19.9, 4.04, 4.01, 4.03,  -5.17,   2.44,   0.69, 138.45,   1.54,  11.30,   0.21,   0.12,  -0.00,   3.52, 4.04, 0.00, 0.00, 0.00, 0.00, 1, 1, 10,  39.7284289, -83.7081516,   419.0, 2026,  3, 28, 20,  3, 52,       39,       95,  53,  66,   1.6,   0.9,   1.4,  0,  0,  0, 31, 18, 23,  0,  0, 25,  0, 18, 18,  0,  0,  0,  0, 24,  0, 20,  0, 16,  0,  0,  0, 32,  0,  0,  0, 34,  0,  0,  0
6, 11026, 15,KE8EXM,     2.33, 5,   coast,  -16.67,  96715.00,  391.02,  256.21,  177.21, 19.9, 4.04, 4.01, 4.03,  -7.65, -12.81,  -0.03, 127.59,   6.49,   9.96,   0.21,   0.11,  -0.01,   3.64, 4.04, 0.00, 0.00, 0.00, 0.00, 1, 1, 10,  39.7284289, -83.7081516,   419.0, 2026,  3, 28, 20,  3, 52,       39,       95,  53,  66,   1.6,   0.9,   1.4,  0,  0,  0, 31, 18, 23,  0,  0, 25,  0, 18, 18,  0,  0,  0,  0, 24,  0, 20,  0, 16,  0,  0,  0, 32,  0,  0,  0, 34,  0,  0,  0
6, 11026, 15,KE8EXM,     2.34, 5,   coast,  -14.71,  96715.00,  391.02,  256.21,  177.05, 19.9, 4.04, 4.01, 4.03,  -5.88,  -5.39,  -2.37, 150.17,  -0.35,   5.93,   0.21,   0.11,  -0.02,   3.68, 4.04, 0.00, 0.00, 0.00, 0.00, 1, 1, 10,  39.7284289, -83.7081516,   419.0, 2026,  3, 28, 20,  3, 52,       39,       95,  53,  66,   1.6,   0.9,   1.4,  0,  0,  0, 31, 18, 23,  0,  0, 25,  0, 18, 18,  0,  0,  0,  0, 24,  0, 20,  0, 16,  0,  0,  0, 32,  0,  0,  0, 34,  0,  0,  0
6, 11026, 15,KE8EXM,     2.35, 5,   coast,  -17.65,  96647.00,  396.90,  262.09,  176.89, 19.9, 4.04, 4.01, 4.03,  -6.32,   6.64,   0.71, 141.62,  -4.74,  14.42,   0.22,   0.11,  -0.02,   3.79, 4.04, 0.00, 0.00, 0.00, 0.00, 1, 1, 10,  39.7284289, -83.7081516,   419.0, 2026,  3, 28, 20,  3, 52,       39,       95,  53,  66,   1.6,   0.9,   1.4,  0,  0,  0, 31, 18, 23,  0,  0, 25,  0, 18, 18,  0,  0,  0,  0, 24,  0, 20,  0, 16,  0,  0,  0, 32,  0,  0,  0, 34,  0,  0,  0
6, 11026, 15,KE8EXM,     2.36, 5,   coast,  -13.73,  96647.00,  396.90,  262.09,  176.73, 19.9, 4.04, 4.01, 4.03,  -7.72, -10.63,  -3.79, 139.61,  -1.26,  14.05,   0.21,   0.11,  -0.02,   3.91, 4.04, 0.00, 0.00, 0.00, 0.00, 1, 1, 10,  39.7284289, -83.7081516,   419.0, 2026,  3, 28, 20,  3, 52,       39,       95,  53,  66,   1.6,   0.9,   1.4,  0,  0,  0, 31, 18, 23,  0,  0, 25,  0, 18, 18,  0,  0,  0,  0, 24,  0, 20,  0, 16,  0,  0,  0, 32,  0,  0,  0, 34,  0,  0,  0
6, 11026, 15,KE8EXM,     2.37, 5,   coast,  -17.16,  96562.00,  404.25,  269.44,  176.57, 19.9, 4.04, 4.01, 4.03,  -6.03,   8.20,   1.37, 144.13,  -5.54,  10.82,   0.21,   0.11,  -0.03,   3.99, 4.04, 0.00, 0.00, 0.00, 0.00, 1, 1, 10,  39.7284289, -83.7081516,   419.0, 2026,  3, 28, 20,  3, 52,       39,       95,  53,  66,   1.6,   0.9,   1.4,  0,  0,  0, 31, 18, 23,  0,  0, 25,  0, 18, 18,  0,  0,  0,  0, 24,  0, 20,  0, 16,  0,  0,  0, 32,  0,  0,  0, 34,  0,  0,  0
6, 11026, 15,KE8EXM,     2.38, 5,   coast,  -16.67,  96562.00,  404.25,  269.44,  176.41, 19.9, 4.04, 4.01, 4.03,  -8.05,  -6.13,  -4.15, 141.44,  -1.45,  14.23,   0.22,   0.11,  -0.03,   4.11, 4.04, 0.00, 0.00, 0.00, 0.00, 1, 1, 10,  39.7284289, -83.7081516,   419.0, 2026,  3, 28, 20,  3, 52,       39,       95,  53,  66,   1.6,   0.9,   1.4,  0,  0,  0, 31, 18, 23,  0,  0, 25,  0, 18, 18,  0,  0,  0,  0, 24,  0, 20,  0, 16,  0,  0,  0, 32,  0,  0,  0, 34,  0,  0,  0
6, 11026, 15,KE8EXM,     2.39, 5,   coast,  -16.18,  96513.00,  408.49,  273.69,  176.24, 19.9, 4.04, 4.01, 4.03,  -6.67,  -4.10,   2.50, 142.11,  -1.33,  12.40,   0.22,   0.10,  -0.03,   4.23, 4.04, 0.00, 0.00, 0.00, 0.00, 1, 1, 10,  39.7284289, -83.7081516,   419.0, 2026,  3, 28, 20,  3, 52,       39,       95,  53,  66,   1.6,   0.9,   1.4,  0,  0,  0, 31, 18, 23,  0,  0, 25,  0, 18, 18,  0,  0,  0,  0, 24,  0, 20,  0, 16,  0,  0,  0, 32,  0,  0,  0, 34,  0,  0,  0
6, 11026, 15,KE8EXM,     2.40, 5,   coast,  -16.18,  96513.00,  408.49,  273.69,  176.08, 19.9, 4.04, 4.01, 4.03,  -6.49, -10.37,  -4.25, 148.22,  -5.05,  12.83,   0.22,   0.10,  -0.04,   4.33, 4.04, 0.00, 0.00, 0.00, 0.00, 1, 1, 10,  39.7284289, -83.7081516,   419.0, 2026,  3, 28, 20,  3, 52,       39,       95,  53,  66,   1.6,   0.9,   1.4,  0,  0,  0, 31, 18, 23,  0,  0, 25,  0, 18, 18,  0,  0,  0,  0, 24,  0, 20,  0, 16,  0,  0,  0, 32,  0,  0,  0, 34,  0,  0,  0
6, 11026, 15,KE8EXM,     2.41, 5,   coast,  -16.67,  96482.00,  411.18,  276.37,  175.91, 19.9, 4.04, 4.01, 4.03,  -6.34,  -3.10,  -2.55, 151.45,  -7.06,  12.71,   0.22,   0.10,  -0.04,   4.44, 4.04, 0.00, 0.00, 0.00, 0.00, 1, 1, 10,  39.7284289, -83.7081516,   419.0, 2026,  3, 28, 20,  3, 52,       39,       95,  53,  66,   1.6,   0.9,   1.4,  0,  0,  0, 31, 18, 23,  0,  0, 25,  0, 18, 18,  0,  0,  0,  0, 24,  0, 20,  0, 16,  0,  0,  0, 32,  0,  0,  0, 34,  0,  0,  0
6, 11026, 15,KE8EXM,     2.42, 5,   coast,  -18.14,  96482.00,  411.18,  276.37,  175.74, 19.9, 4.04, 4.01, 4.03,  -6.89,  -4.80,  -0.74, 150.90,  -2.67,  13.81,   0.22,   0.10,  -0.04,   4.57, 4.04, 0.00, 0.00, 0.00, 0.00, 1, 1, 10,  39.7284289, -83.7081516,   419.0, 2026,  3, 28, 20,  3, 52,       39,       95,  53,  66,   1.6,   0.9,   1.4,  0,  0,  0, 31, 18, 23,  0,  0, 25,  0, 18, 18,  0,  0,  0,  0, 24,  0, 20,  0, 16,  0,  0,  0, 32,  0,  0,  0, 34,  0,  0,  0
6, 11026, 15,KE8EXM,     2.43, 5,   coast,  -17.65,  96416.00,  416.89,  282.09,  175.57, 19.9, 4.04, 4.01, 4.03,  -7.18,  -5.05,  -4.83, 154.56,  -2.67,  11.00,   0.22,   0.10,  -0.04,   4.68, 4.04, 0.00, 0.00, 0.00, 0.00, 1, 1, 10,  39.7284289, -83.7081516,   419.0, 2026,  3, 28, 20,  3, 52,       39,       95,  53,  66,   1.6,   0.9,   1.4,  0,  0,  0, 31, 18, 23,  0,  0, 25,  0, 18, 18,  0,  0,  0,  0, 24,  0, 20,  0, 16,  0,  0,  0, 32,  0,  0,  0, 34,  0,  0,  0
6, 11026, 15,KE8EXM,     2.44, 5,   coast,  -16.18,  96416.00,  416.89,  282.09,  175.41, 19.9, 4.04, 4.01, 4.03,  -6.44,  -6.73,  -0.01, 156.58,  -1.26,  11.37,   0.22,   0.10,  -0.05,   4.79, 4.04, 0.00, 0.00, 0.00, 0.00, 1, 1, 10,  39.7284289, -83.7081516,   419.0, 2026,  3, 28, 20,  3, 52,       39,       95,  53,  66,   1.6,   0.9,   1.4,  0,  0,  0, 31, 18, 23,  0,  0, 25,  0, 18, 18,  0,  0,  0,  0, 24,  0, 20,  0, 16,  0,  0,  0, 32,  0,  0,  0, 34,  0,  0,  0
6, 11026, 15,KE8EXM,     2.45, 5,   coast,  -15.69,  96372.00,  420.71,  285.90,  175.24, 19.9, 4.04, 4.01, 4.03,  -7.40,  -9.00,  -5.89, 158.47,  -4.19,  11.06,   0.22,   0.09,  -0.06,   4.89, 4.04, 0.00, 0.00, 0.00, 0.00, 1, 1, 10,  39.7284289, -83.7081516,   419.0, 2026,  3, 28, 20,  3, 52,       39,       95,  53,  66,   1.6,   0.9,   1.4,  0,  0,  0, 31, 18, 23,  0,  0, 25,  0, 18, 18,  0,  0,  0,  0, 24,  0, 20,  0, 16,  0,  0,  0, 32,  0,  0,  0, 34,  0,  0,  0
6, 11026, 15,KE8EXM,     2.46, 5,   coast,  -15.69,  96372.00,  420.71,  285.90,  175.08, 19.9, 4.04, 4.01, 4.03,  -6.52,  -6.52,   0.08, 155.48,  -0.04,  10.57,   0.22,   0.09,  -0.06,   5.00, 4.04, 0.00, 0.00, 0.00, 0.00, 1, 1, 10,  39.7284289, -83.7081516,   419.0, 2026,  3, 28, 20,  3, 52,       39,       95,  53,  66,   1.6,   0.9,   1.4,  0,  0,  0, 31, 18, 23,  0,  0, 25,  0, 18, 18,  0,  0,  0,  0, 24,  0, 20,  0, 16,  0,  0,  0, 32,  0,  0,  0, 34,  0,  0,  0
6, 11026, 15,KE8EXM,     2.47, 5,   coast,  -15.69,  96327.00,  424.61,  289.80,  174.92, 19.9, 4.04, 4.01, 4.03,  -7.16,  -6.58,  -3.74, 162.99,  -3.46,   9.41,   0.22,   0.09,  -0.06,   5.09, 4.04, 0.00, 0.00, 0.00, 0.00, 1, 1, 10,  39.7284289, -83.7081516,   419.0, 2026,  3, 28, 20,  3, 52,       39,       95,  53,  66,   1.6,   0.9,   1.4,  0,  0,  0, 31, 18, 23,  0,  0, 25,  0, 18, 18,  0,  0,  0,  0, 24,  0, 20,  0, 16,  0,  0,  0, 32,  0,  0,  0, 34,  0,  0,  0
6, 11026, 15,KE8EXM,     2.48, 5,   coast,  -17.16,  96327.00,  424.61,  289.80,  174.75, 19.9, 4.04, 4.01, 4.03,  -6.34,  -7.28,  -0.01, 159.26,  -0.23,   8.25,   0.22,   0.09,  -0.07,   5.18, 4.04, 0.00, 0.00, 0.00, 0.00, 1, 1, 10,  39.7284289, -83.7081516,   419.0, 2026,  3, 28, 20,  3, 52,       39,       95,  53,  66,   1.6,   0.9,   1.4,  0,  0,  0, 31, 18, 23,  0,  0, 25,  0, 18, 18,  0,  0,  0,  0, 24,  0, 20,  0, 16,  0,  0,  0, 32,  0,  0,  0, 34,  0,  0,  0
6, 11026, 15,KE8EXM,     2.49, 5,   coast,  -17.16,  96267.00,  429.81,  295.01,  174.58, 19.9, 4.04, 4.01, 4.03,  -6.95,  -7.06,  -5.33, 165.55,  -2.73,   7.89,   0.22,   0.08,  -0.07,   5.26, 4.04, 0.00, 0.00, 0.00, 0.00, 1, 1, 10,  39.7284289, -83.7081516,   419.0, 2026,  3, 28, 20,  3, 52,       39,       95,  53,  66,   1.6,   0.9,   1.4,  0,  0,  0, 31, 18, 23,  0,  0, 25,  0, 18, 18,  0,  0,  0,  0, 24,  0, 20,  0, 16,  0,  0,  0, 32,  0,  0,  0, 34,  0,  0,  0
6, 11026, 15,KE8EXM,     2.50, 5,   coast,  -18.14,  96267.00,  429.81,  295.01,  174.41, 19.9, 4.04, 4.01, 4.03,  -6.65,  -7.13,  -2.75, 163.96,   0.32,   7.70,   0.22,   0.08,  -0.08,   5.33, 4.04, 0.00, 0.00, 0.00, 0.00, 1, 1, 10,  39.7284289, -83.7081516,   419.0, 2026,  3, 28, 20,  3, 52,       39,       95,  53,  66,   1.6,   0.9,   1.4,  0,  0,  0, 31, 18, 23,  0,  0, 25,  0, 18, 18,  0,  0,  0,  0, 24,  0, 20,  0, 16,  0,  0,  0, 32,  0,  0,  0, 34,  0,  0,  0
6, 11026, 15,KE8EXM,     2.51, 5,   coast,  -18.63,  96215.00,  434.33,  299.52,  174.23, 19.9, 4.04, 4.01, 4.03,  -6.95,  -5.96,  -4.83, 168.11,   0.02,   5.87,   0.22,   0.08,  -0.08,   5.39, 4.04, 0.00, 0.00, 0.00, 0.00, 1, 1, 10,  39.7284289, -83.7081516,   419.0, 2026,  3, 28, 20,  3, 52,       39,       95,  53,  66,   1.6,   0.9,   1.4,  0,  0,  0, 31, 18, 23,  0,  0, 25,  0, 18, 18,  0,  0,  0,  0, 24,  0, 20,  0, 16,  0,  0,  0, 32,  0,  0,  0, 34,  0,  0,  0
6, 11026, 15,KE8EXM,     2.52, 5,   coast,  -18.14,  96215.00,  434.33,  299.52,  174.05, 19.9, 4.04, 4.01, 4.03,  -6.72,  -6.88,  -3.03, 168.85,   3.62,   5.38,   0.22,   0.08,  -0.09,   5.44, 4.04, 0.00, 0.00, 0.00, 0.00, 1, 1, 10,  39.7284289, -83.7081516,   419.0, 2026,  3, 28, 20,  3, 52,       39,       95,  53,  66,   1.6,   0.9,   1.4,  0,  0,  0, 31, 18, 23,  0,  0, 25,  0, 18, 18,  0,  0,  0,  0, 24,  0, 20,  0, 16,  0,  0,  0, 32,  0,  0,  0, 34,  0,  0,  0
6, 11026, 15,KE8EXM,     2.53, 5,   coast,  -17.16,  96161.00,  439.02,  304.21,  173.88, 19.9, 4.04, 4.01, 4.03,  -7.16,  -7.70,  -6.66, 169.82,   3.07,   4.71,   0.22,   0.08,  -0.09,   5.48, 4.04, 0.00, 0.00, 0.00, 0.00, 1, 1, 10,  39.7284289, -83.7081516,   419.0, 2026,  3, 28, 20,  3, 52,       39,       95,  53,  66,   1.6,   0.9,   1.4,  0,  0,  0, 31, 18, 23,  0,  0, 25,  0, 18, 18,  0,  0,  0,  0, 24,  0, 20,  0, 16,  0,  0,  0, 32,  0,  0,  0, 34,  0,  0,  0
6, 11026, 15,KE8EXM,     2.54, 5,   coast,  -17.16,  96161.00,  439.02,  304.21,  173.70, 19.9, 4.04, 4.01, 4.03,  -6.80,  -6.92,  -3.76, 169.09,   5.27,   4.59,   0.22,   0.08,  -0.09,   5.52, 4.04, 0.00, 0.00, 0.00, 0.00, 1, 1, 10,  39.7284289, -83.7081516,   419.0, 2026,  3, 28, 20,  3, 52,       39,       95,  53,  66,   1.6,   0.9,   1.4,  0,  0,  0, 31, 18, 23,  0,  0, 25,  0, 18, 18,  0,  0,  0,  0, 24,  0, 20,  0, 16,  0,  0,  0, 32,  0,  0,  0, 34,  0,  0,  0
6, 11026, 15,KE8EXM,     2.55, 5,   coast,  -17.16,  96106.00,  443.79,  308.99,  173.53, 19.9, 4.04, 4.01, 4.03,  -7.24,  -7.25,  -5.59, 172.26,   6.00,   3.86,   0.22,   0.07,  -0.10,   5.55, 4.04, 0.00, 0.00, 0.00, 0.00, 1, 1, 10,  39.7284289, -83.7081516,   419.0, 2026,  3, 28, 20,  3, 52,       39,       95,  53,  66,   1.6,   0.9,   1.4,  0,  0,  0, 31, 18, 23,  0,  0, 25,  0, 18, 18,  0,  0,  0,  0, 24,  0, 20,  0, 16,  0,  0,  0, 32,  0,  0,  0, 34,  0,  0,  0
6, 11026, 15,KE8EXM,     2.56, 5,   coast,  -17.16,  96106.00,  443.79,  308.99,  173.35, 19.9, 4.04, 4.01, 4.03,  -7.02,  -7.01,  -5.19, 169.15,   7.04,   3.25,   0.22,   0.07,  -0.10,   5.56, 4.04, 0.00, 0.00, 0.00, 0.00, 1, 1, 10,  39.7284289, -83.7081516,   419.0, 2026,  3, 28, 20,  3, 52,       39,       95,  53,  66,   1.6,   0.9,   1.4,  0,  0,  0, 31, 18, 23,  0,  0, 25,  0, 18, 18,  0,  0,  0,  0, 24,  0, 20,  0, 16,  0,  0,  0, 32,  0,  0,  0, 34,  0,  0,  0
6, 11026, 15,KE8EXM,     2.57, 5,   coast,  -18.14,  96065.00,  447.36,  312.55,  173.18, 19.9, 4.04, 4.01, 4.03,  -7.06,  -6.77,  -3.82, 170.31,   6.97,   2.88,   0.22,   0.06,  -0.11,   5.58, 4.04, 0.00, 0.00, 0.00, 0.00, 1, 1, 10,  39.7284289, -83.7081516,   419.0, 2026,  3, 28, 20,  3, 52,       39,       95,  53,  66,   1.6,   0.9,   1.4,  0,  0,  0, 31, 18, 23,  0,  0, 25,  0, 18, 18,  0,  0,  0,  0, 24,  0, 20,  0, 16,  0,  0,  0, 32,  0,  0,  0, 34,  0,  0,  0
6, 11026, 15,KE8EXM,     2.58, 5,   coast,  -16.67,  96065.00,  447.36,  312.55,  173.01, 19.9, 3.98, 3.99, 3.98,  -7.00,  -7.15,  -3.29, 173.42,   8.32,   2.70,   0.22,   0.06,  -0.11,   5.58, 4.00, 0.00, 0.00, 0.02, 0.00, 1, 1, 10,  39.7284289, -83.7081516,   419.0, 2026,  3, 28, 20,  3, 52,       39,       95,  53,  66,   1.6,   0.9,   1.4,  0,  0,  0, 31, 18, 23,  0,  0, 25,  0, 18, 18,  0,  0,  0,  0, 24,  0, 20,  0, 16,  0,  0,  0, 32,  0,  0,  0, 34,  0,  0,  0
6, 11026, 15,KE8EXM,     2.58, 5,   coast,  -16.67,  96065.00,  447.36,  312.55,  173.01, 19.9, 3.98, 3.99, 3.98,  -7.00,  -7.15,  -3.29, 173.42,   8.32,   2.70,   0.22,   0.06,  -0.11,   5.58, 4.00, 0.00, 0.00, 0.02, 0.00, 1, 1, 10,  39.7284289, -83.7081516,   419.0, 2026,  3, 28, 20,  3, 52,       39,       95,  53,  66,   1.6,   0.9,   1.4,  0,  0,  0, 31, 18, 23,  0,  0, 25,  0, 18, 18,  0,  0,  0,  0, 24,  0, 20,  0, 16,  0,  0,  0, 32,  0,  0,  0, 34,  0,  0,  0
6, 11026, 15,KE8EXM,     2.59, 5,   coast,  -18.14,  96008.00,  452.31,  317.50,  172.84, 19.9, 3.98, 3.99, 3.98,  -7.06,  -6.03,  -4.21, 174.64,  10.21,   2.88,   0.22,   0.06,  -0.12,   5.59, 4.00, 0.00, 0.00, 0.02, 0.00, 1, 1, 10,  39.7284289, -83.7081516,   419.0, 2026,  3, 28, 20,  3, 52,       39,       95,  53,  66,   1.6,   0.9,   1.4,  0,  0,  0, 31, 18, 23,  0,  0, 25,  0, 18, 18,  0,  0,  0,  0, 24,  0, 20,  0, 16,  0,  0,  0, 32,  0,  0,  0, 34,  0,  0,  0
6, 11026, 15,KE8EXM,     2.60, 5,   coast,  -15.69,  96008.00,  452.31,  317.50,  172.67, 19.9, 3.98, 3.99, 3.98,  -7.08,  -6.42,  -4.46, 175.87,  10.21,   2.15,   0.22,   0.05,  -0.12,   5.58, 4.00, 0.00, 0.00, 0.02, 0.00, 1, 1, 10,  39.7284289, -83.7081516,   419.0, 2026,  3, 28, 20,  3, 52,       39,       95,  53,  66,   1.6,   0.9,   1.4,  0,  0,  0, 31, 18, 23,  0,  0, 25,  0, 18, 18,  0,  0,  0,  0, 24,  0, 20,  0, 16,  0,  0,  0, 32,  0,  0,  0, 34,  0,  0,  0
6, 11026, 15,KE8EXM,     2.61, 5,   coast,  -15.20,  95969.00,  455.70,  320.90,  172.51, 19.9, 3.98, 3.99, 3.98,  -6.57,  -6.32,  -1.74, 176.23,  11.86,   1.48,   0.22,   0.05,  -0.13,   5.56, 4.00, 0.00, 0.00, 0.02, 0.00, 1, 1, 10,  39.7284289, -83.7081516,   419.0, 2026,  3, 28, 20,  3, 52,       39,       95,  53,  66,   1.6,   0.9,   1.4,  0,  0,  0, 31, 18, 23,  0,  0, 25,  0, 18, 18,  0,  0,  0,  0, 24,  0, 20,  0, 16,  0,  0,  0, 32,  0,  0,  0, 34,  0,  0,  0
6, 11026, 15,KE8EXM,     2.62, 5,   coast,  -16.18,  95969.00,  455.70,  320.90,  172.35, 19.9, 3.98, 3.99, 3.98,  -6.91,  -7.36,  -2.77, 179.95,  11.67,   1.78,   0.22,   0.05,  -0.13,   5.55, 4.00, 0.00, 0.00, 0.02, 0.00, 1, 1, 10,  39.7284289, -83.7081516,   419.0, 2026,  3, 28, 20,  3, 52,       39,       95,  53,  66,   1.6,   0.9,   1.4,  0,  0,  0, 31, 18, 23,  0,  0, 25,  0, 18, 18,  0,  0,  0,  0, 24,  0, 20,  0, 16,  0,  0,  0, 32,  0,  0,  0, 34,  0,  0,  0
6, 11026, 15,KE8EXM,     2.63, 5,   coast,  -17.16,  95942.00,  458.05,  323.25,  172.18, 19.9, 3.98, 3.99, 3.98,  -6.85,  -6.58,  -3.15, 182.34,  12.41,   1.72,   0.22,   0.04,  -0.13,   5.53, 4.00, 0.00, 0.00, 0.02, 0.00, 1, 1, 10,  39.7284289, -83.7081516,   419.0, 2026,  3, 28, 20,  3, 52,       39,       95,  53,  66,   1.6,   0.9,   1.4,  0,  0,  0, 31, 18, 23,  0,  0, 25,  0, 18, 18,  0,  0,  0,  0, 24,  0, 20,  0, 16,  0,  0,  0, 32,  0,  0,  0, 34,  0,  0,  0
6, 11026, 15,KE8EXM,     2.64, 5,   coast,  -16.18,  95942.00,  458.05,  323.25,  172.02, 19.9, 3.98, 3.99, 3.98,  -6.85,  -6.03,  -2.64, 183.68,  11.86,   1.54,   0.22,   0.04,  -0.13,   5.51, 4.00, 0.00, 0.00, 0.02, 0.00, 1, 1, 10,  39.7284289, -83.7081516,   419.0, 2026,  3, 28, 20,  3, 52,       39,       95,  53,  66,   1.6,   0.9,   1.4,  0,  0,  0, 31, 18, 23,  0,  0, 25,  0, 18, 18,  0,  0,  0,  0, 24,  0, 20,  0, 16,  0,  0,  0, 32,  0,  0,  0, 34,  0,  0,  0
6, 11026, 15,KE8EXM,     2.65, 5,   coast,  -17.16,  95897.00,  461.97,  327.16,  171.85, 19.9, 3.98, 3.99, 3.98,  -6.94,  -6.15,  -2.67, 183.37,  12.04,   1.48,   0.21,   0.04,  -0.14,   5.49, 4.00, 0.00, 0.00, 0.02, 0.00, 1, 1, 10,  39.7284289, -83.7081516,   419.0, 2026,  3, 28, 20,  3, 52,       39,       95,  53,  66,   1.6,   0.9,   1.4,  0,  0,  0, 31, 18, 23,  0,  0, 25,  0, 18, 18,  0,  0,  0,  0, 24,  0, 20,  0, 16,  0,  0,  0, 32,  0,  0,  0, 34,  0,  0,  0
6, 11026, 15,KE8EXM,     2.66, 5,   coast,  -16.67,  95897.00,  461.97,  327.16,  171.69, 19.9, 3.98, 3.99, 3.98,  -6.75,  -6.17,  -0.07, 185.14,  13.20,   1.72,   0.22,   0.03,  -0.15,   5.46, 4.00, 0.00, 0.00, 0.02, 0.00, 1, 1, 10,  39.7284289, -83.7081516,   419.0, 2026,  3, 28, 20,  3, 52,       39,       95,  53,  66,   1.6,   0.9,   1.4,  0,  0,  0, 31, 18, 23,  0,  0, 25,  0, 18, 18,  0,  0,  0,  0, 24,  0, 20,  0, 16,  0,  0,  0, 32,  0,  0,  0, 34,  0,  0,  0
6, 11026, 15,KE8EXM,     2.67, 5,   coast,  -15.69,  95858.00,  465.36,  330.56,  171.52, 19.9, 3.98, 3.99, 3.98,  -6.95,  -5.18,  -1.05, 190.03,  12.35,   1.60,   0.22,   0.03,  -0.15,   5.44, 4.00, 0.00, 0.00, 0.02, 0.00, 1, 1, 10,  39.7284289, -83.7081516,   419.0, 2026,  3, 28, 20,  3, 52,       39,       95,  53,  66,   1.6,   0.9,   1.4,  0,  0,  0, 31, 18, 23,  0,  0, 25,  0, 18, 18,  0,  0,  0,  0, 24,  0, 20,  0, 16,  0,  0,  0, 32,  0,  0,  0, 34,  0,  0,  0
6, 11026, 15,KE8EXM,     2.68, 5,   coast,  -19.61,  95858.00,  465.36,  330.56,  171.35, 19.9, 3.98, 3.99, 3.98,  -6.75,  -5.44,   0.35, 191.25,  12.77,   1.60,   0.22,   0.02,  -0.15,   5.41, 4.00, 0.00, 0.00, 0.02, 0.00, 1, 1, 10,  39.7284289, -83.7081516,   419.0, 2026,  3, 28, 20,  3, 52,       39,       95,  53,  66,   1.6,   0.9,   1.4,  0,  0,  0, 31, 18, 23,  0,  0, 25,  0, 18, 18,  0,  0,  0,  0, 24,  0, 20,  0, 16,  0,  0,  0, 32,  0,  0,  0, 34,  0,  0,  0
6, 11026, 15,KE8EXM,     2.69, 5,   coast,  -16.18,  95817.00,  468.93,  334.13,  171.18, 19.9, 3.98, 3.99, 3.98,  -7.52,  -5.24,  -1.93, 193.38,  12.59,   2.21,   0.21,   0.02,  -0.16,   5.39, 4.00, 0.00, 0.00, 0.02, 0.00, 1, 1, 10,  39.7284289, -83.7081516,   419.0, 2026,  3, 28, 20,  3, 52,       39,       95,  53,  66,   1.6,   0.9,   1.4,  0,  0,  0, 31, 18, 23,  0,  0, 25,  0, 18, 18,  0,  0,  0,  0, 24,  0, 20,  0, 16,  0,  0,  0, 32,  0,  0,  0, 34,  0,  0,  0
6, 11026, 15,KE8EXM,     2.70, 5,   coast,  -16.67,  95817.00,  468.93,  334.13,  171.00, 19.9, 3.98, 3.99, 3.98,  -7.22,  -5.12,   0.83, 194.54,  13.32,   2.21,   0.21,   0.01,  -0.16,   5.37, 4.00, 0.00, 0.00, 0.02, 0.00, 1, 1, 10,  39.7284289, -83.7081516,   419.0, 2026,  3, 28, 20,  3, 52,       39,       95,  53,  66,   1.6,   0.9,   1.4,  0,  0,  0, 31, 18, 23,  0,  0, 25,  0, 18, 18,  0,  0,  0,  0, 24,  0, 20,  0, 16,  0,  0,  0, 32,  0,  0,  0, 34,  0,  0,  0
6, 11026, 15,KE8EXM,     2.71, 5,   coast,  -17.65,  95771.00,  472.94,  338.13,  170.83, 19.9, 3.98, 3.99, 3.98,  -7.42,  -4.78,  -0.79, 196.98,  11.80,   2.88,   0.21,   0.01,  -0.16,   5.35, 4.00, 0.00, 0.00, 0.02, 0.00, 1, 1, 10,  39.7284289, -83.7081516,   419.0, 2026,  3, 28, 20,  3, 52,       39,       95,  53,  66,   1.6,   0.9,   1.4,  0,  0,  0, 31, 18, 23,  0,  0, 25,  0, 18, 18,  0,  0,  0,  0, 24,  0, 20,  0, 16,  0,  0,  0, 32,  0,  0,  0, 34,  0,  0,  0
6, 11026, 15,KE8EXM,     2.72, 5,   coast,  -16.18,  95771.00,  472.94,  338.13,  170.66, 19.9, 3.98, 3.99, 3.98,  -7.55,  -5.40,  -0.29, 197.59,  12.10,   2.76,   0.21,   0.01,  -0.16,   5.33, 4.00, 0.00, 0.00, 0.02, 0.00, 1, 1, 10,  39.7284289, -83.7081516,   419.0, 2026,  3, 28, 20,  3, 52,       39,       95,  53,  66,   1.6,   0.9,   1.4,  0,  0,  0, 31, 18, 23,  0,  0, 25,  0, 18, 18,  0,  0,  0,  0, 24,  0, 20,  0, 16,  0,  0,  0, 32,  0,  0,  0, 34,  0,  0,  0
6, 11026, 15,KE8EXM,     2.73, 5,   coast,  -18.14,  95731.00,  476.43,  341.62,  170.49, 19.9, 3.98, 3.99, 3.98,  -7.26,  -5.91,   1.73, 197.72,  12.28,   3.00,   0.21,  -0.01,  -0.17,   5.31, 4.00, 0.00, 0.00, 0.02, 0.00, 1, 1, 10,  39.7284289, -83.7081516,   419.0, 2026,  3, 28, 20,  3, 52,       39,       95,  53,  66,   1.6,   0.9,   1.4,  0,  0,  0, 31, 18, 23,  0,  0, 25,  0, 18, 18,  0,  0,  0,  0, 24,  0, 20,  0, 16,  0,  0,  0, 32,  0,  0,  0, 34,  0,  0,  0
6, 11026, 15,KE8EXM,     2.74, 5,   coast,  -17.65,  95731.00,  476.43,  341.62,  170.32, 19.9, 3.98, 3.99, 3.98,  -7.53,  -5.23,  -0.28, 203.21,  11.00,   3.19,   0.21,  -0.01,  -0.17,   5.30, 4.00, 0.00, 0.00, 0.02, 0.00, 1, 1, 10,  39.7284289, -83.7081516,   419.0, 2026,  3, 28, 20,  3, 52,       39,       95,  53,  66,   1.6,   0.9,   1.4,  0,  0,  0, 31, 18, 23,  0,  0, 25,  0, 18, 18,  0,  0,  0,  0, 24,  0, 20,  0, 16,  0,  0,  0, 32,  0,  0,  0, 34,  0,  0,  0
6, 11026, 15,KE8EXM,     2.75, 5,   coast,  -18.14,  95693.00,  479.74,  344.93,  170.14, 19.9, 3.98, 3.99, 3.98,  -7.03,  -4.94,   1.75, 203.88,  11.74,   3.19,   0.21,  -0.02,  -0.18,   5.28, 4.00, 0.00, 0.00, 0.02, 0.00, 1, 1, 10,  39.7284289, -83.7081516,   419.0, 2026,  3, 28, 20,  3, 52,       39,       95,  53,  66,   1.6,   0.9,   1.4,  0,  0,  0, 31, 18, 23,  0,  0, 25,  0, 18, 18,  0,  0,  0,  0, 24,  0, 20,  0, 16,  0,  0,  0, 32,  0,  0,  0, 34,  0,  0,  0
6, 11026, 15,KE8EXM,     2.76, 5,   coast,  -16.18,  95693.00,  479.74,  344.93,  169.97, 19.9, 3.98, 3.99, 3.98,  -7.40,  -5.02,   0.11, 206.38,   9.72,   3.25,   0.21,  -0.02,  -0.18,   5.27, 4.00, 0.00, 0.00, 0.02, 0.00, 1, 1, 10,  39.7284289, -83.7081516,   419.0, 2026,  3, 28, 20,  3, 52,       39,       95,  53,  66,   1.6,   0.9,   1.4,  0,  0,  0, 31, 18, 23,  0,  0, 25,  0, 18, 18,  0,  0,  0,  0, 24,  0, 20,  0, 16,  0,  0,  0, 32,  0,  0,  0, 34,  0,  0,  0
6, 11026, 15,KE8EXM,     2.77, 5,   coast,  -17.65,  95653.00,  483.23,  348.42,  169.80, 19.9, 3.98, 3.99, 3.98,  -6.80,  -5.01,   2.49, 208.40,   9.48,   4.04,   0.21,  -0.03,  -0.18,   5.27, 4.00, 0.00, 0.00, 0.02, 0.00, 1, 1, 10,  39.7284289, -83.7081516,   419.0, 2026,  3, 28, 20,  3, 52,       39,       95,  53,  66,   1.6,   0.9,   1.4,  0,  0,  0, 31, 18, 23,  0,  0, 25,  0, 18, 18,  0,  0,  0,  0, 24,  0, 20,  0, 16,  0,  0,  0, 32,  0,  0,  0, 34,  0,  0,  0
6, 11026, 15,KE8EXM,     2.78, 5,   coast,  -18.14,  95653.00,  483.23,  348.42,  169.63, 19.9, 3.98, 3.99, 3.98,  -7.21,  -6.42,   1.00, 212.06,   7.83,   3.80,   0.21,  -0.04,  -0.18,   5.26, 4.00, 0.00, 0.00, 0.02, 0.00, 1, 1, 10,  39.7284289, -83.7081516,   419.0, 2026,  3, 28, 20,  3, 52,       39,       95,  53,  66,   1.6,   0.9,   1.4,  0,  0,  0, 31, 18, 23,  0,  0, 25,  0, 18, 18,  0,  0,  0,  0, 24,  0, 20,  0, 16,  0,  0,  0, 32,  0,  0,  0, 34,  0,  0,  0
6, 11026, 15,KE8EXM,     2.79, 5,   coast,  -14.71,  95618.00,  486.28,  351.47,  169.46, 19.9, 3.98, 3.99, 3.98,  -7.07,  -5.22,   1.79, 212.36,   8.50,   3.67,   0.21,  -0.05,  -0.18,   5.26, 4.00, 0.00, 0.00, 0.02, 0.00, 1, 1, 10,  39.7284289, -83.7081516,   419.0, 2026,  3, 28, 20,  3, 52,       39,       95,  53,  66,   1.6,   0.9,   1.4,  0,  0,  0, 31, 18, 23,  0,  0, 25,  0, 18, 18,  0,  0,  0,  0, 24,  0, 20,  0, 16,  0,  0,  0, 32,  0,  0,  0, 34,  0,  0,  0
6, 11026, 15,KE8EXM,     2.80, 5,   coast,  -16.67,  95618.00,  486.28,  351.47,  169.29, 19.9, 3.98, 3.99, 3.98,  -7.28,  -5.39,   0.45, 212.43,   6.30,   4.04,   0.21,  -0.05,  -0.18,   5.26, 4.00, 0.00, 0.00, 0.02, 0.00, 1, 1, 10,  39.7284289, -83.7081516,   419.0, 2026,  3, 28, 20,  3, 52,       39,       95,  53,  66,   1.6,   0.9,   1.4,  0,  0,  0, 31, 18, 23,  0,  0, 25,  0, 18, 18,  0,  0,  0,  0, 24,  0, 20,  0, 16,  0,  0,  0, 32,  0,  0,  0, 34,  0,  0,  0
6, 11026, 15,KE8EXM,     2.81, 5,   coast,  -18.63,  95577.00,  489.86,  355.05,  169.12, 19.9, 3.98, 3.99, 3.98,  -7.69,  -5.46,   0.47, 213.34,   5.45,   3.86,   0.21,  -0.06,  -0.19,   5.27, 4.00, 0.00, 0.00, 0.02, 0.00, 1, 1, 10,  39.7284289, -83.7081516,   419.0, 2026,  3, 28, 20,  3, 52,       39,       95,  53,  66,   1.6,   0.9,   1.4,  0,  0,  0, 31, 18, 23,  0,  0, 25,  0, 18, 18,  0,  0,  0,  0, 24,  0, 20,  0, 16,  0,  0,  0, 32,  0,  0,  0, 34,  0,  0,  0
6, 11026, 15,KE8EXM,     2.82, 5,   coast,  -18.14,  95577.00,  489.86,  355.05,  168.95, 19.9, 3.98, 3.99, 3.98,  -6.92,  -6.16,   2.32, 215.78,   7.71,   4.04,   0.21,  -0.07,  -0.19,   5.26, 4.00, 0.00, 0.00, 0.02, 0.00, 1, 1, 10,  39.7284289, -83.7081516,   419.0, 2026,  3, 28, 20,  3, 52,       39,       95,  53,  66,   1.6,   0.9,   1.4,  0,  0,  0, 31, 18, 23,  0,  0, 25,  0, 18, 18,  0,  0,  0,  0, 24,  0, 20,  0, 16,  0,  0,  0, 32,  0,  0,  0, 34,  0,  0,  0
6, 11026, 15,KE8EXM,     2.83, 5,   coast,  -15.69,  95556.00,  491.69,  356.88,  168.77, 19.9, 3.98, 3.99, 3.98,  -7.44,  -6.41,   0.47, 217.74,   1.60,   3.25,   0.21,  -0.07,  -0.19,   5.28, 4.00, 0.00, 0.00, 0.02, 0.00, 1, 1, 10,  39.7284289, -83.7081516,   419.0, 2026,  3, 28, 20,  3, 52,       39,       95,  53,  66,   1.6,   0.9,   1.4,  0,  0,  0, 31, 18, 23,  0,  0, 25,  0, 18, 18,  0,  0,  0,  0, 24,  0, 20,  0, 16,  0,  0,  0, 32,  0,  0,  0, 34,  0,  0,  0
6, 11026, 15,KE8EXM,     2.84, 5,   coast,  -16.18,  95556.00,  491.69,  356.88,  168.60, 19.9, 3.98, 3.99, 3.98,  -7.46,  -5.66,   0.93, 214.01,   5.63,   3.61,   0.21,  -0.08,  -0.19,   5.28, 4.00, 0.00, 0.00, 0.02, 0.00, 1, 1, 10,  39.7284289, -83.7081516,   419.0, 2026,  3, 28, 20,  3, 52,       39,       95,  53,  66,   1.6,   0.9,   1.4,  0,  0,  0, 31, 18, 23,  0,  0, 25,  0, 18, 18,  0,  0,  0,  0, 24,  0, 20,  0, 16,  0,  0,  0, 32,  0,  0,  0, 34,  0,  0,  0
6, 11026, 15,KE8EXM,     2.85, 5,   coast,  -18.14,  95512.00,  495.53,  360.73,  168.43, 19.9, 3.98, 3.99, 3.98,  -6.93,  -7.36,   1.05, 218.47,   4.23,   3.37,   0.21,  -0.09,  -0.19,   5.28, 4.00, 0.00, 0.00, 0.02, 0.00, 1, 1, 10,  39.7284289, -83.7081516,   419.0, 2026,  3, 28, 20,  3, 52,       39,       95,  53,  66,   1.6,   0.9,   1.4,  0,  0,  0, 31, 18, 23,  0,  0, 25,  0, 18, 18,  0,  0,  0,  0, 24,  0, 20,  0, 16,  0,  0,  0, 32,  0,  0,  0, 34,  0,  0,  0
6, 11026, 15,KE8EXM,     2.86, 5,   coast,  -17.16,  95512.00,  495.53,  360.73,  168.26, 19.9, 3.98, 3.99, 3.98,  -7.23,  -5.89,   0.85, 224.21,   4.41,   2.58,   0.21,  -0.09,  -0.19,   5.27, 4.00, 0.00, 0.00, 0.02, 0.00, 1, 1, 10,  39.7284289, -83.7081516,   419.0, 2026,  3, 28, 20,  3, 52,       39,       95,  53,  66,   1.6,   0.9,   1.4,  0,  0,  0, 31, 18, 23,  0,  0, 25,  0, 18, 18,  0,  0,  0,  0, 24,  0, 20,  0, 16,  0,  0,  0, 32,  0,  0,  0, 34,  0,  0,  0
6, 11026, 15,KE8EXM,     2.87, 5,   coast,  -17.16,  95482.00,  498.15,  363.35,  168.09, 19.9, 3.98, 3.99, 3.98,  -7.33,  -7.96,   0.48, 222.80,   1.36,   2.15,   0.21,  -0.09,  -0.19,   5.28, 4.00, 0.00, 0.00, 0.02, 0.00, 1, 1, 10,  39.7284289, -83.7081516,   419.0, 2026,  3, 28, 20,  3, 52,       39,       95,  53,  66,   1.6,   0.9,   1.4,  0,  0,  0, 31, 18, 23,  0,  0, 25,  0, 18, 18,  0,  0,  0,  0, 24,  0, 20,  0, 16,  0,  0,  0, 32,  0,  0,  0, 34,  0,  0,  0
6, 11026, 15,KE8EXM,     2.88, 5,   coast,  -16.18,  95482.00,  498.15,  363.35,  167.92, 19.9, 3.98, 3.99, 3.98,  -7.53,  -6.63,   0.46, 223.84,   2.64,   1.78,   0.21,  -0.11,  -0.18,   5.28, 4.00, 0.00, 0.00, 0.02, 0.00, 1, 1, 10,  39.7284289, -83.7081516,   419.0, 2026,  3, 28, 20,  3, 52,       39,       95,  53,  66,   1.6,   0.9,   1.4,  0,  0,  0, 31, 18, 23,  0,  0, 25,  0, 18, 18,  0,  0,  0,  0, 24,  0, 20,  0, 16,  0,  0,  0, 32,  0,  0,  0, 34,  0,  0,  0
6, 11026, 15,KE8EXM,     2.89, 5,   coast,  -17.65,  95448.00,  501.12,  366.32,  167.75, 19.9, 3.98, 3.99, 3.98,  -7.16,  -5.96,   1.48, 228.78,   2.58,   1.11,   0.21,  -0.12,  -0.18,   5.27, 4.00, 0.00, 0.00, 0.02, 0.00, 1, 1, 10,  39.7284289, -83.7081516,   419.0, 2026,  3, 28, 20,  3, 52,       39,       95,  53,  66,   1.6,   0.9,   1.4,  0,  0,  0, 31, 18, 23,  0,  0, 25,  0, 18, 18,  0,  0,  0,  0, 24,  0, 20,  0, 16,  0,  0,  0, 32,  0,  0,  0, 34,  0,  0,  0
6, 11026, 15,KE8EXM,     2.90, 5,   coast,  -16.18,  95448.00,  501.12,  366.32,  167.58, 19.9, 4.03, 4.03, 4.03,  -7.07,  -5.82,  -0.42, 229.45,   1.66,   0.26,   0.21,  -0.12,  -0.18,   5.26, 4.03, 0.00, 0.00, 0.00, 0.00, 1, 1, 10,  39.7284289, -83.7081516,   419.0, 2026,  3, 28, 20,  3, 52,       39,       95,  53,  66,   1.6,   0.9,   1.4,  0,  0,  0, 31, 18, 23,  0,  0, 25,  0, 18, 18,  0,  0,  0,  0, 24,  0, 20,  0, 16,  0,  0,  0, 32,  0,  0,  0, 34,  0,  0,  0
6, 11026, 15,KE8EXM,     2.90, 5,   coast,  -16.18,  95448.00,  501.12,  366.32,  167.58, 19.9, 4.03, 4.03, 4.03,  -7.07,  -5.82,  -0.42, 229.45,   1.66,   0.26,   0.21,  -0.12,  -0.18,   5.26, 4.03, 0.00, 0.00, 0.00, 0.00, 1, 1, 10,  39.7284289, -83.7081516,   419.0, 2026,  3, 28, 20,  3, 52,       39,       95,  53,  66,   1.6,   0.9,   1.4,  0,  0,  0, 31, 18, 23,  0,  0, 25,  0, 18, 18,  0,  0,  0,  0, 24,  0, 20,  0, 16,  0,  0,  0, 32,  0,  0,  0, 34,  0,  0,  0
6, 11026, 15,KE8EXM,     2.91, 5,   coast,  -19.12,  95406.00,  504.79,  369.99,  167.41, 19.9, 4.03, 4.03, 4.03,  -7.35,  -6.64,  -1.77, 226.65,   0.99,   0.74,   0.21,  -0.13,  -0.17,   5.25, 4.03, 0.00, 0.00, 0.00, 0.00, 1, 1, 10,  39.7284289, -83.7081516,   419.0, 2026,  3, 28, 20,  3, 52,       39,       95,  53,  66,   1.6,   0.9,   1.4,  0,  0,  0, 31, 18, 23,  0,  0, 25,  0, 18, 18,  0,  0,  0,  0, 24,  0, 20,  0, 16,  0,  0,  0, 32,  0,  0,  0, 34,  0,  0,  0
6, 11026, 15,KE8EXM,     2.92, 5,   coast,  -14.71,  95406.00,  504.79,  369.99,  167.24, 19.9, 4.03, 4.03, 4.03,  -7.20,  -5.71,   0.07, 226.71,   1.66,   0.38,   0.21,  -0.14,  -0.17,   5.24, 4.03, 0.00, 0.00, 0.00, 0.00, 1, 1, 10,  39.7284289, -83.7081516,   419.0, 2026,  3, 28, 20,  3, 52,       39,       95,  53,  66,   1.6,   0.9,   1.4,  0,  0,  0, 31, 18, 23,  0,  0, 25,  0, 18, 18,  0,  0,  0,  0, 24,  0, 20,  0, 16,  0,  0,  0, 32,  0,  0,  0, 34,  0,  0,  0
6, 11026, 15,KE8EXM,     2.93, 5,   coast,  -17.65,  95367.00,  508.20,  373.39,  167.07, 19.9, 4.03, 4.03, 4.03,  -6.87,  -5.09,  -0.29, 230.55,   1.97,  -0.23,   0.21,  -0.14,  -0.17,   5.23, 4.03, 0.00, 0.00, 0.00, 0.00, 1, 1, 10,  39.7284289, -83.7081516,   419.0, 2026,  3, 28, 20,  3, 52,       39,       95,  53,  66,   1.6,   0.9,   1.4,  0,  0,  0, 31, 18, 23,  0,  0, 25,  0, 18, 18,  0,  0,  0,  0, 24,  0, 20,  0, 16,  0,  0,  0, 32,  0,  0,  0, 34,  0,  0,  0
6, 11026, 15,KE8EXM,     2.94, 5,   coast,  -19.12,  95367.00,  508.20,  373.39,  166.90, 19.9, 4.03, 4.03, 4.03,  -7.30,  -5.76,  -3.25, 228.91,   2.46,  -0.78,   0.21,  -0.15,  -0.17,   5.20, 4.03, 0.00, 0.00, 0.00, 0.00, 1, 1, 10,  39.7284289, -83.7081516,   419.0, 2026,  3, 28, 20,  3, 52,       39,       95,  53,  66,   1.6,   0.9,   1.4,  0,  0,  0, 31, 18, 23,  0,  0, 25,  0, 18, 18,  0,  0,  0,  0, 24,  0, 20,  0, 16,  0,  0,  0, 32,  0,  0,  0, 34,  0,  0,  0
6, 11026, 15,KE8EXM,     2.95, 5,   coast,  -16.67,  95336.00,  510.91,  376.11,  166.73, 19.9, 4.03, 4.03, 4.03,  -7.06,  -5.94,   0.83, 223.17,   3.56,  -0.11,   0.21,  -0.15,  -0.16,   5.17, 4.03, 0.00, 0.00, 0.00, 0.00, 1, 1, 10,  39.7284289, -83.7081516,   419.0, 2026,  3, 28, 20,  3, 52,       39,       95,  53,  66,   1.6,   0.9,   1.4,  0,  0,  0, 31, 18, 23,  0,  0, 25,  0, 18, 18,  0,  0,  0,  0, 24,  0, 20,  0, 16,  0,  0,  0, 32,  0,  0,  0, 34,  0,  0,  0
6, 11026, 15,KE8EXM,     2.96, 5,   coast,  -16.18,  95336.00,  510.91,  376.11,  166.56, 19.9, 4.03, 4.03, 4.03,  -7.11,  -4.71,  -2.56, 229.52,   2.46,  -0.72,   0.21,  -0.16,  -0.16,   5.15, 4.03, 0.00, 0.00, 0.00, 0.00, 1, 1, 10,  39.7284289, -83.7081516,   419.0, 2026,  3, 28, 20,  3, 52,       39,       95,  53,  66,   1.6,   0.9,   1.4,  0,  0,  0, 31, 18, 23,  0,  0, 25,  0, 18, 18,  0,  0,  0,  0, 24,  0, 20,  0, 16,  0,  0,  0, 32,  0,  0,  0, 34,  0,  0,  0
6, 11026, 15,KE8EXM,     2.97, 5,   coast,  -16.67,  95300.00,  514.06,  379.25,  166.39, 19.9, 4.03, 4.03, 4.03,  -7.03,  -5.74,   0.21, 227.44,   5.45,  -0.66,   0.20,  -0.17,  -0.16,   5.10, 4.03, 0.00, 0.00, 0.00, 0.00, 1, 1, 10,  39.7284289, -83.7081516,   419.0, 2026,  3, 28, 20,  3, 52,       39,       95,  53,  66,   1.6,   0.9,   1.4,  0,  0,  0, 31, 18, 23,  0,  0, 25,  0, 18, 18,  0,  0,  0,  0, 24,  0, 20,  0, 16,  0,  0,  0, 32,  0,  0,  0, 34,  0,  0,  0
6, 11026, 15,KE8EXM,     2.98, 5,   coast,  -15.20,  95300.00,  514.06,  379.25,  166.23, 19.9, 4.03, 4.03, 4.03,  -6.81,  -4.73,  -2.26, 225.00,   3.50,  -0.78,   0.20,  -0.17,  -0.16,   5.06, 4.03, 0.00, 0.00, 0.00, 0.00, 1, 1, 10,  39.7284289, -83.7081516,   419.0, 2026,  3, 28, 20,  3, 52,       39,       95,  53,  66,   1.6,   0.9,   1.4,  0,  0,  0, 31, 18, 23,  0,  0, 25,  0, 18, 18,  0,  0,  0,  0, 24,  0, 20,  0, 16,  0,  0,  0, 32,  0,  0,  0, 34,  0,  0,  0
6, 11026, 15,KE8EXM,     2.99, 5,   coast,  -17.65,  95268.00,  516.86,  382.05,  166.06, 19.9, 4.03, 4.03, 4.03,  -7.03,  -4.86,  -2.45, 225.79,   4.47,  -0.41,   0.21,  -0.18,  -0.15,   5.02, 4.03, 0.00, 0.00, 0.00, 0.00, 1, 1, 10,  39.7284289, -83.7081516,   419.0, 2026,  3, 28, 20,  3, 52,       39,       95,  53,  66,   1.6,   0.9,   1.4,  0,  0,  0, 31, 18, 23,  0,  0, 25,  0, 18, 18,  0,  0,  0,  0, 24,  0, 20,  0, 16,  0,  0,  0, 32,  0,  0,  0, 34,  0,  0,  0
6, 11026, 15,KE8EXM,     3.00, 5,   coast,  -17.16,  95268.00,  516.86,  382.05,  165.90, 19.9, 4.03, 4.03, 4.03,  -6.97,  -5.81,  -0.68, 221.95,   6.30,  -0.60,   0.21,  -0.18,  -0.15,   4.96, 4.03, 0.00, 0.00, 0.00, 0.00, 1, 1, 10,  39.7284289, -83.7081516,   419.0, 2026,  3, 28, 20,  3, 52,       39,       95,  53,  66,   1.6,   0.9,   1.4,  0,  0,  0, 31, 18, 23,  0,  0, 25,  0, 18, 18,  0,  0,  0,  0, 24,  0, 20,  0, 16,  0,  0,  0, 32,  0,  0,  0, 34,  0,  0,  0
6, 11026, 15,KE8EXM,     3.01, 5,   coast,  -16.67,  95241.00,  519.22,  384.42,  165.73, 19.9, 4.03, 4.03, 4.03,  -6.98,  -5.01,  -1.76, 224.39,   5.51,  -0.48,   0.20,  -0.19,  -0.14,   4.91, 4.03, 0.00, 0.00, 0.00, 0.00, 1, 1, 10,  39.7284289, -83.7081516,   419.0, 2026,  3, 28, 20,  3, 52,       39,       95,  53,  66,   1.6,   0.9,   1.4,  0,  0,  0, 31, 18, 23,  0,  0, 25,  0, 18, 18,  0,  0,  0,  0, 24,  0, 20,  0, 16,  0,  0,  0, 32,  0,  0,  0, 34,  0,  0,  0
6, 11026, 15,KE8EXM,     3.02, 5,   coast,  -14.71,  95241.00,  519.22,  384.42,  165.57, 19.9, 4.03, 4.03, 4.03,  -6.87,  -6.21,  -2.40, 222.62,   5.57,  -0.48,   0.20,  -0.19,  -0.14,   4.85, 4.03, 0.00, 0.00, 0.00, 0.00, 1, 1, 10,  39.7284289, -83.7081516,   419.0, 2026,  3, 28, 20,  3, 52,       39,       95,  53,  66,   1.6,   0.9,   1.4,  0,  0,  0, 31, 18, 23,  0,  0, 25,  0, 18, 18,  0,  0,  0,  0, 24,  0, 20,  0, 16,  0,  0,  0, 32,  0,  0,  0, 34,  0,  0,  0
6, 11026, 15,KE8EXM,     3.03, 5,   coast,  -15.69,  95205.00,  522.37,  387.57,  165.41, 19.9, 4.03, 4.03, 4.03,  -7.12,  -4.39,  -2.90, 220.67,   6.00,  -0.35,   0.20,  -0.20,  -0.13,   4.79, 4.03, 0.00, 0.00, 0.00, 0.00, 1, 1, 10,  39.7284289, -83.7081516,   419.0, 2026,  3, 28, 20,  3, 52,       39,       95,  53,  66,   1.6,   0.9,   1.4,  0,  0,  0, 31, 18, 23,  0,  0, 25,  0, 18, 18,  0,  0,  0,  0, 24,  0, 20,  0, 16,  0,  0,  0, 32,  0,  0,  0, 34,  0,  0,  0
6, 11026, 15,KE8EXM,     3.04, 5,   coast,  -16.67,  95205.00,  522.37,  387.57,  165.25, 19.9, 4.03, 4.03, 4.03,  -6.85,  -4.74,  -1.64, 219.20,   7.10,   0.13,   0.20,  -0.20,  -0.13,   4.73, 4.03, 0.00, 0.00, 0.00, 0.00, 1, 1, 10,  39.7284289, -83.7081516,   419.0, 2026,  3, 28, 20,  3, 52,       39,       95,  53,  66,   1.6,   0.9,   1.4,  0,  0,  0, 31, 18, 23,  0,  0, 25,  0, 18, 18,  0,  0,  0,  0, 24,  0, 20,  0, 16,  0,  0,  0, 32,  0,  0,  0, 34,  0,  0,  0
6, 11026, 15,KE8EXM,     3.05, 5,   coast,  -16.67,  95166.00,  525.79,  390.98,  165.09, 19.9, 4.03, 4.03, 4.03,  -6.78,  -3.93,  -3.02, 219.69,   7.59,   0.38,   0.20,  -0.20,  -0.12,   4.65, 4.03, 0.00, 0.00, 0.00, 0.00, 1, 1, 10,  39.7284289, -83.7081516,   419.0, 2026,  3, 28, 20,  3, 52,       39,       95,  53,  66,   1.6,   0.9,   1.4,  0,  0,  0, 31, 18, 23,  0,  0, 25,  0, 18, 18,  0,  0,  0,  0, 24,  0, 20,  0, 16,  0,  0,  0, 32,  0,  0,  0, 34,  0,  0,  0
6, 11026, 15,KE8EXM,     3.06, 5,   coast,  -16.18,  95166.00,  525.79,  390.98,  164.92, 19.9, 4.03, 4.03, 4.03,  -6.77,  -4.88,  -3.12, 219.63,   8.44,   0.62,   0.20,  -0.21,  -0.12,   4.57, 4.03, 0.00, 0.00, 0.00, 0.00, 1, 1, 10,  39.7284289, -83.7081516,   419.0, 2026,  3, 28, 20,  3, 52,       39,       95,  53,  66,   1.6,   0.9,   1.4,  0,  0,  0, 31, 18, 23,  0,  0, 25,  0, 18, 18,  0,  0,  0,  0, 24,  0, 20,  0, 16,  0,  0,  0, 32,  0,  0,  0, 34,  0,  0,  0
6, 11026, 15,KE8EXM,     3.07, 5,   coast,  -16.18,  95135.00,  528.50,  393.70,  164.76, 19.9, 4.03, 4.03, 4.03,  -6.72,  -3.65,  -3.61, 216.33,   8.50,   0.68,   0.20,  -0.21,  -0.12,   4.49, 4.03, 0.00, 0.00, 0.00, 0.00, 1, 1, 10,  39.7284289, -83.7081516,   419.0, 2026,  3, 28, 20,  3, 52,       39,       95,  53,  66,   1.6,   0.9,   1.4,  0,  0,  0, 31, 18, 23,  0,  0, 25,  0, 18, 18,  0,  0,  0,  0, 24,  0, 20,  0, 16,  0,  0,  0, 32,  0,  0,  0, 34,  0,  0,  0
6, 11026, 15,KE8EXM,     3.08, 5,   coast,  -17.16,  95135.00,  528.50,  393.70,  164.59, 19.9, 4.03, 4.03, 4.03,  -6.92,  -3.27,  -2.45, 217.55,  10.03,   1.72,   0.21,  -0.21,  -0.11,   4.39, 4.03, 0.00, 0.00, 0.00, 0.00, 1, 1, 10,  39.7284289, -83.7081516,   419.0, 2026,  3, 28, 20,  3, 52,       39,       95,  53,  66,   1.6,   0.9,   1.4,  0,  0,  0, 31, 18, 23,  0,  0, 25,  0, 18, 18,  0,  0,  0,  0, 24,  0, 20,  0, 16,  0,  0,  0, 32,  0,  0,  0, 34,  0,  0,  0
6, 11026, 15,KE8EXM,     3.09, 5,   coast,  -16.67,  95104.00,  531.22,  396.41,  164.43, 19.9, 4.03, 4.03, 4.03,  -6.97,  -4.28,  -2.78, 216.21,  11.06,   1.66,   0.21,  -0.21,  -0.11,   4.28, 4.03, 0.00, 0.00, 0.00, 0.00, 1, 1, 10,  39.7284289, -83.7081516,   419.0, 2026,  3, 28, 20,  3, 52,       39,       95,  53,  66,   1.6,   0.9,   1.4,  0,  0,  0, 31, 18, 23,  0,  0, 25,  0, 18, 18,  0,  0,  0,  0, 24,  0, 20,  0, 16,  0,  0,  0, 32,  0,  0,  0, 34,  0,  0,  0
6, 11026, 15,KE8EXM,     3.10, 5,   coast,  -16.67,  95104.00,  531.22,  396.41,  164.26, 19.9, 4.03, 4.03, 4.03,  -6.62,  -4.35,  -1.44, 215.90,  13.32,   2.21,   0.21,  -0.22,  -0.10,   4.15, 4.03, 0.00, 0.00, 0.00, 0.00, 1, 1, 10,  39.7284289, -83.7081516,   419.0, 2026,  3, 28, 20,  3, 52,       39,       95,  53,  66,   1.6,   0.9,   1.4,  0,  0,  0, 31, 18, 23,  0,  0, 25,  0, 18, 18,  0,  0,  0,  0, 24,  0, 20,  0, 16,  0,  0,  0, 32,  0,  0,  0, 34,  0,  0,  0
6, 11026, 15,KE8EXM,     3.11, 5,   coast,  -15.69,  95065.00,  534.64,  399.83,  164.09, 19.9, 4.03, 4.03, 4.03,  -6.95,  -3.89,  -2.39, 216.64,  11.25,   2.51,   0.21,  -0.23,  -0.10,   4.04, 4.03, 0.00, 0.00, 0.00, 0.00, 1, 1, 10,  39.7284289, -83.7081516,   419.0, 2026,  3, 28, 20,  3, 52,       39,       95,  53,  66,   1.6,   0.9,   1.4,  0,  0,  0, 31, 18, 23,  0,  0, 25,  0, 18, 18,  0,  0,  0,  0, 24,  0, 20,  0, 16,  0,  0,  0, 32,  0,  0,  0, 34,  0,  0,  0
6, 11026, 15,KE8EXM,     3.11, 5,   coast,  -15.69,  95065.00,  534.64,  399.83,  164.09, 19.9, 4.03, 4.03, 4.03,  -6.95,  -3.89,  -2.39, 216.64,  11.25,   2.51,   0.21,  -0.23,  -0.10,   4.04, 4.03, 0.00, 0.00, 0.00, 0.00, 1, 1, 10,  39.7284289, -83.7081516,   419.0, 2026,  3, 28, 20,  3, 52,       39,       95,  53,  66,   1.6,   0.9,   1.4,  0,  0,  0, 31, 18, 23,  0,  0, 25,  0, 18, 18,  0,  0,  0,  0, 24,  0, 20,  0, 16,  0,  0,  0, 32,  0,  0,  0, 34,  0,  0,  0
6, 11026, 15,KE8EXM,     3.11, 5,   coast,  -15.69,  95065.00,  534.64,  399.83,  164.09, 19.9, 4.03, 4.03, 4.03,  -6.95,  -3.89,  -2.39, 216.64,  11.25,   2.51,   0.21,  -0.23,  -0.10,   4.04, 4.03, 0.00, 0.00, 0.00, 0.00, 1, 1, 10,  39.7284289, -83.7081516,   419.0, 2026,  3, 28, 20,  3, 52,       39,       95,  53,  66,   1.6,   0.9,   1.4,  0,  0,  0, 31, 18, 23,  0,  0, 25,  0, 18, 18,  0,  0,  0,  0, 24,  0, 20,  0, 16,  0,  0,  0, 32,  0,  0,  0, 34,  0,  0,  0
6, 11026, 15,KE8EXM,     3.12, 5,   coast,  -17.65,  95065.00,  534.64,  399.83,  163.93, 19.9, 4.03, 4.03, 4.03,  -6.80,  -2.86,   0.02, 214.56,  11.92,   3.43,   0.21,  -0.23,  -0.09,   3.92, 4.03, 0.00, 0.00, 0.00, 0.00, 1, 1,  7,  39.7285240, -83.7079414,   524.0, 2026,  3, 28, 20,  3, 53,       60,      201,  55,  73,   2.3,   1.2,   1.9,  0,  0,  0, 31, 10, 34,  0,  0, 35,  0, 10, 10,  0,  0,  0,  0, 34,  0, 13,  0,  9,  0,  0,  0, 26,  0,  0,  0, 19,  0,  0,  0
6, 11026, 15,KE8EXM,     3.13, 5,   coast,  -16.67,  95028.00,  537.88,  403.08,  163.76, 19.9, 4.03, 4.03, 4.03,  -6.89,  -5.53,  -0.34, 210.47,  12.65,   3.98,   0.21,  -0.23,  -0.09,   3.79, 4.03, 0.00, 0.00, 0.00, 0.00, 1, 1,  7,  39.7285240, -83.7079414,   524.0, 2026,  3, 28, 20,  3, 53,       60,      201,  55,  73,   2.3,   1.2,   1.9,  0,  0,  0, 31, 10, 34,  0,  0, 35,  0, 10, 10,  0,  0,  0,  0, 34,  0, 13,  0,  9,  0,  0,  0, 26,  0,  0,  0, 19,  0,  0,  0
6, 11026, 15,KE8EXM,     3.14, 5,   coast,  -17.65,  95028.00,  537.88,  403.08,  163.60, 19.9, 4.03, 4.03, 4.03,  -6.72,  -4.39,  -0.57, 217.13,  11.19,   3.31,   0.21,  -0.23,  -0.08,   3.68, 4.03, 0.00, 0.00, 0.00, 0.00, 1, 1,  7,  39.7285240, -83.7079414,   524.0, 2026,  3, 28, 20,  3, 53,       60,      201,  55,  73,   2.3,   1.2,   1.9,  0,  0,  0, 31, 10, 34,  0,  0, 35,  0, 10, 10,  0,  0,  0,  0, 34,  0, 13,  0,  9,  0,  0,  0, 26,  0,  0,  0, 19,  0,  0,  0
6, 11026, 15,KE8EXM,     3.15, 5,   coast,  -15.20,  95001.00,  540.25,  405.44,  163.43, 19.9, 4.03, 4.03, 4.03,  -6.75,  -2.81,  -1.47, 212.91,  11.92,   5.32,   0.21,  -0.23,  -0.08,   3.56, 4.03, 0.00, 0.00, 0.00, 0.00, 1, 1,  7,  39.7285240, -83.7079414,   524.0, 2026,  3, 28, 20,  3, 53,       60,      201,  55,  73,   2.3,   1.2,   1.9,  0,  0,  0, 31, 10, 34,  0,  0, 35,  0, 10, 10,  0,  0,  0,  0, 34,  0, 13,  0,  9,  0,  0,  0, 26,  0,  0,  0, 19,  0,  0,  0
6, 11026, 15,KE8EXM,     3.16, 5,   coast,  -15.20,  95001.00,  540.25,  405.44,  163.27, 19.9, 4.03, 4.03, 4.03,  -6.88,  -2.61,  -0.11, 213.34,  10.58,   5.81,   0.21,  -0.24,  -0.07,   3.44, 4.03, 0.00, 0.00, 0.00, 0.00, 1, 1,  7,  39.7285240, -83.7079414,   524.0, 2026,  3, 28, 20,  3, 53,       60,      201,  55,  73,   2.3,   1.2,   1.9,  0,  0,  0, 31, 10, 34,  0,  0, 35,  0, 10, 10,  0,  0,  0,  0, 34,  0, 13,  0,  9,  0,  0,  0, 26,  0,  0,  0, 19,  0,  0,  0
6, 11026, 15,KE8EXM,     3.17, 5,   coast,  -15.69,  94960.00,  543.85,  409.04,  163.11, 19.9, 4.03, 4.03, 4.03,  -6.52,  -4.76,  -0.04, 214.26,  11.74,   5.14,   0.21,  -0.24,  -0.07,   3.32, 4.03, 0.00, 0.00, 0.00, 0.00, 1, 1,  7,  39.7285240, -83.7079414,   524.0, 2026,  3, 28, 20,  3, 53,       60,      201,  55,  73,   2.3,   1.2,   1.9,  0,  0,  0, 31, 10, 34,  0,  0, 35,  0, 10, 10,  0,  0,  0,  0, 34,  0, 13,  0,  9,  0,  0,  0, 26,  0,  0,  0, 19,  0,  0,  0
6, 11026, 15,KE8EXM,     3.18, 5,   coast,  -16.67,  94960.00,  543.85,  409.04,  162.94, 19.9, 4.03, 4.03, 4.03,  -6.83,  -6.67,  -0.40, 210.05,   9.66,   6.36,   0.21,  -0.24,  -0.06,   3.22, 4.03, 0.00, 0.00, 0.00, 0.00, 1, 1,  7,  39.7285240, -83.7079414,   524.0, 2026,  3, 28, 20,  3, 53,       60,      201,  55,  73,   2.3,   1.2,   1.9,  0,  0,  0, 31, 10, 34,  0,  0, 35,  0, 10, 10,  0,  0,  0,  0, 34,  0, 13,  0,  9,  0,  0,  0, 26,  0,  0,  0, 19,  0,  0,  0
6, 11026, 15,KE8EXM,     3.19, 5,   coast,  -19.12,  94930.00,  546.48,  411.67,  162.78, 19.9, 4.03, 4.03, 4.03,  -6.83,  -4.98,   0.77, 214.50,   7.71,   6.54,   0.21,  -0.25,  -0.05,   3.13, 4.03, 0.00, 0.00, 0.00, 0.00, 1, 1,  7,  39.7285240, -83.7079414,   524.0, 2026,  3, 28, 20,  3, 53,       60,      201,  55,  73,   2.3,   1.2,   1.9,  0,  0,  0, 31, 10, 34,  0,  0, 35,  0, 10, 10,  0,  0,  0,  0, 34,  0, 13,  0,  9,  0,  0,  0, 26,  0,  0,  0, 19,  0,  0,  0
6, 11026, 15,KE8EXM,     3.20, 5,   coast,  -18.14,  94930.00,  546.48,  411.67,  162.61, 19.9, 4.03, 4.03, 4.03,  -6.75,  -4.19,  -0.08, 216.76,   9.90,   6.05,   0.21,  -0.25,  -0.05,   3.02, 4.03, 0.00, 0.00, 0.00, 0.00, 1, 1,  7,  39.7285240, -83.7079414,   524.0, 2026,  3, 28, 20,  3, 53,       60,      201,  55,  73,   2.3,   1.2,   1.9,  0,  0,  0, 31, 10, 34,  0,  0, 35,  0, 10, 10,  0,  0,  0,  0, 34,  0, 13,  0,  9,  0,  0,  0, 26,  0,  0,  0, 19,  0,  0,  0
6, 11026, 15,KE8EXM,     3.21, 5,   coast,  -13.73,  94893.00,  549.73,  414.92,  162.44, 19.9, 4.03, 4.03, 4.03,  -6.62,  -5.13,   0.79, 213.95,   8.68,   6.30,   0.21,  -0.25,  -0.04,   2.92, 4.03, 0.00, 0.00, 0.00, 0.00, 1, 1,  7,  39.7285240, -83.7079414,   524.0, 2026,  3, 28, 20,  3, 53,       60,      201,  55,  73,   2.3,   1.2,   1.9,  0,  0,  0, 31, 10, 34,  0,  0, 35,  0, 10, 10,  0,  0,  0,  0, 34,  0, 13,  0,  9,  0,  0,  0, 26,  0,  0,  0, 19,  0,  0,  0
6, 11026, 15,KE8EXM,     3.22, 5,   coast,  -16.67,  94893.00,  549.73,  414.92,  162.28, 19.9, 4.04, 4.01, 4.03,  -6.65,  -6.42,  -1.56, 211.45,   5.69,   6.73,   0.20,  -0.25,  -0.03,   2.85, 4.04, 0.00, 0.00, 0.00, 0.00, 1, 1,  7,  39.7285240, -83.7079414,   524.0, 2026,  3, 28, 20,  3, 53,       60,      201,  55,  73,   2.3,   1.2,   1.9,  0,  0,  0, 31, 10, 34,  0,  0, 35,  0, 10, 10,  0,  0,  0,  0, 34,  0, 13,  0,  9,  0,  0,  0, 26,  0,  0,  0, 19,  0,  0,  0
6, 11026, 15,KE8EXM,     3.22, 5,   coast,  -16.67,  94893.00,  549.73,  414.92,  162.28, 19.9, 4.04, 4.01, 4.03,  -6.65,  -6.42,  -1.56, 211.45,   5.69,   6.73,   0.20,  -0.25,  -0.03,   2.85, 4.04, 0.00, 0.00, 0.00, 0.00, 1, 1,  7,  39.7285240, -83.7079414,   524.0, 2026,  3, 28, 20,  3, 53,       60,      201,  55,  73,   2.3,   1.2,   1.9,  0,  0,  0, 31, 10, 34,  0,  0, 35,  0, 10, 10,  0,  0,  0,  0, 34,  0, 13,  0,  9,  0,  0,  0, 26,  0,  0,  0, 19,  0,  0,  0
6, 11026, 15,KE8EXM,     3.23, 5,   coast,  -15.69,  94861.00,  552.54,  417.73,  162.12, 19.9, 4.04, 4.01, 4.03,  -6.57,  -5.29,   2.68, 218.96,   9.66,   5.75,   0.20,  -0.25,  -0.03,   2.74, 4.04, 0.00, 0.00, 0.00, 0.00, 1, 1,  7,  39.7285240, -83.7079414,   524.0, 2026,  3, 28, 20,  3, 53,       60,      201,  55,  73,   2.3,   1.2,   1.9,  0,  0,  0, 31, 10, 34,  0,  0, 35,  0, 10, 10,  0,  0,  0,  0, 34,  0, 13,  0,  9,  0,  0,  0, 26,  0,  0,  0, 19,  0,  0,  0
6, 11026, 15,KE8EXM,     3.24, 5,   coast,  -15.20,  94861.00,  552.54,  417.73,  161.95, 19.9, 4.04, 4.01, 4.03,  -6.65,  -5.38,   1.36, 220.12,   5.57,   6.48,   0.20,  -0.25,  -0.02,   2.67, 4.04, 0.00, 0.00, 0.00, 0.00, 1, 1,  7,  39.7285240, -83.7079414,   524.0, 2026,  3, 28, 20,  3, 53,       60,      201,  55,  73,   2.3,   1.2,   1.9,  0,  0,  0, 31, 10, 34,  0,  0, 35,  0, 10, 10,  0,  0,  0,  0, 34,  0, 13,  0,  9,  0,  0,  0, 26,  0,  0,  0, 19,  0,  0,  0
6, 11026, 15,KE8EXM,     3.25, 5,   coast,  -18.14,  94816.00,  556.49,  421.68,  161.79, 19.9, 4.04, 4.01, 4.03,  -6.74,  -6.11,  -0.85, 218.04,   6.73,   6.24,   0.20,  -0.25,  -0.02,   2.59, 4.04, 0.00, 0.00, 0.00, 0.00, 1, 1,  7,  39.7285240, -83.7079414,   524.0, 2026,  3, 28, 20,  3, 53,       60,      201,  55,  73,   2.3,   1.2,   1.9,  0,  0,  0, 31, 10, 34,  0,  0, 35,  0, 10, 10,  0,  0,  0,  0, 34,  0, 13,  0,  9,  0,  0,  0, 26,  0,  0,  0, 19,  0,  0,  0
6, 11026, 15,KE8EXM,     3.26, 5,   coast,  -17.65,  94816.00,  556.49,  421.68,  161.61, 19.9, 4.04, 4.01, 4.03,  -6.53,  -5.90,   1.23, 218.77,   5.75,   5.81,   0.20,  -0.25,  -0.01,   2.51, 4.04, 0.00, 0.00, 0.00, 0.00, 1, 1,  7,  39.7285240, -83.7079414,   524.0, 2026,  3, 28, 20,  3, 53,       60,      201,  55,  73,   2.3,   1.2,   1.9,  0,  0,  0, 31, 10, 34,  0,  0, 35,  0, 10, 10,  0,  0,  0,  0, 34,  0, 13,  0,  9,  0,  0,  0, 26,  0,  0,  0, 19,  0,  0,  0
6, 11026, 15,KE8EXM,     3.27, 5,   coast,  -19.12,  94791.00,  558.68,  423.88,  161.44, 19.9, 4.04, 4.01, 4.03,  -7.07,  -7.01,   0.40, 220.85,   4.29,   5.38,   0.20,  -0.25,   0.00,   2.45, 4.04, 0.00, 0.00, 0.00, 0.00, 1, 1,  7,  39.7285240, -83.7079414,   524.0, 2026,  3, 28, 20,  3, 53,       60,      201,  55,  73,   2.3,   1.2,   1.9,  0,  0,  0, 31, 10, 34,  0,  0, 35,  0, 10, 10,  0,  0,  0,  0, 34,  0, 13,  0,  9,  0,  0,  0, 26,  0,  0,  0, 19,  0,  0,  0
6, 11026, 15,KE8EXM,     3.28, 5,   coast,  -15.69,  94791.00,  558.68,  423.88,  161.27, 19.9, 4.04, 4.01, 4.03,  -6.51,  -6.01,   2.15, 223.47,   5.82,   5.44,   0.20,  -0.25,   0.01,   2.38, 4.04, 0.00, 0.00, 0.00, 0.00, 1, 1,  7,  39.7285240, -83.7079414,   524.0, 2026,  3, 28, 20,  3, 53,       60,      201,  55,  73,   2.3,   1.2,   1.9,  0,  0,  0, 31, 10, 34,  0,  0, 35,  0, 10, 10,  0,  0,  0,  0, 34,  0, 13,  0,  9,  0,  0,  0, 26,  0,  0,  0, 19,  0,  0,  0
6, 11026, 15,KE8EXM,     3.29, 5,   coast,  -17.65,  94744.00,  562.81,  428.01,  161.09, 19.9, 4.04, 4.01, 4.03,  -6.49,  -6.31,  -0.37, 227.99,   5.27,   4.53,   0.20,  -0.25,   0.01,   2.31, 4.04, 0.00, 0.00, 0.00, 0.00, 1, 1,  7,  39.7285240, -83.7079414,   524.0, 2026,  3, 28, 20,  3, 53,       60,      201,  55,  73,   2.3,   1.2,   1.9,  0,  0,  0, 31, 10, 34,  0,  0, 35,  0, 10, 10,  0,  0,  0,  0, 34,  0, 13,  0,  9,  0,  0,  0, 26,  0,  0,  0, 19,  0,  0,  0
6, 11026, 15,KE8EXM,     3.30, 5,   coast,  -18.14,  94744.00,  562.81,  428.01,  160.92, 19.9, 4.04, 4.01, 4.03,  -6.93,  -6.53,  -1.75, 225.43,   2.76,   4.22,   0.20,  -0.25,   0.02,   2.27, 4.04, 0.00, 0.00, 0.00, 0.00, 1, 1,  7,  39.7285240, -83.7079414,   524.0, 2026,  3, 28, 20,  3, 53,       60,      201,  55,  73,   2.3,   1.2,   1.9,  0,  0,  0, 31, 10, 34,  0,  0, 35,  0, 10, 10,  0,  0,  0,  0, 34,  0, 13,  0,  9,  0,  0,  0, 26,  0,  0,  0, 19,  0,  0,  0
6, 11026, 15,KE8EXM,     3.31, 5,   coast,  -16.67,  94713.00,  565.54,  430.73,  160.75, 19.9, 4.04, 4.01, 4.03,  -6.51,  -8.05,   1.02, 222.13,   4.23,   4.47,   0.20,  -0.25,   0.02,   2.21, 4.04, 0.00, 0.00, 0.00, 0.00, 1, 1,  7,  39.7285240, -83.7079414,   524.0, 2026,  3, 28, 20,  3, 53,       60,      201,  55,  73,   2.3,   1.2,   1.9,  0,  0,  0, 31, 10, 34,  0,  0, 35,  0, 10, 10,  0,  0,  0,  0, 34,  0, 13,  0,  9,  0,  0,  0, 26,  0,  0,  0, 19,  0,  0,  0
6, 11026, 15,KE8EXM,     3.32, 5,   coast,  -16.67,  94713.00,  565.54,  430.73,  160.58, 19.9, 4.04, 4.01, 4.03,  -6.65,  -8.30,  -0.70, 231.47,   4.05,   3.13,   0.20,  -0.25,   0.03,   2.16, 4.04, 0.00, 0.00, 0.00, 0.00, 1, 1,  7,  39.7285240, -83.7079414,   524.0, 2026,  3, 28, 20,  3, 53,       60,      201,  55,  73,   2.3,   1.2,   1.9,  0,  0,  0, 31, 10, 34,  0,  0, 35,  0, 10, 10,  0,  0,  0,  0, 34,  0, 13,  0,  9,  0,  0,  0, 26,  0,  0,  0, 19,  0,  0,  0
6, 11026, 15,KE8EXM,     3.33, 5,   coast,  -16.67,  94660.00,  570.20,  435.39,  160.41, 19.9, 4.04, 4.01, 4.03,  -6.72,  -8.86,  -1.09, 230.37,   4.72,   2.33,   0.20,  -0.25,   0.04,   2.11, 4.04, 0.00, 0.00, 0.00, 0.00, 1, 1,  7,  39.7285240, -83.7079414,   524.0, 2026,  3, 28, 20,  3, 53,       60,      201,  55,  73,   2.3,   1.2,   1.9,  0,  0,  0, 31, 10, 34,  0,  0, 35,  0, 10, 10,  0,  0,  0,  0, 34,  0, 13,  0,  9,  0,  0,  0, 26,  0,  0,  0, 19,  0,  0,  0
6, 11026, 15,KE8EXM,     3.34, 5,   coast,  -15.69,  94660.00,  570.20,  435.39,  160.24, 19.9, 4.04, 4.01, 4.03,  -6.55,  -7.88,  -3.25, 226.34,   3.25,   1.11,   0.20,  -0.25,   0.05,   2.07, 4.04, 0.00, 0.00, 0.00, 0.00, 1, 1,  7,  39.7285240, -83.7079414,   524.0, 2026,  3, 28, 20,  3, 53,       60,      201,  55,  73,   2.3,   1.2,   1.9,  0,  0,  0, 31, 10, 34,  0,  0, 35,  0, 10, 10,  0,  0,  0,  0, 34,  0, 13,  0,  9,  0,  0,  0, 26,  0,  0,  0, 19,  0,  0,  0
6, 11026, 15,KE8EXM,     3.35, 5,   coast,  -17.65,  94623.00,  573.45,  438.65,  160.08, 19.9, 4.04, 4.01, 4.03,  -6.97,  -7.78,  -2.16, 225.61,   3.62,   0.20,   0.20,  -0.24,   0.05,   2.04, 4.04, 0.00, 0.00, 0.00, 0.00, 1, 1,  7,  39.7285240, -83.7079414,   524.0, 2026,  3, 28, 20,  3, 53,       60,      201,  55,  73,   2.3,   1.2,   1.9,  0,  0,  0, 31, 10, 34,  0,  0, 35,  0, 10, 10,  0,  0,  0,  0, 34,  0, 13,  0,  9,  0,  0,  0, 26,  0,  0,  0, 19,  0,  0,  0
6, 11026, 15,KE8EXM,     3.36, 5,   coast,  -15.69,  94623.00,  573.45,  438.65,  159.91, 19.9, 4.04, 4.01, 4.03,  -6.47,  -7.92,   1.07, 224.39,   6.73,  -0.23,   0.20,  -0.24,   0.06,   1.99, 4.04, 0.00, 0.00, 0.00, 0.00, 1, 1,  7,  39.7285240, -83.7079414,   524.0, 2026,  3, 28, 20,  3, 53,       60,      201,  55,  73,   2.3,   1.2,   1.9,  0,  0,  0, 31, 10, 34,  0,  0, 35,  0, 10, 10,  0,  0,  0,  0, 34,  0, 13,  0,  9,  0,  0,  0, 26,  0,  0,  0, 19,  0,  0,  0
6, 11026, 15,KE8EXM,     3.37, 5,   coast,  -17.16,  94582.00,  577.06,  442.26,  159.74, 19.9, 4.04, 4.01, 4.03,  -6.60,  -6.64,  -1.49, 230.25,   4.84,  -1.45,   0.20,  -0.24,   0.07,   1.97, 4.04, 0.00, 0.00, 0.00, 0.00, 1, 1,  7,  39.7285240, -83.7079414,   524.0, 2026,  3, 28, 20,  3, 53,       60,      201,  55,  73,   2.3,   1.2,   1.9,  0,  0,  0, 31, 10, 34,  0,  0, 35,  0, 10, 10,  0,  0,  0,  0, 34,  0, 13,  0,  9,  0,  0,  0, 26,  0,  0,  0, 19,  0,  0,  0
6, 11026, 15,KE8EXM,     3.38, 5,   coast,  -18.14,  94582.00,  577.06,  442.26,  159.57, 19.9, 4.04, 4.01, 4.03,  -6.57,  -7.57,  -2.96, 225.12,   5.20,  -1.70,   0.21,  -0.23,   0.07,   1.95, 4.04, 0.00, 0.00, 0.00, 0.00, 1, 1,  7,  39.7285240, -83.7079414,   524.0, 2026,  3, 28, 20,  3, 53,       60,      201,  55,  73,   2.3,   1.2,   1.9,  0,  0,  0, 31, 10, 34,  0,  0, 35,  0, 10, 10,  0,  0,  0,  0, 34,  0, 13,  0,  9,  0,  0,  0, 26,  0,  0,  0, 19,  0,  0,  0
6, 11026, 15,KE8EXM,     3.39, 5,   coast,  -16.18,  94548.00,  580.06,  445.25,  159.40, 19.9, 4.04, 4.01, 4.03,  -6.62,  -5.78,  -1.78, 223.78,   5.57,  -2.12,   0.20,  -0.23,   0.08,   1.93, 4.04, 0.00, 0.00, 0.00, 0.00, 1, 1,  7,  39.7285240, -83.7079414,   524.0, 2026,  3, 28, 20,  3, 53,       60,      201,  55,  73,   2.3,   1.2,   1.9,  0,  0,  0, 31, 10, 34,  0,  0, 35,  0, 10, 10,  0,  0,  0,  0, 34,  0, 13,  0,  9,  0,  0,  0, 26,  0,  0,  0, 19,  0,  0,  0
6, 11026, 15,KE8EXM,     3.40, 5,   coast,  -17.16,  94548.00,  580.06,  445.25,  159.24, 19.9, 4.04, 4.01, 4.03,  -6.16,  -6.37,   0.27, 224.08,   8.26,  -2.98,   0.21,  -0.22,   0.09,   1.90, 4.04, 0.00, 0.00, 0.00, 0.00, 1, 1,  7,  39.7285240, -83.7079414,   524.0, 2026,  3, 28, 20,  3, 53,       60,      201,  55,  73,   2.3,   1.2,   1.9,  0,  0,  0, 31, 10, 34,  0,  0, 35,  0, 10, 10,  0,  0,  0,  0, 34,  0, 13,  0,  9,  0,  0,  0, 26,  0,  0,  0, 19,  0,  0,  0
6, 11026, 15,KE8EXM,     3.41, 5,   coast,  -15.69,  94514.00,  583.05,  448.24,  159.07, 19.9, 4.04, 4.01, 4.03,  -6.59,  -7.51,  -2.31, 225.55,   6.55,  -2.86,   0.21,  -0.22,   0.09,   1.90, 4.04, 0.00, 0.00, 0.00, 0.00, 1, 1,  7,  39.7285240, -83.7079414,   524.0, 2026,  3, 28, 20,  3, 53,       60,      201,  55,  73,   2.3,   1.2,   1.9,  0,  0,  0, 31, 10, 34,  0,  0, 35,  0, 10, 10,  0,  0,  0,  0, 34,  0, 13,  0,  9,  0,  0,  0, 26,  0,  0,  0, 19,  0,  0,  0
6, 11026, 15,KE8EXM,     3.42, 5,   coast,  -17.65,  94514.00,  583.05,  448.24,  158.90, 19.9, 4.04, 4.01, 4.03,  -6.10,  -5.71,   0.20, 222.31,   8.50,  -2.92,   0.21,  -0.22,   0.09,   1.89, 4.04, 0.00, 0.00, 0.00, 0.00, 1, 1,  7,  39.7285240, -83.7079414,   524.0, 2026,  3, 28, 20,  3, 53,       60,      201,  55,  73,   2.3,   1.2,   1.9,  0,  0,  0, 31, 10, 34,  0,  0, 35,  0, 10, 10,  0,  0,  0,  0, 34,  0, 13,  0,  9,  0,  0,  0, 26,  0,  0,  0, 19,  0,  0,  0
6, 11026, 15,KE8EXM,     3.43, 5,   coast,  -16.67,  94480.00,  586.04,  451.24,  158.73, 19.9, 4.04, 4.01, 4.03,  -6.70,  -4.66,  -1.65, 225.18,   6.61,  -3.59,   0.21,  -0.21,   0.10,   1.90, 4.04, 0.00, 0.00, 0.00, 0.00, 1, 1,  7,  39.7285240, -83.7079414,   524.0, 2026,  3, 28, 20,  3, 53,       60,      201,  55,  73,   2.3,   1.2,   1.9,  0,  0,  0, 31, 10, 34,  0,  0, 35,  0, 10, 10,  0,  0,  0,  0, 34,  0, 13,  0,  9,  0,  0,  0, 26,  0,  0,  0, 19,  0,  0,  0
6, 11026, 15,KE8EXM,     3.44, 5,   coast,  -17.16,  94480.00,  586.04,  451.24,  158.57, 19.9, 4.04, 4.01, 4.03,  -6.38,  -5.73,   0.99, 221.89,   9.84,  -3.28,   0.21,  -0.20,   0.11,   1.90, 4.04, 0.00, 0.00, 0.00, 0.00, 1, 1,  7,  39.7285240, -83.7079414,   524.0, 2026,  3, 28, 20,  3, 53,       60,      201,  55,  73,   2.3,   1.2,   1.9,  0,  0,  0, 31, 10, 34,  0,  0, 35,  0, 10, 10,  0,  0,  0,  0, 34,  0, 13,  0,  9,  0,  0,  0, 26,  0,  0,  0, 19,  0,  0,  0
6, 11026, 15,KE8EXM,     3.45, 5,   coast,  -16.18,  94442.00,  589.39,  454.59,  158.40, 19.9, 4.04, 4.01, 4.03,  -6.35,  -5.45,  -1.42, 224.51,   8.26,  -3.04,   0.21,  -0.20,   0.11,   1.91, 4.04, 0.00, 0.00, 0.00, 0.00, 1, 1,  7,  39.7285240, -83.7079414,   524.0, 2026,  3, 28, 20,  3, 53,       60,      201,  55,  73,   2.3,   1.2,   1.9,  0,  0,  0, 31, 10, 34,  0,  0, 35,  0, 10, 10,  0,  0,  0,  0, 34,  0, 13,  0,  9,  0,  0,  0, 26,  0,  0,  0, 19,  0,  0,  0
6, 11026, 15,KE8EXM,     3.46, 5,   coast,  -16.18,  94442.00,  589.39,  454.59,  158.24, 19.9, 4.04, 4.01, 4.03,  -6.34,  -4.81,   0.57, 223.90,   9.29,  -2.43,   0.21,  -0.19,   0.11,   1.93, 4.04, 0.00, 0.00, 0.00, 0.00, 1, 1,  7,  39.7285240, -83.7079414,   524.0, 2026,  3, 28, 20,  3, 53,       60,      201,  55,  73,   2.3,   1.2,   1.9,  0,  0,  0, 31, 10, 34,  0,  0, 35,  0, 10, 10,  0,  0,  0,  0, 34,  0, 13,  0,  9,  0,  0,  0, 26,  0,  0,  0, 19,  0,  0,  0
6, 11026, 15,KE8EXM,     3.47, 5,   coast,  -15.69,  94399.00,  593.18,  458.38,  158.07, 19.9, 4.04, 4.01, 4.03,  -6.52,  -5.47,   0.16, 225.18,   8.93,  -3.41,   0.21,  -0.19,   0.12,   1.96, 4.04, 0.00, 0.00, 0.00, 0.00, 1, 1,  7,  39.7285240, -83.7079414,   524.0, 2026,  3, 28, 20,  3, 53,       60,      201,  55,  73,   2.3,   1.2,   1.9,  0,  0,  0, 31, 10, 34,  0,  0, 35,  0, 10, 10,  0,  0,  0,  0, 34,  0, 13,  0,  9,  0,  0,  0, 26,  0,  0,  0, 19,  0,  0,  0
6, 11026, 15,KE8EXM,     3.48, 5,   coast,  -16.67,  94399.00,  593.18,  458.38,  157.91, 19.9, 4.04, 4.01, 4.03,  -6.39,  -8.07,   0.06, 223.17,  10.09,  -2.98,   0.21,  -0.18,   0.12,   2.00, 4.04, 0.00, 0.00, 0.00, 0.00, 1, 1,  7,  39.7285240, -83.7079414,   524.0, 2026,  3, 28, 20,  3, 53,       60,      201,  55,  73,   2.3,   1.2,   1.9,  0,  0,  0, 31, 10, 34,  0,  0, 35,  0, 10, 10,  0,  0,  0,  0, 34,  0, 13,  0,  9,  0,  0,  0, 26,  0,  0,  0, 19,  0,  0,  0
6, 11026, 15,KE8EXM,     3.49, 5,   coast,  -18.14,  94383.00,  594.59,  459.79,  157.74, 19.9, 4.04, 4.01, 4.03,  -6.18,  -6.50,  -0.84, 226.34,   8.81,  -3.10,   0.21,  -0.18,   0.13,   2.04, 4.04, 0.00, 0.00, 0.00, 0.00, 1, 1,  7,  39.7285240, -83.7079414,   524.0, 2026,  3, 28, 20,  3, 53,       60,      201,  55,  73,   2.3,   1.2,   1.9,  0,  0,  0, 31, 10, 34,  0,  0, 35,  0, 10, 10,  0,  0,  0,  0, 34,  0, 13,  0,  9,  0,  0,  0, 26,  0,  0,  0, 19,  0,  0,  0
6, 11026, 15,KE8EXM,     3.50, 5,   coast,  -15.69,  94383.00,  594.59,  459.79,  157.58, 19.9, 4.04, 4.01, 4.03,  -6.65,  -3.77,  -1.57, 228.54,   9.78,  -3.77,   0.21,  -0.17,   0.13,   2.10, 4.04, 0.00, 0.00, 0.00, 0.00, 1, 1,  7,  39.7285240, -83.7079414,   524.0, 2026,  3, 28, 20,  3, 53,       60,      201,  55,  73,   2.3,   1.2,   1.9,  0,  0,  0, 31, 10, 34,  0,  0, 35,  0, 10, 10,  0,  0,  0,  0, 34,  0, 13,  0,  9,  0,  0,  0, 26,  0,  0,  0, 19,  0,  0,  0
6, 11026, 15,KE8EXM,     3.51, 5,   coast,  -13.73,  94328.00,  599.44,  464.64,  157.42, 19.9, 4.04, 4.01, 4.03,  -5.97,  -5.78,   0.11, 223.23,  11.37,  -2.80,   0.21,  -0.16,   0.14,   2.16, 4.04, 0.00, 0.00, 0.00, 0.00, 1, 1,  7,  39.7285240, -83.7079414,   524.0, 2026,  3, 28, 20,  3, 53,       60,      201,  55,  73,   2.3,   1.2,   1.9,  0,  0,  0, 31, 10, 34,  0,  0, 35,  0, 10, 10,  0,  0,  0,  0, 34,  0, 13,  0,  9,  0,  0,  0, 26,  0,  0,  0, 19,  0,  0,  0
6, 11026, 15,KE8EXM,     3.52, 5,   coast,  -16.18,  94328.00,  599.44,  464.64,  157.27, 19.9, 4.04, 4.01, 4.03,  -6.35,  -4.75,  -3.52, 226.28,   9.23,  -3.65,   0.21,  -0.16,   0.14,   2.23, 4.04, 0.00, 0.00, 0.00, 0.00, 1, 1,  7,  39.7285240, -83.7079414,   524.0, 2026,  3, 28, 20,  3, 53,       60,      201,  55,  73,   2.3,   1.2,   1.9,  0,  0,  0, 31, 10, 34,  0,  0, 35,  0, 10, 10,  0,  0,  0,  0, 34,  0, 13,  0,  9,  0,  0,  0, 26,  0,  0,  0, 19,  0,  0,  0
6, 11026, 15,KE8EXM,     3.53, 5,   coast,  -16.18,  94313.00,  600.77,  465.96,  157.11, 20.0, 4.04, 4.01, 4.03,  -6.22,  -5.00,  -0.37, 223.17,  11.43,  -2.86,   0.21,  -0.16,   0.14,   2.31, 4.04, 0.00, 0.00, 0.00, 0.00, 1, 1,  7,  39.7285240, -83.7079414,   524.0, 2026,  3, 28, 20,  3, 53,       60,      201,  55,  73,   2.3,   1.2,   1.9,  0,  0,  0, 31, 10, 34,  0,  0, 35,  0, 10, 10,  0,  0,  0,  0, 34,  0, 13,  0,  9,  0,  0,  0, 26,  0,  0,  0, 19,  0,  0,  0
6, 11026, 15,KE8EXM,     3.54, 5,   coast,  -14.71,  94313.00,  600.77,  465.96,  156.96, 20.0, 4.04, 4.02, 4.03,  -6.00,  -3.87,  -0.42, 221.46,  10.76,  -2.86,   0.21,  -0.14,   0.14,   2.39, 4.05, 0.00, 0.00, 0.00, 0.00, 1, 1,  7,  39.7285240, -83.7079414,   524.0, 2026,  3, 28, 20,  3, 53,       60,      201,  55,  73,   2.3,   1.2,   1.9,  0,  0,  0, 31, 10, 34,  0,  0, 35,  0, 10, 10,  0,  0,  0,  0, 34,  0, 13,  0,  9,  0,  0,  0, 26,  0,  0,  0, 19,  0,  0,  0
6, 11026, 15,KE8EXM,     3.54, 5,   coast,  -14.71,  94313.00,  600.77,  465.96,  156.96, 20.0, 4.04, 4.02, 4.03,  -6.00,  -3.87,  -0.42, 221.46,  10.76,  -2.86,   0.21,  -0.14,   0.14,   2.39, 4.05, 0.00, 0.00, 0.00, 0.00, 1, 1,  7,  39.7285240, -83.7079414,   524.0, 2026,  3, 28, 20,  3, 53,       60,      201,  55,  73,   2.3,   1.2,   1.9,  0,  0,  0, 31, 10, 34,  0,  0, 35,  0, 10, 10,  0,  0,  0,  0, 34,  0, 13,  0,  9,  0,  0,  0, 26,  0,  0,  0, 19,  0,  0,  0
6, 11026, 15,KE8EXM,     3.55, 5,   coast,  -16.67,  94270.00,  604.56,  469.75,  156.80, 19.9, 4.04, 4.02, 4.03,  -6.14,  -4.55,  -0.65, 223.78,  11.92,  -2.86,   0.21,  -0.14,   0.14,   2.48, 4.05, 0.00, 0.00, 0.00, 0.00, 1, 1,  7,  39.7285240, -83.7079414,   524.0, 2026,  3, 28, 20,  3, 53,       60,      201,  55,  73,   2.3,   1.2,   1.9,  0,  0,  0, 31, 10, 34,  0,  0, 35,  0, 10, 10,  0,  0,  0,  0, 34,  0, 13,  0,  9,  0,  0,  0, 26,  0,  0,  0, 19,  0,  0,  0
6, 11026, 15,KE8EXM,     3.56, 5,   coast,  -15.20,  94270.00,  604.56,  469.75,  156.64, 19.9, 4.04, 4.02, 4.03,  -5.94,  -5.62,  -0.56, 220.73,  11.92,  -1.70,   0.21,  -0.13,   0.15,   2.57, 4.05, 0.00, 0.00, 0.00, 0.00, 1, 1,  7,  39.7285240, -83.7079414,   524.0, 2026,  3, 28, 20,  3, 53,       60,      201,  55,  73,   2.3,   1.2,   1.9,  0,  0,  0, 31, 10, 34,  0,  0, 35,  0, 10, 10,  0,  0,  0,  0, 34,  0, 13,  0,  9,  0,  0,  0, 26,  0,  0,  0, 19,  0,  0,  0
6, 11026, 15,KE8EXM,     3.57, 5,   coast,  -16.18,  94231.00,  608.00,  473.20,  156.48, 19.9, 4.04, 4.02, 4.03,  -6.25,  -4.63,  -1.95, 221.40,  10.03,  -1.21,   0.21,  -0.12,   0.15,   2.65, 4.05, 0.00, 0.00, 0.00, 0.00, 1, 1,  7,  39.7285240, -83.7079414,   524.0, 2026,  3, 28, 20,  3, 53,       60,      201,  55,  73,   2.3,   1.2,   1.9,  0,  0,  0, 31, 10, 34,  0,  0, 35,  0, 10, 10,  0,  0,  0,  0, 34,  0, 13,  0,  9,  0,  0,  0, 26,  0,  0,  0, 19,  0,  0,  0
6, 11026, 15,KE8EXM,     3.58, 5,   coast,  -15.20,  94231.00,  608.00,  473.20,  156.32, 19.9, 4.04, 4.02, 4.03,  -5.98,  -3.66,   1.59, 221.21,  12.77,  -1.76,   0.21,  -0.12,   0.15,   2.76, 4.05, 0.00, 0.00, 0.00, 0.00, 1, 1,  7,  39.7285240, -83.7079414,   524.0, 2026,  3, 28, 20,  3, 53,       60,      201,  55,  73,   2.3,   1.2,   1.9,  0,  0,  0, 31, 10, 34,  0,  0, 35,  0, 10, 10,  0,  0,  0,  0, 34,  0, 13,  0,  9,  0,  0,  0, 26,  0,  0,  0, 19,  0,  0,  0
6, 11026, 15,KE8EXM,     3.59, 5,   coast,  -18.14,  94192.00,  611.45,  476.64,  156.16, 19.9, 4.04, 4.02, 4.03,  -5.83,  -5.35,   0.20, 219.75,  11.13,  -0.96,   0.22,  -0.11,   0.15,   2.85, 4.05, 0.00, 0.00, 0.00, 0.00, 1, 1,  7,  39.7285240, -83.7079414,   524.0, 2026,  3, 28, 20,  3, 53,       60,      201,  55,  73,   2.3,   1.2,   1.9,  0,  0,  0, 31, 10, 34,  0,  0, 35,  0, 10, 10,  0,  0,  0,  0, 34,  0, 13,  0,  9,  0,  0,  0, 26,  0,  0,  0, 19,  0,  0,  0
6, 11026, 15,KE8EXM,     3.60, 5,   coast,  -14.22,  94192.00,  611.45,  476.64,  156.01, 19.9, 4.04, 4.02, 4.03,  -6.47,  -5.14,  -2.01, 224.45,  10.09,  -0.72,   0.22,  -0.10,   0.15,   2.94, 4.05, 0.00, 0.00, 0.00, 0.00, 1, 1,  7,  39.7285240, -83.7079414,   524.0, 2026,  3, 28, 20,  3, 53,       60,      201,  55,  73,   2.3,   1.2,   1.9,  0,  0,  0, 31, 10, 34,  0,  0, 35,  0, 10, 10,  0,  0,  0,  0, 34,  0, 13,  0,  9,  0,  0,  0, 26,  0,  0,  0, 19,  0,  0,  0
6, 11026, 15,KE8EXM,     3.61, 5,   coast,  -16.18,  94163.00,  614.01,  479.20,  155.85, 19.9, 4.04, 4.02, 4.03,  -5.70,  -3.68,   1.65, 219.87,  12.41,  -0.60,   0.22,  -0.10,   0.15,   3.04, 4.05, 0.00, 0.00, 0.00, 0.00, 1, 1,  7,  39.7285240, -83.7079414,   524.0, 2026,  3, 28, 20,  3, 53,       60,      201,  55,  73,   2.3,   1.2,   1.9,  0,  0,  0, 31, 10, 34,  0,  0, 35,  0, 10, 10,  0,  0,  0,  0, 34,  0, 13,  0,  9,  0,  0,  0, 26,  0,  0,  0, 19,  0,  0,  0
6, 11026, 15,KE8EXM,     3.62, 5,   coast,  -14.71,  94163.00,  614.01,  479.20,  155.70, 19.9, 4.04, 4.02, 4.03,  -6.39,  -4.21,  -0.75, 220.24,  10.33,  -0.17,   0.22,  -0.09,   0.15,   3.13, 4.05, 0.00, 0.00, 0.00, 0.00, 1, 1,  7,  39.7285240, -83.7079414,   524.0, 2026,  3, 28, 20,  3, 53,       60,      201,  55,  73,   2.3,   1.2,   1.9,  0,  0,  0, 31, 10, 34,  0,  0, 35,  0, 10, 10,  0,  0,  0,  0, 34,  0, 13,  0,  9,  0,  0,  0, 26,  0,  0,  0, 19,  0,  0,  0
6, 11026, 15,KE8EXM,     3.63, 5,   coast,  -13.24,  94129.00,  617.01,  482.20,  155.55, 19.9, 4.04, 4.02, 4.03,  -5.75,  -4.48,   1.90, 222.62,  11.61,   0.32,   0.22,  -0.08,   0.15,   3.24, 4.05, 0.00, 0.00, 0.00, 0.00, 1, 1,  7,  39.7285240, -83.7079414,   524.0, 2026,  3, 28, 20,  3, 53,       60,      201,  55,  73,   2.3,   1.2,   1.9,  0,  0,  0, 31, 10, 34,  0,  0, 35,  0, 10, 10,  0,  0,  0,  0, 34,  0, 13,  0,  9,  0,  0,  0, 26,  0,  0,  0, 19,  0,  0,  0
6, 11026, 15,KE8EXM,     3.64, 5,   coast,  -15.69,  94129.00,  617.01,  482.20,  155.40, 19.9, 4.04, 4.02, 4.03,  -6.05,  -3.94,   1.03, 222.68,   8.20,   0.62,   0.22,  -0.08,   0.15,   3.31, 4.05, 0.00, 0.00, 0.00, 0.00, 1, 1,  7,  39.7285240, -83.7079414,   524.0, 2026,  3, 28, 20,  3, 53,       60,      201,  55,  73,   2.3,   1.2,   1.9,  0,  0,  0, 31, 10, 34,  0,  0, 35,  0, 10, 10,  0,  0,  0,  0, 34,  0, 13,  0,  9,  0,  0,  0, 26,  0,  0,  0, 19,  0,  0,  0
6, 11026, 15,KE8EXM,     3.65, 5,   coast,  -15.69,  94102.00,  619.40,  484.59,  155.25, 20.0, 4.04, 4.02, 4.03,  -6.14,  -3.02,  -0.48, 219.69,  11.00,   1.23,   0.22,  -0.07,   0.15,   3.41, 4.05, 0.00, 0.00, 0.00, 0.00, 1, 1,  7,  39.7285240, -83.7079414,   524.0, 2026,  3, 28, 20,  3, 53,       60,      201,  55,  73,   2.3,   1.2,   1.9,  0,  0,  0, 31, 10, 34,  0,  0, 35,  0, 10, 10,  0,  0,  0,  0, 34,  0, 13,  0,  9,  0,  0,  0, 26,  0,  0,  0, 19,  0,  0,  0
6, 11026, 15,KE8EXM,     3.66, 5,   coast,  -14.71,  94102.00,  619.40,  484.59,  155.10, 20.0, 4.04, 4.02, 4.03,  -5.73,  -3.65,   2.81, 218.77,  10.70,   1.66,   0.22,  -0.07,   0.15,   3.51, 4.05, 0.00, 0.00, 0.00, 0.00, 1, 1,  7,  39.7285240, -83.7079414,   524.0, 2026,  3, 28, 20,  3, 53,       60,      201,  55,  73,   2.3,   1.2,   1.9,  0,  0,  0, 31, 10, 34,  0,  0, 35,  0, 10, 10,  0,  0,  0,  0, 34,  0, 13,  0,  9,  0,  0,  0, 26,  0,  0,  0, 19,  0,  0,  0
6, 11026, 15,KE8EXM,     3.67, 5,   coast,  -14.71,  94069.00,  622.31,  487.51,  154.95, 20.0, 4.04, 4.02, 4.03,  -6.54,  -4.23,   0.22, 222.07,  12.10,   0.81,   0.22,  -0.06,   0.15,   3.62, 4.05, 0.00, 0.00, 0.00, 0.00, 1, 1,  7,  39.7285240, -83.7079414,   524.0, 2026,  3, 28, 20,  3, 53,       60,      201,  55,  73,   2.3,   1.2,   1.9,  0,  0,  0, 31, 10, 34,  0,  0, 35,  0, 10, 10,  0,  0,  0,  0, 34,  0, 13,  0,  9,  0,  0,  0, 26,  0,  0,  0, 19,  0,  0,  0
6, 11026, 15,KE8EXM,     3.68, 5,   coast,  -14.22,  94069.00,  622.31,  487.51,  154.80, 20.0, 4.04, 4.02, 4.03,  -5.43,  -2.88,   2.97, 219.93,   9.72,   2.33,   0.22,  -0.05,   0.15,   3.71, 4.05, 0.00, 0.00, 0.00, 0.00, 1, 1,  7,  39.7285240, -83.7079414,   524.0, 2026,  3, 28, 20,  3, 53,       60,      201,  55,  73,   2.3,   1.2,   1.9,  0,  0,  0, 31, 10, 34,  0,  0, 35,  0, 10, 10,  0,  0,  0,  0, 34,  0, 13,  0,  9,  0,  0,  0, 26,  0,  0,  0, 19,  0,  0,  0
6, 11026, 15,KE8EXM,     3.69, 5,   coast,  -16.18,  94040.00,  624.88,  490.07,  154.65, 19.9, 4.04, 4.02, 4.03,  -6.45,  -1.67,   0.30, 218.65,   6.30,   2.51,   0.22,  -0.04,   0.15,   3.77, 4.05, 0.00, 0.00, 0.00, 0.00, 1, 1,  7,  39.7285240, -83.7079414,   524.0, 2026,  3, 28, 20,  3, 53,       60,      201,  55,  73,   2.3,   1.2,   1.9,  0,  0,  0, 31, 10, 34,  0,  0, 35,  0, 10, 10,  0,  0,  0,  0, 34,  0, 13,  0,  9,  0,  0,  0, 26,  0,  0,  0, 19,  0,  0,  0
6, 11026, 15,KE8EXM,     3.70, 5,   coast,  -14.71,  94040.00,  624.88,  490.07,  154.50, 19.9, 4.04, 4.02, 4.03,  -5.55,  -3.13,   2.88, 215.05,   6.18,   3.67,   0.22,  -0.04,   0.15,   3.83, 4.05, 0.00, 0.00, 0.00, 0.00, 1, 1,  7,  39.7285240, -83.7079414,   524.0, 2026,  3, 28, 20,  3, 53,       60,      201,  55,  73,   2.3,   1.2,   1.9,  0,  0,  0, 31, 10, 34,  0,  0, 35,  0, 10, 10,  0,  0,  0,  0, 34,  0, 13,  0,  9,  0,  0,  0, 26,  0,  0,  0, 19,  0,  0,  0
6, 11026, 15,KE8EXM,     3.71, 5,   coast,  -15.20,  93999.00,  628.50,  493.70,  154.35, 19.9, 4.04, 4.02, 4.03,  -5.97,  -3.42,   1.39, 218.71,   4.72,   2.64,   0.22,  -0.03,   0.15,   3.88, 4.05, 0.00, 0.00, 0.00, 0.00, 1, 1,  7,  39.7285240, -83.7079414,   524.0, 2026,  3, 28, 20,  3, 53,       60,      201,  55,  73,   2.3,   1.2,   1.9,  0,  0,  0, 31, 10, 34,  0,  0, 35,  0, 10, 10,  0,  0,  0,  0, 34,  0, 13,  0,  9,  0,  0,  0, 26,  0,  0,  0, 19,  0,  0,  0
6, 11026, 15,KE8EXM,     3.72, 5,   coast,  -15.69,  93999.00,  628.50,  493.70,  154.20, 19.9, 4.04, 4.02, 4.03,  -5.96,  -4.38,   0.88, 218.77,   6.06,   4.53,   0.22,  -0.02,   0.15,   3.94, 4.05, 0.00, 0.00, 0.00, 0.00, 1, 1,  7,  39.7285240, -83.7079414,   524.0, 2026,  3, 28, 20,  3, 53,       60,      201,  55,  73,   2.3,   1.2,   1.9,  0,  0,  0, 31, 10, 34,  0,  0, 35,  0, 10, 10,  0,  0,  0,  0, 34,  0, 13,  0,  9,  0,  0,  0, 26,  0,  0,  0, 19,  0,  0,  0
6, 11026, 15,KE8EXM,     3.73, 5,   coast,  -12.75,  93970.00,  631.07,  496.26,  154.06, 20.0, 4.04, 4.02, 4.03,  -5.81,  -2.49,   0.57, 218.28,   5.51,   3.92,   0.22,  -0.02,   0.14,   3.99, 4.05, 0.00, 0.00, 0.00, 0.00, 1, 1,  7,  39.7285240, -83.7079414,   524.0, 2026,  3, 28, 20,  3, 53,       60,      201,  55,  73,   2.3,   1.2,   1.9,  0,  0,  0, 31, 10, 34,  0,  0, 35,  0, 10, 10,  0,  0,  0,  0, 34,  0, 13,  0,  9,  0,  0,  0, 26,  0,  0,  0, 19,  0,  0,  0
6, 11026, 15,KE8EXM,     3.74, 5,   coast,  -15.69,  93970.00,  631.07,  496.26,  153.91, 20.0, 4.04, 4.02, 4.03,  -5.75,  -3.35,   1.42, 217.43,   5.63,   4.59,   0.22,  -0.02,   0.14,   4.05, 4.05, 0.00, 0.00, 0.00, 0.00, 1, 1,  7,  39.7285240, -83.7079414,   524.0, 2026,  3, 28, 20,  3, 53,       60,      201,  55,  73,   2.3,   1.2,   1.9,  0,  0,  0, 31, 10, 34,  0,  0, 35,  0, 10, 10,  0,  0,  0,  0, 34,  0, 13,  0,  9,  0,  0,  0, 26,  0,  0,  0, 19,  0,  0,  0
6, 11026, 15,KE8EXM,     3.75, 5,   coast,  -14.71,  93929.00,  634.70,  499.89,  153.76, 19.9, 4.04, 4.02, 4.03,  -5.86,  -5.06,   0.09, 218.65,   5.69,   4.83,   0.22,  -0.02,   0.14,   4.12, 4.05, 0.00, 0.00, 0.00, 0.00, 1, 1,  7,  39.7285240, -83.7079414,   524.0, 2026,  3, 28, 20,  3, 53,       60,      201,  55,  73,   2.3,   1.2,   1.9,  0,  0,  0, 31, 10, 34,  0,  0, 35,  0, 10, 10,  0,  0,  0,  0, 34,  0, 13,  0,  9,  0,  0,  0, 26,  0,  0,  0, 19,  0,  0,  0
6, 11026, 15,KE8EXM,     3.76, 5,   coast,  -16.67,  93929.00,  634.70,  499.89,  153.61, 19.9, 4.04, 4.02, 4.03,  -5.98,  -2.93,   0.48, 216.03,   5.39,   4.28,   0.22,  -0.00,   0.14,   4.18, 4.05, 0.00, 0.00, 0.00, 0.00, 1, 1,  7,  39.7285240, -83.7079414,   524.0, 2026,  3, 28, 20,  3, 53,       60,      201,  55,  73,   2.3,   1.2,   1.9,  0,  0,  0, 31, 10, 34,  0,  0, 35,  0, 10, 10,  0,  0,  0,  0, 34,  0, 13,  0,  9,  0,  0,  0, 26,  0,  0,  0, 19,  0,  0,  0
6, 11026, 15,KE8EXM,     3.77, 5,   coast,  -14.71,  93896.00,  637.62,  502.81,  153.45, 20.0, 4.04, 4.02, 4.03,  -6.01,  -4.58,   1.01, 212.36,   3.37,   5.14,   0.22,   0.00,   0.14,   4.22, 4.05, 0.00, 0.00, 0.00, 0.00, 1, 1,  7,  39.7285240, -83.7079414,   524.0, 2026,  3, 28, 20,  3, 53,       60,      201,  55,  73,   2.3,   1.2,   1.9,  0,  0,  0, 31, 10, 34,  0,  0, 35,  0, 10, 10,  0,  0,  0,  0, 34,  0, 13,  0,  9,  0,  0,  0, 26,  0,  0,  0, 19,  0,  0,  0
6, 11026, 15,KE8EXM,     3.78, 5,   coast,  -14.71,  93896.00,  637.62,  502.81,  153.30, 20.0, 4.04, 4.02, 4.03,  -5.36,  -3.55,   2.15, 215.78,   3.56,   4.65,   0.22,   0.01,   0.13,   4.27, 4.05, 0.00, 0.00, 0.00, 0.00, 1, 1,  7,  39.7285240, -83.7079414,   524.0, 2026,  3, 28, 20,  3, 53,       60,      201,  55,  73,   2.3,   1.2,   1.9,  0,  0,  0, 31, 10, 34,  0,  0, 35,  0, 10, 10,  0,  0,  0,  0, 34,  0, 13,  0,  9,  0,  0,  0, 26,  0,  0,  0, 19,  0,  0,  0
6, 11026, 15,KE8EXM,     3.79, 5,   coast,  -14.71,  93869.00,  640.01,  505.20,  153.15, 19.9, 4.04, 4.02, 4.03,  -5.55,  -4.50,  -0.28, 221.21,   2.70,   4.83,   0.22,   0.01,   0.13,   4.31, 4.05, 0.00, 0.00, 0.00, 0.00, 1, 1,  7,  39.7285240, -83.7079414,   524.0, 2026,  3, 28, 20,  3, 53,       60,      201,  55,  73,   2.3,   1.2,   1.9,  0,  0,  0, 31, 10, 34,  0,  0, 35,  0, 10, 10,  0,  0,  0,  0, 34,  0, 13,  0,  9,  0,  0,  0, 26,  0,  0,  0, 19,  0,  0,  0
6, 11026, 15,KE8EXM,     3.80, 5,   coast,  -14.71,  93869.00,  640.01,  505.20,  153.01, 19.9, 4.04, 4.02, 4.03,  -5.96,  -4.92,  -1.88, 216.03,   3.19,   4.53,   0.22,   0.02,   0.13,   4.36, 4.05, 0.00, 0.00, 0.00, 0.00, 1, 1,  7,  39.7285240, -83.7079414,   524.0, 2026,  3, 28, 20,  3, 53,       60,      201,  55,  73,   2.3,   1.2,   1.9,  0,  0,  0, 31, 10, 34,  0,  0, 35,  0, 10, 10,  0,  0,  0,  0, 34,  0, 13,  0,  9,  0,  0,  0, 26,  0,  0,  0, 19,  0,  0,  0
6, 11026, 15,KE8EXM,     3.81, 5,   coast,  -15.20,  93825.00,  643.91,  509.10,  152.85, 20.0, 4.04, 4.02, 4.03,  -5.68,  -4.34,   1.04, 209.19,   2.89,   4.83,   0.22,   0.02,   0.12,   4.40, 4.05, 0.00, 0.00, 0.00, 0.00, 1, 1,  7,  39.7285240, -83.7079414,   524.0, 2026,  3, 28, 20,  3, 53,       60,      201,  55,  73,   2.3,   1.2,   1.9,  0,  0,  0, 31, 10, 34,  0,  0, 35,  0, 10, 10,  0,  0,  0,  0, 34,  0, 13,  0,  9,  0,  0,  0, 26,  0,  0,  0, 19,  0,  0,  0
6, 11026, 15,KE8EXM,     3.82, 5,   coast,  -14.22,  93825.00,  643.91,  509.10,  152.70, 20.0, 4.04, 4.02, 4.03,  -5.95,  -4.14,  -2.03, 215.90,   0.69,   4.35,   0.22,   0.02,   0.12,   4.43, 4.05, 0.00, 0.00, 0.00, 0.00, 1, 1,  7,  39.7285240, -83.7079414,   524.0, 2026,  3, 28, 20,  3, 53,       60,      201,  55,  73,   2.3,   1.2,   1.9,  0,  0,  0, 31, 10, 34,  0,  0, 35,  0, 10, 10,  0,  0,  0,  0, 34,  0, 13,  0,  9,  0,  0,  0, 26,  0,  0,  0, 19,  0,  0,  0
6, 11026, 15,KE8EXM,     3.83, 5,   coast,  -17.16,  93781.00,  647.81,  513.00,  152.54, 20.0, 4.04, 4.02, 4.03,  -5.45,  -4.71,   0.93, 213.40,   4.29,   3.98,   0.22,   0.03,   0.12,   4.48, 4.05, 0.00, 0.00, 0.00, 0.00, 1, 1,  7,  39.7285240, -83.7079414,   524.0, 2026,  3, 28, 20,  3, 53,       60,      201,  55,  73,   2.3,   1.2,   1.9,  0,  0,  0, 31, 10, 34,  0,  0, 35,  0, 10, 10,  0,  0,  0,  0, 34,  0, 13,  0,  9,  0,  0,  0, 26,  0,  0,  0, 19,  0,  0,  0
6, 11026, 15,KE8EXM,     3.84, 5,   coast,  -16.67,  93781.00,  647.81,  513.00,  152.38, 20.0, 4.04, 4.02, 4.03,  -6.10,  -4.42,  -4.12, 213.16,   1.24,   3.86,   0.22,   0.04,   0.12,   4.51, 4.05, 0.00, 0.00, 0.00, 0.00, 1, 1,  7,  39.7285240, -83.7079414,   524.0, 2026,  3, 28, 20,  3, 53,       60,      201,  55,  73,   2.3,   1.2,   1.9,  0,  0,  0, 31, 10, 34,  0,  0, 35,  0, 10, 10,  0,  0,  0,  0, 34,  0, 13,  0,  9,  0,  0,  0, 26,  0,  0,  0, 19,  0,  0,  0
6, 11026, 15,KE8EXM,     3.85, 5,   coast,  -17.16,  93745.00,  651.00,  516.19,  152.22, 20.0, 4.04, 4.02, 4.03,  -5.75,  -4.46,   0.44, 210.78,   3.25,   3.74,   0.22,   0.04,   0.11,   4.56, 4.05, 0.00, 0.00, 0.00, 0.00, 1, 1,  7,  39.7285240, -83.7079414,   524.0, 2026,  3, 28, 20,  3, 53,       60,      201,  55,  73,   2.3,   1.2,   1.9,  0,  0,  0, 31, 10, 34,  0,  0, 35,  0, 10, 10,  0,  0,  0,  0, 34,  0, 13,  0,  9,  0,  0,  0, 26,  0,  0,  0, 19,  0,  0,  0
6, 11026, 15,KE8EXM,     3.86, 5,   coast,  -15.20,  93745.00,  651.00,  516.19,  152.06, 20.0, 3.99, 3.98, 3.99,  -5.81,  -4.71,  -3.25, 211.69,   2.52,   3.55,   0.22,   0.04,   0.11,   4.60, 3.99, 0.00, 0.00, 0.00, 0.17, 1, 1,  7,  39.7285240, -83.7079414,   524.0, 2026,  3, 28, 20,  3, 53,       60,      201,  55,  73,   2.3,   1.2,   1.9,  0,  0,  0, 31, 10, 34,  0,  0, 35,  0, 10, 10,  0,  0,  0,  0, 34,  0, 13,  0,  9,  0,  0,  0, 26,  0,  0,  0, 19,  0,  0,  0
6, 11026, 15,KE8EXM,     3.86, 5,   coast,  -15.20,  93745.00,  651.00,  516.19,  152.06, 20.0, 3.99, 3.98, 3.99,  -5.81,  -4.71,  -3.25, 211.69,   2.52,   3.55,   0.22,   0.04,   0.11,   4.60, 3.99, 0.00, 0.00, 0.00, 0.17, 1, 1,  7,  39.7285240, -83.7079414,   524.0, 2026,  3, 28, 20,  3, 53,       60,      201,  55,  73,   2.3,   1.2,   1.9,  0,  0,  0, 31, 10, 34,  0,  0, 35,  0, 10, 10,  0,  0,  0,  0, 34,  0, 13,  0,  9,  0,  0,  0, 26,  0,  0,  0, 19,  0,  0,  0
6, 11026, 15,KE8EXM,     3.87, 5,   coast,  -16.18,  93703.00,  654.72,  519.91,  151.90, 20.0, 3.99, 3.98, 3.99,  -5.48,  -3.48,  -0.87, 210.72,   4.53,   3.49,   0.22,   0.05,   0.10,   4.66, 3.99, 0.00, 0.00, 0.00, 0.17, 1, 1,  7,  39.7285240, -83.7079414,   524.0, 2026,  3, 28, 20,  3, 53,       60,      201,  55,  73,   2.3,   1.2,   1.9,  0,  0,  0, 31, 10, 34,  0,  0, 35,  0, 10, 10,  0,  0,  0,  0, 34,  0, 13,  0,  9,  0,  0,  0, 26,  0,  0,  0, 19,  0,  0,  0
6, 11026, 15,KE8EXM,     3.88, 5,   coast,  -15.20,  93703.00,  654.72,  519.91,  151.75, 20.0, 3.99, 3.98, 3.99,  -5.83,  -4.65,  -3.23, 207.66,   3.86,   3.43,   0.22,   0.05,   0.10,   4.71, 3.99, 0.00, 0.00, 0.00, 0.17, 1, 1,  7,  39.7285240, -83.7079414,   524.0, 2026,  3, 28, 20,  3, 53,       60,      201,  55,  73,   2.3,   1.2,   1.9,  0,  0,  0, 31, 10, 34,  0,  0, 35,  0, 10, 10,  0,  0,  0,  0, 34,  0, 13,  0,  9,  0,  0,  0, 26,  0,  0,  0, 19,  0,  0,  0
6, 11026, 15,KE8EXM,     3.89, 5,   coast,  -14.71,  93667.00,  657.91,  523.11,  151.60, 20.0, 3.99, 3.98, 3.99,  -5.60,  -4.74,  -2.45, 206.57,   4.35,   3.31,   0.22,   0.06,   0.10,   4.77, 3.99, 0.00, 0.00, 0.00, 0.17, 1, 1,  7,  39.7285240, -83.7079414,   524.0, 2026,  3, 28, 20,  3, 53,       60,      201,  55,  73,   2.3,   1.2,   1.9,  0,  0,  0, 31, 10, 34,  0,  0, 35,  0, 10, 10,  0,  0,  0,  0, 34,  0, 13,  0,  9,  0,  0,  0, 26,  0,  0,  0, 19,  0,  0,  0
6, 11026, 15,KE8EXM,     3.90, 5,   coast,  -14.71,  93667.00,  657.91,  523.11,  151.44, 20.0, 3.99, 3.98, 3.99,  -5.73,  -4.66,  -2.80, 208.15,   4.17,   3.61,   0.22,   0.06,   0.09,   4.82, 3.99, 0.00, 0.00, 0.00, 0.17, 1, 1,  7,  39.7285240, -83.7079414,   524.0, 2026,  3, 28, 20,  3, 53,       60,      201,  55,  73,   2.3,   1.2,   1.9,  0,  0,  0, 31, 10, 34,  0,  0, 35,  0, 10, 10,  0,  0,  0,  0, 34,  0, 13,  0,  9,  0,  0,  0, 26,  0,  0,  0, 19,  0,  0,  0
6, 11026, 15,KE8EXM,     3.91, 5,   coast,  -14.22,  93621.00,  662.00,  527.19,  151.29, 19.9, 3.99, 3.98, 3.99,  -5.73,  -4.77,  -3.06, 202.90,   6.79,   3.74,   0.22,   0.06,   0.09,   4.90, 3.99, 0.00, 0.00, 0.00, 0.17, 1, 1,  7,  39.7285240, -83.7079414,   524.0, 2026,  3, 28, 20,  3, 53,       60,      201,  55,  73,   2.3,   1.2,   1.9,  0,  0,  0, 31, 10, 34,  0,  0, 35,  0, 10, 10,  0,  0,  0,  0, 34,  0, 13,  0,  9,  0,  0,  0, 26,  0,  0,  0, 19,  0,  0,  0
6, 11026, 15,KE8EXM,     3.92, 5,   coast,  -17.16,  93621.00,  662.00,  527.19,  151.14, 19.9, 3.99, 3.98, 3.99,  -5.77,  -4.65,  -2.07, 203.39,   6.85,   3.25,   0.22,   0.07,   0.08,   4.97, 3.99, 0.00, 0.00, 0.00, 0.17, 1, 1,  7,  39.7285240, -83.7079414,   524.0, 2026,  3, 28, 20,  3, 53,       60,      201,  55,  73,   2.3,   1.2,   1.9,  0,  0,  0, 31, 10, 34,  0,  0, 35,  0, 10, 10,  0,  0,  0,  0, 34,  0, 13,  0,  9,  0,  0,  0, 26,  0,  0,  0, 19,  0,  0,  0
6, 11026, 15,KE8EXM,     3.93, 5,   coast,  -14.71,  93579.00,  665.72,  530.92,  150.98, 20.0, 3.99, 3.98, 3.99,  -5.73,  -5.71,  -2.97, 203.15,   7.40,   2.94,   0.22,   0.07,   0.08,   5.04, 3.99, 0.00, 0.00, 0.00, 0.17, 1, 1,  7,  39.7285240, -83.7079414,   524.0, 2026,  3, 28, 20,  3, 53,       60,      201,  55,  73,   2.3,   1.2,   1.9,  0,  0,  0, 31, 10, 34,  0,  0, 35,  0, 10, 10,  0,  0,  0,  0, 34,  0, 13,  0,  9,  0,  0,  0, 26,  0,  0,  0, 19,  0,  0,  0
6, 11026, 15,KE8EXM,     3.94, 5,   coast,  -16.18,  93579.00,  665.72,  530.92,  150.83, 20.0, 3.99, 3.98, 3.99,  -5.53,  -4.35,  -2.50, 201.93,   8.20,   3.19,   0.22,   0.07,   0.07,   5.11, 3.99, 0.00, 0.00, 0.00, 0.17, 1, 1,  7,  39.7285240, -83.7079414,   524.0, 2026,  3, 28, 20,  3, 53,       60,      201,  55,  73,   2.3,   1.2,   1.9,  0,  0,  0, 31, 10, 34,  0,  0, 35,  0, 10, 10,  0,  0,  0,  0, 34,  0, 13,  0,  9,  0,  0,  0, 26,  0,  0,  0, 19,  0,  0,  0
6, 11026, 15,KE8EXM,     3.95, 5,   coast,  -15.69,  93559.00,  667.50,  532.69,  150.67, 20.0, 3.99, 3.98, 3.99,  -5.70,  -3.56,  -2.46, 200.58,   8.50,   3.00,   0.22,   0.07,   0.07,   5.19, 3.99, 0.00, 0.00, 0.00, 0.17, 1, 1,  7,  39.7285240, -83.7079414,   524.0, 2026,  3, 28, 20,  3, 53,       60,      201,  55,  73,   2.3,   1.2,   1.9,  0,  0,  0, 31, 10, 34,  0,  0, 35,  0, 10, 10,  0,  0,  0,  0, 34,  0, 13,  0,  9,  0,  0,  0, 26,  0,  0,  0, 19,  0,  0,  0
6, 11026, 15,KE8EXM,     3.96, 5,   coast,  -16.18,  93559.00,  667.50,  532.69,  150.52, 20.0, 3.99, 3.98, 3.99,  -5.62,  -4.53,  -1.06, 198.39,  10.15,   3.31,   0.22,   0.08,   0.06,   5.27, 3.99, 0.00, 0.00, 0.00, 0.17, 1, 1,  7,  39.7285240, -83.7079414,   524.0, 2026,  3, 28, 20,  3, 53,       60,      201,  55,  73,   2.3,   1.2,   1.9,  0,  0,  0, 31, 10, 34,  0,  0, 35,  0, 10, 10,  0,  0,  0,  0, 34,  0, 13,  0,  9,  0,  0,  0, 26,  0,  0,  0, 19,  0,  0,  0
6, 11026, 15,KE8EXM,     3.97, 5,   coast,  -14.22,  93521.00,  670.87,  536.07,  150.36, 20.0, 3.99, 3.98, 3.99,  -6.02,  -5.91,  -3.33, 201.20,   9.66,   3.25,   0.22,   0.08,   0.06,   5.36, 3.99, 0.00, 0.00, 0.00, 0.17, 1, 1,  7,  39.7285240, -83.7079414,   524.0, 2026,  3, 28, 20,  3, 53,       60,      201,  55,  73,   2.3,   1.2,   1.9,  0,  0,  0, 31, 10, 34,  0,  0, 35,  0, 10, 10,  0,  0,  0,  0, 34,  0, 13,  0,  9,  0,  0,  0, 26,  0,  0,  0, 19,  0,  0,  0
6, 11026, 15,KE8EXM,     3.98, 5,   coast,  -15.69,  93521.00,  670.87,  536.07,  150.21, 20.0, 3.99, 3.98, 3.99,  -5.35,  -5.35,   0.40, 199.30,  11.80,   3.31,   0.22,   0.08,   0.05,   5.45, 3.99, 0.00, 0.00, 0.00, 0.17, 1, 1,  7,  39.7285240, -83.7079414,   524.0, 2026,  3, 28, 20,  3, 53,       60,      201,  55,  73,   2.3,   1.2,   1.9,  0,  0,  0, 31, 10, 34,  0,  0, 35,  0, 10, 10,  0,  0,  0,  0, 34,  0, 13,  0,  9,  0,  0,  0, 26,  0,  0,  0, 19,  0,  0,  0
6, 11026, 15,KE8EXM,     3.99, 5,   coast,  -14.71,  93479.00,  674.61,  539.80,  150.05, 19.9, 3.99, 3.98, 3.99,  -5.78,  -4.63,  -2.58, 201.32,   9.17,   2.88,   0.22,   0.08,   0.04,   5.52, 3.99, 0.00, 0.00, 0.00, 0.17, 1, 1,  7,  39.7285240, -83.7079414,   524.0, 2026,  3, 28, 20,  3, 53,       60,      201,  55,  73,   2.3,   1.2,   1.9,  0,  0,  0, 31, 10, 34,  0,  0, 35,  0, 10, 10,  0,  0,  0,  0, 34,  0, 13,  0,  9,  0,  0,  0, 26,  0,  0,  0, 19,  0,  0,  0
6, 11026, 15,KE8EXM,     4.00, 5,   coast,  -18.14,  93479.00,  674.61,  539.80,  149.89, 19.9, 3.99, 3.98, 3.99,  -5.83,  -4.99,  -0.43, 200.04,  10.82,   2.64,   0.22,   0.09,   0.04,   5.60, 3.99, 0.00, 0.00, 0.00, 0.17, 1, 1,  7,  39.7285240, -83.7079414,   524.0, 2026,  3, 28, 20,  3, 53,       60,      201,  55,  73,   2.3,   1.2,   1.9,  0,  0,  0, 31, 10, 34,  0,  0, 35,  0, 10, 10,  0,  0,  0,  0, 34,  0, 13,  0,  9,  0,  0,  0, 26,  0,  0,  0, 19,  0,  0,  0
6, 11026, 15,KE8EXM,     4.01, 5,   coast,  -16.18,  93441.00,  677.98,  543.18,  149.73, 20.0, 3.99, 3.98, 3.99,  -5.41,  -4.83,  -0.98, 199.79,  11.43,   2.88,   0.22,   0.09,   0.03,   5.68, 3.99, 0.00, 0.00, 0.00, 0.17, 1, 1,  7,  39.7285240, -83.7079414,   524.0, 2026,  3, 28, 20,  3, 53,       60,      201,  55,  73,   2.3,   1.2,   1.9,  0,  0,  0, 31, 10, 34,  0,  0, 35,  0, 10, 10,  0,  0,  0,  0, 34,  0, 13,  0,  9,  0,  0,  0, 26,  0,  0,  0, 19,  0,  0,  0
6, 11026, 15,KE8EXM,     4.02, 5,   coast,  -16.18,  93441.00,  677.98,  543.18,  149.57, 20.0, 3.99, 3.98, 3.99,  -5.59,  -5.04,  -2.28, 201.32,  10.82,   3.31,   0.22,   0.09,   0.03,   5.76, 3.99, 0.00, 0.00, 0.00, 0.17, 1, 1,  7,  39.7285240, -83.7079414,   524.0, 2026,  3, 28, 20,  3, 53,       60,      201,  55,  73,   2.3,   1.2,   1.9,  0,  0,  0, 31, 10, 34,  0,  0, 35,  0, 10, 10,  0,  0,  0,  0, 34,  0, 13,  0,  9,  0,  0,  0, 26,  0,  0,  0, 19,  0,  0,  0
6, 11026, 15,KE8EXM,     4.03, 5,   coast,  -16.67,  93399.00,  681.72,  546.91,  149.41, 19.9, 3.99, 3.98, 3.99,  -5.48,  -4.35,  -0.23, 199.49,  11.13,   2.94,   0.22,   0.09,   0.02,   5.84, 3.99, 0.00, 0.00, 0.00, 0.17, 1, 1,  7,  39.7285240, -83.7079414,   524.0, 2026,  3, 28, 20,  3, 53,       60,      201,  55,  73,   2.3,   1.2,   1.9,  0,  0,  0, 31, 10, 34,  0,  0, 35,  0, 10, 10,  0,  0,  0,  0, 34,  0, 13,  0,  9,  0,  0,  0, 26,  0,  0,  0, 19,  0,  0,  0
6, 11026, 15,KE8EXM,     4.04, 5,   coast,  -14.71,  93399.00,  681.72,  546.91,  149.26, 19.9, 3.99, 3.98, 3.99,  -5.65,  -5.49,  -2.69, 199.67,  10.58,   2.88,   0.22,   0.09,   0.02,   5.91, 3.99, 0.00, 0.00, 0.00, 0.17, 1, 1,  7,  39.7285240, -83.7079414,   524.0, 2026,  3, 28, 20,  3, 53,       60,      201,  55,  73,   2.3,   1.2,   1.9,  0,  0,  0, 31, 10, 34,  0,  0, 35,  0, 10, 10,  0,  0,  0,  0, 34,  0, 13,  0,  9,  0,  0,  0, 26,  0,  0,  0, 19,  0,  0,  0
6, 11026, 15,KE8EXM,     4.05, 5,   coast,  -13.73,  93370.00,  684.30,  549.49,  149.11, 20.0, 3.99, 3.98, 3.99,  -5.31,  -5.20,  -0.83, 201.62,  11.86,   3.25,   0.22,   0.09,   0.01,   5.99, 3.99, 0.00, 0.00, 0.00, 0.17, 1, 1,  7,  39.7285240, -83.7079414,   524.0, 2026,  3, 28, 20,  3, 53,       60,      201,  55,  73,   2.3,   1.2,   1.9,  0,  0,  0, 31, 10, 34,  0,  0, 35,  0, 10, 10,  0,  0,  0,  0, 34,  0, 13,  0,  9,  0,  0,  0, 26,  0,  0,  0, 19,  0,  0,  0
6, 11026, 15,KE8EXM,     4.06, 5,   coast,  -13.73,  93370.00,  684.30,  549.49,  148.96, 20.0, 3.99, 3.98, 3.99,  -5.77,  -4.22,  -2.67, 201.07,  11.67,   3.25,   0.22,   0.09,   0.00,   6.07, 3.99, 0.00, 0.00, 0.00, 0.17, 1, 1,  7,  39.7285240, -83.7079414,   524.0, 2026,  3, 28, 20,  3, 53,       60,      201,  55,  73,   2.3,   1.2,   1.9,  0,  0,  0, 31, 10, 34,  0,  0, 35,  0, 10, 10,  0,  0,  0,  0, 34,  0, 13,  0,  9,  0,  0,  0, 26,  0,  0,  0, 19,  0,  0,  0
6, 11026, 15,KE8EXM,     4.07, 5,   coast,  -15.20,  93335.00,  687.41,  552.60,  148.81, 19.9, 3.99, 3.98, 3.99,  -5.73,  -5.07,  -1.18, 198.57,  11.06,   2.82,   0.22,   0.09,  -0.00,   6.14, 3.99, 0.00, 0.00, 0.00, 0.17, 1, 1,  7,  39.7285240, -83.7079414,   524.0, 2026,  3, 28, 20,  3, 53,       60,      201,  55,  73,   2.3,   1.2,   1.9,  0,  0,  0, 31, 10, 34,  0,  0, 35,  0, 10, 10,  0,  0,  0,  0, 34,  0, 13,  0,  9,  0,  0,  0, 26,  0,  0,  0, 19,  0,  0,  0
6, 11026, 15,KE8EXM,     4.08, 5,   coast,  -15.20,  93335.00,  687.41,  552.60,  148.66, 19.9, 3.99, 3.98, 3.99,  -5.26,  -5.10,   0.08, 197.84,  12.59,   2.70,   0.22,   0.09,  -0.00,   6.21, 3.99, 0.00, 0.00, 0.00, 0.17, 1, 1,  7,  39.7285240, -83.7079414,   524.0, 2026,  3, 28, 20,  3, 53,       60,      201,  55,  73,   2.3,   1.2,   1.9,  0,  0,  0, 31, 10, 34,  0,  0, 35,  0, 10, 10,  0,  0,  0,  0, 34,  0, 13,  0,  9,  0,  0,  0, 26,  0,  0,  0, 19,  0,  0,  0
6, 11026, 15,KE8EXM,     4.09, 5,   coast,  -15.69,  93298.00,  690.70,  555.89,  148.51, 20.0, 3.99, 3.98, 3.99,  -5.65,  -4.73,  -2.10, 202.11,  11.55,   3.25,   0.22,   0.09,  -0.01,   6.28, 3.99, 0.00, 0.00, 0.00, 0.17, 1, 1,  7,  39.7285240, -83.7079414,   524.0, 2026,  3, 28, 20,  3, 53,       60,      201,  55,  73,   2.3,   1.2,   1.9,  0,  0,  0, 31, 10, 34,  0,  0, 35,  0, 10, 10,  0,  0,  0,  0, 34,  0, 13,  0,  9,  0,  0,  0, 26,  0,  0,  0, 19,  0,  0,  0
6, 11026, 15,KE8EXM,     4.10, 5,   coast,  -16.18,  93298.00,  690.70,  555.89,  148.35, 20.0, 3.99, 3.98, 3.99,  -5.69,  -3.93,  -1.05, 199.18,  12.41,   3.25,   0.23,   0.09,  -0.02,   6.35, 3.99, 0.00, 0.00, 0.00, 0.17, 1, 1,  7,  39.7285240, -83.7079414,   524.0, 2026,  3, 28, 20,  3, 53,       60,      201,  55,  73,   2.3,   1.2,   1.9,  0,  0,  0, 31, 10, 34,  0,  0, 35,  0, 10, 10,  0,  0,  0,  0, 34,  0, 13,  0,  9,  0,  0,  0, 26,  0,  0,  0, 19,  0,  0,  0
6, 11026, 15,KE8EXM,     4.11, 5,   coast,  -15.69,  93253.00,  694.71,  559.90,  148.20, 20.0, 3.99, 3.98, 3.99,  -5.40,  -4.27,  -0.51, 198.20,  13.44,   3.37,   0.23,   0.09,  -0.03,   6.43, 3.99, 0.00, 0.00, 0.00, 0.17, 1, 1,  7,  39.7285240, -83.7079414,   524.0, 2026,  3, 28, 20,  3, 53,       60,      201,  55,  73,   2.3,   1.2,   1.9,  0,  0,  0, 31, 10, 34,  0,  0, 35,  0, 10, 10,  0,  0,  0,  0, 34,  0, 13,  0,  9,  0,  0,  0, 26,  0,  0,  0, 19,  0,  0,  0
6, 11026, 15,KE8EXM,     4.11, 5,   coast,  -15.69,  93253.00,  694.71,  559.90,  148.20, 20.0, 3.99, 3.98, 3.99,  -5.40,  -4.27,  -0.51, 198.20,  13.44,   3.37,   0.23,   0.09,  -0.03,   6.43, 3.99, 0.00, 0.00, 0.00, 0.17, 1, 1,  7,  39.7285240, -83.7079414,   524.0, 2026,  3, 28, 20,  3, 53,       60,      201,  55,  73,   2.3,   1.2,   1.9,  0,  0,  0, 31, 10, 34,  0,  0, 35,  0, 10, 10,  0,  0,  0,  0, 34,  0, 13,  0,  9,  0,  0,  0, 26,  0,  0,  0, 19,  0,  0,  0
6, 11026, 15,KE8EXM,     4.11, 5,   coast,  -15.69,  93253.00,  694.71,  559.90,  148.20, 20.0, 3.99, 3.98, 3.99,  -5.40,  -4.27,  -0.51, 198.20,  13.44,   3.37,   0.23,   0.09,  -0.03,   6.43, 3.99, 0.00, 0.00, 0.00, 0.17, 1, 1,  7,  39.7285240, -83.7079414,   524.0, 2026,  3, 28, 20,  3, 53,       60,      201,  55,  73,   2.3,   1.2,   1.9,  0,  0,  0, 31, 10, 34,  0,  0, 35,  0, 10, 10,  0,  0,  0,  0, 34,  0, 13,  0,  9,  0,  0,  0, 26,  0,  0,  0, 19,  0,  0,  0
6, 11026, 15,KE8EXM,     4.12, 5,   coast,  -16.18,  93253.00,  694.71,  559.90,  148.04, 20.0, 3.99, 3.98, 3.99,  -5.54,  -5.07,  -1.82, 200.16,  12.41,   3.49,   0.23,   0.09,  -0.04,   6.50, 3.99, 0.00, 0.00, 0.00, 0.17, 1, 1,  6,  39.7284778, -83.7078050,   666.0, 2026,  3, 28, 20,  3, 54,       68,      341,  65,  79,   2.5,   1.4,   2.0,  0,  0,  0, 30,  8, 25,  0,  0, 23,  0,  0,  9,  0,  0,  0,  0, 23,  0, 30,  0,  0,  0,  0,  0, 32,  0,  0,  0, 36,  0,  0,  0
6, 11026, 15,KE8EXM,     4.13, 5,   coast,  -13.73,  93226.00,  697.11,  562.30,  147.89, 19.9, 3.99, 3.98, 3.99,  -5.35,  -4.25,   0.26, 200.22,  13.20,   3.61,   0.22,   0.09,  -0.04,   6.57, 3.99, 0.00, 0.00, 0.00, 0.17, 1, 1,  6,  39.7284778, -83.7078050,   666.0, 2026,  3, 28, 20,  3, 54,       68,      341,  65,  79,   2.5,   1.4,   2.0,  0,  0,  0, 30,  8, 25,  0,  0, 23,  0,  0,  9,  0,  0,  0,  0, 23,  0, 30,  0,  0,  0,  0,  0, 32,  0,  0,  0, 36,  0,  0,  0
6, 11026, 15,KE8EXM,     4.14, 5,   coast,  -15.69,  93226.00,  697.11,  562.30,  147.74, 19.9, 3.99, 3.98, 3.99,  -5.29,  -3.76,  -1.59, 199.79,  12.47,   3.43,   0.22,   0.09,  -0.04,   6.64, 3.99, 0.00, 0.00, 0.00, 0.17, 1, 1,  6,  39.7284778, -83.7078050,   666.0, 2026,  3, 28, 20,  3, 54,       68,      341,  65,  79,   2.5,   1.4,   2.0,  0,  0,  0, 30,  8, 25,  0,  0, 23,  0,  0,  9,  0,  0,  0,  0, 23,  0, 30,  0,  0,  0,  0,  0, 32,  0,  0,  0, 36,  0,  0,  0
6, 11026, 15,KE8EXM,     4.15, 5,   coast,  -14.22,  93180.00,  701.21,  566.40,  147.59, 19.9, 3.99, 3.98, 3.99,  -5.61,  -4.78,  -1.11, 200.95,  12.53,   3.92,   0.23,   0.09,  -0.06,   6.71, 3.99, 0.00, 0.00, 0.00, 0.17, 1, 1,  6,  39.7284778, -83.7078050,   666.0, 2026,  3, 28, 20,  3, 54,       68,      341,  65,  79,   2.5,   1.4,   2.0,  0,  0,  0, 30,  8, 25,  0,  0, 23,  0,  0,  9,  0,  0,  0,  0, 23,  0, 30,  0,  0,  0,  0,  0, 32,  0,  0,  0, 36,  0,  0,  0
6, 11026, 15,KE8EXM,     4.16, 5,   coast,  -14.22,  93180.00,  701.21,  566.40,  147.44, 19.9, 3.99, 3.98, 3.99,  -5.16,  -4.34,   0.85, 199.55,  13.57,   4.04,   0.22,   0.08,  -0.06,   6.78, 3.99, 0.00, 0.00, 0.00, 0.17, 1, 1,  6,  39.7284778, -83.7078050,   666.0, 2026,  3, 28, 20,  3, 54,       68,      341,  65,  79,   2.5,   1.4,   2.0,  0,  0,  0, 30,  8, 25,  0,  0, 23,  0,  0,  9,  0,  0,  0,  0, 23,  0, 30,  0,  0,  0,  0,  0, 32,  0,  0,  0, 36,  0,  0,  0
6, 11026, 15,KE8EXM,     4.17, 5,   coast,  -16.67,  93149.00,  703.97,  569.16,  147.30, 19.9, 3.99, 3.98, 3.99,  -5.25,  -3.92,   0.28, 203.33,  12.65,   4.04,   0.22,   0.08,  -0.06,   6.84, 3.99, 0.00, 0.00, 0.00, 0.17, 1, 1,  6,  39.7284778, -83.7078050,   666.0, 2026,  3, 28, 20,  3, 54,       68,      341,  65,  79,   2.5,   1.4,   2.0,  0,  0,  0, 30,  8, 25,  0,  0, 23,  0,  0,  9,  0,  0,  0,  0, 23,  0, 30,  0,  0,  0,  0,  0, 32,  0,  0,  0, 36,  0,  0,  0
6, 11026, 15,KE8EXM,     4.18, 5,   coast,  -13.24,  93149.00,  703.97,  569.16,  147.15, 19.9, 4.00, 3.98, 3.99,  -5.44,  -4.34,  -1.40, 203.33,  10.51,   4.28,   0.22,   0.08,  -0.07,   6.91, 3.99, 0.00, 0.00, 0.00, 0.00, 1, 1,  6,  39.7284778, -83.7078050,   666.0, 2026,  3, 28, 20,  3, 54,       68,      341,  65,  79,   2.5,   1.4,   2.0,  0,  0,  0, 30,  8, 25,  0,  0, 23,  0,  0,  9,  0,  0,  0,  0, 23,  0, 30,  0,  0,  0,  0,  0, 32,  0,  0,  0, 36,  0,  0,  0
6, 11026, 15,KE8EXM,     4.18, 5,   coast,  -13.24,  93149.00,  703.97,  569.16,  147.15, 19.9, 4.00, 3.98, 3.99,  -5.44,  -4.34,  -1.40, 203.33,  10.51,   4.28,   0.22,   0.08,  -0.07,   6.91, 3.99, 0.00, 0.00, 0.00, 0.00, 1, 1,  6,  39.7284778, -83.7078050,   666.0, 2026,  3, 28, 20,  3, 54,       68,      341,  65,  79,   2.5,   1.4,   2.0,  0,  0,  0, 30,  8, 25,  0,  0, 23,  0,  0,  9,  0,  0,  0,  0, 23,  0, 30,  0,  0,  0,  0,  0, 32,  0,  0,  0, 36,  0,  0,  0
6, 11026, 15,KE8EXM,     4.19, 5,   coast,  -15.69,  93110.00,  707.45,  572.64,  147.00, 19.9, 4.00, 3.98, 3.99,  -5.22,  -4.08,   1.34, 199.36,  13.14,   4.71,   0.22,   0.08,  -0.07,   6.98, 3.99, 0.00, 0.00, 0.00, 0.00, 1, 1,  6,  39.7284778, -83.7078050,   666.0, 2026,  3, 28, 20,  3, 54,       68,      341,  65,  79,   2.5,   1.4,   2.0,  0,  0,  0, 30,  8, 25,  0,  0, 23,  0,  0,  9,  0,  0,  0,  0, 23,  0, 30,  0,  0,  0,  0,  0, 32,  0,  0,  0, 36,  0,  0,  0
6, 11026, 15,KE8EXM,     4.20, 5,   coast,  -13.73,  93110.00,  707.45,  572.64,  146.86, 19.9, 4.00, 3.98, 3.99,  -5.50,  -5.15,  -0.99, 202.05,  10.51,   4.53,   0.22,   0.07,  -0.08,   7.04, 3.99, 0.00, 0.00, 0.00, 0.00, 1, 1,  6,  39.7284778, -83.7078050,   666.0, 2026,  3, 28, 20,  3, 54,       68,      341,  65,  79,   2.5,   1.4,   2.0,  0,  0,  0, 30,  8, 25,  0,  0, 23,  0,  0,  9,  0,  0,  0,  0, 23,  0, 30,  0,  0,  0,  0,  0, 32,  0,  0,  0, 36,  0,  0,  0
6, 11026, 15,KE8EXM,     4.21, 5,   coast,  -13.73,  93065.00,  711.46,  576.65,  146.71, 19.9, 4.00, 3.98, 3.99,  -5.35,  -5.10,   1.17, 201.44,  11.37,   5.26,   0.22,   0.07,  -0.09,   7.10, 3.99, 0.00, 0.00, 0.00, 0.00, 1, 1,  6,  39.7284778, -83.7078050,   666.0, 2026,  3, 28, 20,  3, 54,       68,      341,  65,  79,   2.5,   1.4,   2.0,  0,  0,  0, 30,  8, 25,  0,  0, 23,  0,  0,  9,  0,  0,  0,  0, 23,  0, 30,  0,  0,  0,  0,  0, 32,  0,  0,  0, 36,  0,  0,  0
6, 11026, 15,KE8EXM,     4.22, 5,   coast,  -16.18,  93065.00,  711.46,  576.65,  146.57, 19.9, 4.00, 3.98, 3.99,  -5.15,  -3.87,   1.39, 206.38,  11.00,   4.28,   0.22,   0.07,  -0.09,   7.16, 3.99, 0.00, 0.00, 0.00, 0.00, 1, 1,  6,  39.7284778, -83.7078050,   666.0, 2026,  3, 28, 20,  3, 54,       68,      341,  65,  79,   2.5,   1.4,   2.0,  0,  0,  0, 30,  8, 25,  0,  0, 23,  0,  0,  9,  0,  0,  0,  0, 23,  0, 30,  0,  0,  0,  0,  0, 32,  0,  0,  0, 36,  0,  0,  0
6, 11026, 15,KE8EXM,     4.23, 5,   coast,  -14.22,  93030.00,  714.58,  579.77,  146.42, 19.9, 4.00, 3.98, 3.99,  -5.51,  -5.41,  -0.06, 201.87,   9.54,   5.02,   0.22,   0.06,  -0.10,   7.22, 3.99, 0.00, 0.00, 0.00, 0.00, 1, 1,  6,  39.7284778, -83.7078050,   666.0, 2026,  3, 28, 20,  3, 54,       68,      341,  65,  79,   2.5,   1.4,   2.0,  0,  0,  0, 30,  8, 25,  0,  0, 23,  0,  0,  9,  0,  0,  0,  0, 23,  0, 30,  0,  0,  0,  0,  0, 32,  0,  0,  0, 36,  0,  0,  0
6, 11026, 15,KE8EXM,     4.24, 5,   coast,  -14.71,  93030.00,  714.58,  579.77,  146.27, 19.9, 4.00, 3.98, 3.99,  -5.27,  -4.25,   2.14, 203.94,   9.48,   4.22,   0.22,   0.06,  -0.10,   7.27, 3.99, 0.00, 0.00, 0.00, 0.00, 1, 1,  6,  39.7284778, -83.7078050,   666.0, 2026,  3, 28, 20,  3, 54,       68,      341,  65,  79,   2.5,   1.4,   2.0,  0,  0,  0, 30,  8, 25,  0,  0, 23,  0,  0,  9,  0,  0,  0,  0, 23,  0, 30,  0,  0,  0,  0,  0, 32,  0,  0,  0, 36,  0,  0,  0
6, 11026, 15,KE8EXM,     4.25, 5,   coast,  -15.20,  92996.00,  717.61,  582.81,  146.12, 19.9, 4.00, 3.98, 3.99,  -5.37,  -6.22,   1.64, 205.96,   9.60,   4.22,   0.22,   0.06,  -0.11,   7.31, 3.99, 0.00, 0.00, 0.00, 0.00, 1, 1,  6,  39.7284778, -83.7078050,   666.0, 2026,  3, 28, 20,  3, 54,       68,      341,  65,  79,   2.5,   1.4,   2.0,  0,  0,  0, 30,  8, 25,  0,  0, 23,  0,  0,  9,  0,  0,  0,  0, 23,  0, 30,  0,  0,  0,  0,  0, 32,  0,  0,  0, 36,  0,  0,  0
6, 11026, 15,KE8EXM,     4.26, 5,   coast,  -15.20,  92996.00,  717.61,  582.81,  145.98, 19.9, 4.00, 3.98, 3.99,  -5.13,  -4.81,   1.93, 209.98,  10.39,   3.55,   0.22,   0.05,  -0.11,   7.35, 3.99, 0.00, 0.00, 0.00, 0.00, 1, 1,  6,  39.7284778, -83.7078050,   666.0, 2026,  3, 28, 20,  3, 54,       68,      341,  65,  79,   2.5,   1.4,   2.0,  0,  0,  0, 30,  8, 25,  0,  0, 23,  0,  0,  9,  0,  0,  0,  0, 23,  0, 30,  0,  0,  0,  0,  0, 32,  0,  0,  0, 36,  0,  0,  0
6, 11026, 15,KE8EXM,     4.27, 5,   coast,  -14.22,  92967.00,  720.20,  585.39,  145.83, 19.9, 4.00, 3.98, 3.99,  -5.46,  -5.17,   0.74, 209.19,   6.79,   4.10,   0.22,   0.05,  -0.11,   7.39, 3.99, 0.00, 0.00, 0.00, 0.00, 1, 1,  6,  39.7284778, -83.7078050,   666.0, 2026,  3, 28, 20,  3, 54,       68,      341,  65,  79,   2.5,   1.4,   2.0,  0,  0,  0, 30,  8, 25,  0,  0, 23,  0,  0,  9,  0,  0,  0,  0, 23,  0, 30,  0,  0,  0,  0,  0, 32,  0,  0,  0, 36,  0,  0,  0
6, 11026, 15,KE8EXM,     4.28, 5,   coast,  -13.73,  92967.00,  720.20,  585.39,  145.69, 19.9, 4.00, 3.98, 3.99,  -5.42,  -4.47,   0.27, 209.68,   3.43,   3.55,   0.22,   0.04,  -0.12,   7.43, 3.99, 0.00, 0.00, 0.00, 0.00, 1, 1,  6,  39.7284778, -83.7078050,   666.0, 2026,  3, 28, 20,  3, 54,       68,      341,  65,  79,   2.5,   1.4,   2.0,  0,  0,  0, 30,  8, 25,  0,  0, 23,  0,  0,  9,  0,  0,  0,  0, 23,  0, 30,  0,  0,  0,  0,  0, 32,  0,  0,  0, 36,  0,  0,  0
6, 11026, 15,KE8EXM,     4.29, 5,   coast,  -14.22,  92940.00,  722.61,  587.80,  145.54, 19.9, 4.00, 3.98, 3.99,  -5.13,  -5.80,   1.49, 209.68,   9.42,   4.04,   0.22,   0.04,  -0.12,   7.46, 3.99, 0.00, 0.00, 0.00, 0.00, 1, 1,  6,  39.7284778, -83.7078050,   666.0, 2026,  3, 28, 20,  3, 54,       68,      341,  65,  79,   2.5,   1.4,   2.0,  0,  0,  0, 30,  8, 25,  0,  0, 23,  0,  0,  9,  0,  0,  0,  0, 23,  0, 30,  0,  0,  0,  0,  0, 32,  0,  0,  0, 36,  0,  0,  0
6, 11026, 15,KE8EXM,     4.30, 5,   coast,  -14.22,  92940.00,  722.61,  587.80,  145.40, 19.9, 4.00, 3.98, 3.99,  -5.57,  -6.29,   0.63, 213.83,   6.61,   2.64,   0.22,   0.04,  -0.12,   7.48, 3.99, 0.00, 0.00, 0.00, 0.00, 1, 1,  6,  39.7284778, -83.7078050,   666.0, 2026,  3, 28, 20,  3, 54,       68,      341,  65,  79,   2.5,   1.4,   2.0,  0,  0,  0, 30,  8, 25,  0,  0, 23,  0,  0,  9,  0,  0,  0,  0, 23,  0, 30,  0,  0,  0,  0,  0, 32,  0,  0,  0, 36,  0,  0,  0
6, 11026, 15,KE8EXM,     4.31, 5,   coast,  -15.69,  92890.00,  727.08,  592.27,  145.25, 19.9, 4.00, 3.98, 3.99,  -5.29,  -5.58,   0.86, 209.62,   3.62,   2.70,   0.22,   0.03,  -0.13,   7.51, 3.99, 0.00, 0.00, 0.00, 0.00, 1, 1,  6,  39.7284778, -83.7078050,   666.0, 2026,  3, 28, 20,  3, 54,       68,      341,  65,  79,   2.5,   1.4,   2.0,  0,  0,  0, 30,  8, 25,  0,  0, 23,  0,  0,  9,  0,  0,  0,  0, 23,  0, 30,  0,  0,  0,  0,  0, 32,  0,  0,  0, 36,  0,  0,  0
6, 11026, 15,KE8EXM,     4.32, 5,   coast,  -16.18,  92890.00,  727.08,  592.27,  145.09, 19.9, 4.00, 3.98, 3.99,  -5.59,  -5.50,   1.06, 211.14,   6.12,   2.03,   0.22,   0.02,  -0.14,   7.52, 3.99, 0.00, 0.00, 0.00, 0.00, 1, 1,  6,  39.7284778, -83.7078050,   666.0, 2026,  3, 28, 20,  3, 54,       68,      341,  65,  79,   2.5,   1.4,   2.0,  0,  0,  0, 30,  8, 25,  0,  0, 23,  0,  0,  9,  0,  0,  0,  0, 23,  0, 30,  0,  0,  0,  0,  0, 32,  0,  0,  0, 36,  0,  0,  0
6, 11026, 15,KE8EXM,     4.33, 5,   coast,  -15.69,  92861.00,  729.67,  594.86,  144.94, 19.9, 4.00, 3.98, 3.99,  -5.24,  -5.78,   0.94, 215.60,   5.20,   0.99,   0.22,   0.02,  -0.14,   7.52, 3.99, 0.00, 0.00, 0.00, 0.00, 1, 1,  6,  39.7284778, -83.7078050,   666.0, 2026,  3, 28, 20,  3, 54,       68,      341,  65,  79,   2.5,   1.4,   2.0,  0,  0,  0, 30,  8, 25,  0,  0, 23,  0,  0,  9,  0,  0,  0,  0, 23,  0, 30,  0,  0,  0,  0,  0, 32,  0,  0,  0, 36,  0,  0,  0
6, 11026, 15,KE8EXM,     4.34, 5,   coast,  -15.69,  92861.00,  729.67,  594.86,  144.78, 19.9, 4.00, 3.98, 3.99,  -4.97,  -5.78,   0.50, 213.34,   4.47,   1.66,   0.22,   0.01,  -0.14,   7.53, 3.99, 0.00, 0.00, 0.00, 0.00, 1, 1,  6,  39.7284778, -83.7078050,   666.0, 2026,  3, 28, 20,  3, 54,       68,      341,  65,  79,   2.5,   1.4,   2.0,  0,  0,  0, 30,  8, 25,  0,  0, 23,  0,  0,  9,  0,  0,  0,  0, 23,  0, 30,  0,  0,  0,  0,  0, 32,  0,  0,  0, 36,  0,  0,  0
6, 11026, 15,KE8EXM,     4.35, 5,   coast,  -16.18,  92824.00,  732.97,  598.17,  144.63, 19.9, 4.00, 3.98, 3.99,  -5.63,  -4.99,  -0.78, 215.97,   3.01,   0.68,   0.22,   0.01,  -0.15,   7.53, 3.99, 0.00, 0.00, 0.00, 0.00, 1, 1,  6,  39.7284778, -83.7078050,   666.0, 2026,  3, 28, 20,  3, 54,       68,      341,  65,  79,   2.5,   1.4,   2.0,  0,  0,  0, 30,  8, 25,  0,  0, 23,  0,  0,  9,  0,  0,  0,  0, 23,  0, 30,  0,  0,  0,  0,  0, 32,  0,  0,  0, 36,  0,  0,  0
6, 11026, 15,KE8EXM,     4.36, 5,   coast,  -13.73,  92824.00,  732.97,  598.17,  144.48, 19.9, 4.00, 3.98, 3.99,  -4.84,  -5.83,   1.75, 211.02,   5.20,   0.87,   0.22,   0.01,  -0.15,   7.52, 3.99, 0.00, 0.00, 0.00, 0.00, 1, 1,  6,  39.7284778, -83.7078050,   666.0, 2026,  3, 28, 20,  3, 54,       68,      341,  65,  79,   2.5,   1.4,   2.0,  0,  0,  0, 30,  8, 25,  0,  0, 23,  0,  0,  9,  0,  0,  0,  0, 23,  0, 30,  0,  0,  0,  0,  0, 32,  0,  0,  0, 36,  0,  0,  0
6, 11026, 15,KE8EXM,     4.37, 5,   coast,  -14.71,  92794.00,  735.65,  600.85,  144.33, 19.9, 4.00, 3.98, 3.99,  -4.96,  -5.78,  -0.40, 216.58,   4.47,   0.20,   0.22,  -0.00,  -0.15,   7.51, 3.99, 0.00, 0.00, 0.00, 0.00, 1, 1,  6,  39.7284778, -83.7078050,   666.0, 2026,  3, 28, 20,  3, 54,       68,      341,  65,  79,   2.5,   1.4,   2.0,  0,  0,  0, 30,  8, 25,  0,  0, 23,  0,  0,  9,  0,  0,  0,  0, 23,  0, 30,  0,  0,  0,  0,  0, 32,  0,  0,  0, 36,  0,  0,  0
6, 11026, 15,KE8EXM,     4.38, 5,   coast,  -13.73,  92794.00,  735.65,  600.85,  144.19, 19.9, 4.00, 3.98, 3.99,  -5.21,  -4.49,  -0.61, 216.88,   3.19,  -0.48,   0.22,  -0.01,  -0.15,   7.49, 3.99, 0.00, 0.00, 0.00, 0.00, 1, 1,  6,  39.7284778, -83.7078050,   666.0, 2026,  3, 28, 20,  3, 54,       68,      341,  65,  79,   2.5,   1.4,   2.0,  0,  0,  0, 30,  8, 25,  0,  0, 23,  0,  0,  9,  0,  0,  0,  0, 23,  0, 30,  0,  0,  0,  0,  0, 32,  0,  0,  0, 36,  0,  0,  0
6, 11026, 15,KE8EXM,     4.39, 5,   coast,  -15.20,  92761.00,  738.60,  603.80,  144.04, 19.9, 4.00, 3.98, 3.99,  -5.09,  -4.78,   0.52, 212.73,   3.13,  -0.66,   0.22,  -0.01,  -0.16,   7.48, 3.99, 0.00, 0.00, 0.00, 0.00, 1, 1,  6,  39.7284778, -83.7078050,   666.0, 2026,  3, 28, 20,  3, 54,       68,      341,  65,  79,   2.5,   1.4,   2.0,  0,  0,  0, 30,  8, 25,  0,  0, 23,  0,  0,  9,  0,  0,  0,  0, 23,  0, 30,  0,  0,  0,  0,  0, 32,  0,  0,  0, 36,  0,  0,  0
6, 11026, 15,KE8EXM,     4.40, 5,   coast,  -13.73,  92761.00,  738.60,  603.80,  143.90, 19.9, 4.00, 3.98, 3.99,  -5.05,  -5.78,   0.39, 216.21,   4.84,  -1.33,   0.22,  -0.02,  -0.16,   7.45, 3.99, 0.00, 0.00, 0.00, 0.00, 1, 1,  6,  39.7284778, -83.7078050,   666.0, 2026,  3, 28, 20,  3, 54,       68,      341,  65,  79,   2.5,   1.4,   2.0,  0,  0,  0, 30,  8, 25,  0,  0, 23,  0,  0,  9,  0,  0,  0,  0, 23,  0, 30,  0,  0,  0,  0,  0, 32,  0,  0,  0, 36,  0,  0,  0
6, 11026, 15,KE8EXM,     4.41, 5,   coast,  -15.69,  92728.00,  741.55,  606.75,  143.75, 19.9, 4.00, 3.98, 3.99,  -5.05,  -5.21,  -0.93, 219.63,   4.05,  -1.21,   0.22,  -0.02,  -0.16,   7.42, 3.99, 0.00, 0.00, 0.00, 0.00, 1, 1,  6,  39.7284778, -83.7078050,   666.0, 2026,  3, 28, 20,  3, 54,       68,      341,  65,  79,   2.5,   1.4,   2.0,  0,  0,  0, 30,  8, 25,  0,  0, 23,  0,  0,  9,  0,  0,  0,  0, 23,  0, 30,  0,  0,  0,  0,  0, 32,  0,  0,  0, 36,  0,  0,  0
6, 11026, 15,KE8EXM,     4.42, 5,   coast,  -15.69,  92728.00,  741.55,  606.75,  143.60, 19.9, 4.00, 3.98, 3.99,  -5.21,  -4.38,  -1.17, 217.25,   4.29,  -1.70,   0.22,  -0.03,  -0.16,   7.38, 3.99, 0.00, 0.00, 0.00, 0.00, 1, 1,  6,  39.7284778, -83.7078050,   666.0, 2026,  3, 28, 20,  3, 54,       68,      341,  65,  79,   2.5,   1.4,   2.0,  0,  0,  0, 30,  8, 25,  0,  0, 23,  0,  0,  9,  0,  0,  0,  0, 23,  0, 30,  0,  0,  0,  0,  0, 32,  0,  0,  0, 36,  0,  0,  0
6, 11026, 15,KE8EXM,     4.43, 5,   coast,  -15.20,  92695.00,  744.51,  609.70,  143.44, 19.9, 4.00, 3.98, 3.99,  -5.09,  -4.36,  -0.41, 215.66,   4.29,  -2.12,   0.21,  -0.03,  -0.16,   7.35, 3.99, 0.00, 0.00, 0.00, 0.00, 1, 1,  6,  39.7284778, -83.7078050,   666.0, 2026,  3, 28, 20,  3, 54,       68,      341,  65,  79,   2.5,   1.4,   2.0,  0,  0,  0, 30,  8, 25,  0,  0, 23,  0,  0,  9,  0,  0,  0,  0, 23,  0, 30,  0,  0,  0,  0,  0, 32,  0,  0,  0, 36,  0,  0,  0
6, 11026, 15,KE8EXM,     4.44, 5,   coast,  -16.18,  92695.00,  744.51,  609.70,  143.29, 19.9, 4.00, 3.98, 3.99,  -4.97,  -4.66,  -0.54, 215.42,   5.75,  -1.64,   0.21,  -0.04,  -0.17,   7.30, 3.99, 0.00, 0.00, 0.00, 0.00, 1, 1,  6,  39.7284778, -83.7078050,   666.0, 2026,  3, 28, 20,  3, 54,       68,      341,  65,  79,   2.5,   1.4,   2.0,  0,  0,  0, 30,  8, 25,  0,  0, 23,  0,  0,  9,  0,  0,  0,  0, 23,  0, 30,  0,  0,  0,  0,  0, 32,  0,  0,  0, 36,  0,  0,  0
6, 11026, 15,KE8EXM,     4.45, 5,   coast,  -14.22,  92667.00,  747.01,  612.21,  143.14, 19.9, 4.00, 3.98, 3.99,  -5.02,  -4.31,  -0.62, 215.66,   5.33,  -2.00,   0.21,  -0.04,  -0.17,   7.26, 3.99, 0.00, 0.00, 0.00, 0.00, 1, 1,  6,  39.7284778, -83.7078050,   666.0, 2026,  3, 28, 20,  3, 54,       68,      341,  65,  79,   2.5,   1.4,   2.0,  0,  0,  0, 30,  8, 25,  0,  0, 23,  0,  0,  9,  0,  0,  0,  0, 23,  0, 30,  0,  0,  0,  0,  0, 32,  0,  0,  0, 36,  0,  0,  0
6, 11026, 15,KE8EXM,     4.46, 5,   coast,  -14.71,  92667.00,  747.01,  612.21,  142.99, 19.9, 4.00, 3.98, 3.99,  -4.98,  -4.21,  -0.43, 212.36,   5.33,  -2.12,   0.21,  -0.05,  -0.17,   7.21, 3.99, 0.00, 0.00, 0.00, 0.00, 1, 1,  6,  39.7284778, -83.7078050,   666.0, 2026,  3, 28, 20,  3, 54,       68,      341,  65,  79,   2.5,   1.4,   2.0,  0,  0,  0, 30,  8, 25,  0,  0, 23,  0,  0,  9,  0,  0,  0,  0, 23,  0, 30,  0,  0,  0,  0,  0, 32,  0,  0,  0, 36,  0,  0,  0
6, 11026, 15,KE8EXM,     4.47, 5,   coast,  -15.69,  92633.00,  750.05,  615.25,  142.84, 19.9, 4.00, 3.98, 3.99,  -4.92,  -4.20,  -0.72, 213.95,   5.14,  -2.49,   0.21,  -0.06,  -0.17,   7.16, 3.99, 0.00, 0.00, 0.00, 0.00, 1, 1,  6,  39.7284778, -83.7078050,   666.0, 2026,  3, 28, 20,  3, 54,       68,      341,  65,  79,   2.5,   1.4,   2.0,  0,  0,  0, 30,  8, 25,  0,  0, 23,  0,  0,  9,  0,  0,  0,  0, 23,  0, 30,  0,  0,  0,  0,  0, 32,  0,  0,  0, 36,  0,  0,  0
6, 11026, 15,KE8EXM,     4.48, 5,   coast,  -14.22,  92633.00,  750.05,  615.25,  142.69, 19.9, 4.00, 3.98, 3.99,  -4.98,  -3.24,  -0.69, 214.07,   7.10,  -2.55,   0.21,  -0.06,  -0.17,   7.10, 3.99, 0.00, 0.00, 0.00, 0.00, 1, 1,  6,  39.7284778, -83.7078050,   666.0, 2026,  3, 28, 20,  3, 54,       68,      341,  65,  79,   2.5,   1.4,   2.0,  0,  0,  0, 30,  8, 25,  0,  0, 23,  0,  0,  9,  0,  0,  0,  0, 23,  0, 30,  0,  0,  0,  0,  0, 32,  0,  0,  0, 36,  0,  0,  0
6, 11026, 15,KE8EXM,     4.49, 5,   coast,  -14.71,  92596.00,  753.37,  618.56,  142.54, 19.9, 4.00, 3.98, 3.99,  -4.84,  -3.19,  -0.81, 213.46,   5.51,  -1.88,   0.21,  -0.07,  -0.17,   7.05, 3.99, 0.00, 0.00, 0.00, 0.00, 1, 1,  6,  39.7284778, -83.7078050,   666.0, 2026,  3, 28, 20,  3, 54,       68,      341,  65,  79,   2.5,   1.4,   2.0,  0,  0,  0, 30,  8, 25,  0,  0, 23,  0,  0,  9,  0,  0,  0,  0, 23,  0, 30,  0,  0,  0,  0,  0, 32,  0,  0,  0, 36,  0,  0,  0
6, 11026, 15,KE8EXM,     4.50, 5,   coast,  -15.20,  92596.00,  753.37,  618.56,  142.39, 19.9, 4.03, 4.01, 4.03,  -4.70,  -1.95,  -3.10, 214.93,   8.32,  -1.76,   0.21,  -0.07,  -0.17,   6.98, 4.03, 0.00, 0.00, 0.00, 0.00, 1, 1,  6,  39.7284778, -83.7078050,   666.0, 2026,  3, 28, 20,  3, 54,       68,      341,  65,  79,   2.5,   1.4,   2.0,  0,  0,  0, 30,  8, 25,  0,  0, 23,  0,  0,  9,  0,  0,  0,  0, 23,  0, 30,  0,  0,  0,  0,  0, 32,  0,  0,  0, 36,  0,  0,  0
6, 11026, 15,KE8EXM,     4.50, 5,   coast,  -15.20,  92596.00,  753.37,  618.56,  142.39, 19.9, 4.03, 4.01, 4.03,  -4.70,  -1.95,  -3.10, 214.93,   8.32,  -1.76,   0.21,  -0.07,  -0.17,   6.98, 4.03, 0.00, 0.00, 0.00, 0.00, 1, 1,  6,  39.7284778, -83.7078050,   666.0, 2026,  3, 28, 20,  3, 54,       68,      341,  65,  79,   2.5,   1.4,   2.0,  0,  0,  0, 30,  8, 25,  0,  0, 23,  0,  0,  9,  0,  0,  0,  0, 23,  0, 30,  0,  0,  0,  0,  0, 32,  0,  0,  0, 36,  0,  0,  0
6, 11026, 15,KE8EXM,     4.51, 5,   coast,  -14.71,  92569.00,  755.78,  620.98,  142.24, 20.0, 4.03, 4.01, 4.03,  -5.21,  -0.99,  -2.68, 210.47,   8.87,  -1.15,   0.21,  -0.08,  -0.17,   6.91, 4.03, 0.00, 0.00, 0.00, 0.00, 1, 1,  6,  39.7284778, -83.7078050,   666.0, 2026,  3, 28, 20,  3, 54,       68,      341,  65,  79,   2.5,   1.4,   2.0,  0,  0,  0, 30,  8, 25,  0,  0, 23,  0,  0,  9,  0,  0,  0,  0, 23,  0, 30,  0,  0,  0,  0,  0, 32,  0,  0,  0, 36,  0,  0,  0
6, 11026, 15,KE8EXM,     4.52, 5,   coast,  -18.14,  92569.00,  755.78,  620.98,  142.09, 20.0, 4.03, 4.01, 4.03,  -4.59,  -2.47,   1.48, 203.70,  10.94,   0.32,   0.21,  -0.08,  -0.17,   6.83, 4.03, 0.00, 0.00, 0.00, 0.00, 1, 1,  6,  39.7284778, -83.7078050,   666.0, 2026,  3, 28, 20,  3, 54,       68,      341,  65,  79,   2.5,   1.4,   2.0,  0,  0,  0, 30,  8, 25,  0,  0, 23,  0,  0,  9,  0,  0,  0,  0, 23,  0, 30,  0,  0,  0,  0,  0, 32,  0,  0,  0, 36,  0,  0,  0
6, 11026, 15,KE8EXM,     4.53, 5,   coast,  -13.73,  92542.00,  758.20,  623.40,  141.94, 19.9, 4.03, 4.01, 4.03,  -5.22,  -3.62,  -3.56, 208.89,   7.34,   0.07,   0.21,  -0.09,  -0.17,   6.78, 4.03, 0.00, 0.00, 0.00, 0.00, 1, 1,  6,  39.7284778, -83.7078050,   666.0, 2026,  3, 28, 20,  3, 54,       68,      341,  65,  79,   2.5,   1.4,   2.0,  0,  0,  0, 30,  8, 25,  0,  0, 23,  0,  0,  9,  0,  0,  0,  0, 23,  0, 30,  0,  0,  0,  0,  0, 32,  0,  0,  0, 36,  0,  0,  0
6, 11026, 15,KE8EXM,     4.54, 5,   coast,  -15.20,  92542.00,  758.20,  623.40,  141.79, 19.9, 4.03, 4.01, 4.03,  -4.68,  -2.48,   0.84, 205.28,  10.45,   0.13,   0.21,  -0.10,  -0.17,   6.70, 4.03, 0.00, 0.00, 0.00, 0.00, 1, 1,  6,  39.7284778, -83.7078050,   666.0, 2026,  3, 28, 20,  3, 54,       68,      341,  65,  79,   2.5,   1.4,   2.0,  0,  0,  0, 30,  8, 25,  0,  0, 23,  0,  0,  9,  0,  0,  0,  0, 23,  0, 30,  0,  0,  0,  0,  0, 32,  0,  0,  0, 36,  0,  0,  0
6, 11026, 15,KE8EXM,     4.55, 5,   coast,  -13.24,  92510.00,  761.07,  626.26,  141.65, 19.9, 4.03, 4.01, 4.03,  -5.22,  -1.88,  -2.02, 203.39,   8.62,   0.99,   0.21,  -0.10,  -0.17,   6.64, 4.03, 0.00, 0.00, 0.00, 0.00, 1, 1,  6,  39.7284778, -83.7078050,   666.0, 2026,  3, 28, 20,  3, 54,       68,      341,  65,  79,   2.5,   1.4,   2.0,  0,  0,  0, 30,  8, 25,  0,  0, 23,  0,  0,  9,  0,  0,  0,  0, 23,  0, 30,  0,  0,  0,  0,  0, 32,  0,  0,  0, 36,  0,  0,  0
6, 11026, 15,KE8EXM,     4.56, 5,   coast,  -12.75,  92510.00,  761.07,  626.26,  141.50, 19.9, 4.03, 4.01, 4.03,  -4.71,  -1.37,   1.67, 203.70,   8.99,   1.23,   0.21,  -0.11,  -0.17,   6.58, 4.03, 0.00, 0.00, 0.00, 0.00, 1, 1,  6,  39.7284778, -83.7078050,   666.0, 2026,  3, 28, 20,  3, 54,       68,      341,  65,  79,   2.5,   1.4,   2.0,  0,  0,  0, 30,  8, 25,  0,  0, 23,  0,  0,  9,  0,  0,  0,  0, 23,  0, 30,  0,  0,  0,  0,  0, 32,  0,  0,  0, 36,  0,  0,  0
6, 11026, 15,KE8EXM,     4.57, 5,   coast,  -15.20,  92484.00,  763.40,  628.59,  141.36, 19.9, 4.03, 4.01, 4.03,  -5.15,  -2.72,  -1.29, 203.15,   9.54,   2.33,   0.21,  -0.11,  -0.17,   6.52, 4.03, 0.00, 0.00, 0.00, 0.00, 1, 1,  6,  39.7284778, -83.7078050,   666.0, 2026,  3, 28, 20,  3, 54,       68,      341,  65,  79,   2.5,   1.4,   2.0,  0,  0,  0, 30,  8, 25,  0,  0, 23,  0,  0,  9,  0,  0,  0,  0, 23,  0, 30,  0,  0,  0,  0,  0, 32,  0,  0,  0, 36,  0,  0,  0
6, 11026, 15,KE8EXM,     4.58, 5,   coast,  -14.71,  92484.00,  763.40,  628.59,  141.22, 19.9, 4.03, 4.01, 4.03,  -4.76,  -2.93,   1.55, 198.33,  10.39,   2.76,   0.21,  -0.12,  -0.17,   6.45, 4.03, 0.00, 0.00, 0.00, 0.00, 1, 1,  6,  39.7284778, -83.7078050,   666.0, 2026,  3, 28, 20,  3, 54,       68,      341,  65,  79,   2.5,   1.4,   2.0,  0,  0,  0, 30,  8, 25,  0,  0, 23,  0,  0,  9,  0,  0,  0,  0, 23,  0, 30,  0,  0,  0,  0,  0, 32,  0,  0,  0, 36,  0,  0,  0
6, 11026, 15,KE8EXM,     4.59, 5,   coast,  -15.20,  92467.00,  764.92,  630.12,  141.07, 19.9, 4.03, 4.01, 4.03,  -4.94,  -2.56,  -1.72, 201.68,   7.77,   2.64,   0.21,  -0.13,  -0.17,   6.41, 4.03, 0.00, 0.00, 0.00, 0.00, 1, 1,  6,  39.7284778, -83.7078050,   666.0, 2026,  3, 28, 20,  3, 54,       68,      341,  65,  79,   2.5,   1.4,   2.0,  0,  0,  0, 30,  8, 25,  0,  0, 23,  0,  0,  9,  0,  0,  0,  0, 23,  0, 30,  0,  0,  0,  0,  0, 32,  0,  0,  0, 36,  0,  0,  0
6, 11026, 15,KE8EXM,     4.60, 5,   coast,  -16.18,  92467.00,  764.92,  630.12,  140.92, 19.9, 4.03, 4.01, 4.03,  -4.91,  -2.23,   0.50, 201.87,  11.00,   3.74,   0.21,  -0.13,  -0.17,   6.34, 4.03, 0.00, 0.00, 0.00, 0.00, 1, 1,  6,  39.7284778, -83.7078050,   666.0, 2026,  3, 28, 20,  3, 54,       68,      341,  65,  79,   2.5,   1.4,   2.0,  0,  0,  0, 30,  8, 25,  0,  0, 23,  0,  0,  9,  0,  0,  0,  0, 23,  0, 30,  0,  0,  0,  0,  0, 32,  0,  0,  0, 36,  0,  0,  0
6, 11026, 15,KE8EXM,     4.61, 5,   coast,  -14.71,  92425.00,  768.69,  633.88,  140.76, 20.0, 4.03, 4.01, 4.03,  -4.94,  -2.31,  -1.26, 200.40,   8.87,   3.80,   0.21,  -0.13,  -0.16,   6.28, 4.03, 0.00, 0.00, 0.00, 0.00, 1, 1,  6,  39.7284778, -83.7078050,   666.0, 2026,  3, 28, 20,  3, 54,       68,      341,  65,  79,   2.5,   1.4,   2.0,  0,  0,  0, 30,  8, 25,  0,  0, 23,  0,  0,  9,  0,  0,  0,  0, 23,  0, 30,  0,  0,  0,  0,  0, 32,  0,  0,  0, 36,  0,  0,  0
6, 11026, 15,KE8EXM,     4.62, 5,   coast,  -15.69,  92425.00,  768.69,  633.88,  140.62, 20.0, 4.03, 4.01, 4.03,  -4.83,  -3.48,  -0.17, 196.31,   9.11,   4.28,   0.21,  -0.14,  -0.16,   6.23, 4.03, 0.00, 0.00, 0.00, 0.00, 1, 1,  6,  39.7284778, -83.7078050,   666.0, 2026,  3, 28, 20,  3, 54,       68,      341,  65,  79,   2.5,   1.4,   2.0,  0,  0,  0, 30,  8, 25,  0,  0, 23,  0,  0,  9,  0,  0,  0,  0, 23,  0, 30,  0,  0,  0,  0,  0, 32,  0,  0,  0, 36,  0,  0,  0
6, 11026, 15,KE8EXM,     4.63, 5,   coast,  -14.22,  92408.00,  770.21,  635.41,  140.47, 20.0, 4.03, 4.01, 4.03,  -4.94,  -3.43,  -1.06, 198.63,   8.44,   5.44,   0.21,  -0.14,  -0.16,   6.18, 4.03, 0.00, 0.00, 0.00, 0.00, 1, 1,  6,  39.7284778, -83.7078050,   666.0, 2026,  3, 28, 20,  3, 54,       68,      341,  65,  79,   2.5,   1.4,   2.0,  0,  0,  0, 30,  8, 25,  0,  0, 23,  0,  0,  9,  0,  0,  0,  0, 23,  0, 30,  0,  0,  0,  0,  0, 32,  0,  0,  0, 36,  0,  0,  0
6, 11026, 15,KE8EXM,     4.64, 5,   coast,  -13.73,  92408.00,  770.21,  635.41,  140.32, 20.0, 4.03, 4.01, 4.03,  -4.62,  -2.41,   0.92, 198.45,   9.54,   5.20,   0.21,  -0.15,  -0.16,   6.12, 4.03, 0.00, 0.00, 0.00, 0.00, 1, 1,  6,  39.7284778, -83.7078050,   666.0, 2026,  3, 28, 20,  3, 54,       68,      341,  65,  79,   2.5,   1.4,   2.0,  0,  0,  0, 30,  8, 25,  0,  0, 23,  0,  0,  9,  0,  0,  0,  0, 23,  0, 30,  0,  0,  0,  0,  0, 32,  0,  0,  0, 36,  0,  0,  0
6, 11026, 15,KE8EXM,     4.65, 5,   coast,  -14.71,  92383.00,  772.46,  637.65,  140.17, 20.0, 4.03, 4.01, 4.03,  -5.00,  -2.51,  -1.34, 198.39,   7.34,   5.51,   0.21,  -0.16,  -0.16,   6.08, 4.03, 0.00, 0.00, 0.00, 0.00, 1, 1,  6,  39.7284778, -83.7078050,   666.0, 2026,  3, 28, 20,  3, 54,       68,      341,  65,  79,   2.5,   1.4,   2.0,  0,  0,  0, 30,  8, 25,  0,  0, 23,  0,  0,  9,  0,  0,  0,  0, 23,  0, 30,  0,  0,  0,  0,  0, 32,  0,  0,  0, 36,  0,  0,  0
6, 11026, 15,KE8EXM,     4.66, 5,   coast,  -16.18,  92383.00,  772.46,  637.65,  140.02, 20.0, 4.03, 4.01, 4.03,  -5.08,  -4.35,   0.09, 194.54,   9.11,   5.32,   0.21,  -0.16,  -0.15,   6.02, 4.03, 0.00, 0.00, 0.00, 0.00, 1, 1,  6,  39.7284778, -83.7078050,   666.0, 2026,  3, 28, 20,  3, 54,       68,      341,  65,  79,   2.5,   1.4,   2.0,  0,  0,  0, 30,  8, 25,  0,  0, 23,  0,  0,  9,  0,  0,  0,  0, 23,  0, 30,  0,  0,  0,  0,  0, 32,  0,  0,  0, 36,  0,  0,  0
6, 11026, 15,KE8EXM,     4.67, 5,   coast,  -17.16,  92359.00,  774.61,  639.80,  139.86, 20.0, 4.03, 4.01, 4.03,  -4.76,  -3.41,   1.13, 197.47,   7.22,   5.69,   0.21,  -0.17,  -0.15,   5.98, 4.03, 0.00, 0.00, 0.00, 0.00, 1, 1,  6,  39.7284778, -83.7078050,   666.0, 2026,  3, 28, 20,  3, 54,       68,      341,  65,  79,   2.5,   1.4,   2.0,  0,  0,  0, 30,  8, 25,  0,  0, 23,  0,  0,  9,  0,  0,  0,  0, 23,  0, 30,  0,  0,  0,  0,  0, 32,  0,  0,  0, 36,  0,  0,  0
6, 11026, 15,KE8EXM,     4.68, 5,   coast,  -15.20,  92359.00,  774.61,  639.80,  139.71, 20.0, 4.03, 4.01, 4.03,  -5.04,  -3.13,  -0.64, 196.74,   7.28,   6.18,   0.21,  -0.17,  -0.15,   5.94, 4.03, 0.00, 0.00, 0.00, 0.00, 1, 1,  6,  39.7284778, -83.7078050,   666.0, 2026,  3, 28, 20,  3, 54,       68,      341,  65,  79,   2.5,   1.4,   2.0,  0,  0,  0, 30,  8, 25,  0,  0, 23,  0,  0,  9,  0,  0,  0,  0, 23,  0, 30,  0,  0,  0,  0,  0, 32,  0,  0,  0, 36,  0,  0,  0
6, 11026, 15,KE8EXM,     4.69, 5,   coast,  -12.75,  92332.00,  777.03,  642.23,  139.56, 20.0, 4.03, 4.01, 4.03,  -4.62,  -3.39,   1.31, 198.81,   7.22,   5.63,   0.21,  -0.18,  -0.14,   5.90, 4.03, 0.00, 0.00, 0.00, 0.00, 1, 1,  6,  39.7284778, -83.7078050,   666.0, 2026,  3, 28, 20,  3, 54,       68,      341,  65,  79,   2.5,   1.4,   2.0,  0,  0,  0, 30,  8, 25,  0,  0, 23,  0,  0,  9,  0,  0,  0,  0, 23,  0, 30,  0,  0,  0,  0,  0, 32,  0,  0,  0, 36,  0,  0,  0
6, 11026, 15,KE8EXM,     4.70, 5,   coast,  -14.71,  92332.00,  777.03,  642.23,  139.42, 20.0, 4.03, 4.01, 4.03,  -5.04,  -3.41,   0.12, 197.41,   7.10,   5.87,   0.21,  -0.18,  -0.14,   5.85, 4.03, 0.00, 0.00, 0.00, 0.00, 1, 1,  6,  39.7284778, -83.7078050,   666.0, 2026,  3, 28, 20,  3, 54,       68,      341,  65,  79,   2.5,   1.4,   2.0,  0,  0,  0, 30,  8, 25,  0,  0, 23,  0,  0,  9,  0,  0,  0,  0, 23,  0, 30,  0,  0,  0,  0,  0, 32,  0,  0,  0, 36,  0,  0,  0
6, 11026, 15,KE8EXM,     4.71, 5,   coast,  -15.20,  92304.00,  779.55,  644.74,  139.27, 20.0, 4.03, 4.01, 4.03,  -4.83,  -4.53,   0.14, 195.03,   6.85,   6.18,   0.21,  -0.19,  -0.14,   5.81, 4.03, 0.00, 0.00, 0.00, 0.00, 1, 1,  6,  39.7284778, -83.7078050,   666.0, 2026,  3, 28, 20,  3, 54,       68,      341,  65,  79,   2.5,   1.4,   2.0,  0,  0,  0, 30,  8, 25,  0,  0, 23,  0,  0,  9,  0,  0,  0,  0, 23,  0, 30,  0,  0,  0,  0,  0, 32,  0,  0,  0, 36,  0,  0,  0
6, 11026, 15,KE8EXM,     4.72, 5,   coast,  -13.73,  92304.00,  779.55,  644.74,  139.12, 20.0, 4.03, 4.01, 4.03,  -5.03,  -3.48,   0.05, 200.71,   5.82,   5.99,   0.21,  -0.19,  -0.13,   5.78, 4.03, 0.00, 0.00, 0.00, 0.00, 1, 1,  6,  39.7284778, -83.7078050,   666.0, 2026,  3, 28, 20,  3, 54,       68,      341,  65,  79,   2.5,   1.4,   2.0,  0,  0,  0, 30,  8, 25,  0,  0, 23,  0,  0,  9,  0,  0,  0,  0, 23,  0, 30,  0,  0,  0,  0,  0, 32,  0,  0,  0, 36,  0,  0,  0
6, 11026, 15,KE8EXM,     4.73, 5,   coast,  -14.71,  92275.00,  782.15,  647.34,  138.97, 20.0, 4.03, 4.01, 4.03,  -4.86,  -3.67,   0.95, 198.51,   6.18,   6.36,   0.21,  -0.20,  -0.13,   5.74, 4.03, 0.00, 0.00, 0.00, 0.00, 1, 1,  6,  39.7284778, -83.7078050,   666.0, 2026,  3, 28, 20,  3, 54,       68,      341,  65,  79,   2.5,   1.4,   2.0,  0,  0,  0, 30,  8, 25,  0,  0, 23,  0,  0,  9,  0,  0,  0,  0, 23,  0, 30,  0,  0,  0,  0,  0, 32,  0,  0,  0, 36,  0,  0,  0
6, 11026, 15,KE8EXM,     4.74, 5,   coast,  -17.65,  92275.00,  782.15,  647.34,  138.82, 20.0, 4.03, 4.01, 4.03,  -4.72,  -4.20,  -0.17, 197.53,   4.47,   5.93,   0.21,  -0.20,  -0.13,   5.71, 4.03, 0.00, 0.00, 0.00, 0.00, 1, 1,  6,  39.7284778, -83.7078050,   666.0, 2026,  3, 28, 20,  3, 54,       68,      341,  65,  79,   2.5,   1.4,   2.0,  0,  0,  0, 30,  8, 25,  0,  0, 23,  0,  0,  9,  0,  0,  0,  0, 23,  0, 30,  0,  0,  0,  0,  0, 32,  0,  0,  0, 36,  0,  0,  0
6, 11026, 15,KE8EXM,     4.75, 5,   coast,  -14.71,  92249.00,  784.49,  649.68,  138.67, 20.0, 4.03, 4.01, 4.03,  -5.01,  -3.64,  -0.83, 199.12,   5.20,   5.75,   0.21,  -0.21,  -0.12,   5.68, 4.03, 0.00, 0.00, 0.00, 0.00, 1, 1,  6,  39.7284778, -83.7078050,   666.0, 2026,  3, 28, 20,  3, 54,       68,      341,  65,  79,   2.5,   1.4,   2.0,  0,  0,  0, 30,  8, 25,  0,  0, 23,  0,  0,  9,  0,  0,  0,  0, 23,  0, 30,  0,  0,  0,  0,  0, 32,  0,  0,  0, 36,  0,  0,  0
6, 11026, 15,KE8EXM,     4.76, 5,   coast,  -16.67,  92249.00,  784.49,  649.68,  138.51, 20.0, 4.03, 4.01, 4.03,  -4.84,  -4.45,   0.55, 197.84,   5.75,   6.18,   0.21,  -0.21,  -0.12,   5.64, 4.03, 0.00, 0.00, 0.00, 0.00, 1, 1,  6,  39.7284778, -83.7078050,   666.0, 2026,  3, 28, 20,  3, 54,       68,      341,  65,  79,   2.5,   1.4,   2.0,  0,  0,  0, 30,  8, 25,  0,  0, 23,  0,  0,  9,  0,  0,  0,  0, 23,  0, 30,  0,  0,  0,  0,  0, 32,  0,  0,  0, 36,  0,  0,  0
6, 11026, 15,KE8EXM,     4.77, 5,   coast,  -13.73,  92225.00,  786.64,  651.83,  138.36, 20.0, 4.03, 4.01, 4.03,  -4.78,  -4.32,   0.22, 201.93,   4.53,   5.32,   0.21,  -0.21,  -0.11,   5.61, 4.03, 0.00, 0.00, 0.00, 0.00, 1, 1,  6,  39.7284778, -83.7078050,   666.0, 2026,  3, 28, 20,  3, 54,       68,      341,  65,  79,   2.5,   1.4,   2.0,  0,  0,  0, 30,  8, 25,  0,  0, 23,  0,  0,  9,  0,  0,  0,  0, 23,  0, 30,  0,  0,  0,  0,  0, 32,  0,  0,  0, 36,  0,  0,  0
6, 11026, 15,KE8EXM,     4.78, 5,   coast,  -13.73,  92225.00,  786.64,  651.83,  138.22, 20.0, 4.03, 4.01, 4.03,  -4.81,  -4.22,  -0.18, 199.06,   5.27,   5.57,   0.21,  -0.22,  -0.11,   5.57, 4.03, 0.00, 0.00, 0.00, 0.00, 1, 1,  6,  39.7284778, -83.7078050,   666.0, 2026,  3, 28, 20,  3, 54,       68,      341,  65,  79,   2.5,   1.4,   2.0,  0,  0,  0, 30,  8, 25,  0,  0, 23,  0,  0,  9,  0,  0,  0,  0, 23,  0, 30,  0,  0,  0,  0,  0, 32,  0,  0,  0, 36,  0,  0,  0
6, 11026, 15,KE8EXM,     4.79, 5,   coast,  -14.22,  92187.00,  790.06,  655.25,  138.07, 20.0, 4.03, 4.01, 4.03,  -4.88,  -4.38,  -0.52, 198.81,   4.05,   5.51,   0.21,  -0.22,  -0.10,   5.54, 4.03, 0.00, 0.00, 0.00, 0.00, 1, 1,  6,  39.7284778, -83.7078050,   666.0, 2026,  3, 28, 20,  3, 54,       68,      341,  65,  79,   2.5,   1.4,   2.0,  0,  0,  0, 30,  8, 25,  0,  0, 23,  0,  0,  9,  0,  0,  0,  0, 23,  0, 30,  0,  0,  0,  0,  0, 32,  0,  0,  0, 36,  0,  0,  0
6, 11026, 15,KE8EXM,     4.80, 5,   coast,  -14.22,  92187.00,  790.06,  655.25,  137.93, 20.0, 4.03, 4.01, 4.03,  -4.67,  -4.78,  -0.23, 201.81,   4.90,   5.20,   0.21,  -0.22,  -0.10,   5.50, 4.03, 0.00, 0.00, 0.00, 0.00, 1, 1,  6,  39.7284778, -83.7078050,   666.0, 2026,  3, 28, 20,  3, 54,       68,      341,  65,  79,   2.5,   1.4,   2.0,  0,  0,  0, 30,  8, 25,  0,  0, 23,  0,  0,  9,  0,  0,  0,  0, 23,  0, 30,  0,  0,  0,  0,  0, 32,  0,  0,  0, 36,  0,  0,  0
6, 11026, 15,KE8EXM,     4.81, 5,   coast,  -16.18,  92162.00,  792.30,  657.50,  137.78, 20.0, 4.03, 4.01, 4.03,  -4.70,  -4.61,  -0.58, 201.87,   3.56,   4.83,   0.21,  -0.23,  -0.09,   5.47, 4.03, 0.00, 0.00, 0.00, 0.00, 1, 1,  6,  39.7284778, -83.7078050,   666.0, 2026,  3, 28, 20,  3, 54,       68,      341,  65,  79,   2.5,   1.4,   2.0,  0,  0,  0, 30,  8, 25,  0,  0, 23,  0,  0,  9,  0,  0,  0,  0, 23,  0, 30,  0,  0,  0,  0,  0, 32,  0,  0,  0, 36,  0,  0,  0
6, 11026, 15,KE8EXM,     4.82, 5,   coast,  -14.22,  92162.00,  792.30,  657.50,  137.63, 20.0, 4.01, 3.98, 4.00,  -5.09,  -5.15,  -2.97, 200.10,   4.66,   4.41,   0.21,  -0.23,  -0.09,   5.43, 4.00, 0.00, 0.00, 0.00, 0.00, 1, 1,  6,  39.7284778, -83.7078050,   666.0, 2026,  3, 28, 20,  3, 54,       68,      341,  65,  79,   2.5,   1.4,   2.0,  0,  0,  0, 30,  8, 25,  0,  0, 23,  0,  0,  9,  0,  0,  0,  0, 23,  0, 30,  0,  0,  0,  0,  0, 32,  0,  0,  0, 36,  0,  0,  0
6, 11026, 15,KE8EXM,     4.82, 5,   coast,  -14.22,  92162.00,  792.30,  657.50,  137.63, 20.0, 4.01, 3.98, 4.00,  -5.09,  -5.15,  -2.97, 200.10,   4.66,   4.41,   0.21,  -0.23,  -0.09,   5.43, 4.00, 0.00, 0.00, 0.00, 0.00, 1, 1,  6,  39.7284778, -83.7078050,   666.0, 2026,  3, 28, 20,  3, 54,       68,      341,  65,  79,   2.5,   1.4,   2.0,  0,  0,  0, 30,  8, 25,  0,  0, 23,  0,  0,  9,  0,  0,  0,  0, 23,  0, 30,  0,  0,  0,  0,  0, 32,  0,  0,  0, 36,  0,  0,  0
6, 11026, 15,KE8EXM,     4.83, 5,   coast,  -15.20,  92128.00,  795.36,  660.55,  137.49, 20.0, 4.01, 3.98, 4.00,  -4.47,  -4.08,  -0.96, 200.40,   4.41,   4.28,   0.21,  -0.23,  -0.08,   5.39, 4.00, 0.00, 0.00, 0.00, 0.00, 1, 1,  6,  39.7284778, -83.7078050,   666.0, 2026,  3, 28, 20,  3, 54,       68,      341,  65,  79,   2.5,   1.4,   2.0,  0,  0,  0, 30,  8, 25,  0,  0, 23,  0,  0,  9,  0,  0,  0,  0, 23,  0, 30,  0,  0,  0,  0,  0, 32,  0,  0,  0, 36,  0,  0,  0
6, 11026, 15,KE8EXM,     4.84, 5,   coast,  -14.71,  92128.00,  795.36,  660.55,  137.34, 20.0, 4.01, 3.98, 4.00,  -4.82,  -3.70,  -3.20, 199.12,   4.90,   4.35,   0.21,  -0.23,  -0.08,   5.34, 4.00, 0.00, 0.00, 0.00, 0.00, 1, 1,  6,  39.7284778, -83.7078050,   666.0, 2026,  3, 28, 20,  3, 54,       68,      341,  65,  79,   2.5,   1.4,   2.0,  0,  0,  0, 30,  8, 25,  0,  0, 23,  0,  0,  9,  0,  0,  0,  0, 23,  0, 30,  0,  0,  0,  0,  0, 32,  0,  0,  0, 36,  0,  0,  0
6, 11026, 15,KE8EXM,     4.85, 5,   coast,  -13.73,  92100.00,  797.88,  663.07,  137.20, 20.0, 4.01, 3.98, 4.00,  -4.44,  -4.68,   1.23, 197.96,   6.00,   3.61,   0.21,  -0.24,  -0.08,   5.28, 4.00, 0.00, 0.00, 0.00, 0.00, 1, 1,  6,  39.7284778, -83.7078050,   666.0, 2026,  3, 28, 20,  3, 54,       68,      341,  65,  79,   2.5,   1.4,   2.0,  0,  0,  0, 30,  8, 25,  0,  0, 23,  0,  0,  9,  0,  0,  0,  0, 23,  0, 30,  0,  0,  0,  0,  0, 32,  0,  0,  0, 36,  0,  0,  0
6, 11026, 15,KE8EXM,     4.86, 5,   coast,  -13.73,  92100.00,  797.88,  663.07,  137.06, 20.0, 4.01, 3.98, 4.00,  -5.01,  -5.18,  -3.74, 199.67,   3.37,   2.82,   0.21,  -0.24,  -0.07,   5.25, 4.00, 0.00, 0.00, 0.00, 0.00, 1, 1,  6,  39.7284778, -83.7078050,   666.0, 2026,  3, 28, 20,  3, 54,       68,      341,  65,  79,   2.5,   1.4,   2.0,  0,  0,  0, 30,  8, 25,  0,  0, 23,  0,  0,  9,  0,  0,  0,  0, 23,  0, 30,  0,  0,  0,  0,  0, 32,  0,  0,  0, 36,  0,  0,  0
6, 11026, 15,KE8EXM,     4.87, 5,   coast,  -12.75,  92072.00,  800.39,  665.59,  136.92, 20.0, 4.01, 3.98, 4.00,  -4.10,  -4.80,   0.24, 197.53,   7.28,   3.25,   0.21,  -0.24,  -0.06,   5.17, 4.00, 0.00, 0.00, 0.00, 0.00, 1, 1,  6,  39.7284778, -83.7078050,   666.0, 2026,  3, 28, 20,  3, 54,       68,      341,  65,  79,   2.5,   1.4,   2.0,  0,  0,  0, 30,  8, 25,  0,  0, 23,  0,  0,  9,  0,  0,  0,  0, 23,  0, 30,  0,  0,  0,  0,  0, 32,  0,  0,  0, 36,  0,  0,  0
6, 11026, 15,KE8EXM,     4.88, 5,   coast,  -15.69,  92072.00,  800.39,  665.59,  136.78, 20.0, 4.01, 3.98, 4.00,  -4.79,  -3.05,  -3.10, 200.95,   5.94,   2.76,   0.21,  -0.24,  -0.05,   5.11, 4.00, 0.00, 0.00, 0.00, 0.00, 1, 1,  6,  39.7284778, -83.7078050,   666.0, 2026,  3, 28, 20,  3, 54,       68,      341,  65,  79,   2.5,   1.4,   2.0,  0,  0,  0, 30,  8, 25,  0,  0, 23,  0,  0,  9,  0,  0,  0,  0, 23,  0, 30,  0,  0,  0,  0,  0, 32,  0,  0,  0, 36,  0,  0,  0
6, 11026, 15,KE8EXM,     4.89, 5,   coast,  -14.71,  92039.00,  803.36,  668.56,  136.64, 20.0, 4.01, 3.98, 4.00,  -4.61,  -3.66,  -0.70, 195.64,   7.71,   2.76,   0.21,  -0.24,  -0.05,   5.03, 4.00, 0.00, 0.00, 0.00, 0.00, 1, 1,  6,  39.7284778, -83.7078050,   666.0, 2026,  3, 28, 20,  3, 54,       68,      341,  65,  79,   2.5,   1.4,   2.0,  0,  0,  0, 30,  8, 25,  0,  0, 23,  0,  0,  9,  0,  0,  0,  0, 23,  0, 30,  0,  0,  0,  0,  0, 32,  0,  0,  0, 36,  0,  0,  0
6, 11026, 15,KE8EXM,     4.90, 5,   coast,  -12.26,  92039.00,  803.36,  668.56,  136.50, 20.0, 4.01, 3.98, 4.00,  -4.46,  -5.86,  -2.17, 196.68,   5.75,   2.58,   0.21,  -0.24,  -0.04,   4.97, 4.00, 0.00, 0.00, 0.00, 0.00, 1, 1,  6,  39.7284778, -83.7078050,   666.0, 2026,  3, 28, 20,  3, 54,       68,      341,  65,  79,   2.5,   1.4,   2.0,  0,  0,  0, 30,  8, 25,  0,  0, 23,  0,  0,  9,  0,  0,  0,  0, 23,  0, 30,  0,  0,  0,  0,  0, 32,  0,  0,  0, 36,  0,  0,  0
6, 11026, 15,KE8EXM,     4.91, 5,   coast,  -14.71,  92009.00,  806.06,  671.26,  136.35, 20.0, 4.01, 3.98, 4.00,  -4.58,  -3.92,  -2.38, 197.66,   6.30,   2.09,   0.20,  -0.25,  -0.03,   4.91, 4.00, 0.00, 0.00, 0.00, 0.00, 1, 1,  6,  39.7284778, -83.7078050,   666.0, 2026,  3, 28, 20,  3, 54,       68,      341,  65,  79,   2.5,   1.4,   2.0,  0,  0,  0, 30,  8, 25,  0,  0, 23,  0,  0,  9,  0,  0,  0,  0, 23,  0, 30,  0,  0,  0,  0,  0, 32,  0,  0,  0, 36,  0,  0,  0
6, 11026, 15,KE8EXM,     4.92, 5,   coast,  -14.71,  92009.00,  806.06,  671.26,  136.21, 20.0, 4.01, 3.98, 4.00,  -4.48,  -2.90,  -1.90, 193.38,   7.77,   2.82,   0.20,  -0.25,  -0.03,   4.83, 4.00, 0.00, 0.00, 0.00, 0.00, 1, 1,  6,  39.7284778, -83.7078050,   666.0, 2026,  3, 28, 20,  3, 54,       68,      341,  65,  79,   2.5,   1.4,   2.0,  0,  0,  0, 30,  8, 25,  0,  0, 23,  0,  0,  9,  0,  0,  0,  0, 23,  0, 30,  0,  0,  0,  0,  0, 32,  0,  0,  0, 36,  0,  0,  0
6, 11026, 15,KE8EXM,     4.93, 5,   coast,  -14.22,  91983.00,  808.40,  673.60,  136.07, 20.0, 4.01, 3.98, 4.00,  -4.42,  -3.37,  -1.65, 196.43,   7.46,   2.21,   0.20,  -0.25,  -0.02,   4.75, 4.00, 0.00, 0.00, 0.00, 0.00, 1, 1,  6,  39.7284778, -83.7078050,   666.0, 2026,  3, 28, 20,  3, 54,       68,      341,  65,  79,   2.5,   1.4,   2.0,  0,  0,  0, 30,  8, 25,  0,  0, 23,  0,  0,  9,  0,  0,  0,  0, 23,  0, 30,  0,  0,  0,  0,  0, 32,  0,  0,  0, 36,  0,  0,  0
6, 11026, 15,KE8EXM,     4.94, 5,   coast,  -13.73,  91983.00,  808.40,  673.60,  135.93, 20.0, 4.01, 3.98, 4.00,  -4.48,  -4.18,  -3.22, 194.73,   8.50,   2.15,   0.20,  -0.25,  -0.02,   4.66, 4.00, 0.00, 0.00, 0.00, 0.00, 1, 1,  6,  39.7284778, -83.7078050,   666.0, 2026,  3, 28, 20,  3, 54,       68,      341,  65,  79,   2.5,   1.4,   2.0,  0,  0,  0, 30,  8, 25,  0,  0, 23,  0,  0,  9,  0,  0,  0,  0, 23,  0, 30,  0,  0,  0,  0,  0, 32,  0,  0,  0, 36,  0,  0,  0
6, 11026, 15,KE8EXM,     4.95, 5,   coast,  -13.24,  91946.00,  811.74,  676.93,  135.79, 20.0, 4.01, 3.98, 4.00,  -4.35,  -4.26,  -1.77, 192.41,   9.42,   2.45,   0.20,  -0.25,  -0.01,   4.56, 4.00, 0.00, 0.00, 0.00, 0.00, 1, 1,  6,  39.7284778, -83.7078050,   666.0, 2026,  3, 28, 20,  3, 54,       68,      341,  65,  79,   2.5,   1.4,   2.0,  0,  0,  0, 30,  8, 25,  0,  0, 23,  0,  0,  9,  0,  0,  0,  0, 23,  0, 30,  0,  0,  0,  0,  0, 32,  0,  0,  0, 36,  0,  0,  0
6, 11026, 15,KE8EXM,     4.96, 5,   coast,  -14.22,  91946.00,  811.74,  676.93,  135.65, 20.0, 4.01, 3.98, 4.00,  -4.77,  -3.30,  -3.10, 192.22,   9.48,   2.45,   0.20,  -0.25,  -0.01,   4.47, 4.00, 0.00, 0.00, 0.00, 0.00, 1, 1,  6,  39.7284778, -83.7078050,   666.0, 2026,  3, 28, 20,  3, 54,       68,      341,  65,  79,   2.5,   1.4,   2.0,  0,  0,  0, 30,  8, 25,  0,  0, 23,  0,  0,  9,  0,  0,  0,  0, 23,  0, 30,  0,  0,  0,  0,  0, 32,  0,  0,  0, 36,  0,  0,  0
6, 11026, 15,KE8EXM,     4.97, 5,   coast,  -15.20,  91927.00,  813.45,  678.64,  135.51, 20.0, 4.01, 3.98, 4.00,  -4.43,  -3.76,  -1.12, 188.68,  11.37,   2.39,   0.20,  -0.25,  -0.00,   4.35, 4.00, 0.00, 0.00, 0.00, 0.00, 1, 1,  6,  39.7284778, -83.7078050,   666.0, 2026,  3, 28, 20,  3, 54,       68,      341,  65,  79,   2.5,   1.4,   2.0,  0,  0,  0, 30,  8, 25,  0,  0, 23,  0,  0,  9,  0,  0,  0,  0, 23,  0, 30,  0,  0,  0,  0,  0, 32,  0,  0,  0, 36,  0,  0,  0
6, 11026, 15,KE8EXM,     4.98, 5,   coast,  -13.73,  91927.00,  813.45,  678.64,  135.37, 20.0, 4.01, 3.98, 4.00,  -4.41,  -4.63,  -1.93, 191.00,   9.66,   2.15,   0.20,  -0.25,   0.00,   4.25, 4.00, 0.00, 0.00, 0.00, 0.00, 1, 1,  6,  39.7284778, -83.7078050,   666.0, 2026,  3, 28, 20,  3, 54,       68,      341,  65,  79,   2.5,   1.4,   2.0,  0,  0,  0, 30,  8, 25,  0,  0, 23,  0,  0,  9,  0,  0,  0,  0, 23,  0, 30,  0,  0,  0,  0,  0, 32,  0,  0,  0, 36,  0,  0,  0
6, 11026, 15,KE8EXM,     4.99, 5,   coast,  -14.22,  91891.00,  816.69,  681.88,  135.23, 20.0, 4.01, 3.98, 4.00,  -4.82,  -2.93,  -2.97, 188.26,  11.25,   3.06,   0.20,  -0.25,   0.01,   4.14, 4.00, 0.00, 0.00, 0.00, 0.00, 1, 1,  6,  39.7284778, -83.7078050,   666.0, 2026,  3, 28, 20,  3, 54,       68,      341,  65,  79,   2.5,   1.4,   2.0,  0,  0,  0, 30,  8, 25,  0,  0, 23,  0,  0,  9,  0,  0,  0,  0, 23,  0, 30,  0,  0,  0,  0,  0, 32,  0,  0,  0, 36,  0,  0,  0
6, 11026, 15,KE8EXM,     5.00, 5,   coast,  -14.22,  91891.00,  816.69,  681.88,  135.09, 20.0, 4.01, 3.98, 4.00,  -4.13,  -3.91,  -0.35, 186.73,  11.86,   2.94,   0.20,  -0.25,   0.01,   4.02, 4.00, 0.00, 0.00, 0.00, 0.00, 1, 1,  6,  39.7284778, -83.7078050,   666.0, 2026,  3, 28, 20,  3, 54,       68,      341,  65,  79,   2.5,   1.4,   2.0,  0,  0,  0, 30,  8, 25,  0,  0, 23,  0,  0,  9,  0,  0,  0,  0, 23,  0, 30,  0,  0,  0,  0,  0, 32,  0,  0,  0, 36,  0,  0,  0
6, 11026, 15,KE8EXM,     5.01, 5,   coast,  -13.24,  91866.00,  818.94,  684.14,  134.95, 20.0, 4.01, 3.98, 4.00,  -4.45,  -3.31,  -1.21, 189.42,  12.16,   2.88,   0.20,  -0.25,   0.01,   3.90, 4.00, 0.00, 0.00, 0.00, 0.00, 1, 1,  6,  39.7284778, -83.7078050,   666.0, 2026,  3, 28, 20,  3, 54,       68,      341,  65,  79,   2.5,   1.4,   2.0,  0,  0,  0, 30,  8, 25,  0,  0, 23,  0,  0,  9,  0,  0,  0,  0, 23,  0, 30,  0,  0,  0,  0,  0, 32,  0,  0,  0, 36,  0,  0,  0
6, 11026, 15,KE8EXM,     5.02, 5,   coast,  -12.75,  91866.00,  818.94,  684.14,  134.82, 20.0, 4.01, 3.98, 4.00,  -4.55,  -4.66,  -0.58, 185.51,  12.90,   3.31,   0.21,  -0.25,   0.02,   3.77, 4.00, 0.00, 0.00, 0.00, 0.00, 1, 1,  6,  39.7284778, -83.7078050,   666.0, 2026,  3, 28, 20,  3, 54,       68,      341,  65,  79,   2.5,   1.4,   2.0,  0,  0,  0, 30,  8, 25,  0,  0, 23,  0,  0,  9,  0,  0,  0,  0, 23,  0, 30,  0,  0,  0,  0,  0, 32,  0,  0,  0, 36,  0,  0,  0
6, 11026, 15,KE8EXM,     5.03, 5,   coast,  -13.73,  91832.00,  822.01,  687.20,  134.68, 20.0, 4.01, 3.98, 4.00,  -4.32,  -3.51,  -0.11, 187.83,  12.53,   3.06,   0.21,  -0.24,   0.03,   3.65, 4.00, 0.00, 0.00, 0.00, 0.00, 1, 1,  6,  39.7284778, -83.7078050,   666.0, 2026,  3, 28, 20,  3, 54,       68,      341,  65,  79,   2.5,   1.4,   2.0,  0,  0,  0, 30,  8, 25,  0,  0, 23,  0,  0,  9,  0,  0,  0,  0, 23,  0, 30,  0,  0,  0,  0,  0, 32,  0,  0,  0, 36,  0,  0,  0
6, 11026, 15,KE8EXM,     5.04, 5,   coast,  -14.22,  91832.00,  822.01,  687.20,  134.55, 20.0, 4.01, 3.98, 4.00,  -4.59,  -3.20,  -1.41, 186.36,  12.10,   3.31,   0.21,  -0.24,   0.03,   3.53, 4.00, 0.00, 0.00, 0.00, 0.00, 1, 1,  6,  39.7284778, -83.7078050,   666.0, 2026,  3, 28, 20,  3, 54,       68,      341,  65,  79,   2.5,   1.4,   2.0,  0,  0,  0, 30,  8, 25,  0,  0, 23,  0,  0,  9,  0,  0,  0,  0, 23,  0, 30,  0,  0,  0,  0,  0, 32,  0,  0,  0, 36,  0,  0,  0
6, 11026, 15,KE8EXM,     5.05, 5,   coast,  -12.75,  91800.00,  824.89,  690.09,  134.41, 20.0, 4.01, 3.98, 4.00,  -4.53,  -4.35,   0.96, 186.85,  12.77,   3.19,   0.21,  -0.24,   0.04,   3.41, 4.00, 0.00, 0.00, 0.00, 0.00, 1, 1,  6,  39.7284778, -83.7078050,   666.0, 2026,  3, 28, 20,  3, 54,       68,      341,  65,  79,   2.5,   1.4,   2.0,  0,  0,  0, 30,  8, 25,  0,  0, 23,  0,  0,  9,  0,  0,  0,  0, 23,  0, 30,  0,  0,  0,  0,  0, 32,  0,  0,  0, 36,  0,  0,  0
6, 11026, 15,KE8EXM,     5.06, 5,   coast,  -14.22,  91800.00,  824.89,  690.09,  134.27, 20.0, 4.01, 3.98, 4.00,  -4.46,  -3.60,  -0.60, 188.80,  10.76,   3.13,   0.20,  -0.24,   0.04,   3.31, 4.00, 0.00, 0.00, 0.00, 0.00, 1, 1,  6,  39.7284778, -83.7078050,   666.0, 2026,  3, 28, 20,  3, 54,       68,      341,  65,  79,   2.5,   1.4,   2.0,  0,  0,  0, 30,  8, 25,  0,  0, 23,  0,  0,  9,  0,  0,  0,  0, 23,  0, 30,  0,  0,  0,  0,  0, 32,  0,  0,  0, 36,  0,  0,  0
6, 11026, 15,KE8EXM,     5.07, 5,   coast,  -15.20,  91778.00,  826.88,  692.07,  134.13, 20.0, 4.01, 3.98, 4.00,  -4.33,  -3.41,   0.34, 187.52,  11.49,   3.86,   0.20,  -0.24,   0.04,   3.20, 4.00, 0.00, 0.00, 0.00, 0.00, 1, 1,  6,  39.7284778, -83.7078050,   666.0, 2026,  3, 28, 20,  3, 54,       68,      341,  65,  79,   2.5,   1.4,   2.0,  0,  0,  0, 30,  8, 25,  0,  0, 23,  0,  0,  9,  0,  0,  0,  0, 23,  0, 30,  0,  0,  0,  0,  0, 32,  0,  0,  0, 36,  0,  0,  0
6, 11026, 15,KE8EXM,     5.08, 5,   coast,  -14.71,  91778.00,  826.88,  692.07,  133.98, 20.0, 4.01, 3.98, 4.00,  -4.61,  -3.61,   0.04, 188.19,  12.71,   3.55,   0.21,  -0.24,   0.05,   3.09, 4.00, 0.00, 0.00, 0.00, 0.00, 1, 1,  6,  39.7284778, -83.7078050,   666.0, 2026,  3, 28, 20,  3, 54,       68,      341,  65,  79,   2.5,   1.4,   2.0,  0,  0,  0, 30,  8, 25,  0,  0, 23,  0,  0,  9,  0,  0,  0,  0, 23,  0, 30,  0,  0,  0,  0,  0, 32,  0,  0,  0, 36,  0,  0,  0
6, 11026, 15,KE8EXM,     5.09, 5,   coast,  -14.22,  91743.00,  830.03,  695.23,  133.84, 20.0, 4.01, 3.98, 4.00,  -4.46,  -3.76,   1.08, 191.31,  11.00,   3.61,   0.21,  -0.23,   0.05,   2.99, 4.00, 0.00, 0.00, 0.00, 0.00, 1, 1,  6,  39.7284778, -83.7078050,   666.0, 2026,  3, 28, 20,  3, 54,       68,      341,  65,  79,   2.5,   1.4,   2.0,  0,  0,  0, 30,  8, 25,  0,  0, 23,  0,  0,  9,  0,  0,  0,  0, 23,  0, 30,  0,  0,  0,  0,  0, 32,  0,  0,  0, 36,  0,  0,  0
6, 11026, 15,KE8EXM,     5.10, 5,   coast,  -14.22,  91743.00,  830.03,  695.23,  133.69, 20.0, 4.01, 3.98, 4.00,  -4.39,  -4.07,   0.44, 190.39,  10.64,   3.67,   0.21,  -0.23,   0.06,   2.90, 4.00, 0.00, 0.00, 0.00, 0.00, 1, 1,  6,  39.7284778, -83.7078050,   666.0, 2026,  3, 28, 20,  3, 54,       68,      341,  65,  79,   2.5,   1.4,   2.0,  0,  0,  0, 30,  8, 25,  0,  0, 23,  0,  0,  9,  0,  0,  0,  0, 23,  0, 30,  0,  0,  0,  0,  0, 32,  0,  0,  0, 36,  0,  0,  0
6, 11026, 15,KE8EXM,     5.11, 5,   coast,  -15.20,  91714.00,  832.65,  697.84,  133.55, 20.0, 4.01, 3.98, 4.00,  -4.34,  -3.45,   0.85, 189.96,  11.06,   3.61,   0.21,  -0.23,   0.06,   2.81, 4.00, 0.00, 0.00, 0.00, 0.00, 1, 1,  6,  39.7284778, -83.7078050,   666.0, 2026,  3, 28, 20,  3, 54,       68,      341,  65,  79,   2.5,   1.4,   2.0,  0,  0,  0, 30,  8, 25,  0,  0, 23,  0,  0,  9,  0,  0,  0,  0, 23,  0, 30,  0,  0,  0,  0,  0, 32,  0,  0,  0, 36,  0,  0,  0
6, 11026, 15,KE8EXM,     5.11, 5,   coast,  -15.20,  91714.00,  832.65,  697.84,  133.55, 20.0, 4.01, 3.98, 4.00,  -4.34,  -3.45,   0.85, 189.96,  11.06,   3.61,   0.21,  -0.23,   0.06,   2.81, 4.00, 0.00, 0.00, 0.00, 0.00, 1, 1,  6,  39.7284778, -83.7078050,   666.0, 2026,  3, 28, 20,  3, 54,       68,      341,  65,  79,   2.5,   1.4,   2.0,  0,  0,  0, 30,  8, 25,  0,  0, 23,  0,  0,  9,  0,  0,  0,  0, 23,  0, 30,  0,  0,  0,  0,  0, 32,  0,  0,  0, 36,  0,  0,  0
6, 11026, 15,KE8EXM,     5.11, 5,   coast,  -15.20,  91714.00,  832.65,  697.84,  133.55, 20.0, 4.01, 3.98, 4.00,  -4.34,  -3.45,   0.85, 189.96,  11.06,   3.61,   0.21,  -0.23,   0.06,   2.81, 4.00, 0.00, 0.00, 0.00, 0.00, 1, 1,  6,  39.7284778, -83.7078050,   666.0, 2026,  3, 28, 20,  3, 54,       68,      341,  65,  79,   2.5,   1.4,   2.0,  0,  0,  0, 30,  8, 25,  0,  0, 23,  0,  0,  9,  0,  0,  0,  0, 23,  0, 30,  0,  0,  0,  0,  0, 32,  0,  0,  0, 36,  0,  0,  0
6, 11026, 15,KE8EXM,     5.12, 5,   coast,  -12.75,  91714.00,  832.65,  697.84,  133.41, 20.0, 4.01, 3.98, 4.00,  -4.54,  -4.22,   0.44, 190.45,  10.76,   4.16,   0.21,  -0.23,   0.07,   2.72, 4.00, 0.00, 0.00, 0.00, 0.00, 1, 1,  6,  39.7283324, -83.7076611,   822.0, 2026,  3, 28, 20,  3, 55,       74,      496,  80,  81,   2.5,   1.4,   2.0,  0,  0,  0, 34,  8, 34,  0,  0, 34,  0, 28,  8,  0,  0,  0,  0, 36,  0, 34,  0, 20,  0,  0,  0, 26,  0,  0,  0, 18,  0,  0,  0
6, 11026, 15,KE8EXM,     5.13, 5,   coast,  -12.75,  91702.00,  833.73,  698.93,  133.28, 20.0, 4.01, 3.98, 4.00,  -4.26,  -3.86,   1.09, 193.44,   9.84,   3.92,   0.21,  -0.22,   0.07,   2.64, 4.00, 0.00, 0.00, 0.00, 0.00, 1, 1,  6,  39.7283324, -83.7076611,   822.0, 2026,  3, 28, 20,  3, 55,       74,      496,  80,  81,   2.5,   1.4,   2.0,  0,  0,  0, 34,  8, 34,  0,  0, 34,  0, 28,  8,  0,  0,  0,  0, 36,  0, 34,  0, 20,  0,  0,  0, 26,  0,  0,  0, 18,  0,  0,  0
6, 11026, 15,KE8EXM,     5.14, 5,   coast,  -14.22,  91702.00,  833.73,  698.93,  133.14, 20.0, 4.00, 3.98, 3.99,  -4.40,  -4.78,   0.92, 193.14,   9.29,   3.92,   0.21,  -0.22,   0.08,   2.57, 4.00, 0.00, 0.00, 0.00, 0.00, 1, 1,  6,  39.7283324, -83.7076611,   822.0, 2026,  3, 28, 20,  3, 55,       74,      496,  80,  81,   2.5,   1.4,   2.0,  0,  0,  0, 34,  8, 34,  0,  0, 34,  0, 28,  8,  0,  0,  0,  0, 36,  0, 34,  0, 20,  0,  0,  0, 26,  0,  0,  0, 18,  0,  0,  0
6, 11026, 15,KE8EXM,     5.14, 5,   coast,  -14.22,  91702.00,  833.73,  698.93,  133.14, 20.0, 4.00, 3.98, 3.99,  -4.40,  -4.78,   0.92, 193.14,   9.29,   3.92,   0.21,  -0.22,   0.08,   2.57, 4.00, 0.00, 0.00, 0.00, 0.00, 1, 1,  6,  39.7283324, -83.7076611,   822.0, 2026,  3, 28, 20,  3, 55,       74,      496,  80,  81,   2.5,   1.4,   2.0,  0,  0,  0, 34,  8, 34,  0,  0, 34,  0, 28,  8,  0,  0,  0,  0, 36,  0, 34,  0, 20,  0,  0,  0, 26,  0,  0,  0, 18,  0,  0,  0
6, 11026, 15,KE8EXM,     5.15, 5,   coast,  -12.75,  91656.00,  837.88,  703.08,  133.01, 20.0, 4.00, 3.98, 3.99,  -4.35,  -4.66,   0.78, 192.89,   8.81,   3.74,   0.21,  -0.22,   0.08,   2.51, 4.00, 0.00, 0.00, 0.00, 0.00, 1, 1,  6,  39.7283324, -83.7076611,   822.0, 2026,  3, 28, 20,  3, 55,       74,      496,  80,  81,   2.5,   1.4,   2.0,  0,  0,  0, 34,  8, 34,  0,  0, 34,  0, 28,  8,  0,  0,  0,  0, 36,  0, 34,  0, 20,  0,  0,  0, 26,  0,  0,  0, 18,  0,  0,  0
6, 11026, 15,KE8EXM,     5.16, 5,   coast,  -12.75,  91656.00,  837.88,  703.08,  132.88, 20.0, 4.00, 3.98, 3.99,  -4.35,  -4.96,  -0.35, 195.03,   8.32,   3.92,   0.21,  -0.21,   0.09,   2.45, 4.00, 0.00, 0.00, 0.00, 0.00, 1, 1,  6,  39.7283324, -83.7076611,   822.0, 2026,  3, 28, 20,  3, 55,       74,      496,  80,  81,   2.5,   1.4,   2.0,  0,  0,  0, 34,  8, 34,  0,  0, 34,  0, 28,  8,  0,  0,  0,  0, 36,  0, 34,  0, 20,  0,  0,  0, 26,  0,  0,  0, 18,  0,  0,  0
6, 11026, 15,KE8EXM,     5.17, 5,   coast,  -12.75,  91634.00,  839.87,  705.06,  132.75, 20.0, 4.00, 3.98, 3.99,  -4.38,  -4.61,   0.75, 198.39,   8.93,   3.37,   0.21,  -0.21,   0.09,   2.40, 4.00, 0.00, 0.00, 0.00, 0.00, 1, 1,  6,  39.7283324, -83.7076611,   822.0, 2026,  3, 28, 20,  3, 55,       74,      496,  80,  81,   2.5,   1.4,   2.0,  0,  0,  0, 34,  8, 34,  0,  0, 34,  0, 28,  8,  0,  0,  0,  0, 36,  0, 34,  0, 20,  0,  0,  0, 26,  0,  0,  0, 18,  0,  0,  0
6, 11026, 15,KE8EXM,     5.18, 5,   coast,  -13.73,  91634.00,  839.87,  705.06,  132.61, 20.0, 4.00, 3.98, 3.99,  -4.59,  -5.05,  -0.66, 198.14,   7.59,   2.82,   0.21,  -0.21,   0.09,   2.36, 4.00, 0.00, 0.00, 0.00, 0.00, 1, 1,  6,  39.7283324, -83.7076611,   822.0, 2026,  3, 28, 20,  3, 55,       74,      496,  80,  81,   2.5,   1.4,   2.0,  0,  0,  0, 34,  8, 34,  0,  0, 34,  0, 28,  8,  0,  0,  0,  0, 36,  0, 34,  0, 20,  0,  0,  0, 26,  0,  0,  0, 18,  0,  0,  0
6, 11026, 15,KE8EXM,     5.19, 5,   coast,  -15.20,  91600.00,  842.94,  708.14,  132.48, 20.0, 4.00, 3.98, 3.99,  -4.11,  -5.06,   1.12, 197.29,   7.71,   2.70,   0.21,  -0.21,   0.10,   2.32, 4.00, 0.00, 0.00, 0.00, 0.00, 1, 1,  6,  39.7283324, -83.7076611,   822.0, 2026,  3, 28, 20,  3, 55,       74,      496,  80,  81,   2.5,   1.4,   2.0,  0,  0,  0, 34,  8, 34,  0,  0, 34,  0, 28,  8,  0,  0,  0,  0, 36,  0, 34,  0, 20,  0,  0,  0, 26,  0,  0,  0, 18,  0,  0,  0
6, 11026, 15,KE8EXM,     5.20, 5,   coast,  -13.24,  91600.00,  842.94,  708.14,  132.34, 20.0, 4.00, 3.98, 3.99,  -4.35,  -4.64,  -0.98, 199.97,   6.55,   2.45,   0.21,  -0.20,   0.10,   2.30, 4.00, 0.00, 0.00, 0.00, 0.00, 1, 1,  6,  39.7283324, -83.7076611,   822.0, 2026,  3, 28, 20,  3, 55,       74,      496,  80,  81,   2.5,   1.4,   2.0,  0,  0,  0, 34,  8, 34,  0,  0, 34,  0, 28,  8,  0,  0,  0,  0, 36,  0, 34,  0, 20,  0,  0,  0, 26,  0,  0,  0, 18,  0,  0,  0
6, 11026, 15,KE8EXM,     5.21, 5,   coast,  -13.73,  91563.00,  846.28,  711.48,  132.19, 20.0, 4.00, 3.98, 3.99,  -4.35,  -4.92,  -0.22, 199.55,   7.77,   2.09,   0.21,  -0.19,   0.11,   2.28, 4.00, 0.00, 0.00, 0.00, 0.00, 1, 1,  6,  39.7283324, -83.7076611,   822.0, 2026,  3, 28, 20,  3, 55,       74,      496,  80,  81,   2.5,   1.4,   2.0,  0,  0,  0, 34,  8, 34,  0,  0, 34,  0, 28,  8,  0,  0,  0,  0, 36,  0, 34,  0, 20,  0,  0,  0, 26,  0,  0,  0, 18,  0,  0,  0
6, 11026, 15,KE8EXM,     5.22, 5,   coast,  -15.69,  91563.00,  846.28,  711.48,  132.05, 20.0, 4.00, 3.98, 3.99,  -4.12,  -4.68,  -0.11, 198.94,   6.79,   1.90,   0.21,  -0.19,   0.11,   2.27, 4.00, 0.00, 0.00, 0.00, 0.00, 1, 1,  6,  39.7283324, -83.7076611,   822.0, 2026,  3, 28, 20,  3, 55,       74,      496,  80,  81,   2.5,   1.4,   2.0,  0,  0,  0, 34,  8, 34,  0,  0, 34,  0, 28,  8,  0,  0,  0,  0, 36,  0, 34,  0, 20,  0,  0,  0, 26,  0,  0,  0, 18,  0,  0,  0
6, 11026, 15,KE8EXM,     5.23, 5,   coast,  -13.73,  91539.00,  848.45,  713.65,  131.91, 20.0, 4.00, 3.98, 3.99,  -4.38,  -5.20,  -0.79, 199.24,   6.97,   1.54,   0.21,  -0.18,   0.12,   2.27, 4.00, 0.00, 0.00, 0.00, 0.00, 1, 1,  6,  39.7283324, -83.7076611,   822.0, 2026,  3, 28, 20,  3, 55,       74,      496,  80,  81,   2.5,   1.4,   2.0,  0,  0,  0, 34,  8, 34,  0,  0, 34,  0, 28,  8,  0,  0,  0,  0, 36,  0, 34,  0, 20,  0,  0,  0, 26,  0,  0,  0, 18,  0,  0,  0
6, 11026, 15,KE8EXM,     5.24, 5,   coast,  -14.71,  91539.00,  848.45,  713.65,  131.76, 20.0, 4.00, 3.98, 3.99,  -4.16,  -4.15,   0.69, 201.74,   7.28,   0.81,   0.21,  -0.18,   0.12,   2.28, 4.00, 0.00, 0.00, 0.00, 0.00, 1, 1,  6,  39.7283324, -83.7076611,   822.0, 2026,  3, 28, 20,  3, 55,       74,      496,  80,  81,   2.5,   1.4,   2.0,  0,  0,  0, 34,  8, 34,  0,  0, 34,  0, 28,  8,  0,  0,  0,  0, 36,  0, 34,  0, 20,  0,  0,  0, 26,  0,  0,  0, 18,  0,  0,  0
6, 11026, 15,KE8EXM,     5.25, 5,   coast,  -15.20,  91520.00,  850.17,  715.36,  131.62, 20.0, 4.00, 3.98, 3.99,  -4.25,  -4.50,  -0.43, 197.53,   6.43,   0.99,   0.21,  -0.18,   0.12,   2.29, 4.00, 0.00, 0.00, 0.00, 0.00, 1, 1,  6,  39.7283324, -83.7076611,   822.0, 2026,  3, 28, 20,  3, 55,       74,      496,  80,  81,   2.5,   1.4,   2.0,  0,  0,  0, 34,  8, 34,  0,  0, 34,  0, 28,  8,  0,  0,  0,  0, 36,  0, 34,  0, 20,  0,  0,  0, 26,  0,  0,  0, 18,  0,  0,  0
6, 11026, 15,KE8EXM,     5.26, 5,   coast,  -12.26,  91520.00,  850.17,  715.36,  131.48, 20.0, 4.00, 3.98, 3.99,  -4.51,  -5.70,  -2.06, 199.30,   7.34,   0.68,   0.21,  -0.17,   0.13,   2.31, 4.00, 0.00, 0.00, 0.00, 0.00, 1, 1,  6,  39.7283324, -83.7076611,   822.0, 2026,  3, 28, 20,  3, 55,       74,      496,  80,  81,   2.5,   1.4,   2.0,  0,  0,  0, 34,  8, 34,  0,  0, 34,  0, 28,  8,  0,  0,  0,  0, 36,  0, 34,  0, 20,  0,  0,  0, 26,  0,  0,  0, 18,  0,  0,  0
6, 11026, 15,KE8EXM,     5.27, 5,   coast,  -13.73,  91486.00,  853.24,  718.44,  131.35, 20.0, 4.00, 3.98, 3.99,  -4.07,  -4.48,   0.90, 202.97,   7.28,   0.32,   0.21,  -0.17,   0.13,   2.34, 4.00, 0.00, 0.00, 0.00, 0.00, 1, 1,  6,  39.7283324, -83.7076611,   822.0, 2026,  3, 28, 20,  3, 55,       74,      496,  80,  81,   2.5,   1.4,   2.0,  0,  0,  0, 34,  8, 34,  0,  0, 34,  0, 28,  8,  0,  0,  0,  0, 36,  0, 34,  0, 20,  0,  0,  0, 26,  0,  0,  0, 18,  0,  0,  0
6, 11026, 15,KE8EXM,     5.28, 5,   coast,  -13.24,  91486.00,  853.24,  718.44,  131.21, 20.0, 4.00, 3.98, 3.99,  -4.31,  -3.74,  -0.80, 198.45,   7.59,   0.32,   0.21,  -0.16,   0.13,   2.37, 4.00, 0.00, 0.00, 0.00, 0.00, 1, 1,  6,  39.7283324, -83.7076611,   822.0, 2026,  3, 28, 20,  3, 55,       74,      496,  80,  81,   2.5,   1.4,   2.0,  0,  0,  0, 34,  8, 34,  0,  0, 34,  0, 28,  8,  0,  0,  0,  0, 36,  0, 34,  0, 20,  0,  0,  0, 26,  0,  0,  0, 18,  0,  0,  0
6, 11026, 15,KE8EXM,     5.29, 5,   coast,  -13.73,  91460.00,  855.60,  720.79,  131.07, 20.0, 4.00, 3.98, 3.99,  -4.35,  -4.87,  -0.75, 197.84,   7.71,  -0.78,   0.21,  -0.16,   0.13,   2.42, 4.00, 0.00, 0.00, 0.00, 0.00, 1, 1,  6,  39.7283324, -83.7076611,   822.0, 2026,  3, 28, 20,  3, 55,       74,      496,  80,  81,   2.5,   1.4,   2.0,  0,  0,  0, 34,  8, 34,  0,  0, 34,  0, 28,  8,  0,  0,  0,  0, 36,  0, 34,  0, 20,  0,  0,  0, 26,  0,  0,  0, 18,  0,  0,  0
6, 11026, 15,KE8EXM,     5.30, 5,   coast,  -14.71,  91460.00,  855.60,  720.79,  130.93, 20.0, 4.00, 3.98, 3.99,  -4.12,  -4.33,   0.27, 201.32,   8.20,  -0.54,   0.21,  -0.15,   0.14,   2.48, 4.00, 0.00, 0.00, 0.00, 0.00, 1, 1,  6,  39.7283324, -83.7076611,   822.0, 2026,  3, 28, 20,  3, 55,       74,      496,  80,  81,   2.5,   1.4,   2.0,  0,  0,  0, 34,  8, 34,  0,  0, 34,  0, 28,  8,  0,  0,  0,  0, 36,  0, 34,  0, 20,  0,  0,  0, 26,  0,  0,  0, 18,  0,  0,  0
6, 11026, 15,KE8EXM,     5.31, 5,   coast,  -13.73,  91421.00,  859.12,  724.32,  130.79, 20.0, 4.00, 3.98, 3.99,  -4.35,  -3.64,  -0.71, 198.27,   8.01,  -0.23,   0.21,  -0.15,   0.14,   2.53, 4.00, 0.00, 0.00, 0.00, 0.00, 1, 1,  6,  39.7283324, -83.7076611,   822.0, 2026,  3, 28, 20,  3, 55,       74,      496,  80,  81,   2.5,   1.4,   2.0,  0,  0,  0, 34,  8, 34,  0,  0, 34,  0, 28,  8,  0,  0,  0,  0, 36,  0, 34,  0, 20,  0,  0,  0, 26,  0,  0,  0, 18,  0,  0,  0
6, 11026, 15,KE8EXM,     5.32, 5,   coast,  -14.71,  91421.00,  859.12,  724.32,  130.65, 20.0, 4.00, 3.98, 3.99,  -4.27,  -4.33,  -1.26, 198.88,   8.13,  -1.27,   0.21,  -0.14,   0.14,   2.59, 4.00, 0.00, 0.00, 0.00, 0.00, 1, 1,  6,  39.7283324, -83.7076611,   822.0, 2026,  3, 28, 20,  3, 55,       74,      496,  80,  81,   2.5,   1.4,   2.0,  0,  0,  0, 34,  8, 34,  0,  0, 34,  0, 28,  8,  0,  0,  0,  0, 36,  0, 34,  0, 20,  0,  0,  0, 26,  0,  0,  0, 18,  0,  0,  0
6, 11026, 15,KE8EXM,     5.33, 5,   coast,  -12.75,  91395.00,  861.48,  726.67,  130.51, 20.0, 4.00, 3.98, 3.99,  -4.09,  -4.04,   0.03, 199.00,   8.99,  -1.21,   0.21,  -0.13,   0.14,   2.67, 4.00, 0.00, 0.00, 0.00, 0.00, 1, 1,  6,  39.7283324, -83.7076611,   822.0, 2026,  3, 28, 20,  3, 55,       74,      496,  80,  81,   2.5,   1.4,   2.0,  0,  0,  0, 34,  8, 34,  0,  0, 34,  0, 28,  8,  0,  0,  0,  0, 36,  0, 34,  0, 20,  0,  0,  0, 26,  0,  0,  0, 18,  0,  0,  0
6, 11026, 15,KE8EXM,     5.34, 5,   coast,  -14.71,  91395.00,  861.48,  726.67,  130.38, 20.0, 4.00, 3.98, 3.99,  -4.35,  -3.34,  -0.19, 197.66,   8.93,  -0.41,   0.21,  -0.13,   0.15,   2.74, 4.00, 0.00, 0.00, 0.00, 0.00, 1, 1,  6,  39.7283324, -83.7076611,   822.0, 2026,  3, 28, 20,  3, 55,       74,      496,  80,  81,   2.5,   1.4,   2.0,  0,  0,  0, 34,  8, 34,  0,  0, 34,  0, 28,  8,  0,  0,  0,  0, 36,  0, 34,  0, 20,  0,  0,  0, 26,  0,  0,  0, 18,  0,  0,  0
6, 11026, 15,KE8EXM,     5.35, 5,   coast,  -13.73,  91367.00,  864.01,  729.20,  130.24, 20.0, 4.00, 3.98, 3.99,  -4.10,  -2.72,   0.33, 197.41,   8.99,  -1.03,   0.21,  -0.12,   0.15,   2.81, 4.00, 0.00, 0.00, 0.00, 0.00, 1, 1,  6,  39.7283324, -83.7076611,   822.0, 2026,  3, 28, 20,  3, 55,       74,      496,  80,  81,   2.5,   1.4,   2.0,  0,  0,  0, 34,  8, 34,  0,  0, 34,  0, 28,  8,  0,  0,  0,  0, 36,  0, 34,  0, 20,  0,  0,  0, 26,  0,  0,  0, 18,  0,  0,  0
6, 11026, 15,KE8EXM,     5.36, 5,   coast,  -13.24,  91367.00,  864.01,  729.20,  130.10, 20.0, 4.00, 3.98, 3.99,  -4.14,  -3.38,  -0.32, 197.96,   8.56,  -0.78,   0.21,  -0.12,   0.15,   2.89, 4.00, 0.00, 0.00, 0.00, 0.00, 1, 1,  6,  39.7283324, -83.7076611,   822.0, 2026,  3, 28, 20,  3, 55,       74,      496,  80,  81,   2.5,   1.4,   2.0,  0,  0,  0, 34,  8, 34,  0,  0, 34,  0, 28,  8,  0,  0,  0,  0, 36,  0, 34,  0, 20,  0,  0,  0, 26,  0,  0,  0, 18,  0,  0,  0
6, 11026, 15,KE8EXM,     5.37, 5,   coast,  -13.24,  91339.00,  866.54,  731.74,  129.97, 20.0, 4.00, 3.98, 3.99,  -4.09,  -3.53,   0.23, 195.89,   9.42,  -0.48,   0.21,  -0.11,   0.15,   2.97, 4.00, 0.00, 0.00, 0.00, 0.00, 1, 1,  6,  39.7283324, -83.7076611,   822.0, 2026,  3, 28, 20,  3, 55,       74,      496,  80,  81,   2.5,   1.4,   2.0,  0,  0,  0, 34,  8, 34,  0,  0, 34,  0, 28,  8,  0,  0,  0,  0, 36,  0, 34,  0, 20,  0,  0,  0, 26,  0,  0,  0, 18,  0,  0,  0
6, 11026, 15,KE8EXM,     5.38, 5,   coast,  -13.24,  91339.00,  866.54,  731.74,  129.84, 20.0, 4.00, 3.98, 3.99,  -4.05,  -2.97,  -0.02, 197.78,   8.32,  -0.78,   0.21,  -0.10,   0.15,   3.05, 4.00, 0.00, 0.00, 0.00, 0.00, 1, 1,  6,  39.7283324, -83.7076611,   822.0, 2026,  3, 28, 20,  3, 55,       74,      496,  80,  81,   2.5,   1.4,   2.0,  0,  0,  0, 34,  8, 34,  0,  0, 34,  0, 28,  8,  0,  0,  0,  0, 36,  0, 34,  0, 20,  0,  0,  0, 26,  0,  0,  0, 18,  0,  0,  0
6, 11026, 15,KE8EXM,     5.39, 5,   coast,  -13.24,  91316.00,  868.63,  733.82,  129.70, 20.0, 4.00, 3.98, 3.99,  -4.07,  -2.69,   0.63, 195.03,   9.42,  -0.41,   0.22,  -0.10,   0.15,   3.13, 4.00, 0.00, 0.00, 0.00, 0.00, 1, 1,  6,  39.7283324, -83.7076611,   822.0, 2026,  3, 28, 20,  3, 55,       74,      496,  80,  81,   2.5,   1.4,   2.0,  0,  0,  0, 34,  8, 34,  0,  0, 34,  0, 28,  8,  0,  0,  0,  0, 36,  0, 34,  0, 20,  0,  0,  0, 26,  0,  0,  0, 18,  0,  0,  0
6, 11026, 15,KE8EXM,     5.40, 5,   coast,  -12.75,  91316.00,  868.63,  733.82,  129.57, 20.0, 4.00, 3.98, 3.99,  -4.02,  -3.87,  -0.12, 194.66,   7.04,  -0.05,   0.22,  -0.10,   0.15,   3.20, 4.00, 0.00, 0.00, 0.00, 0.00, 1, 1,  6,  39.7283324, -83.7076611,   822.0, 2026,  3, 28, 20,  3, 55,       74,      496,  80,  81,   2.5,   1.4,   2.0,  0,  0,  0, 34,  8, 34,  0,  0, 34,  0, 28,  8,  0,  0,  0,  0, 36,  0, 34,  0, 20,  0,  0,  0, 26,  0,  0,  0, 18,  0,  0,  0
6, 11026, 15,KE8EXM,     5.41, 5,   coast,  -13.24,  91287.00,  871.25,  736.45,  129.44, 20.0, 4.00, 3.98, 3.99,  -3.99,  -3.90,   0.29, 195.09,   9.42,   0.07,   0.22,  -0.09,   0.15,   3.29, 4.00, 0.00, 0.00, 0.00, 0.00, 1, 1,  6,  39.7283324, -83.7076611,   822.0, 2026,  3, 28, 20,  3, 55,       74,      496,  80,  81,   2.5,   1.4,   2.0,  0,  0,  0, 34,  8, 34,  0,  0, 34,  0, 28,  8,  0,  0,  0,  0, 36,  0, 34,  0, 20,  0,  0,  0, 26,  0,  0,  0, 18,  0,  0,  0
6, 11026, 15,KE8EXM,     5.42, 5,   coast,  -13.24,  91287.00,  871.25,  736.45,  129.31, 20.0, 4.00, 3.98, 3.99,  -4.02,  -3.33,  -0.81, 195.64,   7.46,   0.07,   0.22,  -0.08,   0.15,   3.36, 4.00, 0.00, 0.00, 0.00, 0.00, 1, 1,  6,  39.7283324, -83.7076611,   822.0, 2026,  3, 28, 20,  3, 55,       74,      496,  80,  81,   2.5,   1.4,   2.0,  0,  0,  0, 34,  8, 34,  0,  0, 34,  0, 28,  8,  0,  0,  0,  0, 36,  0, 34,  0, 20,  0,  0,  0, 26,  0,  0,  0, 18,  0,  0,  0
6, 11026, 15,KE8EXM,     5.43, 5,   coast,  -11.77,  91263.00,  873.43,  738.62,  129.18, 20.0, 4.00, 3.98, 3.99,  -4.25,  -3.23,  -0.91, 193.63,   8.87,   0.26,   0.22,  -0.08,   0.15,   3.44, 4.00, 0.00, 0.00, 0.00, 0.00, 1, 1,  6,  39.7283324, -83.7076611,   822.0, 2026,  3, 28, 20,  3, 55,       74,      496,  80,  81,   2.5,   1.4,   2.0,  0,  0,  0, 34,  8, 34,  0,  0, 34,  0, 28,  8,  0,  0,  0,  0, 36,  0, 34,  0, 20,  0,  0,  0, 26,  0,  0,  0, 18,  0,  0,  0
6, 11026, 15,KE8EXM,     5.44, 5,   coast,  -13.73,  91263.00,  873.43,  738.62,  129.05, 20.0, 4.00, 3.98, 3.99,  -3.93,  -3.48,   0.22, 192.83,   8.68,  -0.11,   0.22,  -0.07,   0.15,   3.53, 4.00, 0.00, 0.00, 0.00, 0.00, 1, 1,  6,  39.7283324, -83.7076611,   822.0, 2026,  3, 28, 20,  3, 55,       74,      496,  80,  81,   2.5,   1.4,   2.0,  0,  0,  0, 34,  8, 34,  0,  0, 34,  0, 28,  8,  0,  0,  0,  0, 36,  0, 34,  0, 20,  0,  0,  0, 26,  0,  0,  0, 18,  0,  0,  0
6, 11026, 15,KE8EXM,     5.45, 5,   coast,  -13.73,  91224.00,  876.96,  742.16,  128.92, 20.0, 4.00, 3.98, 3.99,  -4.11,  -3.40,  -0.66, 194.42,   8.62,  -0.29,   0.22,  -0.06,   0.15,   3.61, 4.00, 0.00, 0.00, 0.00, 0.00, 1, 1,  6,  39.7283324, -83.7076611,   822.0, 2026,  3, 28, 20,  3, 55,       74,      496,  80,  81,   2.5,   1.4,   2.0,  0,  0,  0, 34,  8, 34,  0,  0, 34,  0, 28,  8,  0,  0,  0,  0, 36,  0, 34,  0, 20,  0,  0,  0, 26,  0,  0,  0, 18,  0,  0,  0
6, 11026, 15,KE8EXM,     5.46, 5,   coast,  -14.71,  91224.00,  876.96,  742.16,  128.78, 20.0, 4.03, 4.03, 4.03,  -3.97,  -3.29,  -0.14, 192.28,   9.72,   0.62,   0.22,  -0.06,   0.15,   3.70, 4.04, 0.00, 0.01, 0.00, 0.00, 1, 1,  6,  39.7283324, -83.7076611,   822.0, 2026,  3, 28, 20,  3, 55,       74,      496,  80,  81,   2.5,   1.4,   2.0,  0,  0,  0, 34,  8, 34,  0,  0, 34,  0, 28,  8,  0,  0,  0,  0, 36,  0, 34,  0, 20,  0,  0,  0, 26,  0,  0,  0, 18,  0,  0,  0
6, 11026, 15,KE8EXM,     5.46, 5,   coast,  -14.71,  91224.00,  876.96,  742.16,  128.78, 20.0, 4.03, 4.03, 4.03,  -3.97,  -3.29,  -0.14, 192.28,   9.72,   0.62,   0.22,  -0.06,   0.15,   3.70, 4.04, 0.00, 0.01, 0.00, 0.00, 1, 1,  6,  39.7283324, -83.7076611,   822.0, 2026,  3, 28, 20,  3, 55,       74,      496,  80,  81,   2.5,   1.4,   2.0,  0,  0,  0, 34,  8, 34,  0,  0, 34,  0, 28,  8,  0,  0,  0,  0, 36,  0, 34,  0, 20,  0,  0,  0, 26,  0,  0,  0, 18,  0,  0,  0
6, 11026, 15,KE8EXM,     5.47, 5,   coast,  -12.75,  91202.00,  878.96,  744.15,  128.64, 20.0, 4.03, 4.03, 4.03,  -4.01,  -2.41,  -0.76, 193.32,   8.50,   0.44,   0.22,  -0.05,   0.15,   3.79, 4.04, 0.00, 0.01, 0.00, 0.00, 1, 1,  6,  39.7283324, -83.7076611,   822.0, 2026,  3, 28, 20,  3, 55,       74,      496,  80,  81,   2.5,   1.4,   2.0,  0,  0,  0, 34,  8, 34,  0,  0, 34,  0, 28,  8,  0,  0,  0,  0, 36,  0, 34,  0, 20,  0,  0,  0, 26,  0,  0,  0, 18,  0,  0,  0
6, 11026, 15,KE8EXM,     5.48, 5,   coast,  -13.73,  91202.00,  878.96,  744.15,  128.51, 20.0, 4.03, 4.03, 4.03,  -4.00,  -3.07,  -0.11, 192.04,   9.90,   0.32,   0.22,  -0.05,   0.15,   3.89, 4.04, 0.00, 0.01, 0.00, 0.00, 1, 1,  6,  39.7283324, -83.7076611,   822.0, 2026,  3, 28, 20,  3, 55,       74,      496,  80,  81,   2.5,   1.4,   2.0,  0,  0,  0, 34,  8, 34,  0,  0, 34,  0, 28,  8,  0,  0,  0,  0, 36,  0, 34,  0, 20,  0,  0,  0, 26,  0,  0,  0, 18,  0,  0,  0
6, 11026, 15,KE8EXM,     5.49, 5,   coast,  -13.73,  91183.00,  880.68,  745.87,  128.37, 20.0, 4.03, 4.03, 4.03,  -3.83,  -3.33,   0.52, 190.39,   8.13,   0.56,   0.22,  -0.04,   0.15,   3.97, 4.04, 0.00, 0.01, 0.00, 0.00, 1, 1,  6,  39.7283324, -83.7076611,   822.0, 2026,  3, 28, 20,  3, 55,       74,      496,  80,  81,   2.5,   1.4,   2.0,  0,  0,  0, 34,  8, 34,  0,  0, 34,  0, 28,  8,  0,  0,  0,  0, 36,  0, 34,  0, 20,  0,  0,  0, 26,  0,  0,  0, 18,  0,  0,  0
6, 11026, 15,KE8EXM,     5.50, 5,   coast,  -14.22,  91183.00,  880.68,  745.87,  128.23, 20.0, 4.03, 4.03, 4.03,  -4.15,  -2.97,  -0.74, 191.12,   9.05,   1.17,   0.22,  -0.04,   0.15,   4.06, 4.04, 0.00, 0.01, 0.00, 0.00, 1, 1,  6,  39.7283324, -83.7076611,   822.0, 2026,  3, 28, 20,  3, 55,       74,      496,  80,  81,   2.5,   1.4,   2.0,  0,  0,  0, 34,  8, 34,  0,  0, 34,  0, 28,  8,  0,  0,  0,  0, 36,  0, 34,  0, 20,  0,  0,  0, 26,  0,  0,  0, 18,  0,  0,  0
6, 11026, 15,KE8EXM,     5.51, 5,   coast,  -14.71,  91149.00,  883.76,  748.95,  128.08, 20.0, 4.03, 4.03, 4.03,  -4.02,  -2.87,   0.24, 190.64,   9.23,   1.23,   0.22,  -0.04,   0.15,   4.15, 4.04, 0.00, 0.01, 0.00, 0.00, 1, 1,  6,  39.7283324, -83.7076611,   822.0, 2026,  3, 28, 20,  3, 55,       74,      496,  80,  81,   2.5,   1.4,   2.0,  0,  0,  0, 34,  8, 34,  0,  0, 34,  0, 28,  8,  0,  0,  0,  0, 36,  0, 34,  0, 20,  0,  0,  0, 26,  0,  0,  0, 18,  0,  0,  0
6, 11026, 15,KE8EXM,     5.52, 5,   coast,  -16.18,  91149.00,  883.76,  748.95,  127.94, 20.0, 4.03, 4.03, 4.03,  -4.15,  -3.00,  -0.74, 191.67,   8.01,   1.11,   0.22,  -0.03,   0.15,   4.23, 4.04, 0.00, 0.01, 0.00, 0.00, 1, 1,  6,  39.7283324, -83.7076611,   822.0, 2026,  3, 28, 20,  3, 55,       74,      496,  80,  81,   2.5,   1.4,   2.0,  0,  0,  0, 34,  8, 34,  0,  0, 34,  0, 28,  8,  0,  0,  0,  0, 36,  0, 34,  0, 20,  0,  0,  0, 26,  0,  0,  0, 18,  0,  0,  0
6, 11026, 15,KE8EXM,     5.53, 5,   coast,  -13.24,  91125.00,  885.94,  751.13,  127.80, 20.0, 4.03, 4.03, 4.03,  -3.92,  -4.62,   0.22, 188.50,   9.72,   1.72,   0.22,  -0.02,   0.14,   4.33, 4.04, 0.00, 0.01, 0.00, 0.00, 1, 1,  6,  39.7283324, -83.7076611,   822.0, 2026,  3, 28, 20,  3, 55,       74,      496,  80,  81,   2.5,   1.4,   2.0,  0,  0,  0, 34,  8, 34,  0,  0, 34,  0, 28,  8,  0,  0,  0,  0, 36,  0, 34,  0, 20,  0,  0,  0, 26,  0,  0,  0, 18,  0,  0,  0
6, 11026, 15,KE8EXM,     5.54, 5,   coast,  -13.24,  91125.00,  885.94,  751.13,  127.66, 20.0, 4.03, 4.03, 4.03,  -3.72,  -2.77,   0.81, 191.98,   8.50,   1.11,   0.22,  -0.02,   0.14,   4.41, 4.04, 0.00, 0.01, 0.00, 0.00, 1, 1,  6,  39.7283324, -83.7076611,   822.0, 2026,  3, 28, 20,  3, 55,       74,      496,  80,  81,   2.5,   1.4,   2.0,  0,  0,  0, 34,  8, 34,  0,  0, 34,  0, 28,  8,  0,  0,  0,  0, 36,  0, 34,  0, 20,  0,  0,  0, 26,  0,  0,  0, 18,  0,  0,  0
6, 11026, 15,KE8EXM,     5.55, 5,   coast,  -13.24,  91087.00,  889.39,  754.58,  127.52, 20.0, 4.03, 4.03, 4.03,  -3.94,  -2.39,  -0.65, 190.58,   9.29,   1.72,   0.22,  -0.01,   0.14,   4.51, 4.04, 0.00, 0.01, 0.00, 0.00, 1, 1,  6,  39.7283324, -83.7076611,   822.0, 2026,  3, 28, 20,  3, 55,       74,      496,  80,  81,   2.5,   1.4,   2.0,  0,  0,  0, 34,  8, 34,  0,  0, 34,  0, 28,  8,  0,  0,  0,  0, 36,  0, 34,  0, 20,  0,  0,  0, 26,  0,  0,  0, 18,  0,  0,  0
6, 11026, 15,KE8EXM,     5.56, 5,   coast,  -14.22,  91087.00,  889.39,  754.58,  127.38, 20.0, 4.03, 4.03, 4.03,  -3.97,  -2.40,  -0.47, 190.27,   8.32,   1.42,   0.22,  -0.01,   0.14,   4.59, 4.04, 0.00, 0.01, 0.00, 0.00, 1, 1,  6,  39.7283324, -83.7076611,   822.0, 2026,  3, 28, 20,  3, 55,       74,      496,  80,  81,   2.5,   1.4,   2.0,  0,  0,  0, 34,  8, 34,  0,  0, 34,  0, 28,  8,  0,  0,  0,  0, 36,  0, 34,  0, 20,  0,  0,  0, 26,  0,  0,  0, 18,  0,  0,  0
6, 11026, 15,KE8EXM,     5.57, 5,   coast,  -12.75,  91058.00,  892.02,  757.21,  127.24, 20.0, 4.03, 4.03, 4.03,  -3.85,  -3.48,  -0.03, 189.78,   8.74,   1.97,   0.22,  -0.00,   0.14,   4.68, 4.04, 0.00, 0.01, 0.00, 0.00, 1, 1,  6,  39.7283324, -83.7076611,   822.0, 2026,  3, 28, 20,  3, 55,       74,      496,  80,  81,   2.5,   1.4,   2.0,  0,  0,  0, 34,  8, 34,  0,  0, 34,  0, 28,  8,  0,  0,  0,  0, 36,  0, 34,  0, 20,  0,  0,  0, 26,  0,  0,  0, 18,  0,  0,  0
6, 11026, 15,KE8EXM,     5.58, 5,   coast,  -16.18,  91058.00,  892.02,  757.21,  127.11, 20.0, 4.03, 4.03, 4.03,  -3.90,  -3.07,  -0.04, 189.17,   7.65,   2.39,   0.22,   0.00,   0.13,   4.76, 4.04, 0.00, 0.01, 0.00, 0.00, 1, 1,  6,  39.7283324, -83.7076611,   822.0, 2026,  3, 28, 20,  3, 55,       74,      496,  80,  81,   2.5,   1.4,   2.0,  0,  0,  0, 34,  8, 34,  0,  0, 34,  0, 28,  8,  0,  0,  0,  0, 36,  0, 34,  0, 20,  0,  0,  0, 26,  0,  0,  0, 18,  0,  0,  0
6, 11026, 15,KE8EXM,     5.59, 5,   coast,  -12.75,  91029.00,  894.65,  759.84,  126.97, 20.0, 4.03, 4.03, 4.03,  -4.19,  -3.29,  -1.11, 187.77,   8.44,   2.21,   0.22,   0.01,   0.13,   4.85, 4.04, 0.00, 0.01, 0.00, 0.00, 1, 1,  6,  39.7283324, -83.7076611,   822.0, 2026,  3, 28, 20,  3, 55,       74,      496,  80,  81,   2.5,   1.4,   2.0,  0,  0,  0, 34,  8, 34,  0,  0, 34,  0, 28,  8,  0,  0,  0,  0, 36,  0, 34,  0, 20,  0,  0,  0, 26,  0,  0,  0, 18,  0,  0,  0
6, 11026, 15,KE8EXM,     5.60, 5,   coast,  -13.73,  91029.00,  894.65,  759.84,  126.83, 20.0, 4.03, 4.03, 4.03,  -4.02,  -3.90,  -0.06, 190.21,   8.38,   2.09,   0.22,   0.01,   0.13,   4.94, 4.04, 0.00, 0.01, 0.00, 0.00, 1, 1,  6,  39.7283324, -83.7076611,   822.0, 2026,  3, 28, 20,  3, 55,       74,      496,  80,  81,   2.5,   1.4,   2.0,  0,  0,  0, 34,  8, 34,  0,  0, 34,  0, 28,  8,  0,  0,  0,  0, 36,  0, 34,  0, 20,  0,  0,  0, 26,  0,  0,  0, 18,  0,  0,  0
6, 11026, 15,KE8EXM,     5.61, 5,   coast,  -13.73,  91002.00,  897.10,  762.30,  126.68, 20.0, 4.03, 4.03, 4.03,  -3.82,  -2.72,  -0.63, 190.33,   8.32,   2.15,   0.22,   0.02,   0.12,   5.02, 4.04, 0.00, 0.01, 0.00, 0.00, 1, 1,  6,  39.7283324, -83.7076611,   822.0, 2026,  3, 28, 20,  3, 55,       74,      496,  80,  81,   2.5,   1.4,   2.0,  0,  0,  0, 34,  8, 34,  0,  0, 34,  0, 28,  8,  0,  0,  0,  0, 36,  0, 34,  0, 20,  0,  0,  0, 26,  0,  0,  0, 18,  0,  0,  0
6, 11026, 15,KE8EXM,     5.62, 5,   coast,  -15.69,  91002.00,  897.10,  762.30,  126.54, 20.0, 4.03, 4.03, 4.03,  -3.92,  -3.28,  -0.57, 186.73,   8.87,   2.33,   0.22,   0.02,   0.12,   5.11, 4.04, 0.00, 0.01, 0.00, 0.00, 1, 1,  6,  39.7283324, -83.7076611,   822.0, 2026,  3, 28, 20,  3, 55,       74,      496,  80,  81,   2.5,   1.4,   2.0,  0,  0,  0, 34,  8, 34,  0,  0, 34,  0, 28,  8,  0,  0,  0,  0, 36,  0, 34,  0, 20,  0,  0,  0, 26,  0,  0,  0, 18,  0,  0,  0
6, 11026, 15,KE8EXM,     5.63, 5,   coast,  -14.71,  90974.00,  899.64,  764.84,  126.40, 20.0, 4.03, 4.03, 4.03,  -4.01,  -3.14,  -0.80, 188.99,   8.99,   2.21,   0.22,   0.03,   0.11,   5.20, 4.04, 0.00, 0.01, 0.00, 0.00, 1, 1,  6,  39.7283324, -83.7076611,   822.0, 2026,  3, 28, 20,  3, 55,       74,      496,  80,  81,   2.5,   1.4,   2.0,  0,  0,  0, 34,  8, 34,  0,  0, 34,  0, 28,  8,  0,  0,  0,  0, 36,  0, 34,  0, 20,  0,  0,  0, 26,  0,  0,  0, 18,  0,  0,  0
6, 11026, 15,KE8EXM,     5.64, 5,   coast,  -12.75,  90974.00,  899.64,  764.84,  126.26, 20.0, 4.03, 4.03, 4.03,  -3.84,  -3.53,   0.05, 187.83,   9.66,   2.33,   0.23,   0.03,   0.11,   5.30, 4.04, 0.00, 0.01, 0.00, 0.00, 1, 1,  6,  39.7283324, -83.7076611,   822.0, 2026,  3, 28, 20,  3, 55,       74,      496,  80,  81,   2.5,   1.4,   2.0,  0,  0,  0, 34,  8, 34,  0,  0, 34,  0, 28,  8,  0,  0,  0,  0, 36,  0, 34,  0, 20,  0,  0,  0, 26,  0,  0,  0, 18,  0,  0,  0
6, 11026, 15,KE8EXM,     5.65, 5,   coast,  -14.22,  90942.00,  902.55,  767.75,  126.12, 20.0, 4.03, 4.03, 4.03,  -3.99,  -3.25,  -1.03, 187.16,   9.48,   2.51,   0.23,   0.04,   0.11,   5.40, 4.04, 0.00, 0.01, 0.00, 0.00, 1, 1,  6,  39.7283324, -83.7076611,   822.0, 2026,  3, 28, 20,  3, 55,       74,      496,  80,  81,   2.5,   1.4,   2.0,  0,  0,  0, 34,  8, 34,  0,  0, 34,  0, 28,  8,  0,  0,  0,  0, 36,  0, 34,  0, 20,  0,  0,  0, 26,  0,  0,  0, 18,  0,  0,  0
6, 11026, 15,KE8EXM,     5.66, 5,   coast,  -14.22,  90942.00,  902.55,  767.75,  125.98, 20.0, 4.03, 4.03, 4.03,  -3.83,  -2.90,   0.00, 186.06,   9.29,   2.45,   0.23,   0.04,   0.11,   5.49, 4.04, 0.00, 0.01, 0.00, 0.00, 1, 1,  6,  39.7283324, -83.7076611,   822.0, 2026,  3, 28, 20,  3, 55,       74,      496,  80,  81,   2.5,   1.4,   2.0,  0,  0,  0, 34,  8, 34,  0,  0, 34,  0, 28,  8,  0,  0,  0,  0, 36,  0, 34,  0, 20,  0,  0,  0, 26,  0,  0,  0, 18,  0,  0,  0
6, 11026, 15,KE8EXM,     5.67, 5,   coast,  -14.22,  90909.00,  905.55,  770.74,  125.84, 20.0, 4.03, 4.03, 4.03,  -3.79,  -3.52,  -0.53, 186.61,   9.05,   2.27,   0.23,   0.04,   0.10,   5.58, 4.04, 0.00, 0.01, 0.00, 0.00, 1, 1,  6,  39.7283324, -83.7076611,   822.0, 2026,  3, 28, 20,  3, 55,       74,      496,  80,  81,   2.5,   1.4,   2.0,  0,  0,  0, 34,  8, 34,  0,  0, 34,  0, 28,  8,  0,  0,  0,  0, 36,  0, 34,  0, 20,  0,  0,  0, 26,  0,  0,  0, 18,  0,  0,  0
6, 11026, 15,KE8EXM,     5.68, 5,   coast,  -14.71,  90909.00,  905.55,  770.74,  125.70, 20.0, 4.03, 4.03, 4.03,  -3.96,  -3.33,  -1.31, 186.36,   9.17,   2.58,   0.23,   0.05,   0.09,   5.67, 4.04, 0.00, 0.01, 0.00, 0.00, 1, 1,  6,  39.7283324, -83.7076611,   822.0, 2026,  3, 28, 20,  3, 55,       74,      496,  80,  81,   2.5,   1.4,   2.0,  0,  0,  0, 34,  8, 34,  0,  0, 34,  0, 28,  8,  0,  0,  0,  0, 36,  0, 34,  0, 20,  0,  0,  0, 26,  0,  0,  0, 18,  0,  0,  0
6, 11026, 15,KE8EXM,     5.69, 5,   coast,  -13.73,  90876.00,  908.55,  773.74,  125.56, 20.0, 4.03, 4.03, 4.03,  -3.66,  -2.98,   0.70, 185.26,   9.54,   2.88,   0.23,   0.05,   0.09,   5.77, 4.04, 0.00, 0.01, 0.00, 0.00, 1, 1,  6,  39.7283324, -83.7076611,   822.0, 2026,  3, 28, 20,  3, 55,       74,      496,  80,  81,   2.5,   1.4,   2.0,  0,  0,  0, 34,  8, 34,  0,  0, 34,  0, 28,  8,  0,  0,  0,  0, 36,  0, 34,  0, 20,  0,  0,  0, 26,  0,  0,  0, 18,  0,  0,  0
6, 11026, 15,KE8EXM,     5.70, 5,   coast,  -12.75,  90876.00,  908.55,  773.74,  125.42, 20.0, 4.03, 4.03, 4.03,  -3.92,  -3.10,  -1.20, 186.49,   8.07,   2.21,   0.23,   0.05,   0.09,   5.85, 4.04, 0.00, 0.01, 0.00, 0.00, 1, 1,  6,  39.7283324, -83.7076611,   822.0, 2026,  3, 28, 20,  3, 55,       74,      496,  80,  81,   2.5,   1.4,   2.0,  0,  0,  0, 34,  8, 34,  0,  0, 34,  0, 28,  8,  0,  0,  0,  0, 36,  0, 34,  0, 20,  0,  0,  0, 26,  0,  0,  0, 18,  0,  0,  0
6, 11026, 15,KE8EXM,     5.71, 5,   coast,  -13.73,  90862.00,  909.82,  775.02,  125.28, 20.0, 4.03, 4.03, 4.03,  -3.76,  -3.28,   0.46, 183.98,   9.90,   2.82,   0.23,   0.06,   0.08,   5.94, 4.04, 0.00, 0.01, 0.00, 0.00, 1, 1,  6,  39.7283324, -83.7076611,   822.0, 2026,  3, 28, 20,  3, 55,       74,      496,  80,  81,   2.5,   1.4,   2.0,  0,  0,  0, 34,  8, 34,  0,  0, 34,  0, 28,  8,  0,  0,  0,  0, 36,  0, 34,  0, 20,  0,  0,  0, 26,  0,  0,  0, 18,  0,  0,  0
6, 11026, 15,KE8EXM,     5.72, 5,   coast,  -13.73,  90862.00,  909.82,  775.02,  125.14, 20.0, 4.03, 4.03, 4.03,  -3.65,  -2.97,  -0.55, 185.08,   7.83,   2.82,   0.23,   0.06,   0.08,   6.02, 4.04, 0.00, 0.01, 0.00, 0.00, 1, 1,  6,  39.7283324, -83.7076611,   822.0, 2026,  3, 28, 20,  3, 55,       74,      496,  80,  81,   2.5,   1.4,   2.0,  0,  0,  0, 34,  8, 34,  0,  0, 34,  0, 28,  8,  0,  0,  0,  0, 36,  0, 34,  0, 20,  0,  0,  0, 26,  0,  0,  0, 18,  0,  0,  0
6, 11026, 15,KE8EXM,     5.73, 5,   coast,  -14.71,  90831.00,  912.64,  777.84,  125.01, 20.0, 4.03, 4.03, 4.03,  -3.91,  -3.17,  -0.47, 184.53,   9.42,   2.76,   0.23,   0.06,   0.08,   6.11, 4.04, 0.00, 0.01, 0.00, 0.00, 1, 1,  6,  39.7283324, -83.7076611,   822.0, 2026,  3, 28, 20,  3, 55,       74,      496,  80,  81,   2.5,   1.4,   2.0,  0,  0,  0, 34,  8, 34,  0,  0, 34,  0, 28,  8,  0,  0,  0,  0, 36,  0, 34,  0, 20,  0,  0,  0, 26,  0,  0,  0, 18,  0,  0,  0
6, 11026, 15,KE8EXM,     5.74, 5,   coast,  -14.22,  90831.00,  912.64,  777.84,  124.87, 20.0, 4.03, 4.03, 4.03,  -3.46,  -3.19,   0.76, 183.43,   8.62,   2.82,   0.23,   0.06,   0.07,   6.20, 4.04, 0.00, 0.01, 0.00, 0.00, 1, 1,  6,  39.7283324, -83.7076611,   822.0, 2026,  3, 28, 20,  3, 55,       74,      496,  80,  81,   2.5,   1.4,   2.0,  0,  0,  0, 34,  8, 34,  0,  0, 34,  0, 28,  8,  0,  0,  0,  0, 36,  0, 34,  0, 20,  0,  0,  0, 26,  0,  0,  0, 18,  0,  0,  0
6, 11026, 15,KE8EXM,     5.75, 5,   coast,  -12.75,  90811.00,  914.46,  779.65,  124.73, 20.0, 4.03, 4.03, 4.03,  -3.79,  -3.30,  -1.08, 183.68,   8.38,   2.94,   0.23,   0.07,   0.07,   6.28, 4.04, 0.00, 0.01, 0.00, 0.00, 1, 1,  6,  39.7283324, -83.7076611,   822.0, 2026,  3, 28, 20,  3, 55,       74,      496,  80,  81,   2.5,   1.4,   2.0,  0,  0,  0, 34,  8, 34,  0,  0, 34,  0, 28,  8,  0,  0,  0,  0, 36,  0, 34,  0, 20,  0,  0,  0, 26,  0,  0,  0, 18,  0,  0,  0
6, 11026, 15,KE8EXM,     5.76, 5,   coast,  -12.75,  90811.00,  914.46,  779.65,  124.60, 20.0, 4.03, 4.03, 4.03,  -3.87,  -3.56,  -0.62, 184.11,   9.54,   3.13,   0.23,   0.07,   0.06,   6.37, 4.04, 0.00, 0.01, 0.00, 0.00, 1, 1,  6,  39.7283324, -83.7076611,   822.0, 2026,  3, 28, 20,  3, 55,       74,      496,  80,  81,   2.5,   1.4,   2.0,  0,  0,  0, 34,  8, 34,  0,  0, 34,  0, 28,  8,  0,  0,  0,  0, 36,  0, 34,  0, 20,  0,  0,  0, 26,  0,  0,  0, 18,  0,  0,  0
6, 11026, 15,KE8EXM,     5.77, 5,   coast,  -13.73,  90774.00,  917.83,  783.02,  124.46, 20.0, 4.03, 4.03, 4.03,  -3.70,  -2.89,  -0.31, 185.75,   8.50,   3.13,   0.22,   0.07,   0.06,   6.45, 4.04, 0.00, 0.01, 0.00, 0.00, 1, 1,  6,  39.7283324, -83.7076611,   822.0, 2026,  3, 28, 20,  3, 55,       74,      496,  80,  81,   2.5,   1.4,   2.0,  0,  0,  0, 34,  8, 34,  0,  0, 34,  0, 28,  8,  0,  0,  0,  0, 36,  0, 34,  0, 20,  0,  0,  0, 26,  0,  0,  0, 18,  0,  0,  0
6, 11026, 15,KE8EXM,     5.78, 5,   coast,  -13.73,  90774.00,  917.83,  783.02,  124.33, 20.0, 4.03, 4.02, 4.02,  -3.81,  -3.69,   0.09, 182.09,   9.11,   3.06,   0.22,   0.07,   0.06,   6.53, 4.03, 0.00, 0.00, 0.00, 0.00, 1, 1,  6,  39.7283324, -83.7076611,   822.0, 2026,  3, 28, 20,  3, 55,       74,      496,  80,  81,   2.5,   1.4,   2.0,  0,  0,  0, 34,  8, 34,  0,  0, 34,  0, 28,  8,  0,  0,  0,  0, 36,  0, 34,  0, 20,  0,  0,  0, 26,  0,  0,  0, 18,  0,  0,  0
6, 11026, 15,KE8EXM,     5.78, 5,   coast,  -13.73,  90774.00,  917.83,  783.02,  124.33, 20.0, 4.03, 4.02, 4.02,  -3.81,  -3.69,   0.09, 182.09,   9.11,   3.06,   0.22,   0.07,   0.06,   6.53, 4.03, 0.00, 0.00, 0.00, 0.00, 1, 1,  6,  39.7283324, -83.7076611,   822.0, 2026,  3, 28, 20,  3, 55,       74,      496,  80,  81,   2.5,   1.4,   2.0,  0,  0,  0, 34,  8, 34,  0,  0, 34,  0, 28,  8,  0,  0,  0,  0, 36,  0, 34,  0, 20,  0,  0,  0, 26,  0,  0,  0, 18,  0,  0,  0
6, 11026, 15,KE8EXM,     5.79, 5,   coast,  -14.22,  90751.00,  919.92,  785.11,  124.19, 20.0, 4.03, 4.02, 4.02,  -3.77,  -3.73,   0.21, 184.17,   8.93,   2.70,   0.23,   0.08,   0.05,   6.61, 4.03, 0.00, 0.00, 0.00, 0.00, 1, 1,  6,  39.7283324, -83.7076611,   822.0, 2026,  3, 28, 20,  3, 55,       74,      496,  80,  81,   2.5,   1.4,   2.0,  0,  0,  0, 34,  8, 34,  0,  0, 34,  0, 28,  8,  0,  0,  0,  0, 36,  0, 34,  0, 20,  0,  0,  0, 26,  0,  0,  0, 18,  0,  0,  0
6, 11026, 15,KE8EXM,     5.80, 5,   coast,  -14.22,  90751.00,  919.92,  785.11,  124.06, 20.0, 4.03, 4.02, 4.02,  -3.61,  -2.63,   0.25, 185.88,   8.50,   3.06,   0.23,   0.08,   0.04,   6.69, 4.03, 0.00, 0.00, 0.00, 0.00, 1, 1,  6,  39.7283324, -83.7076611,   822.0, 2026,  3, 28, 20,  3, 55,       74,      496,  80,  81,   2.5,   1.4,   2.0,  0,  0,  0, 34,  8, 34,  0,  0, 34,  0, 28,  8,  0,  0,  0,  0, 36,  0, 34,  0, 20,  0,  0,  0, 26,  0,  0,  0, 18,  0,  0,  0
6, 11026, 15,KE8EXM,     5.81, 5,   coast,  -11.77,  90720.00,  922.74,  787.94,  123.93, 20.0, 4.03, 4.02, 4.02,  -3.92,  -3.17,  -0.20, 184.17,   8.81,   3.06,   0.23,   0.08,   0.04,   6.77, 4.03, 0.00, 0.00, 0.00, 0.00, 1, 1,  6,  39.7283324, -83.7076611,   822.0, 2026,  3, 28, 20,  3, 55,       74,      496,  80,  81,   2.5,   1.4,   2.0,  0,  0,  0, 34,  8, 34,  0,  0, 34,  0, 28,  8,  0,  0,  0,  0, 36,  0, 34,  0, 20,  0,  0,  0, 26,  0,  0,  0, 18,  0,  0,  0
6, 11026, 15,KE8EXM,     5.82, 5,   coast,  -13.24,  90720.00,  922.74,  787.94,  123.79, 20.0, 4.03, 4.02, 4.02,  -3.67,  -3.80,   0.97, 184.47,   8.93,   3.13,   0.23,   0.08,   0.03,   6.85, 4.03, 0.00, 0.00, 0.00, 0.00, 1, 1,  6,  39.7283324, -83.7076611,   822.0, 2026,  3, 28, 20,  3, 55,       74,      496,  80,  81,   2.5,   1.4,   2.0,  0,  0,  0, 34,  8, 34,  0,  0, 34,  0, 28,  8,  0,  0,  0,  0, 36,  0, 34,  0, 20,  0,  0,  0, 26,  0,  0,  0, 18,  0,  0,  0
6, 11026, 15,KE8EXM,     5.83, 5,   coast,  -13.24,  90682.00,  926.20,  791.40,  123.66, 20.0, 4.03, 4.02, 4.02,  -3.91,  -4.19,  -0.01, 184.47,   8.62,   3.19,   0.23,   0.08,   0.03,   6.93, 4.03, 0.00, 0.00, 0.00, 0.00, 1, 1,  6,  39.7283324, -83.7076611,   822.0, 2026,  3, 28, 20,  3, 55,       74,      496,  80,  81,   2.5,   1.4,   2.0,  0,  0,  0, 34,  8, 34,  0,  0, 34,  0, 28,  8,  0,  0,  0,  0, 36,  0, 34,  0, 20,  0,  0,  0, 26,  0,  0,  0, 18,  0,  0,  0
6, 11026, 15,KE8EXM,     5.84, 5,   coast,  -13.24,  90682.00,  926.20,  791.40,  123.53, 20.0, 4.03, 4.02, 4.02,  -3.52,  -3.01,   1.15, 186.12,   8.32,   2.76,   0.23,   0.08,   0.03,   7.00, 4.03, 0.00, 0.00, 0.00, 0.00, 1, 1,  6,  39.7283324, -83.7076611,   822.0, 2026,  3, 28, 20,  3, 55,       74,      496,  80,  81,   2.5,   1.4,   2.0,  0,  0,  0, 34,  8, 34,  0,  0, 34,  0, 28,  8,  0,  0,  0,  0, 36,  0, 34,  0, 20,  0,  0,  0, 26,  0,  0,  0, 18,  0,  0,  0
6, 11026, 15,KE8EXM,     5.85, 5,   coast,  -13.24,  90651.00,  929.03,  794.22,  123.40, 20.0, 4.03, 4.02, 4.02,  -3.69,  -3.71,  -0.32, 186.73,   8.07,   2.94,   0.23,   0.08,   0.02,   7.06, 4.03, 0.00, 0.00, 0.00, 0.00, 1, 1,  6,  39.7283324, -83.7076611,   822.0, 2026,  3, 28, 20,  3, 55,       74,      496,  80,  81,   2.5,   1.4,   2.0,  0,  0,  0, 34,  8, 34,  0,  0, 34,  0, 28,  8,  0,  0,  0,  0, 36,  0, 34,  0, 20,  0,  0,  0, 26,  0,  0,  0, 18,  0,  0,  0
6, 11026, 15,KE8EXM,     5.86, 5,   coast,  -12.26,  90651.00,  929.03,  794.22,  123.27, 20.0, 4.03, 4.02, 4.02,  -3.65,  -3.87,   0.18, 185.02,   8.26,   2.70,   0.23,   0.08,   0.02,   7.13, 4.03, 0.00, 0.00, 0.00, 0.00, 1, 1,  6,  39.7283324, -83.7076611,   822.0, 2026,  3, 28, 20,  3, 55,       74,      496,  80,  81,   2.5,   1.4,   2.0,  0,  0,  0, 34,  8, 34,  0,  0, 34,  0, 28,  8,  0,  0,  0,  0, 36,  0, 34,  0, 20,  0,  0,  0, 26,  0,  0,  0, 18,  0,  0,  0
6, 11026, 15,KE8EXM,     5.87, 5,   coast,  -14.22,  90620.00,  931.85,  797.04,  123.14, 20.0, 4.03, 4.02, 4.02,  -3.65,  -4.01,  -0.55, 187.16,   7.10,   2.64,   0.23,   0.08,   0.01,   7.19, 4.03, 0.00, 0.00, 0.00, 0.00, 1, 1,  6,  39.7283324, -83.7076611,   822.0, 2026,  3, 28, 20,  3, 55,       74,      496,  80,  81,   2.5,   1.4,   2.0,  0,  0,  0, 34,  8, 34,  0,  0, 34,  0, 28,  8,  0,  0,  0,  0, 36,  0, 34,  0, 20,  0,  0,  0, 26,  0,  0,  0, 18,  0,  0,  0
6, 11026, 15,KE8EXM,     5.88, 5,   coast,  -13.24,  90620.00,  931.85,  797.04,  123.01, 20.0, 4.03, 4.02, 4.02,  -3.68,  -3.35,   0.84, 186.73,   8.26,   2.39,   0.23,   0.08,   0.00,   7.25, 4.03, 0.00, 0.00, 0.00, 0.00, 1, 1,  6,  39.7283324, -83.7076611,   822.0, 2026,  3, 28, 20,  3, 55,       74,      496,  80,  81,   2.5,   1.4,   2.0,  0,  0,  0, 34,  8, 34,  0,  0, 34,  0, 28,  8,  0,  0,  0,  0, 36,  0, 34,  0, 20,  0,  0,  0, 26,  0,  0,  0, 18,  0,  0,  0
6, 11026, 15,KE8EXM,     5.89, 5,   coast,  -11.28,  90593.00,  934.31,  799.50,  122.88, 20.0, 4.03, 4.02, 4.02,  -3.77,  -4.24,  -0.52, 187.10,   6.91,   2.33,   0.23,   0.08,  -0.00,   7.30, 4.03, 0.00, 0.00, 0.00, 0.00, 1, 1,  6,  39.7283324, -83.7076611,   822.0, 2026,  3, 28, 20,  3, 55,       74,      496,  80,  81,   2.5,   1.4,   2.0,  0,  0,  0, 34,  8, 34,  0,  0, 34,  0, 28,  8,  0,  0,  0,  0, 36,  0, 34,  0, 20,  0,  0,  0, 26,  0,  0,  0, 18,  0,  0,  0
6, 11026, 15,KE8EXM,     5.90, 5,   coast,  -12.75,  90593.00,  934.31,  799.50,  122.76, 20.0, 4.03, 4.02, 4.02,  -3.58,  -3.89,   0.62, 187.40,   7.52,   1.97,   0.23,   0.09,  -0.01,   7.35, 4.03, 0.00, 0.00, 0.00, 0.00, 1, 1,  6,  39.7283324, -83.7076611,   822.0, 2026,  3, 28, 20,  3, 55,       74,      496,  80,  81,   2.5,   1.4,   2.0,  0,  0,  0, 34,  8, 34,  0,  0, 34,  0, 28,  8,  0,  0,  0,  0, 36,  0, 34,  0, 20,  0,  0,  0, 26,  0,  0,  0, 18,  0,  0,  0
6, 11026, 15,KE8EXM,     5.91, 5,   coast,  -12.26,  90562.00,  937.14,  802.33,  122.63, 20.0, 4.03, 4.02, 4.02,  -3.75,  -4.32,  -0.29, 187.03,   6.24,   2.21,   0.23,   0.08,  -0.01,   7.40, 4.03, 0.00, 0.00, 0.00, 0.00, 1, 1,  6,  39.7283324, -83.7076611,   822.0, 2026,  3, 28, 20,  3, 55,       74,      496,  80,  81,   2.5,   1.4,   2.0,  0,  0,  0, 34,  8, 34,  0,  0, 34,  0, 28,  8,  0,  0,  0,  0, 36,  0, 34,  0, 20,  0,  0,  0, 26,  0,  0,  0, 18,  0,  0,  0
6, 11026, 15,KE8EXM,     5.92, 5,   coast,  -12.75,  90562.00,  937.14,  802.33,  122.50, 20.0, 4.03, 4.02, 4.02,  -3.63,  -3.41,   0.37, 187.65,   7.46,   1.66,   0.23,   0.08,  -0.02,   7.44, 4.03, 0.00, 0.00, 0.00, 0.00, 1, 1,  6,  39.7283324, -83.7076611,   822.0, 2026,  3, 28, 20,  3, 55,       74,      496,  80,  81,   2.5,   1.4,   2.0,  0,  0,  0, 34,  8, 34,  0,  0, 34,  0, 28,  8,  0,  0,  0,  0, 36,  0, 34,  0, 20,  0,  0,  0, 26,  0,  0,  0, 18,  0,  0,  0
6, 11026, 15,KE8EXM,     5.93, 5,   coast,  -14.22,  90535.00,  939.60,  804.79,  122.37, 20.0, 4.03, 4.02, 4.02,  -3.53,  -3.85,   0.40, 188.99,   6.73,   1.11,   0.22,   0.08,  -0.02,   7.48, 4.03, 0.00, 0.00, 0.00, 0.00, 1, 1,  6,  39.7283324, -83.7076611,   822.0, 2026,  3, 28, 20,  3, 55,       74,      496,  80,  81,   2.5,   1.4,   2.0,  0,  0,  0, 34,  8, 34,  0,  0, 34,  0, 28,  8,  0,  0,  0,  0, 36,  0, 34,  0, 20,  0,  0,  0, 26,  0,  0,  0, 18,  0,  0,  0
6, 11026, 15,KE8EXM,     5.94, 5,   coast,  -13.24,  90535.00,  939.60,  804.79,  122.24, 20.0, 4.03, 4.02, 4.02,  -3.72,  -3.93,  -0.86, 187.22,   6.91,   1.42,   0.22,   0.08,  -0.03,   7.52, 4.03, 0.00, 0.00, 0.00, 0.00, 1, 1,  6,  39.7283324, -83.7076611,   822.0, 2026,  3, 28, 20,  3, 55,       74,      496,  80,  81,   2.5,   1.4,   2.0,  0,  0,  0, 34,  8, 34,  0,  0, 34,  0, 28,  8,  0,  0,  0,  0, 36,  0, 34,  0, 20,  0,  0,  0, 26,  0,  0,  0, 18,  0,  0,  0
6, 11026, 15,KE8EXM,     5.95, 5,   coast,  -14.71,  90502.00,  942.61,  807.80,  122.11, 20.0, 4.03, 4.02, 4.02,  -3.56,  -3.99,   0.46, 187.77,   6.30,   1.17,   0.22,   0.08,  -0.03,   7.55, 4.03, 0.00, 0.00, 0.00, 0.00, 1, 1,  6,  39.7283324, -83.7076611,   822.0, 2026,  3, 28, 20,  3, 55,       74,      496,  80,  81,   2.5,   1.4,   2.0,  0,  0,  0, 34,  8, 34,  0,  0, 34,  0, 28,  8,  0,  0,  0,  0, 36,  0, 34,  0, 20,  0,  0,  0, 26,  0,  0,  0, 18,  0,  0,  0
6, 11026, 15,KE8EXM,     5.96, 5,   coast,  -12.26,  90502.00,  942.61,  807.80,  121.97, 20.0, 4.03, 4.02, 4.02,  -3.62,  -3.38,   0.11, 190.09,   6.18,   0.56,   0.22,   0.08,  -0.04,   7.57, 4.03, 0.00, 0.00, 0.00, 0.00, 1, 1,  6,  39.7283324, -83.7076611,   822.0, 2026,  3, 28, 20,  3, 55,       74,      496,  80,  81,   2.5,   1.4,   2.0,  0,  0,  0, 34,  8, 34,  0,  0, 34,  0, 28,  8,  0,  0,  0,  0, 36,  0, 34,  0, 20,  0,  0,  0, 26,  0,  0,  0, 18,  0,  0,  0
6, 11026, 15,KE8EXM,     5.97, 5,   coast,  -11.77,  90458.00,  946.62,  811.82,  121.84, 20.0, 4.03, 4.02, 4.02,  -3.51,  -3.71,  -0.21, 188.38,   6.36,   0.68,   0.22,   0.08,  -0.04,   7.59, 4.03, 0.00, 0.00, 0.00, 0.00, 1, 1,  6,  39.7283324, -83.7076611,   822.0, 2026,  3, 28, 20,  3, 55,       74,      496,  80,  81,   2.5,   1.4,   2.0,  0,  0,  0, 34,  8, 34,  0,  0, 34,  0, 28,  8,  0,  0,  0,  0, 36,  0, 34,  0, 20,  0,  0,  0, 26,  0,  0,  0, 18,  0,  0,  0
6, 11026, 15,KE8EXM,     5.98, 5,   coast,  -14.71,  90458.00,  946.62,  811.82,  121.71, 20.0, 4.03, 4.02, 4.02,  -3.59,  -3.97,  -1.06, 189.42,   6.00,   0.07,   0.22,   0.08,  -0.05,   7.61, 4.03, 0.00, 0.00, 0.00, 0.00, 1, 1,  6,  39.7283324, -83.7076611,   822.0, 2026,  3, 28, 20,  3, 55,       74,      496,  80,  81,   2.5,   1.4,   2.0,  0,  0,  0, 34,  8, 34,  0,  0, 34,  0, 28,  8,  0,  0,  0,  0, 36,  0, 34,  0, 20,  0,  0,  0, 26,  0,  0,  0, 18,  0,  0,  0
6, 11026, 15,KE8EXM,     5.99, 5,   coast,  -12.26,  90439.00,  948.36,  813.55,  121.58, 20.0, 4.03, 4.02, 4.02,  -3.51,  -3.18,  -0.27, 188.99,   6.43,   0.32,   0.22,   0.08,  -0.05,   7.63, 4.03, 0.00, 0.00, 0.00, 0.00, 1, 1,  6,  39.7283324, -83.7076611,   822.0, 2026,  3, 28, 20,  3, 55,       74,      496,  80,  81,   2.5,   1.4,   2.0,  0,  0,  0, 34,  8, 34,  0,  0, 34,  0, 28,  8,  0,  0,  0,  0, 36,  0, 34,  0, 20,  0,  0,  0, 26,  0,  0,  0, 18,  0,  0,  0
6, 11026, 15,KE8EXM,     6.00, 5,   coast,  -13.73,  90439.00,  948.36,  813.55,  121.45, 20.0, 4.03, 4.02, 4.02,  -3.58,  -3.62,   0.65, 187.71,   6.91,   0.32,   0.22,   0.07,  -0.06,   7.64, 4.03, 0.00, 0.00, 0.00, 0.00, 1, 1,  6,  39.7283324, -83.7076611,   822.0, 2026,  3, 28, 20,  3, 55,       74,      496,  80,  81,   2.5,   1.4,   2.0,  0,  0,  0, 34,  8, 34,  0,  0, 34,  0, 28,  8,  0,  0,  0,  0, 36,  0, 34,  0, 20,  0,  0,  0, 26,  0,  0,  0, 18,  0,  0,  0
6, 11026, 15,KE8EXM,     6.01, 5,   coast,  -11.28,  90403.00,  951.64,  816.84,  121.32, 20.0, 4.03, 4.02, 4.02,  -3.54,  -3.49,  -0.33, 189.84,   6.06,  -0.60,   0.22,   0.07,  -0.06,   7.65, 4.03, 0.00, 0.00, 0.00, 0.00, 1, 1,  6,  39.7283324, -83.7076611,   822.0, 2026,  3, 28, 20,  3, 55,       74,      496,  80,  81,   2.5,   1.4,   2.0,  0,  0,  0, 34,  8, 34,  0,  0, 34,  0, 28,  8,  0,  0,  0,  0, 36,  0, 34,  0, 20,  0,  0,  0, 26,  0,  0,  0, 18,  0,  0,  0
6, 11026, 15,KE8EXM,     6.02, 5,   coast,  -14.22,  90403.00,  951.64,  816.84,  121.19, 20.0, 4.03, 4.02, 4.02,  -3.43,  -3.41,  -0.78, 187.83,   6.61,  -0.23,   0.22,   0.07,  -0.07,   7.66, 4.03, 0.00, 0.00, 0.00, 0.00, 1, 1,  6,  39.7283324, -83.7076611,   822.0, 2026,  3, 28, 20,  3, 55,       74,      496,  80,  81,   2.5,   1.4,   2.0,  0,  0,  0, 34,  8, 34,  0,  0, 34,  0, 28,  8,  0,  0,  0,  0, 36,  0, 34,  0, 20,  0,  0,  0, 26,  0,  0,  0, 18,  0,  0,  0
6, 11026, 15,KE8EXM,     6.03, 5,   coast,  -12.26,  90371.00,  954.56,  819.76,  121.06, 20.0, 4.03, 4.02, 4.02,  -3.53,  -2.62,  -1.04, 187.89,   6.55,  -0.17,   0.22,   0.07,  -0.07,   7.66, 4.03, 0.00, 0.00, 0.00, 0.00, 1, 1,  6,  39.7283324, -83.7076611,   822.0, 2026,  3, 28, 20,  3, 55,       74,      496,  80,  81,   2.5,   1.4,   2.0,  0,  0,  0, 34,  8, 34,  0,  0, 34,  0, 28,  8,  0,  0,  0,  0, 36,  0, 34,  0, 20,  0,  0,  0, 26,  0,  0,  0, 18,  0,  0,  0
6, 11026, 15,KE8EXM,     6.04, 5,   coast,  -13.73,  90371.00,  954.56,  819.76,  120.93, 20.0, 4.03, 4.02, 4.02,  -3.64,  -2.92,  -0.13, 188.01,   7.77,  -0.29,   0.22,   0.07,  -0.08,   7.67, 4.03, 0.00, 0.00, 0.00, 0.00, 1, 1,  6,  39.7283324, -83.7076611,   822.0, 2026,  3, 28, 20,  3, 55,       74,      496,  80,  81,   2.5,   1.4,   2.0,  0,  0,  0, 34,  8, 34,  0,  0, 34,  0, 28,  8,  0,  0,  0,  0, 36,  0, 34,  0, 20,  0,  0,  0, 26,  0,  0,  0, 18,  0,  0,  0
6, 11026, 15,KE8EXM,     6.05, 5,   coast,  -14.22,  90335.00,  957.85,  823.05,  120.80, 20.0, 4.03, 4.02, 4.02,  -3.41,  -3.74,   0.28, 187.22,   6.55,  -0.60,   0.22,   0.07,  -0.08,   7.67, 4.03, 0.00, 0.00, 0.00, 0.00, 1, 1,  6,  39.7283324, -83.7076611,   822.0, 2026,  3, 28, 20,  3, 55,       74,      496,  80,  81,   2.5,   1.4,   2.0,  0,  0,  0, 34,  8, 34,  0,  0, 34,  0, 28,  8,  0,  0,  0,  0, 36,  0, 34,  0, 20,  0,  0,  0, 26,  0,  0,  0, 18,  0,  0,  0
6, 11026, 15,KE8EXM,     6.06, 5,   coast,  -13.24,  90335.00,  957.85,  823.05,  120.66, 20.0, 4.03, 4.02, 4.02,  -3.59,  -3.54,  -1.12, 187.34,   7.16,  -0.23,   0.22,   0.07,  -0.08,   7.67, 4.03, 0.00, 0.00, 0.00, 0.00, 1, 1,  6,  39.7283324, -83.7076611,   822.0, 2026,  3, 28, 20,  3, 55,       74,      496,  80,  81,   2.5,   1.4,   2.0,  0,  0,  0, 34,  8, 34,  0,  0, 34,  0, 28,  8,  0,  0,  0,  0, 36,  0, 34,  0, 20,  0,  0,  0, 26,  0,  0,  0, 18,  0,  0,  0
6, 11026, 15,KE8EXM,     6.07, 5,   coast,  -13.24,  90316.00,  959.59,  824.78,  120.53, 20.0, 4.03, 4.02, 4.02,  -3.40,  -1.83,  -0.42, 187.71,   7.65,  -0.17,   0.22,   0.06,  -0.09,   7.67, 4.03, 0.00, 0.00, 0.00, 0.00, 1, 1,  6,  39.7283324, -83.7076611,   822.0, 2026,  3, 28, 20,  3, 55,       74,      496,  80,  81,   2.5,   1.4,   2.0,  0,  0,  0, 34,  8, 34,  0,  0, 34,  0, 28,  8,  0,  0,  0,  0, 36,  0, 34,  0, 20,  0,  0,  0, 26,  0,  0,  0, 18,  0,  0,  0
6, 11026, 15,KE8EXM,     6.08, 5,   coast,  -13.24,  90316.00,  959.59,  824.78,  120.39, 20.0, 4.03, 4.02, 4.02,  -3.41,  -2.92,  -0.42, 185.51,   7.71,  -0.41,   0.22,   0.06,  -0.09,   7.67, 4.03, 0.00, 0.00, 0.00, 0.00, 1, 1,  6,  39.7283324, -83.7076611,   822.0, 2026,  3, 28, 20,  3, 55,       74,      496,  80,  81,   2.5,   1.4,   2.0,  0,  0,  0, 34,  8, 34,  0,  0, 34,  0, 28,  8,  0,  0,  0,  0, 36,  0, 34,  0, 20,  0,  0,  0, 26,  0,  0,  0, 18,  0,  0,  0
6, 11026, 15,KE8EXM,     6.09, 5,   coast,  -14.22,  90280.00,  962.88,  828.07,  120.26, 20.0, 4.03, 4.02, 4.02,  -3.50,  -3.95,  -0.56, 185.57,   7.65,   0.01,   0.22,   0.06,  -0.10,   7.67, 4.03, 0.00, 0.00, 0.00, 0.00, 1, 1,  6,  39.7283324, -83.7076611,   822.0, 2026,  3, 28, 20,  3, 55,       74,      496,  80,  81,   2.5,   1.4,   2.0,  0,  0,  0, 34,  8, 34,  0,  0, 34,  0, 28,  8,  0,  0,  0,  0, 36,  0, 34,  0, 20,  0,  0,  0, 26,  0,  0,  0, 18,  0,  0,  0
6, 11026, 15,KE8EXM,     6.10, 5,   coast,  -13.73,  90280.00,  962.88,  828.07,  120.12, 20.0, 4.03, 4.02, 4.03,  -3.24,  -2.81,   0.48, 185.88,   7.77,   0.20,   0.22,   0.05,  -0.10,   7.66, 4.04, 0.00, 0.00, 0.00, 0.00, 1, 1,  6,  39.7283324, -83.7076611,   822.0, 2026,  3, 28, 20,  3, 55,       74,      496,  80,  81,   2.5,   1.4,   2.0,  0,  0,  0, 34,  8, 34,  0,  0, 34,  0, 28,  8,  0,  0,  0,  0, 36,  0, 34,  0, 20,  0,  0,  0, 26,  0,  0,  0, 18,  0,  0,  0
6, 11026, 15,KE8EXM,     6.10, 5,   coast,  -13.73,  90280.00,  962.88,  828.07,  120.12, 20.0, 4.03, 4.02, 4.03,  -3.24,  -2.81,   0.48, 185.88,   7.77,   0.20,   0.22,   0.05,  -0.10,   7.66, 4.04, 0.00, 0.00, 0.00, 0.00, 1, 1,  6,  39.7283324, -83.7076611,   822.0, 2026,  3, 28, 20,  3, 55,       74,      496,  80,  81,   2.5,   1.4,   2.0,  0,  0,  0, 34,  8, 34,  0,  0, 34,  0, 28,  8,  0,  0,  0,  0, 36,  0, 34,  0, 20,  0,  0,  0, 26,  0,  0,  0, 18,  0,  0,  0
6, 11026, 15,KE8EXM,     6.11, 5,   coast,  -13.24,  90251.00,  965.53,  830.72,  119.99, 20.0, 4.03, 4.02, 4.03,  -3.50,  -2.46,  -0.55, 184.29,   7.59,  -0.23,   0.22,   0.05,  -0.11,   7.66, 4.04, 0.00, 0.00, 0.00, 0.00, 1, 1,  6,  39.7283324, -83.7076611,   822.0, 2026,  3, 28, 20,  3, 55,       74,      496,  80,  81,   2.5,   1.4,   2.0,  0,  0,  0, 34,  8, 34,  0,  0, 34,  0, 28,  8,  0,  0,  0,  0, 36,  0, 34,  0, 20,  0,  0,  0, 26,  0,  0,  0, 18,  0,  0,  0
6, 11026, 15,KE8EXM,     6.11, 5,   coast,  -13.24,  90251.00,  965.53,  830.72,  119.99, 20.0, 4.03, 4.02, 4.03,  -3.50,  -2.46,  -0.55, 184.29,   7.59,  -0.23,   0.22,   0.05,  -0.11,   7.66, 4.04, 0.00, 0.00, 0.00, 0.00, 1, 1,  6,  39.7283324, -83.7076611,   822.0, 2026,  3, 28, 20,  3, 55,       74,      496,  80,  81,   2.5,   1.4,   2.0,  0,  0,  0, 34,  8, 34,  0,  0, 34,  0, 28,  8,  0,  0,  0,  0, 36,  0, 34,  0, 20,  0,  0,  0, 26,  0,  0,  0, 18,  0,  0,  0
6, 11026, 15,KE8EXM,     6.11, 5,   coast,  -13.24,  90251.00,  965.53,  830.72,  119.99, 20.0, 4.03, 4.02, 4.03,  -3.50,  -2.46,  -0.55, 184.29,   7.59,  -0.23,   0.22,   0.05,  -0.11,   7.66, 4.04, 0.00, 0.00, 0.00, 0.00, 1, 1,  6,  39.7283324, -83.7076611,   822.0, 2026,  3, 28, 20,  3, 55,       74,      496,  80,  81,   2.5,   1.4,   2.0,  0,  0,  0, 34,  8, 34,  0,  0, 34,  0, 28,  8,  0,  0,  0,  0, 36,  0, 34,  0, 20,  0,  0,  0, 26,  0,  0,  0, 18,  0,  0,  0
6, 11026, 15,KE8EXM,     6.12, 5,   coast,  -13.24,  90251.00,  965.53,  830.72,  119.86, 20.0, 4.03, 4.02, 4.03,  -3.44,  -3.91,  -0.81, 183.92,   7.71,  -0.41,   0.22,   0.05,  -0.11,   7.65, 4.04, 0.00, 0.00, 0.00, 0.00, 1, 1,  8,  39.7281873, -83.7075948,   961.0, 2026,  3, 28, 20,  3, 56,       79,      634,  92,  83,   2.0,   1.1,   1.6,  0,  0,  0, 30,  8, 27,  0,  0, 24,  0, 27,  9,  0,  0,  0,  0, 22,  0, 33,  0, 32,  0,  0,  0, 33,  0,  0,  0, 37,  0,  0,  0
6, 11026, 15,KE8EXM,     6.13, 5,   coast,  -12.75,  90230.00,  967.45,  832.64,  119.73, 20.0, 4.03, 4.02, 4.03,  -3.27,  -3.31,   0.19, 184.47,   7.89,   0.32,   0.22,   0.05,  -0.11,   7.64, 4.04, 0.00, 0.00, 0.00, 0.00, 1, 1,  8,  39.7281873, -83.7075948,   961.0, 2026,  3, 28, 20,  3, 56,       79,      634,  92,  83,   2.0,   1.1,   1.6,  0,  0,  0, 30,  8, 27,  0,  0, 24,  0, 27,  9,  0,  0,  0,  0, 22,  0, 33,  0, 32,  0,  0,  0, 33,  0,  0,  0, 37,  0,  0,  0
6, 11026, 15,KE8EXM,     6.14, 5,   coast,  -11.77,  90230.00,  967.45,  832.64,  119.60, 20.0, 4.03, 4.02, 4.03,  -3.34,  -2.74,  -0.22, 183.80,   7.28,   0.26,   0.22,   0.04,  -0.12,   7.64, 4.04, 0.00, 0.00, 0.00, 0.00, 1, 1,  8,  39.7281873, -83.7075948,   961.0, 2026,  3, 28, 20,  3, 56,       79,      634,  92,  83,   2.0,   1.1,   1.6,  0,  0,  0, 30,  8, 27,  0,  0, 24,  0, 27,  9,  0,  0,  0,  0, 22,  0, 33,  0, 32,  0,  0,  0, 33,  0,  0,  0, 37,  0,  0,  0
6, 11026, 15,KE8EXM,     6.15, 5,   coast,  -11.77,  90189.00,  971.20,  836.39,  119.48, 20.0, 4.03, 4.02, 4.03,  -3.39,  -3.05,   0.06, 183.31,   8.20,  -0.41,   0.22,   0.04,  -0.12,   7.62, 4.04, 0.00, 0.00, 0.00, 0.00, 1, 1,  8,  39.7281873, -83.7075948,   961.0, 2026,  3, 28, 20,  3, 56,       79,      634,  92,  83,   2.0,   1.1,   1.6,  0,  0,  0, 30,  8, 27,  0,  0, 24,  0, 27,  9,  0,  0,  0,  0, 22,  0, 33,  0, 32,  0,  0,  0, 33,  0,  0,  0, 37,  0,  0,  0
6, 11026, 15,KE8EXM,     6.16, 5,   coast,  -12.26,  90189.00,  971.20,  836.39,  119.35, 20.0, 4.03, 4.02, 4.03,  -3.36,  -3.28,  -0.56, 184.29,   7.89,  -0.48,   0.22,   0.03,  -0.13,   7.60, 4.04, 0.00, 0.00, 0.00, 0.00, 1, 1,  8,  39.7281873, -83.7075948,   961.0, 2026,  3, 28, 20,  3, 56,       79,      634,  92,  83,   2.0,   1.1,   1.6,  0,  0,  0, 30,  8, 27,  0,  0, 24,  0, 27,  9,  0,  0,  0,  0, 22,  0, 33,  0, 32,  0,  0,  0, 33,  0,  0,  0, 37,  0,  0,  0
6, 11026, 15,KE8EXM,     6.17, 5,   coast,  -14.71,  90168.00,  973.12,  838.31,  119.22, 20.0, 4.03, 4.02, 4.03,  -3.43,  -3.28,  -0.65, 182.03,   7.89,   0.26,   0.22,   0.03,  -0.13,   7.59, 4.04, 0.00, 0.00, 0.00, 0.00, 1, 1,  8,  39.7281873, -83.7075948,   961.0, 2026,  3, 28, 20,  3, 56,       79,      634,  92,  83,   2.0,   1.1,   1.6,  0,  0,  0, 30,  8, 27,  0,  0, 24,  0, 27,  9,  0,  0,  0,  0, 22,  0, 33,  0, 32,  0,  0,  0, 33,  0,  0,  0, 37,  0,  0,  0
6, 11026, 15,KE8EXM,     6.18, 5,   coast,  -13.73,  90168.00,  973.12,  838.31,  119.09, 20.0, 4.03, 4.02, 4.03,  -3.43,  -2.71,   0.01, 182.88,   7.59,   0.20,   0.22,   0.03,  -0.13,   7.58, 4.04, 0.00, 0.00, 0.00, 0.00, 1, 1,  8,  39.7281873, -83.7075948,   961.0, 2026,  3, 28, 20,  3, 56,       79,      634,  92,  83,   2.0,   1.1,   1.6,  0,  0,  0, 30,  8, 27,  0,  0, 24,  0, 27,  9,  0,  0,  0,  0, 22,  0, 33,  0, 32,  0,  0,  0, 33,  0,  0,  0, 37,  0,  0,  0
6, 11026, 15,KE8EXM,     6.19, 5,   coast,  -14.22,  90142.00,  975.50,  840.69,  118.95, 20.0, 4.03, 4.02, 4.03,  -3.55,  -3.04,  -0.45, 183.19,   8.62,   0.01,   0.22,   0.02,  -0.14,   7.56, 4.04, 0.00, 0.00, 0.00, 0.00, 1, 1,  8,  39.7281873, -83.7075948,   961.0, 2026,  3, 28, 20,  3, 56,       79,      634,  92,  83,   2.0,   1.1,   1.6,  0,  0,  0, 30,  8, 27,  0,  0, 24,  0, 27,  9,  0,  0,  0,  0, 22,  0, 33,  0, 32,  0,  0,  0, 33,  0,  0,  0, 37,  0,  0,  0
6, 11026, 15,KE8EXM,     6.20, 5,   coast,  -11.77,  90142.00,  975.50,  840.69,  118.82, 20.0, 4.03, 4.02, 4.03,  -3.38,  -3.67,  -1.22, 182.88,   8.87,   0.20,   0.22,   0.02,  -0.14,   7.54, 4.04, 0.00, 0.00, 0.00, 0.00, 1, 1,  8,  39.7281873, -83.7075948,   961.0, 2026,  3, 28, 20,  3, 56,       79,      634,  92,  83,   2.0,   1.1,   1.6,  0,  0,  0, 30,  8, 27,  0,  0, 24,  0, 27,  9,  0,  0,  0,  0, 22,  0, 33,  0, 32,  0,  0,  0, 33,  0,  0,  0, 37,  0,  0,  0
6, 11026, 15,KE8EXM,     6.21, 5,   coast,  -14.22,  90110.00,  978.43,  843.62,  118.69, 20.0, 4.03, 4.02, 4.03,  -3.21,  -2.66,  -0.26, 182.03,   8.20,   0.44,   0.22,   0.02,  -0.14,   7.52, 4.04, 0.00, 0.00, 0.00, 0.00, 1, 1,  8,  39.7281873, -83.7075948,   961.0, 2026,  3, 28, 20,  3, 56,       79,      634,  92,  83,   2.0,   1.1,   1.6,  0,  0,  0, 30,  8, 27,  0,  0, 24,  0, 27,  9,  0,  0,  0,  0, 22,  0, 33,  0, 32,  0,  0,  0, 33,  0,  0,  0, 37,  0,  0,  0
6, 11026, 15,KE8EXM,     6.22, 5,   coast,  -12.26,  90110.00,  978.43,  843.62,  118.55, 20.0, 4.03, 4.02, 4.03,  -3.41,  -3.62,  -0.96, 179.65,   8.56,   0.26,   0.22,   0.01,  -0.15,   7.50, 4.04, 0.00, 0.00, 0.00, 0.00, 1, 1,  8,  39.7281873, -83.7075948,   961.0, 2026,  3, 28, 20,  3, 56,       79,      634,  92,  83,   2.0,   1.1,   1.6,  0,  0,  0, 30,  8, 27,  0,  0, 24,  0, 27,  9,  0,  0,  0,  0, 22,  0, 33,  0, 32,  0,  0,  0, 33,  0,  0,  0, 37,  0,  0,  0
6, 11026, 15,KE8EXM,     6.23, 5,   coast,  -13.73,  90078.00,  981.36,  846.55,  118.42, 20.0, 4.03, 4.02, 4.03,  -3.26,  -3.91,   0.46, 180.02,   9.11,  -0.05,   0.22,   0.01,  -0.15,   7.47, 4.04, 0.00, 0.00, 0.00, 0.00, 1, 1,  8,  39.7281873, -83.7075948,   961.0, 2026,  3, 28, 20,  3, 56,       79,      634,  92,  83,   2.0,   1.1,   1.6,  0,  0,  0, 30,  8, 27,  0,  0, 24,  0, 27,  9,  0,  0,  0,  0, 22,  0, 33,  0, 32,  0,  0,  0, 33,  0,  0,  0, 37,  0,  0,  0
6, 11026, 15,KE8EXM,     6.24, 5,   coast,  -13.73,  90078.00,  981.36,  846.55,  118.29, 20.0, 4.03, 4.02, 4.03,  -3.51,  -4.07,  -0.68, 180.20,   9.11,   0.13,   0.22,   0.00,  -0.15,   7.44, 4.04, 0.00, 0.00, 0.00, 0.00, 1, 1,  8,  39.7281873, -83.7075948,   961.0, 2026,  3, 28, 20,  3, 56,       79,      634,  92,  83,   2.0,   1.1,   1.6,  0,  0,  0, 30,  8, 27,  0,  0, 24,  0, 27,  9,  0,  0,  0,  0, 22,  0, 33,  0, 32,  0,  0,  0, 33,  0,  0,  0, 37,  0,  0,  0
6, 11026, 15,KE8EXM,     6.25, 5,   coast,  -13.24,  90047.00,  984.19,  849.39,  118.15, 19.9, 4.03, 4.02, 4.03,  -3.22,  -2.64,   0.30, 180.93,   9.36,  -0.11,   0.22,  -0.00,  -0.16,   7.40, 4.04, 0.00, 0.00, 0.00, 0.00, 1, 1,  8,  39.7281873, -83.7075948,   961.0, 2026,  3, 28, 20,  3, 56,       79,      634,  92,  83,   2.0,   1.1,   1.6,  0,  0,  0, 30,  8, 27,  0,  0, 24,  0, 27,  9,  0,  0,  0,  0, 22,  0, 33,  0, 32,  0,  0,  0, 33,  0,  0,  0, 37,  0,  0,  0
6, 11026, 15,KE8EXM,     6.26, 5,   coast,  -14.71,  90047.00,  984.19,  849.39,  118.02, 19.9, 4.03, 4.02, 4.03,  -3.42,  -2.47,  -0.16, 179.59,   9.11,   0.32,   0.22,  -0.01,  -0.16,   7.37, 4.04, 0.00, 0.00, 0.00, 0.00, 1, 1,  8,  39.7281873, -83.7075948,   961.0, 2026,  3, 28, 20,  3, 56,       79,      634,  92,  83,   2.0,   1.1,   1.6,  0,  0,  0, 30,  8, 27,  0,  0, 24,  0, 27,  9,  0,  0,  0,  0, 22,  0, 33,  0, 32,  0,  0,  0, 33,  0,  0,  0, 37,  0,  0,  0
6, 11026, 15,KE8EXM,     6.27, 5,   coast,  -13.24,  90028.00,  985.94,  851.13,  117.88, 19.9, 4.03, 4.02, 4.03,  -3.05,  -3.00,   1.16, 177.27,  10.09,   0.07,   0.22,  -0.01,  -0.16,   7.34, 4.04, 0.00, 0.00, 0.00, 0.00, 1, 1,  8,  39.7281873, -83.7075948,   961.0, 2026,  3, 28, 20,  3, 56,       79,      634,  92,  83,   2.0,   1.1,   1.6,  0,  0,  0, 30,  8, 27,  0,  0, 24,  0, 27,  9,  0,  0,  0,  0, 22,  0, 33,  0, 32,  0,  0,  0, 33,  0,  0,  0, 37,  0,  0,  0
6, 11026, 15,KE8EXM,     6.28, 5,   coast,  -12.75,  90028.00,  985.94,  851.13,  117.74, 19.9, 4.03, 4.02, 4.03,  -3.30,  -3.54,   0.80, 182.09,   8.87,  -0.17,   0.22,  -0.01,  -0.16,   7.30, 4.04, 0.00, 0.00, 0.00, 0.00, 1, 1,  8,  39.7281873, -83.7075948,   961.0, 2026,  3, 28, 20,  3, 56,       79,      634,  92,  83,   2.0,   1.1,   1.6,  0,  0,  0, 30,  8, 27,  0,  0, 24,  0, 27,  9,  0,  0,  0,  0, 22,  0, 33,  0, 32,  0,  0,  0, 33,  0,  0,  0, 37,  0,  0,  0
6, 11026, 15,KE8EXM,     6.29, 5,   coast,  -15.20,  90006.00,  987.95,  853.14,  117.61, 20.0, 4.03, 4.02, 4.03,  -3.38,  -2.82,   0.64, 181.30,   9.66,  -0.11,   0.21,  -0.02,  -0.16,   7.26, 4.04, 0.00, 0.00, 0.00, 0.00, 1, 1,  8,  39.7281873, -83.7075948,   961.0, 2026,  3, 28, 20,  3, 56,       79,      634,  92,  83,   2.0,   1.1,   1.6,  0,  0,  0, 30,  8, 27,  0,  0, 24,  0, 27,  9,  0,  0,  0,  0, 22,  0, 33,  0, 32,  0,  0,  0, 33,  0,  0,  0, 37,  0,  0,  0
6, 11026, 15,KE8EXM,     6.30, 5,   coast,  -12.75,  90006.00,  987.95,  853.14,  117.48, 20.0, 4.03, 4.02, 4.03,  -3.32,  -2.69,   0.39, 180.14,   8.74,   0.01,   0.22,  -0.03,  -0.17,   7.22, 4.04, 0.00, 0.00, 0.00, 0.00, 1, 1,  8,  39.7281873, -83.7075948,   961.0, 2026,  3, 28, 20,  3, 56,       79,      634,  92,  83,   2.0,   1.1,   1.6,  0,  0,  0, 30,  8, 27,  0,  0, 24,  0, 27,  9,  0,  0,  0,  0, 22,  0, 33,  0, 32,  0,  0,  0, 33,  0,  0,  0, 37,  0,  0,  0
6, 11026, 15,KE8EXM,     6.31, 5,   coast,  -11.77,  89982.00,  990.15,  855.34,  117.35, 20.0, 4.03, 4.02, 4.03,  -3.18,  -2.86,   0.98, 180.87,   9.17,  -0.05,   0.22,  -0.03,  -0.17,   7.18, 4.04, 0.00, 0.00, 0.00, 0.00, 1, 1,  8,  39.7281873, -83.7075948,   961.0, 2026,  3, 28, 20,  3, 56,       79,      634,  92,  83,   2.0,   1.1,   1.6,  0,  0,  0, 30,  8, 27,  0,  0, 24,  0, 27,  9,  0,  0,  0,  0, 22,  0, 33,  0, 32,  0,  0,  0, 33,  0,  0,  0, 37,  0,  0,  0
6, 11026, 15,KE8EXM,     6.32, 5,   coast,  -13.24,  89982.00,  990.15,  855.34,  117.22, 20.0, 4.03, 4.02, 4.03,  -3.27,  -2.95,   0.34, 181.85,   8.07,   0.01,   0.22,  -0.04,  -0.17,   7.14, 4.04, 0.00, 0.00, 0.00, 0.00, 1, 1,  8,  39.7281873, -83.7075948,   961.0, 2026,  3, 28, 20,  3, 56,       79,      634,  92,  83,   2.0,   1.1,   1.6,  0,  0,  0, 30,  8, 27,  0,  0, 24,  0, 27,  9,  0,  0,  0,  0, 22,  0, 33,  0, 32,  0,  0,  0, 33,  0,  0,  0, 37,  0,  0,  0
6, 11026, 15,KE8EXM,     6.33, 5,   coast,  -12.26,  89957.00,  992.44,  857.64,  117.09, 20.0, 4.03, 4.02, 4.03,  -3.23,  -3.15,   1.08, 179.95,   8.20,   0.50,   0.22,  -0.04,  -0.17,   7.10, 4.04, 0.00, 0.00, 0.00, 0.00, 1, 1,  8,  39.7281873, -83.7075948,   961.0, 2026,  3, 28, 20,  3, 56,       79,      634,  92,  83,   2.0,   1.1,   1.6,  0,  0,  0, 30,  8, 27,  0,  0, 24,  0, 27,  9,  0,  0,  0,  0, 22,  0, 33,  0, 32,  0,  0,  0, 33,  0,  0,  0, 37,  0,  0,  0
6, 11026, 15,KE8EXM,     6.34, 5,   coast,  -13.73,  89957.00,  992.44,  857.64,  116.96, 20.0, 4.03, 4.02, 4.03,  -3.25,  -2.64,   0.08, 182.15,   6.97,   0.13,   0.22,  -0.05,  -0.17,   7.07, 4.04, 0.00, 0.00, 0.00, 0.00, 1, 1,  8,  39.7281873, -83.7075948,   961.0, 2026,  3, 28, 20,  3, 56,       79,      634,  92,  83,   2.0,   1.1,   1.6,  0,  0,  0, 30,  8, 27,  0,  0, 24,  0, 27,  9,  0,  0,  0,  0, 22,  0, 33,  0, 32,  0,  0,  0, 33,  0,  0,  0, 37,  0,  0,  0
6, 11026, 15,KE8EXM,     6.35, 5,   coast,  -12.26,  89939.00,  994.09,  859.29,  116.83, 20.0, 4.03, 4.02, 4.03,  -3.30,  -3.31,   0.36, 181.42,   8.74,   0.32,   0.22,  -0.05,  -0.17,   7.02, 4.04, 0.00, 0.00, 0.00, 0.00, 1, 1,  8,  39.7281873, -83.7075948,   961.0, 2026,  3, 28, 20,  3, 56,       79,      634,  92,  83,   2.0,   1.1,   1.6,  0,  0,  0, 30,  8, 27,  0,  0, 24,  0, 27,  9,  0,  0,  0,  0, 22,  0, 33,  0, 32,  0,  0,  0, 33,  0,  0,  0, 37,  0,  0,  0
6, 11026, 15,KE8EXM,     6.36, 5,   coast,  -12.75,  89939.00,  994.09,  859.29,  116.70, 20.0, 4.03, 4.02, 4.03,  -3.44,  -3.58,  -0.48, 182.27,   6.97,   0.44,   0.21,  -0.06,  -0.17,   6.99, 4.04, 0.00, 0.00, 0.00, 0.00, 1, 1,  8,  39.7281873, -83.7075948,   961.0, 2026,  3, 28, 20,  3, 56,       79,      634,  92,  83,   2.0,   1.1,   1.6,  0,  0,  0, 30,  8, 27,  0,  0, 24,  0, 27,  9,  0,  0,  0,  0, 22,  0, 33,  0, 32,  0,  0,  0, 33,  0,  0,  0, 37,  0,  0,  0
6, 11026, 15,KE8EXM,     6.37, 5,   coast,  -14.22,  89914.00,  996.38,  861.58,  116.58, 20.0, 4.03, 4.02, 4.03,  -3.24,  -2.86,  -0.02, 182.34,   7.89,   0.26,   0.21,  -0.06,  -0.17,   6.95, 4.04, 0.00, 0.00, 0.00, 0.00, 1, 1,  8,  39.7281873, -83.7075948,   961.0, 2026,  3, 28, 20,  3, 56,       79,      634,  92,  83,   2.0,   1.1,   1.6,  0,  0,  0, 30,  8, 27,  0,  0, 24,  0, 27,  9,  0,  0,  0,  0, 22,  0, 33,  0, 32,  0,  0,  0, 33,  0,  0,  0, 37,  0,  0,  0
6, 11026, 15,KE8EXM,     6.38, 5,   coast,  -12.26,  89914.00,  996.38,  861.58,  116.45, 20.0, 4.03, 4.02, 4.03,  -3.28,  -2.89,  -0.29, 182.64,   6.49,   0.01,   0.21,  -0.07,  -0.17,   6.91, 4.04, 0.00, 0.00, 0.00, 0.00, 1, 1,  8,  39.7281873, -83.7075948,   961.0, 2026,  3, 28, 20,  3, 56,       79,      634,  92,  83,   2.0,   1.1,   1.6,  0,  0,  0, 30,  8, 27,  0,  0, 24,  0, 27,  9,  0,  0,  0,  0, 22,  0, 33,  0, 32,  0,  0,  0, 33,  0,  0,  0, 37,  0,  0,  0
6, 11026, 15,KE8EXM,     6.39, 5,   coast,  -12.75,  89893.00,  998.31,  863.50,  116.31, 20.0, 4.03, 4.02, 4.03,  -3.29,  -3.07,  -0.12, 181.36,   7.22,   0.01,   0.21,  -0.07,  -0.17,   6.86, 4.04, 0.00, 0.00, 0.00, 0.00, 1, 1,  8,  39.7281873, -83.7075948,   961.0, 2026,  3, 28, 20,  3, 56,       79,      634,  92,  83,   2.0,   1.1,   1.6,  0,  0,  0, 30,  8, 27,  0,  0, 24,  0, 27,  9,  0,  0,  0,  0, 22,  0, 33,  0, 32,  0,  0,  0, 33,  0,  0,  0, 37,  0,  0,  0
6, 11026, 15,KE8EXM,     6.40, 5,   coast,  -12.75,  89893.00,  998.31,  863.50,  116.18, 20.0, 4.03, 4.02, 4.03,  -3.43,  -3.23,   0.19, 181.42,   6.85,   0.20,   0.21,  -0.08,  -0.17,   6.82, 4.04, 0.00, 0.00, 0.00, 0.00, 1, 1,  8,  39.7281873, -83.7075948,   961.0, 2026,  3, 28, 20,  3, 56,       79,      634,  92,  83,   2.0,   1.1,   1.6,  0,  0,  0, 30,  8, 27,  0,  0, 24,  0, 27,  9,  0,  0,  0,  0, 22,  0, 33,  0, 32,  0,  0,  0, 33,  0,  0,  0, 37,  0,  0,  0
6, 11026, 15,KE8EXM,     6.41, 5,   coast,  -14.71,  89871.00, 1000.33,  865.52,  116.05, 20.0, 4.03, 4.02, 4.03,  -3.21,  -2.49,  -0.11, 183.07,   6.61,  -0.23,   0.21,  -0.08,  -0.17,   6.78, 4.04, 0.00, 0.00, 0.00, 0.00, 1, 1,  8,  39.7281873, -83.7075948,   961.0, 2026,  3, 28, 20,  3, 56,       79,      634,  92,  83,   2.0,   1.1,   1.6,  0,  0,  0, 30,  8, 27,  0,  0, 24,  0, 27,  9,  0,  0,  0,  0, 22,  0, 33,  0, 32,  0,  0,  0, 33,  0,  0,  0, 37,  0,  0,  0
6, 11026, 15,KE8EXM,     6.42, 5,   coast,  -12.75,  89871.00, 1000.33,  865.52,  115.93, 20.0, 4.02, 4.02, 4.03,  -3.25,  -3.23,   0.11, 182.27,   6.55,  -0.17,   0.21,  -0.09,  -0.17,   6.73, 4.04, 0.00, 0.00, 0.01, 0.00, 1, 1,  8,  39.7281873, -83.7075948,   961.0, 2026,  3, 28, 20,  3, 56,       79,      634,  92,  83,   2.0,   1.1,   1.6,  0,  0,  0, 30,  8, 27,  0,  0, 24,  0, 27,  9,  0,  0,  0,  0, 22,  0, 33,  0, 32,  0,  0,  0, 33,  0,  0,  0, 37,  0,  0,  0
6, 11026, 15,KE8EXM,     6.42, 5,   coast,  -12.75,  89871.00, 1000.33,  865.52,  115.93, 20.0, 4.02, 4.02, 4.03,  -3.25,  -3.23,   0.11, 182.27,   6.55,  -0.17,   0.21,  -0.09,  -0.17,   6.73, 4.04, 0.00, 0.00, 0.01, 0.00, 1, 1,  8,  39.7281873, -83.7075948,   961.0, 2026,  3, 28, 20,  3, 56,       79,      634,  92,  83,   2.0,   1.1,   1.6,  0,  0,  0, 30,  8, 27,  0,  0, 24,  0, 27,  9,  0,  0,  0,  0, 22,  0, 33,  0, 32,  0,  0,  0, 33,  0,  0,  0, 37,  0,  0,  0
6, 11026, 15,KE8EXM,     6.43, 5,   coast,  -11.28,  89848.00, 1002.44,  867.63,  115.80, 20.0, 4.02, 4.02, 4.03,  -3.18,  -2.91,  -0.14, 182.03,   6.61,  -0.11,   0.21,  -0.10,  -0.17,   6.69, 4.04, 0.00, 0.00, 0.01, 0.00, 1, 1,  8,  39.7281873, -83.7075948,   961.0, 2026,  3, 28, 20,  3, 56,       79,      634,  92,  83,   2.0,   1.1,   1.6,  0,  0,  0, 30,  8, 27,  0,  0, 24,  0, 27,  9,  0,  0,  0,  0, 22,  0, 33,  0, 32,  0,  0,  0, 33,  0,  0,  0, 37,  0,  0,  0
6, 11026, 15,KE8EXM,     6.44, 5,   coast,  -12.26,  89848.00, 1002.44,  867.63,  115.67, 20.0, 4.02, 4.02, 4.03,  -3.32,  -3.14,  -0.50, 182.52,   6.79,  -0.05,   0.21,  -0.10,  -0.17,   6.64, 4.04, 0.00, 0.00, 0.01, 0.00, 1, 1,  8,  39.7281873, -83.7075948,   961.0, 2026,  3, 28, 20,  3, 56,       79,      634,  92,  83,   2.0,   1.1,   1.6,  0,  0,  0, 30,  8, 27,  0,  0, 24,  0, 27,  9,  0,  0,  0,  0, 22,  0, 33,  0, 32,  0,  0,  0, 33,  0,  0,  0, 37,  0,  0,  0
6, 11026, 15,KE8EXM,     6.45, 5,   coast,  -14.22,  89827.00, 1004.36,  869.56,  115.54, 20.0, 4.02, 4.02, 4.03,  -3.26,  -2.31,   0.04, 182.76,   6.30,   0.01,   0.21,  -0.10,  -0.17,   6.59, 4.04, 0.00, 0.00, 0.01, 0.00, 1, 1,  8,  39.7281873, -83.7075948,   961.0, 2026,  3, 28, 20,  3, 56,       79,      634,  92,  83,   2.0,   1.1,   1.6,  0,  0,  0, 30,  8, 27,  0,  0, 24,  0, 27,  9,  0,  0,  0,  0, 22,  0, 33,  0, 32,  0,  0,  0, 33,  0,  0,  0, 37,  0,  0,  0
6, 11026, 15,KE8EXM,     6.46, 5,   coast,  -12.26,  89827.00, 1004.36,  869.56,  115.41, 20.0, 4.02, 4.02, 4.03,  -3.19,  -2.56,  -0.37, 180.75,   6.00,  -0.23,   0.21,  -0.11,  -0.17,   6.55, 4.04, 0.00, 0.00, 0.01, 0.00, 1, 1,  8,  39.7281873, -83.7075948,   961.0, 2026,  3, 28, 20,  3, 56,       79,      634,  92,  83,   2.0,   1.1,   1.6,  0,  0,  0, 30,  8, 27,  0,  0, 24,  0, 27,  9,  0,  0,  0,  0, 22,  0, 33,  0, 32,  0,  0,  0, 33,  0,  0,  0, 37,  0,  0,  0
6, 11026, 15,KE8EXM,     6.47, 5,   coast,  -13.24,  89806.00, 1006.29,  871.49,  115.28, 20.0, 4.02, 4.02, 4.03,  -3.15,  -2.61,   0.65, 180.26,   5.88,  -0.11,   0.21,  -0.12,  -0.17,   6.50, 4.04, 0.00, 0.00, 0.01, 0.00, 1, 1,  8,  39.7281873, -83.7075948,   961.0, 2026,  3, 28, 20,  3, 56,       79,      634,  92,  83,   2.0,   1.1,   1.6,  0,  0,  0, 30,  8, 27,  0,  0, 24,  0, 27,  9,  0,  0,  0,  0, 22,  0, 33,  0, 32,  0,  0,  0, 33,  0,  0,  0, 37,  0,  0,  0
6, 11026, 15,KE8EXM,     6.48, 5,   coast,  -12.75,  89806.00, 1006.29,  871.49,  115.15, 20.0, 4.02, 4.02, 4.03,  -3.18,  -2.88,  -0.52, 180.87,   6.43,   0.13,   0.21,  -0.12,  -0.17,   6.45, 4.04, 0.00, 0.00, 0.01, 0.00, 1, 1,  8,  39.7281873, -83.7075948,   961.0, 2026,  3, 28, 20,  3, 56,       79,      634,  92,  83,   2.0,   1.1,   1.6,  0,  0,  0, 30,  8, 27,  0,  0, 24,  0, 27,  9,  0,  0,  0,  0, 22,  0, 33,  0, 32,  0,  0,  0, 33,  0,  0,  0, 37,  0,  0,  0
6, 11026, 15,KE8EXM,     6.49, 5,   coast,  -15.20,  89788.00, 1007.94,  873.14,  115.02, 20.0, 4.02, 4.02, 4.03,  -3.02,  -2.02,   0.31, 178.86,   6.55,   0.26,   0.21,  -0.13,  -0.17,   6.40, 4.04, 0.00, 0.00, 0.01, 0.00, 1, 1,  8,  39.7281873, -83.7075948,   961.0, 2026,  3, 28, 20,  3, 56,       79,      634,  92,  83,   2.0,   1.1,   1.6,  0,  0,  0, 30,  8, 27,  0,  0, 24,  0, 27,  9,  0,  0,  0,  0, 22,  0, 33,  0, 32,  0,  0,  0, 33,  0,  0,  0, 37,  0,  0,  0
6, 11026, 15,KE8EXM,     6.50, 5,   coast,  -11.77,  89788.00, 1007.94,  873.14,  114.89, 20.0, 4.02, 4.02, 4.03,  -3.16,  -3.04,   0.24, 179.47,   5.88,  -0.17,   0.21,  -0.13,  -0.17,   6.36, 4.04, 0.00, 0.00, 0.01, 0.00, 1, 1,  8,  39.7281873, -83.7075948,   961.0, 2026,  3, 28, 20,  3, 56,       79,      634,  92,  83,   2.0,   1.1,   1.6,  0,  0,  0, 30,  8, 27,  0,  0, 24,  0, 27,  9,  0,  0,  0,  0, 22,  0, 33,  0, 32,  0,  0,  0, 33,  0,  0,  0, 37,  0,  0,  0
6, 11026, 15,KE8EXM,     6.51, 5,   coast,  -13.73,  89759.00, 1010.61,  875.80,  114.76, 20.0, 4.02, 4.02, 4.03,  -3.13,  -3.20,  -0.11, 178.37,   6.12,   0.32,   0.21,  -0.13,  -0.17,   6.31, 4.04, 0.00, 0.00, 0.01, 0.00, 1, 1,  8,  39.7281873, -83.7075948,   961.0, 2026,  3, 28, 20,  3, 56,       79,      634,  92,  83,   2.0,   1.1,   1.6,  0,  0,  0, 30,  8, 27,  0,  0, 24,  0, 27,  9,  0,  0,  0,  0, 22,  0, 33,  0, 32,  0,  0,  0, 33,  0,  0,  0, 37,  0,  0,  0
6, 11026, 15,KE8EXM,     6.52, 5,   coast,  -12.75,  89759.00, 1010.61,  875.80,  114.63, 20.0, 4.02, 4.02, 4.03,  -3.18,  -2.53,  -0.32, 179.65,   5.33,   0.13,   0.21,  -0.14,  -0.16,   6.26, 4.04, 0.00, 0.00, 0.01, 0.00, 1, 1,  8,  39.7281873, -83.7075948,   961.0, 2026,  3, 28, 20,  3, 56,       79,      634,  92,  83,   2.0,   1.1,   1.6,  0,  0,  0, 30,  8, 27,  0,  0, 24,  0, 27,  9,  0,  0,  0,  0, 22,  0, 33,  0, 32,  0,  0,  0, 33,  0,  0,  0, 37,  0,  0,  0
6, 11026, 15,KE8EXM,     6.53, 5,   coast,  -12.26,  89742.00, 1012.17,  877.36,  114.50, 20.0, 4.02, 4.02, 4.03,  -3.10,  -2.05,  -0.04, 178.61,   6.00,   0.32,   0.21,  -0.15,  -0.16,   6.22, 4.04, 0.00, 0.00, 0.01, 0.00, 1, 1,  8,  39.7281873, -83.7075948,   961.0, 2026,  3, 28, 20,  3, 56,       79,      634,  92,  83,   2.0,   1.1,   1.6,  0,  0,  0, 30,  8, 27,  0,  0, 24,  0, 27,  9,  0,  0,  0,  0, 22,  0, 33,  0, 32,  0,  0,  0, 33,  0,  0,  0, 37,  0,  0,  0
6, 11026, 15,KE8EXM,     6.54, 5,   coast,  -11.28,  89742.00, 1012.17,  877.36,  114.38, 20.0, 4.02, 4.02, 4.03,  -3.18,  -2.56,  -0.24, 176.90,   5.88,   0.26,   0.21,  -0.15,  -0.16,   6.17, 4.04, 0.00, 0.00, 0.01, 0.00, 1, 1,  8,  39.7281873, -83.7075948,   961.0, 2026,  3, 28, 20,  3, 56,       79,      634,  92,  83,   2.0,   1.1,   1.6,  0,  0,  0, 30,  8, 27,  0,  0, 24,  0, 27,  9,  0,  0,  0,  0, 22,  0, 33,  0, 32,  0,  0,  0, 33,  0,  0,  0, 37,  0,  0,  0
6, 11026, 15,KE8EXM,     6.55, 5,   coast,  -13.24,  89722.00, 1014.00,  879.20,  114.25, 20.0, 4.02, 4.02, 4.03,  -3.04,  -2.90,  -0.41, 176.54,   6.18,   0.50,   0.21,  -0.15,  -0.16,   6.12, 4.04, 0.00, 0.00, 0.01, 0.00, 1, 1,  8,  39.7281873, -83.7075948,   961.0, 2026,  3, 28, 20,  3, 56,       79,      634,  92,  83,   2.0,   1.1,   1.6,  0,  0,  0, 30,  8, 27,  0,  0, 24,  0, 27,  9,  0,  0,  0,  0, 22,  0, 33,  0, 32,  0,  0,  0, 33,  0,  0,  0, 37,  0,  0,  0
6, 11026, 15,KE8EXM,     6.56, 5,   coast,  -13.73,  89722.00, 1014.00,  879.20,  114.13, 20.0, 4.02, 4.02, 4.03,  -3.10,  -2.44,  -0.32, 176.90,   6.30,   0.56,   0.21,  -0.16,  -0.15,   6.06, 4.04, 0.00, 0.00, 0.01, 0.00, 1, 1,  8,  39.7281873, -83.7075948,   961.0, 2026,  3, 28, 20,  3, 56,       79,      634,  92,  83,   2.0,   1.1,   1.6,  0,  0,  0, 30,  8, 27,  0,  0, 24,  0, 27,  9,  0,  0,  0,  0, 22,  0, 33,  0, 32,  0,  0,  0, 33,  0,  0,  0, 37,  0,  0,  0
6, 11026, 15,KE8EXM,     6.57, 5,   coast,  -11.28,  89698.00, 1016.21,  881.40,  114.00, 20.0, 4.02, 4.02, 4.03,  -2.99,  -1.92,  -0.01, 175.62,   6.49,   0.32,   0.21,  -0.16,  -0.15,   6.01, 4.04, 0.00, 0.00, 0.01, 0.00, 1, 1,  8,  39.7281873, -83.7075948,   961.0, 2026,  3, 28, 20,  3, 56,       79,      634,  92,  83,   2.0,   1.1,   1.6,  0,  0,  0, 30,  8, 27,  0,  0, 24,  0, 27,  9,  0,  0,  0,  0, 22,  0, 33,  0, 32,  0,  0,  0, 33,  0,  0,  0, 37,  0,  0,  0
6, 11026, 15,KE8EXM,     6.58, 5,   coast,  -13.24,  89698.00, 1016.21,  881.40,  113.87, 20.0, 4.02, 4.02, 4.03,  -3.01,  -2.21,  -0.50, 174.64,   6.43,   0.50,   0.21,  -0.17,  -0.15,   5.95, 4.04, 0.00, 0.00, 0.01, 0.00, 1, 1,  8,  39.7281873, -83.7075948,   961.0, 2026,  3, 28, 20,  3, 56,       79,      634,  92,  83,   2.0,   1.1,   1.6,  0,  0,  0, 30,  8, 27,  0,  0, 24,  0, 27,  9,  0,  0,  0,  0, 22,  0, 33,  0, 32,  0,  0,  0, 33,  0,  0,  0, 37,  0,  0,  0
6, 11026, 15,KE8EXM,     6.59, 5,   coast,  -12.75,  89681.00, 1017.77,  882.97,  113.75, 20.0, 4.02, 4.02, 4.03,  -2.93,  -2.57,  -0.13, 175.26,   6.36,   0.74,   0.21,  -0.17,  -0.15,   5.89, 4.04, 0.00, 0.00, 0.01, 0.00, 1, 1,  8,  39.7281873, -83.7075948,   961.0, 2026,  3, 28, 20,  3, 56,       79,      634,  92,  83,   2.0,   1.1,   1.6,  0,  0,  0, 30,  8, 27,  0,  0, 24,  0, 27,  9,  0,  0,  0,  0, 22,  0, 33,  0, 32,  0,  0,  0, 33,  0,  0,  0, 37,  0,  0,  0
6, 11026, 15,KE8EXM,     6.60, 5,   coast,  -12.75,  89681.00, 1017.77,  882.97,  113.62, 20.0, 4.02, 4.02, 4.03,  -3.11,  -2.43,  -0.69, 173.91,   6.73,   0.99,   0.21,  -0.18,  -0.15,   5.84, 4.04, 0.00, 0.00, 0.01, 0.00, 1, 1,  8,  39.7281873, -83.7075948,   961.0, 2026,  3, 28, 20,  3, 56,       79,      634,  92,  83,   2.0,   1.1,   1.6,  0,  0,  0, 30,  8, 27,  0,  0, 24,  0, 27,  9,  0,  0,  0,  0, 22,  0, 33,  0, 32,  0,  0,  0, 33,  0,  0,  0, 37,  0,  0,  0
6, 11026, 15,KE8EXM,     6.61, 5,   coast,  -10.79,  89666.00, 1019.15,  884.34,  113.50, 20.0, 4.02, 4.02, 4.03,  -2.99,  -1.89,  -0.01, 173.91,   7.28,   0.99,   0.21,  -0.18,  -0.15,   5.77, 4.04, 0.00, 0.00, 0.01, 0.00, 1, 1,  8,  39.7281873, -83.7075948,   961.0, 2026,  3, 28, 20,  3, 56,       79,      634,  92,  83,   2.0,   1.1,   1.6,  0,  0,  0, 30,  8, 27,  0,  0, 24,  0, 27,  9,  0,  0,  0,  0, 22,  0, 33,  0, 32,  0,  0,  0, 33,  0,  0,  0, 37,  0,  0,  0
6, 11026, 15,KE8EXM,     6.62, 5,   coast,  -13.73,  89666.00, 1019.15,  884.34,  113.38, 20.0, 4.02, 4.02, 4.03,  -3.00,  -2.16,  -0.64, 174.58,   6.18,   0.74,   0.21,  -0.18,  -0.14,   5.72, 4.04, 0.00, 0.00, 0.01, 0.00, 1, 1,  8,  39.7281873, -83.7075948,   961.0, 2026,  3, 28, 20,  3, 56,       79,      634,  92,  83,   2.0,   1.1,   1.6,  0,  0,  0, 30,  8, 27,  0,  0, 24,  0, 27,  9,  0,  0,  0,  0, 22,  0, 33,  0, 32,  0,  0,  0, 33,  0,  0,  0, 37,  0,  0,  0
6, 11026, 15,KE8EXM,     6.63, 5,   coast,  -11.77,  89646.00, 1020.99,  886.18,  113.26, 20.0, 4.02, 4.02, 4.03,  -2.93,  -2.62,   0.55, 172.39,   7.04,   1.05,   0.21,  -0.19,  -0.14,   5.65, 4.04, 0.00, 0.00, 0.01, 0.00, 1, 1,  8,  39.7281873, -83.7075948,   961.0, 2026,  3, 28, 20,  3, 56,       79,      634,  92,  83,   2.0,   1.1,   1.6,  0,  0,  0, 30,  8, 27,  0,  0, 24,  0, 27,  9,  0,  0,  0,  0, 22,  0, 33,  0, 32,  0,  0,  0, 33,  0,  0,  0, 37,  0,  0,  0
6, 11026, 15,KE8EXM,     6.64, 5,   coast,  -10.79,  89646.00, 1020.99,  886.18,  113.14, 20.0, 4.02, 4.02, 4.03,  -3.02,  -1.89,  -0.66, 175.56,   6.12,   0.93,   0.21,  -0.19,  -0.14,   5.60, 4.04, 0.00, 0.00, 0.01, 0.00, 1, 1,  8,  39.7281873, -83.7075948,   961.0, 2026,  3, 28, 20,  3, 56,       79,      634,  92,  83,   2.0,   1.1,   1.6,  0,  0,  0, 30,  8, 27,  0,  0, 24,  0, 27,  9,  0,  0,  0,  0, 22,  0, 33,  0, 32,  0,  0,  0, 33,  0,  0,  0, 37,  0,  0,  0
6, 11026, 15,KE8EXM,     6.65, 5,   coast,  -12.75,  89633.00, 1022.18,  887.38,  113.02, 20.0, 4.02, 4.02, 4.03,  -2.90,  -1.91,   0.51, 171.17,   7.22,   1.54,   0.21,  -0.19,  -0.13,   5.53, 4.04, 0.00, 0.00, 0.01, 0.00, 1, 1,  8,  39.7281873, -83.7075948,   961.0, 2026,  3, 28, 20,  3, 56,       79,      634,  92,  83,   2.0,   1.1,   1.6,  0,  0,  0, 30,  8, 27,  0,  0, 24,  0, 27,  9,  0,  0,  0,  0, 22,  0, 33,  0, 32,  0,  0,  0, 33,  0,  0,  0, 37,  0,  0,  0
6, 11026, 15,KE8EXM,     6.66, 5,   coast,  -12.26,  89633.00, 1022.18,  887.38,  112.89, 20.0, 4.02, 4.02, 4.03,  -2.97,  -1.67,  -0.27, 173.12,   5.69,   1.36,   0.21,  -0.20,  -0.13,   5.48, 4.04, 0.00, 0.00, 0.01, 0.00, 1, 1,  8,  39.7281873, -83.7075948,   961.0, 2026,  3, 28, 20,  3, 56,       79,      634,  92,  83,   2.0,   1.1,   1.6,  0,  0,  0, 30,  8, 27,  0,  0, 24,  0, 27,  9,  0,  0,  0,  0, 22,  0, 33,  0, 32,  0,  0,  0, 33,  0,  0,  0, 37,  0,  0,  0
6, 11026, 15,KE8EXM,     6.67, 5,   coast,  -12.26,  89604.00, 1024.85,  890.04,  112.77, 20.0, 4.02, 4.02, 4.03,  -2.95,  -2.55,   0.65, 172.87,   7.40,   1.78,   0.21,  -0.20,  -0.12,   5.41, 4.04, 0.00, 0.00, 0.01, 0.00, 1, 1,  8,  39.7281873, -83.7075948,   961.0, 2026,  3, 28, 20,  3, 56,       79,      634,  92,  83,   2.0,   1.1,   1.6,  0,  0,  0, 30,  8, 27,  0,  0, 24,  0, 27,  9,  0,  0,  0,  0, 22,  0, 33,  0, 32,  0,  0,  0, 33,  0,  0,  0, 37,  0,  0,  0
6, 11026, 15,KE8EXM,     6.68, 5,   coast,  -15.20,  89604.00, 1024.85,  890.04,  112.64, 20.0, 4.02, 4.02, 4.03,  -2.92,  -2.67,  -0.68, 173.18,   6.67,   1.72,   0.21,  -0.20,  -0.12,   5.35, 4.04, 0.00, 0.00, 0.01, 0.00, 1, 1,  8,  39.7281873, -83.7075948,   961.0, 2026,  3, 28, 20,  3, 56,       79,      634,  92,  83,   2.0,   1.1,   1.6,  0,  0,  0, 30,  8, 27,  0,  0, 24,  0, 27,  9,  0,  0,  0,  0, 22,  0, 33,  0, 32,  0,  0,  0, 33,  0,  0,  0, 37,  0,  0,  0
6, 11026, 15,KE8EXM,     6.69, 5,   coast,  -11.28,  89583.00, 1026.78,  891.97,  112.51, 20.0, 4.02, 4.02, 4.03,  -3.02,  -1.36,  -0.04, 171.53,   6.97,   1.90,   0.21,  -0.21,  -0.12,   5.28, 4.04, 0.00, 0.00, 0.01, 0.00, 1, 1,  8,  39.7281873, -83.7075948,   961.0, 2026,  3, 28, 20,  3, 56,       79,      634,  92,  83,   2.0,   1.1,   1.6,  0,  0,  0, 30,  8, 27,  0,  0, 24,  0, 27,  9,  0,  0,  0,  0, 22,  0, 33,  0, 32,  0,  0,  0, 33,  0,  0,  0, 37,  0,  0,  0
6, 11026, 15,KE8EXM,     6.70, 5,   coast,  -13.73,  89583.00, 1026.78,  891.97,  112.38, 20.0, 4.02, 4.02, 4.03,  -2.91,  -2.11,   1.13, 169.58,   6.06,   2.33,   0.21,  -0.21,  -0.11,   5.22, 4.04, 0.00, 0.00, 0.01, 0.00, 1, 1,  8,  39.7281873, -83.7075948,   961.0, 2026,  3, 28, 20,  3, 56,       79,      634,  92,  83,   2.0,   1.1,   1.6,  0,  0,  0, 30,  8, 27,  0,  0, 24,  0, 27,  9,  0,  0,  0,  0, 22,  0, 33,  0, 32,  0,  0,  0, 33,  0,  0,  0, 37,  0,  0,  0
6, 11026, 15,KE8EXM,     6.71, 5,   coast,  -11.28,  89568.00, 1028.16,  893.35,  112.26, 20.0, 4.02, 4.02, 4.03,  -3.07,  -2.04,   0.80, 171.65,   6.43,   2.03,   0.21,  -0.22,  -0.11,   5.16, 4.04, 0.00, 0.00, 0.01, 0.00, 1, 1,  8,  39.7281873, -83.7075948,   961.0, 2026,  3, 28, 20,  3, 56,       79,      634,  92,  83,   2.0,   1.1,   1.6,  0,  0,  0, 30,  8, 27,  0,  0, 24,  0, 27,  9,  0,  0,  0,  0, 22,  0, 33,  0, 32,  0,  0,  0, 33,  0,  0,  0, 37,  0,  0,  0
6, 11026, 15,KE8EXM,     6.72, 5,   coast,  -11.77,  89568.00, 1028.16,  893.35,  112.13, 20.0, 4.02, 4.02, 4.03,  -2.94,  -2.52,   0.82, 172.08,   5.45,   2.39,   0.21,  -0.22,  -0.11,   5.11, 4.04, 0.00, 0.00, 0.01, 0.00, 1, 1,  8,  39.7281873, -83.7075948,   961.0, 2026,  3, 28, 20,  3, 56,       79,      634,  92,  83,   2.0,   1.1,   1.6,  0,  0,  0, 30,  8, 27,  0,  0, 24,  0, 27,  9,  0,  0,  0,  0, 22,  0, 33,  0, 32,  0,  0,  0, 33,  0,  0,  0, 37,  0,  0,  0
6, 11026, 15,KE8EXM,     6.73, 5,   coast,  -13.24,  89538.00, 1030.92,  896.11,  112.01, 20.0, 4.02, 4.02, 4.03,  -2.87,  -1.92,   0.81, 172.14,   5.45,   2.27,   0.21,  -0.22,  -0.10,   5.06, 4.04, 0.00, 0.00, 0.01, 0.00, 1, 1,  8,  39.7281873, -83.7075948,   961.0, 2026,  3, 28, 20,  3, 56,       79,      634,  92,  83,   2.0,   1.1,   1.6,  0,  0,  0, 30,  8, 27,  0,  0, 24,  0, 27,  9,  0,  0,  0,  0, 22,  0, 33,  0, 32,  0,  0,  0, 33,  0,  0,  0, 37,  0,  0,  0
6, 11026, 15,KE8EXM,     6.74, 5,   coast,  -13.73,  89538.00, 1030.92,  896.11,  111.88, 20.0, 3.99, 3.98, 3.99,  -2.89,  -2.41,   1.22, 170.68,   5.45,   2.58,   0.21,  -0.22,  -0.10,   5.00, 4.00, 0.00, 0.00, 0.00, 0.00, 1, 1,  8,  39.7281873, -83.7075948,   961.0, 2026,  3, 28, 20,  3, 56,       79,      634,  92,  83,   2.0,   1.1,   1.6,  0,  0,  0, 30,  8, 27,  0,  0, 24,  0, 27,  9,  0,  0,  0,  0, 22,  0, 33,  0, 32,  0,  0,  0, 33,  0,  0,  0, 37,  0,  0,  0
6, 11026, 15,KE8EXM,     6.74, 5,   coast,  -13.73,  89538.00, 1030.92,  896.11,  111.88, 20.0, 3.99, 3.98, 3.99,  -2.89,  -2.41,   1.22, 170.68,   5.45,   2.58,   0.21,  -0.22,  -0.10,   5.00, 4.00, 0.00, 0.00, 0.00, 0.00, 1, 1,  8,  39.7281873, -83.7075948,   961.0, 2026,  3, 28, 20,  3, 56,       79,      634,  92,  83,   2.0,   1.1,   1.6,  0,  0,  0, 30,  8, 27,  0,  0, 24,  0, 27,  9,  0,  0,  0,  0, 22,  0, 33,  0, 32,  0,  0,  0, 33,  0,  0,  0, 37,  0,  0,  0
6, 11026, 15,KE8EXM,     6.75, 5,   coast,  -12.26,  89519.00, 1032.67,  897.86,  111.76, 20.0, 3.99, 3.98, 3.99,  -2.97,  -1.97,  -0.76, 171.10,   5.27,   2.45,   0.21,  -0.22,  -0.09,   4.95, 4.00, 0.00, 0.00, 0.00, 0.00, 1, 1,  8,  39.7281873, -83.7075948,   961.0, 2026,  3, 28, 20,  3, 56,       79,      634,  92,  83,   2.0,   1.1,   1.6,  0,  0,  0, 30,  8, 27,  0,  0, 24,  0, 27,  9,  0,  0,  0,  0, 22,  0, 33,  0, 32,  0,  0,  0, 33,  0,  0,  0, 37,  0,  0,  0
6, 11026, 15,KE8EXM,     6.76, 5,   coast,  -11.77,  89519.00, 1032.67,  897.86,  111.63, 20.0, 3.99, 3.98, 3.99,  -2.93,  -2.52,   0.57, 172.94,   4.96,   2.33,   0.21,  -0.23,  -0.09,   4.90, 4.00, 0.00, 0.00, 0.00, 0.00, 1, 1,  8,  39.7281873, -83.7075948,   961.0, 2026,  3, 28, 20,  3, 56,       79,      634,  92,  83,   2.0,   1.1,   1.6,  0,  0,  0, 30,  8, 27,  0,  0, 24,  0, 27,  9,  0,  0,  0,  0, 22,  0, 33,  0, 32,  0,  0,  0, 33,  0,  0,  0, 37,  0,  0,  0
6, 11026, 15,KE8EXM,     6.77, 5,   coast,  -11.77,  89497.00, 1034.69,  899.89,  111.51, 20.0, 3.99, 3.98, 3.99,  -2.99,  -2.18,  -0.52, 170.19,   5.75,   2.70,   0.21,  -0.23,  -0.08,   4.84, 4.00, 0.00, 0.00, 0.00, 0.00, 1, 1,  8,  39.7281873, -83.7075948,   961.0, 2026,  3, 28, 20,  3, 56,       79,      634,  92,  83,   2.0,   1.1,   1.6,  0,  0,  0, 30,  8, 27,  0,  0, 24,  0, 27,  9,  0,  0,  0,  0, 22,  0, 33,  0, 32,  0,  0,  0, 33,  0,  0,  0, 37,  0,  0,  0
6, 11026, 15,KE8EXM,     6.78, 5,   coast,  -13.24,  89497.00, 1034.69,  899.89,  111.38, 20.0, 3.99, 3.98, 3.99,  -3.13,  -2.02,   0.11, 171.59,   4.78,   2.33,   0.21,  -0.23,  -0.08,   4.80, 4.00, 0.00, 0.00, 0.00, 0.00, 1, 1,  8,  39.7281873, -83.7075948,   961.0, 2026,  3, 28, 20,  3, 56,       79,      634,  92,  83,   2.0,   1.1,   1.6,  0,  0,  0, 30,  8, 27,  0,  0, 24,  0, 27,  9,  0,  0,  0,  0, 22,  0, 33,  0, 32,  0,  0,  0, 33,  0,  0,  0, 37,  0,  0,  0
6, 11026, 15,KE8EXM,     6.79, 5,   coast,  -12.75,  89476.00, 1036.63,  901.82,  111.26, 20.0, 3.99, 3.98, 3.99,  -2.95,  -2.28,   0.48, 170.31,   5.20,   2.70,   0.21,  -0.23,  -0.08,   4.74, 4.00, 0.00, 0.00, 0.00, 0.00, 1, 1,  8,  39.7281873, -83.7075948,   961.0, 2026,  3, 28, 20,  3, 56,       79,      634,  92,  83,   2.0,   1.1,   1.6,  0,  0,  0, 30,  8, 27,  0,  0, 24,  0, 27,  9,  0,  0,  0,  0, 22,  0, 33,  0, 32,  0,  0,  0, 33,  0,  0,  0, 37,  0,  0,  0
6, 11026, 15,KE8EXM,     6.80, 5,   coast,  -12.26,  89476.00, 1036.63,  901.82,  111.13, 20.0, 3.99, 3.98, 3.99,  -2.85,  -2.44,   0.50, 168.97,   4.96,   2.82,   0.21,  -0.23,  -0.08,   4.69, 4.00, 0.00, 0.00, 0.00, 0.00, 1, 1,  8,  39.7281873, -83.7075948,   961.0, 2026,  3, 28, 20,  3, 56,       79,      634,  92,  83,   2.0,   1.1,   1.6,  0,  0,  0, 30,  8, 27,  0,  0, 24,  0, 27,  9,  0,  0,  0,  0, 22,  0, 33,  0, 32,  0,  0,  0, 33,  0,  0,  0, 37,  0,  0,  0
6, 11026, 15,KE8EXM,     6.81, 5,   coast,  -12.75,  89445.00, 1039.48,  904.67,  111.00, 20.0, 3.99, 3.98, 3.99,  -2.91,  -2.75,  -0.17, 170.98,   4.47,   2.64,   0.21,  -0.24,  -0.07,   4.64, 4.00, 0.00, 0.00, 0.00, 0.00, 1, 1,  8,  39.7281873, -83.7075948,   961.0, 2026,  3, 28, 20,  3, 56,       79,      634,  92,  83,   2.0,   1.1,   1.6,  0,  0,  0, 30,  8, 27,  0,  0, 24,  0, 27,  9,  0,  0,  0,  0, 22,  0, 33,  0, 32,  0,  0,  0, 33,  0,  0,  0, 37,  0,  0,  0
6, 11026, 15,KE8EXM,     6.82, 5,   coast,  -13.24,  89445.00, 1039.48,  904.67,  110.87, 20.0, 3.99, 3.98, 3.99,  -2.99,  -2.58,  -0.40, 169.82,   4.41,   2.88,   0.21,  -0.24,  -0.06,   4.59, 4.00, 0.00, 0.00, 0.00, 0.00, 1, 1,  8,  39.7281873, -83.7075948,   961.0, 2026,  3, 28, 20,  3, 56,       79,      634,  92,  83,   2.0,   1.1,   1.6,  0,  0,  0, 30,  8, 27,  0,  0, 24,  0, 27,  9,  0,  0,  0,  0, 22,  0, 33,  0, 32,  0,  0,  0, 33,  0,  0,  0, 37,  0,  0,  0
6, 11026, 15,KE8EXM,     6.83, 5,   coast,  -14.22,  89418.00, 1041.97,  907.16,  110.74, 20.0, 3.99, 3.98, 3.99,  -2.82,  -1.85,   0.22, 169.21,   4.59,   2.21,   0.21,  -0.24,  -0.06,   4.54, 4.00, 0.00, 0.00, 0.00, 0.00, 1, 1,  8,  39.7281873, -83.7075948,   961.0, 2026,  3, 28, 20,  3, 56,       79,      634,  92,  83,   2.0,   1.1,   1.6,  0,  0,  0, 30,  8, 27,  0,  0, 24,  0, 27,  9,  0,  0,  0,  0, 22,  0, 33,  0, 32,  0,  0,  0, 33,  0,  0,  0, 37,  0,  0,  0
6, 11026, 15,KE8EXM,     6.84, 5,   coast,  -12.26,  89418.00, 1041.97,  907.16,  110.61, 20.0, 3.99, 3.98, 3.99,  -2.95,  -2.90,   0.20, 169.40,   4.96,   2.27,   0.21,  -0.24,  -0.05,   4.49, 4.00, 0.00, 0.00, 0.00, 0.00, 1, 1,  8,  39.7281873, -83.7075948,   961.0, 2026,  3, 28, 20,  3, 56,       79,      634,  92,  83,   2.0,   1.1,   1.6,  0,  0,  0, 30,  8, 27,  0,  0, 24,  0, 27,  9,  0,  0,  0,  0, 22,  0, 33,  0, 32,  0,  0,  0, 33,  0,  0,  0, 37,  0,  0,  0
6, 11026, 15,KE8EXM,     6.85, 5,   coast,  -12.75,  89408.00, 1042.89,  908.08,  110.49, 20.0, 3.99, 3.98, 3.99,  -2.84,  -2.84,  -0.11, 170.07,   4.53,   2.45,   0.21,  -0.24,  -0.05,   4.44, 4.00, 0.00, 0.00, 0.00, 0.00, 1, 1,  8,  39.7281873, -83.7075948,   961.0, 2026,  3, 28, 20,  3, 56,       79,      634,  92,  83,   2.0,   1.1,   1.6,  0,  0,  0, 30,  8, 27,  0,  0, 24,  0, 27,  9,  0,  0,  0,  0, 22,  0, 33,  0, 32,  0,  0,  0, 33,  0,  0,  0, 37,  0,  0,  0
6, 11026, 15,KE8EXM,     6.86, 5,   coast,  -12.75,  89408.00, 1042.89,  908.08,  110.36, 20.0, 3.99, 3.98, 3.99,  -2.97,  -2.36,  -1.11, 168.54,   4.72,   2.45,   0.21,  -0.24,  -0.04,   4.39, 4.00, 0.00, 0.00, 0.00, 0.00, 1, 1,  8,  39.7281873, -83.7075948,   961.0, 2026,  3, 28, 20,  3, 56,       79,      634,  92,  83,   2.0,   1.1,   1.6,  0,  0,  0, 30,  8, 27,  0,  0, 24,  0, 27,  9,  0,  0,  0,  0, 22,  0, 33,  0, 32,  0,  0,  0, 33,  0,  0,  0, 37,  0,  0,  0
6, 11026, 15,KE8EXM,     6.87, 5,   coast,  -11.77,  89379.00, 1045.56,  910.75,  110.23, 20.0, 3.99, 3.98, 3.99,  -2.72,  -2.41,   0.25, 167.93,   4.59,   2.33,   0.21,  -0.25,  -0.04,   4.34, 4.00, 0.00, 0.00, 0.00, 0.00, 1, 1,  8,  39.7281873, -83.7075948,   961.0, 2026,  3, 28, 20,  3, 56,       79,      634,  92,  83,   2.0,   1.1,   1.6,  0,  0,  0, 30,  8, 27,  0,  0, 24,  0, 27,  9,  0,  0,  0,  0, 22,  0, 33,  0, 32,  0,  0,  0, 33,  0,  0,  0, 37,  0,  0,  0
6, 11026, 15,KE8EXM,     6.88, 5,   coast,  -11.77,  89379.00, 1045.56,  910.75,  110.11, 20.0, 3.99, 3.98, 3.99,  -2.96,  -2.44,  -1.42, 168.60,   4.78,   2.09,   0.21,  -0.25,  -0.04,   4.29, 4.00, 0.00, 0.00, 0.00, 0.00, 1, 1,  8,  39.7281873, -83.7075948,   961.0, 2026,  3, 28, 20,  3, 56,       79,      634,  92,  83,   2.0,   1.1,   1.6,  0,  0,  0, 30,  8, 27,  0,  0, 24,  0, 27,  9,  0,  0,  0,  0, 22,  0, 33,  0, 32,  0,  0,  0, 33,  0,  0,  0, 37,  0,  0,  0
6, 11026, 15,KE8EXM,     6.89, 5,   coast,  -14.71,  89362.00, 1047.13,  912.32,  109.98, 20.0, 3.99, 3.98, 3.99,  -2.82,  -3.13,   0.07, 167.75,   4.84,   2.15,   0.21,  -0.24,  -0.03,   4.23, 4.00, 0.00, 0.00, 0.00, 0.00, 1, 1,  8,  39.7281873, -83.7075948,   961.0, 2026,  3, 28, 20,  3, 56,       79,      634,  92,  83,   2.0,   1.1,   1.6,  0,  0,  0, 30,  8, 27,  0,  0, 24,  0, 27,  9,  0,  0,  0,  0, 22,  0, 33,  0, 32,  0,  0,  0, 33,  0,  0,  0, 37,  0,  0,  0
6, 11026, 15,KE8EXM,     6.90, 5,   coast,  -13.73,  89362.00, 1047.13,  912.32,  109.85, 20.0, 3.99, 3.98, 3.99,  -2.77,  -2.15,  -0.78, 166.89,   5.27,   2.09,   0.21,  -0.24,  -0.02,   4.18, 4.00, 0.00, 0.00, 0.00, 0.00, 1, 1,  8,  39.7281873, -83.7075948,   961.0, 2026,  3, 28, 20,  3, 56,       79,      634,  92,  83,   2.0,   1.1,   1.6,  0,  0,  0, 30,  8, 27,  0,  0, 24,  0, 27,  9,  0,  0,  0,  0, 22,  0, 33,  0, 32,  0,  0,  0, 33,  0,  0,  0, 37,  0,  0,  0
6, 11026, 15,KE8EXM,     6.91, 5,   coast,  -13.24,  89334.00, 1049.71,  914.90,  109.72, 20.0, 3.99, 3.98, 3.99,  -2.95,  -2.27,  -0.78, 167.63,   4.72,   1.72,   0.21,  -0.24,  -0.02,   4.13, 4.00, 0.00, 0.00, 0.00, 0.00, 1, 1,  8,  39.7281873, -83.7075948,   961.0, 2026,  3, 28, 20,  3, 56,       79,      634,  92,  83,   2.0,   1.1,   1.6,  0,  0,  0, 30,  8, 27,  0,  0, 24,  0, 27,  9,  0,  0,  0,  0, 22,  0, 33,  0, 32,  0,  0,  0, 33,  0,  0,  0, 37,  0,  0,  0
6, 11026, 15,KE8EXM,     6.92, 5,   coast,  -11.77,  89334.00, 1049.71,  914.90,  109.59, 20.0, 3.99, 3.98, 3.99,  -2.85,  -2.87,   0.05, 165.06,   5.45,   1.66,   0.21,  -0.24,  -0.01,   4.07, 4.00, 0.00, 0.00, 0.00, 0.00, 1, 1,  8,  39.7281873, -83.7075948,   961.0, 2026,  3, 28, 20,  3, 56,       79,      634,  92,  83,   2.0,   1.1,   1.6,  0,  0,  0, 30,  8, 27,  0,  0, 24,  0, 27,  9,  0,  0,  0,  0, 22,  0, 33,  0, 32,  0,  0,  0, 33,  0,  0,  0, 37,  0,  0,  0
6, 11026, 15,KE8EXM,     6.93, 5,   coast,  -12.75,  89308.00, 1052.10,  917.30,  109.46, 20.0, 3.99, 3.98, 3.99,  -2.77,  -2.96,  -0.05, 165.12,   5.27,   1.90,   0.21,  -0.24,  -0.01,   4.01, 4.00, 0.00, 0.00, 0.00, 0.00, 1, 1,  8,  39.7281873, -83.7075948,   961.0, 2026,  3, 28, 20,  3, 56,       79,      634,  92,  83,   2.0,   1.1,   1.6,  0,  0,  0, 30,  8, 27,  0,  0, 24,  0, 27,  9,  0,  0,  0,  0, 22,  0, 33,  0, 32,  0,  0,  0, 33,  0,  0,  0, 37,  0,  0,  0
6, 11026, 15,KE8EXM,     6.94, 5,   coast,  -11.28,  89308.00, 1052.10,  917.30,  109.34, 20.0, 3.99, 3.98, 3.99,  -2.85,  -2.72,  -0.57, 167.14,   5.20,   1.48,   0.21,  -0.24,  -0.01,   3.96, 4.00, 0.00, 0.00, 0.00, 0.00, 1, 1,  8,  39.7281873, -83.7075948,   961.0, 2026,  3, 28, 20,  3, 56,       79,      634,  92,  83,   2.0,   1.1,   1.6,  0,  0,  0, 30,  8, 27,  0,  0, 24,  0, 27,  9,  0,  0,  0,  0, 22,  0, 33,  0, 32,  0,  0,  0, 33,  0,  0,  0, 37,  0,  0,  0
6, 11026, 15,KE8EXM,     6.95, 5,   coast,  -12.26,  89291.00, 1053.67,  918.87,  109.21, 20.0, 3.99, 3.98, 3.99,  -2.71,  -2.77,  -0.54, 165.79,   5.08,   1.29,   0.21,  -0.25,   0.00,   3.91, 4.00, 0.00, 0.00, 0.00, 0.00, 1, 1,  8,  39.7281873, -83.7075948,   961.0, 2026,  3, 28, 20,  3, 56,       79,      634,  92,  83,   2.0,   1.1,   1.6,  0,  0,  0, 30,  8, 27,  0,  0, 24,  0, 27,  9,  0,  0,  0,  0, 22,  0, 33,  0, 32,  0,  0,  0, 33,  0,  0,  0, 37,  0,  0,  0
6, 11026, 15,KE8EXM,     6.96, 5,   coast,  -13.73,  89291.00, 1053.67,  918.87,  109.09, 20.0, 3.99, 3.98, 3.99,  -2.74,  -2.18,   0.06, 164.02,   6.12,   1.36,   0.21,  -0.25,   0.01,   3.85, 4.00, 0.00, 0.00, 0.00, 0.00, 1, 1,  8,  39.7281873, -83.7075948,   961.0, 2026,  3, 28, 20,  3, 56,       79,      634,  92,  83,   2.0,   1.1,   1.6,  0,  0,  0, 30,  8, 27,  0,  0, 24,  0, 27,  9,  0,  0,  0,  0, 22,  0, 33,  0, 32,  0,  0,  0, 33,  0,  0,  0, 37,  0,  0,  0
6, 11026, 15,KE8EXM,     6.97, 5,   coast,  -13.73,  89260.00, 1056.53,  921.73,  108.96, 20.0, 3.99, 3.98, 3.99,  -2.85,  -2.43,  -0.41, 164.76,   6.43,   1.54,   0.20,  -0.24,   0.01,   3.79, 4.00, 0.00, 0.00, 0.00, 0.00, 1, 1,  8,  39.7281873, -83.7075948,   961.0, 2026,  3, 28, 20,  3, 56,       79,      634,  92,  83,   2.0,   1.1,   1.6,  0,  0,  0, 30,  8, 27,  0,  0, 24,  0, 27,  9,  0,  0,  0,  0, 22,  0, 33,  0, 32,  0,  0,  0, 33,  0,  0,  0, 37,  0,  0,  0
6, 11026, 15,KE8EXM,     6.98, 5,   coast,  -13.24,  89260.00, 1056.53,  921.73,  108.83, 20.0, 3.99, 3.98, 3.99,  -2.87,  -2.13,  -0.42, 164.64,   6.12,   1.23,   0.21,  -0.24,   0.02,   3.73, 4.00, 0.00, 0.00, 0.00, 0.00, 1, 1,  8,  39.7281873, -83.7075948,   961.0, 2026,  3, 28, 20,  3, 56,       79,      634,  92,  83,   2.0,   1.1,   1.6,  0,  0,  0, 30,  8, 27,  0,  0, 24,  0, 27,  9,  0,  0,  0,  0, 22,  0, 33,  0, 32,  0,  0,  0, 33,  0,  0,  0, 37,  0,  0,  0
6, 11026, 15,KE8EXM,     6.99, 5,   coast,  -11.77,  89244.00, 1058.01,  923.20,  108.70, 20.0, 3.99, 3.98, 3.99,  -2.75,  -2.69,  -0.06, 162.74,   5.82,   1.54,   0.21,  -0.24,   0.02,   3.68, 4.00, 0.00, 0.00, 0.00, 0.00, 1, 1,  8,  39.7281873, -83.7075948,   961.0, 2026,  3, 28, 20,  3, 56,       79,      634,  92,  83,   2.0,   1.1,   1.6,  0,  0,  0, 30,  8, 27,  0,  0, 24,  0, 27,  9,  0,  0,  0,  0, 22,  0, 33,  0, 32,  0,  0,  0, 33,  0,  0,  0, 37,  0,  0,  0
6, 11026, 15,KE8EXM,     7.00, 5,   coast,  -12.75,  89244.00, 1058.01,  923.20,  108.57, 20.0, 3.99, 3.98, 3.99,  -2.85,  -2.77,   0.16, 163.84,   5.69,   1.29,   0.21,  -0.24,   0.02,   3.63, 4.00, 0.00, 0.00, 0.00, 0.00, 1, 1,  8,  39.7281873, -83.7075948,   961.0, 2026,  3, 28, 20,  3, 56,       79,      634,  92,  83,   2.0,   1.1,   1.6,  0,  0,  0, 30,  8, 27,  0,  0, 24,  0, 27,  9,  0,  0,  0,  0, 22,  0, 33,  0, 32,  0,  0,  0, 33,  0,  0,  0, 37,  0,  0,  0
6, 11026, 15,KE8EXM,     7.01, 5,   coast,  -12.75,  89209.00, 1061.24,  926.43,  108.45, 20.0, 3.99, 3.98, 3.99,  -2.89,  -2.36,  -0.76, 163.48,   6.24,   1.54,   0.21,  -0.24,   0.03,   3.57, 4.00, 0.00, 0.00, 0.00, 0.00, 1, 1,  8,  39.7281873, -83.7075948,   961.0, 2026,  3, 28, 20,  3, 56,       79,      634,  92,  83,   2.0,   1.1,   1.6,  0,  0,  0, 30,  8, 27,  0,  0, 24,  0, 27,  9,  0,  0,  0,  0, 22,  0, 33,  0, 32,  0,  0,  0, 33,  0,  0,  0, 37,  0,  0,  0
6, 11026, 15,KE8EXM,     7.02, 5,   coast,  -12.26,  89209.00, 1061.24,  926.43,  108.32, 20.0, 3.99, 3.98, 3.99,  -2.77,  -2.61,  -0.33, 162.25,   5.88,   1.54,   0.21,  -0.24,   0.03,   3.52, 4.00, 0.00, 0.00, 0.00, 0.00, 1, 1,  8,  39.7281873, -83.7075948,   961.0, 2026,  3, 28, 20,  3, 56,       79,      634,  92,  83,   2.0,   1.1,   1.6,  0,  0,  0, 30,  8, 27,  0,  0, 24,  0, 27,  9,  0,  0,  0,  0, 22,  0, 33,  0, 32,  0,  0,  0, 33,  0,  0,  0, 37,  0,  0,  0
6, 11026, 15,KE8EXM,     7.03, 5,   coast,  -13.24,  89190.00, 1062.99,  928.18,  108.20, 20.0, 3.99, 3.98, 3.99,  -2.66,  -2.42,   0.28, 161.40,   6.91,   1.48,   0.21,  -0.24,   0.04,   3.46, 4.00, 0.00, 0.00, 0.00, 0.00, 1, 1,  8,  39.7281873, -83.7075948,   961.0, 2026,  3, 28, 20,  3, 56,       79,      634,  92,  83,   2.0,   1.1,   1.6,  0,  0,  0, 30,  8, 27,  0,  0, 24,  0, 27,  9,  0,  0,  0,  0, 22,  0, 33,  0, 32,  0,  0,  0, 33,  0,  0,  0, 37,  0,  0,  0
6, 11026, 15,KE8EXM,     7.04, 5,   coast,  -10.30,  89190.00, 1062.99,  928.18,  108.08, 20.0, 3.99, 3.98, 3.99,  -2.85,  -3.23,  -0.31, 163.29,   5.45,   1.23,   0.21,  -0.24,   0.04,   3.41, 4.00, 0.00, 0.00, 0.00, 0.00, 1, 1,  8,  39.7281873, -83.7075948,   961.0, 2026,  3, 28, 20,  3, 56,       79,      634,  92,  83,   2.0,   1.1,   1.6,  0,  0,  0, 30,  8, 27,  0,  0, 24,  0, 27,  9,  0,  0,  0,  0, 22,  0, 33,  0, 32,  0,  0,  0, 33,  0,  0,  0, 37,  0,  0,  0
6, 11026, 15,KE8EXM,     7.05, 5,   coast,  -10.79,  89165.00, 1065.30,  930.49,  107.96, 20.0, 3.99, 3.98, 3.99,  -2.82,  -3.01,  -0.37, 161.71,   6.36,   1.42,   0.21,  -0.24,   0.04,   3.36, 4.00, 0.00, 0.00, 0.00, 0.00, 1, 1,  8,  39.7281873, -83.7075948,   961.0, 2026,  3, 28, 20,  3, 56,       79,      634,  92,  83,   2.0,   1.1,   1.6,  0,  0,  0, 30,  8, 27,  0,  0, 24,  0, 27,  9,  0,  0,  0,  0, 22,  0, 33,  0, 32,  0,  0,  0, 33,  0,  0,  0, 37,  0,  0,  0
6, 11026, 15,KE8EXM,     7.06, 5,   coast,  -12.75,  89165.00, 1065.30,  930.49,  107.84, 20.0, 4.03, 4.01, 4.03,  -2.91,  -1.98,  -0.71, 162.25,   6.30,   0.68,   0.21,  -0.23,   0.05,   3.32, 4.04, 0.00, 0.00, 0.00, 0.00, 1, 1,  8,  39.7281873, -83.7075948,   961.0, 2026,  3, 28, 20,  3, 56,       79,      634,  92,  83,   2.0,   1.1,   1.6,  0,  0,  0, 30,  8, 27,  0,  0, 24,  0, 27,  9,  0,  0,  0,  0, 22,  0, 33,  0, 32,  0,  0,  0, 33,  0,  0,  0, 37,  0,  0,  0
6, 11026, 15,KE8EXM,     7.06, 5,   coast,  -12.75,  89165.00, 1065.30,  930.49,  107.84, 20.0, 4.03, 4.01, 4.03,  -2.91,  -1.98,  -0.71, 162.25,   6.30,   0.68,   0.21,  -0.23,   0.05,   3.32, 4.04, 0.00, 0.00, 0.00, 0.00, 1, 1,  8,  39.7281873, -83.7075948,   961.0, 2026,  3, 28, 20,  3, 56,       79,      634,  92,  83,   2.0,   1.1,   1.6,  0,  0,  0, 30,  8, 27,  0,  0, 24,  0, 27,  9,  0,  0,  0,  0, 22,  0, 33,  0, 32,  0,  0,  0, 33,  0,  0,  0, 37,  0,  0,  0
6, 11026, 15,KE8EXM,     7.07, 5,   coast,  -12.26,  89143.00, 1067.33,  932.52,  107.72, 20.0, 4.03, 4.01, 4.03,  -2.64,  -2.08,   0.13, 159.51,   6.67,   0.87,   0.21,  -0.23,   0.05,   3.28, 4.04, 0.00, 0.00, 0.00, 0.00, 1, 1,  8,  39.7281873, -83.7075948,   961.0, 2026,  3, 28, 20,  3, 56,       79,      634,  92,  83,   2.0,   1.1,   1.6,  0,  0,  0, 30,  8, 27,  0,  0, 24,  0, 27,  9,  0,  0,  0,  0, 22,  0, 33,  0, 32,  0,  0,  0, 33,  0,  0,  0, 37,  0,  0,  0
6, 11026, 15,KE8EXM,     7.08, 5,   coast,  -13.24,  89143.00, 1067.33,  932.52,  107.60, 20.0, 4.03, 4.01, 4.03,  -2.72,  -2.69,  -0.64, 161.95,   6.24,   0.32,   0.21,  -0.23,   0.06,   3.24, 4.04, 0.00, 0.00, 0.00, 0.00, 1, 1,  8,  39.7281873, -83.7075948,   961.0, 2026,  3, 28, 20,  3, 56,       79,      634,  92,  83,   2.0,   1.1,   1.6,  0,  0,  0, 30,  8, 27,  0,  0, 24,  0, 27,  9,  0,  0,  0,  0, 22,  0, 33,  0, 32,  0,  0,  0, 33,  0,  0,  0, 37,  0,  0,  0
6, 11026, 15,KE8EXM,     7.09, 5,   coast,  -13.73,  89131.00, 1068.44,  933.63,  107.47, 20.0, 4.03, 4.01, 4.03,  -2.69,  -2.65,  -0.33, 162.44,   7.04,   0.74,   0.21,  -0.23,   0.06,   3.20, 4.04, 0.00, 0.00, 0.00, 0.00, 1, 1,  8,  39.7281873, -83.7075948,   961.0, 2026,  3, 28, 20,  3, 56,       79,      634,  92,  83,   2.0,   1.1,   1.6,  0,  0,  0, 30,  8, 27,  0,  0, 24,  0, 27,  9,  0,  0,  0,  0, 22,  0, 33,  0, 32,  0,  0,  0, 33,  0,  0,  0, 37,  0,  0,  0
6, 11026, 15,KE8EXM,     7.10, 5,   coast,  -11.28,  89131.00, 1068.44,  933.63,  107.34, 20.0, 4.03, 4.01, 4.03,  -2.74,  -1.65,  -1.20, 159.94,   7.10,   0.56,   0.21,  -0.22,   0.07,   3.16, 4.04, 0.00, 0.00, 0.00, 0.00, 1, 1,  8,  39.7281873, -83.7075948,   961.0, 2026,  3, 28, 20,  3, 56,       79,      634,  92,  83,   2.0,   1.1,   1.6,  0,  0,  0, 30,  8, 27,  0,  0, 24,  0, 27,  9,  0,  0,  0,  0, 22,  0, 33,  0, 32,  0,  0,  0, 33,  0,  0,  0, 37,  0,  0,  0
6, 11026, 15,KE8EXM,     7.11, 5,   coast,  -13.24,  89099.00, 1071.39,  936.59,  107.22, 20.0, 4.03, 4.01, 4.03,  -2.57,  -2.05,  -0.16, 160.55,   6.91,   0.93,   0.21,  -0.22,   0.07,   3.13, 4.04, 0.00, 0.00, 0.00, 0.00, 1, 1,  8,  39.7281873, -83.7075948,   961.0, 2026,  3, 28, 20,  3, 56,       79,      634,  92,  83,   2.0,   1.1,   1.6,  0,  0,  0, 30,  8, 27,  0,  0, 24,  0, 27,  9,  0,  0,  0,  0, 22,  0, 33,  0, 32,  0,  0,  0, 33,  0,  0,  0, 37,  0,  0,  0
6, 11026, 15,KE8EXM,     7.11, 5,   coast,  -13.24,  89099.00, 1071.39,  936.59,  107.22, 20.0, 4.03, 4.01, 4.03,  -2.57,  -2.05,  -0.16, 160.55,   6.91,   0.93,   0.21,  -0.22,   0.07,   3.13, 4.04, 0.00, 0.00, 0.00, 0.00, 1, 1,  8,  39.7281873, -83.7075948,   961.0, 2026,  3, 28, 20,  3, 56,       79,      634,  92,  83,   2.0,   1.1,   1.6,  0,  0,  0, 30,  8, 27,  0,  0, 24,  0, 27,  9,  0,  0,  0,  0, 22,  0, 33,  0, 32,  0,  0,  0, 33,  0,  0,  0, 37,  0,  0,  0
6, 11026, 15,KE8EXM,     7.11, 5,   coast,  -13.24,  89099.00, 1071.39,  936.59,  107.22, 20.0, 4.03, 4.01, 4.03,  -2.57,  -2.05,  -0.16, 160.55,   6.91,   0.93,   0.21,  -0.22,   0.07,   3.13, 4.04, 0.00, 0.00, 0.00, 0.00, 1, 1,  8,  39.7281873, -83.7075948,   961.0, 2026,  3, 28, 20,  3, 56,       79,      634,  92,  83,   2.0,   1.1,   1.6,  0,  0,  0, 30,  8, 27,  0,  0, 24,  0, 27,  9,  0,  0,  0,  0, 22,  0, 33,  0, 32,  0,  0,  0, 33,  0,  0,  0, 37,  0,  0,  0
6, 11026, 15,KE8EXM,     7.12, 5,   coast,  -11.77,  89099.00, 1071.39,  936.59,  107.09, 20.0, 4.03, 4.01, 4.03,  -2.63,  -1.99,  -1.14, 159.39,   7.16,   1.11,   0.21,  -0.22,   0.08,   3.09, 4.04, 0.00, 0.00, 0.00, 0.00, 1, 1,  7,  39.7280790, -83.7074655,  1092.0, 2026,  3, 28, 20,  3, 57,       91,      765, 100,  83,   2.1,   1.2,   1.7,  0,  0,  0, 34,  8, 35,  0,  0, 34,  0, 28,  8,  0,  0,  0,  0, 36,  0, 33,  0, 22,  0,  0,  0, 26,  0,  0,  0, 23,  0,  0,  0
6, 11026, 15,KE8EXM,     7.13, 5,   coast,  -13.73,  89074.00, 1073.70,  938.90,  106.96, 20.0, 4.03, 4.01, 4.03,  -2.57,  -2.04,  -0.45, 158.53,   8.38,   0.93,   0.21,  -0.22,   0.08,   3.06, 4.04, 0.00, 0.00, 0.00, 0.00, 1, 1,  7,  39.7280790, -83.7074655,  1092.0, 2026,  3, 28, 20,  3, 57,       91,      765, 100,  83,   2.1,   1.2,   1.7,  0,  0,  0, 34,  8, 35,  0,  0, 34,  0, 28,  8,  0,  0,  0,  0, 36,  0, 33,  0, 22,  0,  0,  0, 26,  0,  0,  0, 23,  0,  0,  0
6, 11026, 15,KE8EXM,     7.14, 5,   coast,  -13.73,  89074.00, 1073.70,  938.90,  106.83, 20.0, 4.03, 4.01, 4.03,  -2.77,  -2.71,  -1.24, 157.25,   7.16,   0.99,   0.21,  -0.21,   0.08,   3.03, 4.04, 0.00, 0.00, 0.00, 0.00, 1, 1,  7,  39.7280790, -83.7074655,  1092.0, 2026,  3, 28, 20,  3, 57,       91,      765, 100,  83,   2.1,   1.2,   1.7,  0,  0,  0, 34,  8, 35,  0,  0, 34,  0, 28,  8,  0,  0,  0,  0, 36,  0, 33,  0, 22,  0,  0,  0, 26,  0,  0,  0, 23,  0,  0,  0
6, 11026, 15,KE8EXM,     7.15, 5,   coast,  -11.28,  89057.00, 1075.27,  940.47,  106.71, 20.0, 4.03, 4.01, 4.03,  -2.47,  -2.19,   0.47, 156.52,   8.87,   1.29,   0.21,  -0.21,   0.08,   3.00, 4.04, 0.00, 0.00, 0.00, 0.00, 1, 1,  7,  39.7280790, -83.7074655,  1092.0, 2026,  3, 28, 20,  3, 57,       91,      765, 100,  83,   2.1,   1.2,   1.7,  0,  0,  0, 34,  8, 35,  0,  0, 34,  0, 28,  8,  0,  0,  0,  0, 36,  0, 33,  0, 22,  0,  0,  0, 26,  0,  0,  0, 23,  0,  0,  0
6, 11026, 15,KE8EXM,     7.16, 5,   coast,  -12.26,  89057.00, 1075.27,  940.47,  106.58, 20.0, 4.03, 4.01, 4.03,  -2.69,  -1.86,  -0.88, 158.47,   7.71,   1.11,   0.21,  -0.21,   0.09,   2.98, 4.04, 0.00, 0.00, 0.00, 0.00, 1, 1,  7,  39.7280790, -83.7074655,  1092.0, 2026,  3, 28, 20,  3, 57,       91,      765, 100,  83,   2.1,   1.2,   1.7,  0,  0,  0, 34,  8, 35,  0,  0, 34,  0, 28,  8,  0,  0,  0,  0, 36,  0, 33,  0, 22,  0,  0,  0, 26,  0,  0,  0, 23,  0,  0,  0
6, 11026, 15,KE8EXM,     7.17, 5,   coast,  -12.75,  89036.00, 1077.21,  942.41,  106.46, 20.0, 4.03, 4.01, 4.03,  -2.74,  -2.40,  -0.22, 154.87,   9.23,   1.36,   0.21,  -0.20,   0.09,   2.95, 4.04, 0.00, 0.00, 0.00, 0.00, 1, 1,  7,  39.7280790, -83.7074655,  1092.0, 2026,  3, 28, 20,  3, 57,       91,      765, 100,  83,   2.1,   1.2,   1.7,  0,  0,  0, 34,  8, 35,  0,  0, 34,  0, 28,  8,  0,  0,  0,  0, 36,  0, 33,  0, 22,  0,  0,  0, 26,  0,  0,  0, 23,  0,  0,  0
6, 11026, 15,KE8EXM,     7.18, 5,   coast,  -13.73,  89036.00, 1077.21,  942.41,  106.33, 20.0, 4.03, 4.01, 4.03,  -2.72,  -2.46,  -0.88, 156.70,   7.59,   1.29,   0.21,  -0.20,   0.09,   2.94, 4.04, 0.00, 0.00, 0.00, 0.00, 1, 1,  7,  39.7280790, -83.7074655,  1092.0, 2026,  3, 28, 20,  3, 57,       91,      765, 100,  83,   2.1,   1.2,   1.7,  0,  0,  0, 34,  8, 35,  0,  0, 34,  0, 28,  8,  0,  0,  0,  0, 36,  0, 33,  0, 22,  0,  0,  0, 26,  0,  0,  0, 23,  0,  0,  0
6, 11026, 15,KE8EXM,     7.19, 5,   coast,  -11.28,  89010.00, 1079.62,  944.81,  106.21, 20.0, 4.03, 4.01, 4.03,  -2.44,  -2.16,  -0.10, 155.97,   8.56,   1.72,   0.21,  -0.20,   0.10,   2.92, 4.04, 0.00, 0.00, 0.00, 0.00, 1, 1,  7,  39.7280790, -83.7074655,  1092.0, 2026,  3, 28, 20,  3, 57,       91,      765, 100,  83,   2.1,   1.2,   1.7,  0,  0,  0, 34,  8, 35,  0,  0, 34,  0, 28,  8,  0,  0,  0,  0, 36,  0, 33,  0, 22,  0,  0,  0, 26,  0,  0,  0, 23,  0,  0,  0
6, 11026, 15,KE8EXM,     7.20, 5,   coast,  -12.26,  89010.00, 1079.62,  944.81,  106.08, 20.0, 4.03, 4.01, 4.03,  -2.56,  -1.32,  -0.34, 155.60,   7.83,   1.72,   0.21,  -0.20,   0.10,   2.91, 4.04, 0.00, 0.00, 0.00, 0.00, 1, 1,  7,  39.7280790, -83.7074655,  1092.0, 2026,  3, 28, 20,  3, 57,       91,      765, 100,  83,   2.1,   1.2,   1.7,  0,  0,  0, 34,  8, 35,  0,  0, 34,  0, 28,  8,  0,  0,  0,  0, 36,  0, 33,  0, 22,  0,  0,  0, 26,  0,  0,  0, 23,  0,  0,  0
6, 11026, 15,KE8EXM,     7.21, 5,   coast,  -13.73,  88983.00, 1082.11,  947.31,  105.96, 20.0, 4.03, 4.01, 4.03,  -2.59,  -1.82,  -0.76, 154.81,   8.74,   1.66,   0.21,  -0.19,   0.10,   2.90, 4.04, 0.00, 0.00, 0.00, 0.00, 1, 1,  7,  39.7280790, -83.7074655,  1092.0, 2026,  3, 28, 20,  3, 57,       91,      765, 100,  83,   2.1,   1.2,   1.7,  0,  0,  0, 34,  8, 35,  0,  0, 34,  0, 28,  8,  0,  0,  0,  0, 36,  0, 33,  0, 22,  0,  0,  0, 26,  0,  0,  0, 23,  0,  0,  0
6, 11026, 15,KE8EXM,     7.22, 5,   coast,  -10.30,  88983.00, 1082.11,  947.31,  105.84, 20.0, 4.03, 4.01, 4.03,  -2.39,  -2.62,   0.13, 153.83,   8.50,   2.27,   0.21,  -0.19,   0.10,   2.90, 4.04, 0.00, 0.00, 0.00, 0.00, 1, 1,  7,  39.7280790, -83.7074655,  1092.0, 2026,  3, 28, 20,  3, 57,       91,      765, 100,  83,   2.1,   1.2,   1.7,  0,  0,  0, 34,  8, 35,  0,  0, 34,  0, 28,  8,  0,  0,  0,  0, 36,  0, 33,  0, 22,  0,  0,  0, 26,  0,  0,  0, 23,  0,  0,  0
6, 11026, 15,KE8EXM,     7.23, 5,   coast,  -13.24,  88962.00, 1084.06,  949.25,  105.72, 20.0, 4.03, 4.01, 4.03,  -2.64,  -2.38,  -1.06, 155.60,   8.32,   2.27,   0.21,  -0.19,   0.10,   2.89, 4.04, 0.00, 0.00, 0.00, 0.00, 1, 1,  7,  39.7280790, -83.7074655,  1092.0, 2026,  3, 28, 20,  3, 57,       91,      765, 100,  83,   2.1,   1.2,   1.7,  0,  0,  0, 34,  8, 35,  0,  0, 34,  0, 28,  8,  0,  0,  0,  0, 36,  0, 33,  0, 22,  0,  0,  0, 26,  0,  0,  0, 23,  0,  0,  0
6, 11026, 15,KE8EXM,     7.24, 5,   coast,  -10.79,  88962.00, 1084.06,  949.25,  105.60, 20.0, 4.03, 4.01, 4.03,  -2.44,  -1.84,   0.22, 156.40,   8.87,   2.21,   0.21,  -0.18,   0.11,   2.90, 4.04, 0.00, 0.00, 0.00, 0.00, 1, 1,  7,  39.7280790, -83.7074655,  1092.0, 2026,  3, 28, 20,  3, 57,       91,      765, 100,  83,   2.1,   1.2,   1.7,  0,  0,  0, 34,  8, 35,  0,  0, 34,  0, 28,  8,  0,  0,  0,  0, 36,  0, 33,  0, 22,  0,  0,  0, 26,  0,  0,  0, 23,  0,  0,  0
6, 11026, 15,KE8EXM,     7.25, 5,   coast,  -12.75,  88948.00, 1085.35,  950.55,  105.47, 20.0, 4.03, 4.01, 4.03,  -2.69,  -2.13,  -1.71, 153.34,   9.42,   2.03,   0.21,  -0.18,   0.11,   2.91, 4.04, 0.00, 0.00, 0.00, 0.00, 1, 1,  7,  39.7280790, -83.7074655,  1092.0, 2026,  3, 28, 20,  3, 57,       91,      765, 100,  83,   2.1,   1.2,   1.7,  0,  0,  0, 34,  8, 35,  0,  0, 34,  0, 28,  8,  0,  0,  0,  0, 36,  0, 33,  0, 22,  0,  0,  0, 26,  0,  0,  0, 23,  0,  0,  0
6, 11026, 15,KE8EXM,     7.26, 5,   coast,  -12.75,  88948.00, 1085.35,  950.55,  105.35, 20.0, 4.03, 4.01, 4.03,  -2.56,  -3.39,   0.44, 154.38,   8.13,   2.45,   0.21,  -0.18,   0.12,   2.92, 4.04, 0.00, 0.00, 0.00, 0.00, 1, 1,  7,  39.7280790, -83.7074655,  1092.0, 2026,  3, 28, 20,  3, 57,       91,      765, 100,  83,   2.1,   1.2,   1.7,  0,  0,  0, 34,  8, 35,  0,  0, 34,  0, 28,  8,  0,  0,  0,  0, 36,  0, 33,  0, 22,  0,  0,  0, 26,  0,  0,  0, 23,  0,  0,  0
6, 11026, 15,KE8EXM,     7.27, 5,   coast,  -12.26,  88919.00, 1088.03,  953.23,  105.23, 20.0, 4.03, 4.01, 4.03,  -2.56,  -2.90,   0.16, 155.72,   8.56,   2.27,   0.21,  -0.18,   0.12,   2.94, 4.04, 0.00, 0.00, 0.00, 0.00, 1, 1,  7,  39.7280790, -83.7074655,  1092.0, 2026,  3, 28, 20,  3, 57,       91,      765, 100,  83,   2.1,   1.2,   1.7,  0,  0,  0, 34,  8, 35,  0,  0, 34,  0, 28,  8,  0,  0,  0,  0, 36,  0, 33,  0, 22,  0,  0,  0, 26,  0,  0,  0, 23,  0,  0,  0
6, 11026, 15,KE8EXM,     7.28, 5,   coast,  -11.77,  88919.00, 1088.03,  953.23,  105.11, 20.0, 4.03, 4.01, 4.03,  -2.55,  -2.43,   0.38, 155.05,   8.74,   2.03,   0.22,  -0.17,   0.12,   2.97, 4.04, 0.00, 0.00, 0.00, 0.00, 1, 1,  7,  39.7280790, -83.7074655,  1092.0, 2026,  3, 28, 20,  3, 57,       91,      765, 100,  83,   2.1,   1.2,   1.7,  0,  0,  0, 34,  8, 35,  0,  0, 34,  0, 28,  8,  0,  0,  0,  0, 36,  0, 33,  0, 22,  0,  0,  0, 26,  0,  0,  0, 23,  0,  0,  0
6, 11026, 15,KE8EXM,     7.29, 5,   coast,  -12.26,  88889.00, 1090.81,  956.00,  104.98, 20.0, 4.03, 4.01, 4.03,  -2.58,  -3.23,   0.68, 155.17,   8.50,   2.03,   0.22,  -0.17,   0.12,   3.00, 4.04, 0.00, 0.00, 0.00, 0.00, 1, 1,  7,  39.7280790, -83.7074655,  1092.0, 2026,  3, 28, 20,  3, 57,       91,      765, 100,  83,   2.1,   1.2,   1.7,  0,  0,  0, 34,  8, 35,  0,  0, 34,  0, 28,  8,  0,  0,  0,  0, 36,  0, 33,  0, 22,  0,  0,  0, 26,  0,  0,  0, 23,  0,  0,  0
6, 11026, 15,KE8EXM,     7.30, 5,   coast,  -12.75,  88889.00, 1090.81,  956.00,  104.86, 20.0, 4.03, 4.01, 4.03,  -2.74,  -3.12,  -0.53, 156.46,   8.38,   2.03,   0.21,  -0.16,   0.13,   3.03, 4.04, 0.00, 0.00, 0.00, 0.00, 1, 1,  7,  39.7280790, -83.7074655,  1092.0, 2026,  3, 28, 20,  3, 57,       91,      765, 100,  83,   2.1,   1.2,   1.7,  0,  0,  0, 34,  8, 35,  0,  0, 34,  0, 28,  8,  0,  0,  0,  0, 36,  0, 33,  0, 22,  0,  0,  0, 26,  0,  0,  0, 23,  0,  0,  0
6, 11026, 15,KE8EXM,     7.31, 5,   coast,  -13.73,  88875.00, 1092.11,  957.30,  104.73, 20.0, 4.03, 4.01, 4.03,  -2.76,  -2.62,   0.12, 157.13,   7.77,   1.54,   0.21,  -0.16,   0.13,   3.07, 4.04, 0.00, 0.00, 0.00, 0.00, 1, 1,  7,  39.7280790, -83.7074655,  1092.0, 2026,  3, 28, 20,  3, 57,       91,      765, 100,  83,   2.1,   1.2,   1.7,  0,  0,  0, 34,  8, 35,  0,  0, 34,  0, 28,  8,  0,  0,  0,  0, 36,  0, 33,  0, 22,  0,  0,  0, 26,  0,  0,  0, 23,  0,  0,  0
6, 11026, 15,KE8EXM,     7.32, 5,   coast,  -12.75,  88875.00, 1092.11,  957.30,  104.60, 20.0, 4.03, 4.01, 4.03,  -2.47,  -1.94,   0.24, 155.54,   8.44,   1.54,   0.21,  -0.15,   0.13,   3.11, 4.04, 0.00, 0.00, 0.00, 0.00, 1, 1,  7,  39.7280790, -83.7074655,  1092.0, 2026,  3, 28, 20,  3, 57,       91,      765, 100,  83,   2.1,   1.2,   1.7,  0,  0,  0, 34,  8, 35,  0,  0, 34,  0, 28,  8,  0,  0,  0,  0, 36,  0, 33,  0, 22,  0,  0,  0, 26,  0,  0,  0, 23,  0,  0,  0
6, 11026, 15,KE8EXM,     7.33, 5,   coast,  -11.77,  88859.00, 1093.59,  958.78,  104.48, 20.0, 4.03, 4.01, 4.03,  -2.49,  -2.58,  -0.14, 156.27,   8.13,   1.78,   0.21,  -0.15,   0.13,   3.16, 4.04, 0.00, 0.00, 0.00, 0.00, 1, 1,  7,  39.7280790, -83.7074655,  1092.0, 2026,  3, 28, 20,  3, 57,       91,      765, 100,  83,   2.1,   1.2,   1.7,  0,  0,  0, 34,  8, 35,  0,  0, 34,  0, 28,  8,  0,  0,  0,  0, 36,  0, 33,  0, 22,  0,  0,  0, 26,  0,  0,  0, 23,  0,  0,  0
6, 11026, 15,KE8EXM,     7.34, 5,   coast,  -11.77,  88859.00, 1093.59,  958.78,  104.36, 20.0, 4.03, 4.01, 4.03,  -2.49,  -2.54,  -0.45, 157.55,   8.44,   1.66,   0.21,  -0.15,   0.13,   3.21, 4.04, 0.00, 0.00, 0.00, 0.00, 1, 1,  7,  39.7280790, -83.7074655,  1092.0, 2026,  3, 28, 20,  3, 57,       91,      765, 100,  83,   2.1,   1.2,   1.7,  0,  0,  0, 34,  8, 35,  0,  0, 34,  0, 28,  8,  0,  0,  0,  0, 36,  0, 33,  0, 22,  0,  0,  0, 26,  0,  0,  0, 23,  0,  0,  0
6, 11026, 15,KE8EXM,     7.35, 5,   coast,  -11.77,  88826.00, 1096.64,  961.84,  104.24, 20.0, 4.03, 4.01, 4.03,  -2.60,  -2.47,  -0.56, 155.78,   8.20,   2.03,   0.21,  -0.14,   0.14,   3.26, 4.04, 0.00, 0.00, 0.00, 0.00, 1, 1,  7,  39.7280790, -83.7074655,  1092.0, 2026,  3, 28, 20,  3, 57,       91,      765, 100,  83,   2.1,   1.2,   1.7,  0,  0,  0, 34,  8, 35,  0,  0, 34,  0, 28,  8,  0,  0,  0,  0, 36,  0, 33,  0, 22,  0,  0,  0, 26,  0,  0,  0, 23,  0,  0,  0
6, 11026, 15,KE8EXM,     7.36, 5,   coast,  -12.26,  88826.00, 1096.64,  961.84,  104.11, 20.0, 4.03, 4.01, 4.03,  -2.34,  -2.28,   0.68, 155.17,   8.81,   1.66,   0.21,  -0.14,   0.14,   3.32, 4.04, 0.00, 0.00, 0.00, 0.00, 1, 1,  7,  39.7280790, -83.7074655,  1092.0, 2026,  3, 28, 20,  3, 57,       91,      765, 100,  83,   2.1,   1.2,   1.7,  0,  0,  0, 34,  8, 35,  0,  0, 34,  0, 28,  8,  0,  0,  0,  0, 36,  0, 33,  0, 22,  0,  0,  0, 26,  0,  0,  0, 23,  0,  0,  0
6, 11026, 15,KE8EXM,     7.37, 5,   coast,  -12.75,  88800.00, 1099.05,  964.25,  103.99, 20.0, 4.03, 4.01, 4.03,  -2.56,  -3.08,  -0.35, 157.01,   8.74,   1.23,   0.22,  -0.13,   0.14,   3.38, 4.04, 0.00, 0.00, 0.00, 0.00, 1, 1,  7,  39.7280790, -83.7074655,  1092.0, 2026,  3, 28, 20,  3, 57,       91,      765, 100,  83,   2.1,   1.2,   1.7,  0,  0,  0, 34,  8, 35,  0,  0, 34,  0, 28,  8,  0,  0,  0,  0, 36,  0, 33,  0, 22,  0,  0,  0, 26,  0,  0,  0, 23,  0,  0,  0
6, 11026, 15,KE8EXM,     7.38, 5,   coast,  -13.24,  88800.00, 1099.05,  964.25,  103.87, 20.0, 4.03, 4.02, 4.02,  -2.39,  -2.95,  -0.11, 157.19,   8.07,   1.60,   0.22,  -0.13,   0.14,   3.45, 4.04, 0.00, 0.00, 0.00, 0.00, 1, 1,  7,  39.7280790, -83.7074655,  1092.0, 2026,  3, 28, 20,  3, 57,       91,      765, 100,  83,   2.1,   1.2,   1.7,  0,  0,  0, 34,  8, 35,  0,  0, 34,  0, 28,  8,  0,  0,  0,  0, 36,  0, 33,  0, 22,  0,  0,  0, 26,  0,  0,  0, 23,  0,  0,  0
6, 11026, 15,KE8EXM,     7.38, 5,   coast,  -13.24,  88800.00, 1099.05,  964.25,  103.87, 20.0, 4.03, 4.02, 4.02,  -2.39,  -2.95,  -0.11, 157.19,   8.07,   1.60,   0.22,  -0.13,   0.14,   3.45, 4.04, 0.00, 0.00, 0.00, 0.00, 1, 1,  7,  39.7280790, -83.7074655,  1092.0, 2026,  3, 28, 20,  3, 57,       91,      765, 100,  83,   2.1,   1.2,   1.7,  0,  0,  0, 34,  8, 35,  0,  0, 34,  0, 28,  8,  0,  0,  0,  0, 36,  0, 33,  0, 22,  0,  0,  0, 26,  0,  0,  0, 23,  0,  0,  0
6, 11026, 15,KE8EXM,     7.39, 5,   coast,  -12.26,  88788.00, 1100.16,  965.36,  103.75, 20.0, 4.03, 4.02, 4.02,  -2.40,  -1.85,  -0.25, 156.33,   8.68,   1.17,   0.21,  -0.13,   0.14,   3.52, 4.04, 0.00, 0.00, 0.00, 0.00, 1, 1,  7,  39.7280790, -83.7074655,  1092.0, 2026,  3, 28, 20,  3, 57,       91,      765, 100,  83,   2.1,   1.2,   1.7,  0,  0,  0, 34,  8, 35,  0,  0, 34,  0, 28,  8,  0,  0,  0,  0, 36,  0, 33,  0, 22,  0,  0,  0, 26,  0,  0,  0, 23,  0,  0,  0
6, 11026, 15,KE8EXM,     7.40, 5,   coast,  -11.28,  88788.00, 1100.16,  965.36,  103.63, 20.0, 4.03, 4.02, 4.02,  -2.53,  -2.40,  -0.26, 157.62,   7.34,   1.48,   0.22,  -0.12,   0.14,   3.57, 4.04, 0.00, 0.00, 0.00, 0.00, 1, 1,  7,  39.7280790, -83.7074655,  1092.0, 2026,  3, 28, 20,  3, 57,       91,      765, 100,  83,   2.1,   1.2,   1.7,  0,  0,  0, 34,  8, 35,  0,  0, 34,  0, 28,  8,  0,  0,  0,  0, 36,  0, 33,  0, 22,  0,  0,  0, 26,  0,  0,  0, 23,  0,  0,  0
6, 11026, 15,KE8EXM,     7.41, 5,   coast,  -10.79,  88767.00, 1102.11,  967.30,  103.51, 20.0, 4.03, 4.02, 4.02,  -2.27,  -2.51,   0.54, 156.27,   8.50,   1.60,   0.22,  -0.12,   0.14,   3.65, 4.04, 0.00, 0.00, 0.00, 0.00, 1, 1,  7,  39.7280790, -83.7074655,  1092.0, 2026,  3, 28, 20,  3, 57,       91,      765, 100,  83,   2.1,   1.2,   1.7,  0,  0,  0, 34,  8, 35,  0,  0, 34,  0, 28,  8,  0,  0,  0,  0, 36,  0, 33,  0, 22,  0,  0,  0, 26,  0,  0,  0, 23,  0,  0,  0
6, 11026, 15,KE8EXM,     7.42, 5,   coast,  -11.77,  88767.00, 1102.11,  967.30,  103.39, 20.0, 4.03, 4.02, 4.02,  -2.53,  -1.95,  -0.73, 156.94,   7.71,   1.42,   0.22,  -0.11,   0.14,   3.71, 4.04, 0.00, 0.00, 0.00, 0.00, 1, 1,  7,  39.7280790, -83.7074655,  1092.0, 2026,  3, 28, 20,  3, 57,       91,      765, 100,  83,   2.1,   1.2,   1.7,  0,  0,  0, 34,  8, 35,  0,  0, 34,  0, 28,  8,  0,  0,  0,  0, 36,  0, 33,  0, 22,  0,  0,  0, 26,  0,  0,  0, 23,  0,  0,  0
6, 11026, 15,KE8EXM,     7.43, 5,   coast,  -11.77,  88741.00, 1104.52,  969.71,  103.27, 20.0, 4.03, 4.02, 4.02,  -2.36,  -2.27,   0.27, 157.01,   7.89,   0.99,   0.22,  -0.11,   0.15,   3.78, 4.04, 0.00, 0.00, 0.00, 0.00, 1, 1,  7,  39.7280790, -83.7074655,  1092.0, 2026,  3, 28, 20,  3, 57,       91,      765, 100,  83,   2.1,   1.2,   1.7,  0,  0,  0, 34,  8, 35,  0,  0, 34,  0, 28,  8,  0,  0,  0,  0, 36,  0, 33,  0, 22,  0,  0,  0, 26,  0,  0,  0, 23,  0,  0,  0
6, 11026, 15,KE8EXM,     7.44, 5,   coast,  -13.24,  88741.00, 1104.52,  969.71,  103.15, 20.0, 4.03, 4.02, 4.02,  -2.60,  -2.54,  -0.42, 156.76,   7.16,   1.54,   0.22,  -0.11,   0.15,   3.85, 4.04, 0.00, 0.00, 0.00, 0.00, 1, 1,  7,  39.7280790, -83.7074655,  1092.0, 2026,  3, 28, 20,  3, 57,       91,      765, 100,  83,   2.1,   1.2,   1.7,  0,  0,  0, 34,  8, 35,  0,  0, 34,  0, 28,  8,  0,  0,  0,  0, 36,  0, 33,  0, 22,  0,  0,  0, 26,  0,  0,  0, 23,  0,  0,  0
6, 11026, 15,KE8EXM,     7.45, 5,   coast,  -11.77,  88716.00, 1106.84,  972.03,  103.03, 20.0, 4.03, 4.02, 4.02,  -2.47,  -2.44,   0.40, 157.07,   7.34,   1.54,   0.22,  -0.10,   0.15,   3.91, 4.04, 0.00, 0.00, 0.00, 0.00, 1, 1,  7,  39.7280790, -83.7074655,  1092.0, 2026,  3, 28, 20,  3, 57,       91,      765, 100,  83,   2.1,   1.2,   1.7,  0,  0,  0, 34,  8, 35,  0,  0, 34,  0, 28,  8,  0,  0,  0,  0, 36,  0, 33,  0, 22,  0,  0,  0, 26,  0,  0,  0, 23,  0,  0,  0
6, 11026, 15,KE8EXM,     7.46, 5,   coast,  -12.26,  88716.00, 1106.84,  972.03,  102.90, 20.0, 4.03, 4.02, 4.02,  -2.32,  -1.92,   0.01, 156.94,   8.32,   1.17,   0.22,  -0.10,   0.15,   3.99, 4.04, 0.00, 0.00, 0.00, 0.00, 1, 1,  7,  39.7280790, -83.7074655,  1092.0, 2026,  3, 28, 20,  3, 57,       91,      765, 100,  83,   2.1,   1.2,   1.7,  0,  0,  0, 34,  8, 35,  0,  0, 34,  0, 28,  8,  0,  0,  0,  0, 36,  0, 33,  0, 22,  0,  0,  0, 26,  0,  0,  0, 23,  0,  0,  0
6, 11026, 15,KE8EXM,     7.47, 5,   coast,  -13.24,  88697.00, 1108.60,  973.79,  102.78, 20.0, 4.03, 4.02, 4.02,  -2.69,  -3.02,  -1.71, 157.37,   7.83,   1.48,   0.22,  -0.09,   0.15,   4.06, 4.04, 0.00, 0.00, 0.00, 0.00, 1, 1,  7,  39.7280790, -83.7074655,  1092.0, 2026,  3, 28, 20,  3, 57,       91,      765, 100,  83,   2.1,   1.2,   1.7,  0,  0,  0, 34,  8, 35,  0,  0, 34,  0, 28,  8,  0,  0,  0,  0, 36,  0, 33,  0, 22,  0,  0,  0, 26,  0,  0,  0, 23,  0,  0,  0
6, 11026, 15,KE8EXM,     7.48, 5,   coast,  -13.24,  88697.00, 1108.60,  973.79,  102.65, 20.0, 4.03, 4.02, 4.02,  -2.28,  -2.89,   0.98, 154.44,   7.95,   1.66,   0.22,  -0.09,   0.15,   4.14, 4.04, 0.00, 0.00, 0.00, 0.00, 1, 1,  7,  39.7280790, -83.7074655,  1092.0, 2026,  3, 28, 20,  3, 57,       91,      765, 100,  83,   2.1,   1.2,   1.7,  0,  0,  0, 34,  8, 35,  0,  0, 34,  0, 28,  8,  0,  0,  0,  0, 36,  0, 33,  0, 22,  0,  0,  0, 26,  0,  0,  0, 23,  0,  0,  0
6, 11026, 15,KE8EXM,     7.49, 5,   coast,  -12.75,  88693.00, 1108.97,  974.16,  102.52, 20.0, 4.03, 4.02, 4.02,  -2.47,  -2.39,  -0.49, 157.80,   7.71,   0.93,   0.22,  -0.09,   0.15,   4.22, 4.04, 0.00, 0.00, 0.00, 0.00, 1, 1,  7,  39.7280790, -83.7074655,  1092.0, 2026,  3, 28, 20,  3, 57,       91,      765, 100,  83,   2.1,   1.2,   1.7,  0,  0,  0, 34,  8, 35,  0,  0, 34,  0, 28,  8,  0,  0,  0,  0, 36,  0, 33,  0, 22,  0,  0,  0, 26,  0,  0,  0, 23,  0,  0,  0
6, 11026, 15,KE8EXM,     7.50, 5,   coast,  -12.26,  88693.00, 1108.97,  974.16,  102.39, 20.0, 4.03, 4.02, 4.02,  -2.53,  -2.89,  -0.43, 155.66,   7.95,   1.17,   0.22,  -0.08,   0.15,   4.29, 4.04, 0.00, 0.00, 0.00, 0.00, 1, 1,  7,  39.7280790, -83.7074655,  1092.0, 2026,  3, 28, 20,  3, 57,       91,      765, 100,  83,   2.1,   1.2,   1.7,  0,  0,  0, 34,  8, 35,  0,  0, 34,  0, 28,  8,  0,  0,  0,  0, 36,  0, 33,  0, 22,  0,  0,  0, 26,  0,  0,  0, 23,  0,  0,  0
6, 11026, 15,KE8EXM,     7.51, 5,   coast,  -13.73,  88661.00, 1111.93,  977.13,  102.27, 20.0, 4.03, 4.02, 4.02,  -2.50,  -2.49,  -0.75, 156.58,   7.52,   1.11,   0.22,  -0.08,   0.15,   4.37, 4.04, 0.00, 0.00, 0.00, 0.00, 1, 1,  7,  39.7280790, -83.7074655,  1092.0, 2026,  3, 28, 20,  3, 57,       91,      765, 100,  83,   2.1,   1.2,   1.7,  0,  0,  0, 34,  8, 35,  0,  0, 34,  0, 28,  8,  0,  0,  0,  0, 36,  0, 33,  0, 22,  0,  0,  0, 26,  0,  0,  0, 23,  0,  0,  0
6, 11026, 15,KE8EXM,     7.52, 5,   coast,  -11.28,  88661.00, 1111.93,  977.13,  102.14, 20.0, 4.03, 4.02, 4.02,  -2.41,  -2.58,   0.09, 155.24,   8.62,   0.81,   0.22,  -0.07,   0.15,   4.45, 4.04, 0.00, 0.00, 0.00, 0.00, 1, 1,  7,  39.7280790, -83.7074655,  1092.0, 2026,  3, 28, 20,  3, 57,       91,      765, 100,  83,   2.1,   1.2,   1.7,  0,  0,  0, 34,  8, 35,  0,  0, 34,  0, 28,  8,  0,  0,  0,  0, 36,  0, 33,  0, 22,  0,  0,  0, 26,  0,  0,  0, 23,  0,  0,  0
6, 11026, 15,KE8EXM,     7.53, 5,   coast,  -12.75,  88632.00, 1114.62,  979.82,  102.02, 20.0, 4.03, 4.02, 4.02,  -2.43,  -2.59,  -0.05, 156.82,   7.89,   0.74,   0.22,  -0.07,   0.14,   4.53, 4.04, 0.00, 0.00, 0.00, 0.00, 1, 1,  7,  39.7280790, -83.7074655,  1092.0, 2026,  3, 28, 20,  3, 57,       91,      765, 100,  83,   2.1,   1.2,   1.7,  0,  0,  0, 34,  8, 35,  0,  0, 34,  0, 28,  8,  0,  0,  0,  0, 36,  0, 33,  0, 22,  0,  0,  0, 26,  0,  0,  0, 23,  0,  0,  0
6, 11026, 15,KE8EXM,     7.54, 5,   coast,  -13.24,  88632.00, 1114.62,  979.82,  101.89, 20.0, 4.03, 4.02, 4.02,  -2.37,  -2.85,   0.10, 155.54,   8.50,   0.93,   0.22,  -0.06,   0.15,   4.62, 4.04, 0.00, 0.00, 0.00, 0.00, 1, 1,  7,  39.7280790, -83.7074655,  1092.0, 2026,  3, 28, 20,  3, 57,       91,      765, 100,  83,   2.1,   1.2,   1.7,  0,  0,  0, 34,  8, 35,  0,  0, 34,  0, 28,  8,  0,  0,  0,  0, 36,  0, 33,  0, 22,  0,  0,  0, 26,  0,  0,  0, 23,  0,  0,  0
6, 11026, 15,KE8EXM,     7.55, 5,   coast,  -11.28,  88613.00, 1116.39,  981.58,  101.77, 20.0, 4.03, 4.02, 4.02,  -2.44,  -2.45,   0.09, 156.58,   7.34,   0.87,   0.22,  -0.06,   0.14,   4.69, 4.04, 0.00, 0.00, 0.00, 0.00, 1, 1,  7,  39.7280790, -83.7074655,  1092.0, 2026,  3, 28, 20,  3, 57,       91,      765, 100,  83,   2.1,   1.2,   1.7,  0,  0,  0, 34,  8, 35,  0,  0, 34,  0, 28,  8,  0,  0,  0,  0, 36,  0, 33,  0, 22,  0,  0,  0, 26,  0,  0,  0, 23,  0,  0,  0
6, 11026, 15,KE8EXM,     7.56, 5,   coast,  -12.26,  88613.00, 1116.39,  981.58,  101.65, 20.0, 4.03, 4.02, 4.02,  -2.46,  -2.85,   0.02, 156.03,   8.68,   0.81,   0.22,  -0.05,   0.14,   4.78, 4.04, 0.00, 0.00, 0.00, 0.00, 1, 1,  7,  39.7280790, -83.7074655,  1092.0, 2026,  3, 28, 20,  3, 57,       91,      765, 100,  83,   2.1,   1.2,   1.7,  0,  0,  0, 34,  8, 35,  0,  0, 34,  0, 28,  8,  0,  0,  0,  0, 36,  0, 33,  0, 22,  0,  0,  0, 26,  0,  0,  0, 23,  0,  0,  0
6, 11026, 15,KE8EXM,     7.57, 5,   coast,  -11.28,  88579.00, 1119.54,  984.74,  101.52, 20.0, 4.03, 4.02, 4.02,  -2.45,  -2.82,   0.24, 156.88,   7.46,   0.81,   0.22,  -0.05,   0.14,   4.85, 4.04, 0.00, 0.00, 0.00, 0.00, 1, 1,  7,  39.7280790, -83.7074655,  1092.0, 2026,  3, 28, 20,  3, 57,       91,      765, 100,  83,   2.1,   1.2,   1.7,  0,  0,  0, 34,  8, 35,  0,  0, 34,  0, 28,  8,  0,  0,  0,  0, 36,  0, 33,  0, 22,  0,  0,  0, 26,  0,  0,  0, 23,  0,  0,  0
6, 11026, 15,KE8EXM,     7.58, 5,   coast,  -13.24,  88579.00, 1119.54,  984.74,  101.40, 20.0, 4.03, 4.02, 4.02,  -2.39,  -2.67,   0.46, 156.52,   8.07,   0.62,   0.22,  -0.04,   0.14,   4.93, 4.04, 0.00, 0.00, 0.00, 0.00, 1, 1,  7,  39.7280790, -83.7074655,  1092.0, 2026,  3, 28, 20,  3, 57,       91,      765, 100,  83,   2.1,   1.2,   1.7,  0,  0,  0, 34,  8, 35,  0,  0, 34,  0, 28,  8,  0,  0,  0,  0, 36,  0, 33,  0, 22,  0,  0,  0, 26,  0,  0,  0, 23,  0,  0,  0
6, 11026, 15,KE8EXM,     7.59, 5,   coast,  -13.73,  88563.00, 1121.03,  986.22,  101.27, 20.0, 4.03, 4.02, 4.02,  -2.56,  -3.54,   0.14, 157.55,   6.61,   0.32,   0.22,  -0.04,   0.14,   5.00, 4.04, 0.00, 0.00, 0.00, 0.00, 1, 1,  7,  39.7280790, -83.7074655,  1092.0, 2026,  3, 28, 20,  3, 57,       91,      765, 100,  83,   2.1,   1.2,   1.7,  0,  0,  0, 34,  8, 35,  0,  0, 34,  0, 28,  8,  0,  0,  0,  0, 36,  0, 33,  0, 22,  0,  0,  0, 26,  0,  0,  0, 23,  0,  0,  0
6, 11026, 15,KE8EXM,     7.60, 5,   coast,  -13.73,  88563.00, 1121.03,  986.22,  101.14, 20.0, 4.03, 4.02, 4.02,  -2.36,  -3.44,   0.37, 155.78,   8.13,   0.07,   0.22,  -0.04,   0.14,   5.08, 4.04, 0.00, 0.00, 0.00, 0.00, 1, 1,  7,  39.7280790, -83.7074655,  1092.0, 2026,  3, 28, 20,  3, 57,       91,      765, 100,  83,   2.1,   1.2,   1.7,  0,  0,  0, 34,  8, 35,  0,  0, 34,  0, 28,  8,  0,  0,  0,  0, 36,  0, 33,  0, 22,  0,  0,  0, 26,  0,  0,  0, 23,  0,  0,  0
6, 11026, 15,KE8EXM,     7.61, 5,   coast,  -13.24,  88535.00, 1123.63,  988.82,  101.01, 20.0, 4.03, 4.02, 4.02,  -2.58,  -3.62,  -0.27, 159.20,   6.85,  -0.05,   0.22,  -0.03,   0.14,   5.15, 4.04, 0.00, 0.00, 0.00, 0.00, 1, 1,  7,  39.7280790, -83.7074655,  1092.0, 2026,  3, 28, 20,  3, 57,       91,      765, 100,  83,   2.1,   1.2,   1.7,  0,  0,  0, 34,  8, 35,  0,  0, 34,  0, 28,  8,  0,  0,  0,  0, 36,  0, 33,  0, 22,  0,  0,  0, 26,  0,  0,  0, 23,  0,  0,  0
6, 11026, 15,KE8EXM,     7.62, 5,   coast,  -12.75,  88535.00, 1123.63,  988.82,  100.88, 20.0, 4.03, 4.02, 4.02,  -2.44,  -2.82,   0.34, 157.62,   7.83,  -0.48,   0.22,  -0.03,   0.14,   5.22, 4.04, 0.00, 0.00, 0.00, 0.00, 1, 1,  7,  39.7280790, -83.7074655,  1092.0, 2026,  3, 28, 20,  3, 57,       91,      765, 100,  83,   2.1,   1.2,   1.7,  0,  0,  0, 34,  8, 35,  0,  0, 34,  0, 28,  8,  0,  0,  0,  0, 36,  0, 33,  0, 22,  0,  0,  0, 26,  0,  0,  0, 23,  0,  0,  0
6, 11026, 15,KE8EXM,     7.63, 5,   coast,  -14.22,  88529.00, 1124.18,  989.38,  100.75, 20.0, 4.03, 4.02, 4.02,  -2.45,  -2.49,   0.52, 157.98,   6.79,  -0.78,   0.22,  -0.02,   0.14,   5.29, 4.04, 0.00, 0.00, 0.00, 0.00, 1, 1,  7,  39.7280790, -83.7074655,  1092.0, 2026,  3, 28, 20,  3, 57,       91,      765, 100,  83,   2.1,   1.2,   1.7,  0,  0,  0, 34,  8, 35,  0,  0, 34,  0, 28,  8,  0,  0,  0,  0, 36,  0, 33,  0, 22,  0,  0,  0, 26,  0,  0,  0, 23,  0,  0,  0
6, 11026, 15,KE8EXM,     7.64, 5,   coast,  -10.30,  88529.00, 1124.18,  989.38,  100.62, 20.0, 4.03, 4.02, 4.02,  -2.52,  -3.09,  -0.24, 158.17,   7.71,  -1.21,   0.22,  -0.02,   0.13,   5.36, 4.04, 0.00, 0.00, 0.00, 0.00, 1, 1,  7,  39.7280790, -83.7074655,  1092.0, 2026,  3, 28, 20,  3, 57,       91,      765, 100,  83,   2.1,   1.2,   1.7,  0,  0,  0, 34,  8, 35,  0,  0, 34,  0, 28,  8,  0,  0,  0,  0, 36,  0, 33,  0, 22,  0,  0,  0, 26,  0,  0,  0, 23,  0,  0,  0
6, 11026, 15,KE8EXM,     7.65, 5,   coast,  -12.26,  88487.00, 1128.09,  993.28,  100.50, 20.0, 4.03, 4.02, 4.02,  -2.56,  -3.61,  -0.23, 158.10,   6.91,  -1.15,   0.22,  -0.01,   0.13,   5.42, 4.04, 0.00, 0.00, 0.00, 0.00, 1, 1,  7,  39.7280790, -83.7074655,  1092.0, 2026,  3, 28, 20,  3, 57,       91,      765, 100,  83,   2.1,   1.2,   1.7,  0,  0,  0, 34,  8, 35,  0,  0, 34,  0, 28,  8,  0,  0,  0,  0, 36,  0, 33,  0, 22,  0,  0,  0, 26,  0,  0,  0, 23,  0,  0,  0
6, 11026, 15,KE8EXM,     7.66, 5,   coast,  -11.77,  88487.00, 1128.09,  993.28,  100.37, 20.0, 4.03, 4.02, 4.02,  -2.36,  -2.35,   0.09, 156.94,   7.52,  -1.57,   0.22,  -0.01,   0.13,   5.49, 4.04, 0.00, 0.00, 0.00, 0.00, 1, 1,  7,  39.7280790, -83.7074655,  1092.0, 2026,  3, 28, 20,  3, 57,       91,      765, 100,  83,   2.1,   1.2,   1.7,  0,  0,  0, 34,  8, 35,  0,  0, 34,  0, 28,  8,  0,  0,  0,  0, 36,  0, 33,  0, 22,  0,  0,  0, 26,  0,  0,  0, 23,  0,  0,  0
6, 11026, 15,KE8EXM,     7.67, 5,   coast,  -13.24,  88477.00, 1129.01,  994.21,  100.25, 20.0, 4.03, 4.02, 4.02,  -2.46,  -2.70,   0.15, 157.01,   7.04,  -1.70,   0.23,  -0.00,   0.13,   5.55, 4.04, 0.00, 0.00, 0.00, 0.00, 1, 1,  7,  39.7280790, -83.7074655,  1092.0, 2026,  3, 28, 20,  3, 57,       91,      765, 100,  83,   2.1,   1.2,   1.7,  0,  0,  0, 34,  8, 35,  0,  0, 34,  0, 28,  8,  0,  0,  0,  0, 36,  0, 33,  0, 22,  0,  0,  0, 26,  0,  0,  0, 23,  0,  0,  0
6, 11026, 15,KE8EXM,     7.68, 5,   coast,  -14.22,  88477.00, 1129.01,  994.21,  100.12, 20.0, 4.03, 4.02, 4.02,  -2.41,  -3.21,  -0.16, 157.80,   7.34,  -1.82,   0.23,   0.00,   0.13,   5.61, 4.04, 0.00, 0.00, 0.00, 0.00, 1, 1,  7,  39.7280790, -83.7074655,  1092.0, 2026,  3, 28, 20,  3, 57,       91,      765, 100,  83,   2.1,   1.2,   1.7,  0,  0,  0, 34,  8, 35,  0,  0, 34,  0, 28,  8,  0,  0,  0,  0, 36,  0, 33,  0, 22,  0,  0,  0, 26,  0,  0,  0, 23,  0,  0,  0
6, 11026, 15,KE8EXM,     7.69, 5,   coast,  -13.24,  88462.00, 1130.41,  995.60,   99.99, 20.0, 4.03, 4.02, 4.02,  -2.44,  -2.82,  -0.27, 157.43,   7.52,  -1.76,   0.23,   0.01,   0.12,   5.67, 4.04, 0.00, 0.00, 0.00, 0.00, 1, 1,  7,  39.7280790, -83.7074655,  1092.0, 2026,  3, 28, 20,  3, 57,       91,      765, 100,  83,   2.1,   1.2,   1.7,  0,  0,  0, 34,  8, 35,  0,  0, 34,  0, 28,  8,  0,  0,  0,  0, 36,  0, 33,  0, 22,  0,  0,  0, 26,  0,  0,  0, 23,  0,  0,  0
6, 11026, 15,KE8EXM,     7.70, 5,   coast,  -13.24,  88462.00, 1130.41,  995.60,   99.86, 20.0, 4.00, 3.97, 4.00,  -2.48,  -2.40,  -0.47, 157.07,   7.34,  -2.18,   0.23,   0.01,   0.12,   5.73, 4.00, 0.00, 0.00, 0.00, 0.00, 1, 1,  7,  39.7280790, -83.7074655,  1092.0, 2026,  3, 28, 20,  3, 57,       91,      765, 100,  83,   2.1,   1.2,   1.7,  0,  0,  0, 34,  8, 35,  0,  0, 34,  0, 28,  8,  0,  0,  0,  0, 36,  0, 33,  0, 22,  0,  0,  0, 26,  0,  0,  0, 23,  0,  0,  0
6, 11026, 15,KE8EXM,     7.70, 5,   coast,  -13.24,  88462.00, 1130.41,  995.60,   99.86, 20.0, 4.00, 3.97, 4.00,  -2.48,  -2.40,  -0.47, 157.07,   7.34,  -2.18,   0.23,   0.01,   0.12,   5.73, 4.00, 0.00, 0.00, 0.00, 0.00, 1, 1,  7,  39.7280790, -83.7074655,  1092.0, 2026,  3, 28, 20,  3, 57,       91,      765, 100,  83,   2.1,   1.2,   1.7,  0,  0,  0, 34,  8, 35,  0,  0, 34,  0, 28,  8,  0,  0,  0,  0, 36,  0, 33,  0, 22,  0,  0,  0, 26,  0,  0,  0, 23,  0,  0,  0
6, 11026, 15,KE8EXM,     7.71, 5,   coast,  -10.30,  88427.00, 1133.66,  998.85,   99.74, 20.0, 4.00, 3.97, 4.00,  -2.42,  -2.78,   0.40, 156.33,   7.59,  -2.49,   0.23,   0.01,   0.12,   5.79, 4.00, 0.00, 0.00, 0.00, 0.00, 1, 1,  7,  39.7280790, -83.7074655,  1092.0, 2026,  3, 28, 20,  3, 57,       91,      765, 100,  83,   2.1,   1.2,   1.7,  0,  0,  0, 34,  8, 35,  0,  0, 34,  0, 28,  8,  0,  0,  0,  0, 36,  0, 33,  0, 22,  0,  0,  0, 26,  0,  0,  0, 23,  0,  0,  0
6, 11026, 15,KE8EXM,     7.72, 5,   coast,  -11.77,  88427.00, 1133.66,  998.85,   99.62, 20.0, 4.00, 3.97, 4.00,  -2.33,  -2.97,  -0.18, 157.37,   8.07,  -2.12,   0.23,   0.02,   0.12,   5.86, 4.00, 0.00, 0.00, 0.00, 0.00, 1, 1,  7,  39.7280790, -83.7074655,  1092.0, 2026,  3, 28, 20,  3, 57,       91,      765, 100,  83,   2.1,   1.2,   1.7,  0,  0,  0, 34,  8, 35,  0,  0, 34,  0, 28,  8,  0,  0,  0,  0, 36,  0, 33,  0, 22,  0,  0,  0, 26,  0,  0,  0, 23,  0,  0,  0
6, 11026, 15,KE8EXM,     7.73, 5,   coast,  -12.26,  88407.00, 1135.52, 1000.71,   99.50, 20.0, 4.00, 3.97, 4.00,  -2.42,  -2.08,  -0.91, 158.04,   7.83,  -2.37,   0.22,   0.02,   0.11,   5.92, 4.00, 0.00, 0.00, 0.00, 0.00, 1, 1,  7,  39.7280790, -83.7074655,  1092.0, 2026,  3, 28, 20,  3, 57,       91,      765, 100,  83,   2.1,   1.2,   1.7,  0,  0,  0, 34,  8, 35,  0,  0, 34,  0, 28,  8,  0,  0,  0,  0, 36,  0, 33,  0, 22,  0,  0,  0, 26,  0,  0,  0, 23,  0,  0,  0
6, 11026, 15,KE8EXM,     7.74, 5,   coast,  -11.77,  88407.00, 1135.52, 1000.71,   99.38, 20.0, 4.00, 3.97, 4.00,  -2.28,  -2.36,   0.32, 156.09,   8.01,  -2.55,   0.22,   0.02,   0.11,   5.98, 4.00, 0.00, 0.00, 0.00, 0.00, 1, 1,  7,  39.7280790, -83.7074655,  1092.0, 2026,  3, 28, 20,  3, 57,       91,      765, 100,  83,   2.1,   1.2,   1.7,  0,  0,  0, 34,  8, 35,  0,  0, 34,  0, 28,  8,  0,  0,  0,  0, 36,  0, 33,  0, 22,  0,  0,  0, 26,  0,  0,  0, 23,  0,  0,  0
6, 11026, 15,KE8EXM,     7.75, 5,   coast,  -12.26,  88392.00, 1136.91, 1002.11,   99.26, 20.0, 4.00, 3.97, 4.00,  -2.41,  -1.88,  -0.75, 156.46,   7.83,  -2.37,   0.23,   0.03,   0.11,   6.03, 4.00, 0.00, 0.00, 0.00, 0.00, 1, 1,  7,  39.7280790, -83.7074655,  1092.0, 2026,  3, 28, 20,  3, 57,       91,      765, 100,  83,   2.1,   1.2,   1.7,  0,  0,  0, 34,  8, 35,  0,  0, 34,  0, 28,  8,  0,  0,  0,  0, 36,  0, 33,  0, 22,  0,  0,  0, 26,  0,  0,  0, 23,  0,  0,  0
6, 11026, 15,KE8EXM,     7.76, 5,   coast,  -12.26,  88392.00, 1136.91, 1002.11,   99.13, 20.0, 4.00, 3.97, 4.00,  -2.16,  -2.25,   0.60, 156.21,   8.93,  -2.18,   0.23,   0.03,   0.10,   6.10, 4.00, 0.00, 0.00, 0.00, 0.00, 1, 1,  7,  39.7280790, -83.7074655,  1092.0, 2026,  3, 28, 20,  3, 57,       91,      765, 100,  83,   2.1,   1.2,   1.7,  0,  0,  0, 34,  8, 35,  0,  0, 34,  0, 28,  8,  0,  0,  0,  0, 36,  0, 33,  0, 22,  0,  0,  0, 26,  0,  0,  0, 23,  0,  0,  0
6, 11026, 15,KE8EXM,     7.77, 5,   coast,  -13.73,  88371.00, 1138.87, 1004.06,   99.01, 20.0, 4.00, 3.97, 4.00,  -2.21,  -2.18,  -0.67, 156.46,   9.29,  -2.12,   0.23,   0.04,   0.10,   6.17, 4.00, 0.00, 0.00, 0.00, 0.00, 1, 1,  7,  39.7280790, -83.7074655,  1092.0, 2026,  3, 28, 20,  3, 57,       91,      765, 100,  83,   2.1,   1.2,   1.7,  0,  0,  0, 34,  8, 35,  0,  0, 34,  0, 28,  8,  0,  0,  0,  0, 36,  0, 33,  0, 22,  0,  0,  0, 26,  0,  0,  0, 23,  0,  0,  0
6, 11026, 15,KE8EXM,     7.78, 5,   coast,  -13.73,  88371.00, 1138.87, 1004.06,   98.88, 20.0, 4.00, 3.97, 4.00,  -2.24,  -1.88,  -0.13, 154.75,   9.42,  -2.00,   0.23,   0.04,   0.10,   6.24, 4.00, 0.00, 0.00, 0.00, 0.00, 1, 1,  7,  39.7280790, -83.7074655,  1092.0, 2026,  3, 28, 20,  3, 57,       91,      765, 100,  83,   2.1,   1.2,   1.7,  0,  0,  0, 34,  8, 35,  0,  0, 34,  0, 28,  8,  0,  0,  0,  0, 36,  0, 33,  0, 22,  0,  0,  0, 26,  0,  0,  0, 23,  0,  0,  0
6, 11026, 15,KE8EXM,     7.79, 5,   coast,  -12.26,  88362.00, 1139.70, 1004.90,   98.75, 20.0, 4.00, 3.97, 4.00,  -2.31,  -1.96,   0.14, 155.24,   8.62,  -1.94,   0.23,   0.04,   0.09,   6.30, 4.00, 0.00, 0.00, 0.00, 0.00, 1, 1,  7,  39.7280790, -83.7074655,  1092.0, 2026,  3, 28, 20,  3, 57,       91,      765, 100,  83,   2.1,   1.2,   1.7,  0,  0,  0, 34,  8, 35,  0,  0, 34,  0, 28,  8,  0,  0,  0,  0, 36,  0, 33,  0, 22,  0,  0,  0, 26,  0,  0,  0, 23,  0,  0,  0
6, 11026, 15,KE8EXM,     7.80, 5,   coast,  -13.24,  88362.00, 1139.70, 1004.90,   98.62, 20.0, 4.00, 3.97, 4.00,  -2.33,  -2.04,   0.18, 154.81,   9.17,  -1.57,   0.23,   0.05,   0.09,   6.37, 4.00, 0.00, 0.00, 0.00, 0.00, 1, 1,  7,  39.7280790, -83.7074655,  1092.0, 2026,  3, 28, 20,  3, 57,       91,      765, 100,  83,   2.1,   1.2,   1.7,  0,  0,  0, 34,  8, 35,  0,  0, 34,  0, 28,  8,  0,  0,  0,  0, 36,  0, 33,  0, 22,  0,  0,  0, 26,  0,  0,  0, 23,  0,  0,  0
6, 11026, 15,KE8EXM,     7.81, 5,   coast,  -11.77,  88329.00, 1142.77, 1007.97,   98.50, 20.0, 4.00, 3.97, 4.00,  -2.18,  -1.81,   0.10, 154.99,   8.99,  -1.82,   0.22,   0.05,   0.09,   6.44, 4.00, 0.00, 0.00, 0.00, 0.00, 1, 1,  7,  39.7280790, -83.7074655,  1092.0, 2026,  3, 28, 20,  3, 57,       91,      765, 100,  83,   2.1,   1.2,   1.7,  0,  0,  0, 34,  8, 35,  0,  0, 34,  0, 28,  8,  0,  0,  0,  0, 36,  0, 33,  0, 22,  0,  0,  0, 26,  0,  0,  0, 23,  0,  0,  0
6, 11026, 15,KE8EXM,     7.82, 5,   coast,  -12.75,  88329.00, 1142.77, 1007.97,   98.38, 20.0, 4.00, 3.97, 4.00,  -2.19,  -1.96,  -0.08, 154.56,   8.81,  -1.94,   0.22,   0.05,   0.09,   6.50, 4.00, 0.00, 0.00, 0.00, 0.00, 1, 1,  7,  39.7280790, -83.7074655,  1092.0, 2026,  3, 28, 20,  3, 57,       91,      765, 100,  83,   2.1,   1.2,   1.7,  0,  0,  0, 34,  8, 35,  0,  0, 34,  0, 28,  8,  0,  0,  0,  0, 36,  0, 33,  0, 22,  0,  0,  0, 26,  0,  0,  0, 23,  0,  0,  0
6, 11026, 15,KE8EXM,     7.83, 5,   coast,  -10.79,  88314.00, 1144.17, 1009.36,   98.26, 20.0, 4.00, 3.97, 4.00,  -2.16,  -2.08,   0.14, 154.75,   8.68,  -1.45,   0.23,   0.05,   0.08,   6.56, 4.00, 0.00, 0.00, 0.00, 0.00, 1, 1,  7,  39.7280790, -83.7074655,  1092.0, 2026,  3, 28, 20,  3, 57,       91,      765, 100,  83,   2.1,   1.2,   1.7,  0,  0,  0, 34,  8, 35,  0,  0, 34,  0, 28,  8,  0,  0,  0,  0, 36,  0, 33,  0, 22,  0,  0,  0, 26,  0,  0,  0, 23,  0,  0,  0
6, 11026, 15,KE8EXM,     7.84, 5,   coast,  -11.28,  88314.00, 1144.17, 1009.36,   98.14, 20.0, 4.00, 3.97, 4.00,  -2.13,  -1.53,   0.16, 154.08,   9.11,  -1.45,   0.23,   0.06,   0.08,   6.63, 4.00, 0.00, 0.00, 0.00, 0.00, 1, 1,  7,  39.7280790, -83.7074655,  1092.0, 2026,  3, 28, 20,  3, 57,       91,      765, 100,  83,   2.1,   1.2,   1.7,  0,  0,  0, 34,  8, 35,  0,  0, 34,  0, 28,  8,  0,  0,  0,  0, 36,  0, 33,  0, 22,  0,  0,  0, 26,  0,  0,  0, 23,  0,  0,  0
6, 11026, 15,KE8EXM,     7.85, 5,   coast,  -11.77,  88291.00, 1146.31, 1011.50,   98.03, 20.0, 4.00, 3.97, 4.00,  -2.14,  -1.39,  -0.02, 154.26,   8.87,  -1.21,   0.23,   0.06,   0.07,   6.69, 4.00, 0.00, 0.00, 0.00, 0.00, 1, 1,  7,  39.7280790, -83.7074655,  1092.0, 2026,  3, 28, 20,  3, 57,       91,      765, 100,  83,   2.1,   1.2,   1.7,  0,  0,  0, 34,  8, 35,  0,  0, 34,  0, 28,  8,  0,  0,  0,  0, 36,  0, 33,  0, 22,  0,  0,  0, 26,  0,  0,  0, 23,  0,  0,  0
6, 11026, 15,KE8EXM,     7.86, 5,   coast,  -11.28,  88291.00, 1146.31, 1011.50,   97.91, 20.0, 4.00, 3.97, 4.00,  -2.21,  -1.57,  -0.14, 153.16,   8.81,  -0.84,   0.23,   0.06,   0.07,   6.75, 4.00, 0.00, 0.00, 0.00, 0.00, 1, 1,  7,  39.7280790, -83.7074655,  1092.0, 2026,  3, 28, 20,  3, 57,       91,      765, 100,  83,   2.1,   1.2,   1.7,  0,  0,  0, 34,  8, 35,  0,  0, 34,  0, 28,  8,  0,  0,  0,  0, 36,  0, 33,  0, 22,  0,  0,  0, 26,  0,  0,  0, 23,  0,  0,  0
6, 11026, 15,KE8EXM,     7.87, 5,   coast,  -10.79,  88274.00, 1147.89, 1013.09,   97.79, 20.0, 4.00, 3.97, 4.00,  -2.16,  -1.69,   0.47, 153.22,   8.99,  -0.96,   0.23,   0.06,   0.07,   6.81, 4.00, 0.00, 0.00, 0.00, 0.00, 1, 1,  7,  39.7280790, -83.7074655,  1092.0, 2026,  3, 28, 20,  3, 57,       91,      765, 100,  83,   2.1,   1.2,   1.7,  0,  0,  0, 34,  8, 35,  0,  0, 34,  0, 28,  8,  0,  0,  0,  0, 36,  0, 33,  0, 22,  0,  0,  0, 26,  0,  0,  0, 23,  0,  0,  0
6, 11026, 15,KE8EXM,     7.88, 5,   coast,  -12.75,  88274.00, 1147.89, 1013.09,   97.67, 20.0, 4.00, 3.97, 4.00,  -2.30,  -1.72,  -0.77, 153.83,   8.68,  -0.66,   0.23,   0.07,   0.06,   6.88, 4.00, 0.00, 0.00, 0.00, 0.00, 1, 1,  7,  39.7280790, -83.7074655,  1092.0, 2026,  3, 28, 20,  3, 57,       91,      765, 100,  83,   2.1,   1.2,   1.7,  0,  0,  0, 34,  8, 35,  0,  0, 34,  0, 28,  8,  0,  0,  0,  0, 36,  0, 33,  0, 22,  0,  0,  0, 26,  0,  0,  0, 23,  0,  0,  0
6, 11026, 15,KE8EXM,     7.89, 5,   coast,  -12.75,  88260.00, 1149.19, 1014.39,   97.55, 20.0, 4.00, 3.97, 4.00,  -2.10,  -1.14,   0.32, 152.67,   9.11,  -0.66,   0.22,   0.07,   0.06,   6.94, 4.00, 0.00, 0.00, 0.00, 0.00, 1, 1,  7,  39.7280790, -83.7074655,  1092.0, 2026,  3, 28, 20,  3, 57,       91,      765, 100,  83,   2.1,   1.2,   1.7,  0,  0,  0, 34,  8, 35,  0,  0, 34,  0, 28,  8,  0,  0,  0,  0, 36,  0, 33,  0, 22,  0,  0,  0, 26,  0,  0,  0, 23,  0,  0,  0
6, 11026, 15,KE8EXM,     7.90, 5,   coast,  -14.71,  88260.00, 1149.19, 1014.39,   97.42, 20.0, 4.00, 3.97, 4.00,  -2.26,  -1.20,  -0.33, 151.45,   8.74,  -0.35,   0.22,   0.07,   0.06,   7.00, 4.00, 0.00, 0.00, 0.00, 0.00, 1, 1,  7,  39.7280790, -83.7074655,  1092.0, 2026,  3, 28, 20,  3, 57,       91,      765, 100,  83,   2.1,   1.2,   1.7,  0,  0,  0, 34,  8, 35,  0,  0, 34,  0, 28,  8,  0,  0,  0,  0, 36,  0, 33,  0, 22,  0,  0,  0, 26,  0,  0,  0, 23,  0,  0,  0
6, 11026, 15,KE8EXM,     7.91, 5,   coast,  -12.26,  88233.00, 1151.71, 1016.90,   97.30, 20.0, 4.00, 3.97, 4.00,  -2.26,  -1.29,   1.25, 152.00,   8.20,  -0.05,   0.23,   0.07,   0.05,   7.06, 4.00, 0.00, 0.00, 0.00, 0.00, 1, 1,  7,  39.7280790, -83.7074655,  1092.0, 2026,  3, 28, 20,  3, 57,       91,      765, 100,  83,   2.1,   1.2,   1.7,  0,  0,  0, 34,  8, 35,  0,  0, 34,  0, 28,  8,  0,  0,  0,  0, 36,  0, 33,  0, 22,  0,  0,  0, 26,  0,  0,  0, 23,  0,  0,  0
6, 11026, 15,KE8EXM,     7.92, 5,   coast,  -11.77,  88233.00, 1151.71, 1016.90,   97.17, 20.0, 4.00, 3.97, 4.00,  -2.23,  -1.17,   0.38, 150.66,   8.38,   0.32,   0.23,   0.07,   0.05,   7.12, 4.00, 0.00, 0.00, 0.00, 0.00, 1, 1,  7,  39.7280790, -83.7074655,  1092.0, 2026,  3, 28, 20,  3, 57,       91,      765, 100,  83,   2.1,   1.2,   1.7,  0,  0,  0, 34,  8, 35,  0,  0, 34,  0, 28,  8,  0,  0,  0,  0, 36,  0, 33,  0, 22,  0,  0,  0, 26,  0,  0,  0, 23,  0,  0,  0
6, 11026, 15,KE8EXM,     7.93, 5,   coast,  -11.77,  88205.00, 1154.32, 1019.51,   97.04, 20.0, 4.00, 3.97, 4.00,  -2.23,  -1.32,   0.72, 150.90,   7.65,   0.56,   0.23,   0.07,   0.05,   7.18, 4.00, 0.00, 0.00, 0.00, 0.00, 1, 1,  7,  39.7280790, -83.7074655,  1092.0, 2026,  3, 28, 20,  3, 57,       91,      765, 100,  83,   2.1,   1.2,   1.7,  0,  0,  0, 34,  8, 35,  0,  0, 34,  0, 28,  8,  0,  0,  0,  0, 36,  0, 33,  0, 22,  0,  0,  0, 26,  0,  0,  0, 23,  0,  0,  0
6, 11026, 15,KE8EXM,     7.94, 5,   coast,  -13.73,  88205.00, 1154.32, 1019.51,   96.92, 20.0, 4.00, 3.97, 4.00,  -2.11,  -1.31,   0.77, 151.39,   7.46,   0.99,   0.23,   0.08,   0.04,   7.24, 4.00, 0.00, 0.00, 0.00, 0.00, 1, 1,  7,  39.7280790, -83.7074655,  1092.0, 2026,  3, 28, 20,  3, 57,       91,      765, 100,  83,   2.1,   1.2,   1.7,  0,  0,  0, 34,  8, 35,  0,  0, 34,  0, 28,  8,  0,  0,  0,  0, 36,  0, 33,  0, 22,  0,  0,  0, 26,  0,  0,  0, 23,  0,  0,  0
6, 11026, 15,KE8EXM,     7.95, 5,   coast,  -11.77,  88193.00, 1155.43, 1020.63,   96.80, 20.0, 4.00, 3.97, 4.00,  -2.18,  -1.11,   0.45, 150.72,   7.59,   1.17,   0.23,   0.08,   0.03,   7.30, 4.00, 0.00, 0.00, 0.00, 0.00, 1, 1,  7,  39.7280790, -83.7074655,  1092.0, 2026,  3, 28, 20,  3, 57,       91,      765, 100,  83,   2.1,   1.2,   1.7,  0,  0,  0, 34,  8, 35,  0,  0, 34,  0, 28,  8,  0,  0,  0,  0, 36,  0, 33,  0, 22,  0,  0,  0, 26,  0,  0,  0, 23,  0,  0,  0
6, 11026, 15,KE8EXM,     7.96, 5,   coast,  -10.79,  88193.00, 1155.43, 1020.63,   96.68, 20.0, 4.00, 3.97, 4.00,  -2.13,  -1.19,   0.98, 149.99,   7.52,   1.17,   0.23,   0.08,   0.03,   7.35, 4.00, 0.00, 0.00, 0.00, 0.00, 1, 1,  7,  39.7280790, -83.7074655,  1092.0, 2026,  3, 28, 20,  3, 57,       91,      765, 100,  83,   2.1,   1.2,   1.7,  0,  0,  0, 34,  8, 35,  0,  0, 34,  0, 28,  8,  0,  0,  0,  0, 36,  0, 33,  0, 22,  0,  0,  0, 26,  0,  0,  0, 23,  0,  0,  0
6, 11026, 15,KE8EXM,     7.97, 5,   coast,  -12.26,  88155.00, 1158.97, 1024.17,   96.57, 20.0, 4.00, 3.97, 4.00,  -2.16,  -1.13,   0.66, 150.11,   6.73,   1.60,   0.23,   0.08,   0.03,   7.41, 4.00, 0.00, 0.00, 0.00, 0.00, 1, 1,  7,  39.7280790, -83.7074655,  1092.0, 2026,  3, 28, 20,  3, 57,       91,      765, 100,  83,   2.1,   1.2,   1.7,  0,  0,  0, 34,  8, 35,  0,  0, 34,  0, 28,  8,  0,  0,  0,  0, 36,  0, 33,  0, 22,  0,  0,  0, 26,  0,  0,  0, 23,  0,  0,  0
6, 11026, 15,KE8EXM,     7.98, 5,   coast,  -11.28,  88155.00, 1158.97, 1024.17,   96.45, 20.0, 4.00, 3.97, 4.00,  -2.11,  -1.49,   1.06, 149.74,   7.16,   1.66,   0.23,   0.08,   0.02,   7.47, 4.00, 0.00, 0.00, 0.00, 0.00, 1, 1,  7,  39.7280790, -83.7074655,  1092.0, 2026,  3, 28, 20,  3, 57,       91,      765, 100,  83,   2.1,   1.2,   1.7,  0,  0,  0, 34,  8, 35,  0,  0, 34,  0, 28,  8,  0,  0,  0,  0, 36,  0, 33,  0, 22,  0,  0,  0, 26,  0,  0,  0, 23,  0,  0,  0
6, 11026, 15,KE8EXM,     7.99, 5,   coast,  -10.30,  88141.00, 1160.28, 1025.47,   96.34, 20.0, 4.00, 3.97, 4.00,  -2.08,  -1.15,   0.57, 149.99,   6.91,   1.78,   0.22,   0.08,   0.02,   7.52, 4.00, 0.00, 0.00, 0.00, 0.00, 1, 1,  7,  39.7280790, -83.7074655,  1092.0, 2026,  3, 28, 20,  3, 57,       91,      765, 100,  83,   2.1,   1.2,   1.7,  0,  0,  0, 34,  8, 35,  0,  0, 34,  0, 28,  8,  0,  0,  0,  0, 36,  0, 33,  0, 22,  0,  0,  0, 26,  0,  0,  0, 23,  0,  0,  0
6, 11026, 15,KE8EXM,     8.00, 5,   coast,  -12.26,  88141.00, 1160.28, 1025.47,   96.22, 20.0, 4.00, 3.97, 4.00,  -2.18,  -1.26,   1.14, 150.47,   6.36,   1.60,   0.23,   0.08,   0.02,   7.57, 4.00, 0.00, 0.00, 0.00, 0.00, 1, 1,  7,  39.7280790, -83.7074655,  1092.0, 2026,  3, 28, 20,  3, 57,       91,      765, 100,  83,   2.1,   1.2,   1.7,  0,  0,  0, 34,  8, 35,  0,  0, 34,  0, 28,  8,  0,  0,  0,  0, 36,  0, 33,  0, 22,  0,  0,  0, 26,  0,  0,  0, 23,  0,  0,  0
6, 11026, 15,KE8EXM,     8.01, 5,   coast,  -11.28,  88131.00, 1161.21, 1026.40,   96.11, 20.0, 4.00, 3.97, 4.00,  -2.18,  -1.60,   0.41, 149.50,   5.82,   2.15,   0.22,   0.08,   0.01,   7.62, 4.00, 0.00, 0.00, 0.00, 0.00, 1, 1,  7,  39.7280790, -83.7074655,  1092.0, 2026,  3, 28, 20,  3, 57,       91,      765, 100,  83,   2.1,   1.2,   1.7,  0,  0,  0, 34,  8, 35,  0,  0, 34,  0, 28,  8,  0,  0,  0,  0, 36,  0, 33,  0, 22,  0,  0,  0, 26,  0,  0,  0, 23,  0,  0,  0
6, 11026, 15,KE8EXM,     8.02, 5,   coast,  -11.77,  88131.00, 1161.21, 1026.40,   95.99, 20.0, 4.04, 4.01, 4.03,  -2.14,  -1.08,   1.22, 149.44,   5.63,   1.90,   0.22,   0.08,   0.01,   7.67, 4.04, 0.00, 0.00, 0.00, 0.00, 1, 1,  7,  39.7280790, -83.7074655,  1092.0, 2026,  3, 28, 20,  3, 57,       91,      765, 100,  83,   2.1,   1.2,   1.7,  0,  0,  0, 34,  8, 35,  0,  0, 34,  0, 28,  8,  0,  0,  0,  0, 36,  0, 33,  0, 22,  0,  0,  0, 26,  0,  0,  0, 23,  0,  0,  0
6, 11026, 15,KE8EXM,     8.02, 5,   coast,  -11.77,  88131.00, 1161.21, 1026.40,   95.99, 20.0, 4.04, 4.01, 4.03,  -2.14,  -1.08,   1.22, 149.44,   5.63,   1.90,   0.22,   0.08,   0.01,   7.67, 4.04, 0.00, 0.00, 0.00, 0.00, 1, 1,  7,  39.7280790, -83.7074655,  1092.0, 2026,  3, 28, 20,  3, 57,       91,      765, 100,  83,   2.1,   1.2,   1.7,  0,  0,  0, 34,  8, 35,  0,  0, 34,  0, 28,  8,  0,  0,  0,  0, 36,  0, 33,  0, 22,  0,  0,  0, 26,  0,  0,  0, 23,  0,  0,  0
6, 11026, 15,KE8EXM,     8.03, 5,   coast,  -12.75,  88092.00, 1164.85, 1030.04,   95.87, 20.0, 4.04, 4.01, 4.03,  -2.21,  -1.36,   0.57, 148.34,   5.45,   2.09,   0.23,   0.08,   0.00,   7.72, 4.04, 0.00, 0.00, 0.00, 0.00, 1, 1,  7,  39.7280790, -83.7074655,  1092.0, 2026,  3, 28, 20,  3, 57,       91,      765, 100,  83,   2.1,   1.2,   1.7,  0,  0,  0, 34,  8, 35,  0,  0, 34,  0, 28,  8,  0,  0,  0,  0, 36,  0, 33,  0, 22,  0,  0,  0, 26,  0,  0,  0, 23,  0,  0,  0
6, 11026, 15,KE8EXM,     8.04, 5,   coast,  -11.77,  88092.00, 1164.85, 1030.04,   95.75, 20.0, 4.04, 4.01, 4.03,  -2.17,  -1.46,   1.16, 147.48,   4.72,   2.45,   0.23,   0.08,   0.00,   7.76, 4.04, 0.00, 0.00, 0.00, 0.00, 1, 1,  7,  39.7280790, -83.7074655,  1092.0, 2026,  3, 28, 20,  3, 57,       91,      765, 100,  83,   2.1,   1.2,   1.7,  0,  0,  0, 34,  8, 35,  0,  0, 34,  0, 28,  8,  0,  0,  0,  0, 36,  0, 33,  0, 22,  0,  0,  0, 26,  0,  0,  0, 23,  0,  0,  0
6, 11026, 15,KE8EXM,     8.05, 5,   coast,  -11.77,  88060.00, 1167.83, 1033.02,   95.63, 20.0, 4.04, 4.01, 4.03,  -2.09,  -1.70,   0.80, 148.40,   5.39,   2.33,   0.23,   0.08,  -0.01,   7.81, 4.04, 0.00, 0.00, 0.00, 0.00, 1, 1,  7,  39.7280790, -83.7074655,  1092.0, 2026,  3, 28, 20,  3, 57,       91,      765, 100,  83,   2.1,   1.2,   1.7,  0,  0,  0, 34,  8, 35,  0,  0, 34,  0, 28,  8,  0,  0,  0,  0, 36,  0, 33,  0, 22,  0,  0,  0, 26,  0,  0,  0, 23,  0,  0,  0
6, 11026, 15,KE8EXM,     8.06, 5,   coast,  -12.75,  88060.00, 1167.83, 1033.02,   95.51, 20.0, 4.04, 4.01, 4.03,  -2.10,  -2.06,   1.08, 148.34,   4.53,   2.58,   0.23,   0.08,  -0.01,   7.86, 4.04, 0.00, 0.00, 0.00, 0.00, 1, 1,  7,  39.7280790, -83.7074655,  1092.0, 2026,  3, 28, 20,  3, 57,       91,      765, 100,  83,   2.1,   1.2,   1.7,  0,  0,  0, 34,  8, 35,  0,  0, 34,  0, 28,  8,  0,  0,  0,  0, 36,  0, 33,  0, 22,  0,  0,  0, 26,  0,  0,  0, 23,  0,  0,  0
6, 11026, 15,KE8EXM,     8.07, 5,   coast,  -10.79,  88044.00, 1169.32, 1034.52,   95.39, 20.0, 4.04, 4.01, 4.03,  -2.05,  -1.64,   0.98, 149.38,   3.92,   2.51,   0.22,   0.08,  -0.01,   7.90, 4.04, 0.00, 0.00, 0.00, 0.00, 1, 1,  7,  39.7280790, -83.7074655,  1092.0, 2026,  3, 28, 20,  3, 57,       91,      765, 100,  83,   2.1,   1.2,   1.7,  0,  0,  0, 34,  8, 35,  0,  0, 34,  0, 28,  8,  0,  0,  0,  0, 36,  0, 33,  0, 22,  0,  0,  0, 26,  0,  0,  0, 23,  0,  0,  0
6, 11026, 15,KE8EXM,     8.08, 5,   coast,  -12.26,  88044.00, 1169.32, 1034.52,   95.27, 20.0, 4.04, 4.01, 4.03,  -2.16,  -1.74,   1.29, 149.86,   3.13,   2.58,   0.22,   0.08,  -0.02,   7.93, 4.04, 0.00, 0.00, 0.00, 0.00, 1, 1,  7,  39.7280790, -83.7074655,  1092.0, 2026,  3, 28, 20,  3, 57,       91,      765, 100,  83,   2.1,   1.2,   1.7,  0,  0,  0, 34,  8, 35,  0,  0, 34,  0, 28,  8,  0,  0,  0,  0, 36,  0, 33,  0, 22,  0,  0,  0, 26,  0,  0,  0, 23,  0,  0,  0
6, 11026, 15,KE8EXM,     8.09, 5,   coast,  -12.75,  88021.00, 1171.47, 1036.66,   95.16, 20.0, 4.04, 4.01, 4.03,  -2.08,  -1.70,   0.82, 149.93,   3.19,   2.39,   0.22,   0.08,  -0.02,   7.97, 4.04, 0.00, 0.00, 0.00, 0.00, 1, 1,  7,  39.7280790, -83.7074655,  1092.0, 2026,  3, 28, 20,  3, 57,       91,      765, 100,  83,   2.1,   1.2,   1.7,  0,  0,  0, 34,  8, 35,  0,  0, 34,  0, 28,  8,  0,  0,  0,  0, 36,  0, 33,  0, 22,  0,  0,  0, 26,  0,  0,  0, 23,  0,  0,  0
6, 11026, 15,KE8EXM,     8.10, 5,   coast,  -11.28,  88021.00, 1171.47, 1036.66,   95.04, 20.0, 4.04, 4.01, 4.03,  -2.10,  -2.04,   0.37, 149.19,   3.07,   2.09,   0.23,   0.08,  -0.02,   8.00, 4.04, 0.00, 0.00, 0.00, 0.00, 1, 1,  7,  39.7280790, -83.7074655,  1092.0, 2026,  3, 28, 20,  3, 57,       91,      765, 100,  83,   2.1,   1.2,   1.7,  0,  0,  0, 34,  8, 35,  0,  0, 34,  0, 28,  8,  0,  0,  0,  0, 36,  0, 33,  0, 22,  0,  0,  0, 26,  0,  0,  0, 23,  0,  0,  0
6, 11026, 15,KE8EXM,     8.11, 5,   coast,  -11.77,  87990.00, 1174.36, 1039.55,   94.92, 20.0, 4.04, 4.01, 4.03,  -2.20,  -2.44,   0.11, 148.58,   2.28,   2.15,   0.22,   0.08,  -0.03,   8.03, 4.04, 0.00, 0.00, 0.00, 0.00, 1, 1,  7,  39.7280790, -83.7074655,  1092.0, 2026,  3, 28, 20,  3, 57,       91,      765, 100,  83,   2.1,   1.2,   1.7,  0,  0,  0, 34,  8, 35,  0,  0, 34,  0, 28,  8,  0,  0,  0,  0, 36,  0, 33,  0, 22,  0,  0,  0, 26,  0,  0,  0, 23,  0,  0,  0
6, 11026, 15,KE8EXM,     8.11, 5,   coast,  -11.77,  87990.00, 1174.36, 1039.55,   94.92, 20.0, 4.04, 4.01, 4.03,  -2.20,  -2.44,   0.11, 148.58,   2.28,   2.15,   0.22,   0.08,  -0.03,   8.03, 4.04, 0.00, 0.00, 0.00, 0.00, 1, 1,  7,  39.7280790, -83.7074655,  1092.0, 2026,  3, 28, 20,  3, 57,       91,      765, 100,  83,   2.1,   1.2,   1.7,  0,  0,  0, 34,  8, 35,  0,  0, 34,  0, 28,  8,  0,  0,  0,  0, 36,  0, 33,  0, 22,  0,  0,  0, 26,  0,  0,  0, 23,  0,  0,  0
6, 11026, 15,KE8EXM,     8.11, 5,   coast,  -11.77,  87990.00, 1174.36, 1039.55,   94.92, 20.0, 4.04, 4.01, 4.03,  -2.20,  -2.44,   0.11, 148.58,   2.28,   2.15,   0.22,   0.08,  -0.03,   8.03, 4.04, 0.00, 0.00, 0.00, 0.00, 1, 1,  7,  39.7280790, -83.7074655,  1092.0, 2026,  3, 28, 20,  3, 57,       91,      765, 100,  83,   2.1,   1.2,   1.7,  0,  0,  0, 34,  8, 35,  0,  0, 34,  0, 28,  8,  0,  0,  0,  0, 36,  0, 33,  0, 22,  0,  0,  0, 26,  0,  0,  0, 23,  0,  0,  0
6, 11026, 15,KE8EXM,     8.12, 5,   coast,  -10.79,  87990.00, 1174.36, 1039.55,   94.80, 20.0, 4.04, 4.01, 4.03,  -2.09,  -2.01,   1.11, 149.07,   2.09,   1.97,   0.22,   0.08,  -0.03,   8.05, 4.04, 0.00, 0.00, 0.00, 0.00, 1, 1,  8,  39.7279912, -83.7074099,  1196.0, 2026,  3, 28, 20,  3, 58,       98,      870, 105,  84,   2.0,   1.1,   1.6,  0,  0,  0, 26,  7, 27,  0,  0, 22,  0, 28,  8,  0,  0,  0,  0, 20,  0, 29,  0, 22,  0,  0,  0, 33,  0,  0,  0, 36,  0,  0,  0
6, 11026, 15,KE8EXM,     8.13, 5,   coast,  -12.26,  87969.00, 1176.32, 1041.51,   94.68, 20.0, 4.04, 4.01, 4.03,  -2.06,  -1.23,   0.68, 148.46,   2.34,   1.90,   0.22,   0.08,  -0.04,   8.08, 4.04, 0.00, 0.00, 0.00, 0.00, 1, 1,  8,  39.7279912, -83.7074099,  1196.0, 2026,  3, 28, 20,  3, 58,       98,      870, 105,  84,   2.0,   1.1,   1.6,  0,  0,  0, 26,  7, 27,  0,  0, 22,  0, 28,  8,  0,  0,  0,  0, 20,  0, 29,  0, 22,  0,  0,  0, 33,  0,  0,  0, 36,  0,  0,  0
6, 11026, 15,KE8EXM,     8.14, 5,   coast,  -13.24,  87969.00, 1176.32, 1041.51,   94.56, 20.0, 4.04, 4.01, 4.03,  -2.10,  -1.46,   0.81, 149.50,   1.30,   1.48,   0.22,   0.08,  -0.04,   8.10, 4.04, 0.00, 0.00, 0.00, 0.00, 1, 1,  8,  39.7279912, -83.7074099,  1196.0, 2026,  3, 28, 20,  3, 58,       98,      870, 105,  84,   2.0,   1.1,   1.6,  0,  0,  0, 26,  7, 27,  0,  0, 22,  0, 28,  8,  0,  0,  0,  0, 20,  0, 29,  0, 22,  0,  0,  0, 33,  0,  0,  0, 36,  0,  0,  0
6, 11026, 15,KE8EXM,     8.15, 5,   coast,  -13.24,  87949.00, 1178.19, 1043.38,   94.44, 20.0, 4.04, 4.01, 4.03,  -2.13,  -2.12,   0.48, 148.77,   1.79,   1.60,   0.22,   0.08,  -0.04,   8.12, 4.04, 0.00, 0.00, 0.00, 0.00, 1, 1,  8,  39.7279912, -83.7074099,  1196.0, 2026,  3, 28, 20,  3, 58,       98,      870, 105,  84,   2.0,   1.1,   1.6,  0,  0,  0, 26,  7, 27,  0,  0, 22,  0, 28,  8,  0,  0,  0,  0, 20,  0, 29,  0, 22,  0,  0,  0, 33,  0,  0,  0, 36,  0,  0,  0
6, 11026, 15,KE8EXM,     8.16, 5,   coast,  -11.28,  87949.00, 1178.19, 1043.38,   94.32, 20.0, 4.04, 4.01, 4.03,  -2.11,  -2.32,   0.40, 149.68,   1.24,   1.84,   0.22,   0.07,  -0.04,   8.14, 4.04, 0.00, 0.00, 0.00, 0.00, 1, 1,  8,  39.7279912, -83.7074099,  1196.0, 2026,  3, 28, 20,  3, 58,       98,      870, 105,  84,   2.0,   1.1,   1.6,  0,  0,  0, 26,  7, 27,  0,  0, 22,  0, 28,  8,  0,  0,  0,  0, 20,  0, 29,  0, 22,  0,  0,  0, 33,  0,  0,  0, 36,  0,  0,  0
6, 11026, 15,KE8EXM,     8.17, 5,   coast,  -11.28,  87926.00, 1180.33, 1045.53,   94.20, 19.9, 4.04, 4.01, 4.03,  -2.06,  -1.51,  -0.04, 150.47,   1.54,   1.48,   0.22,   0.07,  -0.04,   8.16, 4.04, 0.00, 0.00, 0.00, 0.00, 1, 1,  8,  39.7279912, -83.7074099,  1196.0, 2026,  3, 28, 20,  3, 58,       98,      870, 105,  84,   2.0,   1.1,   1.6,  0,  0,  0, 26,  7, 27,  0,  0, 22,  0, 28,  8,  0,  0,  0,  0, 20,  0, 29,  0, 22,  0,  0,  0, 33,  0,  0,  0, 36,  0,  0,  0
6, 11026, 15,KE8EXM,     8.18, 5,   coast,  -11.77,  87926.00, 1180.33, 1045.53,   94.08, 19.9, 4.04, 4.01, 4.03,  -2.18,  -1.67,  -0.03, 148.40,   0.81,   1.36,   0.23,   0.07,  -0.05,   8.17, 4.04, 0.00, 0.00, 0.00, 0.00, 1, 1,  8,  39.7279912, -83.7074099,  1196.0, 2026,  3, 28, 20,  3, 58,       98,      870, 105,  84,   2.0,   1.1,   1.6,  0,  0,  0, 26,  7, 27,  0,  0, 22,  0, 28,  8,  0,  0,  0,  0, 20,  0, 29,  0, 22,  0,  0,  0, 33,  0,  0,  0, 36,  0,  0,  0
6, 11026, 15,KE8EXM,     8.19, 5,   coast,  -11.28,  87901.00, 1182.67, 1047.86,   93.96, 20.0, 4.04, 4.01, 4.03,  -1.96,  -1.73,   0.66, 147.85,   1.24,   1.05,   0.23,   0.07,  -0.06,   8.18, 4.04, 0.00, 0.00, 0.00, 0.00, 1, 1,  8,  39.7279912, -83.7074099,  1196.0, 2026,  3, 28, 20,  3, 58,       98,      870, 105,  84,   2.0,   1.1,   1.6,  0,  0,  0, 26,  7, 27,  0,  0, 22,  0, 28,  8,  0,  0,  0,  0, 20,  0, 29,  0, 22,  0,  0,  0, 33,  0,  0,  0, 36,  0,  0,  0
6, 11026, 15,KE8EXM,     8.20, 5,   coast,  -13.24,  87901.00, 1182.67, 1047.86,   93.84, 20.0, 4.04, 4.01, 4.03,  -2.08,  -2.42,   0.40, 148.16,   1.54,   1.11,   0.23,   0.07,  -0.06,   8.20, 4.04, 0.00, 0.00, 0.00, 0.00, 1, 1,  8,  39.7279912, -83.7074099,  1196.0, 2026,  3, 28, 20,  3, 58,       98,      870, 105,  84,   2.0,   1.1,   1.6,  0,  0,  0, 26,  7, 27,  0,  0, 22,  0, 28,  8,  0,  0,  0,  0, 20,  0, 29,  0, 22,  0,  0,  0, 33,  0,  0,  0, 36,  0,  0,  0
6, 11026, 15,KE8EXM,     8.21, 5,   coast,  -13.73,  87880.00, 1184.63, 1049.82,   93.71, 19.9, 4.04, 4.01, 4.03,  -2.05,  -1.88,  -0.04, 149.56,   0.87,   1.05,   0.23,   0.07,  -0.06,   8.21, 4.04, 0.00, 0.00, 0.00, 0.00, 1, 1,  8,  39.7279912, -83.7074099,  1196.0, 2026,  3, 28, 20,  3, 58,       98,      870, 105,  84,   2.0,   1.1,   1.6,  0,  0,  0, 26,  7, 27,  0,  0, 22,  0, 28,  8,  0,  0,  0,  0, 20,  0, 29,  0, 22,  0,  0,  0, 33,  0,  0,  0, 36,  0,  0,  0
6, 11026, 15,KE8EXM,     8.22, 5,   coast,  -11.28,  87880.00, 1184.63, 1049.82,   93.59, 19.9, 4.04, 4.01, 4.03,  -2.03,  -1.34,   0.03, 147.79,   1.60,   0.62,   0.23,   0.07,  -0.07,   8.22, 4.04, 0.00, 0.00, 0.00, 0.00, 1, 1,  8,  39.7279912, -83.7074099,  1196.0, 2026,  3, 28, 20,  3, 58,       98,      870, 105,  84,   2.0,   1.1,   1.6,  0,  0,  0, 26,  7, 27,  0,  0, 22,  0, 28,  8,  0,  0,  0,  0, 20,  0, 29,  0, 22,  0,  0,  0, 33,  0,  0,  0, 36,  0,  0,  0
6, 11026, 15,KE8EXM,     8.23, 5,   coast,  -11.77,  87861.00, 1186.40, 1051.60,   93.47, 20.0, 4.04, 4.01, 4.03,  -2.12,  -1.85,   0.04, 147.73,   1.18,   0.26,   0.23,   0.07,  -0.07,   8.22, 4.04, 0.00, 0.00, 0.00, 0.00, 1, 1,  8,  39.7279912, -83.7074099,  1196.0, 2026,  3, 28, 20,  3, 58,       98,      870, 105,  84,   2.0,   1.1,   1.6,  0,  0,  0, 26,  7, 27,  0,  0, 22,  0, 28,  8,  0,  0,  0,  0, 20,  0, 29,  0, 22,  0,  0,  0, 33,  0,  0,  0, 36,  0,  0,  0
6, 11026, 15,KE8EXM,     8.24, 5,   coast,  -12.75,  87861.00, 1186.40, 1051.60,   93.35, 20.0, 4.04, 4.01, 4.03,  -2.07,  -2.22,   0.32, 147.97,   1.42,   0.50,   0.22,   0.06,  -0.07,   8.23, 4.04, 0.00, 0.00, 0.00, 0.00, 1, 1,  8,  39.7279912, -83.7074099,  1196.0, 2026,  3, 28, 20,  3, 58,       98,      870, 105,  84,   2.0,   1.1,   1.6,  0,  0,  0, 26,  7, 27,  0,  0, 22,  0, 28,  8,  0,  0,  0,  0, 20,  0, 29,  0, 22,  0,  0,  0, 33,  0,  0,  0, 36,  0,  0,  0
6, 11026, 15,KE8EXM,     8.25, 5,   coast,  -11.28,  87829.00, 1189.39, 1054.59,   93.22, 20.0, 4.04, 4.01, 4.03,  -2.00,  -1.56,   0.34, 148.34,   1.24,   0.07,   0.22,   0.06,  -0.07,   8.23, 4.04, 0.00, 0.00, 0.00, 0.00, 1, 1,  8,  39.7279912, -83.7074099,  1196.0, 2026,  3, 28, 20,  3, 58,       98,      870, 105,  84,   2.0,   1.1,   1.6,  0,  0,  0, 26,  7, 27,  0,  0, 22,  0, 28,  8,  0,  0,  0,  0, 20,  0, 29,  0, 22,  0,  0,  0, 33,  0,  0,  0, 36,  0,  0,  0
6, 11026, 15,KE8EXM,     8.26, 5,   coast,  -12.75,  87829.00, 1189.39, 1054.59,   93.10, 20.0, 4.04, 4.01, 4.03,  -2.05,  -1.14,  -0.35, 147.97,   1.18,   0.01,   0.22,   0.06,  -0.08,   8.23, 4.04, 0.00, 0.00, 0.00, 0.00, 1, 1,  8,  39.7279912, -83.7074099,  1196.0, 2026,  3, 28, 20,  3, 58,       98,      870, 105,  84,   2.0,   1.1,   1.6,  0,  0,  0, 26,  7, 27,  0,  0, 22,  0, 28,  8,  0,  0,  0,  0, 20,  0, 29,  0, 22,  0,  0,  0, 33,  0,  0,  0, 36,  0,  0,  0
6, 11026, 15,KE8EXM,     8.27, 5,   coast,  -13.73,  87814.00, 1190.80, 1055.99,   92.98, 19.9, 4.04, 4.01, 4.03,  -2.06,  -1.59,   0.11, 146.57,   1.54,   0.07,   0.23,   0.06,  -0.08,   8.23, 4.04, 0.00, 0.00, 0.00, 0.00, 1, 1,  8,  39.7279912, -83.7074099,  1196.0, 2026,  3, 28, 20,  3, 58,       98,      870, 105,  84,   2.0,   1.1,   1.6,  0,  0,  0, 26,  7, 27,  0,  0, 22,  0, 28,  8,  0,  0,  0,  0, 20,  0, 29,  0, 22,  0,  0,  0, 33,  0,  0,  0, 36,  0,  0,  0
6, 11026, 15,KE8EXM,     8.28, 5,   coast,  -11.77,  87814.00, 1190.80, 1055.99,   92.86, 19.9, 4.04, 4.01, 4.03,  -1.98,  -1.54,   0.00, 146.26,   1.30,   0.26,   0.23,   0.06,  -0.09,   8.23, 4.04, 0.00, 0.00, 0.00, 0.00, 1, 1,  8,  39.7279912, -83.7074099,  1196.0, 2026,  3, 28, 20,  3, 58,       98,      870, 105,  84,   2.0,   1.1,   1.6,  0,  0,  0, 26,  7, 27,  0,  0, 22,  0, 28,  8,  0,  0,  0,  0, 20,  0, 29,  0, 22,  0,  0,  0, 33,  0,  0,  0, 36,  0,  0,  0
6, 11026, 15,KE8EXM,     8.29, 5,   coast,  -10.30,  87789.00, 1193.13, 1058.33,   92.74, 19.9, 4.04, 4.01, 4.03,  -2.05,  -1.22,   0.14, 147.12,   1.12,   0.13,   0.23,   0.06,  -0.09,   8.23, 4.04, 0.00, 0.00, 0.00, 0.00, 1, 1,  8,  39.7279912, -83.7074099,  1196.0, 2026,  3, 28, 20,  3, 58,       98,      870, 105,  84,   2.0,   1.1,   1.6,  0,  0,  0, 26,  7, 27,  0,  0, 22,  0, 28,  8,  0,  0,  0,  0, 20,  0, 29,  0, 22,  0,  0,  0, 33,  0,  0,  0, 36,  0,  0,  0
6, 11026, 15,KE8EXM,     8.30, 5,   coast,  -11.28,  87789.00, 1193.13, 1058.33,   92.62, 19.9, 4.04, 4.01, 4.03,  -1.98,  -1.21,  -0.14, 145.84,   0.69,  -0.11,   0.22,   0.06,  -0.09,   8.23, 4.04, 0.00, 0.00, 0.00, 0.00, 1, 1,  8,  39.7279912, -83.7074099,  1196.0, 2026,  3, 28, 20,  3, 58,       98,      870, 105,  84,   2.0,   1.1,   1.6,  0,  0,  0, 26,  7, 27,  0,  0, 22,  0, 28,  8,  0,  0,  0,  0, 20,  0, 29,  0, 22,  0,  0,  0, 33,  0,  0,  0, 36,  0,  0,  0
6, 11026, 15,KE8EXM,     8.31, 5,   coast,  -13.24,  87763.00, 1195.56, 1060.76,   92.50, 19.9, 4.04, 4.01, 4.03,  -1.95,  -1.23,   0.04, 145.16,   0.99,  -0.17,   0.23,   0.05,  -0.09,   8.23, 4.04, 0.00, 0.00, 0.00, 0.00, 1, 1,  8,  39.7279912, -83.7074099,  1196.0, 2026,  3, 28, 20,  3, 58,       98,      870, 105,  84,   2.0,   1.1,   1.6,  0,  0,  0, 26,  7, 27,  0,  0, 22,  0, 28,  8,  0,  0,  0,  0, 20,  0, 29,  0, 22,  0,  0,  0, 33,  0,  0,  0, 36,  0,  0,  0
6, 11026, 15,KE8EXM,     8.32, 5,   coast,  -12.26,  87763.00, 1195.56, 1060.76,   92.38, 19.9, 4.04, 4.01, 4.03,  -1.98,  -1.45,  -0.32, 146.32,   1.18,  -0.05,   0.23,   0.05,  -0.10,   8.22, 4.04, 0.00, 0.00, 0.00, 0.00, 1, 1,  8,  39.7279912, -83.7074099,  1196.0, 2026,  3, 28, 20,  3, 58,       98,      870, 105,  84,   2.0,   1.1,   1.6,  0,  0,  0, 26,  7, 27,  0,  0, 22,  0, 28,  8,  0,  0,  0,  0, 20,  0, 29,  0, 22,  0,  0,  0, 33,  0,  0,  0, 36,  0,  0,  0
6, 11026, 15,KE8EXM,     8.33, 5,   coast,  -13.24,  87745.00, 1197.25, 1062.44,   92.26, 19.9, 4.04, 4.01, 4.03,  -2.07,  -1.62,  -0.66, 144.98,   1.85,   0.07,   0.22,   0.05,  -0.10,   8.22, 4.04, 0.00, 0.00, 0.00, 0.00, 1, 1,  8,  39.7279912, -83.7074099,  1196.0, 2026,  3, 28, 20,  3, 58,       98,      870, 105,  84,   2.0,   1.1,   1.6,  0,  0,  0, 26,  7, 27,  0,  0, 22,  0, 28,  8,  0,  0,  0,  0, 20,  0, 29,  0, 22,  0,  0,  0, 33,  0,  0,  0, 36,  0,  0,  0
6, 11026, 15,KE8EXM,     8.34, 5,   coast,  -11.28,  87745.00, 1197.25, 1062.44,   92.14, 19.9, 4.05, 4.02, 4.04,  -1.94,  -0.98,  -0.06, 143.94,   1.36,  -0.11,   0.22,   0.05,  -0.10,   8.22, 4.04, 0.00, 0.00, 0.00, 0.00, 1, 1,  8,  39.7279912, -83.7074099,  1196.0, 2026,  3, 28, 20,  3, 58,       98,      870, 105,  84,   2.0,   1.1,   1.6,  0,  0,  0, 26,  7, 27,  0,  0, 22,  0, 28,  8,  0,  0,  0,  0, 20,  0, 29,  0, 22,  0,  0,  0, 33,  0,  0,  0, 36,  0,  0,  0
6, 11026, 15,KE8EXM,     8.34, 5,   coast,  -11.28,  87745.00, 1197.25, 1062.44,   92.14, 19.9, 4.05, 4.02, 4.04,  -1.94,  -0.98,  -0.06, 143.94,   1.36,  -0.11,   0.22,   0.05,  -0.10,   8.22, 4.04, 0.00, 0.00, 0.00, 0.00, 1, 1,  8,  39.7279912, -83.7074099,  1196.0, 2026,  3, 28, 20,  3, 58,       98,      870, 105,  84,   2.0,   1.1,   1.6,  0,  0,  0, 26,  7, 27,  0,  0, 22,  0, 28,  8,  0,  0,  0,  0, 20,  0, 29,  0, 22,  0,  0,  0, 33,  0,  0,  0, 36,  0,  0,  0
6, 11026, 15,KE8EXM,     8.35, 5,   coast,  -10.30,  87727.00, 1198.93, 1064.13,   92.03, 19.9, 4.05, 4.02, 4.04,  -2.01,  -1.27,  -0.62, 143.64,   1.85,  -0.11,   0.22,   0.04,  -0.10,   8.21, 4.04, 0.00, 0.00, 0.00, 0.00, 1, 1,  8,  39.7279912, -83.7074099,  1196.0, 2026,  3, 28, 20,  3, 58,       98,      870, 105,  84,   2.0,   1.1,   1.6,  0,  0,  0, 26,  7, 27,  0,  0, 22,  0, 28,  8,  0,  0,  0,  0, 20,  0, 29,  0, 22,  0,  0,  0, 33,  0,  0,  0, 36,  0,  0,  0
6, 11026, 15,KE8EXM,     8.36, 5,   coast,  -11.77,  87727.00, 1198.93, 1064.13,   91.91, 19.9, 4.05, 4.02, 4.04,  -1.98,  -1.10,   0.14, 143.82,   1.73,   0.01,   0.22,   0.04,  -0.11,   8.21, 4.04, 0.00, 0.00, 0.00, 0.00, 1, 1,  8,  39.7279912, -83.7074099,  1196.0, 2026,  3, 28, 20,  3, 58,       98,      870, 105,  84,   2.0,   1.1,   1.6,  0,  0,  0, 26,  7, 27,  0,  0, 22,  0, 28,  8,  0,  0,  0,  0, 20,  0, 29,  0, 22,  0,  0,  0, 33,  0,  0,  0, 36,  0,  0,  0
6, 11026, 15,KE8EXM,     8.37, 5,   coast,  -10.79,  87706.00, 1200.90, 1066.09,   91.80, 19.9, 4.05, 4.02, 4.04,  -1.94,  -1.52,  -0.58, 142.05,   2.70,   0.20,   0.22,   0.04,  -0.11,   8.21, 4.04, 0.00, 0.00, 0.00, 0.00, 1, 1,  8,  39.7279912, -83.7074099,  1196.0, 2026,  3, 28, 20,  3, 58,       98,      870, 105,  84,   2.0,   1.1,   1.6,  0,  0,  0, 26,  7, 27,  0,  0, 22,  0, 28,  8,  0,  0,  0,  0, 20,  0, 29,  0, 22,  0,  0,  0, 33,  0,  0,  0, 36,  0,  0,  0
6, 11026, 15,KE8EXM,     8.38, 5,   coast,  -11.77,  87706.00, 1200.90, 1066.09,   91.68, 19.9, 4.05, 4.02, 4.04,  -1.90,  -1.51,  -0.25, 143.15,   2.15,   0.13,   0.22,   0.03,  -0.11,   8.20, 4.04, 0.00, 0.00, 0.00, 0.00, 1, 1,  8,  39.7279912, -83.7074099,  1196.0, 2026,  3, 28, 20,  3, 58,       98,      870, 105,  84,   2.0,   1.1,   1.6,  0,  0,  0, 26,  7, 27,  0,  0, 22,  0, 28,  8,  0,  0,  0,  0, 20,  0, 29,  0, 22,  0,  0,  0, 33,  0,  0,  0, 36,  0,  0,  0
6, 11026, 15,KE8EXM,     8.39, 5,   coast,  -12.75,  87688.00, 1202.58, 1067.77,   91.56, 19.9, 4.05, 4.02, 4.04,  -1.95,  -1.07,  -0.55, 141.56,   2.28,   0.26,   0.22,   0.03,  -0.12,   8.20, 4.04, 0.00, 0.00, 0.00, 0.00, 1, 1,  8,  39.7279912, -83.7074099,  1196.0, 2026,  3, 28, 20,  3, 58,       98,      870, 105,  84,   2.0,   1.1,   1.6,  0,  0,  0, 26,  7, 27,  0,  0, 22,  0, 28,  8,  0,  0,  0,  0, 20,  0, 29,  0, 22,  0,  0,  0, 33,  0,  0,  0, 36,  0,  0,  0
6, 11026, 15,KE8EXM,     8.40, 5,   coast,  -12.26,  87688.00, 1202.58, 1067.77,   91.44, 19.9, 4.05, 4.02, 4.04,  -1.99,  -1.33,  -0.26, 140.34,   2.21,  -0.05,   0.22,   0.03,  -0.12,   8.19, 4.04, 0.00, 0.00, 0.00, 0.00, 1, 1,  8,  39.7279912, -83.7074099,  1196.0, 2026,  3, 28, 20,  3, 58,       98,      870, 105,  84,   2.0,   1.1,   1.6,  0,  0,  0, 26,  7, 27,  0,  0, 22,  0, 28,  8,  0,  0,  0,  0, 20,  0, 29,  0, 22,  0,  0,  0, 33,  0,  0,  0, 36,  0,  0,  0
6, 11026, 15,KE8EXM,     8.41, 5,   coast,  -11.77,  87662.00, 1205.01, 1070.21,   91.32, 19.9, 4.05, 4.02, 4.04,  -1.79,  -1.67,   0.30, 139.61,   2.82,   0.26,   0.22,   0.03,  -0.12,   8.18, 4.04, 0.00, 0.00, 0.00, 0.00, 1, 1,  8,  39.7279912, -83.7074099,  1196.0, 2026,  3, 28, 20,  3, 58,       98,      870, 105,  84,   2.0,   1.1,   1.6,  0,  0,  0, 26,  7, 27,  0,  0, 22,  0, 28,  8,  0,  0,  0,  0, 20,  0, 29,  0, 22,  0,  0,  0, 33,  0,  0,  0, 36,  0,  0,  0
6, 11026, 15,KE8EXM,     8.42, 5,   coast,  -13.24,  87662.00, 1205.01, 1070.21,   91.20, 19.9, 4.05, 4.02, 4.04,  -1.94,  -1.44,  -1.02, 140.40,   3.01,   0.50,   0.22,   0.02,  -0.12,   8.18, 4.04, 0.00, 0.00, 0.00, 0.00, 1, 1,  8,  39.7279912, -83.7074099,  1196.0, 2026,  3, 28, 20,  3, 58,       98,      870, 105,  84,   2.0,   1.1,   1.6,  0,  0,  0, 26,  7, 27,  0,  0, 22,  0, 28,  8,  0,  0,  0,  0, 20,  0, 29,  0, 22,  0,  0,  0, 33,  0,  0,  0, 36,  0,  0,  0
6, 11026, 15,KE8EXM,     8.43, 5,   coast,  -10.79,  87643.00, 1206.79, 1071.99,   91.08, 19.9, 4.05, 4.02, 4.04,  -1.80,  -1.21,  -0.24, 139.73,   3.62,   0.26,   0.22,   0.02,  -0.13,   8.17, 4.04, 0.00, 0.00, 0.00, 0.00, 1, 1,  8,  39.7279912, -83.7074099,  1196.0, 2026,  3, 28, 20,  3, 58,       98,      870, 105,  84,   2.0,   1.1,   1.6,  0,  0,  0, 26,  7, 27,  0,  0, 22,  0, 28,  8,  0,  0,  0,  0, 20,  0, 29,  0, 22,  0,  0,  0, 33,  0,  0,  0, 36,  0,  0,  0
6, 11026, 15,KE8EXM,     8.44, 5,   coast,  -11.28,  87643.00, 1206.79, 1071.99,   90.96, 19.9, 4.05, 4.02, 4.04,  -1.91,  -0.96,  -0.95, 138.70,   3.37,   0.20,   0.22,   0.02,  -0.13,   8.16, 4.04, 0.00, 0.00, 0.00, 0.00, 1, 1,  8,  39.7279912, -83.7074099,  1196.0, 2026,  3, 28, 20,  3, 58,       98,      870, 105,  84,   2.0,   1.1,   1.6,  0,  0,  0, 26,  7, 27,  0,  0, 22,  0, 28,  8,  0,  0,  0,  0, 20,  0, 29,  0, 22,  0,  0,  0, 33,  0,  0,  0, 36,  0,  0,  0
6, 11026, 15,KE8EXM,     8.45, 5,   coast,  -12.75,  87621.00, 1208.85, 1074.05,   90.84, 19.9, 4.05, 4.02, 4.04,  -1.86,  -1.61,  -0.06, 137.72,   4.29,   0.50,   0.22,   0.02,  -0.13,   8.14, 4.04, 0.00, 0.00, 0.00, 0.00, 1, 1,  8,  39.7279912, -83.7074099,  1196.0, 2026,  3, 28, 20,  3, 58,       98,      870, 105,  84,   2.0,   1.1,   1.6,  0,  0,  0, 26,  7, 27,  0,  0, 22,  0, 28,  8,  0,  0,  0,  0, 20,  0, 29,  0, 22,  0,  0,  0, 33,  0,  0,  0, 36,  0,  0,  0
6, 11026, 15,KE8EXM,     8.46, 5,   coast,  -12.75,  87621.00, 1208.85, 1074.05,   90.72, 19.9, 4.05, 4.02, 4.04,  -1.82,  -1.23,  -0.90, 138.82,   4.05,   0.44,   0.22,   0.01,  -0.13,   8.13, 4.04, 0.00, 0.00, 0.00, 0.00, 1, 1,  8,  39.7279912, -83.7074099,  1196.0, 2026,  3, 28, 20,  3, 58,       98,      870, 105,  84,   2.0,   1.1,   1.6,  0,  0,  0, 26,  7, 27,  0,  0, 22,  0, 28,  8,  0,  0,  0,  0, 20,  0, 29,  0, 22,  0,  0,  0, 33,  0,  0,  0, 36,  0,  0,  0
6, 11026, 15,KE8EXM,     8.47, 5,   coast,  -11.28,  87590.00, 1211.76, 1076.95,   90.61, 19.9, 4.05, 4.02, 4.04,  -1.75,  -1.39,  -0.02, 137.05,   4.84,   0.44,   0.22,   0.01,  -0.13,   8.11, 4.04, 0.00, 0.00, 0.00, 0.00, 1, 1,  8,  39.7279912, -83.7074099,  1196.0, 2026,  3, 28, 20,  3, 58,       98,      870, 105,  84,   2.0,   1.1,   1.6,  0,  0,  0, 26,  7, 27,  0,  0, 22,  0, 28,  8,  0,  0,  0,  0, 20,  0, 29,  0, 22,  0,  0,  0, 33,  0,  0,  0, 36,  0,  0,  0
6, 11026, 15,KE8EXM,     8.48, 5,   coast,  -11.28,  87590.00, 1211.76, 1076.95,   90.49, 19.9, 4.05, 4.02, 4.04,  -1.98,  -1.08,  -1.44, 136.99,   3.62,   0.44,   0.22,   0.01,  -0.13,   8.10, 4.04, 0.00, 0.00, 0.00, 0.00, 1, 1,  8,  39.7279912, -83.7074099,  1196.0, 2026,  3, 28, 20,  3, 58,       98,      870, 105,  84,   2.0,   1.1,   1.6,  0,  0,  0, 26,  7, 27,  0,  0, 22,  0, 28,  8,  0,  0,  0,  0, 20,  0, 29,  0, 22,  0,  0,  0, 33,  0,  0,  0, 36,  0,  0,  0
6, 11026, 15,KE8EXM,     8.49, 5,   coast,  -10.30,  87582.00, 1212.50, 1077.70,   90.38, 19.9, 4.05, 4.02, 4.04,  -1.86,  -1.27,   0.43, 134.91,   4.47,   0.38,   0.22,   0.00,  -0.14,   8.08, 4.04, 0.00, 0.00, 0.00, 0.00, 1, 1,  8,  39.7279912, -83.7074099,  1196.0, 2026,  3, 28, 20,  3, 58,       98,      870, 105,  84,   2.0,   1.1,   1.6,  0,  0,  0, 26,  7, 27,  0,  0, 22,  0, 28,  8,  0,  0,  0,  0, 20,  0, 29,  0, 22,  0,  0,  0, 33,  0,  0,  0, 36,  0,  0,  0
6, 11026, 15,KE8EXM,     8.50, 5,   coast,  -11.28,  87582.00, 1212.50, 1077.70,   90.27, 19.9, 4.05, 4.02, 4.04,  -1.87,  -0.88,  -0.54, 135.52,   4.53,   0.32,   0.22,   0.00,  -0.14,   8.06, 4.04, 0.00, 0.00, 0.00, 0.00, 1, 1,  8,  39.7279912, -83.7074099,  1196.0, 2026,  3, 28, 20,  3, 58,       98,      870, 105,  84,   2.0,   1.1,   1.6,  0,  0,  0, 26,  7, 27,  0,  0, 22,  0, 28,  8,  0,  0,  0,  0, 20,  0, 29,  0, 22,  0,  0,  0, 33,  0,  0,  0, 36,  0,  0,  0
6, 11026, 15,KE8EXM,     8.51, 5,   coast,  -10.79,  87555.00, 1215.03, 1080.23,   90.16, 19.9, 4.05, 4.02, 4.04,  -1.77,  -1.44,  -0.12, 135.16,   5.08,   0.62,   0.22,   0.00,  -0.14,   8.04, 4.04, 0.00, 0.00, 0.00, 0.00, 1, 1,  8,  39.7279912, -83.7074099,  1196.0, 2026,  3, 28, 20,  3, 58,       98,      870, 105,  84,   2.0,   1.1,   1.6,  0,  0,  0, 26,  7, 27,  0,  0, 22,  0, 28,  8,  0,  0,  0,  0, 20,  0, 29,  0, 22,  0,  0,  0, 33,  0,  0,  0, 36,  0,  0,  0
6, 11026, 15,KE8EXM,     8.52, 5,   coast,  -12.26,  87555.00, 1215.03, 1080.23,   90.04, 19.9, 4.05, 4.02, 4.04,  -1.94,  -1.16,  -0.90, 134.36,   3.86,   0.68,   0.22,  -0.01,  -0.14,   8.03, 4.04, 0.00, 0.00, 0.00, 0.00, 1, 1,  8,  39.7279912, -83.7074099,  1196.0, 2026,  3, 28, 20,  3, 58,       98,      870, 105,  84,   2.0,   1.1,   1.6,  0,  0,  0, 26,  7, 27,  0,  0, 22,  0, 28,  8,  0,  0,  0,  0, 20,  0, 29,  0, 22,  0,  0,  0, 33,  0,  0,  0, 36,  0,  0,  0
6, 11026, 15,KE8EXM,     8.53, 5,   coast,  -11.77,  87534.00, 1217.00, 1082.20,   89.93, 19.9, 4.05, 4.02, 4.04,  -1.86,  -1.14,   0.13, 133.69,   4.66,   1.17,   0.22,  -0.01,  -0.14,   8.01, 4.04, 0.00, 0.00, 0.00, 0.00, 1, 1,  8,  39.7279912, -83.7074099,  1196.0, 2026,  3, 28, 20,  3, 58,       98,      870, 105,  84,   2.0,   1.1,   1.6,  0,  0,  0, 26,  7, 27,  0,  0, 22,  0, 28,  8,  0,  0,  0,  0, 20,  0, 29,  0, 22,  0,  0,  0, 33,  0,  0,  0, 36,  0,  0,  0
6, 11026, 15,KE8EXM,     8.54, 5,   coast,  -10.79,  87534.00, 1217.00, 1082.20,   89.81, 19.9, 4.05, 4.02, 4.04,  -1.84,  -0.83,  -0.51, 133.75,   4.72,   0.93,   0.22,  -0.01,  -0.15,   7.99, 4.04, 0.00, 0.00, 0.00, 0.00, 1, 1,  8,  39.7279912, -83.7074099,  1196.0, 2026,  3, 28, 20,  3, 58,       98,      870, 105,  84,   2.0,   1.1,   1.6,  0,  0,  0, 26,  7, 27,  0,  0, 22,  0, 28,  8,  0,  0,  0,  0, 20,  0, 29,  0, 22,  0,  0,  0, 33,  0,  0,  0, 36,  0,  0,  0
6, 11026, 15,KE8EXM,     8.55, 5,   coast,  -12.26,  87521.00, 1218.22, 1083.41,   89.69, 19.9, 4.05, 4.02, 4.04,  -1.80,  -0.81,  -0.37, 133.26,   5.57,   1.11,   0.22,  -0.01,  -0.15,   7.97, 4.04, 0.00, 0.00, 0.00, 0.00, 1, 1,  8,  39.7279912, -83.7074099,  1196.0, 2026,  3, 28, 20,  3, 58,       98,      870, 105,  84,   2.0,   1.1,   1.6,  0,  0,  0, 26,  7, 27,  0,  0, 22,  0, 28,  8,  0,  0,  0,  0, 20,  0, 29,  0, 22,  0,  0,  0, 33,  0,  0,  0, 36,  0,  0,  0
6, 11026, 15,KE8EXM,     8.56, 5,   coast,  -12.75,  87521.00, 1218.22, 1083.41,   89.57, 19.9, 4.05, 4.02, 4.04,  -1.85,  -0.96,  -0.86, 132.96,   5.33,   1.36,   0.22,  -0.02,  -0.15,   7.95, 4.04, 0.00, 0.00, 0.00, 0.00, 1, 1,  8,  39.7279912, -83.7074099,  1196.0, 2026,  3, 28, 20,  3, 58,       98,      870, 105,  84,   2.0,   1.1,   1.6,  0,  0,  0, 26,  7, 27,  0,  0, 22,  0, 28,  8,  0,  0,  0,  0, 20,  0, 29,  0, 22,  0,  0,  0, 33,  0,  0,  0, 36,  0,  0,  0
6, 11026, 15,KE8EXM,     8.57, 5,   coast,  -14.22,  87502.00, 1220.00, 1085.19,   89.44, 19.9, 4.05, 4.02, 4.04,  -1.77,  -0.96,  -0.06, 131.49,   6.06,   1.54,   0.22,  -0.02,  -0.15,   7.93, 4.04, 0.00, 0.00, 0.00, 0.00, 1, 1,  8,  39.7279912, -83.7074099,  1196.0, 2026,  3, 28, 20,  3, 58,       98,      870, 105,  84,   2.0,   1.1,   1.6,  0,  0,  0, 26,  7, 27,  0,  0, 22,  0, 28,  8,  0,  0,  0,  0, 20,  0, 29,  0, 22,  0,  0,  0, 33,  0,  0,  0, 36,  0,  0,  0
6, 11026, 15,KE8EXM,     8.58, 5,   coast,  -12.26,  87502.00, 1220.00, 1085.19,   89.31, 19.9, 4.05, 4.02, 4.04,  -1.89,  -1.24,  -0.74, 132.53,   5.63,   1.29,   0.22,  -0.02,  -0.15,   7.90, 4.04, 0.00, 0.00, 0.00, 0.00, 1, 1,  8,  39.7279912, -83.7074099,  1196.0, 2026,  3, 28, 20,  3, 58,       98,      870, 105,  84,   2.0,   1.1,   1.6,  0,  0,  0, 26,  7, 27,  0,  0, 22,  0, 28,  8,  0,  0,  0,  0, 20,  0, 29,  0, 22,  0,  0,  0, 33,  0,  0,  0, 36,  0,  0,  0
6, 11026, 15,KE8EXM,     8.59, 5,   coast,  -12.26,  87480.00, 1222.06, 1087.26,   89.19, 19.9, 4.05, 4.02, 4.04,  -1.84,  -1.08,  -0.14, 131.43,   5.33,   1.48,   0.22,  -0.02,  -0.15,   7.88, 4.04, 0.00, 0.00, 0.00, 0.00, 1, 1,  8,  39.7279912, -83.7074099,  1196.0, 2026,  3, 28, 20,  3, 58,       98,      870, 105,  84,   2.0,   1.1,   1.6,  0,  0,  0, 26,  7, 27,  0,  0, 22,  0, 28,  8,  0,  0,  0,  0, 20,  0, 29,  0, 22,  0,  0,  0, 33,  0,  0,  0, 36,  0,  0,  0
6, 11026, 15,KE8EXM,     8.60, 5,   coast,  -12.26,  87480.00, 1222.06, 1087.26,   89.06, 19.9, 4.05, 4.02, 4.04,  -1.80,  -0.83,  -0.22, 130.70,   5.08,   1.66,   0.22,  -0.03,  -0.15,   7.86, 4.04, 0.00, 0.00, 0.00, 0.00, 1, 1,  8,  39.7279912, -83.7074099,  1196.0, 2026,  3, 28, 20,  3, 58,       98,      870, 105,  84,   2.0,   1.1,   1.6,  0,  0,  0, 26,  7, 27,  0,  0, 22,  0, 28,  8,  0,  0,  0,  0, 20,  0, 29,  0, 22,  0,  0,  0, 33,  0,  0,  0, 36,  0,  0,  0
6, 11026, 15,KE8EXM,     8.61, 5,   coast,  -12.26,  87461.00, 1223.85, 1089.04,   88.94, 19.9, 4.05, 4.02, 4.04,  -1.85,  -1.18,  -0.21, 130.15,   5.63,   1.84,   0.22,  -0.04,  -0.16,   7.84, 4.04, 0.00, 0.00, 0.00, 0.00, 1, 1,  8,  39.7279912, -83.7074099,  1196.0, 2026,  3, 28, 20,  3, 58,       98,      870, 105,  84,   2.0,   1.1,   1.6,  0,  0,  0, 26,  7, 27,  0,  0, 22,  0, 28,  8,  0,  0,  0,  0, 20,  0, 29,  0, 22,  0,  0,  0, 33,  0,  0,  0, 36,  0,  0,  0
6, 11026, 15,KE8EXM,     8.62, 5,   coast,  -13.24,  87461.00, 1223.85, 1089.04,   88.81, 19.9, 4.05, 4.02, 4.04,  -1.76,  -0.94,   0.08, 130.94,   5.57,   2.09,   0.22,  -0.04,  -0.16,   7.82, 4.04, 0.00, 0.00, 0.00, 0.00, 1, 1,  8,  39.7279912, -83.7074099,  1196.0, 2026,  3, 28, 20,  3, 58,       98,      870, 105,  84,   2.0,   1.1,   1.6,  0,  0,  0, 26,  7, 27,  0,  0, 22,  0, 28,  8,  0,  0,  0,  0, 20,  0, 29,  0, 22,  0,  0,  0, 33,  0,  0,  0, 36,  0,  0,  0
6, 11026, 15,KE8EXM,     8.63, 5,   coast,  -12.26,  87447.00, 1225.16, 1090.35,   88.69, 19.9, 4.05, 4.02, 4.04,  -1.80,  -1.13,   0.02, 130.21,   6.06,   2.15,   0.22,  -0.04,  -0.16,   7.80, 4.04, 0.00, 0.00, 0.00, 0.00, 1, 1,  8,  39.7279912, -83.7074099,  1196.0, 2026,  3, 28, 20,  3, 58,       98,      870, 105,  84,   2.0,   1.1,   1.6,  0,  0,  0, 26,  7, 27,  0,  0, 22,  0, 28,  8,  0,  0,  0,  0, 20,  0, 29,  0, 22,  0,  0,  0, 33,  0,  0,  0, 36,  0,  0,  0
6, 11026, 15,KE8EXM,     8.64, 5,   coast,  -12.26,  87447.00, 1225.16, 1090.35,   88.57, 19.9, 4.05, 4.02, 4.04,  -1.80,  -1.03,  -0.17, 130.52,   5.51,   2.21,   0.22,  -0.05,  -0.16,   7.78, 4.04, 0.00, 0.00, 0.00, 0.00, 1, 1,  8,  39.7279912, -83.7074099,  1196.0, 2026,  3, 28, 20,  3, 58,       98,      870, 105,  84,   2.0,   1.1,   1.6,  0,  0,  0, 26,  7, 27,  0,  0, 22,  0, 28,  8,  0,  0,  0,  0, 20,  0, 29,  0, 22,  0,  0,  0, 33,  0,  0,  0, 36,  0,  0,  0
6, 11026, 15,KE8EXM,     8.65, 5,   coast,  -10.30,  87436.00, 1226.19, 1091.38,   88.45, 19.9, 4.05, 4.02, 4.04,  -1.75,  -0.99,   0.14, 129.48,   6.00,   2.27,   0.22,  -0.05,  -0.16,   7.75, 4.04, 0.00, 0.00, 0.00, 0.00, 1, 1,  8,  39.7279912, -83.7074099,  1196.0, 2026,  3, 28, 20,  3, 58,       98,      870, 105,  84,   2.0,   1.1,   1.6,  0,  0,  0, 26,  7, 27,  0,  0, 22,  0, 28,  8,  0,  0,  0,  0, 20,  0, 29,  0, 22,  0,  0,  0, 33,  0,  0,  0, 36,  0,  0,  0
6, 11026, 15,KE8EXM,     8.66, 5,   coast,  -11.28,  87436.00, 1226.19, 1091.38,   88.34, 19.9, 4.03, 4.02, 4.03,  -1.83,  -1.19,   0.24, 129.48,   5.39,   2.15,   0.22,  -0.05,  -0.16,   7.73, 4.03, 0.00, 0.00, 0.00, 0.00, 1, 1,  8,  39.7279912, -83.7074099,  1196.0, 2026,  3, 28, 20,  3, 58,       98,      870, 105,  84,   2.0,   1.1,   1.6,  0,  0,  0, 26,  7, 27,  0,  0, 22,  0, 28,  8,  0,  0,  0,  0, 20,  0, 29,  0, 22,  0,  0,  0, 33,  0,  0,  0, 36,  0,  0,  0
6, 11026, 15,KE8EXM,     8.66, 5,   coast,  -11.28,  87436.00, 1226.19, 1091.38,   88.34, 19.9, 4.03, 4.02, 4.03,  -1.83,  -1.19,   0.24, 129.48,   5.39,   2.15,   0.22,  -0.05,  -0.16,   7.73, 4.03, 0.00, 0.00, 0.00, 0.00, 1, 1,  8,  39.7279912, -83.7074099,  1196.0, 2026,  3, 28, 20,  3, 58,       98,      870, 105,  84,   2.0,   1.1,   1.6,  0,  0,  0, 26,  7, 27,  0,  0, 22,  0, 28,  8,  0,  0,  0,  0, 20,  0, 29,  0, 22,  0,  0,  0, 33,  0,  0,  0, 36,  0,  0,  0
6, 11026, 15,KE8EXM,     8.67, 5,   coast,  -11.77,  87406.00, 1229.00, 1094.20,   88.22, 19.9, 4.03, 4.02, 4.03,  -1.79,  -1.34,   0.37, 129.36,   5.69,   2.58,   0.22,  -0.06,  -0.16,   7.70, 4.03, 0.00, 0.00, 0.00, 0.00, 1, 1,  8,  39.7279912, -83.7074099,  1196.0, 2026,  3, 28, 20,  3, 58,       98,      870, 105,  84,   2.0,   1.1,   1.6,  0,  0,  0, 26,  7, 27,  0,  0, 22,  0, 28,  8,  0,  0,  0,  0, 20,  0, 29,  0, 22,  0,  0,  0, 33,  0,  0,  0, 36,  0,  0,  0
6, 11026, 15,KE8EXM,     8.68, 5,   coast,  -11.28,  87406.00, 1229.00, 1094.20,   88.10, 19.9, 4.03, 4.02, 4.03,  -1.83,  -1.47,   0.58, 128.26,   5.69,   2.76,   0.22,  -0.06,  -0.16,   7.68, 4.03, 0.00, 0.00, 0.00, 0.00, 1, 1,  8,  39.7279912, -83.7074099,  1196.0, 2026,  3, 28, 20,  3, 58,       98,      870, 105,  84,   2.0,   1.1,   1.6,  0,  0,  0, 26,  7, 27,  0,  0, 22,  0, 28,  8,  0,  0,  0,  0, 20,  0, 29,  0, 22,  0,  0,  0, 33,  0,  0,  0, 36,  0,  0,  0
6, 11026, 15,KE8EXM,     8.69, 5,   coast,  -13.73,  87395.00, 1230.04, 1095.23,   87.98, 19.9, 4.03, 4.02, 4.03,  -1.77,  -1.02,   0.60, 130.27,   4.96,   2.51,   0.22,  -0.06,  -0.17,   7.66, 4.03, 0.00, 0.00, 0.00, 0.00, 1, 1,  8,  39.7279912, -83.7074099,  1196.0, 2026,  3, 28, 20,  3, 58,       98,      870, 105,  84,   2.0,   1.1,   1.6,  0,  0,  0, 26,  7, 27,  0,  0, 22,  0, 28,  8,  0,  0,  0,  0, 20,  0, 29,  0, 22,  0,  0,  0, 33,  0,  0,  0, 36,  0,  0,  0
6, 11026, 15,KE8EXM,     8.70, 5,   coast,  -12.26,  87395.00, 1230.04, 1095.23,   87.86, 19.9, 4.03, 4.02, 4.03,  -1.76,  -1.26,   0.16, 129.48,   5.75,   2.58,   0.22,  -0.06,  -0.17,   7.64, 4.03, 0.00, 0.00, 0.00, 0.00, 1, 1,  8,  39.7279912, -83.7074099,  1196.0, 2026,  3, 28, 20,  3, 58,       98,      870, 105,  84,   2.0,   1.1,   1.6,  0,  0,  0, 26,  7, 27,  0,  0, 22,  0, 28,  8,  0,  0,  0,  0, 20,  0, 29,  0, 22,  0,  0,  0, 33,  0,  0,  0, 36,  0,  0,  0
6, 11026, 15,KE8EXM,     8.71, 5,   coast,  -11.77,  87377.00, 1231.73, 1096.92,   87.74, 19.9, 4.03, 4.02, 4.03,  -1.82,  -1.27,   0.34, 129.36,   4.78,   2.39,   0.22,  -0.07,  -0.17,   7.62, 4.03, 0.00, 0.00, 0.00, 0.00, 1, 1,  8,  39.7279912, -83.7074099,  1196.0, 2026,  3, 28, 20,  3, 58,       98,      870, 105,  84,   2.0,   1.1,   1.6,  0,  0,  0, 26,  7, 27,  0,  0, 22,  0, 28,  8,  0,  0,  0,  0, 20,  0, 29,  0, 22,  0,  0,  0, 33,  0,  0,  0, 36,  0,  0,  0
6, 11026, 15,KE8EXM,     8.72, 5,   coast,  -11.77,  87377.00, 1231.73, 1096.92,   87.62, 19.9, 4.03, 4.02, 4.03,  -1.87,  -1.46,   0.44, 129.78,   4.29,   2.82,   0.22,  -0.07,  -0.16,   7.60, 4.03, 0.00, 0.00, 0.00, 0.00, 1, 1,  8,  39.7279912, -83.7074099,  1196.0, 2026,  3, 28, 20,  3, 58,       98,      870, 105,  84,   2.0,   1.1,   1.6,  0,  0,  0, 26,  7, 27,  0,  0, 22,  0, 28,  8,  0,  0,  0,  0, 20,  0, 29,  0, 22,  0,  0,  0, 33,  0,  0,  0, 36,  0,  0,  0
6, 11026, 15,KE8EXM,     8.73, 5,   coast,  -13.24,  87369.00, 1232.48, 1097.67,   87.50, 19.9, 4.03, 4.02, 4.03,  -1.79,  -1.08,   0.94, 129.42,   4.53,   2.70,   0.22,  -0.08,  -0.17,   7.58, 4.03, 0.00, 0.00, 0.00, 0.00, 1, 1,  8,  39.7279912, -83.7074099,  1196.0, 2026,  3, 28, 20,  3, 58,       98,      870, 105,  84,   2.0,   1.1,   1.6,  0,  0,  0, 26,  7, 27,  0,  0, 22,  0, 28,  8,  0,  0,  0,  0, 20,  0, 29,  0, 22,  0,  0,  0, 33,  0,  0,  0, 36,  0,  0,  0
6, 11026, 15,KE8EXM,     8.74, 5,   coast,  -12.26,  87369.00, 1232.48, 1097.67,   87.38, 19.9, 4.03, 4.02, 4.03,  -1.82,  -1.51,   0.35, 129.05,   4.41,   2.82,   0.22,  -0.08,  -0.16,   7.57, 4.03, 0.00, 0.00, 0.00, 0.00, 1, 1,  8,  39.7279912, -83.7074099,  1196.0, 2026,  3, 28, 20,  3, 58,       98,      870, 105,  84,   2.0,   1.1,   1.6,  0,  0,  0, 26,  7, 27,  0,  0, 22,  0, 28,  8,  0,  0,  0,  0, 20,  0, 29,  0, 22,  0,  0,  0, 33,  0,  0,  0, 36,  0,  0,  0
6, 11026, 15,KE8EXM,     8.75, 5,   coast,  -11.77,  87355.00, 1233.79, 1098.98,   87.26, 19.9, 4.03, 4.02, 4.03,  -1.73,  -1.52,   0.63, 129.72,   3.68,   3.13,   0.22,  -0.08,  -0.16,   7.56, 4.03, 0.00, 0.00, 0.00, 0.00, 1, 1,  8,  39.7279912, -83.7074099,  1196.0, 2026,  3, 28, 20,  3, 58,       98,      870, 105,  84,   2.0,   1.1,   1.6,  0,  0,  0, 26,  7, 27,  0,  0, 22,  0, 28,  8,  0,  0,  0,  0, 20,  0, 29,  0, 22,  0,  0,  0, 33,  0,  0,  0, 36,  0,  0,  0
6, 11026, 15,KE8EXM,     8.76, 5,   coast,  -10.30,  87355.00, 1233.79, 1098.98,   87.14, 19.9, 4.03, 4.02, 4.03,  -1.74,  -1.23,   0.17, 129.78,   3.80,   2.64,   0.22,  -0.08,  -0.16,   7.54, 4.03, 0.00, 0.00, 0.00, 0.00, 1, 1,  8,  39.7279912, -83.7074099,  1196.0, 2026,  3, 28, 20,  3, 58,       98,      870, 105,  84,   2.0,   1.1,   1.6,  0,  0,  0, 26,  7, 27,  0,  0, 22,  0, 28,  8,  0,  0,  0,  0, 20,  0, 29,  0, 22,  0,  0,  0, 33,  0,  0,  0, 36,  0,  0,  0
6, 11026, 15,KE8EXM,     8.77, 5,   coast,  -12.26,  87339.00, 1235.29, 1100.49,   87.03, 19.9, 4.03, 4.02, 4.03,  -1.69,  -1.39,   0.47, 130.21,   3.98,   2.76,   0.22,  -0.09,  -0.16,   7.53, 4.03, 0.00, 0.00, 0.00, 0.00, 1, 1,  8,  39.7279912, -83.7074099,  1196.0, 2026,  3, 28, 20,  3, 58,       98,      870, 105,  84,   2.0,   1.1,   1.6,  0,  0,  0, 26,  7, 27,  0,  0, 22,  0, 28,  8,  0,  0,  0,  0, 20,  0, 29,  0, 22,  0,  0,  0, 33,  0,  0,  0, 36,  0,  0,  0
6, 11026, 15,KE8EXM,     8.78, 5,   coast,  -10.30,  87339.00, 1235.29, 1100.49,   86.91, 19.9, 4.03, 4.02, 4.03,  -1.66,  -1.78,  -0.14, 130.15,   3.62,   2.70,   0.22,  -0.09,  -0.16,   7.51, 4.03, 0.00, 0.00, 0.00, 0.00, 1, 1,  8,  39.7279912, -83.7074099,  1196.0, 2026,  3, 28, 20,  3, 58,       98,      870, 105,  84,   2.0,   1.1,   1.6,  0,  0,  0, 26,  7, 27,  0,  0, 22,  0, 28,  8,  0,  0,  0,  0, 20,  0, 29,  0, 22,  0,  0,  0, 33,  0,  0,  0, 36,  0,  0,  0
6, 11026, 15,KE8EXM,     8.79, 5,   coast,  -11.28,  87313.00, 1237.73, 1102.93,   86.80, 19.9, 4.03, 4.02, 4.03,  -1.82,  -1.50,   0.01, 129.85,   3.07,   2.64,   0.22,  -0.10,  -0.16,   7.50, 4.03, 0.00, 0.00, 0.00, 0.00, 1, 1,  8,  39.7279912, -83.7074099,  1196.0, 2026,  3, 28, 20,  3, 58,       98,      870, 105,  84,   2.0,   1.1,   1.6,  0,  0,  0, 26,  7, 27,  0,  0, 22,  0, 28,  8,  0,  0,  0,  0, 20,  0, 29,  0, 22,  0,  0,  0, 33,  0,  0,  0, 36,  0,  0,  0
6, 11026, 15,KE8EXM,     8.80, 5,   coast,  -11.77,  87313.00, 1237.73, 1102.93,   86.68, 19.9, 4.03, 4.02, 4.03,  -1.84,  -1.39,   0.05, 129.85,   2.95,   2.51,   0.22,  -0.10,  -0.16,   7.49, 4.03, 0.00, 0.00, 0.00, 0.00, 1, 1,  8,  39.7279912, -83.7074099,  1196.0, 2026,  3, 28, 20,  3, 58,       98,      870, 105,  84,   2.0,   1.1,   1.6,  0,  0,  0, 26,  7, 27,  0,  0, 22,  0, 28,  8,  0,  0,  0,  0, 20,  0, 29,  0, 22,  0,  0,  0, 33,  0,  0,  0, 36,  0,  0,  0
6, 11026, 15,KE8EXM,     8.81, 5,   coast,  -13.73,  87306.00, 1238.39, 1103.58,   86.56, 19.9, 4.03, 4.02, 4.03,  -1.81,  -1.67,   0.58, 129.72,   3.43,   2.15,   0.22,  -0.10,  -0.16,   7.47, 4.03, 0.00, 0.00, 0.00, 0.00, 1, 1,  8,  39.7279912, -83.7074099,  1196.0, 2026,  3, 28, 20,  3, 58,       98,      870, 105,  84,   2.0,   1.1,   1.6,  0,  0,  0, 26,  7, 27,  0,  0, 22,  0, 28,  8,  0,  0,  0,  0, 20,  0, 29,  0, 22,  0,  0,  0, 33,  0,  0,  0, 36,  0,  0,  0
6, 11026, 15,KE8EXM,     8.82, 5,   coast,  -12.26,  87306.00, 1238.39, 1103.58,   86.44, 19.9, 4.03, 4.02, 4.03,  -1.73,  -2.06,  -0.20, 130.76,   2.70,   2.70,   0.22,  -0.11,  -0.16,   7.46, 4.03, 0.00, 0.00, 0.00, 0.00, 1, 1,  8,  39.7279912, -83.7074099,  1196.0, 2026,  3, 28, 20,  3, 58,       98,      870, 105,  84,   2.0,   1.1,   1.6,  0,  0,  0, 26,  7, 27,  0,  0, 22,  0, 28,  8,  0,  0,  0,  0, 20,  0, 29,  0, 22,  0,  0,  0, 33,  0,  0,  0, 36,  0,  0,  0
6, 11026, 15,KE8EXM,     8.83, 5,   coast,  -11.77,  87292.00, 1239.71, 1104.90,   86.32, 19.9, 4.03, 4.02, 4.03,  -1.67,  -1.26,   0.09, 129.66,   3.56,   2.21,   0.21,  -0.12,  -0.16,   7.44, 4.03, 0.00, 0.00, 0.00, 0.00, 1, 1,  8,  39.7279912, -83.7074099,  1196.0, 2026,  3, 28, 20,  3, 58,       98,      870, 105,  84,   2.0,   1.1,   1.6,  0,  0,  0, 26,  7, 27,  0,  0, 22,  0, 28,  8,  0,  0,  0,  0, 20,  0, 29,  0, 22,  0,  0,  0, 33,  0,  0,  0, 36,  0,  0,  0
6, 11026, 15,KE8EXM,     8.84, 5,   coast,  -10.79,  87292.00, 1239.71, 1104.90,   86.20, 19.9, 4.03, 4.02, 4.03,  -1.84,  -1.42,  -0.03, 130.46,   2.46,   1.90,   0.21,  -0.12,  -0.16,   7.43, 4.03, 0.00, 0.00, 0.00, 0.00, 1, 1,  8,  39.7279912, -83.7074099,  1196.0, 2026,  3, 28, 20,  3, 58,       98,      870, 105,  84,   2.0,   1.1,   1.6,  0,  0,  0, 26,  7, 27,  0,  0, 22,  0, 28,  8,  0,  0,  0,  0, 20,  0, 29,  0, 22,  0,  0,  0, 33,  0,  0,  0, 36,  0,  0,  0
6, 11026, 15,KE8EXM,     8.85, 5,   coast,  -12.26,  87263.00, 1242.43, 1107.62,   86.09, 19.9, 4.03, 4.02, 4.03,  -1.68,  -1.59,   0.47, 129.48,   3.31,   1.90,   0.22,  -0.12,  -0.16,   7.41, 4.03, 0.00, 0.00, 0.00, 0.00, 1, 1,  8,  39.7279912, -83.7074099,  1196.0, 2026,  3, 28, 20,  3, 58,       98,      870, 105,  84,   2.0,   1.1,   1.6,  0,  0,  0, 26,  7, 27,  0,  0, 22,  0, 28,  8,  0,  0,  0,  0, 20,  0, 29,  0, 22,  0,  0,  0, 33,  0,  0,  0, 36,  0,  0,  0
6, 11026, 15,KE8EXM,     8.86, 5,   coast,   -9.81,  87263.00, 1242.43, 1107.62,   85.98, 19.9, 4.03, 4.02, 4.03,  -1.75,  -1.80,  -0.07, 129.97,   2.64,   1.84,   0.22,  -0.12,  -0.16,   7.39, 4.03, 0.00, 0.00, 0.00, 0.00, 1, 1,  8,  39.7279912, -83.7074099,  1196.0, 2026,  3, 28, 20,  3, 58,       98,      870, 105,  84,   2.0,   1.1,   1.6,  0,  0,  0, 26,  7, 27,  0,  0, 22,  0, 28,  8,  0,  0,  0,  0, 20,  0, 29,  0, 22,  0,  0,  0, 33,  0,  0,  0, 36,  0,  0,  0
6, 11026, 15,KE8EXM,     8.87, 5,   coast,  -11.28,  87262.00, 1242.52, 1107.72,   85.86, 19.9, 4.03, 4.02, 4.03,  -1.85,  -1.39,  -0.65, 131.13,   3.19,   1.78,   0.22,  -0.13,  -0.16,   7.37, 4.03, 0.00, 0.00, 0.00, 0.00, 1, 1,  8,  39.7279912, -83.7074099,  1196.0, 2026,  3, 28, 20,  3, 58,       98,      870, 105,  84,   2.0,   1.1,   1.6,  0,  0,  0, 26,  7, 27,  0,  0, 22,  0, 28,  8,  0,  0,  0,  0, 20,  0, 29,  0, 22,  0,  0,  0, 33,  0,  0,  0, 36,  0,  0,  0
6, 11026, 15,KE8EXM,     8.88, 5,   coast,  -12.75,  87262.00, 1242.52, 1107.72,   85.75, 19.9, 4.03, 4.02, 4.03,  -1.72,  -1.57,  -0.02, 129.78,   3.13,   1.84,   0.22,  -0.13,  -0.16,   7.35, 4.03, 0.00, 0.00, 0.00, 0.00, 1, 1,  8,  39.7279912, -83.7074099,  1196.0, 2026,  3, 28, 20,  3, 58,       98,      870, 105,  84,   2.0,   1.1,   1.6,  0,  0,  0, 26,  7, 27,  0,  0, 22,  0, 28,  8,  0,  0,  0,  0, 20,  0, 29,  0, 22,  0,  0,  0, 33,  0,  0,  0, 36,  0,  0,  0
6, 11026, 15,KE8EXM,     8.89, 5,   coast,  -11.77,  87247.00, 1243.93, 1109.13,   85.63, 19.9, 4.03, 4.02, 4.03,  -1.73,  -1.21,  -0.06, 129.36,   3.01,   1.54,   0.22,  -0.13,  -0.15,   7.33, 4.03, 0.00, 0.00, 0.00, 0.00, 1, 1,  8,  39.7279912, -83.7074099,  1196.0, 2026,  3, 28, 20,  3, 58,       98,      870, 105,  84,   2.0,   1.1,   1.6,  0,  0,  0, 26,  7, 27,  0,  0, 22,  0, 28,  8,  0,  0,  0,  0, 20,  0, 29,  0, 22,  0,  0,  0, 33,  0,  0,  0, 36,  0,  0,  0
6, 11026, 15,KE8EXM,     8.90, 5,   coast,  -12.75,  87247.00, 1243.93, 1109.13,   85.51, 19.9, 4.03, 4.02, 4.03,  -1.69,  -1.91,   0.33, 129.91,   2.95,   1.72,   0.22,  -0.14,  -0.15,   7.31, 4.03, 0.00, 0.00, 0.00, 0.00, 1, 1,  8,  39.7279912, -83.7074099,  1196.0, 2026,  3, 28, 20,  3, 58,       98,      870, 105,  84,   2.0,   1.1,   1.6,  0,  0,  0, 26,  7, 27,  0,  0, 22,  0, 28,  8,  0,  0,  0,  0, 20,  0, 29,  0, 22,  0,  0,  0, 33,  0,  0,  0, 36,  0,  0,  0
6, 11026, 15,KE8EXM,     8.91, 5,   coast,   -9.32,  87227.00, 1245.81, 1111.01,   85.40, 19.9, 4.03, 4.02, 4.03,  -1.70,  -1.30,  -0.07, 128.93,   3.50,   1.48,   0.21,  -0.14,  -0.15,   7.28, 4.03, 0.00, 0.00, 0.00, 0.00, 1, 1,  8,  39.7279912, -83.7074099,  1196.0, 2026,  3, 28, 20,  3, 58,       98,      870, 105,  84,   2.0,   1.1,   1.6,  0,  0,  0, 26,  7, 27,  0,  0, 22,  0, 28,  8,  0,  0,  0,  0, 20,  0, 29,  0, 22,  0,  0,  0, 33,  0,  0,  0, 36,  0,  0,  0
6, 11026, 15,KE8EXM,     8.92, 5,   coast,  -10.79,  87227.00, 1245.81, 1111.01,   85.29, 19.9, 4.03, 4.02, 4.03,  -1.80,  -1.65,  -0.64, 129.78,   2.89,   1.17,   0.21,  -0.14,  -0.15,   7.26, 4.03, 0.00, 0.00, 0.00, 0.00, 1, 1,  8,  39.7279912, -83.7074099,  1196.0, 2026,  3, 28, 20,  3, 58,       98,      870, 105,  84,   2.0,   1.1,   1.6,  0,  0,  0, 26,  7, 27,  0,  0, 22,  0, 28,  8,  0,  0,  0,  0, 20,  0, 29,  0, 22,  0,  0,  0, 33,  0,  0,  0, 36,  0,  0,  0
6, 11026, 15,KE8EXM,     8.93, 5,   coast,  -12.75,  87211.00, 1247.32, 1112.51,   85.17, 19.9, 4.03, 4.02, 4.03,  -1.61,  -1.78,   0.39, 127.83,   3.50,   1.29,   0.21,  -0.15,  -0.15,   7.23, 4.03, 0.00, 0.00, 0.00, 0.00, 1, 1,  8,  39.7279912, -83.7074099,  1196.0, 2026,  3, 28, 20,  3, 58,       98,      870, 105,  84,   2.0,   1.1,   1.6,  0,  0,  0, 26,  7, 27,  0,  0, 22,  0, 28,  8,  0,  0,  0,  0, 20,  0, 29,  0, 22,  0,  0,  0, 33,  0,  0,  0, 36,  0,  0,  0
6, 11026, 15,KE8EXM,     8.94, 5,   coast,  -10.30,  87211.00, 1247.32, 1112.51,   85.06, 19.9, 4.03, 4.02, 4.03,  -1.74,  -1.63,  -0.24, 129.97,   3.07,   1.23,   0.22,  -0.15,  -0.15,   7.20, 4.03, 0.00, 0.00, 0.00, 0.00, 1, 1,  8,  39.7279912, -83.7074099,  1196.0, 2026,  3, 28, 20,  3, 58,       98,      870, 105,  84,   2.0,   1.1,   1.6,  0,  0,  0, 26,  7, 27,  0,  0, 22,  0, 28,  8,  0,  0,  0,  0, 20,  0, 29,  0, 22,  0,  0,  0, 33,  0,  0,  0, 36,  0,  0,  0
6, 11026, 15,KE8EXM,     8.95, 5,   coast,  -13.24,  87204.00, 1247.97, 1113.17,   84.94, 20.0, 4.03, 4.02, 4.03,  -1.65,  -1.40,  -0.12, 129.78,   3.56,   0.87,   0.22,  -0.15,  -0.14,   7.17, 4.03, 0.00, 0.00, 0.00, 0.00, 1, 1,  8,  39.7279912, -83.7074099,  1196.0, 2026,  3, 28, 20,  3, 58,       98,      870, 105,  84,   2.0,   1.1,   1.6,  0,  0,  0, 26,  7, 27,  0,  0, 22,  0, 28,  8,  0,  0,  0,  0, 20,  0, 29,  0, 22,  0,  0,  0, 33,  0,  0,  0, 36,  0,  0,  0
6, 11026, 15,KE8EXM,     8.96, 5,   coast,  -13.24,  87204.00, 1247.97, 1113.17,   84.82, 20.0, 4.03, 4.02, 4.03,  -1.76,  -1.20,  -0.62, 128.56,   2.76,   0.99,   0.22,  -0.16,  -0.14,   7.15, 4.03, 0.00, 0.00, 0.00, 0.00, 1, 1,  8,  39.7279912, -83.7074099,  1196.0, 2026,  3, 28, 20,  3, 58,       98,      870, 105,  84,   2.0,   1.1,   1.6,  0,  0,  0, 26,  7, 27,  0,  0, 22,  0, 28,  8,  0,  0,  0,  0, 20,  0, 29,  0, 22,  0,  0,  0, 33,  0,  0,  0, 36,  0,  0,  0
6, 11026, 15,KE8EXM,     8.97, 5,   coast,  -11.28,  87180.00, 1250.23, 1115.42,   84.69, 20.0, 4.03, 4.02, 4.03,  -1.69,  -1.57,   0.28, 128.20,   2.89,   1.11,   0.22,  -0.16,  -0.14,   7.12, 4.03, 0.00, 0.00, 0.00, 0.00, 1, 1,  8,  39.7279912, -83.7074099,  1196.0, 2026,  3, 28, 20,  3, 58,       98,      870, 105,  84,   2.0,   1.1,   1.6,  0,  0,  0, 26,  7, 27,  0,  0, 22,  0, 28,  8,  0,  0,  0,  0, 20,  0, 29,  0, 22,  0,  0,  0, 33,  0,  0,  0, 36,  0,  0,  0
6, 11026, 15,KE8EXM,     8.98, 5,   coast,  -12.75,  87180.00, 1250.23, 1115.42,   84.57, 20.0, 4.00, 3.99, 3.99,  -1.65,  -1.49,   0.16, 128.01,   3.25,   0.93,   0.21,  -0.16,  -0.14,   7.09, 4.01, 0.00, 0.00, 0.00, 0.00, 1, 1,  8,  39.7279912, -83.7074099,  1196.0, 2026,  3, 28, 20,  3, 58,       98,      870, 105,  84,   2.0,   1.1,   1.6,  0,  0,  0, 26,  7, 27,  0,  0, 22,  0, 28,  8,  0,  0,  0,  0, 20,  0, 29,  0, 22,  0,  0,  0, 33,  0,  0,  0, 36,  0,  0,  0
6, 11026, 15,KE8EXM,     8.98, 5,   coast,  -12.75,  87180.00, 1250.23, 1115.42,   84.57, 20.0, 4.00, 3.99, 3.99,  -1.65,  -1.49,   0.16, 128.01,   3.25,   0.93,   0.21,  -0.16,  -0.14,   7.09, 4.01, 0.00, 0.00, 0.00, 0.00, 1, 1,  8,  39.7279912, -83.7074099,  1196.0, 2026,  3, 28, 20,  3, 58,       98,      870, 105,  84,   2.0,   1.1,   1.6,  0,  0,  0, 26,  7, 27,  0,  0, 22,  0, 28,  8,  0,  0,  0,  0, 20,  0, 29,  0, 22,  0,  0,  0, 33,  0,  0,  0, 36,  0,  0,  0
6, 11026, 15,KE8EXM,     8.99, 5,   coast,  -10.79,  87164.00, 1251.73, 1116.93,   84.46, 20.0, 4.00, 3.99, 3.99,  -1.72,  -1.27,  -0.52, 129.42,   3.13,   0.62,   0.21,  -0.17,  -0.14,   7.06, 4.01, 0.00, 0.00, 0.00, 0.00, 1, 1,  8,  39.7279912, -83.7074099,  1196.0, 2026,  3, 28, 20,  3, 58,       98,      870, 105,  84,   2.0,   1.1,   1.6,  0,  0,  0, 26,  7, 27,  0,  0, 22,  0, 28,  8,  0,  0,  0,  0, 20,  0, 29,  0, 22,  0,  0,  0, 33,  0,  0,  0, 36,  0,  0,  0
6, 11026, 15,KE8EXM,     9.00, 5,   coast,  -11.28,  87164.00, 1251.73, 1116.93,   84.34, 20.0, 4.00, 3.99, 3.99,  -1.64,  -1.57,  -0.01, 127.53,   3.92,   0.50,   0.21,  -0.17,  -0.13,   7.02, 4.01, 0.00, 0.00, 0.00, 0.00, 1, 1,  8,  39.7279912, -83.7074099,  1196.0, 2026,  3, 28, 20,  3, 58,       98,      870, 105,  84,   2.0,   1.1,   1.6,  0,  0,  0, 26,  7, 27,  0,  0, 22,  0, 28,  8,  0,  0,  0,  0, 20,  0, 29,  0, 22,  0,  0,  0, 33,  0,  0,  0, 36,  0,  0,  0
6, 11026, 15,KE8EXM,     9.01, 5,   coast,  -12.26,  87158.00, 1252.30, 1117.49,   84.22, 20.0, 4.00, 3.99, 3.99,  -1.69,  -1.35,  -0.35, 127.22,   2.82,   0.56,   0.21,  -0.17,  -0.13,   7.00, 4.01, 0.00, 0.00, 0.00, 0.00, 1, 1,  8,  39.7279912, -83.7074099,  1196.0, 2026,  3, 28, 20,  3, 58,       98,      870, 105,  84,   2.0,   1.1,   1.6,  0,  0,  0, 26,  7, 27,  0,  0, 22,  0, 28,  8,  0,  0,  0,  0, 20,  0, 29,  0, 22,  0,  0,  0, 33,  0,  0,  0, 36,  0,  0,  0
6, 11026, 15,KE8EXM,     9.02, 5,   coast,  -11.77,  87158.00, 1252.30, 1117.49,   84.10, 20.0, 4.00, 3.99, 3.99,  -1.60,  -1.34,   0.47, 127.77,   3.25,   0.62,   0.21,  -0.17,  -0.13,   6.97, 4.01, 0.00, 0.00, 0.00, 0.00, 1, 1,  8,  39.7279912, -83.7074099,  1196.0, 2026,  3, 28, 20,  3, 58,       98,      870, 105,  84,   2.0,   1.1,   1.6,  0,  0,  0, 26,  7, 27,  0,  0, 22,  0, 28,  8,  0,  0,  0,  0, 20,  0, 29,  0, 22,  0,  0,  0, 33,  0,  0,  0, 36,  0,  0,  0
6, 11026, 15,KE8EXM,     9.03, 5,   coast,  -11.77,  87140.00, 1253.99, 1119.19,   83.99, 20.0, 4.00, 3.99, 3.99,  -1.71,  -1.42,   0.00, 126.98,   3.50,   0.50,   0.21,  -0.17,  -0.13,   6.93, 4.01, 0.00, 0.00, 0.00, 0.00, 1, 1,  8,  39.7279912, -83.7074099,  1196.0, 2026,  3, 28, 20,  3, 58,       98,      870, 105,  84,   2.0,   1.1,   1.6,  0,  0,  0, 26,  7, 27,  0,  0, 22,  0, 28,  8,  0,  0,  0,  0, 20,  0, 29,  0, 22,  0,  0,  0, 33,  0,  0,  0, 36,  0,  0,  0
6, 11026, 15,KE8EXM,     9.04, 5,   coast,  -12.26,  87140.00, 1253.99, 1119.19,   83.87, 20.0, 4.00, 3.99, 3.99,  -1.59,  -1.29,  -0.22, 127.40,   3.56,   0.26,   0.21,  -0.18,  -0.13,   6.90, 4.01, 0.00, 0.00, 0.00, 0.00, 1, 1,  8,  39.7279912, -83.7074099,  1196.0, 2026,  3, 28, 20,  3, 58,       98,      870, 105,  84,   2.0,   1.1,   1.6,  0,  0,  0, 26,  7, 27,  0,  0, 22,  0, 28,  8,  0,  0,  0,  0, 20,  0, 29,  0, 22,  0,  0,  0, 33,  0,  0,  0, 36,  0,  0,  0
6, 11026, 15,KE8EXM,     9.05, 5,   coast,  -11.28,  87124.00, 1255.50, 1120.69,   83.75, 20.0, 4.00, 3.99, 3.99,  -1.62,  -1.44,  -0.35, 127.65,   2.89,   0.26,   0.21,  -0.18,  -0.12,   6.87, 4.01, 0.00, 0.00, 0.00, 0.00, 1, 1,  8,  39.7279912, -83.7074099,  1196.0, 2026,  3, 28, 20,  3, 58,       98,      870, 105,  84,   2.0,   1.1,   1.6,  0,  0,  0, 26,  7, 27,  0,  0, 22,  0, 28,  8,  0,  0,  0,  0, 20,  0, 29,  0, 22,  0,  0,  0, 33,  0,  0,  0, 36,  0,  0,  0
6, 11026, 15,KE8EXM,     9.06, 5,   coast,  -11.77,  87124.00, 1255.50, 1120.69,   83.64, 20.0, 4.00, 3.99, 3.99,  -1.70,  -1.78,  -0.10, 127.10,   2.95,   0.62,   0.21,  -0.18,  -0.12,   6.84, 4.01, 0.00, 0.00, 0.00, 0.00, 1, 1,  8,  39.7279912, -83.7074099,  1196.0, 2026,  3, 28, 20,  3, 58,       98,      870, 105,  84,   2.0,   1.1,   1.6,  0,  0,  0, 26,  7, 27,  0,  0, 22,  0, 28,  8,  0,  0,  0,  0, 20,  0, 29,  0, 22,  0,  0,  0, 33,  0,  0,  0, 36,  0,  0,  0
6, 11026, 15,KE8EXM,     9.07, 5,   coast,  -10.30,  87112.00, 1256.63, 1121.82,   83.52, 20.0, 4.00, 3.99, 3.99,  -1.61,  -1.12,   0.09, 127.04,   3.07,   0.56,   0.21,  -0.19,  -0.12,   6.81, 4.01, 0.00, 0.00, 0.00, 0.00, 1, 1,  8,  39.7279912, -83.7074099,  1196.0, 2026,  3, 28, 20,  3, 58,       98,      870, 105,  84,   2.0,   1.1,   1.6,  0,  0,  0, 26,  7, 27,  0,  0, 22,  0, 28,  8,  0,  0,  0,  0, 20,  0, 29,  0, 22,  0,  0,  0, 33,  0,  0,  0, 36,  0,  0,  0
6, 11026, 15,KE8EXM,     9.08, 5,   coast,  -11.28,  87112.00, 1256.63, 1121.82,   83.41, 20.0, 4.00, 3.99, 3.99,  -1.65,  -1.21,  -0.68, 127.40,   3.92,   0.13,   0.21,  -0.19,  -0.12,   6.77, 4.01, 0.00, 0.00, 0.00, 0.00, 1, 1,  8,  39.7279912, -83.7074099,  1196.0, 2026,  3, 28, 20,  3, 58,       98,      870, 105,  84,   2.0,   1.1,   1.6,  0,  0,  0, 26,  7, 27,  0,  0, 22,  0, 28,  8,  0,  0,  0,  0, 20,  0, 29,  0, 22,  0,  0,  0, 33,  0,  0,  0, 36,  0,  0,  0
6, 11026, 15,KE8EXM,     9.09, 5,   coast,  -11.77,  87095.00, 1258.22, 1123.42,   83.30, 20.0, 4.00, 3.99, 3.99,  -1.77,  -2.07,  -0.63, 126.49,   3.62,   0.32,   0.21,  -0.19,  -0.11,   6.73, 4.01, 0.00, 0.00, 0.00, 0.00, 1, 1,  8,  39.7279912, -83.7074099,  1196.0, 2026,  3, 28, 20,  3, 58,       98,      870, 105,  84,   2.0,   1.1,   1.6,  0,  0,  0, 26,  7, 27,  0,  0, 22,  0, 28,  8,  0,  0,  0,  0, 20,  0, 29,  0, 22,  0,  0,  0, 33,  0,  0,  0, 36,  0,  0,  0
6, 11026, 15,KE8EXM,     9.10, 5,   coast,  -12.75,  87095.00, 1258.22, 1123.42,   83.18, 20.0, 4.00, 3.99, 3.99,  -1.54,  -1.65,   0.22, 125.15,   3.74,   0.20,   0.21,  -0.19,  -0.11,   6.70, 4.01, 0.00, 0.00, 0.00, 0.00, 1, 1,  8,  39.7279912, -83.7074099,  1196.0, 2026,  3, 28, 20,  3, 58,       98,      870, 105,  84,   2.0,   1.1,   1.6,  0,  0,  0, 26,  7, 27,  0,  0, 22,  0, 28,  8,  0,  0,  0,  0, 20,  0, 29,  0, 22,  0,  0,  0, 33,  0,  0,  0, 36,  0,  0,  0
6, 11026, 15,KE8EXM,     9.11, 5,   coast,  -10.79,  87091.00, 1258.60, 1123.80,   83.07, 20.0, 4.00, 3.99, 3.99,  -1.69,  -1.46,  -0.27, 126.00,   3.86,  -0.23,   0.21,  -0.19,  -0.11,   6.66, 4.01, 0.00, 0.00, 0.00, 0.00, 1, 1,  8,  39.7279912, -83.7074099,  1196.0, 2026,  3, 28, 20,  3, 58,       98,      870, 105,  84,   2.0,   1.1,   1.6,  0,  0,  0, 26,  7, 27,  0,  0, 22,  0, 28,  8,  0,  0,  0,  0, 20,  0, 29,  0, 22,  0,  0,  0, 33,  0,  0,  0, 36,  0,  0,  0
6, 11026, 15,KE8EXM,     9.11, 5,   coast,  -10.79,  87091.00, 1258.60, 1123.80,   83.07, 20.0, 4.00, 3.99, 3.99,  -1.69,  -1.46,  -0.27, 126.00,   3.86,  -0.23,   0.21,  -0.19,  -0.11,   6.66, 4.01, 0.00, 0.00, 0.00, 0.00, 1, 1,  8,  39.7279912, -83.7074099,  1196.0, 2026,  3, 28, 20,  3, 58,       98,      870, 105,  84,   2.0,   1.1,   1.6,  0,  0,  0, 26,  7, 27,  0,  0, 22,  0, 28,  8,  0,  0,  0,  0, 20,  0, 29,  0, 22,  0,  0,  0, 33,  0,  0,  0, 36,  0,  0,  0
6, 11026, 15,KE8EXM,     9.11, 5,   coast,  -10.79,  87091.00, 1258.60, 1123.80,   83.07, 20.0, 4.00, 3.99, 3.99,  -1.69,  -1.46,  -0.27, 126.00,   3.86,  -0.23,   0.21,  -0.19,  -0.11,   6.66, 4.01, 0.00, 0.00, 0.00, 0.00, 1, 1,  8,  39.7279912, -83.7074099,  1196.0, 2026,  3, 28, 20,  3, 58,       98,      870, 105,  84,   2.0,   1.1,   1.6,  0,  0,  0, 26,  7, 27,  0,  0, 22,  0, 28,  8,  0,  0,  0,  0, 20,  0, 29,  0, 22,  0,  0,  0, 33,  0,  0,  0, 36,  0,  0,  0
6, 11026, 15,KE8EXM,     9.12, 5,   coast,  -11.28,  87091.00, 1258.60, 1123.80,   82.95, 20.0, 4.00, 3.99, 3.99,  -1.66,  -1.97,  -0.65, 126.00,   4.41,  -0.23,   0.21,  -0.20,  -0.11,   6.61, 4.01, 0.00, 0.00, 0.00, 0.00, 1, 1,  7,  39.7279125, -83.7072900,  1295.0, 2026,  3, 28, 20,  3, 59,      110,      969, 108,  83,   2.1,   1.0,   1.8,  0,  0,  0, 31, 34, 35,  0,  0, 36,  0, 28, 22,  0,  0,  0,  0, 33,  0, 33,  0, 36,  0,  0,  0, 14,  0,  0,  0, 18,  0,  0,  0
6, 11026, 15,KE8EXM,     9.13, 5,   coast,  -11.28,  87061.00, 1261.42, 1126.62,   82.83, 20.0, 4.00, 3.99, 3.99,  -1.50,  -1.65,  -0.42, 124.47,   4.59,   0.01,   0.21,  -0.20,  -0.10,   6.57, 4.01, 0.00, 0.00, 0.00, 0.00, 1, 1,  7,  39.7279125, -83.7072900,  1295.0, 2026,  3, 28, 20,  3, 59,      110,      969, 108,  83,   2.1,   1.0,   1.8,  0,  0,  0, 31, 34, 35,  0,  0, 36,  0, 28, 22,  0,  0,  0,  0, 33,  0, 33,  0, 36,  0,  0,  0, 14,  0,  0,  0, 18,  0,  0,  0
6, 11026, 15,KE8EXM,     9.14, 5,   coast,  -12.75,  87061.00, 1261.42, 1126.62,   82.72, 20.0, 4.00, 3.99, 3.99,  -1.59,  -1.26,   0.00, 124.53,   4.53,  -0.48,   0.21,  -0.20,  -0.10,   6.52, 4.01, 0.00, 0.00, 0.00, 0.00, 1, 1,  7,  39.7279125, -83.7072900,  1295.0, 2026,  3, 28, 20,  3, 59,      110,      969, 108,  83,   2.1,   1.0,   1.8,  0,  0,  0, 31, 34, 35,  0,  0, 36,  0, 28, 22,  0,  0,  0,  0, 33,  0, 33,  0, 36,  0,  0,  0, 14,  0,  0,  0, 18,  0,  0,  0
6, 11026, 15,KE8EXM,     9.15, 5,   coast,  -10.79,  87053.00, 1262.18, 1127.37,   82.60, 20.0, 4.00, 3.99, 3.99,  -1.57,  -1.73,  -0.39, 125.08,   4.84,  -0.35,   0.21,  -0.20,  -0.10,   6.48, 4.01, 0.00, 0.00, 0.00, 0.00, 1, 1,  7,  39.7279125, -83.7072900,  1295.0, 2026,  3, 28, 20,  3, 59,      110,      969, 108,  83,   2.1,   1.0,   1.8,  0,  0,  0, 31, 34, 35,  0,  0, 36,  0, 28, 22,  0,  0,  0,  0, 33,  0, 33,  0, 36,  0,  0,  0, 14,  0,  0,  0, 18,  0,  0,  0
6, 11026, 15,KE8EXM,     9.16, 5,   coast,  -11.28,  87053.00, 1262.18, 1127.37,   82.49, 20.0, 4.00, 3.99, 3.99,  -1.54,  -1.84,  -0.26, 124.05,   5.08,  -0.41,   0.21,  -0.20,  -0.10,   6.43, 4.01, 0.00, 0.00, 0.00, 0.00, 1, 1,  7,  39.7279125, -83.7072900,  1295.0, 2026,  3, 28, 20,  3, 59,      110,      969, 108,  83,   2.1,   1.0,   1.8,  0,  0,  0, 31, 34, 35,  0,  0, 36,  0, 28, 22,  0,  0,  0,  0, 33,  0, 33,  0, 36,  0,  0,  0, 14,  0,  0,  0, 18,  0,  0,  0
6, 11026, 15,KE8EXM,     9.17, 5,   coast,  -13.24,  87027.00, 1264.63, 1129.82,   82.37, 20.0, 4.00, 3.99, 3.99,  -1.62,  -1.54,  -0.77, 123.68,   5.14,  -0.48,   0.21,  -0.21,  -0.09,   6.38, 4.01, 0.00, 0.00, 0.00, 0.00, 1, 1,  7,  39.7279125, -83.7072900,  1295.0, 2026,  3, 28, 20,  3, 59,      110,      969, 108,  83,   2.1,   1.0,   1.8,  0,  0,  0, 31, 34, 35,  0,  0, 36,  0, 28, 22,  0,  0,  0,  0, 33,  0, 33,  0, 36,  0,  0,  0, 14,  0,  0,  0, 18,  0,  0,  0
6, 11026, 15,KE8EXM,     9.18, 5,   coast,   -9.32,  87027.00, 1264.63, 1129.82,   82.26, 20.0, 4.00, 3.99, 3.99,  -1.58,  -1.98,  -0.06, 124.29,   5.45,  -0.66,   0.21,  -0.21,  -0.09,   6.32, 4.01, 0.00, 0.00, 0.00, 0.00, 1, 1,  7,  39.7279125, -83.7072900,  1295.0, 2026,  3, 28, 20,  3, 59,      110,      969, 108,  83,   2.1,   1.0,   1.8,  0,  0,  0, 31, 34, 35,  0,  0, 36,  0, 28, 22,  0,  0,  0,  0, 33,  0, 33,  0, 36,  0,  0,  0, 14,  0,  0,  0, 18,  0,  0,  0
6, 11026, 15,KE8EXM,     9.19, 5,   coast,  -12.75,  87015.00, 1265.76, 1130.95,   82.14, 20.0, 4.00, 3.99, 3.99,  -1.49,  -1.34,  -0.13, 123.01,   5.45,  -0.60,   0.21,  -0.21,  -0.09,   6.27, 4.01, 0.00, 0.00, 0.00, 0.00, 1, 1,  7,  39.7279125, -83.7072900,  1295.0, 2026,  3, 28, 20,  3, 59,      110,      969, 108,  83,   2.1,   1.0,   1.8,  0,  0,  0, 31, 34, 35,  0,  0, 36,  0, 28, 22,  0,  0,  0,  0, 33,  0, 33,  0, 36,  0,  0,  0, 14,  0,  0,  0, 18,  0,  0,  0
6, 11026, 15,KE8EXM,     9.20, 5,   coast,  -10.79,  87015.00, 1265.76, 1130.95,   82.03, 20.0, 4.00, 3.99, 3.99,  -1.68,  -1.64,  -0.34, 123.31,   5.02,  -1.09,   0.21,  -0.21,  -0.09,   6.23, 4.01, 0.00, 0.00, 0.00, 0.00, 1, 1,  7,  39.7279125, -83.7072900,  1295.0, 2026,  3, 28, 20,  3, 59,      110,      969, 108,  83,   2.1,   1.0,   1.8,  0,  0,  0, 31, 34, 35,  0,  0, 36,  0, 28, 22,  0,  0,  0,  0, 33,  0, 33,  0, 36,  0,  0,  0, 14,  0,  0,  0, 18,  0,  0,  0
6, 11026, 15,KE8EXM,     9.21, 5,   coast,  -12.26,  87002.00, 1266.98, 1132.17,   81.91, 20.0, 4.00, 3.99, 3.99,  -1.64,  -2.05,  -0.34, 122.76,   5.02,  -1.03,   0.21,  -0.21,  -0.09,   6.18, 4.01, 0.00, 0.00, 0.00, 0.00, 1, 1,  7,  39.7279125, -83.7072900,  1295.0, 2026,  3, 28, 20,  3, 59,      110,      969, 108,  83,   2.1,   1.0,   1.8,  0,  0,  0, 31, 34, 35,  0,  0, 36,  0, 28, 22,  0,  0,  0,  0, 33,  0, 33,  0, 36,  0,  0,  0, 14,  0,  0,  0, 18,  0,  0,  0
6, 11026, 15,KE8EXM,     9.22, 5,   coast,  -11.28,  87002.00, 1266.98, 1132.17,   81.79, 20.0, 4.00, 3.99, 3.99,  -1.56,  -1.79,  -0.26, 122.58,   5.57,  -0.90,   0.21,  -0.21,  -0.08,   6.13, 4.01, 0.00, 0.00, 0.00, 0.00, 1, 1,  7,  39.7279125, -83.7072900,  1295.0, 2026,  3, 28, 20,  3, 59,      110,      969, 108,  83,   2.1,   1.0,   1.8,  0,  0,  0, 31, 34, 35,  0,  0, 36,  0, 28, 22,  0,  0,  0,  0, 33,  0, 33,  0, 36,  0,  0,  0, 14,  0,  0,  0, 18,  0,  0,  0
6, 11026, 15,KE8EXM,     9.23, 5,   coast,  -11.77,  86989.00, 1268.20, 1133.40,   81.68, 20.0, 4.00, 3.99, 3.99,  -1.53,  -1.28,  -0.30, 123.07,   5.82,  -1.09,   0.21,  -0.21,  -0.08,   6.08, 4.01, 0.00, 0.00, 0.00, 0.00, 1, 1,  7,  39.7279125, -83.7072900,  1295.0, 2026,  3, 28, 20,  3, 59,      110,      969, 108,  83,   2.1,   1.0,   1.8,  0,  0,  0, 31, 34, 35,  0,  0, 36,  0, 28, 22,  0,  0,  0,  0, 33,  0, 33,  0, 36,  0,  0,  0, 14,  0,  0,  0, 18,  0,  0,  0
6, 11026, 15,KE8EXM,     9.24, 5,   coast,  -13.24,  86989.00, 1268.20, 1133.40,   81.56, 20.0, 4.00, 3.99, 3.99,  -1.47,  -1.02,  -0.04, 122.09,   5.88,  -1.45,   0.21,  -0.21,  -0.08,   6.03, 4.01, 0.00, 0.00, 0.00, 0.00, 1, 1,  7,  39.7279125, -83.7072900,  1295.0, 2026,  3, 28, 20,  3, 59,      110,      969, 108,  83,   2.1,   1.0,   1.8,  0,  0,  0, 31, 34, 35,  0,  0, 36,  0, 28, 22,  0,  0,  0,  0, 33,  0, 33,  0, 36,  0,  0,  0, 14,  0,  0,  0, 18,  0,  0,  0
6, 11026, 15,KE8EXM,     9.25, 5,   coast,  -11.28,  86976.00, 1269.43, 1134.62,   81.44, 20.0, 4.00, 3.99, 3.99,  -1.54,  -1.44,  -0.63, 121.67,   6.18,  -1.45,   0.21,  -0.21,  -0.08,   5.98, 4.01, 0.00, 0.00, 0.00, 0.00, 1, 1,  7,  39.7279125, -83.7072900,  1295.0, 2026,  3, 28, 20,  3, 59,      110,      969, 108,  83,   2.1,   1.0,   1.8,  0,  0,  0, 31, 34, 35,  0,  0, 36,  0, 28, 22,  0,  0,  0,  0, 33,  0, 33,  0, 36,  0,  0,  0, 14,  0,  0,  0, 18,  0,  0,  0
6, 11026, 15,KE8EXM,     9.26, 5,   coast,  -10.79,  86976.00, 1269.43, 1134.62,   81.32, 20.0, 4.00, 3.99, 3.99,  -1.47,  -1.55,  -0.04, 121.73,   6.43,  -1.15,   0.21,  -0.22,  -0.07,   5.93, 4.01, 0.00, 0.00, 0.00, 0.00, 1, 1,  7,  39.7279125, -83.7072900,  1295.0, 2026,  3, 28, 20,  3, 59,      110,      969, 108,  83,   2.1,   1.0,   1.8,  0,  0,  0, 31, 34, 35,  0,  0, 36,  0, 28, 22,  0,  0,  0,  0, 33,  0, 33,  0, 36,  0,  0,  0, 14,  0,  0,  0, 18,  0,  0,  0
6, 11026, 15,KE8EXM,     9.27, 5,   coast,  -11.77,  86963.00, 1270.65, 1135.85,   81.21, 20.0, 4.00, 3.99, 3.99,  -1.52,  -1.24,  -0.43, 120.45,   6.18,  -1.21,   0.21,  -0.22,  -0.07,   5.88, 4.01, 0.00, 0.00, 0.00, 0.00, 1, 1,  7,  39.7279125, -83.7072900,  1295.0, 2026,  3, 28, 20,  3, 59,      110,      969, 108,  83,   2.1,   1.0,   1.8,  0,  0,  0, 31, 34, 35,  0,  0, 36,  0, 28, 22,  0,  0,  0,  0, 33,  0, 33,  0, 36,  0,  0,  0, 14,  0,  0,  0, 18,  0,  0,  0
6, 11026, 15,KE8EXM,     9.28, 5,   coast,  -11.77,  86963.00, 1270.65, 1135.85,   81.09, 20.0, 4.00, 3.99, 3.99,  -1.52,  -0.78,  -0.15, 120.63,   5.57,  -1.70,   0.21,  -0.22,  -0.07,   5.83, 4.01, 0.00, 0.00, 0.00, 0.00, 1, 1,  7,  39.7279125, -83.7072900,  1295.0, 2026,  3, 28, 20,  3, 59,      110,      969, 108,  83,   2.1,   1.0,   1.8,  0,  0,  0, 31, 34, 35,  0,  0, 36,  0, 28, 22,  0,  0,  0,  0, 33,  0, 33,  0, 36,  0,  0,  0, 14,  0,  0,  0, 18,  0,  0,  0
6, 11026, 15,KE8EXM,     9.29, 5,   coast,  -11.77,  86942.00, 1272.63, 1137.83,   80.98, 20.0, 4.00, 3.99, 3.99,  -1.54,  -1.53,  -0.11, 120.26,   6.36,  -1.03,   0.21,  -0.22,  -0.06,   5.78, 4.01, 0.00, 0.00, 0.00, 0.00, 1, 1,  7,  39.7279125, -83.7072900,  1295.0, 2026,  3, 28, 20,  3, 59,      110,      969, 108,  83,   2.1,   1.0,   1.8,  0,  0,  0, 31, 34, 35,  0,  0, 36,  0, 28, 22,  0,  0,  0,  0, 33,  0, 33,  0, 36,  0,  0,  0, 14,  0,  0,  0, 18,  0,  0,  0
6, 11026, 15,KE8EXM,     9.30, 5,   coast,   -9.81,  86942.00, 1272.63, 1137.83,   80.87, 20.0, 4.00, 3.97, 3.99,  -1.42,  -1.68,  -0.29, 120.63,   6.43,  -0.90,   0.21,  -0.22,  -0.06,   5.73, 3.99, 0.00, 0.00, 0.00, 0.00, 1, 1,  7,  39.7279125, -83.7072900,  1295.0, 2026,  3, 28, 20,  3, 59,      110,      969, 108,  83,   2.1,   1.0,   1.8,  0,  0,  0, 31, 34, 35,  0,  0, 36,  0, 28, 22,  0,  0,  0,  0, 33,  0, 33,  0, 36,  0,  0,  0, 14,  0,  0,  0, 18,  0,  0,  0
6, 11026, 15,KE8EXM,     9.30, 5,   coast,   -9.81,  86942.00, 1272.63, 1137.83,   80.87, 20.0, 4.00, 3.97, 3.99,  -1.42,  -1.68,  -0.29, 120.63,   6.43,  -0.90,   0.21,  -0.22,  -0.06,   5.73, 3.99, 0.00, 0.00, 0.00, 0.00, 1, 1,  7,  39.7279125, -83.7072900,  1295.0, 2026,  3, 28, 20,  3, 59,      110,      969, 108,  83,   2.1,   1.0,   1.8,  0,  0,  0, 31, 34, 35,  0,  0, 36,  0, 28, 22,  0,  0,  0,  0, 33,  0, 33,  0, 36,  0,  0,  0, 14,  0,  0,  0, 18,  0,  0,  0
6, 11026, 15,KE8EXM,     9.31, 5,   coast,  -12.26,  86930.00, 1273.76, 1138.96,   80.75, 20.0, 4.00, 3.97, 3.99,  -1.41,  -0.73,  -0.10, 120.81,   6.85,  -1.09,   0.21,  -0.22,  -0.06,   5.68, 3.99, 0.00, 0.00, 0.00, 0.00, 1, 1,  7,  39.7279125, -83.7072900,  1295.0, 2026,  3, 28, 20,  3, 59,      110,      969, 108,  83,   2.1,   1.0,   1.8,  0,  0,  0, 31, 34, 35,  0,  0, 36,  0, 28, 22,  0,  0,  0,  0, 33,  0, 33,  0, 36,  0,  0,  0, 14,  0,  0,  0, 18,  0,  0,  0
6, 11026, 15,KE8EXM,     9.32, 5,   coast,  -10.79,  86930.00, 1273.76, 1138.96,   80.64, 20.0, 4.00, 3.97, 3.99,  -1.53,  -1.28,  -0.72, 119.41,   6.43,  -1.03,   0.22,  -0.22,  -0.06,   5.63, 3.99, 0.00, 0.00, 0.00, 0.00, 1, 1,  7,  39.7279125, -83.7072900,  1295.0, 2026,  3, 28, 20,  3, 59,      110,      969, 108,  83,   2.1,   1.0,   1.8,  0,  0,  0, 31, 34, 35,  0,  0, 36,  0, 28, 22,  0,  0,  0,  0, 33,  0, 33,  0, 36,  0,  0,  0, 14,  0,  0,  0, 18,  0,  0,  0
6, 11026, 15,KE8EXM,     9.33, 5,   coast,  -10.79,  86914.00, 1275.27, 1140.46,   80.52, 20.0, 4.00, 3.97, 3.99,  -1.38,  -1.42,   0.01, 119.22,   6.79,  -0.96,   0.21,  -0.22,  -0.05,   5.58, 3.99, 0.00, 0.00, 0.00, 0.00, 1, 1,  7,  39.7279125, -83.7072900,  1295.0, 2026,  3, 28, 20,  3, 59,      110,      969, 108,  83,   2.1,   1.0,   1.8,  0,  0,  0, 31, 34, 35,  0,  0, 36,  0, 28, 22,  0,  0,  0,  0, 33,  0, 33,  0, 36,  0,  0,  0, 14,  0,  0,  0, 18,  0,  0,  0
6, 11026, 15,KE8EXM,     9.34, 5,   coast,  -13.73,  86914.00, 1275.27, 1140.46,   80.41, 20.0, 4.00, 3.97, 3.99,  -1.55,  -1.74,  -0.79, 120.32,   6.85,  -0.66,   0.21,  -0.22,  -0.05,   5.53, 3.99, 0.00, 0.00, 0.00, 0.00, 1, 1,  7,  39.7279125, -83.7072900,  1295.0, 2026,  3, 28, 20,  3, 59,      110,      969, 108,  83,   2.1,   1.0,   1.8,  0,  0,  0, 31, 34, 35,  0,  0, 36,  0, 28, 22,  0,  0,  0,  0, 33,  0, 33,  0, 36,  0,  0,  0, 14,  0,  0,  0, 18,  0,  0,  0
6, 11026, 15,KE8EXM,     9.35, 5,   coast,  -11.77,  86897.00, 1276.87, 1142.07,   80.29, 20.0, 4.00, 3.97, 3.99,  -1.39,  -1.27,   0.23, 119.53,   7.04,  -0.78,   0.21,  -0.23,  -0.05,   5.48, 3.99, 0.00, 0.00, 0.00, 0.00, 1, 1,  7,  39.7279125, -83.7072900,  1295.0, 2026,  3, 28, 20,  3, 59,      110,      969, 108,  83,   2.1,   1.0,   1.8,  0,  0,  0, 31, 34, 35,  0,  0, 36,  0, 28, 22,  0,  0,  0,  0, 33,  0, 33,  0, 36,  0,  0,  0, 14,  0,  0,  0, 18,  0,  0,  0
6, 11026, 15,KE8EXM,     9.36, 5,   coast,  -12.75,  86897.00, 1276.87, 1142.07,   80.17, 20.0, 4.00, 3.97, 3.99,  -1.40,  -0.66,  -0.39, 118.80,   7.77,  -0.84,   0.21,  -0.23,  -0.05,   5.43, 3.99, 0.00, 0.00, 0.00, 0.00, 1, 1,  7,  39.7279125, -83.7072900,  1295.0, 2026,  3, 28, 20,  3, 59,      110,      969, 108,  83,   2.1,   1.0,   1.8,  0,  0,  0, 31, 34, 35,  0,  0, 36,  0, 28, 22,  0,  0,  0,  0, 33,  0, 33,  0, 36,  0,  0,  0, 14,  0,  0,  0, 18,  0,  0,  0
6, 11026, 15,KE8EXM,     9.37, 5,   coast,  -10.79,  86868.00, 1279.61, 1144.80,   80.05, 20.0, 4.00, 3.97, 3.99,  -1.42,  -1.68,  -0.54, 119.77,   6.91,  -0.72,   0.21,  -0.23,  -0.04,   5.38, 3.99, 0.00, 0.00, 0.00, 0.00, 1, 1,  7,  39.7279125, -83.7072900,  1295.0, 2026,  3, 28, 20,  3, 59,      110,      969, 108,  83,   2.1,   1.0,   1.8,  0,  0,  0, 31, 34, 35,  0,  0, 36,  0, 28, 22,  0,  0,  0,  0, 33,  0, 33,  0, 36,  0,  0,  0, 14,  0,  0,  0, 18,  0,  0,  0
6, 11026, 15,KE8EXM,     9.38, 5,   coast,  -11.77,  86868.00, 1279.61, 1144.80,   79.93, 20.0, 4.00, 3.97, 3.99,  -1.44,  -2.03,  -1.03, 117.03,   8.01,  -0.60,   0.21,  -0.23,  -0.04,   5.33, 3.99, 0.00, 0.00, 0.00, 0.00, 1, 1,  7,  39.7279125, -83.7072900,  1295.0, 2026,  3, 28, 20,  3, 59,      110,      969, 108,  83,   2.1,   1.0,   1.8,  0,  0,  0, 31, 34, 35,  0,  0, 36,  0, 28, 22,  0,  0,  0,  0, 33,  0, 33,  0, 36,  0,  0,  0, 14,  0,  0,  0, 18,  0,  0,  0
6, 11026, 15,KE8EXM,     9.39, 5,   coast,  -10.79,  86863.00, 1280.08, 1145.27,   79.82, 20.0, 4.00, 3.97, 3.99,  -1.49,  -1.51,  -0.56, 117.03,   7.28,  -0.84,   0.21,  -0.23,  -0.04,   5.28, 3.99, 0.00, 0.00, 0.00, 0.00, 1, 1,  7,  39.7279125, -83.7072900,  1295.0, 2026,  3, 28, 20,  3, 59,      110,      969, 108,  83,   2.1,   1.0,   1.8,  0,  0,  0, 31, 34, 35,  0,  0, 36,  0, 28, 22,  0,  0,  0,  0, 33,  0, 33,  0, 36,  0,  0,  0, 14,  0,  0,  0, 18,  0,  0,  0
6, 11026, 15,KE8EXM,     9.40, 5,   coast,  -11.77,  86863.00, 1280.08, 1145.27,   79.70, 20.0, 4.00, 3.97, 3.99,  -1.36,  -1.55,  -0.04, 116.72,   8.20,  -0.90,   0.21,  -0.23,  -0.03,   5.24, 3.99, 0.00, 0.00, 0.00, 0.00, 1, 1,  7,  39.7279125, -83.7072900,  1295.0, 2026,  3, 28, 20,  3, 59,      110,      969, 108,  83,   2.1,   1.0,   1.8,  0,  0,  0, 31, 34, 35,  0,  0, 36,  0, 28, 22,  0,  0,  0,  0, 33,  0, 33,  0, 36,  0,  0,  0, 14,  0,  0,  0, 18,  0,  0,  0
6, 11026, 15,KE8EXM,     9.41, 5,   coast,  -12.26,  86849.00, 1281.40, 1146.59,   79.59, 20.0, 4.00, 3.97, 3.99,  -1.46,  -1.18,  -0.81, 116.36,   8.74,  -1.09,   0.21,  -0.23,  -0.03,   5.19, 3.99, 0.00, 0.00, 0.00, 0.00, 1, 1,  7,  39.7279125, -83.7072900,  1295.0, 2026,  3, 28, 20,  3, 59,      110,      969, 108,  83,   2.1,   1.0,   1.8,  0,  0,  0, 31, 34, 35,  0,  0, 36,  0, 28, 22,  0,  0,  0,  0, 33,  0, 33,  0, 36,  0,  0,  0, 14,  0,  0,  0, 18,  0,  0,  0
6, 11026, 15,KE8EXM,     9.42, 5,   coast,  -11.77,  86849.00, 1281.40, 1146.59,   79.47, 20.0, 4.00, 3.97, 3.99,  -1.47,  -1.71,  -0.33, 116.66,   8.26,  -0.96,   0.21,  -0.23,  -0.03,   5.14, 3.99, 0.00, 0.00, 0.00, 0.00, 1, 1,  7,  39.7279125, -83.7072900,  1295.0, 2026,  3, 28, 20,  3, 59,      110,      969, 108,  83,   2.1,   1.0,   1.8,  0,  0,  0, 31, 34, 35,  0,  0, 36,  0, 28, 22,  0,  0,  0,  0, 33,  0, 33,  0, 36,  0,  0,  0, 14,  0,  0,  0, 18,  0,  0,  0
6, 11026, 15,KE8EXM,     9.43, 5,   coast,  -10.79,  86832.00, 1283.00, 1148.20,   79.36, 20.0, 4.00, 3.97, 3.99,  -1.47,  -1.77,  -0.04, 114.71,   8.38,  -0.90,   0.21,  -0.23,  -0.03,   5.10, 3.99, 0.00, 0.00, 0.00, 0.00, 1, 1,  7,  39.7279125, -83.7072900,  1295.0, 2026,  3, 28, 20,  3, 59,      110,      969, 108,  83,   2.1,   1.0,   1.8,  0,  0,  0, 31, 34, 35,  0,  0, 36,  0, 28, 22,  0,  0,  0,  0, 33,  0, 33,  0, 36,  0,  0,  0, 14,  0,  0,  0, 18,  0,  0,  0
6, 11026, 15,KE8EXM,     9.44, 5,   coast,  -11.28,  86832.00, 1283.00, 1148.20,   79.24, 20.0, 4.00, 3.97, 3.99,  -1.42,  -1.45,   0.19, 115.20,   8.07,  -0.90,   0.21,  -0.23,  -0.02,   5.06, 3.99, 0.00, 0.00, 0.00, 0.00, 1, 1,  7,  39.7279125, -83.7072900,  1295.0, 2026,  3, 28, 20,  3, 59,      110,      969, 108,  83,   2.1,   1.0,   1.8,  0,  0,  0, 31, 34, 35,  0,  0, 36,  0, 28, 22,  0,  0,  0,  0, 33,  0, 33,  0, 36,  0,  0,  0, 14,  0,  0,  0, 18,  0,  0,  0
6, 11026, 15,KE8EXM,     9.45, 5,   coast,  -10.30,  86807.00, 1285.36, 1150.55,   79.13, 20.0, 4.00, 3.97, 3.99,  -1.49,  -1.30,   0.27, 115.32,   8.32,  -1.15,   0.21,  -0.23,  -0.02,   5.03, 3.99, 0.00, 0.00, 0.00, 0.00, 1, 1,  7,  39.7279125, -83.7072900,  1295.0, 2026,  3, 28, 20,  3, 59,      110,      969, 108,  83,   2.1,   1.0,   1.8,  0,  0,  0, 31, 34, 35,  0,  0, 36,  0, 28, 22,  0,  0,  0,  0, 33,  0, 33,  0, 36,  0,  0,  0, 14,  0,  0,  0, 18,  0,  0,  0
6, 11026, 15,KE8EXM,     9.46, 5,   coast,  -12.26,  86807.00, 1285.36, 1150.55,   79.01, 20.0, 4.00, 3.97, 3.99,  -1.39,  -1.14,  -0.27, 114.95,   9.11,  -1.39,   0.21,  -0.23,  -0.02,   5.00, 3.99, 0.00, 0.00, 0.00, 0.00, 1, 1,  7,  39.7279125, -83.7072900,  1295.0, 2026,  3, 28, 20,  3, 59,      110,      969, 108,  83,   2.1,   1.0,   1.8,  0,  0,  0, 31, 34, 35,  0,  0, 36,  0, 28, 22,  0,  0,  0,  0, 33,  0, 33,  0, 36,  0,  0,  0, 14,  0,  0,  0, 18,  0,  0,  0
6, 11026, 15,KE8EXM,     9.47, 5,   coast,  -12.75,  86795.00, 1286.49, 1151.69,   78.90, 19.9, 4.00, 3.97, 3.99,  -1.39,  -1.74,  -0.01, 115.99,   9.36,  -1.21,   0.21,  -0.23,  -0.02,   4.96, 3.99, 0.00, 0.00, 0.00, 0.00, 1, 1,  7,  39.7279125, -83.7072900,  1295.0, 2026,  3, 28, 20,  3, 59,      110,      969, 108,  83,   2.1,   1.0,   1.8,  0,  0,  0, 31, 34, 35,  0,  0, 36,  0, 28, 22,  0,  0,  0,  0, 33,  0, 33,  0, 36,  0,  0,  0, 14,  0,  0,  0, 18,  0,  0,  0
6, 11026, 15,KE8EXM,     9.48, 5,   coast,  -12.75,  86795.00, 1286.49, 1151.69,   78.78, 19.9, 4.00, 3.97, 3.99,  -1.39,  -0.93,  -0.04, 114.83,   8.74,  -1.45,   0.21,  -0.23,  -0.01,   4.94, 3.99, 0.00, 0.00, 0.00, 0.00, 1, 1,  7,  39.7279125, -83.7072900,  1295.0, 2026,  3, 28, 20,  3, 59,      110,      969, 108,  83,   2.1,   1.0,   1.8,  0,  0,  0, 31, 34, 35,  0,  0, 36,  0, 28, 22,  0,  0,  0,  0, 33,  0, 33,  0, 36,  0,  0,  0, 14,  0,  0,  0, 18,  0,  0,  0
6, 11026, 15,KE8EXM,     9.49, 5,   coast,  -10.30,  86777.00, 1288.19, 1153.39,   78.66, 20.0, 4.00, 3.97, 3.99,  -1.39,  -0.79,   0.95, 114.34,   8.50,  -1.51,   0.21,  -0.23,  -0.01,   4.92, 3.99, 0.00, 0.00, 0.00, 0.00, 1, 1,  7,  39.7279125, -83.7072900,  1295.0, 2026,  3, 28, 20,  3, 59,      110,      969, 108,  83,   2.1,   1.0,   1.8,  0,  0,  0, 31, 34, 35,  0,  0, 36,  0, 28, 22,  0,  0,  0,  0, 33,  0, 33,  0, 36,  0,  0,  0, 14,  0,  0,  0, 18,  0,  0,  0
6, 11026, 15,KE8EXM,     9.50, 5,   coast,  -10.79,  86777.00, 1288.19, 1153.39,   78.55, 20.0, 4.00, 3.97, 3.99,  -1.34,  -0.70,   0.55, 114.53,   8.44,  -1.21,   0.21,  -0.23,  -0.01,   4.90, 3.99, 0.00, 0.00, 0.00, 0.00, 1, 1,  7,  39.7279125, -83.7072900,  1295.0, 2026,  3, 28, 20,  3, 59,      110,      969, 108,  83,   2.1,   1.0,   1.8,  0,  0,  0, 31, 34, 35,  0,  0, 36,  0, 28, 22,  0,  0,  0,  0, 33,  0, 33,  0, 36,  0,  0,  0, 14,  0,  0,  0, 18,  0,  0,  0
6, 11026, 15,KE8EXM,     9.51, 5,   coast,  -11.77,  86773.00, 1288.57, 1153.76,   78.44, 20.0, 4.00, 3.97, 3.99,  -1.42,  -0.26,   0.73, 115.56,   7.71,  -0.66,   0.21,  -0.23,  -0.01,   4.88, 3.99, 0.00, 0.00, 0.00, 0.00, 1, 1,  7,  39.7279125, -83.7072900,  1295.0, 2026,  3, 28, 20,  3, 59,      110,      969, 108,  83,   2.1,   1.0,   1.8,  0,  0,  0, 31, 34, 35,  0,  0, 36,  0, 28, 22,  0,  0,  0,  0, 33,  0, 33,  0, 36,  0,  0,  0, 14,  0,  0,  0, 18,  0,  0,  0
6, 11026, 15,KE8EXM,     9.52, 5,   coast,  -11.28,  86773.00, 1288.57, 1153.76,   78.32, 20.0, 4.00, 3.97, 3.99,  -1.32,  -0.19,   0.60, 113.43,   8.81,   0.20,   0.21,  -0.23,  -0.00,   4.85, 3.99, 0.00, 0.00, 0.00, 0.00, 1, 1,  7,  39.7279125, -83.7072900,  1295.0, 2026,  3, 28, 20,  3, 59,      110,      969, 108,  83,   2.1,   1.0,   1.8,  0,  0,  0, 31, 34, 35,  0,  0, 36,  0, 28, 22,  0,  0,  0,  0, 33,  0, 33,  0, 36,  0,  0,  0, 14,  0,  0,  0, 18,  0,  0,  0
6, 11026, 15,KE8EXM,     9.53, 5,   coast,  -10.79,  86751.00, 1290.65, 1155.84,   78.21, 20.0, 4.00, 3.97, 3.99,  -1.27,  -0.17,   0.57, 114.65,   8.07,   0.07,   0.21,  -0.23,  -0.00,   4.83, 3.99, 0.00, 0.00, 0.00, 0.00, 1, 1,  7,  39.7279125, -83.7072900,  1295.0, 2026,  3, 28, 20,  3, 59,      110,      969, 108,  83,   2.1,   1.0,   1.8,  0,  0,  0, 31, 34, 35,  0,  0, 36,  0, 28, 22,  0,  0,  0,  0, 33,  0, 33,  0, 36,  0,  0,  0, 14,  0,  0,  0, 18,  0,  0,  0
6, 11026, 15,KE8EXM,     9.54, 5,   coast,  -10.79,  86751.00, 1290.65, 1155.84,   78.11, 20.0, 4.00, 3.97, 3.99,  -1.39,  -0.07,   0.42, 114.65,   7.83,   0.50,   0.21,  -0.23,   0.00,   4.80, 3.99, 0.00, 0.00, 0.00, 0.00, 1, 1,  7,  39.7279125, -83.7072900,  1295.0, 2026,  3, 28, 20,  3, 59,      110,      969, 108,  83,   2.1,   1.0,   1.8,  0,  0,  0, 31, 34, 35,  0,  0, 36,  0, 28, 22,  0,  0,  0,  0, 33,  0, 33,  0, 36,  0,  0,  0, 14,  0,  0,  0, 18,  0,  0,  0
6, 11026, 15,KE8EXM,     9.55, 5,   coast,  -10.30,  86733.00, 1292.34, 1157.54,   78.00, 20.0, 4.00, 3.97, 3.99,  -1.37,  -0.50,   1.07, 113.79,   6.67,   0.74,   0.21,  -0.22,   0.00,   4.78, 3.99, 0.00, 0.00, 0.00, 0.00, 1, 1,  7,  39.7279125, -83.7072900,  1295.0, 2026,  3, 28, 20,  3, 59,      110,      969, 108,  83,   2.1,   1.0,   1.8,  0,  0,  0, 31, 34, 35,  0,  0, 36,  0, 28, 22,  0,  0,  0,  0, 33,  0, 33,  0, 36,  0,  0,  0, 14,  0,  0,  0, 18,  0,  0,  0
6, 11026, 15,KE8EXM,     9.56, 5,   coast,  -10.30,  86733.00, 1292.34, 1157.54,   77.89, 20.0, 4.00, 3.97, 3.99,  -1.26,  -0.56,   1.49, 114.34,   7.83,   0.74,   0.21,  -0.22,   0.01,   4.76, 3.99, 0.00, 0.00, 0.00, 0.00, 1, 1,  7,  39.7279125, -83.7072900,  1295.0, 2026,  3, 28, 20,  3, 59,      110,      969, 108,  83,   2.1,   1.0,   1.8,  0,  0,  0, 31, 34, 35,  0,  0, 36,  0, 28, 22,  0,  0,  0,  0, 33,  0, 33,  0, 36,  0,  0,  0, 14,  0,  0,  0, 18,  0,  0,  0
6, 11026, 15,KE8EXM,     9.57, 5,   coast,  -10.30,  86729.00, 1292.72, 1157.92,   77.79, 19.9, 4.00, 3.97, 3.99,  -1.43,  -0.16,   1.78, 115.44,   6.85,   1.23,   0.21,  -0.22,   0.01,   4.74, 3.99, 0.00, 0.00, 0.00, 0.00, 1, 1,  7,  39.7279125, -83.7072900,  1295.0, 2026,  3, 28, 20,  3, 59,      110,      969, 108,  83,   2.1,   1.0,   1.8,  0,  0,  0, 31, 34, 35,  0,  0, 36,  0, 28, 22,  0,  0,  0,  0, 33,  0, 33,  0, 36,  0,  0,  0, 14,  0,  0,  0, 18,  0,  0,  0
6, 11026, 15,KE8EXM,     9.58, 5,   coast,  -11.28,  86729.00, 1292.72, 1157.92,   77.68, 19.9, 4.00, 3.97, 3.99,  -1.31,  -0.81,   1.51, 114.10,   7.40,   1.66,   0.21,  -0.22,   0.01,   4.72, 3.99, 0.00, 0.00, 0.00, 0.00, 1, 1,  7,  39.7279125, -83.7072900,  1295.0, 2026,  3, 28, 20,  3, 59,      110,      969, 108,  83,   2.1,   1.0,   1.8,  0,  0,  0, 31, 34, 35,  0,  0, 36,  0, 28, 22,  0,  0,  0,  0, 33,  0, 33,  0, 36,  0,  0,  0, 14,  0,  0,  0, 18,  0,  0,  0
6, 11026, 15,KE8EXM,     9.59, 5,   coast,  -11.77,  86714.00, 1294.14, 1159.33,   77.56, 20.0, 4.00, 3.97, 3.99,  -1.47,  -0.85,   1.47, 113.43,   6.24,   1.42,   0.21,  -0.22,   0.01,   4.70, 3.99, 0.00, 0.00, 0.00, 0.00, 1, 1,  7,  39.7279125, -83.7072900,  1295.0, 2026,  3, 28, 20,  3, 59,      110,      969, 108,  83,   2.1,   1.0,   1.8,  0,  0,  0, 31, 34, 35,  0,  0, 36,  0, 28, 22,  0,  0,  0,  0, 33,  0, 33,  0, 36,  0,  0,  0, 14,  0,  0,  0, 18,  0,  0,  0
6, 11026, 15,KE8EXM,     9.60, 5,   coast,  -11.77,  86714.00, 1294.14, 1159.33,   77.45, 20.0, 4.00, 3.97, 3.99,  -1.22,  -0.11,   1.85, 113.00,   2.89,   2.09,   0.21,  -0.22,   0.02,   4.68, 3.99, 0.00, 0.00, 0.00, 0.00, 1, 1,  7,  39.7279125, -83.7072900,  1295.0, 2026,  3, 28, 20,  3, 59,      110,      969, 108,  83,   2.1,   1.0,   1.8,  0,  0,  0, 31, 34, 35,  0,  0, 36,  0, 28, 22,  0,  0,  0,  0, 33,  0, 33,  0, 36,  0,  0,  0, 14,  0,  0,  0, 18,  0,  0,  0
6, 11026, 15,KE8EXM,     9.61, 5,   coast,  -11.28,  86686.00, 1296.78, 1161.98,   77.33, 19.9, 4.00, 3.97, 3.99,  -1.39,  -1.18,   1.19, 114.22,   0.14,   1.66,   0.21,  -0.22,   0.02,   4.66, 3.99, 0.00, 0.00, 0.00, 0.00, 1, 1,  7,  39.7279125, -83.7072900,  1295.0, 2026,  3, 28, 20,  3, 59,      110,      969, 108,  83,   2.1,   1.0,   1.8,  0,  0,  0, 31, 34, 35,  0,  0, 36,  0, 28, 22,  0,  0,  0,  0, 33,  0, 33,  0, 36,  0,  0,  0, 14,  0,  0,  0, 18,  0,  0,  0
6, 11026, 15,KE8EXM,     9.62, 5,   coast,  -12.26,  86686.00, 1296.78, 1161.98,   77.22, 19.9, 4.02, 4.01, 4.02,  -1.15,  -0.08,  -0.50, 111.96,   7.52,   1.90,   0.22,  -0.22,   0.02,   4.64, 4.03, 0.00, 0.00, 0.01, 0.00, 1, 1,  7,  39.7279125, -83.7072900,  1295.0, 2026,  3, 28, 20,  3, 59,      110,      969, 108,  83,   2.1,   1.0,   1.8,  0,  0,  0, 31, 34, 35,  0,  0, 36,  0, 28, 22,  0,  0,  0,  0, 33,  0, 33,  0, 36,  0,  0,  0, 14,  0,  0,  0, 18,  0,  0,  0
6, 11026, 15,KE8EXM,     9.62, 5,   coast,  -12.26,  86686.00, 1296.78, 1161.98,   77.22, 19.9, 4.02, 4.01, 4.02,  -1.15,  -0.08,  -0.50, 111.96,   7.52,   1.90,   0.22,  -0.22,   0.02,   4.64, 4.03, 0.00, 0.00, 0.01, 0.00, 1, 1,  7,  39.7279125, -83.7072900,  1295.0, 2026,  3, 28, 20,  3, 59,      110,      969, 108,  83,   2.1,   1.0,   1.8,  0,  0,  0, 31, 34, 35,  0,  0, 36,  0, 28, 22,  0,  0,  0,  0, 33,  0, 33,  0, 36,  0,  0,  0, 14,  0,  0,  0, 18,  0,  0,  0
6, 11026, 15,KE8EXM,     9.63, 5,   coast,  -11.28,  86685.00, 1296.88, 1162.07,   77.10, 20.0, 4.02, 4.01, 4.02,  -0.98,  -0.77,   2.31, 113.61,   6.61,   1.60,   0.21,  -0.22,   0.03,   4.63, 4.03, 0.00, 0.00, 0.01, 0.00, 1, 1,  7,  39.7279125, -83.7072900,  1295.0, 2026,  3, 28, 20,  3, 59,      110,      969, 108,  83,   2.1,   1.0,   1.8,  0,  0,  0, 31, 34, 35,  0,  0, 36,  0, 28, 22,  0,  0,  0,  0, 33,  0, 33,  0, 36,  0,  0,  0, 14,  0,  0,  0, 18,  0,  0,  0
6, 11026, 15,KE8EXM,     9.64, 5,   coast,  -11.28,  86685.00, 1296.88, 1162.07,   76.99, 20.0, 4.02, 4.01, 4.02,  -1.55,  -0.51,   1.18, 114.10,   0.26,   1.48,   0.21,  -0.22,   0.03,   4.62, 4.03, 0.00, 0.00, 0.01, 0.00, 1, 1,  7,  39.7279125, -83.7072900,  1295.0, 2026,  3, 28, 20,  3, 59,      110,      969, 108,  83,   2.1,   1.0,   1.8,  0,  0,  0, 31, 34, 35,  0,  0, 36,  0, 28, 22,  0,  0,  0,  0, 33,  0, 33,  0, 36,  0,  0,  0, 14,  0,  0,  0, 18,  0,  0,  0
6, 11026, 15,KE8EXM,     9.65, 5,   coast,  -12.26,  86658.00, 1299.43, 1164.62,   76.87, 20.0, 4.02, 4.01, 4.02,  -1.49,  -0.95,   0.55, 111.96,   4.05,   2.09,   0.21,  -0.22,   0.03,   4.60, 4.03, 0.00, 0.00, 0.01, 0.00, 1, 1,  7,  39.7279125, -83.7072900,  1295.0, 2026,  3, 28, 20,  3, 59,      110,      969, 108,  83,   2.1,   1.0,   1.8,  0,  0,  0, 31, 34, 35,  0,  0, 36,  0, 28, 22,  0,  0,  0,  0, 33,  0, 33,  0, 36,  0,  0,  0, 14,  0,  0,  0, 18,  0,  0,  0
6, 11026, 15,KE8EXM,     9.66, 5,   coast,  -12.75,  86658.00, 1299.43, 1164.62,   76.75, 20.0, 4.02, 4.01, 4.02,  -1.29,  -1.16,   1.88, 111.90,   2.34,   2.09,   0.21,  -0.22,   0.03,   4.58, 4.03, 0.00, 0.00, 0.01, 0.00, 1, 1,  7,  39.7279125, -83.7072900,  1295.0, 2026,  3, 28, 20,  3, 59,      110,      969, 108,  83,   2.1,   1.0,   1.8,  0,  0,  0, 31, 34, 35,  0,  0, 36,  0, 28, 22,  0,  0,  0,  0, 33,  0, 33,  0, 36,  0,  0,  0, 14,  0,  0,  0, 18,  0,  0,  0
6, 11026, 15,KE8EXM,     9.67, 5,   coast,   -9.32,  86659.00, 1299.33, 1164.53,   76.64, 19.9, 4.02, 4.01, 4.02,  -1.19,  -0.49,   0.74, 112.33,   3.98,   2.09,   0.21,  -0.22,   0.04,   4.57, 4.03, 0.00, 0.00, 0.01, 0.00, 1, 1,  7,  39.7279125, -83.7072900,  1295.0, 2026,  3, 28, 20,  3, 59,      110,      969, 108,  83,   2.1,   1.0,   1.8,  0,  0,  0, 31, 34, 35,  0,  0, 36,  0, 28, 22,  0,  0,  0,  0, 33,  0, 33,  0, 36,  0,  0,  0, 14,  0,  0,  0, 18,  0,  0,  0
6, 11026, 15,KE8EXM,     9.68, 5,   coast,  -11.77,  86659.00, 1299.33, 1164.53,   76.53, 19.9, 4.02, 4.01, 4.02,  -1.37,  -0.24,   0.96, 112.82,   1.42,   2.21,   0.21,  -0.22,   0.04,   4.55, 4.03, 0.00, 0.00, 0.01, 0.00, 1, 1,  7,  39.7279125, -83.7072900,  1295.0, 2026,  3, 28, 20,  3, 59,      110,      969, 108,  83,   2.1,   1.0,   1.8,  0,  0,  0, 31, 34, 35,  0,  0, 36,  0, 28, 22,  0,  0,  0,  0, 33,  0, 33,  0, 36,  0,  0,  0, 14,  0,  0,  0, 18,  0,  0,  0
6, 11026, 15,KE8EXM,     9.69, 5,   coast,  -12.26,  86643.00, 1300.85, 1166.04,   76.41, 19.9, 4.02, 4.01, 4.02,  -1.30,  -0.84,   0.86, 112.39,   2.40,   1.90,   0.21,  -0.22,   0.04,   4.54, 4.03, 0.00, 0.00, 0.01, 0.00, 1, 1,  7,  39.7279125, -83.7072900,  1295.0, 2026,  3, 28, 20,  3, 59,      110,      969, 108,  83,   2.1,   1.0,   1.8,  0,  0,  0, 31, 34, 35,  0,  0, 36,  0, 28, 22,  0,  0,  0,  0, 33,  0, 33,  0, 36,  0,  0,  0, 14,  0,  0,  0, 18,  0,  0,  0
6, 11026, 15,KE8EXM,     9.70, 5,   coast,   -9.81,  86643.00, 1300.85, 1166.04,   76.30, 19.9, 4.02, 4.01, 4.02,  -1.07,  -0.92,   1.29, 112.51,   3.31,   2.03,   0.22,  -0.21,   0.04,   4.52, 4.03, 0.00, 0.00, 0.01, 0.00, 1, 1,  7,  39.7279125, -83.7072900,  1295.0, 2026,  3, 28, 20,  3, 59,      110,      969, 108,  83,   2.1,   1.0,   1.8,  0,  0,  0, 31, 34, 35,  0,  0, 36,  0, 28, 22,  0,  0,  0,  0, 33,  0, 33,  0, 36,  0,  0,  0, 14,  0,  0,  0, 18,  0,  0,  0
6, 11026, 15,KE8EXM,     9.71, 5,   coast,  -11.28,  86618.00, 1303.21, 1168.40,   76.19, 20.0, 4.02, 4.01, 4.02,  -1.33,  -0.22,   0.76, 112.63,   1.97,   2.33,   0.22,  -0.21,   0.05,   4.51, 4.03, 0.00, 0.00, 0.01, 0.00, 1, 1,  7,  39.7279125, -83.7072900,  1295.0, 2026,  3, 28, 20,  3, 59,      110,      969, 108,  83,   2.1,   1.0,   1.8,  0,  0,  0, 31, 34, 35,  0,  0, 36,  0, 28, 22,  0,  0,  0,  0, 33,  0, 33,  0, 36,  0,  0,  0, 14,  0,  0,  0, 18,  0,  0,  0
6, 11026, 15,KE8EXM,     9.72, 5,   coast,  -11.77,  86618.00, 1303.21, 1168.40,   76.08, 20.0, 4.02, 4.01, 4.02,  -1.34,  -0.68,   0.99, 112.21,   2.40,   2.21,   0.22,  -0.21,   0.05,   4.49, 4.03, 0.00, 0.00, 0.01, 0.00, 1, 1,  7,  39.7279125, -83.7072900,  1295.0, 2026,  3, 28, 20,  3, 59,      110,      969, 108,  83,   2.1,   1.0,   1.8,  0,  0,  0, 31, 34, 35,  0,  0, 36,  0, 28, 22,  0,  0,  0,  0, 33,  0, 33,  0, 36,  0,  0,  0, 14,  0,  0,  0, 18,  0,  0,  0
6, 11026, 15,KE8EXM,     9.73, 5,   coast,  -10.30,  86602.00, 1304.72, 1169.91,   75.96, 19.9, 4.02, 4.01, 4.02,  -1.26,  -0.50,   0.88, 112.02,   1.18,   2.33,   0.22,  -0.21,   0.05,   4.47, 4.03, 0.00, 0.00, 0.01, 0.00, 1, 1,  7,  39.7279125, -83.7072900,  1295.0, 2026,  3, 28, 20,  3, 59,      110,      969, 108,  83,   2.1,   1.0,   1.8,  0,  0,  0, 31, 34, 35,  0,  0, 36,  0, 28, 22,  0,  0,  0,  0, 33,  0, 33,  0, 36,  0,  0,  0, 14,  0,  0,  0, 18,  0,  0,  0
6, 11026, 15,KE8EXM,     9.74, 5,   coast,  -12.75,  86602.00, 1304.72, 1169.91,   75.85, 19.9, 4.02, 4.01, 4.02,  -1.22,  -0.70,   1.84, 111.17,   1.48,   2.58,   0.22,  -0.21,   0.05,   4.45, 4.03, 0.00, 0.00, 0.01, 0.00, 1, 1,  7,  39.7279125, -83.7072900,  1295.0, 2026,  3, 28, 20,  3, 59,      110,      969, 108,  83,   2.1,   1.0,   1.8,  0,  0,  0, 31, 34, 35,  0,  0, 36,  0, 28, 22,  0,  0,  0,  0, 33,  0, 33,  0, 36,  0,  0,  0, 14,  0,  0,  0, 18,  0,  0,  0
6, 11026, 15,KE8EXM,     9.75, 5,   coast,  -12.75,  86592.00, 1305.67, 1170.86,   75.73, 19.9, 4.02, 4.01, 4.02,  -1.31,  -0.64,   1.35, 111.47,   0.44,   2.70,   0.22,  -0.21,   0.06,   4.43, 4.03, 0.00, 0.00, 0.01, 0.00, 1, 1,  7,  39.7279125, -83.7072900,  1295.0, 2026,  3, 28, 20,  3, 59,      110,      969, 108,  83,   2.1,   1.0,   1.8,  0,  0,  0, 31, 34, 35,  0,  0, 36,  0, 28, 22,  0,  0,  0,  0, 33,  0, 33,  0, 36,  0,  0,  0, 14,  0,  0,  0, 18,  0,  0,  0
6, 11026, 15,KE8EXM,     9.76, 5,   coast,  -11.28,  86592.00, 1305.67, 1170.86,   75.62, 19.9, 4.02, 4.01, 4.02,  -1.30,  -0.59,   1.26, 110.86,  -1.08,   2.51,   0.22,  -0.20,   0.06,   4.40, 4.03, 0.00, 0.00, 0.01, 0.00, 1, 1,  7,  39.7279125, -83.7072900,  1295.0, 2026,  3, 28, 20,  3, 59,      110,      969, 108,  83,   2.1,   1.0,   1.8,  0,  0,  0, 31, 34, 35,  0,  0, 36,  0, 28, 22,  0,  0,  0,  0, 33,  0, 33,  0, 36,  0,  0,  0, 14,  0,  0,  0, 18,  0,  0,  0
6, 11026, 15,KE8EXM,     9.77, 5,   coast,   -9.81,  86577.00, 1307.08, 1172.28,   75.51, 19.9, 4.02, 4.01, 4.02,  -1.20,  -0.63,   1.01, 110.31,   0.32,   2.58,   0.22,  -0.21,   0.06,   4.38, 4.03, 0.00, 0.00, 0.01, 0.00, 1, 1,  7,  39.7279125, -83.7072900,  1295.0, 2026,  3, 28, 20,  3, 59,      110,      969, 108,  83,   2.1,   1.0,   1.8,  0,  0,  0, 31, 34, 35,  0,  0, 36,  0, 28, 22,  0,  0,  0,  0, 33,  0, 33,  0, 36,  0,  0,  0, 14,  0,  0,  0, 18,  0,  0,  0
6, 11026, 15,KE8EXM,     9.78, 5,   coast,   -9.81,  86577.00, 1307.08, 1172.28,   75.40, 19.9, 4.02, 4.01, 4.02,  -1.26,  -0.76,   1.35, 110.99,  -1.02,   2.51,   0.22,  -0.21,   0.06,   4.35, 4.03, 0.00, 0.00, 0.01, 0.00, 1, 1,  7,  39.7279125, -83.7072900,  1295.0, 2026,  3, 28, 20,  3, 59,      110,      969, 108,  83,   2.1,   1.0,   1.8,  0,  0,  0, 31, 34, 35,  0,  0, 36,  0, 28, 22,  0,  0,  0,  0, 33,  0, 33,  0, 36,  0,  0,  0, 14,  0,  0,  0, 18,  0,  0,  0
6, 11026, 15,KE8EXM,     9.79, 5,   coast,  -10.79,  86567.00, 1308.03, 1173.22,   75.29, 19.9, 4.02, 4.01, 4.02,  -1.36,  -1.06,   0.85, 110.50,  -0.78,   2.76,   0.22,  -0.20,   0.07,   4.32, 4.03, 0.00, 0.00, 0.01, 0.00, 1, 1,  7,  39.7279125, -83.7072900,  1295.0, 2026,  3, 28, 20,  3, 59,      110,      969, 108,  83,   2.1,   1.0,   1.8,  0,  0,  0, 31, 34, 35,  0,  0, 36,  0, 28, 22,  0,  0,  0,  0, 33,  0, 33,  0, 36,  0,  0,  0, 14,  0,  0,  0, 18,  0,  0,  0
6, 11026, 15,KE8EXM,     9.80, 5,   coast,  -11.28,  86567.00, 1308.03, 1173.22,   75.19, 19.9, 4.02, 4.01, 4.02,  -1.28,  -0.88,   1.16, 111.23,  -1.51,   2.51,   0.22,  -0.20,   0.07,   4.30, 4.03, 0.00, 0.00, 0.01, 0.00, 1, 1,  7,  39.7279125, -83.7072900,  1295.0, 2026,  3, 28, 20,  3, 59,      110,      969, 108,  83,   2.1,   1.0,   1.8,  0,  0,  0, 31, 34, 35,  0,  0, 36,  0, 28, 22,  0,  0,  0,  0, 33,  0, 33,  0, 36,  0,  0,  0, 14,  0,  0,  0, 18,  0,  0,  0
6, 11026, 15,KE8EXM,     9.81, 5,   coast,  -10.30,  86537.00, 1310.87, 1176.06,   75.08, 20.0, 4.02, 4.01, 4.02,  -1.26,  -1.01,   0.87, 110.50,  -1.33,   2.39,   0.22,  -0.20,   0.07,   4.27, 4.03, 0.00, 0.00, 0.01, 0.00, 1, 1,  7,  39.7279125, -83.7072900,  1295.0, 2026,  3, 28, 20,  3, 59,      110,      969, 108,  83,   2.1,   1.0,   1.8,  0,  0,  0, 31, 34, 35,  0,  0, 36,  0, 28, 22,  0,  0,  0,  0, 33,  0, 33,  0, 36,  0,  0,  0, 14,  0,  0,  0, 18,  0,  0,  0
6, 11026, 15,KE8EXM,     9.82, 5,   coast,  -11.77,  86537.00, 1310.87, 1176.06,   74.97, 20.0, 4.02, 4.01, 4.02,  -1.19,  -1.25,   1.05, 111.23,  -2.36,   2.09,   0.22,  -0.20,   0.08,   4.24, 4.03, 0.00, 0.00, 0.01, 0.00, 1, 1,  7,  39.7279125, -83.7072900,  1295.0, 2026,  3, 28, 20,  3, 59,      110,      969, 108,  83,   2.1,   1.0,   1.8,  0,  0,  0, 31, 34, 35,  0,  0, 36,  0, 28, 22,  0,  0,  0,  0, 33,  0, 33,  0, 36,  0,  0,  0, 14,  0,  0,  0, 18,  0,  0,  0
6, 11026, 15,KE8EXM,     9.83, 5,   coast,  -11.77,  86523.00, 1312.19, 1177.38,   74.86, 19.9, 4.02, 4.01, 4.02,  -1.23,  -1.25,   0.55, 110.56,  -1.57,   1.90,   0.22,  -0.19,   0.08,   4.21, 4.03, 0.00, 0.00, 0.01, 0.00, 1, 1,  7,  39.7279125, -83.7072900,  1295.0, 2026,  3, 28, 20,  3, 59,      110,      969, 108,  83,   2.1,   1.0,   1.8,  0,  0,  0, 31, 34, 35,  0,  0, 36,  0, 28, 22,  0,  0,  0,  0, 33,  0, 33,  0, 36,  0,  0,  0, 14,  0,  0,  0, 18,  0,  0,  0
6, 11026, 15,KE8EXM,     9.84, 5,   coast,  -11.28,  86523.00, 1312.19, 1177.38,   74.75, 19.9, 4.02, 4.01, 4.02,  -1.19,  -1.14,   0.92, 111.60,  -2.24,   1.72,   0.22,  -0.19,   0.08,   4.19, 4.03, 0.00, 0.00, 0.01, 0.00, 1, 1,  7,  39.7279125, -83.7072900,  1295.0, 2026,  3, 28, 20,  3, 59,      110,      969, 108,  83,   2.1,   1.0,   1.8,  0,  0,  0, 31, 34, 35,  0,  0, 36,  0, 28, 22,  0,  0,  0,  0, 33,  0, 33,  0, 36,  0,  0,  0, 14,  0,  0,  0, 18,  0,  0,  0
6, 11026, 15,KE8EXM,     9.85, 5,   coast,   -9.32,  86506.00, 1313.80, 1178.99,   74.63, 19.9, 4.02, 4.01, 4.02,  -1.22,  -1.00,   0.45, 110.01,  -2.00,   1.60,   0.22,  -0.19,   0.09,   4.16, 4.03, 0.00, 0.00, 0.01, 0.00, 1, 1,  7,  39.7279125, -83.7072900,  1295.0, 2026,  3, 28, 20,  3, 59,      110,      969, 108,  83,   2.1,   1.0,   1.8,  0,  0,  0, 31, 34, 35,  0,  0, 36,  0, 28, 22,  0,  0,  0,  0, 33,  0, 33,  0, 36,  0,  0,  0, 14,  0,  0,  0, 18,  0,  0,  0
6, 11026, 15,KE8EXM,     9.86, 5,   coast,  -11.77,  86506.00, 1313.80, 1178.99,   74.52, 19.9, 4.02, 4.01, 4.02,  -1.23,  -1.23,   0.85, 110.62,  -2.91,   1.23,   0.22,  -0.19,   0.09,   4.14, 4.03, 0.00, 0.00, 0.01, 0.00, 1, 1,  7,  39.7279125, -83.7072900,  1295.0, 2026,  3, 28, 20,  3, 59,      110,      969, 108,  83,   2.1,   1.0,   1.8,  0,  0,  0, 31, 34, 35,  0,  0, 36,  0, 28, 22,  0,  0,  0,  0, 33,  0, 33,  0, 36,  0,  0,  0, 14,  0,  0,  0, 18,  0,  0,  0
6, 11026, 15,KE8EXM,     9.87, 5,   coast,  -11.28,  86488.00, 1315.50, 1180.70,   74.41, 19.9, 4.02, 4.01, 4.02,  -1.30,  -1.11,   0.63, 109.83,  -2.30,   1.23,   0.22,  -0.19,   0.09,   4.11, 4.03, 0.00, 0.00, 0.01, 0.00, 1, 1,  7,  39.7279125, -83.7072900,  1295.0, 2026,  3, 28, 20,  3, 59,      110,      969, 108,  83,   2.1,   1.0,   1.8,  0,  0,  0, 31, 34, 35,  0,  0, 36,  0, 28, 22,  0,  0,  0,  0, 33,  0, 33,  0, 36,  0,  0,  0, 14,  0,  0,  0, 18,  0,  0,  0
6, 11026, 15,KE8EXM,     9.88, 5,   coast,  -10.79,  86488.00, 1315.50, 1180.70,   74.30, 19.9, 4.02, 4.01, 4.02,  -1.22,  -1.20,   1.03, 111.29,  -3.95,   0.93,   0.22,  -0.18,   0.09,   4.08, 4.03, 0.00, 0.00, 0.01, 0.00, 1, 1,  7,  39.7279125, -83.7072900,  1295.0, 2026,  3, 28, 20,  3, 59,      110,      969, 108,  83,   2.1,   1.0,   1.8,  0,  0,  0, 31, 34, 35,  0,  0, 36,  0, 28, 22,  0,  0,  0,  0, 33,  0, 33,  0, 36,  0,  0,  0, 14,  0,  0,  0, 18,  0,  0,  0
6, 11026, 15,KE8EXM,     9.89, 5,   coast,  -12.26,  86479.00, 1316.35, 1181.55,   74.19, 19.9, 4.02, 4.01, 4.02,  -1.29,  -0.85,   0.21, 109.09,  -2.55,   0.68,   0.22,  -0.18,   0.10,   4.06, 4.03, 0.00, 0.00, 0.01, 0.00, 1, 1,  7,  39.7279125, -83.7072900,  1295.0, 2026,  3, 28, 20,  3, 59,      110,      969, 108,  83,   2.1,   1.0,   1.8,  0,  0,  0, 31, 34, 35,  0,  0, 36,  0, 28, 22,  0,  0,  0,  0, 33,  0, 33,  0, 36,  0,  0,  0, 14,  0,  0,  0, 18,  0,  0,  0
6, 11026, 15,KE8EXM,     9.90, 5,   coast,  -10.79,  86479.00, 1316.35, 1181.55,   74.07, 19.9, 4.02, 4.01, 4.02,  -1.19,  -1.13,   1.15, 110.37,  -3.95,   0.44,   0.22,  -0.18,   0.10,   4.04, 4.03, 0.00, 0.00, 0.01, 0.00, 1, 1,  7,  39.7279125, -83.7072900,  1295.0, 2026,  3, 28, 20,  3, 59,      110,      969, 108,  83,   2.1,   1.0,   1.8,  0,  0,  0, 31, 34, 35,  0,  0, 36,  0, 28, 22,  0,  0,  0,  0, 33,  0, 33,  0, 36,  0,  0,  0, 14,  0,  0,  0, 18,  0,  0,  0
6, 11026, 15,KE8EXM,     9.91, 5,   coast,  -12.75,  86465.00, 1317.68, 1182.87,   73.96, 19.9, 4.02, 4.01, 4.02,  -1.23,  -1.19,   0.12, 109.52,  -3.28,   0.38,   0.22,  -0.18,   0.10,   4.02, 4.03, 0.00, 0.00, 0.01, 0.00, 1, 1,  7,  39.7279125, -83.7072900,  1295.0, 2026,  3, 28, 20,  3, 59,      110,      969, 108,  83,   2.1,   1.0,   1.8,  0,  0,  0, 31, 34, 35,  0,  0, 36,  0, 28, 22,  0,  0,  0,  0, 33,  0, 33,  0, 36,  0,  0,  0, 14,  0,  0,  0, 18,  0,  0,  0
6, 11026, 15,KE8EXM,     9.92, 5,   coast,  -10.79,  86465.00, 1317.68, 1182.87,   73.85, 19.9, 4.02, 4.01, 4.02,  -1.21,  -0.96,   0.93, 109.95,  -4.07,   0.26,   0.22,  -0.17,   0.10,   3.99, 4.03, 0.00, 0.00, 0.01, 0.00, 1, 1,  7,  39.7279125, -83.7072900,  1295.0, 2026,  3, 28, 20,  3, 59,      110,      969, 108,  83,   2.1,   1.0,   1.8,  0,  0,  0, 31, 34, 35,  0,  0, 36,  0, 28, 22,  0,  0,  0,  0, 33,  0, 33,  0, 36,  0,  0,  0, 14,  0,  0,  0, 18,  0,  0,  0
6, 11026, 15,KE8EXM,     9.93, 5,   coast,  -10.30,  86443.00, 1319.76, 1184.95,   73.73, 19.9, 4.02, 4.01, 4.02,  -1.31,  -0.83,   0.22, 109.58,  -4.19,  -0.29,   0.22,  -0.17,   0.11,   3.97, 4.03, 0.00, 0.00, 0.01, 0.00, 1, 1,  7,  39.7279125, -83.7072900,  1295.0, 2026,  3, 28, 20,  3, 59,      110,      969, 108,  83,   2.1,   1.0,   1.8,  0,  0,  0, 31, 34, 35,  0,  0, 36,  0, 28, 22,  0,  0,  0,  0, 33,  0, 33,  0, 36,  0,  0,  0, 14,  0,  0,  0, 18,  0,  0,  0
6, 11026, 15,KE8EXM,     9.94, 5,   coast,  -11.28,  86443.00, 1319.76, 1184.95,   73.62, 19.9, 4.03, 4.01, 4.03,  -1.19,  -1.11,   0.44, 109.40,  -4.01,  -0.35,   0.22,  -0.17,   0.11,   3.94, 4.03, 0.00, 0.00, 0.00, 0.00, 1, 1,  7,  39.7279125, -83.7072900,  1295.0, 2026,  3, 28, 20,  3, 59,      110,      969, 108,  83,   2.1,   1.0,   1.8,  0,  0,  0, 31, 34, 35,  0,  0, 36,  0, 28, 22,  0,  0,  0,  0, 33,  0, 33,  0, 36,  0,  0,  0, 14,  0,  0,  0, 18,  0,  0,  0
6, 11026, 15,KE8EXM,     9.94, 5,   coast,  -11.28,  86443.00, 1319.76, 1184.95,   73.62, 19.9, 4.03, 4.01, 4.03,  -1.19,  -1.11,   0.44, 109.40,  -4.01,  -0.35,   0.22,  -0.17,   0.11,   3.94, 4.03, 0.00, 0.00, 0.00, 0.00, 1, 1,  7,  39.7279125, -83.7072900,  1295.0, 2026,  3, 28, 20,  3, 59,      110,      969, 108,  83,   2.1,   1.0,   1.8,  0,  0,  0, 31, 34, 35,  0,  0, 36,  0, 28, 22,  0,  0,  0,  0, 33,  0, 33,  0, 36,  0,  0,  0, 14,  0,  0,  0, 18,  0,  0,  0
6, 11026, 15,KE8EXM,     9.95, 5,   coast,  -10.79,  86437.00, 1320.33, 1185.52,   73.51, 19.9, 4.03, 4.01, 4.03,  -1.14,  -0.82,   0.11, 109.03,  -3.65,  -0.60,   0.22,  -0.17,   0.11,   3.92, 4.03, 0.00, 0.00, 0.00, 0.00, 1, 1,  7,  39.7279125, -83.7072900,  1295.0, 2026,  3, 28, 20,  3, 59,      110,      969, 108,  83,   2.1,   1.0,   1.8,  0,  0,  0, 31, 34, 35,  0,  0, 36,  0, 28, 22,  0,  0,  0,  0, 33,  0, 33,  0, 36,  0,  0,  0, 14,  0,  0,  0, 18,  0,  0,  0
6, 11026, 15,KE8EXM,     9.96, 5,   coast,  -11.28,  86437.00, 1320.33, 1185.52,   73.40, 19.9, 4.03, 4.01, 4.03,  -1.16,  -1.33,   0.42, 109.64,  -4.13,  -0.48,   0.22,  -0.16,   0.11,   3.90, 4.03, 0.00, 0.00, 0.00, 0.00, 1, 1,  7,  39.7279125, -83.7072900,  1295.0, 2026,  3, 28, 20,  3, 59,      110,      969, 108,  83,   2.1,   1.0,   1.8,  0,  0,  0, 31, 34, 35,  0,  0, 36,  0, 28, 22,  0,  0,  0,  0, 33,  0, 33,  0, 36,  0,  0,  0, 14,  0,  0,  0, 18,  0,  0,  0
6, 11026, 15,KE8EXM,     9.97, 5,   coast,  -11.28,  86417.00, 1322.22, 1187.42,   73.29, 19.9, 4.03, 4.01, 4.03,  -1.22,  -0.93,   0.00, 107.93,  -3.71,  -0.84,   0.22,  -0.16,   0.12,   3.88, 4.03, 0.00, 0.00, 0.00, 0.00, 1, 1,  7,  39.7279125, -83.7072900,  1295.0, 2026,  3, 28, 20,  3, 59,      110,      969, 108,  83,   2.1,   1.0,   1.8,  0,  0,  0, 31, 34, 35,  0,  0, 36,  0, 28, 22,  0,  0,  0,  0, 33,  0, 33,  0, 36,  0,  0,  0, 14,  0,  0,  0, 18,  0,  0,  0
6, 11026, 15,KE8EXM,     9.98, 5,   coast,  -10.79,  86417.00, 1322.22, 1187.42,   73.18, 19.9, 4.03, 4.01, 4.03,  -1.21,  -1.00,   0.31, 108.30,  -4.26,  -0.96,   0.22,  -0.16,   0.12,   3.86, 4.03, 0.00, 0.00, 0.00, 0.00, 1, 1,  7,  39.7279125, -83.7072900,  1295.0, 2026,  3, 28, 20,  3, 59,      110,      969, 108,  83,   2.1,   1.0,   1.8,  0,  0,  0, 31, 34, 35,  0,  0, 36,  0, 28, 22,  0,  0,  0,  0, 33,  0, 33,  0, 36,  0,  0,  0, 14,  0,  0,  0, 18,  0,  0,  0
6, 11026, 15,KE8EXM,     9.99, 5,   coast,  -12.75,  86400.00, 1323.83, 1189.03,   73.07, 19.9, 4.03, 4.01, 4.03,  -1.19,  -1.24,  -0.03, 107.26,  -3.10,  -1.39,   0.22,  -0.16,   0.12,   3.85, 4.03, 0.00, 0.00, 0.00, 0.00, 1, 1,  7,  39.7279125, -83.7072900,  1295.0, 2026,  3, 28, 20,  3, 59,      110,      969, 108,  83,   2.1,   1.0,   1.8,  0,  0,  0, 31, 34, 35,  0,  0, 36,  0, 28, 22,  0,  0,  0,  0, 33,  0, 33,  0, 36,  0,  0,  0, 14,  0,  0,  0, 18,  0,  0,  0
6, 11026, 15,KE8EXM,    10.00, 5,   coast,  -10.30,  86400.00, 1323.83, 1189.03,   72.95, 19.9, 4.03, 4.01, 4.03,  -1.21,  -0.99,   0.22, 107.57,  -3.52,  -1.82,   0.22,  -0.15,   0.12,   3.84, 4.03, 0.00, 0.00, 0.00, 0.00, 1, 1,  7,  39.7279125, -83.7072900,  1295.0, 2026,  3, 28, 20,  3, 59,      110,      969, 108,  83,   2.1,   1.0,   1.8,  0,  0,  0, 31, 34, 35,  0,  0, 36,  0, 28, 22,  0,  0,  0,  0, 33,  0, 33,  0, 36,  0,  0,  0, 14,  0,  0,  0, 18,  0,  0,  0
6, 11026, 15,KE8EXM,    10.01, 5,   coast,  -11.77,  86383.00, 1325.44, 1190.64,   72.84, 19.9, 4.03, 4.01, 4.03,  -1.22,  -0.96,   0.24, 107.08,  -3.83,  -1.51,   0.22,  -0.15,   0.12,   3.83, 4.03, 0.00, 0.00, 0.00, 0.00, 1, 1,  7,  39.7279125, -83.7072900,  1295.0, 2026,  3, 28, 20,  3, 59,      110,      969, 108,  83,   2.1,   1.0,   1.8,  0,  0,  0, 31, 34, 35,  0,  0, 36,  0, 28, 22,  0,  0,  0,  0, 33,  0, 33,  0, 36,  0,  0,  0, 14,  0,  0,  0, 18,  0,  0,  0
6, 11026, 15,KE8EXM,    10.02, 5,   coast,  -10.79,  86383.00, 1325.44, 1190.64,   72.72, 19.9, 4.03, 4.01, 4.03,  -1.13,  -0.85,   0.32, 106.47,  -3.46,  -1.76,   0.22,  -0.15,   0.12,   3.82, 4.03, 0.00, 0.00, 0.00, 0.00, 1, 1,  7,  39.7279125, -83.7072900,  1295.0, 2026,  3, 28, 20,  3, 59,      110,      969, 108,  83,   2.1,   1.0,   1.8,  0,  0,  0, 31, 34, 35,  0,  0, 36,  0, 28, 22,  0,  0,  0,  0, 33,  0, 33,  0, 36,  0,  0,  0, 14,  0,  0,  0, 18,  0,  0,  0
6, 11026, 15,KE8EXM,    10.03, 5,   coast,  -12.75,  86370.00, 1326.67, 1191.87,   72.60, 19.9, 4.03, 4.01, 4.03,  -1.18,  -0.95,   0.47, 105.86,  -3.58,  -1.82,   0.22,  -0.15,   0.13,   3.81, 4.03, 0.00, 0.00, 0.00, 0.00, 1, 1,  7,  39.7279125, -83.7072900,  1295.0, 2026,  3, 28, 20,  3, 59,      110,      969, 108,  83,   2.1,   1.0,   1.8,  0,  0,  0, 31, 34, 35,  0,  0, 36,  0, 28, 22,  0,  0,  0,  0, 33,  0, 33,  0, 36,  0,  0,  0, 14,  0,  0,  0, 18,  0,  0,  0
6, 11026, 15,KE8EXM,    10.04, 5,   coast,  -12.26,  86370.00, 1326.67, 1191.87,   72.49, 19.9, 4.03, 4.01, 4.03,  -1.06,  -0.86,   0.52, 105.86,  -3.77,  -2.12,   0.22,  -0.14,   0.13,   3.80, 4.03, 0.00, 0.00, 0.00, 0.00, 1, 1,  7,  39.7279125, -83.7072900,  1295.0, 2026,  3, 28, 20,  3, 59,      110,      969, 108,  83,   2.1,   1.0,   1.8,  0,  0,  0, 31, 34, 35,  0,  0, 36,  0, 28, 22,  0,  0,  0,  0, 33,  0, 33,  0, 36,  0,  0,  0, 14,  0,  0,  0, 18,  0,  0,  0
6, 11026, 15,KE8EXM,    10.05, 5,   coast,  -10.79,  86359.00, 1327.72, 1192.91,   72.37, 19.9, 4.03, 4.01, 4.03,  -1.11,  -0.63,  -0.24, 105.86,  -3.40,  -2.55,   0.21,  -0.14,   0.13,   3.79, 4.03, 0.00, 0.00, 0.00, 0.00, 1, 1,  7,  39.7279125, -83.7072900,  1295.0, 2026,  3, 28, 20,  3, 59,      110,      969, 108,  83,   2.1,   1.0,   1.8,  0,  0,  0, 31, 34, 35,  0,  0, 36,  0, 28, 22,  0,  0,  0,  0, 33,  0, 33,  0, 36,  0,  0,  0, 14,  0,  0,  0, 18,  0,  0,  0
6, 11026, 15,KE8EXM,    10.06, 5,   coast,  -12.26,  86359.00, 1327.72, 1192.91,   72.26, 19.9, 4.03, 4.01, 4.03,  -1.15,  -0.80,   0.35, 105.43,  -3.95,  -2.49,   0.22,  -0.14,   0.13,   3.78, 4.03, 0.00, 0.00, 0.00, 0.00, 1, 1,  7,  39.7279125, -83.7072900,  1295.0, 2026,  3, 28, 20,  3, 59,      110,      969, 108,  83,   2.1,   1.0,   1.8,  0,  0,  0, 31, 34, 35,  0,  0, 36,  0, 28, 22,  0,  0,  0,  0, 33,  0, 33,  0, 36,  0,  0,  0, 14,  0,  0,  0, 18,  0,  0,  0
6, 11026, 15,KE8EXM,    10.07, 5,   coast,  -11.28,  86339.00, 1329.61, 1194.81,   72.14, 19.9, 4.03, 4.01, 4.03,  -1.20,  -0.56,  -0.22, 104.94,  -3.03,  -2.55,   0.21,  -0.14,   0.14,   3.78, 4.03, 0.00, 0.00, 0.00, 0.00, 1, 1,  7,  39.7279125, -83.7072900,  1295.0, 2026,  3, 28, 20,  3, 59,      110,      969, 108,  83,   2.1,   1.0,   1.8,  0,  0,  0, 31, 34, 35,  0,  0, 36,  0, 28, 22,  0,  0,  0,  0, 33,  0, 33,  0, 36,  0,  0,  0, 14,  0,  0,  0, 18,  0,  0,  0
6, 11026, 15,KE8EXM,    10.08, 5,   coast,  -10.79,  86339.00, 1329.61, 1194.81,   72.03, 19.9, 4.03, 4.01, 4.03,  -1.08,  -0.59,   0.24, 105.13,  -3.40,  -2.61,   0.22,  -0.13,   0.14,   3.77, 4.03, 0.00, 0.00, 0.00, 0.00, 1, 1,  7,  39.7279125, -83.7072900,  1295.0, 2026,  3, 28, 20,  3, 59,      110,      969, 108,  83,   2.1,   1.0,   1.8,  0,  0,  0, 31, 34, 35,  0,  0, 36,  0, 28, 22,  0,  0,  0,  0, 33,  0, 33,  0, 36,  0,  0,  0, 14,  0,  0,  0, 18,  0,  0,  0
6, 11026, 15,KE8EXM,    10.09, 5,   coast,   -9.32,  86322.00, 1331.22, 1196.42,   71.92, 20.0, 4.03, 4.01, 4.03,  -1.11,  -0.53,  -0.37, 104.27,  -3.16,  -2.31,   0.22,  -0.13,   0.14,   3.76, 4.03, 0.00, 0.00, 0.00, 0.00, 1, 1,  7,  39.7279125, -83.7072900,  1295.0, 2026,  3, 28, 20,  3, 59,      110,      969, 108,  83,   2.1,   1.0,   1.8,  0,  0,  0, 31, 34, 35,  0,  0, 36,  0, 28, 22,  0,  0,  0,  0, 33,  0, 33,  0, 36,  0,  0,  0, 14,  0,  0,  0, 18,  0,  0,  0
6, 11026, 15,KE8EXM,    10.10, 5,   coast,  -10.30,  86322.00, 1331.22, 1196.42,   71.82, 20.0, 4.03, 4.01, 4.03,  -0.99,  -0.60,  -0.34, 104.45,  -2.91,  -2.55,   0.22,  -0.13,   0.14,   3.76, 4.03, 0.00, 0.00, 0.00, 0.00, 1, 1,  7,  39.7279125, -83.7072900,  1295.0, 2026,  3, 28, 20,  3, 59,      110,      969, 108,  83,   2.1,   1.0,   1.8,  0,  0,  0, 31, 34, 35,  0,  0, 36,  0, 28, 22,  0,  0,  0,  0, 33,  0, 33,  0, 36,  0,  0,  0, 14,  0,  0,  0, 18,  0,  0,  0
6, 11026, 15,KE8EXM,    10.11, 5,   coast,  -12.75,  86308.00, 1332.55, 1197.74,   71.71, 19.9, 4.03, 4.01, 4.03,  -1.10,   0.02,  -0.96, 102.38,  -1.57,  -2.61,   0.22,  -0.12,   0.14,   3.77, 4.03, 0.00, 0.00, 0.00, 0.00, 1, 1,  7,  39.7279125, -83.7072900,  1295.0, 2026,  3, 28, 20,  3, 59,      110,      969, 108,  83,   2.1,   1.0,   1.8,  0,  0,  0, 31, 34, 35,  0,  0, 36,  0, 28, 22,  0,  0,  0,  0, 33,  0, 33,  0, 36,  0,  0,  0, 14,  0,  0,  0, 18,  0,  0,  0
6, 11026, 15,KE8EXM,    10.11, 5,   coast,  -12.75,  86308.00, 1332.55, 1197.74,   71.71, 19.9, 4.03, 4.01, 4.03,  -1.10,   0.02,  -0.96, 102.38,  -1.57,  -2.61,   0.22,  -0.12,   0.14,   3.77, 4.03, 0.00, 0.00, 0.00, 0.00, 1, 1,  7,  39.7279125, -83.7072900,  1295.0, 2026,  3, 28, 20,  3, 59,      110,      969, 108,  83,   2.1,   1.0,   1.8,  0,  0,  0, 31, 34, 35,  0,  0, 36,  0, 28, 22,  0,  0,  0,  0, 33,  0, 33,  0, 36,  0,  0,  0, 14,  0,  0,  0, 18,  0,  0,  0
6, 11026, 15,KE8EXM,    10.11, 5,   coast,  -12.75,  86308.00, 1332.55, 1197.74,   71.71, 19.9, 4.03, 4.01, 4.03,  -1.10,   0.02,  -0.96, 102.38,  -1.57,  -2.61,   0.22,  -0.12,   0.14,   3.77, 4.03, 0.00, 0.00, 0.00, 0.00, 1, 1,  7,  39.7279125, -83.7072900,  1295.0, 2026,  3, 28, 20,  3, 59,      110,      969, 108,  83,   2.1,   1.0,   1.8,  0,  0,  0, 31, 34, 35,  0,  0, 36,  0, 28, 22,  0,  0,  0,  0, 33,  0, 33,  0, 36,  0,  0,  0, 14,  0,  0,  0, 18,  0,  0,  0
6, 11026, 15,KE8EXM,    10.12, 5,   coast,   -9.81,  86308.00, 1332.55, 1197.74,   71.60, 19.9, 4.03, 4.01, 4.03,  -1.08,  -0.55,   0.15, 102.26,  -1.81,  -2.49,   0.22,  -0.12,   0.14,   3.77, 4.03, 0.00, 0.00, 0.00, 0.00, 1, 1,  9,  39.7277979, -83.7072456,  1384.0, 2026,  3, 28, 20,  4,  0,      118,     1059, 113,  84,   1.9,   1.1,   1.6,  0,  0,  0, 37, 22, 35,  0,  0, 36,  0, 27, 29,  0,  0,  0,  0, 33,  0, 29,  0, 26,  0,  0,  0, 33,  0,  0,  0, 35,  0,  0,  0
6, 11026, 15,KE8EXM,    10.13, 5,   coast,  -12.26,  86288.00, 1334.45, 1199.64,   71.49, 19.9, 4.03, 4.01, 4.03,  -1.08,  -0.38,  -1.09, 102.93,  -1.33,  -2.73,   0.22,  -0.12,   0.14,   3.78, 4.03, 0.00, 0.00, 0.00, 0.00, 1, 1,  9,  39.7277979, -83.7072456,  1384.0, 2026,  3, 28, 20,  4,  0,      118,     1059, 113,  84,   1.9,   1.1,   1.6,  0,  0,  0, 37, 22, 35,  0,  0, 36,  0, 27, 29,  0,  0,  0,  0, 33,  0, 29,  0, 26,  0,  0,  0, 33,  0,  0,  0, 35,  0,  0,  0
6, 11026, 15,KE8EXM,    10.14, 5,   coast,  -10.30,  86288.00, 1334.45, 1199.64,   71.38, 19.9, 4.03, 4.01, 4.03,  -1.14,  -0.48,  -0.60, 102.01,  -1.20,  -2.73,   0.22,  -0.11,   0.15,   3.79, 4.03, 0.00, 0.00, 0.00, 0.00, 1, 1,  9,  39.7277979, -83.7072456,  1384.0, 2026,  3, 28, 20,  4,  0,      118,     1059, 113,  84,   1.9,   1.1,   1.6,  0,  0,  0, 37, 22, 35,  0,  0, 36,  0, 27, 29,  0,  0,  0,  0, 33,  0, 29,  0, 26,  0,  0,  0, 33,  0,  0,  0, 35,  0,  0,  0
6, 11026, 15,KE8EXM,    10.15, 5,   coast,  -11.77,  86283.00, 1334.92, 1200.11,   71.27, 19.9, 4.03, 4.01, 4.03,  -1.19,  -0.22,  -0.22, 100.91,  -2.49,  -2.25,   0.21,  -0.11,   0.15,   3.78, 4.03, 0.00, 0.00, 0.00, 0.00, 1, 1,  9,  39.7277979, -83.7072456,  1384.0, 2026,  3, 28, 20,  4,  0,      118,     1059, 113,  84,   1.9,   1.1,   1.6,  0,  0,  0, 37, 22, 35,  0,  0, 36,  0, 27, 29,  0,  0,  0,  0, 33,  0, 29,  0, 26,  0,  0,  0, 33,  0,  0,  0, 35,  0,  0,  0
6, 11026, 15,KE8EXM,    10.16, 5,   coast,  -10.30,  86283.00, 1334.92, 1200.11,   71.16, 19.9, 4.03, 4.01, 4.03,  -1.14,  -0.27,  -0.06,  99.82,  -2.12,  -2.25,   0.22,  -0.11,   0.15,   3.78, 4.03, 0.00, 0.00, 0.00, 0.00, 1, 1,  9,  39.7277979, -83.7072456,  1384.0, 2026,  3, 28, 20,  4,  0,      118,     1059, 113,  84,   1.9,   1.1,   1.6,  0,  0,  0, 37, 22, 35,  0,  0, 36,  0, 27, 29,  0,  0,  0,  0, 33,  0, 29,  0, 26,  0,  0,  0, 33,  0,  0,  0, 35,  0,  0,  0
6, 11026, 15,KE8EXM,    10.17, 5,   coast,  -10.79,  86262.00, 1336.91, 1202.10,   71.05, 19.9, 4.03, 4.01, 4.03,  -1.10,  -0.51,  -1.13,  98.47,  -0.29,  -2.18,   0.21,  -0.10,   0.15,   3.79, 4.03, 0.00, 0.00, 0.00, 0.00, 1, 1,  9,  39.7277979, -83.7072456,  1384.0, 2026,  3, 28, 20,  4,  0,      118,     1059, 113,  84,   1.9,   1.1,   1.6,  0,  0,  0, 37, 22, 35,  0,  0, 36,  0, 27, 29,  0,  0,  0,  0, 33,  0, 29,  0, 26,  0,  0,  0, 33,  0,  0,  0, 35,  0,  0,  0
6, 11026, 15,KE8EXM,    10.18, 5,   coast,  -11.77,  86262.00, 1336.91, 1202.10,   70.93, 19.9, 4.03, 4.01, 4.03,  -0.87,  -0.03,   0.17,  97.86,  -0.65,  -2.49,   0.22,  -0.10,   0.15,   3.80, 4.03, 0.00, 0.00, 0.00, 0.00, 1, 1,  9,  39.7277979, -83.7072456,  1384.0, 2026,  3, 28, 20,  4,  0,      118,     1059, 113,  84,   1.9,   1.1,   1.6,  0,  0,  0, 37, 22, 35,  0,  0, 36,  0, 27, 29,  0,  0,  0,  0, 33,  0, 29,  0, 26,  0,  0,  0, 33,  0,  0,  0, 35,  0,  0,  0
6, 11026, 15,KE8EXM,    10.19, 5,   coast,  -10.79,  86254.00, 1337.67, 1202.86,   70.82, 19.9, 4.03, 4.01, 4.03,  -1.15,  -0.64,  -1.31,  99.27,  -0.72,  -2.06,   0.22,  -0.10,   0.15,   3.81, 4.03, 0.00, 0.00, 0.00, 0.00, 1, 1,  9,  39.7277979, -83.7072456,  1384.0, 2026,  3, 28, 20,  4,  0,      118,     1059, 113,  84,   1.9,   1.1,   1.6,  0,  0,  0, 37, 22, 35,  0,  0, 36,  0, 27, 29,  0,  0,  0,  0, 33,  0, 29,  0, 26,  0,  0,  0, 33,  0,  0,  0, 35,  0,  0,  0
6, 11026, 15,KE8EXM,    10.20, 5,   coast,  -11.77,  86254.00, 1337.67, 1202.86,   70.71, 19.9, 4.03, 4.01, 4.03,  -1.06,  -0.11,  -0.11,  98.23,  -0.17,  -2.25,   0.21,  -0.09,   0.15,   3.82, 4.03, 0.00, 0.00, 0.00, 0.00, 1, 1,  9,  39.7277979, -83.7072456,  1384.0, 2026,  3, 28, 20,  4,  0,      118,     1059, 113,  84,   1.9,   1.1,   1.6,  0,  0,  0, 37, 22, 35,  0,  0, 36,  0, 27, 29,  0,  0,  0,  0, 33,  0, 29,  0, 26,  0,  0,  0, 33,  0,  0,  0, 35,  0,  0,  0
6, 11026, 15,KE8EXM,    10.21, 5,   coast,  -12.75,  86234.00, 1339.57, 1204.76,   70.59, 19.9, 4.03, 4.01, 4.03,  -1.19,  -0.04,  -0.96,  97.25,  -0.11,  -2.25,   0.21,  -0.09,   0.15,   3.84, 4.03, 0.00, 0.00, 0.00, 0.00, 1, 1,  9,  39.7277979, -83.7072456,  1384.0, 2026,  3, 28, 20,  4,  0,      118,     1059, 113,  84,   1.9,   1.1,   1.6,  0,  0,  0, 37, 22, 35,  0,  0, 36,  0, 27, 29,  0,  0,  0,  0, 33,  0, 29,  0, 26,  0,  0,  0, 33,  0,  0,  0, 35,  0,  0,  0
6, 11026, 15,KE8EXM,    10.22, 5,   coast,  -11.28,  86234.00, 1339.57, 1204.76,   70.47, 19.9, 4.03, 4.01, 4.03,  -0.96,  -0.18,  -0.17,  97.86,   0.38,  -2.18,   0.22,  -0.09,   0.15,   3.85, 4.03, 0.00, 0.00, 0.00, 0.00, 1, 1,  9,  39.7277979, -83.7072456,  1384.0, 2026,  3, 28, 20,  4,  0,      118,     1059, 113,  84,   1.9,   1.1,   1.6,  0,  0,  0, 37, 22, 35,  0,  0, 36,  0, 27, 29,  0,  0,  0,  0, 33,  0, 29,  0, 26,  0,  0,  0, 33,  0,  0,  0, 35,  0,  0,  0
6, 11026, 15,KE8EXM,    10.23, 5,   coast,  -11.77,  86218.00, 1341.08, 1206.28,   70.36, 19.9, 4.03, 4.01, 4.03,  -1.09,   0.07,  -1.14,  96.89,   0.75,  -2.00,   0.22,  -0.08,   0.15,   3.87, 4.03, 0.00, 0.00, 0.00, 0.00, 1, 1,  9,  39.7277979, -83.7072456,  1384.0, 2026,  3, 28, 20,  4,  0,      118,     1059, 113,  84,   1.9,   1.1,   1.6,  0,  0,  0, 37, 22, 35,  0,  0, 36,  0, 27, 29,  0,  0,  0,  0, 33,  0, 29,  0, 26,  0,  0,  0, 33,  0,  0,  0, 35,  0,  0,  0
6, 11026, 15,KE8EXM,    10.24, 5,   coast,   -9.81,  86218.00, 1341.08, 1206.28,   70.25, 19.9, 4.03, 4.01, 4.03,  -0.97,  -0.09,  -0.20,  96.34,   0.38,  -1.64,   0.22,  -0.08,   0.15,   3.88, 4.03, 0.00, 0.00, 0.00, 0.00, 1, 1,  9,  39.7277979, -83.7072456,  1384.0, 2026,  3, 28, 20,  4,  0,      118,     1059, 113,  84,   1.9,   1.1,   1.6,  0,  0,  0, 37, 22, 35,  0,  0, 36,  0, 27, 29,  0,  0,  0,  0, 33,  0, 29,  0, 26,  0,  0,  0, 33,  0,  0,  0, 35,  0,  0,  0
6, 11026, 15,KE8EXM,    10.25, 5,   coast,  -11.28,  86209.00, 1341.94, 1207.13,   70.14, 19.9, 4.03, 4.01, 4.03,  -1.05,   0.19,  -0.27,  95.67,   1.36,  -1.39,   0.22,  -0.08,   0.15,   3.90, 4.03, 0.00, 0.00, 0.00, 0.00, 1, 1,  9,  39.7277979, -83.7072456,  1384.0, 2026,  3, 28, 20,  4,  0,      118,     1059, 113,  84,   1.9,   1.1,   1.6,  0,  0,  0, 37, 22, 35,  0,  0, 36,  0, 27, 29,  0,  0,  0,  0, 33,  0, 29,  0, 26,  0,  0,  0, 33,  0,  0,  0, 35,  0,  0,  0
6, 11026, 15,KE8EXM,    10.26, 5,   coast,  -10.30,  86209.00, 1341.94, 1207.13,   70.03, 19.9, 4.00, 3.98, 3.99,  -0.97,   0.13,  -0.17,  96.21,   1.05,  -1.21,   0.22,  -0.07,   0.15,   3.92, 4.00, 0.00, 0.00, 0.01, 0.00, 1, 1,  9,  39.7277979, -83.7072456,  1384.0, 2026,  3, 28, 20,  4,  0,      118,     1059, 113,  84,   1.9,   1.1,   1.6,  0,  0,  0, 37, 22, 35,  0,  0, 36,  0, 27, 29,  0,  0,  0,  0, 33,  0, 29,  0, 26,  0,  0,  0, 33,  0,  0,  0, 35,  0,  0,  0
6, 11026, 15,KE8EXM,    10.26, 5,   coast,  -10.30,  86209.00, 1341.94, 1207.13,   70.03, 19.9, 4.00, 3.98, 3.99,  -0.97,   0.13,  -0.17,  96.21,   1.05,  -1.21,   0.22,  -0.07,   0.15,   3.92, 4.00, 0.00, 0.00, 0.01, 0.00, 1, 1,  9,  39.7277979, -83.7072456,  1384.0, 2026,  3, 28, 20,  4,  0,      118,     1059, 113,  84,   1.9,   1.1,   1.6,  0,  0,  0, 37, 22, 35,  0,  0, 36,  0, 27, 29,  0,  0,  0,  0, 33,  0, 29,  0, 26,  0,  0,  0, 33,  0,  0,  0, 35,  0,  0,  0
6, 11026, 15,KE8EXM,    10.27, 5,   coast,  -10.79,  86201.00, 1342.70, 1207.89,   69.92, 19.9, 4.00, 3.98, 3.99,  -0.98,   0.19,  -0.77,  95.30,   2.15,  -0.78,   0.22,  -0.07,   0.15,   3.94, 4.00, 0.00, 0.00, 0.01, 0.00, 1, 1,  9,  39.7277979, -83.7072456,  1384.0, 2026,  3, 28, 20,  4,  0,      118,     1059, 113,  84,   1.9,   1.1,   1.6,  0,  0,  0, 37, 22, 35,  0,  0, 36,  0, 27, 29,  0,  0,  0,  0, 33,  0, 29,  0, 26,  0,  0,  0, 33,  0,  0,  0, 35,  0,  0,  0
6, 11026, 15,KE8EXM,    10.28, 5,   coast,  -10.79,  86201.00, 1342.70, 1207.89,   69.82, 19.9, 4.00, 3.98, 3.99,  -1.00,   0.10,  -0.13,  95.12,   1.42,  -0.90,   0.22,  -0.07,   0.15,   3.95, 4.00, 0.00, 0.00, 0.01, 0.00, 1, 1,  9,  39.7277979, -83.7072456,  1384.0, 2026,  3, 28, 20,  4,  0,      118,     1059, 113,  84,   1.9,   1.1,   1.6,  0,  0,  0, 37, 22, 35,  0,  0, 36,  0, 27, 29,  0,  0,  0,  0, 33,  0, 29,  0, 26,  0,  0,  0, 33,  0,  0,  0, 35,  0,  0,  0
6, 11026, 15,KE8EXM,    10.29, 5,   coast,  -11.28,  86182.00, 1344.50, 1209.69,   69.71, 19.9, 4.00, 3.98, 3.99,  -0.83,   0.18,  -0.01,  93.83,   2.09,  -0.48,   0.22,  -0.07,   0.15,   3.98, 4.00, 0.00, 0.00, 0.01, 0.00, 1, 1,  9,  39.7277979, -83.7072456,  1384.0, 2026,  3, 28, 20,  4,  0,      118,     1059, 113,  84,   1.9,   1.1,   1.6,  0,  0,  0, 37, 22, 35,  0,  0, 36,  0, 27, 29,  0,  0,  0,  0, 33,  0, 29,  0, 26,  0,  0,  0, 33,  0,  0,  0, 35,  0,  0,  0
6, 11026, 15,KE8EXM,    10.30, 5,   coast,  -11.28,  86182.00, 1344.50, 1209.69,   69.60, 19.9, 4.00, 3.98, 3.99,  -1.04,   0.05,  -1.28,  93.83,   2.95,  -0.05,   0.22,  -0.06,   0.15,   4.00, 4.00, 0.00, 0.00, 0.01, 0.00, 1, 1,  9,  39.7277979, -83.7072456,  1384.0, 2026,  3, 28, 20,  4,  0,      118,     1059, 113,  84,   1.9,   1.1,   1.6,  0,  0,  0, 37, 22, 35,  0,  0, 36,  0, 27, 29,  0,  0,  0,  0, 33,  0, 29,  0, 26,  0,  0,  0, 33,  0,  0,  0, 35,  0,  0,  0
6, 11026, 15,KE8EXM,    10.31, 5,   coast,   -8.83,  86167.00, 1345.92, 1211.12,   69.49, 19.9, 4.00, 3.98, 3.99,  -1.06,  -0.06,  -0.19,  92.86,   2.34,   0.07,   0.22,  -0.06,   0.15,   4.02, 4.00, 0.00, 0.00, 0.01, 0.00, 1, 1,  9,  39.7277979, -83.7072456,  1384.0, 2026,  3, 28, 20,  4,  0,      118,     1059, 113,  84,   1.9,   1.1,   1.6,  0,  0,  0, 37, 22, 35,  0,  0, 36,  0, 27, 29,  0,  0,  0,  0, 33,  0, 29,  0, 26,  0,  0,  0, 33,  0,  0,  0, 35,  0,  0,  0
6, 11026, 15,KE8EXM,    10.32, 5,   coast,  -12.26,  86167.00, 1345.92, 1211.12,   69.39, 19.9, 4.00, 3.98, 3.99,  -1.05,   0.26,  -0.19,  92.13,   2.34,  -0.05,   0.22,  -0.06,   0.15,   4.04, 4.00, 0.00, 0.00, 0.01, 0.00, 1, 1,  9,  39.7277979, -83.7072456,  1384.0, 2026,  3, 28, 20,  4,  0,      118,     1059, 113,  84,   1.9,   1.1,   1.6,  0,  0,  0, 37, 22, 35,  0,  0, 36,  0, 27, 29,  0,  0,  0,  0, 33,  0, 29,  0, 26,  0,  0,  0, 33,  0,  0,  0, 35,  0,  0,  0
6, 11026, 15,KE8EXM,    10.33, 5,   coast,   -9.81,  86148.00, 1347.73, 1212.92,   69.28, 19.9, 4.00, 3.98, 3.99,  -1.10,   0.06,  -0.16,  92.37,   1.73,   0.50,   0.22,  -0.05,   0.15,   4.06, 4.00, 0.00, 0.00, 0.01, 0.00, 1, 1,  9,  39.7277979, -83.7072456,  1384.0, 2026,  3, 28, 20,  4,  0,      118,     1059, 113,  84,   1.9,   1.1,   1.6,  0,  0,  0, 37, 22, 35,  0,  0, 36,  0, 27, 29,  0,  0,  0,  0, 33,  0, 29,  0, 26,  0,  0,  0, 33,  0,  0,  0, 35,  0,  0,  0
6, 11026, 15,KE8EXM,    10.34, 5,   coast,  -10.30,  86148.00, 1347.73, 1212.92,   69.17, 19.9, 4.00, 3.98, 3.99,  -1.01,  -0.03,  -0.28,  90.78,   2.95,   0.62,   0.22,  -0.05,   0.15,   4.08, 4.00, 0.00, 0.00, 0.01, 0.00, 1, 1,  9,  39.7277979, -83.7072456,  1384.0, 2026,  3, 28, 20,  4,  0,      118,     1059, 113,  84,   1.9,   1.1,   1.6,  0,  0,  0, 37, 22, 35,  0,  0, 36,  0, 27, 29,  0,  0,  0,  0, 33,  0, 29,  0, 26,  0,  0,  0, 33,  0,  0,  0, 35,  0,  0,  0
6, 11026, 15,KE8EXM,    10.35, 5,   coast,  -12.75,  86133.00, 1349.15, 1214.34,   69.06, 19.9, 4.00, 3.98, 3.99,  -1.01,  -0.42,  -0.40,  91.03,   2.40,   0.81,   0.22,  -0.05,   0.15,   4.10, 4.00, 0.00, 0.00, 0.01, 0.00, 1, 1,  9,  39.7277979, -83.7072456,  1384.0, 2026,  3, 28, 20,  4,  0,      118,     1059, 113,  84,   1.9,   1.1,   1.6,  0,  0,  0, 37, 22, 35,  0,  0, 36,  0, 27, 29,  0,  0,  0,  0, 33,  0, 29,  0, 26,  0,  0,  0, 33,  0,  0,  0, 35,  0,  0,  0
6, 11026, 15,KE8EXM,    10.36, 5,   coast,  -10.79,  86133.00, 1349.15, 1214.34,   68.95, 19.9, 4.00, 3.98, 3.99,  -0.94,   0.04,  -0.16,  89.74,   2.64,   1.23,   0.22,  -0.05,   0.15,   4.12, 4.00, 0.00, 0.00, 0.01, 0.00, 1, 1,  9,  39.7277979, -83.7072456,  1384.0, 2026,  3, 28, 20,  4,  0,      118,     1059, 113,  84,   1.9,   1.1,   1.6,  0,  0,  0, 37, 22, 35,  0,  0, 36,  0, 27, 29,  0,  0,  0,  0, 33,  0, 29,  0, 26,  0,  0,  0, 33,  0,  0,  0, 35,  0,  0,  0
6, 11026, 15,KE8EXM,    10.37, 5,   coast,  -12.75,  86122.00, 1350.20, 1215.39,   68.83, 19.9, 4.00, 3.98, 3.99,  -1.03,  -0.10,  -0.47,  89.93,   2.46,   0.93,   0.22,  -0.05,   0.15,   4.14, 4.00, 0.00, 0.00, 0.01, 0.00, 1, 1,  9,  39.7277979, -83.7072456,  1384.0, 2026,  3, 28, 20,  4,  0,      118,     1059, 113,  84,   1.9,   1.1,   1.6,  0,  0,  0, 37, 22, 35,  0,  0, 36,  0, 27, 29,  0,  0,  0,  0, 33,  0, 29,  0, 26,  0,  0,  0, 33,  0,  0,  0, 35,  0,  0,  0
6, 11026, 15,KE8EXM,    10.38, 5,   coast,  -11.28,  86122.00, 1350.20, 1215.39,   68.72, 19.9, 4.00, 3.98, 3.99,  -0.87,  -0.39,  -0.38,  88.71,   3.92,   1.23,   0.22,  -0.04,   0.15,   4.17, 4.00, 0.00, 0.00, 0.01, 0.00, 1, 1,  9,  39.7277979, -83.7072456,  1384.0, 2026,  3, 28, 20,  4,  0,      118,     1059, 113,  84,   1.9,   1.1,   1.6,  0,  0,  0, 37, 22, 35,  0,  0, 36,  0, 27, 29,  0,  0,  0,  0, 33,  0, 29,  0, 26,  0,  0,  0, 33,  0,  0,  0, 35,  0,  0,  0
6, 11026, 15,KE8EXM,    10.39, 5,   coast,   -9.81,  86112.00, 1351.14, 1216.34,   68.62, 19.9, 4.00, 3.98, 3.99,  -0.94,  -0.24,  -0.85,  89.07,   3.80,   1.60,   0.22,  -0.04,   0.15,   4.20, 4.00, 0.00, 0.00, 0.01, 0.00, 1, 1,  9,  39.7277979, -83.7072456,  1384.0, 2026,  3, 28, 20,  4,  0,      118,     1059, 113,  84,   1.9,   1.1,   1.6,  0,  0,  0, 37, 22, 35,  0,  0, 36,  0, 27, 29,  0,  0,  0,  0, 33,  0, 29,  0, 26,  0,  0,  0, 33,  0,  0,  0, 35,  0,  0,  0
6, 11026, 15,KE8EXM,    10.40, 5,   coast,   -8.34,  86112.00, 1351.14, 1216.34,   68.51, 19.9, 4.00, 3.98, 3.99,  -0.92,  -0.38,  -0.26,  88.34,   3.50,   1.84,   0.22,  -0.04,   0.15,   4.23, 4.00, 0.00, 0.00, 0.01, 0.00, 1, 1,  9,  39.7277979, -83.7072456,  1384.0, 2026,  3, 28, 20,  4,  0,      118,     1059, 113,  84,   1.9,   1.1,   1.6,  0,  0,  0, 37, 22, 35,  0,  0, 36,  0, 27, 29,  0,  0,  0,  0, 33,  0, 29,  0, 26,  0,  0,  0, 33,  0,  0,  0, 35,  0,  0,  0
6, 11026, 15,KE8EXM,    10.41, 5,   coast,  -10.79,  86095.00, 1352.76, 1217.95,   68.41, 19.9, 4.00, 3.98, 3.99,  -0.93,  -0.06,  -0.71,  88.16,   3.98,   1.72,   0.22,  -0.04,   0.15,   4.26, 4.00, 0.00, 0.00, 0.01, 0.00, 1, 1,  9,  39.7277979, -83.7072456,  1384.0, 2026,  3, 28, 20,  4,  0,      118,     1059, 113,  84,   1.9,   1.1,   1.6,  0,  0,  0, 37, 22, 35,  0,  0, 36,  0, 27, 29,  0,  0,  0,  0, 33,  0, 29,  0, 26,  0,  0,  0, 33,  0,  0,  0, 35,  0,  0,  0
6, 11026, 15,KE8EXM,    10.42, 5,   coast,  -10.79,  86095.00, 1352.76, 1217.95,   68.30, 19.9, 4.00, 3.98, 3.99,  -0.90,  -0.04,  -0.37,  87.79,   3.80,   2.09,   0.22,  -0.03,   0.15,   4.30, 4.00, 0.00, 0.00, 0.01, 0.00, 1, 1,  9,  39.7277979, -83.7072456,  1384.0, 2026,  3, 28, 20,  4,  0,      118,     1059, 113,  84,   1.9,   1.1,   1.6,  0,  0,  0, 37, 22, 35,  0,  0, 36,  0, 27, 29,  0,  0,  0,  0, 33,  0, 29,  0, 26,  0,  0,  0, 33,  0,  0,  0, 35,  0,  0,  0
6, 11026, 15,KE8EXM,    10.43, 5,   coast,  -11.77,  86076.00, 1354.56, 1219.76,   68.20, 19.9, 4.00, 3.98, 3.99,  -0.90,  -0.42,  -0.58,  87.30,   3.98,   2.09,   0.22,  -0.03,   0.15,   4.33, 4.00, 0.00, 0.00, 0.01, 0.00, 1, 1,  9,  39.7277979, -83.7072456,  1384.0, 2026,  3, 28, 20,  4,  0,      118,     1059, 113,  84,   1.9,   1.1,   1.6,  0,  0,  0, 37, 22, 35,  0,  0, 36,  0, 27, 29,  0,  0,  0,  0, 33,  0, 29,  0, 26,  0,  0,  0, 33,  0,  0,  0, 35,  0,  0,  0
6, 11026, 15,KE8EXM,    10.44, 5,   coast,  -10.30,  86076.00, 1354.56, 1219.76,   68.09, 19.9, 4.00, 3.98, 3.99,  -0.82,  -0.45,  -0.08,  87.12,   4.35,   1.97,   0.22,  -0.03,   0.15,   4.37, 4.00, 0.00, 0.00, 0.01, 0.00, 1, 1,  9,  39.7277979, -83.7072456,  1384.0, 2026,  3, 28, 20,  4,  0,      118,     1059, 113,  84,   1.9,   1.1,   1.6,  0,  0,  0, 37, 22, 35,  0,  0, 36,  0, 27, 29,  0,  0,  0,  0, 33,  0, 29,  0, 26,  0,  0,  0, 33,  0,  0,  0, 35,  0,  0,  0
6, 11026, 15,KE8EXM,    10.45, 5,   coast,  -11.28,  86063.00, 1355.80, 1220.99,   67.97, 19.9, 4.00, 3.98, 3.99,  -0.91,  -0.63,  -0.50,  87.12,   4.35,   2.39,   0.22,  -0.03,   0.15,   4.41, 4.00, 0.00, 0.00, 0.01, 0.00, 1, 1,  9,  39.7277979, -83.7072456,  1384.0, 2026,  3, 28, 20,  4,  0,      118,     1059, 113,  84,   1.9,   1.1,   1.6,  0,  0,  0, 37, 22, 35,  0,  0, 36,  0, 27, 29,  0,  0,  0,  0, 33,  0, 29,  0, 26,  0,  0,  0, 33,  0,  0,  0, 35,  0,  0,  0
6, 11026, 15,KE8EXM,    10.46, 5,   coast,  -11.28,  86063.00, 1355.80, 1220.99,   67.86, 19.9, 4.00, 3.98, 3.99,  -0.90,  -0.14,  -0.55,  86.94,   4.90,   2.76,   0.22,  -0.03,   0.15,   4.45, 4.00, 0.00, 0.00, 0.01, 0.00, 1, 1,  9,  39.7277979, -83.7072456,  1384.0, 2026,  3, 28, 20,  4,  0,      118,     1059, 113,  84,   1.9,   1.1,   1.6,  0,  0,  0, 37, 22, 35,  0,  0, 36,  0, 27, 29,  0,  0,  0,  0, 33,  0, 29,  0, 26,  0,  0,  0, 33,  0,  0,  0, 35,  0,  0,  0
6, 11026, 15,KE8EXM,    10.47, 5,   coast,  -13.24,  86051.00, 1356.94, 1222.13,   67.74, 19.9, 4.00, 3.98, 3.99,  -0.86,  -0.22,  -0.17,  86.02,   4.47,   2.82,   0.22,  -0.02,   0.14,   4.49, 4.00, 0.00, 0.00, 0.01, 0.00, 1, 1,  9,  39.7277979, -83.7072456,  1384.0, 2026,  3, 28, 20,  4,  0,      118,     1059, 113,  84,   1.9,   1.1,   1.6,  0,  0,  0, 37, 22, 35,  0,  0, 36,  0, 27, 29,  0,  0,  0,  0, 33,  0, 29,  0, 26,  0,  0,  0, 33,  0,  0,  0, 35,  0,  0,  0
6, 11026, 15,KE8EXM,    10.48, 5,   coast,  -11.77,  86051.00, 1356.94, 1222.13,   67.62, 19.9, 4.00, 3.98, 3.99,  -0.98,  -0.14,  -0.40,  85.59,   5.08,   2.70,   0.22,  -0.02,   0.14,   4.54, 4.00, 0.00, 0.00, 0.01, 0.00, 1, 1,  9,  39.7277979, -83.7072456,  1384.0, 2026,  3, 28, 20,  4,  0,      118,     1059, 113,  84,   1.9,   1.1,   1.6,  0,  0,  0, 37, 22, 35,  0,  0, 36,  0, 27, 29,  0,  0,  0,  0, 33,  0, 29,  0, 26,  0,  0,  0, 33,  0,  0,  0, 35,  0,  0,  0
6, 11026, 15,KE8EXM,    10.49, 5,   coast,  -11.28,  86039.00, 1358.08, 1223.27,   67.51, 19.9, 4.00, 3.98, 3.99,  -0.92,  -0.41,  -0.19,  85.96,   4.72,   3.00,   0.22,  -0.02,   0.14,   4.58, 4.00, 0.00, 0.00, 0.01, 0.00, 1, 1,  9,  39.7277979, -83.7072456,  1384.0, 2026,  3, 28, 20,  4,  0,      118,     1059, 113,  84,   1.9,   1.1,   1.6,  0,  0,  0, 37, 22, 35,  0,  0, 36,  0, 27, 29,  0,  0,  0,  0, 33,  0, 29,  0, 26,  0,  0,  0, 33,  0,  0,  0, 35,  0,  0,  0
6, 11026, 15,KE8EXM,    10.50, 5,   coast,  -11.77,  86039.00, 1358.08, 1223.27,   67.39, 19.9, 4.00, 3.98, 3.99,  -0.96,  -0.37,  -1.08,  85.11,   5.08,   3.06,   0.22,  -0.02,   0.14,   4.63, 4.00, 0.00, 0.00, 0.01, 0.00, 1, 1,  9,  39.7277979, -83.7072456,  1384.0, 2026,  3, 28, 20,  4,  0,      118,     1059, 113,  84,   1.9,   1.1,   1.6,  0,  0,  0, 37, 22, 35,  0,  0, 36,  0, 27, 29,  0,  0,  0,  0, 33,  0, 29,  0, 26,  0,  0,  0, 33,  0,  0,  0, 35,  0,  0,  0
6, 11026, 15,KE8EXM,    10.51, 5,   coast,  -11.77,  86024.00, 1359.51, 1224.70,   67.28, 19.9, 4.00, 3.98, 3.99,  -0.88,  -0.44,  -0.17,  84.50,   5.27,   2.82,   0.22,  -0.01,   0.14,   4.68, 4.00, 0.00, 0.00, 0.01, 0.00, 1, 1,  9,  39.7277979, -83.7072456,  1384.0, 2026,  3, 28, 20,  4,  0,      118,     1059, 113,  84,   1.9,   1.1,   1.6,  0,  0,  0, 37, 22, 35,  0,  0, 36,  0, 27, 29,  0,  0,  0,  0, 33,  0, 29,  0, 26,  0,  0,  0, 33,  0,  0,  0, 35,  0,  0,  0
6, 11026, 15,KE8EXM,    10.52, 5,   coast,  -10.30,  86024.00, 1359.51, 1224.70,   67.16, 19.9, 4.00, 3.98, 3.99,  -0.98,  -0.62,  -0.78,  84.80,   4.78,   3.25,   0.22,  -0.01,   0.14,   4.73, 4.00, 0.00, 0.00, 0.01, 0.00, 1, 1,  9,  39.7277979, -83.7072456,  1384.0, 2026,  3, 28, 20,  4,  0,      118,     1059, 113,  84,   1.9,   1.1,   1.6,  0,  0,  0, 37, 22, 35,  0,  0, 36,  0, 27, 29,  0,  0,  0,  0, 33,  0, 29,  0, 26,  0,  0,  0, 33,  0,  0,  0, 35,  0,  0,  0
6, 11026, 15,KE8EXM,    10.53, 5,   coast,  -11.28,  86013.00, 1360.55, 1225.74,   67.05, 19.9, 4.00, 3.98, 3.99,  -0.84,  -0.15,   0.27,  84.62,   4.72,   3.19,   0.22,  -0.01,   0.14,   4.77, 4.00, 0.00, 0.00, 0.01, 0.00, 1, 1,  9,  39.7277979, -83.7072456,  1384.0, 2026,  3, 28, 20,  4,  0,      118,     1059, 113,  84,   1.9,   1.1,   1.6,  0,  0,  0, 37, 22, 35,  0,  0, 36,  0, 27, 29,  0,  0,  0,  0, 33,  0, 29,  0, 26,  0,  0,  0, 33,  0,  0,  0, 35,  0,  0,  0
6, 11026, 15,KE8EXM,    10.54, 5,   coast,  -10.30,  86013.00, 1360.55, 1225.74,   66.95, 19.9, 4.00, 3.98, 3.99,  -0.85,  -0.24,  -0.75,  84.07,   6.49,   3.31,   0.22,  -0.01,   0.14,   4.84, 4.00, 0.00, 0.00, 0.01, 0.00, 1, 1,  9,  39.7277979, -83.7072456,  1384.0, 2026,  3, 28, 20,  4,  0,      118,     1059, 113,  84,   1.9,   1.1,   1.6,  0,  0,  0, 37, 22, 35,  0,  0, 36,  0, 27, 29,  0,  0,  0,  0, 33,  0, 29,  0, 26,  0,  0,  0, 33,  0,  0,  0, 35,  0,  0,  0
6, 11026, 15,KE8EXM,    10.55, 5,   coast,  -10.79,  86001.00, 1361.69, 1226.89,   66.84, 19.9, 4.00, 3.98, 3.99,  -0.79,  -0.32,  -0.22,  85.11,   5.88,   3.43,   0.22,  -0.01,   0.14,   4.90, 4.00, 0.00, 0.00, 0.01, 0.00, 1, 1,  9,  39.7277979, -83.7072456,  1384.0, 2026,  3, 28, 20,  4,  0,      118,     1059, 113,  84,   1.9,   1.1,   1.6,  0,  0,  0, 37, 22, 35,  0,  0, 36,  0, 27, 29,  0,  0,  0,  0, 33,  0, 29,  0, 26,  0,  0,  0, 33,  0,  0,  0, 35,  0,  0,  0
6, 11026, 15,KE8EXM,    10.56, 5,   coast,   -9.32,  86001.00, 1361.69, 1226.89,   66.74, 19.9, 4.00, 3.98, 3.99,  -0.82,  -0.14,  -0.71,  83.64,   6.18,   3.74,   0.22,  -0.00,   0.14,   4.96, 4.00, 0.00, 0.00, 0.01, 0.00, 1, 1,  9,  39.7277979, -83.7072456,  1384.0, 2026,  3, 28, 20,  4,  0,      118,     1059, 113,  84,   1.9,   1.1,   1.6,  0,  0,  0, 37, 22, 35,  0,  0, 36,  0, 27, 29,  0,  0,  0,  0, 33,  0, 29,  0, 26,  0,  0,  0, 33,  0,  0,  0, 35,  0,  0,  0
6, 11026, 15,KE8EXM,    10.57, 5,   coast,  -10.30,  85982.00, 1363.50, 1228.69,   66.63, 19.9, 4.00, 3.98, 3.99,  -0.80,  -0.07,  -0.47,  83.52,   6.18,   3.31,   0.22,  -0.00,   0.14,   5.03, 4.00, 0.00, 0.00, 0.01, 0.00, 1, 1,  9,  39.7277979, -83.7072456,  1384.0, 2026,  3, 28, 20,  4,  0,      118,     1059, 113,  84,   1.9,   1.1,   1.6,  0,  0,  0, 37, 22, 35,  0,  0, 36,  0, 27, 29,  0,  0,  0,  0, 33,  0, 29,  0, 26,  0,  0,  0, 33,  0,  0,  0, 35,  0,  0,  0
6, 11026, 15,KE8EXM,    10.58, 5,   coast,  -11.28,  85982.00, 1363.50, 1228.69,   66.53, 19.9, 4.03, 4.02, 4.03,  -0.83,  -0.51,   0.00,  83.34,   5.88,   3.80,   0.22,  -0.00,   0.13,   5.09, 4.03, 0.00, 0.00, 0.00, 0.00, 1, 1,  9,  39.7277979, -83.7072456,  1384.0, 2026,  3, 28, 20,  4,  0,      118,     1059, 113,  84,   1.9,   1.1,   1.6,  0,  0,  0, 37, 22, 35,  0,  0, 36,  0, 27, 29,  0,  0,  0,  0, 33,  0, 29,  0, 26,  0,  0,  0, 33,  0,  0,  0, 35,  0,  0,  0
6, 11026, 15,KE8EXM,    10.58, 5,   coast,  -11.28,  85982.00, 1363.50, 1228.69,   66.53, 19.9, 4.03, 4.02, 4.03,  -0.83,  -0.51,   0.00,  83.34,   5.88,   3.80,   0.22,  -0.00,   0.13,   5.09, 4.03, 0.00, 0.00, 0.00, 0.00, 1, 1,  9,  39.7277979, -83.7072456,  1384.0, 2026,  3, 28, 20,  4,  0,      118,     1059, 113,  84,   1.9,   1.1,   1.6,  0,  0,  0, 37, 22, 35,  0,  0, 36,  0, 27, 29,  0,  0,  0,  0, 33,  0, 29,  0, 26,  0,  0,  0, 33,  0,  0,  0, 35,  0,  0,  0
6, 11026, 15,KE8EXM,    10.59, 5,   coast,  -11.28,  85974.00, 1364.26, 1229.45,   66.42, 19.9, 4.03, 4.02, 4.03,  -0.89,  -0.09,   0.06,  82.66,   5.45,   3.80,   0.22,   0.00,   0.13,   5.15, 4.03, 0.00, 0.00, 0.00, 0.00, 1, 1,  9,  39.7277979, -83.7072456,  1384.0, 2026,  3, 28, 20,  4,  0,      118,     1059, 113,  84,   1.9,   1.1,   1.6,  0,  0,  0, 37, 22, 35,  0,  0, 36,  0, 27, 29,  0,  0,  0,  0, 33,  0, 29,  0, 26,  0,  0,  0, 33,  0,  0,  0, 35,  0,  0,  0
6, 11026, 15,KE8EXM,    10.60, 5,   coast,  -10.79,  85974.00, 1364.26, 1229.45,   66.31, 19.9, 4.03, 4.02, 4.03,  -0.80,  -0.22,   0.62,  83.15,   5.45,   4.41,   0.22,   0.00,   0.13,   5.21, 4.03, 0.00, 0.00, 0.00, 0.00, 1, 1,  9,  39.7277979, -83.7072456,  1384.0, 2026,  3, 28, 20,  4,  0,      118,     1059, 113,  84,   1.9,   1.1,   1.6,  0,  0,  0, 37, 22, 35,  0,  0, 36,  0, 27, 29,  0,  0,  0,  0, 33,  0, 29,  0, 26,  0,  0,  0, 33,  0,  0,  0, 35,  0,  0,  0
6, 11026, 15,KE8EXM,    10.61, 5,   coast,  -12.26,  85962.00, 1365.40, 1230.59,   66.19, 19.9, 4.03, 4.02, 4.03,  -0.96,  -0.16,  -0.36,  83.70,   5.27,   4.35,   0.22,   0.00,   0.13,   5.27, 4.03, 0.00, 0.00, 0.00, 0.00, 1, 1,  9,  39.7277979, -83.7072456,  1384.0, 2026,  3, 28, 20,  4,  0,      118,     1059, 113,  84,   1.9,   1.1,   1.6,  0,  0,  0, 37, 22, 35,  0,  0, 36,  0, 27, 29,  0,  0,  0,  0, 33,  0, 29,  0, 26,  0,  0,  0, 33,  0,  0,  0, 35,  0,  0,  0
6, 11026, 15,KE8EXM,    10.62, 5,   coast,  -10.79,  85962.00, 1365.40, 1230.59,   66.08, 19.9, 4.03, 4.02, 4.03,  -0.80,  -0.46,   0.37,  83.40,   5.57,   4.59,   0.22,   0.01,   0.13,   5.33, 4.03, 0.00, 0.00, 0.00, 0.00, 1, 1,  9,  39.7277979, -83.7072456,  1384.0, 2026,  3, 28, 20,  4,  0,      118,     1059, 113,  84,   1.9,   1.1,   1.6,  0,  0,  0, 37, 22, 35,  0,  0, 36,  0, 27, 29,  0,  0,  0,  0, 33,  0, 29,  0, 26,  0,  0,  0, 33,  0,  0,  0, 35,  0,  0,  0
6, 11026, 15,KE8EXM,    10.63, 5,   coast,  -11.28,  85941.00, 1367.40, 1232.59,   65.97, 19.9, 4.03, 4.02, 4.03,  -0.92,  -0.46,  -0.55,  83.40,   6.00,   4.47,   0.22,   0.01,   0.13,   5.40, 4.03, 0.00, 0.00, 0.00, 0.00, 1, 1,  9,  39.7277979, -83.7072456,  1384.0, 2026,  3, 28, 20,  4,  0,      118,     1059, 113,  84,   1.9,   1.1,   1.6,  0,  0,  0, 37, 22, 35,  0,  0, 36,  0, 27, 29,  0,  0,  0,  0, 33,  0, 29,  0, 26,  0,  0,  0, 33,  0,  0,  0, 35,  0,  0,  0
6, 11026, 15,KE8EXM,    10.64, 5,   coast,  -10.79,  85941.00, 1367.40, 1232.59,   65.86, 19.9, 4.03, 4.02, 4.03,  -0.87,  -0.73,   0.14,  83.95,   5.39,   4.65,   0.22,   0.01,   0.12,   5.46, 4.03, 0.00, 0.00, 0.00, 0.00, 1, 1,  9,  39.7277979, -83.7072456,  1384.0, 2026,  3, 28, 20,  4,  0,      118,     1059, 113,  84,   1.9,   1.1,   1.6,  0,  0,  0, 37, 22, 35,  0,  0, 36,  0, 27, 29,  0,  0,  0,  0, 33,  0, 29,  0, 26,  0,  0,  0, 33,  0,  0,  0, 35,  0,  0,  0
6, 11026, 15,KE8EXM,    10.65, 5,   coast,  -10.79,  85928.00, 1368.63, 1233.83,   65.75, 19.9, 4.03, 4.02, 4.03,  -0.86,  -0.37,  -0.64,  82.85,   5.08,   4.96,   0.22,   0.01,   0.12,   5.52, 4.03, 0.00, 0.00, 0.00, 0.00, 1, 1,  9,  39.7277979, -83.7072456,  1384.0, 2026,  3, 28, 20,  4,  0,      118,     1059, 113,  84,   1.9,   1.1,   1.6,  0,  0,  0, 37, 22, 35,  0,  0, 36,  0, 27, 29,  0,  0,  0,  0, 33,  0, 29,  0, 26,  0,  0,  0, 33,  0,  0,  0, 35,  0,  0,  0
6, 11026, 15,KE8EXM,    10.66, 5,   coast,  -10.79,  85928.00, 1368.63, 1233.83,   65.64, 19.9, 4.03, 4.02, 4.03,  -0.77,  -0.35,   0.29,  82.73,   5.27,   5.02,   0.22,   0.01,   0.12,   5.59, 4.03, 0.00, 0.00, 0.00, 0.00, 1, 1,  9,  39.7277979, -83.7072456,  1384.0, 2026,  3, 28, 20,  4,  0,      118,     1059, 113,  84,   1.9,   1.1,   1.6,  0,  0,  0, 37, 22, 35,  0,  0, 36,  0, 27, 29,  0,  0,  0,  0, 33,  0, 29,  0, 26,  0,  0,  0, 33,  0,  0,  0, 35,  0,  0,  0
6, 11026, 15,KE8EXM,    10.67, 5,   coast,  -10.79,  85928.00, 1368.63, 1233.83,   65.53, 19.9, 4.03, 4.02, 4.03,  -0.75,  -0.93,  -0.95,  82.60,   6.06,   4.83,   0.22,   0.01,   0.12,   5.66, 4.03, 0.00, 0.00, 0.00, 0.00, 1, 1,  9,  39.7277979, -83.7072456,  1384.0, 2026,  3, 28, 20,  4,  0,      118,     1059, 113,  84,   1.9,   1.1,   1.6,  0,  0,  0, 37, 22, 35,  0,  0, 36,  0, 27, 29,  0,  0,  0,  0, 33,  0, 29,  0, 26,  0,  0,  0, 33,  0,  0,  0, 35,  0,  0,  0
6, 11026, 15,KE8EXM,    10.68, 5,   coast,  -11.28,  85928.00, 1368.63, 1233.83,   65.42, 19.9, 4.03, 4.02, 4.03,  -0.71,  -0.84,  -0.02,  82.66,   6.30,   4.71,   0.22,   0.01,   0.12,   5.73, 4.03, 0.00, 0.00, 0.00, 0.00, 1, 1,  9,  39.7277979, -83.7072456,  1384.0, 2026,  3, 28, 20,  4,  0,      118,     1059, 113,  84,   1.9,   1.1,   1.6,  0,  0,  0, 37, 22, 35,  0,  0, 36,  0, 27, 29,  0,  0,  0,  0, 33,  0, 29,  0, 26,  0,  0,  0, 33,  0,  0,  0, 35,  0,  0,  0
6, 11026, 15,KE8EXM,    10.69, 5,   coast,  -10.79,  85898.00, 1371.49, 1236.68,   65.32, 19.9, 4.03, 4.02, 4.03,  -0.93,  -1.08,  -0.69,  82.66,   6.00,   5.02,   0.22,   0.02,   0.12,   5.80, 4.03, 0.00, 0.00, 0.00, 0.00, 1, 1,  9,  39.7277979, -83.7072456,  1384.0, 2026,  3, 28, 20,  4,  0,      118,     1059, 113,  84,   1.9,   1.1,   1.6,  0,  0,  0, 37, 22, 35,  0,  0, 36,  0, 27, 29,  0,  0,  0,  0, 33,  0, 29,  0, 26,  0,  0,  0, 33,  0,  0,  0, 35,  0,  0,  0
6, 11026, 15,KE8EXM,    10.70, 5,   coast,  -10.79,  85898.00, 1371.49, 1236.68,   65.21, 19.9, 4.03, 4.02, 4.03,  -0.89,  -1.00,   0.38,  82.73,   4.96,   5.08,   0.22,   0.02,   0.12,   5.87, 4.03, 0.00, 0.00, 0.00, 0.00, 1, 1,  9,  39.7277979, -83.7072456,  1384.0, 2026,  3, 28, 20,  4,  0,      118,     1059, 113,  84,   1.9,   1.1,   1.6,  0,  0,  0, 37, 22, 35,  0,  0, 36,  0, 27, 29,  0,  0,  0,  0, 33,  0, 29,  0, 26,  0,  0,  0, 33,  0,  0,  0, 35,  0,  0,  0
6, 11026, 15,KE8EXM,    10.71, 5,   coast,  -10.79,  85890.00, 1372.25, 1237.44,   65.10, 19.9, 4.03, 4.02, 4.03,  -0.90,  -0.67,  -0.66,  81.14,   5.88,   4.77,   0.22,   0.02,   0.11,   5.94, 4.03, 0.00, 0.00, 0.00, 0.00, 1, 1,  9,  39.7277979, -83.7072456,  1384.0, 2026,  3, 28, 20,  4,  0,      118,     1059, 113,  84,   1.9,   1.1,   1.6,  0,  0,  0, 37, 22, 35,  0,  0, 36,  0, 27, 29,  0,  0,  0,  0, 33,  0, 29,  0, 26,  0,  0,  0, 33,  0,  0,  0, 35,  0,  0,  0
6, 11026, 15,KE8EXM,    10.72, 5,   coast,   -9.81,  85890.00, 1372.25, 1237.44,   65.00, 19.9, 4.03, 4.02, 4.03,  -0.73,  -0.97,   0.42,  81.99,   5.45,   4.71,   0.22,   0.02,   0.11,   6.01, 4.03, 0.00, 0.00, 0.00, 0.00, 1, 1,  9,  39.7277979, -83.7072456,  1384.0, 2026,  3, 28, 20,  4,  0,      118,     1059, 113,  84,   1.9,   1.1,   1.6,  0,  0,  0, 37, 22, 35,  0,  0, 36,  0, 27, 29,  0,  0,  0,  0, 33,  0, 29,  0, 26,  0,  0,  0, 33,  0,  0,  0, 35,  0,  0,  0
6, 11026, 15,KE8EXM,    10.73, 5,   coast,   -9.81,  85880.00, 1373.20, 1238.39,   64.89, 19.9, 4.03, 4.02, 4.03,  -0.85,  -1.02,  -0.38,  82.18,   6.00,   4.35,   0.23,   0.02,   0.11,   6.08, 4.03, 0.00, 0.00, 0.00, 0.00, 1, 1,  9,  39.7277979, -83.7072456,  1384.0, 2026,  3, 28, 20,  4,  0,      118,     1059, 113,  84,   1.9,   1.1,   1.6,  0,  0,  0, 37, 22, 35,  0,  0, 36,  0, 27, 29,  0,  0,  0,  0, 33,  0, 29,  0, 26,  0,  0,  0, 33,  0,  0,  0, 35,  0,  0,  0
6, 11026, 15,KE8EXM,    10.74, 5,   coast,  -11.77,  85880.00, 1373.20, 1238.39,   64.78, 19.9, 4.03, 4.02, 4.03,  -0.80,  -1.08,   0.21,  83.03,   5.33,   4.04,   0.23,   0.03,   0.11,   6.15, 4.03, 0.00, 0.00, 0.00, 0.00, 1, 1,  9,  39.7277979, -83.7072456,  1384.0, 2026,  3, 28, 20,  4,  0,      118,     1059, 113,  84,   1.9,   1.1,   1.6,  0,  0,  0, 37, 22, 35,  0,  0, 36,  0, 27, 29,  0,  0,  0,  0, 33,  0, 29,  0, 26,  0,  0,  0, 33,  0,  0,  0, 35,  0,  0,  0
6, 11026, 15,KE8EXM,    10.75, 5,   coast,  -12.26,  85860.00, 1375.10, 1240.30,   64.67, 19.9, 4.03, 4.02, 4.03,  -0.88,  -0.60,  -0.25,  82.42,   5.82,   4.53,   0.23,   0.03,   0.11,   6.22, 4.03, 0.00, 0.00, 0.00, 0.00, 1, 1,  9,  39.7277979, -83.7072456,  1384.0, 2026,  3, 28, 20,  4,  0,      118,     1059, 113,  84,   1.9,   1.1,   1.6,  0,  0,  0, 37, 22, 35,  0,  0, 36,  0, 27, 29,  0,  0,  0,  0, 33,  0, 29,  0, 26,  0,  0,  0, 33,  0,  0,  0, 35,  0,  0,  0
6, 11026, 15,KE8EXM,    10.76, 5,   coast,  -11.28,  85860.00, 1375.10, 1240.30,   64.56, 19.9, 4.03, 4.02, 4.03,  -0.85,  -0.86,  -0.15,  82.91,   5.51,   4.35,   0.23,   0.03,   0.11,   6.29, 4.03, 0.00, 0.00, 0.00, 0.00, 1, 1,  9,  39.7277979, -83.7072456,  1384.0, 2026,  3, 28, 20,  4,  0,      118,     1059, 113,  84,   1.9,   1.1,   1.6,  0,  0,  0, 37, 22, 35,  0,  0, 36,  0, 27, 29,  0,  0,  0,  0, 33,  0, 29,  0, 26,  0,  0,  0, 33,  0,  0,  0, 35,  0,  0,  0
6, 11026, 15,KE8EXM,    10.77, 5,   coast,  -10.30,  85865.00, 1374.63, 1239.82,   64.44, 19.9, 4.03, 4.02, 4.03,  -0.83,  -0.70,  -0.21,  81.69,   5.33,   4.22,   0.23,   0.03,   0.10,   6.35, 4.03, 0.00, 0.00, 0.00, 0.00, 1, 1,  9,  39.7277979, -83.7072456,  1384.0, 2026,  3, 28, 20,  4,  0,      118,     1059, 113,  84,   1.9,   1.1,   1.6,  0,  0,  0, 37, 22, 35,  0,  0, 36,  0, 27, 29,  0,  0,  0,  0, 33,  0, 29,  0, 26,  0,  0,  0, 33,  0,  0,  0, 35,  0,  0,  0
6, 11026, 15,KE8EXM,    10.78, 5,   coast,  -12.75,  85865.00, 1374.63, 1239.82,   64.33, 19.9, 4.03, 4.02, 4.03,  -0.93,  -0.72,   0.09,  81.63,   4.84,   4.28,   0.23,   0.03,   0.10,   6.41, 4.03, 0.00, 0.00, 0.00, 0.00, 1, 1,  9,  39.7277979, -83.7072456,  1384.0, 2026,  3, 28, 20,  4,  0,      118,     1059, 113,  84,   1.9,   1.1,   1.6,  0,  0,  0, 37, 22, 35,  0,  0, 36,  0, 27, 29,  0,  0,  0,  0, 33,  0, 29,  0, 26,  0,  0,  0, 33,  0,  0,  0, 35,  0,  0,  0
6, 11026, 15,KE8EXM,    10.79, 5,   coast,  -10.79,  85843.00, 1376.72, 1241.92,   64.22, 19.9, 4.03, 4.02, 4.03,  -0.82,  -0.81,   0.24,  82.05,   5.63,   4.35,   0.23,   0.03,   0.10,   6.48, 4.03, 0.00, 0.00, 0.00, 0.00, 1, 1,  9,  39.7277979, -83.7072456,  1384.0, 2026,  3, 28, 20,  4,  0,      118,     1059, 113,  84,   1.9,   1.1,   1.6,  0,  0,  0, 37, 22, 35,  0,  0, 36,  0, 27, 29,  0,  0,  0,  0, 33,  0, 29,  0, 26,  0,  0,  0, 33,  0,  0,  0, 35,  0,  0,  0
6, 11026, 15,KE8EXM,    10.80, 5,   coast,  -11.77,  85843.00, 1376.72, 1241.92,   64.10, 19.9, 4.03, 4.02, 4.03,  -0.86,  -0.93,  -0.13,  81.99,   5.45,   4.35,   0.22,   0.03,   0.10,   6.55, 4.03, 0.00, 0.00, 0.00, 0.00, 1, 1,  9,  39.7277979, -83.7072456,  1384.0, 2026,  3, 28, 20,  4,  0,      118,     1059, 113,  84,   1.9,   1.1,   1.6,  0,  0,  0, 37, 22, 35,  0,  0, 36,  0, 27, 29,  0,  0,  0,  0, 33,  0, 29,  0, 26,  0,  0,  0, 33,  0,  0,  0, 35,  0,  0,  0
6, 11026, 15,KE8EXM,    10.81, 5,   coast,   -9.81,  85827.00, 1378.25, 1243.44,   63.99, 19.9, 4.03, 4.02, 4.03,  -0.85,  -0.73,   0.11,  81.63,   5.45,   4.04,   0.23,   0.04,   0.10,   6.62, 4.03, 0.00, 0.00, 0.00, 0.00, 1, 1,  9,  39.7277979, -83.7072456,  1384.0, 2026,  3, 28, 20,  4,  0,      118,     1059, 113,  84,   1.9,   1.1,   1.6,  0,  0,  0, 37, 22, 35,  0,  0, 36,  0, 27, 29,  0,  0,  0,  0, 33,  0, 29,  0, 26,  0,  0,  0, 33,  0,  0,  0, 35,  0,  0,  0
6, 11026, 15,KE8EXM,    10.82, 5,   coast,  -12.75,  85827.00, 1378.25, 1243.44,   63.88, 19.9, 4.03, 4.02, 4.03,  -0.83,  -0.89,  -0.05,  82.05,   5.39,   4.10,   0.23,   0.04,   0.09,   6.69, 4.03, 0.00, 0.00, 0.00, 0.00, 1, 1,  9,  39.7277979, -83.7072456,  1384.0, 2026,  3, 28, 20,  4,  0,      118,     1059, 113,  84,   1.9,   1.1,   1.6,  0,  0,  0, 37, 22, 35,  0,  0, 36,  0, 27, 29,  0,  0,  0,  0, 33,  0, 29,  0, 26,  0,  0,  0, 33,  0,  0,  0, 35,  0,  0,  0
6, 11026, 15,KE8EXM,    10.83, 5,   coast,  -10.79,  85800.00, 1380.82, 1246.01,   63.76, 19.9, 4.03, 4.02, 4.03,  -0.87,  -1.01,  -0.04,  81.75,   5.51,   4.10,   0.23,   0.04,   0.09,   6.76, 4.03, 0.00, 0.00, 0.00, 0.00, 1, 1,  9,  39.7277979, -83.7072456,  1384.0, 2026,  3, 28, 20,  4,  0,      118,     1059, 113,  84,   1.9,   1.1,   1.6,  0,  0,  0, 37, 22, 35,  0,  0, 36,  0, 27, 29,  0,  0,  0,  0, 33,  0, 29,  0, 26,  0,  0,  0, 33,  0,  0,  0, 35,  0,  0,  0
6, 11026, 15,KE8EXM,    10.84, 5,   coast,  -11.77,  85800.00, 1380.82, 1246.01,   63.64, 19.9, 4.03, 4.02, 4.03,  -0.85,  -1.25,   0.24,  82.97,   5.20,   3.92,   0.23,   0.04,   0.09,   6.82, 4.03, 0.00, 0.00, 0.00, 0.00, 1, 1,  9,  39.7277979, -83.7072456,  1384.0, 2026,  3, 28, 20,  4,  0,      118,     1059, 113,  84,   1.9,   1.1,   1.6,  0,  0,  0, 37, 22, 35,  0,  0, 36,  0, 27, 29,  0,  0,  0,  0, 33,  0, 29,  0, 26,  0,  0,  0, 33,  0,  0,  0, 35,  0,  0,  0
6, 11026, 15,KE8EXM,    10.85, 5,   coast,  -12.26,  85803.00, 1380.53, 1245.73,   63.53, 19.9, 4.03, 4.02, 4.03,  -0.83,  -0.85,   0.17,  82.79,   5.27,   3.86,   0.23,   0.04,   0.09,   6.89, 4.03, 0.00, 0.00, 0.00, 0.00, 1, 1,  9,  39.7277979, -83.7072456,  1384.0, 2026,  3, 28, 20,  4,  0,      118,     1059, 113,  84,   1.9,   1.1,   1.6,  0,  0,  0, 37, 22, 35,  0,  0, 36,  0, 27, 29,  0,  0,  0,  0, 33,  0, 29,  0, 26,  0,  0,  0, 33,  0,  0,  0, 35,  0,  0,  0
6, 11026, 15,KE8EXM,    10.86, 5,   coast,  -12.75,  85803.00, 1380.53, 1245.73,   63.41, 19.9, 4.03, 4.02, 4.03,  -0.88,  -1.14,   0.04,  83.58,   5.08,   3.74,   0.23,   0.04,   0.09,   6.95, 4.03, 0.00, 0.00, 0.00, 0.00, 1, 1,  9,  39.7277979, -83.7072456,  1384.0, 2026,  3, 28, 20,  4,  0,      118,     1059, 113,  84,   1.9,   1.1,   1.6,  0,  0,  0, 37, 22, 35,  0,  0, 36,  0, 27, 29,  0,  0,  0,  0, 33,  0, 29,  0, 26,  0,  0,  0, 33,  0,  0,  0, 35,  0,  0,  0
6, 11026, 15,KE8EXM,    10.87, 5,   coast,  -11.28,  85783.00, 1382.44, 1247.63,   63.29, 19.9, 4.03, 4.02, 4.03,  -0.83,  -1.26,  -0.04,  83.46,   5.08,   3.61,   0.23,   0.04,   0.09,   7.01, 4.03, 0.00, 0.00, 0.00, 0.00, 1, 1,  9,  39.7277979, -83.7072456,  1384.0, 2026,  3, 28, 20,  4,  0,      118,     1059, 113,  84,   1.9,   1.1,   1.6,  0,  0,  0, 37, 22, 35,  0,  0, 36,  0, 27, 29,  0,  0,  0,  0, 33,  0, 29,  0, 26,  0,  0,  0, 33,  0,  0,  0, 35,  0,  0,  0
6, 11026, 15,KE8EXM,    10.88, 5,   coast,  -10.30,  85783.00, 1382.44, 1247.63,   63.18, 19.9, 4.03, 4.02, 4.03,  -0.83,  -1.19,   0.02,  82.60,   5.33,   3.61,   0.23,   0.04,   0.09,   7.08, 4.03, 0.00, 0.00, 0.00, 0.00, 1, 1,  9,  39.7277979, -83.7072456,  1384.0, 2026,  3, 28, 20,  4,  0,      118,     1059, 113,  84,   1.9,   1.1,   1.6,  0,  0,  0, 37, 22, 35,  0,  0, 36,  0, 27, 29,  0,  0,  0,  0, 33,  0, 29,  0, 26,  0,  0,  0, 33,  0,  0,  0, 35,  0,  0,  0
6, 11026, 15,KE8EXM,    10.89, 5,   coast,  -10.30,  85775.00, 1383.20, 1248.39,   63.07, 19.9, 4.03, 4.02, 4.03,  -0.85,  -1.30,   0.19,  83.64,   5.08,   3.19,   0.23,   0.05,   0.08,   7.14, 4.03, 0.00, 0.00, 0.00, 0.00, 1, 1,  9,  39.7277979, -83.7072456,  1384.0, 2026,  3, 28, 20,  4,  0,      118,     1059, 113,  84,   1.9,   1.1,   1.6,  0,  0,  0, 37, 22, 35,  0,  0, 36,  0, 27, 29,  0,  0,  0,  0, 33,  0, 29,  0, 26,  0,  0,  0, 33,  0,  0,  0, 35,  0,  0,  0
6, 11026, 15,KE8EXM,    10.90, 5,   coast,  -10.79,  85775.00, 1383.20, 1248.39,   62.97, 19.9, 4.00, 3.98, 3.98,  -0.91,  -1.21,  -0.09,  83.70,   5.02,   3.31,   0.23,   0.05,   0.08,   7.20, 3.99, 0.00, 0.00, 0.00, 0.00, 1, 1,  9,  39.7277979, -83.7072456,  1384.0, 2026,  3, 28, 20,  4,  0,      118,     1059, 113,  84,   1.9,   1.1,   1.6,  0,  0,  0, 37, 22, 35,  0,  0, 36,  0, 27, 29,  0,  0,  0,  0, 33,  0, 29,  0, 26,  0,  0,  0, 33,  0,  0,  0, 35,  0,  0,  0
6, 11026, 15,KE8EXM,    10.90, 5,   coast,  -10.79,  85775.00, 1383.20, 1248.39,   62.97, 19.9, 4.00, 3.98, 3.98,  -0.91,  -1.21,  -0.09,  83.70,   5.02,   3.31,   0.23,   0.05,   0.08,   7.20, 3.99, 0.00, 0.00, 0.00, 0.00, 1, 1,  9,  39.7277979, -83.7072456,  1384.0, 2026,  3, 28, 20,  4,  0,      118,     1059, 113,  84,   1.9,   1.1,   1.6,  0,  0,  0, 37, 22, 35,  0,  0, 36,  0, 27, 29,  0,  0,  0,  0, 33,  0, 29,  0, 26,  0,  0,  0, 33,  0,  0,  0, 35,  0,  0,  0
6, 11026, 15,KE8EXM,    10.91, 5,   coast,  -11.28,  85749.00, 1385.68, 1250.87,   62.86, 19.9, 4.00, 3.98, 3.98,  -0.79,  -0.99,   0.44,  83.82,   4.96,   2.76,   0.23,   0.05,   0.08,   7.25, 3.99, 0.00, 0.00, 0.00, 0.00, 1, 1,  9,  39.7277979, -83.7072456,  1384.0, 2026,  3, 28, 20,  4,  0,      118,     1059, 113,  84,   1.9,   1.1,   1.6,  0,  0,  0, 37, 22, 35,  0,  0, 36,  0, 27, 29,  0,  0,  0,  0, 33,  0, 29,  0, 26,  0,  0,  0, 33,  0,  0,  0, 35,  0,  0,  0
6, 11026, 15,KE8EXM,    10.92, 5,   coast,  -10.30,  85749.00, 1385.68, 1250.87,   62.75, 19.9, 4.00, 3.98, 3.98,  -0.85,  -1.26,  -0.11,  83.76,   5.02,   2.76,   0.23,   0.05,   0.08,   7.31, 3.99, 0.00, 0.00, 0.00, 0.00, 1, 1,  9,  39.7277979, -83.7072456,  1384.0, 2026,  3, 28, 20,  4,  0,      118,     1059, 113,  84,   1.9,   1.1,   1.6,  0,  0,  0, 37, 22, 35,  0,  0, 36,  0, 27, 29,  0,  0,  0,  0, 33,  0, 29,  0, 26,  0,  0,  0, 33,  0,  0,  0, 35,  0,  0,  0
6, 11026, 15,KE8EXM,    10.93, 5,   coast,   -9.32,  85742.00, 1386.34, 1251.54,   62.65, 19.9, 4.00, 3.98, 3.98,  -0.86,  -1.32,   0.19,  84.37,   4.72,   2.64,   0.23,   0.05,   0.08,   7.36, 3.99, 0.00, 0.00, 0.00, 0.00, 1, 1,  9,  39.7277979, -83.7072456,  1384.0, 2026,  3, 28, 20,  4,  0,      118,     1059, 113,  84,   1.9,   1.1,   1.6,  0,  0,  0, 37, 22, 35,  0,  0, 36,  0, 27, 29,  0,  0,  0,  0, 33,  0, 29,  0, 26,  0,  0,  0, 33,  0,  0,  0, 35,  0,  0,  0
6, 11026, 15,KE8EXM,    10.94, 5,   coast,  -11.28,  85742.00, 1386.34, 1251.54,   62.54, 19.9, 4.00, 3.98, 3.98,  -0.85,  -1.07,   0.22,  83.82,   4.72,   2.27,   0.23,   0.05,   0.07,   7.41, 3.99, 0.00, 0.00, 0.00, 0.00, 1, 1,  9,  39.7277979, -83.7072456,  1384.0, 2026,  3, 28, 20,  4,  0,      118,     1059, 113,  84,   1.9,   1.1,   1.6,  0,  0,  0, 37, 22, 35,  0,  0, 36,  0, 27, 29,  0,  0,  0,  0, 33,  0, 29,  0, 26,  0,  0,  0, 33,  0,  0,  0, 35,  0,  0,  0
6, 11026, 15,KE8EXM,    10.95, 5,   coast,  -11.28,  85731.00, 1387.39, 1252.58,   62.44, 19.9, 4.00, 3.98, 3.98,  -0.76,  -0.98,   0.20,  84.13,   4.66,   2.27,   0.23,   0.05,   0.07,   7.46, 3.99, 0.00, 0.00, 0.00, 0.00, 1, 1,  9,  39.7277979, -83.7072456,  1384.0, 2026,  3, 28, 20,  4,  0,      118,     1059, 113,  84,   1.9,   1.1,   1.6,  0,  0,  0, 37, 22, 35,  0,  0, 36,  0, 27, 29,  0,  0,  0,  0, 33,  0, 29,  0, 26,  0,  0,  0, 33,  0,  0,  0, 35,  0,  0,  0
6, 11026, 15,KE8EXM,    10.96, 5,   coast,  -10.30,  85731.00, 1387.39, 1252.58,   62.33, 19.9, 4.00, 3.98, 3.98,  -0.75,  -1.26,   0.06,  84.25,   4.59,   2.27,   0.23,   0.05,   0.07,   7.51, 3.99, 0.00, 0.00, 0.00, 0.00, 1, 1,  9,  39.7277979, -83.7072456,  1384.0, 2026,  3, 28, 20,  4,  0,      118,     1059, 113,  84,   1.9,   1.1,   1.6,  0,  0,  0, 37, 22, 35,  0,  0, 36,  0, 27, 29,  0,  0,  0,  0, 33,  0, 29,  0, 26,  0,  0,  0, 33,  0,  0,  0, 35,  0,  0,  0
6, 11026, 15,KE8EXM,    10.97, 5,   coast,  -10.30,  85718.00, 1388.63, 1253.82,   62.22, 19.9, 4.00, 3.98, 3.98,  -0.73,  -1.14,   0.27,  83.95,   4.66,   2.09,   0.23,   0.06,   0.07,   7.56, 3.99, 0.00, 0.00, 0.00, 0.00, 1, 1,  9,  39.7277979, -83.7072456,  1384.0, 2026,  3, 28, 20,  4,  0,      118,     1059, 113,  84,   1.9,   1.1,   1.6,  0,  0,  0, 37, 22, 35,  0,  0, 36,  0, 27, 29,  0,  0,  0,  0, 33,  0, 29,  0, 26,  0,  0,  0, 33,  0,  0,  0, 35,  0,  0,  0
6, 11026, 15,KE8EXM,    10.98, 5,   coast,  -11.28,  85718.00, 1388.63, 1253.82,   62.11, 19.9, 4.00, 3.98, 3.98,  -0.83,  -1.26,   0.10,  84.92,   4.84,   1.90,   0.23,   0.06,   0.06,   7.61, 3.99, 0.00, 0.00, 0.00, 0.00, 1, 1,  9,  39.7277979, -83.7072456,  1384.0, 2026,  3, 28, 20,  4,  0,      118,     1059, 113,  84,   1.9,   1.1,   1.6,  0,  0,  0, 37, 22, 35,  0,  0, 36,  0, 27, 29,  0,  0,  0,  0, 33,  0, 29,  0, 26,  0,  0,  0, 33,  0,  0,  0, 35,  0,  0,  0
6, 11026, 15,KE8EXM,    10.99, 5,   coast,  -11.28,  85706.00, 1389.77, 1254.97,   62.00, 19.9, 4.00, 3.98, 3.98,  -0.90,  -1.14,   0.07,  84.86,   4.29,   1.78,   0.23,   0.06,   0.06,   7.65, 3.99, 0.00, 0.00, 0.00, 0.00, 1, 1,  9,  39.7277979, -83.7072456,  1384.0, 2026,  3, 28, 20,  4,  0,      118,     1059, 113,  84,   1.9,   1.1,   1.6,  0,  0,  0, 37, 22, 35,  0,  0, 36,  0, 27, 29,  0,  0,  0,  0, 33,  0, 29,  0, 26,  0,  0,  0, 33,  0,  0,  0, 35,  0,  0,  0
6, 11026, 15,KE8EXM,    11.00, 5,   coast,  -11.77,  85706.00, 1389.77, 1254.97,   61.89, 19.9, 4.00, 3.98, 3.98,  -0.80,  -0.96,   0.40,  84.92,   4.23,   1.29,   0.23,   0.06,   0.06,   7.69, 3.99, 0.00, 0.00, 0.00, 0.00, 1, 1,  9,  39.7277979, -83.7072456,  1384.0, 2026,  3, 28, 20,  4,  0,      118,     1059, 113,  84,   1.9,   1.1,   1.6,  0,  0,  0, 37, 22, 35,  0,  0, 36,  0, 27, 29,  0,  0,  0,  0, 33,  0, 29,  0, 26,  0,  0,  0, 33,  0,  0,  0, 35,  0,  0,  0
6, 11026, 15,KE8EXM,    11.01, 5,   coast,  -10.79,  85695.00, 1390.82, 1256.02,   61.78, 19.9, 4.00, 3.98, 3.98,  -0.81,  -1.02,   0.04,  85.17,   4.29,   1.23,   0.23,   0.06,   0.06,   7.73, 3.99, 0.00, 0.00, 0.00, 0.00, 1, 1,  9,  39.7277979, -83.7072456,  1384.0, 2026,  3, 28, 20,  4,  0,      118,     1059, 113,  84,   1.9,   1.1,   1.6,  0,  0,  0, 37, 22, 35,  0,  0, 36,  0, 27, 29,  0,  0,  0,  0, 33,  0, 29,  0, 26,  0,  0,  0, 33,  0,  0,  0, 35,  0,  0,  0
6, 11026, 15,KE8EXM,    11.02, 5,   coast,  -10.79,  85695.00, 1390.82, 1256.02,   61.67, 19.9, 4.00, 3.98, 3.98,  -0.80,  -1.25,   0.23,  85.29,   4.47,   0.74,   0.23,   0.06,   0.06,   7.76, 3.99, 0.00, 0.00, 0.00, 0.00, 1, 1,  9,  39.7277979, -83.7072456,  1384.0, 2026,  3, 28, 20,  4,  0,      118,     1059, 113,  84,   1.9,   1.1,   1.6,  0,  0,  0, 37, 22, 35,  0,  0, 36,  0, 27, 29,  0,  0,  0,  0, 33,  0, 29,  0, 26,  0,  0,  0, 33,  0,  0,  0, 35,  0,  0,  0
6, 11026, 15,KE8EXM,    11.03, 5,   coast,  -10.79,  85688.00, 1391.49, 1256.68,   61.56, 19.9, 4.00, 3.98, 3.98,  -0.75,  -1.24,   0.24,  84.98,   4.11,   0.93,   0.23,   0.06,   0.05,   7.80, 3.99, 0.00, 0.00, 0.00, 0.00, 1, 1,  9,  39.7277979, -83.7072456,  1384.0, 2026,  3, 28, 20,  4,  0,      118,     1059, 113,  84,   1.9,   1.1,   1.6,  0,  0,  0, 37, 22, 35,  0,  0, 36,  0, 27, 29,  0,  0,  0,  0, 33,  0, 29,  0, 26,  0,  0,  0, 33,  0,  0,  0, 35,  0,  0,  0
6, 11026, 15,KE8EXM,    11.04, 5,   coast,  -11.77,  85688.00, 1391.49, 1256.68,   61.45, 19.9, 4.00, 3.98, 3.98,  -0.73,  -1.16,   0.11,  85.47,   4.29,   0.62,   0.23,   0.06,   0.05,   7.83, 3.99, 0.00, 0.00, 0.00, 0.00, 1, 1,  9,  39.7277979, -83.7072456,  1384.0, 2026,  3, 28, 20,  4,  0,      118,     1059, 113,  84,   1.9,   1.1,   1.6,  0,  0,  0, 37, 22, 35,  0,  0, 36,  0, 27, 29,  0,  0,  0,  0, 33,  0, 29,  0, 26,  0,  0,  0, 33,  0,  0,  0, 35,  0,  0,  0
6, 11026, 15,KE8EXM,    11.05, 5,   coast,  -10.79,  85662.00, 1393.97, 1259.16,   61.34, 19.9, 4.00, 3.98, 3.98,  -0.75,  -1.07,   0.02,  85.29,   4.17,   0.56,   0.23,   0.06,   0.05,   7.86, 3.99, 0.00, 0.00, 0.00, 0.00, 1, 1,  9,  39.7277979, -83.7072456,  1384.0, 2026,  3, 28, 20,  4,  0,      118,     1059, 113,  84,   1.9,   1.1,   1.6,  0,  0,  0, 37, 22, 35,  0,  0, 36,  0, 27, 29,  0,  0,  0,  0, 33,  0, 29,  0, 26,  0,  0,  0, 33,  0,  0,  0, 35,  0,  0,  0
6, 11026, 15,KE8EXM,    11.06, 5,   coast,   -9.81,  85662.00, 1393.97, 1259.16,   61.24, 19.9, 4.00, 3.98, 3.98,  -0.79,  -0.98,   0.49,  85.11,   3.98,   0.56,   0.23,   0.06,   0.05,   7.89, 3.99, 0.00, 0.00, 0.00, 0.00, 1, 1,  9,  39.7277979, -83.7072456,  1384.0, 2026,  3, 28, 20,  4,  0,      118,     1059, 113,  84,   1.9,   1.1,   1.6,  0,  0,  0, 37, 22, 35,  0,  0, 36,  0, 27, 29,  0,  0,  0,  0, 33,  0, 29,  0, 26,  0,  0,  0, 33,  0,  0,  0, 35,  0,  0,  0
6, 11026, 15,KE8EXM,    11.07, 5,   coast,   -9.32,  85655.00, 1394.64, 1259.83,   61.13, 19.9, 4.00, 3.98, 3.98,  -0.78,  -1.19,   0.19,  85.23,   3.68,   0.32,   0.23,   0.06,   0.05,   7.92, 3.99, 0.00, 0.00, 0.00, 0.00, 1, 1,  9,  39.7277979, -83.7072456,  1384.0, 2026,  3, 28, 20,  4,  0,      118,     1059, 113,  84,   1.9,   1.1,   1.6,  0,  0,  0, 37, 22, 35,  0,  0, 36,  0, 27, 29,  0,  0,  0,  0, 33,  0, 29,  0, 26,  0,  0,  0, 33,  0,  0,  0, 35,  0,  0,  0
6, 11026, 15,KE8EXM,    11.08, 5,   coast,  -10.30,  85655.00, 1394.64, 1259.83,   61.03, 19.9, 4.00, 3.98, 3.98,  -0.75,  -1.10,   0.51,  85.59,   3.50,   0.26,   0.23,   0.06,   0.04,   7.95, 3.99, 0.00, 0.00, 0.00, 0.00, 1, 1,  9,  39.7277979, -83.7072456,  1384.0, 2026,  3, 28, 20,  4,  0,      118,     1059, 113,  84,   1.9,   1.1,   1.6,  0,  0,  0, 37, 22, 35,  0,  0, 36,  0, 27, 29,  0,  0,  0,  0, 33,  0, 29,  0, 26,  0,  0,  0, 33,  0,  0,  0, 35,  0,  0,  0
6, 11026, 15,KE8EXM,    11.09, 5,   coast,  -12.26,  85637.00, 1396.35, 1261.55,   60.92, 19.9, 4.00, 3.98, 3.98,  -0.78,  -1.16,   0.34,  86.08,   3.56,  -0.29,   0.23,   0.06,   0.04,   7.97, 3.99, 0.00, 0.00, 0.00, 0.00, 1, 1,  9,  39.7277979, -83.7072456,  1384.0, 2026,  3, 28, 20,  4,  0,      118,     1059, 113,  84,   1.9,   1.1,   1.6,  0,  0,  0, 37, 22, 35,  0,  0, 36,  0, 27, 29,  0,  0,  0,  0, 33,  0, 29,  0, 26,  0,  0,  0, 33,  0,  0,  0, 35,  0,  0,  0
6, 11026, 15,KE8EXM,    11.10, 5,   coast,  -11.28,  85637.00, 1396.35, 1261.55,   60.81, 19.9, 4.00, 3.98, 3.98,  -0.73,  -1.20,   0.34,  85.96,   3.50,  -0.23,   0.23,   0.06,   0.04,   7.98, 3.99, 0.00, 0.00, 0.00, 0.00, 1, 1,  9,  39.7277979, -83.7072456,  1384.0, 2026,  3, 28, 20,  4,  0,      118,     1059, 113,  84,   1.9,   1.1,   1.6,  0,  0,  0, 37, 22, 35,  0,  0, 36,  0, 27, 29,  0,  0,  0,  0, 33,  0, 29,  0, 26,  0,  0,  0, 33,  0,  0,  0, 35,  0,  0,  0
6, 11026, 15,KE8EXM,    11.11, 5,   coast,  -10.30,  85619.00, 1398.07, 1263.26,   60.70, 19.9, 4.00, 3.98, 3.98,  -0.81,  -1.26,   0.15,  86.39,   3.50,  -0.23,   0.23,   0.07,   0.04,   8.00, 3.99, 0.00, 0.00, 0.00, 0.00, 1, 1,  9,  39.7277979, -83.7072456,  1384.0, 2026,  3, 28, 20,  4,  0,      118,     1059, 113,  84,   1.9,   1.1,   1.6,  0,  0,  0, 37, 22, 35,  0,  0, 36,  0, 27, 29,  0,  0,  0,  0, 33,  0, 29,  0, 26,  0,  0,  0, 33,  0,  0,  0, 35,  0,  0,  0
6, 11026, 15,KE8EXM,    11.11, 5,   coast,  -10.30,  85619.00, 1398.07, 1263.26,   60.70, 19.9, 4.00, 3.98, 3.98,  -0.81,  -1.26,   0.15,  86.39,   3.50,  -0.23,   0.23,   0.07,   0.04,   8.00, 3.99, 0.00, 0.00, 0.00, 0.00, 1, 1,  9,  39.7277979, -83.7072456,  1384.0, 2026,  3, 28, 20,  4,  0,      118,     1059, 113,  84,   1.9,   1.1,   1.6,  0,  0,  0, 37, 22, 35,  0,  0, 36,  0, 27, 29,  0,  0,  0,  0, 33,  0, 29,  0, 26,  0,  0,  0, 33,  0,  0,  0, 35,  0,  0,  0
6, 11026, 15,KE8EXM,    11.11, 5,   coast,  -10.30,  85619.00, 1398.07, 1263.26,   60.70, 19.9, 4.00, 3.98, 3.98,  -0.81,  -1.26,   0.15,  86.39,   3.50,  -0.23,   0.23,   0.07,   0.04,   8.00, 3.99, 0.00, 0.00, 0.00, 0.00, 1, 1,  9,  39.7277979, -83.7072456,  1384.0, 2026,  3, 28, 20,  4,  0,      118,     1059, 113,  84,   1.9,   1.1,   1.6,  0,  0,  0, 37, 22, 35,  0,  0, 36,  0, 27, 29,  0,  0,  0,  0, 33,  0, 29,  0, 26,  0,  0,  0, 33,  0,  0,  0, 35,  0,  0,  0
6, 11026, 15,KE8EXM,    11.12, 5,   coast,  -12.26,  85619.00, 1398.07, 1263.26,   60.59, 19.9, 4.00, 3.98, 3.98,  -0.74,  -1.14,   0.56,  86.02,   3.37,  -0.54,   0.23,   0.07,   0.04,   8.02, 3.99, 0.00, 0.00, 0.00, 0.00, 1, 1,  9,  39.7276554, -83.7072872,  1456.0, 2026,  3, 28, 20,  4,  1,      122,     1131, 121,  84,   1.7,   0.9,   1.4,  0,  0,  0, 31, 30, 25,  0,  0, 26,  0, 28, 36,  0,  0,  0,  0, 26,  0, 29,  0, 23,  0,  0,  0, 33,  0,  0,  0, 35,  0,  0,  0
6, 11026, 15,KE8EXM,    11.13, 5,   coast,  -11.28,  85613.00, 1398.64, 1263.84,   60.48, 19.9, 4.00, 3.98, 3.98,  -0.73,  -1.18,   0.27,  86.45,   3.25,  -0.78,   0.23,   0.07,   0.03,   8.03, 3.99, 0.00, 0.00, 0.00, 0.00, 1, 1,  9,  39.7276554, -83.7072872,  1456.0, 2026,  3, 28, 20,  4,  1,      122,     1131, 121,  84,   1.7,   0.9,   1.4,  0,  0,  0, 31, 30, 25,  0,  0, 26,  0, 28, 36,  0,  0,  0,  0, 26,  0, 29,  0, 23,  0,  0,  0, 33,  0,  0,  0, 35,  0,  0,  0
6, 11026, 15,KE8EXM,    11.14, 5,   coast,  -10.30,  85613.00, 1398.64, 1263.84,   60.36, 19.9, 4.00, 3.98, 3.98,  -0.73,  -1.18,   0.35,  86.63,   3.25,  -1.09,   0.23,   0.07,   0.03,   8.04, 3.99, 0.00, 0.00, 0.00, 0.00, 1, 1,  9,  39.7276554, -83.7072872,  1456.0, 2026,  3, 28, 20,  4,  1,      122,     1131, 121,  84,   1.7,   0.9,   1.4,  0,  0,  0, 31, 30, 25,  0,  0, 26,  0, 28, 36,  0,  0,  0,  0, 26,  0, 29,  0, 23,  0,  0,  0, 33,  0,  0,  0, 35,  0,  0,  0
6, 11026, 15,KE8EXM,    11.15, 5,   coast,  -11.77,  85584.00, 1401.41, 1266.60,   60.25, 19.9, 4.00, 3.98, 3.98,  -0.76,  -1.21,   0.25,  86.88,   3.19,  -1.15,   0.23,   0.07,   0.03,   8.05, 3.99, 0.00, 0.00, 0.00, 0.00, 1, 1,  9,  39.7276554, -83.7072872,  1456.0, 2026,  3, 28, 20,  4,  1,      122,     1131, 121,  84,   1.7,   0.9,   1.4,  0,  0,  0, 31, 30, 25,  0,  0, 26,  0, 28, 36,  0,  0,  0,  0, 26,  0, 29,  0, 23,  0,  0,  0, 33,  0,  0,  0, 35,  0,  0,  0
6, 11026, 15,KE8EXM,    11.16, 5,   coast,  -10.79,  85584.00, 1401.41, 1266.60,   60.14, 19.9, 4.00, 3.98, 3.98,  -0.75,  -1.23,   0.23,  87.12,   3.37,  -1.33,   0.23,   0.07,   0.03,   8.06, 3.99, 0.00, 0.00, 0.00, 0.00, 1, 1,  9,  39.7276554, -83.7072872,  1456.0, 2026,  3, 28, 20,  4,  1,      122,     1131, 121,  84,   1.7,   0.9,   1.4,  0,  0,  0, 31, 30, 25,  0,  0, 26,  0, 28, 36,  0,  0,  0,  0, 26,  0, 29,  0, 23,  0,  0,  0, 33,  0,  0,  0, 35,  0,  0,  0
6, 11026, 15,KE8EXM,    11.17, 5,   coast,  -12.26,  85580.00, 1401.79, 1266.99,   60.03, 19.9, 4.00, 3.98, 3.98,  -0.73,  -1.04,   0.27,  87.00,   2.95,  -1.21,   0.23,   0.07,   0.03,   8.07, 3.99, 0.00, 0.00, 0.00, 0.00, 1, 1,  9,  39.7276554, -83.7072872,  1456.0, 2026,  3, 28, 20,  4,  1,      122,     1131, 121,  84,   1.7,   0.9,   1.4,  0,  0,  0, 31, 30, 25,  0,  0, 26,  0, 28, 36,  0,  0,  0,  0, 26,  0, 29,  0, 23,  0,  0,  0, 33,  0,  0,  0, 35,  0,  0,  0
6, 11026, 15,KE8EXM,    11.18, 5,   coast,  -10.30,  85580.00, 1401.79, 1266.99,   59.92, 19.9, 4.00, 3.98, 3.98,  -0.71,  -1.16,   0.29,  87.36,   2.70,  -1.70,   0.23,   0.07,   0.02,   8.07, 3.99, 0.00, 0.00, 0.00, 0.00, 1, 1,  9,  39.7276554, -83.7072872,  1456.0, 2026,  3, 28, 20,  4,  1,      122,     1131, 121,  84,   1.7,   0.9,   1.4,  0,  0,  0, 31, 30, 25,  0,  0, 26,  0, 28, 36,  0,  0,  0,  0, 26,  0, 29,  0, 23,  0,  0,  0, 33,  0,  0,  0, 35,  0,  0,  0
6, 11026, 15,KE8EXM,    11.19, 5,   coast,  -10.30,  85568.00, 1402.94, 1268.13,   59.81, 19.9, 4.00, 3.98, 3.98,  -0.70,  -1.05,   0.42,  86.57,   2.82,  -1.94,   0.23,   0.07,   0.02,   8.07, 3.99, 0.00, 0.00, 0.00, 0.00, 1, 1,  9,  39.7276554, -83.7072872,  1456.0, 2026,  3, 28, 20,  4,  1,      122,     1131, 121,  84,   1.7,   0.9,   1.4,  0,  0,  0, 31, 30, 25,  0,  0, 26,  0, 28, 36,  0,  0,  0,  0, 26,  0, 29,  0, 23,  0,  0,  0, 33,  0,  0,  0, 35,  0,  0,  0
6, 11026, 15,KE8EXM,    11.20, 5,   coast,  -10.30,  85568.00, 1402.94, 1268.13,   59.70, 19.9, 4.00, 3.98, 3.98,  -0.78,  -1.14,   0.28,  87.18,   2.70,  -1.70,   0.23,   0.07,   0.02,   8.07, 3.99, 0.00, 0.00, 0.00, 0.00, 1, 1,  9,  39.7276554, -83.7072872,  1456.0, 2026,  3, 28, 20,  4,  1,      122,     1131, 121,  84,   1.7,   0.9,   1.4,  0,  0,  0, 31, 30, 25,  0,  0, 26,  0, 28, 36,  0,  0,  0,  0, 26,  0, 29,  0, 23,  0,  0,  0, 33,  0,  0,  0, 35,  0,  0,  0
6, 11026, 15,KE8EXM,    11.21, 5,   coast,  -11.77,  85543.00, 1405.32, 1270.52,   59.60, 19.9, 4.00, 3.98, 3.98,  -0.71,  -1.24,   0.40,  87.55,   3.13,  -2.18,   0.23,   0.07,   0.02,   8.06, 3.99, 0.00, 0.00, 0.00, 0.00, 1, 1,  9,  39.7276554, -83.7072872,  1456.0, 2026,  3, 28, 20,  4,  1,      122,     1131, 121,  84,   1.7,   0.9,   1.4,  0,  0,  0, 31, 30, 25,  0,  0, 26,  0, 28, 36,  0,  0,  0,  0, 26,  0, 29,  0, 23,  0,  0,  0, 33,  0,  0,  0, 35,  0,  0,  0
6, 11026, 15,KE8EXM,    11.22, 5,   coast,  -10.30,  85543.00, 1405.32, 1270.52,   59.49, 19.9, 4.03, 4.01, 4.03,  -0.78,  -0.94,   0.24,  87.24,   2.95,  -2.37,   0.23,   0.07,   0.02,   8.06, 4.03, 0.00, 0.00, 0.00, 0.00, 1, 1,  9,  39.7276554, -83.7072872,  1456.0, 2026,  3, 28, 20,  4,  1,      122,     1131, 121,  84,   1.7,   0.9,   1.4,  0,  0,  0, 31, 30, 25,  0,  0, 26,  0, 28, 36,  0,  0,  0,  0, 26,  0, 29,  0, 23,  0,  0,  0, 33,  0,  0,  0, 35,  0,  0,  0
6, 11026, 15,KE8EXM,    11.22, 5,   coast,  -10.30,  85543.00, 1405.32, 1270.52,   59.49, 19.9, 4.03, 4.01, 4.03,  -0.78,  -0.94,   0.24,  87.24,   2.95,  -2.37,   0.23,   0.07,   0.02,   8.06, 4.03, 0.00, 0.00, 0.00, 0.00, 1, 1,  9,  39.7276554, -83.7072872,  1456.0, 2026,  3, 28, 20,  4,  1,      122,     1131, 121,  84,   1.7,   0.9,   1.4,  0,  0,  0, 31, 30, 25,  0,  0, 26,  0, 28, 36,  0,  0,  0,  0, 26,  0, 29,  0, 23,  0,  0,  0, 33,  0,  0,  0, 35,  0,  0,  0
6, 11026, 15,KE8EXM,    11.23, 5,   coast,  -11.28,  85536.00, 1405.99, 1271.19,   59.38, 19.9, 4.03, 4.01, 4.03,  -0.68,  -1.09,   0.34,  87.79,   2.64,  -2.61,   0.23,   0.07,   0.02,   8.05, 4.03, 0.00, 0.00, 0.00, 0.00, 1, 1,  9,  39.7276554, -83.7072872,  1456.0, 2026,  3, 28, 20,  4,  1,      122,     1131, 121,  84,   1.7,   0.9,   1.4,  0,  0,  0, 31, 30, 25,  0,  0, 26,  0, 28, 36,  0,  0,  0,  0, 26,  0, 29,  0, 23,  0,  0,  0, 33,  0,  0,  0, 35,  0,  0,  0
6, 11026, 15,KE8EXM,    11.24, 5,   coast,  -11.28,  85536.00, 1405.99, 1271.19,   59.27, 19.9, 4.03, 4.01, 4.03,  -0.73,  -0.97,   0.17,  87.43,   2.52,  -2.49,   0.23,   0.08,   0.01,   8.04, 4.03, 0.00, 0.00, 0.00, 0.00, 1, 1,  9,  39.7276554, -83.7072872,  1456.0, 2026,  3, 28, 20,  4,  1,      122,     1131, 121,  84,   1.7,   0.9,   1.4,  0,  0,  0, 31, 30, 25,  0,  0, 26,  0, 28, 36,  0,  0,  0,  0, 26,  0, 29,  0, 23,  0,  0,  0, 33,  0,  0,  0, 35,  0,  0,  0
6, 11026, 15,KE8EXM,    11.25, 5,   coast,  -11.28,  85530.00, 1406.57, 1271.76,   59.16, 19.9, 4.03, 4.01, 4.03,  -0.73,  -0.97,   0.36,  87.61,   2.15,  -2.80,   0.23,   0.08,   0.01,   8.02, 4.03, 0.00, 0.00, 0.00, 0.00, 1, 1,  9,  39.7276554, -83.7072872,  1456.0, 2026,  3, 28, 20,  4,  1,      122,     1131, 121,  84,   1.7,   0.9,   1.4,  0,  0,  0, 31, 30, 25,  0,  0, 26,  0, 28, 36,  0,  0,  0,  0, 26,  0, 29,  0, 23,  0,  0,  0, 33,  0,  0,  0, 35,  0,  0,  0
6, 11026, 15,KE8EXM,    11.26, 5,   coast,  -10.79,  85530.00, 1406.57, 1271.76,   59.04, 19.9, 4.03, 4.01, 4.03,  -0.63,  -0.87,   0.30,  87.36,   2.64,  -2.80,   0.23,   0.08,   0.01,   8.01, 4.03, 0.00, 0.00, 0.00, 0.00, 1, 1,  9,  39.7276554, -83.7072872,  1456.0, 2026,  3, 28, 20,  4,  1,      122,     1131, 121,  84,   1.7,   0.9,   1.4,  0,  0,  0, 31, 30, 25,  0,  0, 26,  0, 28, 36,  0,  0,  0,  0, 26,  0, 29,  0, 23,  0,  0,  0, 33,  0,  0,  0, 35,  0,  0,  0
6, 11026, 15,KE8EXM,    11.27, 5,   coast,  -11.28,  85513.00, 1408.19, 1273.38,   58.93, 19.9, 4.03, 4.01, 4.03,  -0.73,  -0.97,   0.04,  87.73,   2.40,  -2.98,   0.23,   0.08,   0.00,   8.00, 4.03, 0.00, 0.00, 0.00, 0.00, 1, 1,  9,  39.7276554, -83.7072872,  1456.0, 2026,  3, 28, 20,  4,  1,      122,     1131, 121,  84,   1.7,   0.9,   1.4,  0,  0,  0, 31, 30, 25,  0,  0, 26,  0, 28, 36,  0,  0,  0,  0, 26,  0, 29,  0, 23,  0,  0,  0, 33,  0,  0,  0, 35,  0,  0,  0
6, 11026, 15,KE8EXM,    11.28, 5,   coast,  -10.79,  85513.00, 1408.19, 1273.38,   58.82, 19.9, 4.03, 4.01, 4.03,  -0.64,  -0.96,   0.32,  87.24,   2.76,  -3.10,   0.23,   0.08,   0.00,   7.98, 4.03, 0.00, 0.00, 0.00, 0.00, 1, 1,  9,  39.7276554, -83.7072872,  1456.0, 2026,  3, 28, 20,  4,  1,      122,     1131, 121,  84,   1.7,   0.9,   1.4,  0,  0,  0, 31, 30, 25,  0,  0, 26,  0, 28, 36,  0,  0,  0,  0, 26,  0, 29,  0, 23,  0,  0,  0, 33,  0,  0,  0, 35,  0,  0,  0
6, 11026, 15,KE8EXM,    11.29, 5,   coast,  -10.79,  85505.00, 1408.95, 1274.15,   58.71, 19.9, 4.03, 4.01, 4.03,  -0.69,  -1.03,   0.04,  87.97,   1.97,  -3.22,   0.23,   0.08,  -0.00,   7.96, 4.03, 0.00, 0.00, 0.00, 0.00, 1, 1,  9,  39.7276554, -83.7072872,  1456.0, 2026,  3, 28, 20,  4,  1,      122,     1131, 121,  84,   1.7,   0.9,   1.4,  0,  0,  0, 31, 30, 25,  0,  0, 26,  0, 28, 36,  0,  0,  0,  0, 26,  0, 29,  0, 23,  0,  0,  0, 33,  0,  0,  0, 35,  0,  0,  0
6, 11026, 15,KE8EXM,    11.30, 5,   coast,  -11.77,  85505.00, 1408.95, 1274.15,   58.60, 19.9, 4.03, 4.01, 4.03,  -0.61,  -0.91,   0.46,  87.43,   2.52,  -3.28,   0.23,   0.08,  -0.00,   7.94, 4.03, 0.00, 0.00, 0.00, 0.00, 1, 1,  9,  39.7276554, -83.7072872,  1456.0, 2026,  3, 28, 20,  4,  1,      122,     1131, 121,  84,   1.7,   0.9,   1.4,  0,  0,  0, 31, 30, 25,  0,  0, 26,  0, 28, 36,  0,  0,  0,  0, 26,  0, 29,  0, 23,  0,  0,  0, 33,  0,  0,  0, 35,  0,  0,  0
6, 11026, 15,KE8EXM,    11.31, 5,   coast,  -11.28,  85489.00, 1410.48, 1275.67,   58.49, 19.9, 4.03, 4.01, 4.03,  -0.71,  -0.80,  -0.07,  87.85,   2.64,  -3.22,   0.23,   0.08,  -0.00,   7.92, 4.03, 0.00, 0.00, 0.00, 0.00, 1, 1,  9,  39.7276554, -83.7072872,  1456.0, 2026,  3, 28, 20,  4,  1,      122,     1131, 121,  84,   1.7,   0.9,   1.4,  0,  0,  0, 31, 30, 25,  0,  0, 26,  0, 28, 36,  0,  0,  0,  0, 26,  0, 29,  0, 23,  0,  0,  0, 33,  0,  0,  0, 35,  0,  0,  0
6, 11026, 15,KE8EXM,    11.32, 5,   coast,  -10.30,  85489.00, 1410.48, 1275.67,   58.38, 19.9, 4.03, 4.01, 4.03,  -0.61,  -0.89,   0.39,  87.79,   2.82,  -3.71,   0.23,   0.08,  -0.00,   7.90, 4.03, 0.00, 0.00, 0.00, 0.00, 1, 1,  9,  39.7276554, -83.7072872,  1456.0, 2026,  3, 28, 20,  4,  1,      122,     1131, 121,  84,   1.7,   0.9,   1.4,  0,  0,  0, 31, 30, 25,  0,  0, 26,  0, 28, 36,  0,  0,  0,  0, 26,  0, 29,  0, 23,  0,  0,  0, 33,  0,  0,  0, 35,  0,  0,  0
6, 11026, 15,KE8EXM,    11.33, 5,   coast,  -10.30,  85477.00, 1411.63, 1276.82,   58.28, 19.9, 4.03, 4.01, 4.03,  -0.72,  -0.83,   0.01,  87.24,   2.34,  -3.65,   0.23,   0.08,  -0.01,   7.88, 4.03, 0.00, 0.00, 0.00, 0.00, 1, 1,  9,  39.7276554, -83.7072872,  1456.0, 2026,  3, 28, 20,  4,  1,      122,     1131, 121,  84,   1.7,   0.9,   1.4,  0,  0,  0, 31, 30, 25,  0,  0, 26,  0, 28, 36,  0,  0,  0,  0, 26,  0, 29,  0, 23,  0,  0,  0, 33,  0,  0,  0, 35,  0,  0,  0
6, 11026, 15,KE8EXM,    11.34, 5,   coast,  -10.79,  85477.00, 1411.63, 1276.82,   58.17, 19.9, 4.03, 4.01, 4.03,  -0.66,  -0.80,   0.28,  87.49,   2.46,  -3.65,   0.23,   0.08,  -0.01,   7.85, 4.03, 0.00, 0.00, 0.00, 0.00, 1, 1,  9,  39.7276554, -83.7072872,  1456.0, 2026,  3, 28, 20,  4,  1,      122,     1131, 121,  84,   1.7,   0.9,   1.4,  0,  0,  0, 31, 30, 25,  0,  0, 26,  0, 28, 36,  0,  0,  0,  0, 26,  0, 29,  0, 23,  0,  0,  0, 33,  0,  0,  0, 35,  0,  0,  0
6, 11026, 15,KE8EXM,    11.35, 5,   coast,  -10.79,  85459.00, 1413.35, 1278.54,   58.07, 19.9, 4.03, 4.01, 4.03,  -0.67,  -0.79,   0.09,  87.67,   2.21,  -4.08,   0.23,   0.08,  -0.01,   7.82, 4.03, 0.00, 0.00, 0.00, 0.00, 1, 1,  9,  39.7276554, -83.7072872,  1456.0, 2026,  3, 28, 20,  4,  1,      122,     1131, 121,  84,   1.7,   0.9,   1.4,  0,  0,  0, 31, 30, 25,  0,  0, 26,  0, 28, 36,  0,  0,  0,  0, 26,  0, 29,  0, 23,  0,  0,  0, 33,  0,  0,  0, 35,  0,  0,  0
6, 11026, 15,KE8EXM,    11.36, 5,   coast,  -10.30,  85459.00, 1413.35, 1278.54,   57.96, 19.9, 4.03, 4.01, 4.03,  -0.63,  -0.66,   0.18,  87.12,   2.64,  -4.02,   0.23,   0.08,  -0.02,   7.80, 4.03, 0.00, 0.00, 0.00, 0.00, 1, 1,  9,  39.7276554, -83.7072872,  1456.0, 2026,  3, 28, 20,  4,  1,      122,     1131, 121,  84,   1.7,   0.9,   1.4,  0,  0,  0, 31, 30, 25,  0,  0, 26,  0, 28, 36,  0,  0,  0,  0, 26,  0, 29,  0, 23,  0,  0,  0, 33,  0,  0,  0, 35,  0,  0,  0
6, 11026, 15,KE8EXM,    11.37, 5,   coast,  -10.30,  85447.00, 1414.49, 1279.69,   57.85, 19.9, 4.03, 4.01, 4.03,  -0.57,  -0.76,   0.16,  87.18,   2.76,  -4.08,   0.23,   0.08,  -0.02,   7.77, 4.03, 0.00, 0.00, 0.00, 0.00, 1, 1,  9,  39.7276554, -83.7072872,  1456.0, 2026,  3, 28, 20,  4,  1,      122,     1131, 121,  84,   1.7,   0.9,   1.4,  0,  0,  0, 31, 30, 25,  0,  0, 26,  0, 28, 36,  0,  0,  0,  0, 26,  0, 29,  0, 23,  0,  0,  0, 33,  0,  0,  0, 35,  0,  0,  0
6, 11026, 15,KE8EXM,    11.38, 5,   coast,  -10.79,  85447.00, 1414.49, 1279.69,   57.75, 19.9, 4.03, 4.01, 4.03,  -0.68,  -0.83,  -0.07,  87.36,   2.70,  -3.95,   0.23,   0.08,  -0.02,   7.74, 4.03, 0.00, 0.00, 0.00, 0.00, 1, 1,  9,  39.7276554, -83.7072872,  1456.0, 2026,  3, 28, 20,  4,  1,      122,     1131, 121,  84,   1.7,   0.9,   1.4,  0,  0,  0, 31, 30, 25,  0,  0, 26,  0, 28, 36,  0,  0,  0,  0, 26,  0, 29,  0, 23,  0,  0,  0, 33,  0,  0,  0, 35,  0,  0,  0
6, 11026, 15,KE8EXM,    11.39, 5,   coast,  -11.77,  85436.00, 1415.54, 1280.74,   57.64, 19.9, 4.03, 4.01, 4.03,  -0.57,  -0.65,   0.32,  86.94,   2.82,  -4.32,   0.23,   0.08,  -0.02,   7.71, 4.03, 0.00, 0.00, 0.00, 0.00, 1, 1,  9,  39.7276554, -83.7072872,  1456.0, 2026,  3, 28, 20,  4,  1,      122,     1131, 121,  84,   1.7,   0.9,   1.4,  0,  0,  0, 31, 30, 25,  0,  0, 26,  0, 28, 36,  0,  0,  0,  0, 26,  0, 29,  0, 23,  0,  0,  0, 33,  0,  0,  0, 35,  0,  0,  0
6, 11026, 15,KE8EXM,    11.40, 5,   coast,   -9.81,  85436.00, 1415.54, 1280.74,   57.53, 19.9, 4.03, 4.01, 4.03,  -0.68,  -0.63,   0.01,  87.06,   2.52,  -4.08,   0.23,   0.08,  -0.02,   7.68, 4.03, 0.00, 0.00, 0.00, 0.00, 1, 1,  9,  39.7276554, -83.7072872,  1456.0, 2026,  3, 28, 20,  4,  1,      122,     1131, 121,  84,   1.7,   0.9,   1.4,  0,  0,  0, 31, 30, 25,  0,  0, 26,  0, 28, 36,  0,  0,  0,  0, 26,  0, 29,  0, 23,  0,  0,  0, 33,  0,  0,  0, 35,  0,  0,  0
6, 11026, 15,KE8EXM,    11.41, 5,   coast,  -10.79,  85415.00, 1417.55, 1282.75,   57.43, 19.9, 4.03, 4.01, 4.03,  -0.63,  -0.73,   0.29,  87.49,   2.82,  -4.32,   0.23,   0.08,  -0.03,   7.65, 4.03, 0.00, 0.00, 0.00, 0.00, 1, 1,  9,  39.7276554, -83.7072872,  1456.0, 2026,  3, 28, 20,  4,  1,      122,     1131, 121,  84,   1.7,   0.9,   1.4,  0,  0,  0, 31, 30, 25,  0,  0, 26,  0, 28, 36,  0,  0,  0,  0, 26,  0, 29,  0, 23,  0,  0,  0, 33,  0,  0,  0, 35,  0,  0,  0
6, 11026, 15,KE8EXM,    11.42, 5,   coast,   -9.81,  85415.00, 1417.55, 1282.75,   57.32, 19.9, 4.03, 4.01, 4.03,  -0.67,  -0.61,  -0.17,  86.94,   2.40,  -4.26,   0.23,   0.08,  -0.03,   7.62, 4.03, 0.00, 0.00, 0.00, 0.00, 1, 1,  9,  39.7276554, -83.7072872,  1456.0, 2026,  3, 28, 20,  4,  1,      122,     1131, 121,  84,   1.7,   0.9,   1.4,  0,  0,  0, 31, 30, 25,  0,  0, 26,  0, 28, 36,  0,  0,  0,  0, 26,  0, 29,  0, 23,  0,  0,  0, 33,  0,  0,  0, 35,  0,  0,  0
6, 11026, 15,KE8EXM,    11.43, 5,   coast,  -11.77,  85407.00, 1418.32, 1283.51,   57.21, 19.9, 4.03, 4.01, 4.03,  -0.61,  -0.60,   0.29,  86.94,   2.82,  -4.20,   0.23,   0.08,  -0.03,   7.58, 4.03, 0.00, 0.00, 0.00, 0.00, 1, 1,  9,  39.7276554, -83.7072872,  1456.0, 2026,  3, 28, 20,  4,  1,      122,     1131, 121,  84,   1.7,   0.9,   1.4,  0,  0,  0, 31, 30, 25,  0,  0, 26,  0, 28, 36,  0,  0,  0,  0, 26,  0, 29,  0, 23,  0,  0,  0, 33,  0,  0,  0, 35,  0,  0,  0
6, 11026, 15,KE8EXM,    11.44, 5,   coast,  -10.79,  85407.00, 1418.32, 1283.51,   57.11, 19.9, 4.03, 4.01, 4.03,  -0.65,  -0.58,  -0.18,  86.75,   3.13,  -4.32,   0.23,   0.08,  -0.03,   7.55, 4.03, 0.00, 0.00, 0.00, 0.00, 1, 1,  9,  39.7276554, -83.7072872,  1456.0, 2026,  3, 28, 20,  4,  1,      122,     1131, 121,  84,   1.7,   0.9,   1.4,  0,  0,  0, 31, 30, 25,  0,  0, 26,  0, 28, 36,  0,  0,  0,  0, 26,  0, 29,  0, 23,  0,  0,  0, 33,  0,  0,  0, 35,  0,  0,  0
6, 11026, 15,KE8EXM,    11.45, 5,   coast,  -10.30,  85394.00, 1419.56, 1284.75,   57.00, 19.9, 4.03, 4.01, 4.03,  -0.63,  -0.70,   0.06,  86.69,   2.89,  -4.26,   0.23,   0.08,  -0.03,   7.52, 4.03, 0.00, 0.00, 0.00, 0.00, 1, 1,  9,  39.7276554, -83.7072872,  1456.0, 2026,  3, 28, 20,  4,  1,      122,     1131, 121,  84,   1.7,   0.9,   1.4,  0,  0,  0, 31, 30, 25,  0,  0, 26,  0, 28, 36,  0,  0,  0,  0, 26,  0, 29,  0, 23,  0,  0,  0, 33,  0,  0,  0, 35,  0,  0,  0
6, 11026, 15,KE8EXM,    11.46, 5,   coast,  -10.30,  85394.00, 1419.56, 1284.75,   56.89, 19.9, 4.03, 4.01, 4.03,  -0.57,  -0.62,  -0.06,  86.27,   3.19,  -4.32,   0.23,   0.08,  -0.04,   7.49, 4.03, 0.00, 0.00, 0.00, 0.00, 1, 1,  9,  39.7276554, -83.7072872,  1456.0, 2026,  3, 28, 20,  4,  1,      122,     1131, 121,  84,   1.7,   0.9,   1.4,  0,  0,  0, 31, 30, 25,  0,  0, 26,  0, 28, 36,  0,  0,  0,  0, 26,  0, 29,  0, 23,  0,  0,  0, 33,  0,  0,  0, 35,  0,  0,  0
6, 11026, 15,KE8EXM,    11.47, 5,   coast,  -12.26,  85385.00, 1420.42, 1285.61,   56.78, 19.9, 4.03, 4.01, 4.03,  -0.58,  -0.54,   0.04,  86.39,   3.13,  -4.14,   0.22,   0.08,  -0.04,   7.46, 4.03, 0.00, 0.00, 0.00, 0.00, 1, 1,  9,  39.7276554, -83.7072872,  1456.0, 2026,  3, 28, 20,  4,  1,      122,     1131, 121,  84,   1.7,   0.9,   1.4,  0,  0,  0, 31, 30, 25,  0,  0, 26,  0, 28, 36,  0,  0,  0,  0, 26,  0, 29,  0, 23,  0,  0,  0, 33,  0,  0,  0, 35,  0,  0,  0
6, 11026, 15,KE8EXM,    11.48, 5,   coast,  -10.30,  85385.00, 1420.42, 1285.61,   56.67, 19.9, 4.03, 4.01, 4.03,  -0.57,  -0.68,  -0.06,  86.45,   3.43,  -4.08,   0.22,   0.08,  -0.04,   7.43, 4.03, 0.00, 0.00, 0.00, 0.00, 1, 1,  9,  39.7276554, -83.7072872,  1456.0, 2026,  3, 28, 20,  4,  1,      122,     1131, 121,  84,   1.7,   0.9,   1.4,  0,  0,  0, 31, 30, 25,  0,  0, 26,  0, 28, 36,  0,  0,  0,  0, 26,  0, 29,  0, 23,  0,  0,  0, 33,  0,  0,  0, 35,  0,  0,  0
6, 11026, 15,KE8EXM,    11.49, 5,   coast,  -10.79,  85373.00, 1421.57, 1286.76,   56.57, 19.9, 4.03, 4.01, 4.03,  -0.59,  -0.45,   0.04,  85.78,   3.62,  -4.32,   0.22,   0.08,  -0.05,   7.39, 4.03, 0.00, 0.00, 0.00, 0.00, 1, 1,  9,  39.7276554, -83.7072872,  1456.0, 2026,  3, 28, 20,  4,  1,      122,     1131, 121,  84,   1.7,   0.9,   1.4,  0,  0,  0, 31, 30, 25,  0,  0, 26,  0, 28, 36,  0,  0,  0,  0, 26,  0, 29,  0, 23,  0,  0,  0, 33,  0,  0,  0, 35,  0,  0,  0
6, 11026, 15,KE8EXM,    11.50, 5,   coast,  -10.30,  85373.00, 1421.57, 1286.76,   56.46, 19.9, 4.03, 4.01, 4.03,  -0.59,  -0.42,   0.01,  85.66,   3.31,  -4.20,   0.22,   0.08,  -0.05,   7.36, 4.03, 0.00, 0.00, 0.00, 0.00, 1, 1,  9,  39.7276554, -83.7072872,  1456.0, 2026,  3, 28, 20,  4,  1,      122,     1131, 121,  84,   1.7,   0.9,   1.4,  0,  0,  0, 31, 30, 25,  0,  0, 26,  0, 28, 36,  0,  0,  0,  0, 26,  0, 29,  0, 23,  0,  0,  0, 33,  0,  0,  0, 35,  0,  0,  0
6, 11026, 15,KE8EXM,    11.51, 5,   coast,   -9.81,  85352.00, 1423.58, 1288.77,   56.36, 19.9, 4.03, 4.01, 4.03,  -0.56,  -0.52,  -0.06,  85.59,   3.25,  -4.20,   0.22,   0.08,  -0.05,   7.33, 4.03, 0.00, 0.00, 0.00, 0.00, 1, 1,  9,  39.7276554, -83.7072872,  1456.0, 2026,  3, 28, 20,  4,  1,      122,     1131, 121,  84,   1.7,   0.9,   1.4,  0,  0,  0, 31, 30, 25,  0,  0, 26,  0, 28, 36,  0,  0,  0,  0, 26,  0, 29,  0, 23,  0,  0,  0, 33,  0,  0,  0, 35,  0,  0,  0
6, 11026, 15,KE8EXM,    11.52, 5,   coast,  -10.79,  85352.00, 1423.58, 1288.77,   56.25, 19.9, 4.03, 4.01, 4.03,  -0.60,  -0.45,   0.04,  85.41,   3.50,  -4.02,   0.22,   0.08,  -0.05,   7.30, 4.03, 0.00, 0.00, 0.00, 0.00, 1, 1,  9,  39.7276554, -83.7072872,  1456.0, 2026,  3, 28, 20,  4,  1,      122,     1131, 121,  84,   1.7,   0.9,   1.4,  0,  0,  0, 31, 30, 25,  0,  0, 26,  0, 28, 36,  0,  0,  0,  0, 26,  0, 29,  0, 23,  0,  0,  0, 33,  0,  0,  0, 35,  0,  0,  0
6, 11026, 15,KE8EXM,    11.53, 5,   coast,  -11.28,  85339.00, 1424.82, 1290.01,   56.14, 19.9, 4.03, 4.01, 4.03,  -0.52,  -0.38,   0.05,  84.86,   3.92,  -4.32,   0.22,   0.08,  -0.06,   7.26, 4.03, 0.00, 0.00, 0.00, 0.00, 1, 1,  9,  39.7276554, -83.7072872,  1456.0, 2026,  3, 28, 20,  4,  1,      122,     1131, 121,  84,   1.7,   0.9,   1.4,  0,  0,  0, 31, 30, 25,  0,  0, 26,  0, 28, 36,  0,  0,  0,  0, 26,  0, 29,  0, 23,  0,  0,  0, 33,  0,  0,  0, 35,  0,  0,  0
6, 11026, 15,KE8EXM,    11.54, 5,   coast,  -11.77,  85339.00, 1424.82, 1290.01,   56.04, 19.9, 4.03, 4.01, 4.03,  -0.60,  -0.55,  -0.02,  85.17,   3.68,  -4.20,   0.22,   0.08,  -0.06,   7.23, 4.04, 0.00, 0.00, 0.00, 0.00, 1, 1,  9,  39.7276554, -83.7072872,  1456.0, 2026,  3, 28, 20,  4,  1,      122,     1131, 121,  84,   1.7,   0.9,   1.4,  0,  0,  0, 31, 30, 25,  0,  0, 26,  0, 28, 36,  0,  0,  0,  0, 26,  0, 29,  0, 23,  0,  0,  0, 33,  0,  0,  0, 35,  0,  0,  0
6, 11026, 15,KE8EXM,    11.54, 5,   coast,  -11.77,  85339.00, 1424.82, 1290.01,   56.04, 19.9, 4.03, 4.01, 4.03,  -0.60,  -0.55,  -0.02,  85.17,   3.68,  -4.20,   0.22,   0.08,  -0.06,   7.23, 4.04, 0.00, 0.00, 0.00, 0.00, 1, 1,  9,  39.7276554, -83.7072872,  1456.0, 2026,  3, 28, 20,  4,  1,      122,     1131, 121,  84,   1.7,   0.9,   1.4,  0,  0,  0, 31, 30, 25,  0,  0, 26,  0, 28, 36,  0,  0,  0,  0, 26,  0, 29,  0, 23,  0,  0,  0, 33,  0,  0,  0, 35,  0,  0,  0
6, 11026, 15,KE8EXM,    11.55, 5,   coast,   -8.83,  85335.00, 1425.20, 1290.40,   55.94, 19.9, 4.03, 4.01, 4.03,  -0.52,  -0.40,   0.14,  84.80,   3.68,  -4.26,   0.22,   0.08,  -0.06,   7.19, 4.04, 0.00, 0.00, 0.00, 0.00, 1, 1,  9,  39.7276554, -83.7072872,  1456.0, 2026,  3, 28, 20,  4,  1,      122,     1131, 121,  84,   1.7,   0.9,   1.4,  0,  0,  0, 31, 30, 25,  0,  0, 26,  0, 28, 36,  0,  0,  0,  0, 26,  0, 29,  0, 23,  0,  0,  0, 33,  0,  0,  0, 35,  0,  0,  0
6, 11026, 15,KE8EXM,    11.56, 5,   coast,  -10.30,  85335.00, 1425.20, 1290.40,   55.83, 19.9, 4.03, 4.01, 4.03,  -0.57,  -0.32,   0.01,  84.37,   3.43,  -4.08,   0.22,   0.08,  -0.06,   7.16, 4.04, 0.00, 0.00, 0.00, 0.00, 1, 1,  9,  39.7276554, -83.7072872,  1456.0, 2026,  3, 28, 20,  4,  1,      122,     1131, 121,  84,   1.7,   0.9,   1.4,  0,  0,  0, 31, 30, 25,  0,  0, 26,  0, 28, 36,  0,  0,  0,  0, 26,  0, 29,  0, 23,  0,  0,  0, 33,  0,  0,  0, 35,  0,  0,  0
6, 11026, 15,KE8EXM,    11.57, 5,   coast,   -9.32,  85315.00, 1427.12, 1292.31,   55.74, 19.9, 4.03, 4.01, 4.03,  -0.52,  -0.47,   0.04,  84.62,   3.74,  -4.08,   0.22,   0.08,  -0.06,   7.13, 4.04, 0.00, 0.00, 0.00, 0.00, 1, 1,  9,  39.7276554, -83.7072872,  1456.0, 2026,  3, 28, 20,  4,  1,      122,     1131, 121,  84,   1.7,   0.9,   1.4,  0,  0,  0, 31, 30, 25,  0,  0, 26,  0, 28, 36,  0,  0,  0,  0, 26,  0, 29,  0, 23,  0,  0,  0, 33,  0,  0,  0, 35,  0,  0,  0
6, 11026, 15,KE8EXM,    11.58, 5,   coast,   -9.81,  85315.00, 1427.12, 1292.31,   55.64, 19.9, 4.03, 4.01, 4.03,  -0.56,  -0.34,   0.04,  84.19,   4.05,  -3.83,   0.22,   0.08,  -0.07,   7.10, 4.04, 0.00, 0.00, 0.00, 0.00, 1, 1,  9,  39.7276554, -83.7072872,  1456.0, 2026,  3, 28, 20,  4,  1,      122,     1131, 121,  84,   1.7,   0.9,   1.4,  0,  0,  0, 31, 30, 25,  0,  0, 26,  0, 28, 36,  0,  0,  0,  0, 26,  0, 29,  0, 23,  0,  0,  0, 33,  0,  0,  0, 35,  0,  0,  0
6, 11026, 15,KE8EXM,    11.59, 5,   coast,   -9.32,  85302.00, 1428.36, 1293.55,   55.54, 19.9, 4.03, 4.01, 4.03,  -0.52,  -0.37,   0.09,  84.07,   3.86,  -4.02,   0.22,   0.08,  -0.07,   7.06, 4.04, 0.00, 0.00, 0.00, 0.00, 1, 1,  9,  39.7276554, -83.7072872,  1456.0, 2026,  3, 28, 20,  4,  1,      122,     1131, 121,  84,   1.7,   0.9,   1.4,  0,  0,  0, 31, 30, 25,  0,  0, 26,  0, 28, 36,  0,  0,  0,  0, 26,  0, 29,  0, 23,  0,  0,  0, 33,  0,  0,  0, 35,  0,  0,  0
6, 11026, 15,KE8EXM,    11.60, 5,   coast,  -11.28,  85302.00, 1428.36, 1293.55,   55.44, 19.9, 4.03, 4.01, 4.03,  -0.55,  -0.36,   0.01,  84.01,   3.98,  -3.71,   0.22,   0.08,  -0.07,   7.03, 4.04, 0.00, 0.00, 0.00, 0.00, 1, 1,  9,  39.7276554, -83.7072872,  1456.0, 2026,  3, 28, 20,  4,  1,      122,     1131, 121,  84,   1.7,   0.9,   1.4,  0,  0,  0, 31, 30, 25,  0,  0, 26,  0, 28, 36,  0,  0,  0,  0, 26,  0, 29,  0, 23,  0,  0,  0, 33,  0,  0,  0, 35,  0,  0,  0
6, 11026, 15,KE8EXM,    11.61, 5,   coast,   -9.81,  85292.00, 1429.32, 1294.51,   55.33, 19.9, 4.03, 4.01, 4.03,  -0.52,  -0.27,  -0.03,  83.46,   4.11,  -3.77,   0.22,   0.08,  -0.07,   7.00, 4.04, 0.00, 0.00, 0.00, 0.00, 1, 1,  9,  39.7276554, -83.7072872,  1456.0, 2026,  3, 28, 20,  4,  1,      122,     1131, 121,  84,   1.7,   0.9,   1.4,  0,  0,  0, 31, 30, 25,  0,  0, 26,  0, 28, 36,  0,  0,  0,  0, 26,  0, 29,  0, 23,  0,  0,  0, 33,  0,  0,  0, 35,  0,  0,  0
6, 11026, 15,KE8EXM,    11.62, 5,   coast,  -10.79,  85292.00, 1429.32, 1294.51,   55.23, 19.9, 4.03, 4.01, 4.03,  -0.50,  -0.30,   0.15,  83.28,   3.86,  -3.89,   0.22,   0.08,  -0.08,   6.97, 4.04, 0.00, 0.00, 0.00, 0.00, 1, 1,  9,  39.7276554, -83.7072872,  1456.0, 2026,  3, 28, 20,  4,  1,      122,     1131, 121,  84,   1.7,   0.9,   1.4,  0,  0,  0, 31, 30, 25,  0,  0, 26,  0, 28, 36,  0,  0,  0,  0, 26,  0, 29,  0, 23,  0,  0,  0, 33,  0,  0,  0, 35,  0,  0,  0
6, 11026, 15,KE8EXM,    11.63, 5,   coast,  -11.28,  85278.00, 1430.66, 1295.85,   55.12, 19.9, 4.03, 4.01, 4.03,  -0.53,  -0.27,  -0.09,  83.21,   4.17,  -3.71,   0.22,   0.08,  -0.08,   6.94, 4.04, 0.00, 0.00, 0.00, 0.00, 1, 1,  9,  39.7276554, -83.7072872,  1456.0, 2026,  3, 28, 20,  4,  1,      122,     1131, 121,  84,   1.7,   0.9,   1.4,  0,  0,  0, 31, 30, 25,  0,  0, 26,  0, 28, 36,  0,  0,  0,  0, 26,  0, 29,  0, 23,  0,  0,  0, 33,  0,  0,  0, 35,  0,  0,  0
6, 11026, 15,KE8EXM,    11.64, 5,   coast,  -10.30,  85278.00, 1430.66, 1295.85,   55.02, 19.9, 4.03, 4.01, 4.03,  -0.52,  -0.26,   0.14,  82.97,   3.86,  -3.22,   0.22,   0.07,  -0.08,   6.91, 4.04, 0.00, 0.00, 0.00, 0.00, 1, 1,  9,  39.7276554, -83.7072872,  1456.0, 2026,  3, 28, 20,  4,  1,      122,     1131, 121,  84,   1.7,   0.9,   1.4,  0,  0,  0, 31, 30, 25,  0,  0, 26,  0, 28, 36,  0,  0,  0,  0, 26,  0, 29,  0, 23,  0,  0,  0, 33,  0,  0,  0, 35,  0,  0,  0
6, 11026, 15,KE8EXM,    11.65, 5,   coast,  -10.30,  85271.00, 1431.33, 1296.52,   54.91, 19.9, 4.03, 4.01, 4.03,  -0.60,  -0.18,   0.02,  82.97,   3.68,  -3.41,   0.22,   0.07,  -0.08,   6.88, 4.04, 0.00, 0.00, 0.00, 0.00, 1, 1,  9,  39.7276554, -83.7072872,  1456.0, 2026,  3, 28, 20,  4,  1,      122,     1131, 121,  84,   1.7,   0.9,   1.4,  0,  0,  0, 31, 30, 25,  0,  0, 26,  0, 28, 36,  0,  0,  0,  0, 26,  0, 29,  0, 23,  0,  0,  0, 33,  0,  0,  0, 35,  0,  0,  0
6, 11026, 15,KE8EXM,    11.66, 5,   coast,  -11.28,  85271.00, 1431.33, 1296.52,   54.81, 19.9, 4.03, 4.01, 4.03,  -0.47,  -0.20,   0.11,  82.24,   4.23,  -3.28,   0.22,   0.07,  -0.09,   6.85, 4.04, 0.00, 0.00, 0.00, 0.00, 1, 1,  9,  39.7276554, -83.7072872,  1456.0, 2026,  3, 28, 20,  4,  1,      122,     1131, 121,  84,   1.7,   0.9,   1.4,  0,  0,  0, 31, 30, 25,  0,  0, 26,  0, 28, 36,  0,  0,  0,  0, 26,  0, 29,  0, 23,  0,  0,  0, 33,  0,  0,  0, 35,  0,  0,  0
6, 11026, 15,KE8EXM,    11.67, 5,   coast,   -9.32,  85252.00, 1433.15, 1298.34,   54.71, 19.9, 4.03, 4.01, 4.03,  -0.51,  -0.22,   0.11,  82.05,   4.11,  -3.28,   0.22,   0.07,  -0.09,   6.82, 4.04, 0.00, 0.00, 0.00, 0.00, 1, 1,  9,  39.7276554, -83.7072872,  1456.0, 2026,  3, 28, 20,  4,  1,      122,     1131, 121,  84,   1.7,   0.9,   1.4,  0,  0,  0, 31, 30, 25,  0,  0, 26,  0, 28, 36,  0,  0,  0,  0, 26,  0, 29,  0, 23,  0,  0,  0, 33,  0,  0,  0, 35,  0,  0,  0
6, 11026, 15,KE8EXM,    11.68, 5,   coast,   -7.35,  85252.00, 1433.15, 1298.34,   54.61, 19.9, 4.03, 4.01, 4.03,  -0.52,  -0.20,   0.13,  81.93,   4.66,  -3.28,   0.22,   0.07,  -0.09,   6.80, 4.04, 0.00, 0.00, 0.00, 0.00, 1, 1,  9,  39.7276554, -83.7072872,  1456.0, 2026,  3, 28, 20,  4,  1,      122,     1131, 121,  84,   1.7,   0.9,   1.4,  0,  0,  0, 31, 30, 25,  0,  0, 26,  0, 28, 36,  0,  0,  0,  0, 26,  0, 29,  0, 23,  0,  0,  0, 33,  0,  0,  0, 35,  0,  0,  0
6, 11026, 15,KE8EXM,    11.69, 5,   coast,  -11.28,  85241.00, 1434.20, 1299.39,   54.51, 19.9, 4.03, 4.01, 4.03,  -0.55,  -0.30,  -0.06,  81.57,   4.47,  -2.98,   0.22,   0.07,  -0.09,   6.77, 4.04, 0.00, 0.00, 0.00, 0.00, 1, 1,  9,  39.7276554, -83.7072872,  1456.0, 2026,  3, 28, 20,  4,  1,      122,     1131, 121,  84,   1.7,   0.9,   1.4,  0,  0,  0, 31, 30, 25,  0,  0, 26,  0, 28, 36,  0,  0,  0,  0, 26,  0, 29,  0, 23,  0,  0,  0, 33,  0,  0,  0, 35,  0,  0,  0
6, 11026, 15,KE8EXM,    11.70, 5,   coast,  -10.79,  85241.00, 1434.20, 1299.39,   54.40, 19.9, 4.03, 4.01, 4.03,  -0.47,  -0.18,   0.11,  81.63,   4.47,  -2.98,   0.22,   0.07,  -0.09,   6.74, 4.04, 0.00, 0.00, 0.00, 0.00, 1, 1,  9,  39.7276554, -83.7072872,  1456.0, 2026,  3, 28, 20,  4,  1,      122,     1131, 121,  84,   1.7,   0.9,   1.4,  0,  0,  0, 31, 30, 25,  0,  0, 26,  0, 28, 36,  0,  0,  0,  0, 26,  0, 29,  0, 23,  0,  0,  0, 33,  0,  0,  0, 35,  0,  0,  0
6, 11026, 15,KE8EXM,    11.71, 5,   coast,  -11.77,  85232.00, 1435.06, 1300.25,   54.30, 19.9, 4.03, 4.01, 4.03,  -0.55,  -0.21,  -0.13,  81.57,   4.17,  -2.80,   0.22,   0.07,  -0.10,   6.72, 4.04, 0.00, 0.00, 0.00, 0.00, 1, 1,  9,  39.7276554, -83.7072872,  1456.0, 2026,  3, 28, 20,  4,  1,      122,     1131, 121,  84,   1.7,   0.9,   1.4,  0,  0,  0, 31, 30, 25,  0,  0, 26,  0, 28, 36,  0,  0,  0,  0, 26,  0, 29,  0, 23,  0,  0,  0, 33,  0,  0,  0, 35,  0,  0,  0
6, 11026, 15,KE8EXM,    11.72, 5,   coast,  -12.26,  85232.00, 1435.06, 1300.25,   54.19, 19.9, 4.03, 4.01, 4.03,  -0.45,  -0.19,   0.14,  81.44,   4.59,  -2.73,   0.22,   0.07,  -0.10,   6.69, 4.04, 0.00, 0.00, 0.00, 0.00, 1, 1,  9,  39.7276554, -83.7072872,  1456.0, 2026,  3, 28, 20,  4,  1,      122,     1131, 121,  84,   1.7,   0.9,   1.4,  0,  0,  0, 31, 30, 25,  0,  0, 26,  0, 28, 36,  0,  0,  0,  0, 26,  0, 29,  0, 23,  0,  0,  0, 33,  0,  0,  0, 35,  0,  0,  0
6, 11026, 15,KE8EXM,    11.73, 5,   coast,   -8.83,  85213.00, 1436.88, 1302.07,   54.08, 19.9, 4.03, 4.01, 4.03,  -0.51,  -0.14,  -0.09,  80.53,   4.23,  -2.61,   0.22,   0.07,  -0.10,   6.67, 4.04, 0.00, 0.00, 0.00, 0.00, 1, 1,  9,  39.7276554, -83.7072872,  1456.0, 2026,  3, 28, 20,  4,  1,      122,     1131, 121,  84,   1.7,   0.9,   1.4,  0,  0,  0, 31, 30, 25,  0,  0, 26,  0, 28, 36,  0,  0,  0,  0, 26,  0, 29,  0, 23,  0,  0,  0, 33,  0,  0,  0, 35,  0,  0,  0
6, 11026, 15,KE8EXM,    11.74, 5,   coast,  -10.79,  85213.00, 1436.88, 1302.07,   53.97, 19.9, 4.03, 4.01, 4.03,  -0.47,  -0.39,   0.04,  81.20,   4.23,  -2.37,   0.22,   0.07,  -0.10,   6.65, 4.04, 0.00, 0.00, 0.00, 0.00, 1, 1,  9,  39.7276554, -83.7072872,  1456.0, 2026,  3, 28, 20,  4,  1,      122,     1131, 121,  84,   1.7,   0.9,   1.4,  0,  0,  0, 31, 30, 25,  0,  0, 26,  0, 28, 36,  0,  0,  0,  0, 26,  0, 29,  0, 23,  0,  0,  0, 33,  0,  0,  0, 35,  0,  0,  0
6, 11026, 15,KE8EXM,    11.75, 5,   coast,  -11.77,  85203.00, 1437.84, 1303.03,   53.87, 19.9, 4.03, 4.01, 4.03,  -0.48,  -0.17,  -0.15,  79.98,   4.90,  -2.31,   0.22,   0.07,  -0.11,   6.63, 4.04, 0.00, 0.00, 0.00, 0.00, 1, 1,  9,  39.7276554, -83.7072872,  1456.0, 2026,  3, 28, 20,  4,  1,      122,     1131, 121,  84,   1.7,   0.9,   1.4,  0,  0,  0, 31, 30, 25,  0,  0, 26,  0, 28, 36,  0,  0,  0,  0, 26,  0, 29,  0, 23,  0,  0,  0, 33,  0,  0,  0, 35,  0,  0,  0
6, 11026, 15,KE8EXM,    11.76, 5,   coast,   -9.81,  85203.00, 1437.84, 1303.03,   53.76, 19.9, 4.03, 4.01, 4.03,  -0.49,  -0.27,   0.01,  80.65,   4.17,  -2.12,   0.22,   0.07,  -0.11,   6.61, 4.04, 0.00, 0.00, 0.00, 0.00, 1, 1,  9,  39.7276554, -83.7072872,  1456.0, 2026,  3, 28, 20,  4,  1,      122,     1131, 121,  84,   1.7,   0.9,   1.4,  0,  0,  0, 31, 30, 25,  0,  0, 26,  0, 28, 36,  0,  0,  0,  0, 26,  0, 29,  0, 23,  0,  0,  0, 33,  0,  0,  0, 35,  0,  0,  0
6, 11026, 15,KE8EXM,    11.77, 5,   coast,  -10.30,  85183.00, 1439.75, 1304.95,   53.66, 19.9, 4.03, 4.01, 4.03,  -0.46,  -0.17,  -0.10,  79.67,   5.02,  -2.18,   0.22,   0.07,  -0.11,   6.59, 4.04, 0.00, 0.00, 0.00, 0.00, 1, 1,  9,  39.7276554, -83.7072872,  1456.0, 2026,  3, 28, 20,  4,  1,      122,     1131, 121,  84,   1.7,   0.9,   1.4,  0,  0,  0, 31, 30, 25,  0,  0, 26,  0, 28, 36,  0,  0,  0,  0, 26,  0, 29,  0, 23,  0,  0,  0, 33,  0,  0,  0, 35,  0,  0,  0
6, 11026, 15,KE8EXM,    11.78, 5,   coast,  -10.30,  85183.00, 1439.75, 1304.95,   53.55, 19.9, 4.03, 4.01, 4.03,  -0.50,  -0.17,  -0.03,  80.04,   4.72,  -2.25,   0.22,   0.07,  -0.11,   6.57, 4.04, 0.00, 0.00, 0.00, 0.00, 1, 1,  9,  39.7276554, -83.7072872,  1456.0, 2026,  3, 28, 20,  4,  1,      122,     1131, 121,  84,   1.7,   0.9,   1.4,  0,  0,  0, 31, 30, 25,  0,  0, 26,  0, 28, 36,  0,  0,  0,  0, 26,  0, 29,  0, 23,  0,  0,  0, 33,  0,  0,  0, 35,  0,  0,  0
6, 11026, 15,KE8EXM,    11.79, 5,   coast,  -10.30,  85182.00, 1439.85, 1305.04,   53.45, 19.9, 4.03, 4.01, 4.03,  -0.42,  -0.27,   0.06,  79.74,   4.90,  -2.00,   0.22,   0.06,  -0.11,   6.55, 4.04, 0.00, 0.00, 0.00, 0.00, 1, 1,  9,  39.7276554, -83.7072872,  1456.0, 2026,  3, 28, 20,  4,  1,      122,     1131, 121,  84,   1.7,   0.9,   1.4,  0,  0,  0, 31, 30, 25,  0,  0, 26,  0, 28, 36,  0,  0,  0,  0, 26,  0, 29,  0, 23,  0,  0,  0, 33,  0,  0,  0, 35,  0,  0,  0
6, 11026, 15,KE8EXM,    11.80, 5,   coast,  -10.30,  85182.00, 1439.85, 1305.04,   53.35, 19.9, 4.03, 4.01, 4.03,  -0.53,  -0.14,  -0.14,  79.31,   4.84,  -1.88,   0.22,   0.06,  -0.12,   6.53, 4.04, 0.00, 0.00, 0.00, 0.00, 1, 1,  9,  39.7276554, -83.7072872,  1456.0, 2026,  3, 28, 20,  4,  1,      122,     1131, 121,  84,   1.7,   0.9,   1.4,  0,  0,  0, 31, 30, 25,  0,  0, 26,  0, 28, 36,  0,  0,  0,  0, 26,  0, 29,  0, 23,  0,  0,  0, 33,  0,  0,  0, 35,  0,  0,  0
6, 11026, 15,KE8EXM,    11.81, 5,   coast,  -10.79,  85166.00, 1441.38, 1306.58,   53.24, 19.9, 4.03, 4.01, 4.03,  -0.42,  -0.18,   0.04,  78.88,   4.78,  -1.70,   0.21,   0.06,  -0.12,   6.51, 4.04, 0.00, 0.00, 0.00, 0.00, 1, 1,  9,  39.7276554, -83.7072872,  1456.0, 2026,  3, 28, 20,  4,  1,      122,     1131, 121,  84,   1.7,   0.9,   1.4,  0,  0,  0, 31, 30, 25,  0,  0, 26,  0, 28, 36,  0,  0,  0,  0, 26,  0, 29,  0, 23,  0,  0,  0, 33,  0,  0,  0, 35,  0,  0,  0
6, 11026, 15,KE8EXM,    11.82, 5,   coast,  -10.30,  85166.00, 1441.38, 1306.58,   53.14, 19.9, 4.03, 4.01, 4.03,  -0.47,  -0.20,  -0.10,  78.76,   4.96,  -1.57,   0.21,   0.06,  -0.12,   6.49, 4.04, 0.00, 0.00, 0.00, 0.00, 1, 1,  9,  39.7276554, -83.7072872,  1456.0, 2026,  3, 28, 20,  4,  1,      122,     1131, 121,  84,   1.7,   0.9,   1.4,  0,  0,  0, 31, 30, 25,  0,  0, 26,  0, 28, 36,  0,  0,  0,  0, 26,  0, 29,  0, 23,  0,  0,  0, 33,  0,  0,  0, 35,  0,  0,  0
6, 11026, 15,KE8EXM,    11.83, 5,   coast,  -10.30,  85157.00, 1442.24, 1307.44,   53.03, 19.9, 4.03, 4.01, 4.03,  -0.43,  -0.14,   0.01,  78.76,   5.33,  -1.57,   0.22,   0.06,  -0.12,   6.48, 4.04, 0.00, 0.00, 0.00, 0.00, 1, 1,  9,  39.7276554, -83.7072872,  1456.0, 2026,  3, 28, 20,  4,  1,      122,     1131, 121,  84,   1.7,   0.9,   1.4,  0,  0,  0, 31, 30, 25,  0,  0, 26,  0, 28, 36,  0,  0,  0,  0, 26,  0, 29,  0, 23,  0,  0,  0, 33,  0,  0,  0, 35,  0,  0,  0
6, 11026, 15,KE8EXM,    11.84, 5,   coast,  -10.30,  85157.00, 1442.24, 1307.44,   52.92, 19.9, 4.03, 4.01, 4.03,  -0.50,  -0.18,   0.04,  78.51,   4.72,  -1.33,   0.22,   0.06,  -0.13,   6.46, 4.04, 0.00, 0.00, 0.00, 0.00, 1, 1,  9,  39.7276554, -83.7072872,  1456.0, 2026,  3, 28, 20,  4,  1,      122,     1131, 121,  84,   1.7,   0.9,   1.4,  0,  0,  0, 31, 30, 25,  0,  0, 26,  0, 28, 36,  0,  0,  0,  0, 26,  0, 29,  0, 23,  0,  0,  0, 33,  0,  0,  0, 35,  0,  0,  0
6, 11026, 15,KE8EXM,    11.85, 5,   coast,  -12.75,  85146.00, 1443.30, 1308.49,   52.81, 19.9, 4.03, 4.01, 4.03,  -0.49,  -0.14,   0.00,  78.09,   5.20,  -1.27,   0.22,   0.05,  -0.13,   6.45, 4.04, 0.00, 0.00, 0.00, 0.00, 1, 1,  9,  39.7276554, -83.7072872,  1456.0, 2026,  3, 28, 20,  4,  1,      122,     1131, 121,  84,   1.7,   0.9,   1.4,  0,  0,  0, 31, 30, 25,  0,  0, 26,  0, 28, 36,  0,  0,  0,  0, 26,  0, 29,  0, 23,  0,  0,  0, 33,  0,  0,  0, 35,  0,  0,  0
6, 11026, 15,KE8EXM,    11.86, 5,   coast,  -10.79,  85146.00, 1443.30, 1308.49,   52.70, 19.9, 3.99, 3.98, 3.99,  -0.50,  -0.14,   0.09,  77.90,   4.96,  -1.27,   0.22,   0.05,  -0.13,   6.44, 4.00, 0.00, 0.00, 0.01, 0.00, 1, 1,  9,  39.7276554, -83.7072872,  1456.0, 2026,  3, 28, 20,  4,  1,      122,     1131, 121,  84,   1.7,   0.9,   1.4,  0,  0,  0, 31, 30, 25,  0,  0, 26,  0, 28, 36,  0,  0,  0,  0, 26,  0, 29,  0, 23,  0,  0,  0, 33,  0,  0,  0, 35,  0,  0,  0
6, 11026, 15,KE8EXM,    11.86, 5,   coast,  -10.79,  85146.00, 1443.30, 1308.49,   52.70, 19.9, 3.99, 3.98, 3.99,  -0.50,  -0.14,   0.09,  77.90,   4.96,  -1.27,   0.22,   0.05,  -0.13,   6.44, 4.00, 0.00, 0.00, 0.01, 0.00, 1, 1,  9,  39.7276554, -83.7072872,  1456.0, 2026,  3, 28, 20,  4,  1,      122,     1131, 121,  84,   1.7,   0.9,   1.4,  0,  0,  0, 31, 30, 25,  0,  0, 26,  0, 28, 36,  0,  0,  0,  0, 26,  0, 29,  0, 23,  0,  0,  0, 33,  0,  0,  0, 35,  0,  0,  0
6, 11026, 15,KE8EXM,    11.87, 5,   coast,  -11.77,  85134.00, 1444.45, 1309.64,   52.59, 19.9, 3.99, 3.98, 3.99,  -0.43,  -0.19,   0.04,  77.42,   5.02,  -1.21,   0.22,   0.05,  -0.13,   6.42, 4.00, 0.00, 0.00, 0.01, 0.00, 1, 1,  9,  39.7276554, -83.7072872,  1456.0, 2026,  3, 28, 20,  4,  1,      122,     1131, 121,  84,   1.7,   0.9,   1.4,  0,  0,  0, 31, 30, 25,  0,  0, 26,  0, 28, 36,  0,  0,  0,  0, 26,  0, 29,  0, 23,  0,  0,  0, 33,  0,  0,  0, 35,  0,  0,  0
6, 11026, 15,KE8EXM,    11.88, 5,   coast,  -11.28,  85134.00, 1444.45, 1309.64,   52.48, 19.9, 3.99, 3.98, 3.99,  -0.47,  -0.12,   0.07,  77.29,   4.96,  -1.09,   0.22,   0.05,  -0.13,   6.41, 4.00, 0.00, 0.00, 0.01, 0.00, 1, 1,  9,  39.7276554, -83.7072872,  1456.0, 2026,  3, 28, 20,  4,  1,      122,     1131, 121,  84,   1.7,   0.9,   1.4,  0,  0,  0, 31, 30, 25,  0,  0, 26,  0, 28, 36,  0,  0,  0,  0, 26,  0, 29,  0, 23,  0,  0,  0, 33,  0,  0,  0, 35,  0,  0,  0
6, 11026, 15,KE8EXM,    11.89, 5,   coast,  -10.79,  85126.00, 1445.22, 1310.41,   52.37, 19.9, 3.99, 3.98, 3.99,  -0.44,  -0.09,   0.14,  77.29,   5.14,  -0.78,   0.22,   0.05,  -0.13,   6.40, 4.00, 0.00, 0.00, 0.01, 0.00, 1, 1,  9,  39.7276554, -83.7072872,  1456.0, 2026,  3, 28, 20,  4,  1,      122,     1131, 121,  84,   1.7,   0.9,   1.4,  0,  0,  0, 31, 30, 25,  0,  0, 26,  0, 28, 36,  0,  0,  0,  0, 26,  0, 29,  0, 23,  0,  0,  0, 33,  0,  0,  0, 35,  0,  0,  0
6, 11026, 15,KE8EXM,    11.90, 5,   coast,   -9.81,  85126.00, 1445.22, 1310.41,   52.26, 19.9, 3.99, 3.98, 3.99,  -0.51,  -0.11,  -0.04,  76.68,   5.14,  -0.78,   0.21,   0.05,  -0.13,   6.39, 4.00, 0.00, 0.00, 0.01, 0.00, 1, 1,  9,  39.7276554, -83.7072872,  1456.0, 2026,  3, 28, 20,  4,  1,      122,     1131, 121,  84,   1.7,   0.9,   1.4,  0,  0,  0, 31, 30, 25,  0,  0, 26,  0, 28, 36,  0,  0,  0,  0, 26,  0, 29,  0, 23,  0,  0,  0, 33,  0,  0,  0, 35,  0,  0,  0
6, 11026, 15,KE8EXM,    11.91, 5,   coast,   -9.81,  85102.00, 1447.52, 1312.71,   52.16, 19.9, 3.99, 3.98, 3.99,  -0.42,  -0.17,   0.14,  76.68,   4.90,  -0.78,   0.22,   0.04,  -0.14,   6.38, 4.00, 0.00, 0.00, 0.01, 0.00, 1, 1,  9,  39.7276554, -83.7072872,  1456.0, 2026,  3, 28, 20,  4,  1,      122,     1131, 121,  84,   1.7,   0.9,   1.4,  0,  0,  0, 31, 30, 25,  0,  0, 26,  0, 28, 36,  0,  0,  0,  0, 26,  0, 29,  0, 23,  0,  0,  0, 33,  0,  0,  0, 35,  0,  0,  0
6, 11026, 15,KE8EXM,    11.92, 5,   coast,   -9.81,  85102.00, 1447.52, 1312.71,   52.06, 19.9, 3.99, 3.98, 3.99,  -0.45,  -0.04,  -0.05,  76.20,   4.72,  -0.41,   0.22,   0.04,  -0.14,   6.37, 4.00, 0.00, 0.00, 0.01, 0.00, 1, 1,  9,  39.7276554, -83.7072872,  1456.0, 2026,  3, 28, 20,  4,  1,      122,     1131, 121,  84,   1.7,   0.9,   1.4,  0,  0,  0, 31, 30, 25,  0,  0, 26,  0, 28, 36,  0,  0,  0,  0, 26,  0, 29,  0, 23,  0,  0,  0, 33,  0,  0,  0, 35,  0,  0,  0
6, 11026, 15,KE8EXM,    11.93, 5,   coast,  -11.28,  85108.00, 1446.94, 1312.13,   51.95, 19.9, 3.99, 3.98, 3.99,  -0.38,  -0.13,   0.19,  76.38,   5.33,  -0.41,   0.22,   0.04,  -0.14,   6.36, 4.00, 0.00, 0.00, 0.01, 0.00, 1, 1,  9,  39.7276554, -83.7072872,  1456.0, 2026,  3, 28, 20,  4,  1,      122,     1131, 121,  84,   1.7,   0.9,   1.4,  0,  0,  0, 31, 30, 25,  0,  0, 26,  0, 28, 36,  0,  0,  0,  0, 26,  0, 29,  0, 23,  0,  0,  0, 33,  0,  0,  0, 35,  0,  0,  0
6, 11026, 15,KE8EXM,    11.94, 5,   coast,  -10.30,  85108.00, 1446.94, 1312.13,   51.85, 19.9, 3.99, 3.98, 3.99,  -0.45,  -0.09,  -0.16,  76.01,   5.33,  -0.29,   0.22,   0.04,  -0.14,   6.36, 4.00, 0.00, 0.00, 0.01, 0.00, 1, 1,  9,  39.7276554, -83.7072872,  1456.0, 2026,  3, 28, 20,  4,  1,      122,     1131, 121,  84,   1.7,   0.9,   1.4,  0,  0,  0, 31, 30, 25,  0,  0, 26,  0, 28, 36,  0,  0,  0,  0, 26,  0, 29,  0, 23,  0,  0,  0, 33,  0,  0,  0, 35,  0,  0,  0
6, 11026, 15,KE8EXM,    11.95, 5,   coast,  -10.79,  85082.00, 1449.43, 1314.63,   51.74, 19.9, 3.99, 3.98, 3.99,  -0.42,  -0.12,   0.26,  76.01,   4.78,  -0.17,   0.21,   0.04,  -0.14,   6.35, 4.00, 0.00, 0.00, 0.01, 0.00, 1, 1,  9,  39.7276554, -83.7072872,  1456.0, 2026,  3, 28, 20,  4,  1,      122,     1131, 121,  84,   1.7,   0.9,   1.4,  0,  0,  0, 31, 30, 25,  0,  0, 26,  0, 28, 36,  0,  0,  0,  0, 26,  0, 29,  0, 23,  0,  0,  0, 33,  0,  0,  0, 35,  0,  0,  0
6, 11026, 15,KE8EXM,    11.96, 5,   coast,  -11.77,  85082.00, 1449.43, 1314.63,   51.63, 19.9, 3.99, 3.98, 3.99,  -0.42,  -0.05,   0.01,  75.46,   5.14,   0.01,   0.22,   0.04,  -0.15,   6.35, 4.00, 0.00, 0.00, 0.01, 0.00, 1, 1,  9,  39.7276554, -83.7072872,  1456.0, 2026,  3, 28, 20,  4,  1,      122,     1131, 121,  84,   1.7,   0.9,   1.4,  0,  0,  0, 31, 30, 25,  0,  0, 26,  0, 28, 36,  0,  0,  0,  0, 26,  0, 29,  0, 23,  0,  0,  0, 33,  0,  0,  0, 35,  0,  0,  0
6, 11026, 15,KE8EXM,    11.97, 5,   coast,  -10.79,  85083.00, 1449.34, 1314.53,   51.52, 19.9, 3.99, 3.98, 3.99,  -0.40,  -0.11,   0.27,  75.58,   4.96,   0.07,   0.21,   0.03,  -0.15,   6.34, 4.00, 0.00, 0.00, 0.01, 0.00, 1, 1,  9,  39.7276554, -83.7072872,  1456.0, 2026,  3, 28, 20,  4,  1,      122,     1131, 121,  84,   1.7,   0.9,   1.4,  0,  0,  0, 31, 30, 25,  0,  0, 26,  0, 28, 36,  0,  0,  0,  0, 26,  0, 29,  0, 23,  0,  0,  0, 33,  0,  0,  0, 35,  0,  0,  0
6, 11026, 15,KE8EXM,    11.98, 5,   coast,  -10.79,  85083.00, 1449.34, 1314.53,   51.41, 19.9, 3.99, 3.98, 3.99,  -0.45,  -0.01,   0.17,  74.91,   4.90,   0.26,   0.21,   0.03,  -0.15,   6.34, 4.00, 0.00, 0.00, 0.01, 0.00, 1, 1,  9,  39.7276554, -83.7072872,  1456.0, 2026,  3, 28, 20,  4,  1,      122,     1131, 121,  84,   1.7,   0.9,   1.4,  0,  0,  0, 31, 30, 25,  0,  0, 26,  0, 28, 36,  0,  0,  0,  0, 26,  0, 29,  0, 23,  0,  0,  0, 33,  0,  0,  0, 35,  0,  0,  0
6, 11026, 15,KE8EXM,    11.99, 5,   coast,  -11.28,  85063.00, 1451.26, 1316.45,   51.29, 19.9, 3.99, 3.98, 3.99,  -0.45,  -0.17,   0.12,  75.22,   5.08,   0.13,   0.22,   0.03,  -0.15,   6.34, 4.00, 0.00, 0.00, 0.01, 0.00, 1, 1,  9,  39.7276554, -83.7072872,  1456.0, 2026,  3, 28, 20,  4,  1,      122,     1131, 121,  84,   1.7,   0.9,   1.4,  0,  0,  0, 31, 30, 25,  0,  0, 26,  0, 28, 36,  0,  0,  0,  0, 26,  0, 29,  0, 23,  0,  0,  0, 33,  0,  0,  0, 35,  0,  0,  0
6, 11026, 15,KE8EXM,    12.00, 5,   coast,  -12.26,  85063.00, 1451.26, 1316.45,   51.18, 19.9, 3.99, 3.98, 3.99,  -0.44,  -0.04,   0.21,  74.55,   5.08,   0.44,   0.22,   0.03,  -0.15,   6.34, 4.00, 0.00, 0.00, 0.01, 0.00, 1, 1,  9,  39.7276554, -83.7072872,  1456.0, 2026,  3, 28, 20,  4,  1,      122,     1131, 121,  84,   1.7,   0.9,   1.4,  0,  0,  0, 31, 30, 25,  0,  0, 26,  0, 28, 36,  0,  0,  0,  0, 26,  0, 29,  0, 23,  0,  0,  0, 33,  0,  0,  0, 35,  0,  0,  0
6, 11026, 15,KE8EXM,    12.01, 5,   coast,  -11.28,  85048.00, 1452.69, 1317.89,   51.07, 19.9, 3.99, 3.98, 3.99,  -0.45,  -0.09,   0.10,  74.43,   4.84,   0.56,   0.21,   0.03,  -0.15,   6.34, 4.00, 0.00, 0.00, 0.01, 0.00, 1, 1,  9,  39.7276554, -83.7072872,  1456.0, 2026,  3, 28, 20,  4,  1,      122,     1131, 121,  84,   1.7,   0.9,   1.4,  0,  0,  0, 31, 30, 25,  0,  0, 26,  0, 28, 36,  0,  0,  0,  0, 26,  0, 29,  0, 23,  0,  0,  0, 33,  0,  0,  0, 35,  0,  0,  0
6, 11026, 15,KE8EXM,    12.02, 5,   coast,  -11.28,  85048.00, 1452.69, 1317.89,   50.96, 19.9, 3.99, 3.98, 3.99,  -0.45,  -0.09,   0.24,  74.43,   4.72,   0.87,   0.21,   0.02,  -0.16,   6.34, 4.00, 0.00, 0.00, 0.01, 0.00, 1, 1,  9,  39.7276554, -83.7072872,  1456.0, 2026,  3, 28, 20,  4,  1,      122,     1131, 121,  84,   1.7,   0.9,   1.4,  0,  0,  0, 31, 30, 25,  0,  0, 26,  0, 28, 36,  0,  0,  0,  0, 26,  0, 29,  0, 23,  0,  0,  0, 33,  0,  0,  0, 35,  0,  0,  0
6, 11026, 15,KE8EXM,    12.03, 5,   coast,  -10.30,  85047.00, 1452.79, 1317.98,   50.85, 19.9, 3.99, 3.98, 3.99,  -0.43,  -0.06,   0.01,  73.81,   4.53,   0.93,   0.22,   0.02,  -0.16,   6.34, 4.00, 0.00, 0.00, 0.01, 0.00, 1, 1,  9,  39.7276554, -83.7072872,  1456.0, 2026,  3, 28, 20,  4,  1,      122,     1131, 121,  84,   1.7,   0.9,   1.4,  0,  0,  0, 31, 30, 25,  0,  0, 26,  0, 28, 36,  0,  0,  0,  0, 26,  0, 29,  0, 23,  0,  0,  0, 33,  0,  0,  0, 35,  0,  0,  0
6, 11026, 15,KE8EXM,    12.04, 5,   coast,   -9.32,  85047.00, 1452.79, 1317.98,   50.74, 19.9, 3.99, 3.98, 3.99,  -0.40,  -0.01,   0.30,  73.57,   4.84,   1.11,   0.21,   0.02,  -0.16,   6.35, 4.00, 0.00, 0.00, 0.01, 0.00, 1, 1,  9,  39.7276554, -83.7072872,  1456.0, 2026,  3, 28, 20,  4,  1,      122,     1131, 121,  84,   1.7,   0.9,   1.4,  0,  0,  0, 31, 30, 25,  0,  0, 26,  0, 28, 36,  0,  0,  0,  0, 26,  0, 29,  0, 23,  0,  0,  0, 33,  0,  0,  0, 35,  0,  0,  0
6, 11026, 15,KE8EXM,    12.05, 5,   coast,  -11.77,  85034.00, 1454.04, 1319.23,   50.63, 19.9, 3.99, 3.98, 3.99,  -0.41,  -0.07,   0.07,  73.51,   4.66,   1.42,   0.21,   0.02,  -0.16,   6.35, 4.00, 0.00, 0.00, 0.01, 0.00, 1, 1,  9,  39.7276554, -83.7072872,  1456.0, 2026,  3, 28, 20,  4,  1,      122,     1131, 121,  84,   1.7,   0.9,   1.4,  0,  0,  0, 31, 30, 25,  0,  0, 26,  0, 28, 36,  0,  0,  0,  0, 26,  0, 29,  0, 23,  0,  0,  0, 33,  0,  0,  0, 35,  0,  0,  0
6, 11026, 15,KE8EXM,    12.06, 5,   coast,  -11.77,  85034.00, 1454.04, 1319.23,   50.53, 19.9, 3.99, 3.98, 3.99,  -0.42,  -0.16,   0.20,  73.57,   4.23,   1.17,   0.21,   0.01,  -0.16,   6.36, 4.00, 0.00, 0.00, 0.01, 0.00, 1, 1,  9,  39.7276554, -83.7072872,  1456.0, 2026,  3, 28, 20,  4,  1,      122,     1131, 121,  84,   1.7,   0.9,   1.4,  0,  0,  0, 31, 30, 25,  0,  0, 26,  0, 28, 36,  0,  0,  0,  0, 26,  0, 29,  0, 23,  0,  0,  0, 33,  0,  0,  0, 35,  0,  0,  0
6, 11026, 15,KE8EXM,    12.07, 5,   coast,  -10.30,  85012.00, 1456.15, 1321.34,   50.42, 19.9, 3.99, 3.98, 3.99,  -0.43,  -0.09,   0.24,  73.02,   4.59,   1.48,   0.21,   0.01,  -0.16,   6.37, 4.00, 0.00, 0.00, 0.01, 0.00, 1, 1,  9,  39.7276554, -83.7072872,  1456.0, 2026,  3, 28, 20,  4,  1,      122,     1131, 121,  84,   1.7,   0.9,   1.4,  0,  0,  0, 31, 30, 25,  0,  0, 26,  0, 28, 36,  0,  0,  0,  0, 26,  0, 29,  0, 23,  0,  0,  0, 33,  0,  0,  0, 35,  0,  0,  0
6, 11026, 15,KE8EXM,    12.08, 5,   coast,   -8.83,  85012.00, 1456.15, 1321.34,   50.32, 19.9, 3.99, 3.98, 3.99,  -0.45,  -0.08,   0.06,  72.96,   4.29,   1.29,   0.21,   0.01,  -0.16,   6.37, 4.00, 0.00, 0.00, 0.01, 0.00, 1, 1,  9,  39.7276554, -83.7072872,  1456.0, 2026,  3, 28, 20,  4,  1,      122,     1131, 121,  84,   1.7,   0.9,   1.4,  0,  0,  0, 31, 30, 25,  0,  0, 26,  0, 28, 36,  0,  0,  0,  0, 26,  0, 29,  0, 23,  0,  0,  0, 33,  0,  0,  0, 35,  0,  0,  0
6, 11026, 15,KE8EXM,    12.09, 5,   coast,  -11.28,  85013.00, 1456.05, 1321.25,   50.21, 19.9, 3.99, 3.98, 3.99,  -0.45,  -0.07,   0.16,  72.84,   4.47,   1.36,   0.21,   0.01,  -0.16,   6.38, 4.00, 0.00, 0.00, 0.01, 0.00, 1, 1,  9,  39.7276554, -83.7072872,  1456.0, 2026,  3, 28, 20,  4,  1,      122,     1131, 121,  84,   1.7,   0.9,   1.4,  0,  0,  0, 31, 30, 25,  0,  0, 26,  0, 28, 36,  0,  0,  0,  0, 26,  0, 29,  0, 23,  0,  0,  0, 33,  0,  0,  0, 35,  0,  0,  0
6, 11026, 15,KE8EXM,    12.10, 5,   coast,  -10.79,  85013.00, 1456.05, 1321.25,   50.10, 19.9, 3.99, 3.98, 3.99,  -0.41,  -0.10,   0.14,  72.53,   4.29,   1.60,   0.21,   0.01,  -0.17,   6.39, 4.00, 0.00, 0.00, 0.01, 0.00, 1, 1,  9,  39.7276554, -83.7072872,  1456.0, 2026,  3, 28, 20,  4,  1,      122,     1131, 121,  84,   1.7,   0.9,   1.4,  0,  0,  0, 31, 30, 25,  0,  0, 26,  0, 28, 36,  0,  0,  0,  0, 26,  0, 29,  0, 23,  0,  0,  0, 33,  0,  0,  0, 35,  0,  0,  0
6, 11026, 15,KE8EXM,    12.11, 5,   coast,  -10.79,  85002.00, 1457.11, 1322.30,   50.00, 19.9, 3.99, 3.98, 3.99,  -0.40,  -0.06,   0.29,  72.35,   4.11,   1.72,   0.21,   0.01,  -0.17,   6.40, 4.00, 0.00, 0.00, 0.01, 0.00, 1, 1,  9,  39.7276554, -83.7072872,  1456.0, 2026,  3, 28, 20,  4,  1,      122,     1131, 121,  84,   1.7,   0.9,   1.4,  0,  0,  0, 31, 30, 25,  0,  0, 26,  0, 28, 36,  0,  0,  0,  0, 26,  0, 29,  0, 23,  0,  0,  0, 33,  0,  0,  0, 35,  0,  0,  0
6, 11026, 15,KE8EXM,    12.12, 5,   coast,  -10.79,  85002.00, 1457.11, 1322.30,   49.89, 19.9, 3.99, 3.98, 3.99,  -0.46,  -0.12,   0.12,  72.04,   4.17,   1.78,   0.21,   0.00,  -0.17,   6.41, 4.00, 0.00, 0.00, 0.01, 0.00, 1, 1,  9,  39.7276554, -83.7072872,  1456.0, 2026,  3, 28, 20,  4,  1,      122,     1131, 121,  84,   1.7,   0.9,   1.4,  0,  0,  0, 31, 30, 25,  0,  0, 26,  0, 28, 36,  0,  0,  0,  0, 26,  0, 29,  0, 23,  0,  0,  0, 33,  0,  0,  0, 35,  0,  0,  0
6, 11026, 15,KE8EXM,    12.12, 5,   coast,  -10.79,  85002.00, 1457.11, 1322.30,   49.89, 19.9, 3.99, 3.98, 3.99,  -0.46,  -0.12,   0.12,  72.04,   4.17,   1.78,   0.21,   0.00,  -0.17,   6.41, 4.00, 0.00, 0.00, 0.01, 0.00, 1, 1,  9,  39.7276554, -83.7072872,  1456.0, 2026,  3, 28, 20,  4,  1,      122,     1131, 121,  84,   1.7,   0.9,   1.4,  0,  0,  0, 31, 30, 25,  0,  0, 26,  0, 28, 36,  0,  0,  0,  0, 26,  0, 29,  0, 23,  0,  0,  0, 33,  0,  0,  0, 35,  0,  0,  0
6, 11026, 15,KE8EXM,    12.12, 5,   coast,  -10.79,  85002.00, 1457.11, 1322.30,   49.89, 19.9, 3.99, 3.98, 3.99,  -0.46,  -0.12,   0.12,  72.04,   4.17,   1.78,   0.21,   0.00,  -0.17,   6.41, 4.00, 0.00, 0.00, 0.01, 0.00, 1, 1,  9,  39.7276554, -83.7072872,  1456.0, 2026,  3, 28, 20,  4,  1,      122,     1131, 121,  84,   1.7,   0.9,   1.4,  0,  0,  0, 31, 30, 25,  0,  0, 26,  0, 28, 36,  0,  0,  0,  0, 26,  0, 29,  0, 23,  0,  0,  0, 33,  0,  0,  0, 35,  0,  0,  0
6, 11026, 15,KE8EXM,    12.13, 5,   coast,  -10.30,  84988.00, 1458.45, 1323.65,   49.78, 19.9, 3.99, 3.98, 3.99,  -0.40,   0.01,   0.11,  71.86,   4.11,   1.90,   0.21,   0.00,  -0.17,   6.42, 4.00, 0.00, 0.00, 0.01, 0.00, 1, 1, 10,  39.7274338, -83.7073172,  1524.0, 2026,  3, 28, 20,  4,  2,      135,     1200, 130,  84,   1.6,   0.9,   1.4,  0,  0,  0, 25, 35, 26,  0,  0, 25,  0, 25, 34,  0,  0,  0,  0, 35,  0, 34,  0, 37,  0,  0,  0, 33,  0,  0,  0, 32,  0,  0,  0
6, 11026, 15,KE8EXM,    12.14, 5,   coast,  -11.28,  84988.00, 1458.45, 1323.65,   49.67, 19.9, 3.99, 3.98, 3.99,  -0.39,  -0.09,   0.20,  71.86,   3.92,   1.78,   0.21,  -0.00,  -0.17,   6.43, 4.00, 0.00, 0.00, 0.01, 0.00, 1, 1, 10,  39.7274338, -83.7073172,  1524.0, 2026,  3, 28, 20,  4,  2,      135,     1200, 130,  84,   1.6,   0.9,   1.4,  0,  0,  0, 25, 35, 26,  0,  0, 25,  0, 25, 34,  0,  0,  0,  0, 35,  0, 34,  0, 37,  0,  0,  0, 33,  0,  0,  0, 32,  0,  0,  0
6, 11026, 15,KE8EXM,    12.15, 5,   coast,  -10.79,  84977.00, 1459.51, 1324.70,   49.57, 19.9, 3.99, 3.98, 3.99,  -0.33,  -0.06,   0.04,  71.31,   4.17,   2.09,   0.21,  -0.00,  -0.17,   6.44, 4.00, 0.00, 0.00, 0.01, 0.00, 1, 1, 10,  39.7274338, -83.7073172,  1524.0, 2026,  3, 28, 20,  4,  2,      135,     1200, 130,  84,   1.6,   0.9,   1.4,  0,  0,  0, 25, 35, 26,  0,  0, 25,  0, 25, 34,  0,  0,  0,  0, 35,  0, 34,  0, 37,  0,  0,  0, 33,  0,  0,  0, 32,  0,  0,  0
6, 11026, 15,KE8EXM,    12.16, 5,   coast,  -11.28,  84977.00, 1459.51, 1324.70,   49.45, 19.9, 3.99, 3.98, 3.99,  -0.39,  -0.22,   0.27,  71.31,   3.98,   2.27,   0.21,  -0.01,  -0.17,   6.46, 4.00, 0.00, 0.00, 0.01, 0.00, 1, 1, 10,  39.7274338, -83.7073172,  1524.0, 2026,  3, 28, 20,  4,  2,      135,     1200, 130,  84,   1.6,   0.9,   1.4,  0,  0,  0, 25, 35, 26,  0,  0, 25,  0, 25, 34,  0,  0,  0,  0, 35,  0, 34,  0, 37,  0,  0,  0, 33,  0,  0,  0, 32,  0,  0,  0
6, 11026, 15,KE8EXM,    12.17, 5,   coast,  -10.79,  84973.00, 1459.89, 1325.09,   49.34, 19.9, 3.99, 3.98, 3.99,  -0.38,  -0.04,   0.11,  70.89,   4.11,   2.09,   0.21,  -0.01,  -0.17,   6.47, 4.00, 0.00, 0.00, 0.01, 0.00, 1, 1, 10,  39.7274338, -83.7073172,  1524.0, 2026,  3, 28, 20,  4,  2,      135,     1200, 130,  84,   1.6,   0.9,   1.4,  0,  0,  0, 25, 35, 26,  0,  0, 25,  0, 25, 34,  0,  0,  0,  0, 35,  0, 34,  0, 37,  0,  0,  0, 33,  0,  0,  0, 32,  0,  0,  0
6, 11026, 15,KE8EXM,    12.18, 5,   coast,  -11.77,  84973.00, 1459.89, 1325.09,   49.23, 19.9, 4.03, 4.01, 4.02,  -0.38,  -0.19,   0.15,  71.07,   3.50,   2.39,   0.21,  -0.01,  -0.17,   6.49, 4.03, 0.00, 0.00, 0.01, 0.00, 1, 1, 10,  39.7274338, -83.7073172,  1524.0, 2026,  3, 28, 20,  4,  2,      135,     1200, 130,  84,   1.6,   0.9,   1.4,  0,  0,  0, 25, 35, 26,  0,  0, 25,  0, 25, 34,  0,  0,  0,  0, 35,  0, 34,  0, 37,  0,  0,  0, 33,  0,  0,  0, 32,  0,  0,  0
6, 11026, 15,KE8EXM,    12.18, 5,   coast,  -11.77,  84973.00, 1459.89, 1325.09,   49.23, 19.9, 4.03, 4.01, 4.02,  -0.38,  -0.19,   0.15,  71.07,   3.50,   2.39,   0.21,  -0.01,  -0.17,   6.49, 4.03, 0.00, 0.00, 0.01, 0.00, 1, 1, 10,  39.7274338, -83.7073172,  1524.0, 2026,  3, 28, 20,  4,  2,      135,     1200, 130,  84,   1.6,   0.9,   1.4,  0,  0,  0, 25, 35, 26,  0,  0, 25,  0, 25, 34,  0,  0,  0,  0, 35,  0, 34,  0, 37,  0,  0,  0, 33,  0,  0,  0, 32,  0,  0,  0
6, 11026, 15,KE8EXM,    12.19, 5,   coast,  -12.26,  84963.00, 1460.85, 1326.05,   49.12, 19.9, 4.03, 4.01, 4.02,  -0.37,  -0.02,   0.17,  70.21,   3.74,   2.39,   0.21,  -0.01,  -0.17,   6.50, 4.03, 0.00, 0.00, 0.01, 0.00, 1, 1, 10,  39.7274338, -83.7073172,  1524.0, 2026,  3, 28, 20,  4,  2,      135,     1200, 130,  84,   1.6,   0.9,   1.4,  0,  0,  0, 25, 35, 26,  0,  0, 25,  0, 25, 34,  0,  0,  0,  0, 35,  0, 34,  0, 37,  0,  0,  0, 33,  0,  0,  0, 32,  0,  0,  0
6, 11026, 15,KE8EXM,    12.20, 5,   coast,   -9.81,  84963.00, 1460.85, 1326.05,   49.01, 19.9, 4.03, 4.01, 4.02,  -0.40,  -0.17,   0.08,  70.76,   3.56,   2.39,   0.21,  -0.02,  -0.18,   6.52, 4.03, 0.00, 0.00, 0.01, 0.00, 1, 1, 10,  39.7274338, -83.7073172,  1524.0, 2026,  3, 28, 20,  4,  2,      135,     1200, 130,  84,   1.6,   0.9,   1.4,  0,  0,  0, 25, 35, 26,  0,  0, 25,  0, 25, 34,  0,  0,  0,  0, 35,  0, 34,  0, 37,  0,  0,  0, 33,  0,  0,  0, 32,  0,  0,  0
6, 11026, 15,KE8EXM,    12.21, 5,   coast,  -10.30,  84950.00, 1462.10, 1327.29,   48.90, 19.9, 4.03, 4.01, 4.02,  -0.40,  -0.11,   0.30,  70.03,   3.92,   2.58,   0.21,  -0.02,  -0.18,   6.53, 4.03, 0.00, 0.00, 0.01, 0.00, 1, 1, 10,  39.7274338, -83.7073172,  1524.0, 2026,  3, 28, 20,  4,  2,      135,     1200, 130,  84,   1.6,   0.9,   1.4,  0,  0,  0, 25, 35, 26,  0,  0, 25,  0, 25, 34,  0,  0,  0,  0, 35,  0, 34,  0, 37,  0,  0,  0, 33,  0,  0,  0, 32,  0,  0,  0
6, 11026, 15,KE8EXM,    12.22, 5,   coast,  -12.26,  84950.00, 1462.10, 1327.29,   48.80, 19.9, 4.03, 4.01, 4.02,  -0.47,  -0.11,   0.10,  70.34,   3.37,   2.58,   0.21,  -0.02,  -0.18,   6.55, 4.03, 0.00, 0.00, 0.01, 0.00, 1, 1, 10,  39.7274338, -83.7073172,  1524.0, 2026,  3, 28, 20,  4,  2,      135,     1200, 130,  84,   1.6,   0.9,   1.4,  0,  0,  0, 25, 35, 26,  0,  0, 25,  0, 25, 34,  0,  0,  0,  0, 35,  0, 34,  0, 37,  0,  0,  0, 33,  0,  0,  0, 32,  0,  0,  0
6, 11026, 15,KE8EXM,    12.23, 5,   coast,   -8.83,  84951.00, 1462.00, 1327.20,   48.69, 19.9, 4.03, 4.01, 4.02,  -0.42,  -0.12,   0.29,  69.66,   3.37,   2.64,   0.21,  -0.02,  -0.18,   6.57, 4.03, 0.00, 0.00, 0.01, 0.00, 1, 1, 10,  39.7274338, -83.7073172,  1524.0, 2026,  3, 28, 20,  4,  2,      135,     1200, 130,  84,   1.6,   0.9,   1.4,  0,  0,  0, 25, 35, 26,  0,  0, 25,  0, 25, 34,  0,  0,  0,  0, 35,  0, 34,  0, 37,  0,  0,  0, 33,  0,  0,  0, 32,  0,  0,  0
6, 11026, 15,KE8EXM,    12.24, 5,   coast,  -10.30,  84951.00, 1462.00, 1327.20,   48.59, 19.9, 4.03, 4.01, 4.02,  -0.42,  -0.12,   0.12,  69.85,   2.95,   2.45,   0.21,  -0.02,  -0.18,   6.59, 4.03, 0.00, 0.00, 0.01, 0.00, 1, 1, 10,  39.7274338, -83.7073172,  1524.0, 2026,  3, 28, 20,  4,  2,      135,     1200, 130,  84,   1.6,   0.9,   1.4,  0,  0,  0, 25, 35, 26,  0,  0, 25,  0, 25, 34,  0,  0,  0,  0, 35,  0, 34,  0, 37,  0,  0,  0, 33,  0,  0,  0, 32,  0,  0,  0
6, 11026, 15,KE8EXM,    12.25, 5,   coast,   -9.32,  84935.00, 1463.54, 1328.73,   48.49, 19.9, 4.03, 4.01, 4.02,  -0.36,  -0.05,   0.32,  69.54,   2.95,   2.70,   0.21,  -0.02,  -0.18,   6.61, 4.03, 0.00, 0.00, 0.01, 0.00, 1, 1, 10,  39.7274338, -83.7073172,  1524.0, 2026,  3, 28, 20,  4,  2,      135,     1200, 130,  84,   1.6,   0.9,   1.4,  0,  0,  0, 25, 35, 26,  0,  0, 25,  0, 25, 34,  0,  0,  0,  0, 35,  0, 34,  0, 37,  0,  0,  0, 33,  0,  0,  0, 32,  0,  0,  0
6, 11026, 15,KE8EXM,    12.26, 5,   coast,  -10.79,  84935.00, 1463.54, 1328.73,   48.39, 19.9, 4.03, 4.01, 4.02,  -0.43,  -0.19,   0.13,  69.66,   2.89,   2.76,   0.21,  -0.03,  -0.18,   6.62, 4.03, 0.00, 0.00, 0.01, 0.00, 1, 1, 10,  39.7274338, -83.7073172,  1524.0, 2026,  3, 28, 20,  4,  2,      135,     1200, 130,  84,   1.6,   0.9,   1.4,  0,  0,  0, 25, 35, 26,  0,  0, 25,  0, 25, 34,  0,  0,  0,  0, 35,  0, 34,  0, 37,  0,  0,  0, 33,  0,  0,  0, 32,  0,  0,  0
6, 11026, 15,KE8EXM,    12.27, 5,   coast,  -10.79,  84913.00, 1465.65, 1330.85,   48.28, 19.9, 4.03, 4.01, 4.02,  -0.40,  -0.07,   0.27,  69.24,   3.01,   2.70,   0.21,  -0.03,  -0.18,   6.64, 4.03, 0.00, 0.00, 0.01, 0.00, 1, 1, 10,  39.7274338, -83.7073172,  1524.0, 2026,  3, 28, 20,  4,  2,      135,     1200, 130,  84,   1.6,   0.9,   1.4,  0,  0,  0, 25, 35, 26,  0,  0, 25,  0, 25, 34,  0,  0,  0,  0, 35,  0, 34,  0, 37,  0,  0,  0, 33,  0,  0,  0, 32,  0,  0,  0
6, 11026, 15,KE8EXM,    12.28, 5,   coast,   -9.81,  84913.00, 1465.65, 1330.85,   48.18, 19.9, 4.03, 4.01, 4.02,  -0.37,  -0.12,   0.18,  69.36,   2.95,   2.82,   0.21,  -0.03,  -0.18,   6.66, 4.03, 0.00, 0.00, 0.01, 0.00, 1, 1, 10,  39.7274338, -83.7073172,  1524.0, 2026,  3, 28, 20,  4,  2,      135,     1200, 130,  84,   1.6,   0.9,   1.4,  0,  0,  0, 25, 35, 26,  0,  0, 25,  0, 25, 34,  0,  0,  0,  0, 35,  0, 34,  0, 37,  0,  0,  0, 33,  0,  0,  0, 32,  0,  0,  0
6, 11026, 15,KE8EXM,    12.29, 5,   coast,   -9.81,  84917.00, 1465.27, 1330.46,   48.08, 19.9, 4.03, 4.01, 4.02,  -0.32,  -0.11,   0.10,  68.81,   3.25,   3.06,   0.21,  -0.03,  -0.18,   6.68, 4.03, 0.00, 0.00, 0.01, 0.00, 1, 1, 10,  39.7274338, -83.7073172,  1524.0, 2026,  3, 28, 20,  4,  2,      135,     1200, 130,  84,   1.6,   0.9,   1.4,  0,  0,  0, 25, 35, 26,  0,  0, 25,  0, 25, 34,  0,  0,  0,  0, 35,  0, 34,  0, 37,  0,  0,  0, 33,  0,  0,  0, 32,  0,  0,  0
6, 11026, 15,KE8EXM,    12.30, 5,   coast,  -11.28,  84917.00, 1465.27, 1330.46,   47.98, 19.9, 4.03, 4.01, 4.02,  -0.40,  -0.19,   0.10,  69.18,   2.82,   3.06,   0.21,  -0.04,  -0.18,   6.70, 4.03, 0.00, 0.00, 0.01, 0.00, 1, 1, 10,  39.7274338, -83.7073172,  1524.0, 2026,  3, 28, 20,  4,  2,      135,     1200, 130,  84,   1.6,   0.9,   1.4,  0,  0,  0, 25, 35, 26,  0,  0, 25,  0, 25, 34,  0,  0,  0,  0, 35,  0, 34,  0, 37,  0,  0,  0, 33,  0,  0,  0, 32,  0,  0,  0
6, 11026, 15,KE8EXM,    12.31, 5,   coast,   -9.32,  84904.00, 1466.52, 1331.71,   47.87, 19.9, 4.03, 4.01, 4.02,  -0.34,  -0.21,   0.14,  69.18,   3.01,   3.13,   0.21,  -0.04,  -0.18,   6.73, 4.03, 0.00, 0.00, 0.01, 0.00, 1, 1, 10,  39.7274338, -83.7073172,  1524.0, 2026,  3, 28, 20,  4,  2,      135,     1200, 130,  84,   1.6,   0.9,   1.4,  0,  0,  0, 25, 35, 26,  0,  0, 25,  0, 25, 34,  0,  0,  0,  0, 35,  0, 34,  0, 37,  0,  0,  0, 33,  0,  0,  0, 32,  0,  0,  0
6, 11026, 15,KE8EXM,    12.32, 5,   coast,  -11.28,  84904.00, 1466.52, 1331.71,   47.77, 19.9, 4.03, 4.01, 4.02,  -0.36,  -0.09,   0.11,  68.38,   2.21,   3.19,   0.21,  -0.04,  -0.18,   6.75, 4.03, 0.00, 0.00, 0.01, 0.00, 1, 1, 10,  39.7274338, -83.7073172,  1524.0, 2026,  3, 28, 20,  4,  2,      135,     1200, 130,  84,   1.6,   0.9,   1.4,  0,  0,  0, 25, 35, 26,  0,  0, 25,  0, 25, 34,  0,  0,  0,  0, 35,  0, 34,  0, 37,  0,  0,  0, 33,  0,  0,  0, 32,  0,  0,  0
6, 11026, 15,KE8EXM,    12.33, 5,   coast,   -9.81,  84900.00, 1466.90, 1332.10,   47.67, 19.9, 4.03, 4.01, 4.02,  -0.38,  -0.14,   0.22,  68.75,   2.28,   3.06,   0.21,  -0.04,  -0.18,   6.77, 4.03, 0.00, 0.00, 0.01, 0.00, 1, 1, 10,  39.7274338, -83.7073172,  1524.0, 2026,  3, 28, 20,  4,  2,      135,     1200, 130,  84,   1.6,   0.9,   1.4,  0,  0,  0, 25, 35, 26,  0,  0, 25,  0, 25, 34,  0,  0,  0,  0, 35,  0, 34,  0, 37,  0,  0,  0, 33,  0,  0,  0, 32,  0,  0,  0
6, 11026, 15,KE8EXM,    12.34, 5,   coast,   -9.81,  84900.00, 1466.90, 1332.10,   47.57, 19.9, 4.03, 4.01, 4.02,  -0.35,  -0.14,   0.19,  68.08,   2.28,   3.19,   0.21,  -0.05,  -0.19,   6.79, 4.03, 0.00, 0.00, 0.01, 0.00, 1, 1, 10,  39.7274338, -83.7073172,  1524.0, 2026,  3, 28, 20,  4,  2,      135,     1200, 130,  84,   1.6,   0.9,   1.4,  0,  0,  0, 25, 35, 26,  0,  0, 25,  0, 25, 34,  0,  0,  0,  0, 35,  0, 34,  0, 37,  0,  0,  0, 33,  0,  0,  0, 32,  0,  0,  0
6, 11026, 15,KE8EXM,    12.35, 5,   coast,   -9.81,  84905.00, 1466.42, 1331.62,   47.46, 19.9, 4.03, 4.01, 4.02,  -0.36,  -0.14,   0.24,  68.32,   2.52,   3.19,   0.21,  -0.05,  -0.19,   6.82, 4.03, 0.00, 0.00, 0.01, 0.00, 1, 1, 10,  39.7274338, -83.7073172,  1524.0, 2026,  3, 28, 20,  4,  2,      135,     1200, 130,  84,   1.6,   0.9,   1.4,  0,  0,  0, 25, 35, 26,  0,  0, 25,  0, 25, 34,  0,  0,  0,  0, 35,  0, 34,  0, 37,  0,  0,  0, 33,  0,  0,  0, 32,  0,  0,  0
6, 11026, 15,KE8EXM,    12.36, 5,   coast,  -10.79,  84905.00, 1466.42, 1331.62,   47.36, 19.9, 4.03, 4.01, 4.02,  -0.38,  -0.17,   0.15,  67.96,   2.76,   3.61,   0.21,  -0.05,  -0.19,   6.84, 4.03, 0.00, 0.00, 0.01, 0.00, 1, 1, 10,  39.7274338, -83.7073172,  1524.0, 2026,  3, 28, 20,  4,  2,      135,     1200, 130,  84,   1.6,   0.9,   1.4,  0,  0,  0, 25, 35, 26,  0,  0, 25,  0, 25, 34,  0,  0,  0,  0, 35,  0, 34,  0, 37,  0,  0,  0, 33,  0,  0,  0, 32,  0,  0,  0
6, 11026, 15,KE8EXM,    12.37, 5,   coast,  -10.79,  84881.00, 1468.73, 1333.92,   47.26, 19.9, 4.03, 4.01, 4.02,  -0.29,  -0.11,   0.22,  67.89,   2.09,   3.31,   0.21,  -0.05,  -0.19,   6.87, 4.03, 0.00, 0.00, 0.01, 0.00, 1, 1, 10,  39.7274338, -83.7073172,  1524.0, 2026,  3, 28, 20,  4,  2,      135,     1200, 130,  84,   1.6,   0.9,   1.4,  0,  0,  0, 25, 35, 26,  0,  0, 25,  0, 25, 34,  0,  0,  0,  0, 35,  0, 34,  0, 37,  0,  0,  0, 33,  0,  0,  0, 32,  0,  0,  0
6, 11026, 15,KE8EXM,    12.38, 5,   coast,  -11.28,  84881.00, 1468.73, 1333.92,   47.15, 19.9, 4.03, 4.01, 4.02,  -0.32,  -0.17,   0.09,  67.47,   2.34,   3.25,   0.21,  -0.05,  -0.19,   6.89, 4.03, 0.00, 0.00, 0.01, 0.00, 1, 1, 10,  39.7274338, -83.7073172,  1524.0, 2026,  3, 28, 20,  4,  2,      135,     1200, 130,  84,   1.6,   0.9,   1.4,  0,  0,  0, 25, 35, 26,  0,  0, 25,  0, 25, 34,  0,  0,  0,  0, 35,  0, 34,  0, 37,  0,  0,  0, 33,  0,  0,  0, 32,  0,  0,  0
6, 11026, 15,KE8EXM,    12.39, 5,   coast,  -10.79,  84870.00, 1469.78, 1334.98,   47.04, 19.9, 4.03, 4.01, 4.02,  -0.42,  -0.21,   0.22,  67.77,   1.79,   3.06,   0.21,  -0.06,  -0.19,   6.91, 4.03, 0.00, 0.00, 0.01, 0.00, 1, 1, 10,  39.7274338, -83.7073172,  1524.0, 2026,  3, 28, 20,  4,  2,      135,     1200, 130,  84,   1.6,   0.9,   1.4,  0,  0,  0, 25, 35, 26,  0,  0, 25,  0, 25, 34,  0,  0,  0,  0, 35,  0, 34,  0, 37,  0,  0,  0, 33,  0,  0,  0, 32,  0,  0,  0
6, 11026, 15,KE8EXM,    12.40, 5,   coast,   -9.32,  84870.00, 1469.78, 1334.98,   46.94, 19.9, 4.03, 4.01, 4.02,  -0.35,  -0.14,   0.13,  67.28,   2.34,   3.31,   0.21,  -0.06,  -0.19,   6.93, 4.03, 0.00, 0.00, 0.01, 0.00, 1, 1, 10,  39.7274338, -83.7073172,  1524.0, 2026,  3, 28, 20,  4,  2,      135,     1200, 130,  84,   1.6,   0.9,   1.4,  0,  0,  0, 25, 35, 26,  0,  0, 25,  0, 25, 34,  0,  0,  0,  0, 35,  0, 34,  0, 37,  0,  0,  0, 33,  0,  0,  0, 32,  0,  0,  0
6, 11026, 15,KE8EXM,    12.41, 5,   coast,  -10.30,  84861.00, 1470.65, 1335.84,   46.84, 19.9, 4.03, 4.01, 4.02,  -0.36,  -0.26,   0.17,  67.28,   1.79,   3.31,   0.21,  -0.06,  -0.19,   6.96, 4.03, 0.00, 0.00, 0.01, 0.00, 1, 1, 10,  39.7274338, -83.7073172,  1524.0, 2026,  3, 28, 20,  4,  2,      135,     1200, 130,  84,   1.6,   0.9,   1.4,  0,  0,  0, 25, 35, 26,  0,  0, 25,  0, 25, 34,  0,  0,  0,  0, 35,  0, 34,  0, 37,  0,  0,  0, 33,  0,  0,  0, 32,  0,  0,  0
6, 11026, 15,KE8EXM,    12.42, 5,   coast,  -10.30,  84861.00, 1470.65, 1335.84,   46.74, 19.9, 4.03, 4.01, 4.02,  -0.34,  -0.12,   0.08,  67.04,   1.85,   3.31,   0.21,  -0.07,  -0.19,   6.98, 4.03, 0.00, 0.00, 0.01, 0.00, 1, 1, 10,  39.7274338, -83.7073172,  1524.0, 2026,  3, 28, 20,  4,  2,      135,     1200, 130,  84,   1.6,   0.9,   1.4,  0,  0,  0, 25, 35, 26,  0,  0, 25,  0, 25, 34,  0,  0,  0,  0, 35,  0, 34,  0, 37,  0,  0,  0, 33,  0,  0,  0, 32,  0,  0,  0
6, 11026, 15,KE8EXM,    12.43, 5,   coast,  -10.30,  84853.00, 1471.42, 1336.61,   46.63, 19.9, 4.03, 4.01, 4.02,  -0.33,  -0.20,   0.10,  67.16,   1.91,   3.31,   0.21,  -0.07,  -0.19,   7.01, 4.03, 0.00, 0.00, 0.01, 0.00, 1, 1, 10,  39.7274338, -83.7073172,  1524.0, 2026,  3, 28, 20,  4,  2,      135,     1200, 130,  84,   1.6,   0.9,   1.4,  0,  0,  0, 25, 35, 26,  0,  0, 25,  0, 25, 34,  0,  0,  0,  0, 35,  0, 34,  0, 37,  0,  0,  0, 33,  0,  0,  0, 32,  0,  0,  0
6, 11026, 15,KE8EXM,    12.44, 5,   coast,   -9.81,  84853.00, 1471.42, 1336.61,   46.53, 19.9, 4.03, 4.01, 4.02,  -0.32,  -0.22,   0.11,  66.98,   1.54,   3.43,   0.21,  -0.07,  -0.19,   7.03, 4.03, 0.00, 0.00, 0.01, 0.00, 1, 1, 10,  39.7274338, -83.7073172,  1524.0, 2026,  3, 28, 20,  4,  2,      135,     1200, 130,  84,   1.6,   0.9,   1.4,  0,  0,  0, 25, 35, 26,  0,  0, 25,  0, 25, 34,  0,  0,  0,  0, 35,  0, 34,  0, 37,  0,  0,  0, 33,  0,  0,  0, 32,  0,  0,  0
6, 11026, 15,KE8EXM,    12.45, 5,   coast,  -10.79,  84845.00, 1472.19, 1337.38,   46.43, 19.9, 4.03, 4.01, 4.02,  -0.34,  -0.28,   0.12,  66.86,   1.73,   3.61,   0.21,  -0.07,  -0.19,   7.06, 4.03, 0.00, 0.00, 0.01, 0.00, 1, 1, 10,  39.7274338, -83.7073172,  1524.0, 2026,  3, 28, 20,  4,  2,      135,     1200, 130,  84,   1.6,   0.9,   1.4,  0,  0,  0, 25, 35, 26,  0,  0, 25,  0, 25, 34,  0,  0,  0,  0, 35,  0, 34,  0, 37,  0,  0,  0, 33,  0,  0,  0, 32,  0,  0,  0
6, 11026, 15,KE8EXM,    12.46, 5,   coast,   -9.81,  84845.00, 1472.19, 1337.38,   46.33, 19.9, 4.03, 4.01, 4.02,  -0.34,  -0.17,   0.19,  66.92,   1.42,   3.43,   0.21,  -0.08,  -0.19,   7.09, 4.03, 0.00, 0.00, 0.01, 0.00, 1, 1, 10,  39.7274338, -83.7073172,  1524.0, 2026,  3, 28, 20,  4,  2,      135,     1200, 130,  84,   1.6,   0.9,   1.4,  0,  0,  0, 25, 35, 26,  0,  0, 25,  0, 25, 34,  0,  0,  0,  0, 35,  0, 34,  0, 37,  0,  0,  0, 33,  0,  0,  0, 32,  0,  0,  0
6, 11026, 15,KE8EXM,    12.47, 5,   coast,   -9.81,  84842.00, 1472.47, 1337.67,   46.23, 19.9, 4.03, 4.01, 4.02,  -0.30,  -0.09,   0.18,  66.55,   1.79,   3.31,   0.21,  -0.08,  -0.19,   7.11, 4.03, 0.00, 0.00, 0.01, 0.00, 1, 1, 10,  39.7274338, -83.7073172,  1524.0, 2026,  3, 28, 20,  4,  2,      135,     1200, 130,  84,   1.6,   0.9,   1.4,  0,  0,  0, 25, 35, 26,  0,  0, 25,  0, 25, 34,  0,  0,  0,  0, 35,  0, 34,  0, 37,  0,  0,  0, 33,  0,  0,  0, 32,  0,  0,  0
6, 11026, 15,KE8EXM,    12.48, 5,   coast,   -9.81,  84842.00, 1472.47, 1337.67,   46.13, 19.9, 4.03, 4.01, 4.02,  -0.36,  -0.28,   0.14,  66.67,   1.42,   3.43,   0.21,  -0.08,  -0.19,   7.13, 4.03, 0.00, 0.00, 0.01, 0.00, 1, 1, 10,  39.7274338, -83.7073172,  1524.0, 2026,  3, 28, 20,  4,  2,      135,     1200, 130,  84,   1.6,   0.9,   1.4,  0,  0,  0, 25, 35, 26,  0,  0, 25,  0, 25, 34,  0,  0,  0,  0, 35,  0, 34,  0, 37,  0,  0,  0, 33,  0,  0,  0, 32,  0,  0,  0
6, 11026, 15,KE8EXM,    12.49, 5,   coast,  -10.30,  84831.00, 1473.53, 1338.73,   46.03, 19.9, 4.03, 4.01, 4.02,  -0.30,  -0.20,   0.13,  66.37,   1.54,   3.37,   0.21,  -0.08,  -0.19,   7.16, 4.03, 0.00, 0.00, 0.01, 0.00, 1, 1, 10,  39.7274338, -83.7073172,  1524.0, 2026,  3, 28, 20,  4,  2,      135,     1200, 130,  84,   1.6,   0.9,   1.4,  0,  0,  0, 25, 35, 26,  0,  0, 25,  0, 25, 34,  0,  0,  0,  0, 35,  0, 34,  0, 37,  0,  0,  0, 33,  0,  0,  0, 32,  0,  0,  0
6, 11026, 15,KE8EXM,    12.50, 5,   coast,  -10.79,  84831.00, 1473.53, 1338.73,   45.93, 19.9, 4.03, 4.02, 4.03,  -0.36,  -0.38,   0.11,  66.61,   0.87,   3.49,   0.21,  -0.09,  -0.19,   7.19, 4.04, 0.00, 0.00, 0.00, 0.00, 1, 1, 10,  39.7274338, -83.7073172,  1524.0, 2026,  3, 28, 20,  4,  2,      135,     1200, 130,  84,   1.6,   0.9,   1.4,  0,  0,  0, 25, 35, 26,  0,  0, 25,  0, 25, 34,  0,  0,  0,  0, 35,  0, 34,  0, 37,  0,  0,  0, 33,  0,  0,  0, 32,  0,  0,  0
6, 11026, 15,KE8EXM,    12.50, 5,   coast,  -10.79,  84831.00, 1473.53, 1338.73,   45.93, 19.9, 4.03, 4.02, 4.03,  -0.36,  -0.38,   0.11,  66.61,   0.87,   3.49,   0.21,  -0.09,  -0.19,   7.19, 4.04, 0.00, 0.00, 0.00, 0.00, 1, 1, 10,  39.7274338, -83.7073172,  1524.0, 2026,  3, 28, 20,  4,  2,      135,     1200, 130,  84,   1.6,   0.9,   1.4,  0,  0,  0, 25, 35, 26,  0,  0, 25,  0, 25, 34,  0,  0,  0,  0, 35,  0, 34,  0, 37,  0,  0,  0, 33,  0,  0,  0, 32,  0,  0,  0
6, 11026, 15,KE8EXM,    12.51, 5,   coast,   -9.81,  84823.00, 1474.30, 1339.49,   45.83, 19.9, 4.03, 4.02, 4.03,  -0.31,  -0.09,   0.11,  65.64,   1.48,   3.67,   0.21,  -0.09,  -0.19,   7.21, 4.04, 0.00, 0.00, 0.00, 0.00, 1, 1, 10,  39.7274338, -83.7073172,  1524.0, 2026,  3, 28, 20,  4,  2,      135,     1200, 130,  84,   1.6,   0.9,   1.4,  0,  0,  0, 25, 35, 26,  0,  0, 25,  0, 25, 34,  0,  0,  0,  0, 35,  0, 34,  0, 37,  0,  0,  0, 33,  0,  0,  0, 32,  0,  0,  0
6, 11026, 15,KE8EXM,    12.52, 5,   coast,   -9.32,  84823.00, 1474.30, 1339.49,   45.72, 19.9, 4.03, 4.02, 4.03,  -0.34,  -0.31,   0.10,  66.06,   1.12,   3.61,   0.21,  -0.09,  -0.19,   7.24, 4.04, 0.00, 0.00, 0.00, 0.00, 1, 1, 10,  39.7274338, -83.7073172,  1524.0, 2026,  3, 28, 20,  4,  2,      135,     1200, 130,  84,   1.6,   0.9,   1.4,  0,  0,  0, 25, 35, 26,  0,  0, 25,  0, 25, 34,  0,  0,  0,  0, 35,  0, 34,  0, 37,  0,  0,  0, 33,  0,  0,  0, 32,  0,  0,  0
6, 11026, 15,KE8EXM,    12.53, 5,   coast,  -10.79,  84820.00, 1474.59, 1339.78,   45.62, 19.9, 4.03, 4.02, 4.03,  -0.27,  -0.14,   0.24,  65.51,   1.24,   3.43,   0.20,  -0.09,  -0.19,   7.27, 4.04, 0.00, 0.00, 0.00, 0.00, 1, 1, 10,  39.7274338, -83.7073172,  1524.0, 2026,  3, 28, 20,  4,  2,      135,     1200, 130,  84,   1.6,   0.9,   1.4,  0,  0,  0, 25, 35, 26,  0,  0, 25,  0, 25, 34,  0,  0,  0,  0, 35,  0, 34,  0, 37,  0,  0,  0, 33,  0,  0,  0, 32,  0,  0,  0
6, 11026, 15,KE8EXM,    12.54, 5,   coast,  -10.30,  84820.00, 1474.59, 1339.78,   45.52, 19.9, 4.03, 4.02, 4.03,  -0.39,  -0.32,   0.04,  65.94,   0.93,   3.25,   0.21,  -0.09,  -0.19,   7.29, 4.04, 0.00, 0.00, 0.00, 0.00, 1, 1, 10,  39.7274338, -83.7073172,  1524.0, 2026,  3, 28, 20,  4,  2,      135,     1200, 130,  84,   1.6,   0.9,   1.4,  0,  0,  0, 25, 35, 26,  0,  0, 25,  0, 25, 34,  0,  0,  0,  0, 35,  0, 34,  0, 37,  0,  0,  0, 33,  0,  0,  0, 32,  0,  0,  0
6, 11026, 15,KE8EXM,    12.55, 5,   coast,  -10.30,  84811.00, 1475.45, 1340.65,   45.42, 19.9, 4.03, 4.02, 4.03,  -0.32,  -0.19,   0.27,  65.33,   0.99,   3.37,   0.21,  -0.09,  -0.19,   7.32, 4.04, 0.00, 0.00, 0.00, 0.00, 1, 1, 10,  39.7274338, -83.7073172,  1524.0, 2026,  3, 28, 20,  4,  2,      135,     1200, 130,  84,   1.6,   0.9,   1.4,  0,  0,  0, 25, 35, 26,  0,  0, 25,  0, 25, 34,  0,  0,  0,  0, 35,  0, 34,  0, 37,  0,  0,  0, 33,  0,  0,  0, 32,  0,  0,  0
6, 11026, 15,KE8EXM,    12.56, 5,   coast,  -10.30,  84811.00, 1475.45, 1340.65,   45.31, 19.9, 4.03, 4.02, 4.03,  -0.34,  -0.19,   0.04,  65.45,   0.81,   3.37,   0.21,  -0.10,  -0.18,   7.34, 4.04, 0.00, 0.00, 0.00, 0.00, 1, 1, 10,  39.7274338, -83.7073172,  1524.0, 2026,  3, 28, 20,  4,  2,      135,     1200, 130,  84,   1.6,   0.9,   1.4,  0,  0,  0, 25, 35, 26,  0,  0, 25,  0, 25, 34,  0,  0,  0,  0, 35,  0, 34,  0, 37,  0,  0,  0, 33,  0,  0,  0, 32,  0,  0,  0
6, 11026, 15,KE8EXM,    12.57, 5,   coast,  -10.79,  84795.00, 1476.99, 1342.19,   45.21, 19.9, 4.03, 4.02, 4.03,  -0.29,  -0.28,   0.17,  64.84,   0.75,   3.37,   0.21,  -0.10,  -0.18,   7.37, 4.04, 0.00, 0.00, 0.00, 0.00, 1, 1, 10,  39.7274338, -83.7073172,  1524.0, 2026,  3, 28, 20,  4,  2,      135,     1200, 130,  84,   1.6,   0.9,   1.4,  0,  0,  0, 25, 35, 26,  0,  0, 25,  0, 25, 34,  0,  0,  0,  0, 35,  0, 34,  0, 37,  0,  0,  0, 33,  0,  0,  0, 32,  0,  0,  0
6, 11026, 15,KE8EXM,    12.58, 5,   coast,  -10.79,  84795.00, 1476.99, 1342.19,   45.11, 19.9, 4.03, 4.02, 4.03,  -0.32,  -0.17,   0.01,  65.45,   0.44,   3.13,   0.21,  -0.10,  -0.18,   7.39, 4.04, 0.00, 0.00, 0.00, 0.00, 1, 1, 10,  39.7274338, -83.7073172,  1524.0, 2026,  3, 28, 20,  4,  2,      135,     1200, 130,  84,   1.6,   0.9,   1.4,  0,  0,  0, 25, 35, 26,  0,  0, 25,  0, 25, 34,  0,  0,  0,  0, 35,  0, 34,  0, 37,  0,  0,  0, 33,  0,  0,  0, 32,  0,  0,  0
6, 11026, 15,KE8EXM,    12.59, 5,   coast,   -9.32,  84789.00, 1477.57, 1342.76,   45.01, 19.9, 4.03, 4.02, 4.03,  -0.32,  -0.34,   0.11,  65.03,   0.87,   3.19,   0.21,  -0.11,  -0.18,   7.42, 4.04, 0.00, 0.00, 0.00, 0.00, 1, 1, 10,  39.7274338, -83.7073172,  1524.0, 2026,  3, 28, 20,  4,  2,      135,     1200, 130,  84,   1.6,   0.9,   1.4,  0,  0,  0, 25, 35, 26,  0,  0, 25,  0, 25, 34,  0,  0,  0,  0, 35,  0, 34,  0, 37,  0,  0,  0, 33,  0,  0,  0, 32,  0,  0,  0
6, 11026, 15,KE8EXM,    12.60, 5,   coast,   -9.81,  84789.00, 1477.57, 1342.76,   44.91, 19.9, 4.03, 4.02, 4.03,  -0.34,  -0.11,   0.03,  65.21,   0.69,   3.37,   0.21,  -0.11,  -0.18,   7.44, 4.04, 0.00, 0.00, 0.00, 0.00, 1, 1, 10,  39.7274338, -83.7073172,  1524.0, 2026,  3, 28, 20,  4,  2,      135,     1200, 130,  84,   1.6,   0.9,   1.4,  0,  0,  0, 25, 35, 26,  0,  0, 25,  0, 25, 34,  0,  0,  0,  0, 35,  0, 34,  0, 37,  0,  0,  0, 33,  0,  0,  0, 32,  0,  0,  0
6, 11026, 15,KE8EXM,    12.61, 5,   coast,   -9.81,  84783.00, 1478.15, 1343.34,   44.81, 19.9, 4.03, 4.02, 4.03,  -0.28,  -0.24,   0.12,  64.48,   0.63,   3.31,   0.20,  -0.11,  -0.18,   7.47, 4.04, 0.00, 0.00, 0.00, 0.00, 1, 1, 10,  39.7274338, -83.7073172,  1524.0, 2026,  3, 28, 20,  4,  2,      135,     1200, 130,  84,   1.6,   0.9,   1.4,  0,  0,  0, 25, 35, 26,  0,  0, 25,  0, 25, 34,  0,  0,  0,  0, 35,  0, 34,  0, 37,  0,  0,  0, 33,  0,  0,  0, 32,  0,  0,  0
6, 11026, 15,KE8EXM,    12.62, 5,   coast,   -9.32,  84783.00, 1478.15, 1343.34,   44.71, 19.9, 4.03, 4.02, 4.03,  -0.29,  -0.14,   0.17,  64.96,   0.63,   3.19,   0.21,  -0.11,  -0.18,   7.49, 4.04, 0.00, 0.00, 0.00, 0.00, 1, 1, 10,  39.7274338, -83.7073172,  1524.0, 2026,  3, 28, 20,  4,  2,      135,     1200, 130,  84,   1.6,   0.9,   1.4,  0,  0,  0, 25, 35, 26,  0,  0, 25,  0, 25, 34,  0,  0,  0,  0, 35,  0, 34,  0, 37,  0,  0,  0, 33,  0,  0,  0, 32,  0,  0,  0
6, 11026, 15,KE8EXM,    12.63, 5,   coast,  -10.79,  84775.00, 1478.92, 1344.11,   44.61, 19.9, 4.03, 4.02, 4.03,  -0.34,  -0.29,   0.03,  64.66,   0.69,   3.25,   0.21,  -0.11,  -0.18,   7.52, 4.04, 0.00, 0.00, 0.00, 0.00, 1, 1, 10,  39.7274338, -83.7073172,  1524.0, 2026,  3, 28, 20,  4,  2,      135,     1200, 130,  84,   1.6,   0.9,   1.4,  0,  0,  0, 25, 35, 26,  0,  0, 25,  0, 25, 34,  0,  0,  0,  0, 35,  0, 34,  0, 37,  0,  0,  0, 33,  0,  0,  0, 32,  0,  0,  0
6, 11026, 15,KE8EXM,    12.64, 5,   coast,  -10.30,  84775.00, 1478.92, 1344.11,   44.50, 19.9, 4.03, 4.02, 4.03,  -0.29,  -0.17,   0.24,  64.05,   0.44,   3.31,   0.20,  -0.12,  -0.18,   7.54, 4.04, 0.00, 0.00, 0.00, 0.00, 1, 1, 10,  39.7274338, -83.7073172,  1524.0, 2026,  3, 28, 20,  4,  2,      135,     1200, 130,  84,   1.6,   0.9,   1.4,  0,  0,  0, 25, 35, 26,  0,  0, 25,  0, 25, 34,  0,  0,  0,  0, 35,  0, 34,  0, 37,  0,  0,  0, 33,  0,  0,  0, 32,  0,  0,  0
6, 11026, 15,KE8EXM,    12.65, 5,   coast,  -11.28,  84780.00, 1478.44, 1343.63,   44.40, 19.9, 4.03, 4.02, 4.03,  -0.29,  -0.22,  -0.01,  64.66,   0.44,   3.25,   0.20,  -0.12,  -0.18,   7.57, 4.04, 0.00, 0.00, 0.00, 0.00, 1, 1, 10,  39.7274338, -83.7073172,  1524.0, 2026,  3, 28, 20,  4,  2,      135,     1200, 130,  84,   1.6,   0.9,   1.4,  0,  0,  0, 25, 35, 26,  0,  0, 25,  0, 25, 34,  0,  0,  0,  0, 35,  0, 34,  0, 37,  0,  0,  0, 33,  0,  0,  0, 32,  0,  0,  0
6, 11026, 15,KE8EXM,    12.66, 5,   coast,  -11.28,  84780.00, 1478.44, 1343.63,   44.29, 19.9, 4.03, 4.02, 4.03,  -0.28,  -0.26,   0.24,  63.93,   0.57,   3.19,   0.20,  -0.12,  -0.18,   7.59, 4.04, 0.00, 0.00, 0.00, 0.00, 1, 1, 10,  39.7274338, -83.7073172,  1524.0, 2026,  3, 28, 20,  4,  2,      135,     1200, 130,  84,   1.6,   0.9,   1.4,  0,  0,  0, 25, 35, 26,  0,  0, 25,  0, 25, 34,  0,  0,  0,  0, 35,  0, 34,  0, 37,  0,  0,  0, 33,  0,  0,  0, 32,  0,  0,  0
6, 11026, 15,KE8EXM,    12.67, 5,   coast,   -9.32,  84761.00, 1480.26, 1345.46,   44.18, 19.9, 4.03, 4.02, 4.03,  -0.30,  -0.23,  -0.06,  63.74,   0.51,   3.06,   0.20,  -0.12,  -0.18,   7.62, 4.04, 0.00, 0.00, 0.00, 0.00, 1, 1, 10,  39.7274338, -83.7073172,  1524.0, 2026,  3, 28, 20,  4,  2,      135,     1200, 130,  84,   1.6,   0.9,   1.4,  0,  0,  0, 25, 35, 26,  0,  0, 25,  0, 25, 34,  0,  0,  0,  0, 35,  0, 34,  0, 37,  0,  0,  0, 33,  0,  0,  0, 32,  0,  0,  0
6, 11026, 15,KE8EXM,    12.68, 5,   coast,  -11.28,  84761.00, 1480.26, 1345.46,   44.07, 19.9, 4.03, 4.02, 4.03,  -0.26,  -0.31,   0.19,  63.44,   0.44,   3.25,   0.21,  -0.13,  -0.18,   7.64, 4.04, 0.00, 0.00, 0.00, 0.00, 1, 1, 10,  39.7274338, -83.7073172,  1524.0, 2026,  3, 28, 20,  4,  2,      135,     1200, 130,  84,   1.6,   0.9,   1.4,  0,  0,  0, 25, 35, 26,  0,  0, 25,  0, 25, 34,  0,  0,  0,  0, 35,  0, 34,  0, 37,  0,  0,  0, 33,  0,  0,  0, 32,  0,  0,  0
6, 11026, 15,KE8EXM,    12.69, 5,   coast,  -11.77,  84753.00, 1481.03, 1346.23,   43.96, 19.9, 4.03, 4.02, 4.03,  -0.33,  -0.23,   0.05,  63.93,   0.08,   3.19,   0.20,  -0.13,  -0.18,   7.67, 4.04, 0.00, 0.00, 0.00, 0.00, 1, 1, 10,  39.7274338, -83.7073172,  1524.0, 2026,  3, 28, 20,  4,  2,      135,     1200, 130,  84,   1.6,   0.9,   1.4,  0,  0,  0, 25, 35, 26,  0,  0, 25,  0, 25, 34,  0,  0,  0,  0, 35,  0, 34,  0, 37,  0,  0,  0, 33,  0,  0,  0, 32,  0,  0,  0
6, 11026, 15,KE8EXM,    12.70, 5,   coast,  -11.28,  84753.00, 1481.03, 1346.23,   43.85, 19.9, 4.03, 4.02, 4.03,  -0.30,  -0.23,   0.11,  63.56,   0.20,   3.43,   0.20,  -0.13,  -0.18,   7.69, 4.04, 0.00, 0.00, 0.00, 0.00, 1, 1, 10,  39.7274338, -83.7073172,  1524.0, 2026,  3, 28, 20,  4,  2,      135,     1200, 130,  84,   1.6,   0.9,   1.4,  0,  0,  0, 25, 35, 26,  0,  0, 25,  0, 25, 34,  0,  0,  0,  0, 35,  0, 34,  0, 37,  0,  0,  0, 33,  0,  0,  0, 32,  0,  0,  0
6, 11026, 15,KE8EXM,    12.71, 5,   coast,   -9.81,  84755.00, 1480.84, 1346.03,   43.75, 19.9, 4.03, 4.02, 4.03,  -0.28,  -0.23,   0.12,  63.74,   0.08,   3.06,   0.20,  -0.13,  -0.18,   7.72, 4.04, 0.00, 0.00, 0.00, 0.00, 1, 1, 10,  39.7274338, -83.7073172,  1524.0, 2026,  3, 28, 20,  4,  2,      135,     1200, 130,  84,   1.6,   0.9,   1.4,  0,  0,  0, 25, 35, 26,  0,  0, 25,  0, 25, 34,  0,  0,  0,  0, 35,  0, 34,  0, 37,  0,  0,  0, 33,  0,  0,  0, 32,  0,  0,  0
6, 11026, 15,KE8EXM,    12.72, 5,   coast,  -10.79,  84755.00, 1480.84, 1346.03,   43.64, 19.9, 4.03, 4.02, 4.03,  -0.33,  -0.27,   0.04,  63.07,   0.26,   2.94,   0.20,  -0.13,  -0.18,   7.74, 4.04, 0.00, 0.00, 0.00, 0.00, 1, 1, 10,  39.7274338, -83.7073172,  1524.0, 2026,  3, 28, 20,  4,  2,      135,     1200, 130,  84,   1.6,   0.9,   1.4,  0,  0,  0, 25, 35, 26,  0,  0, 25,  0, 25, 34,  0,  0,  0,  0, 35,  0, 34,  0, 37,  0,  0,  0, 33,  0,  0,  0, 32,  0,  0,  0
6, 11026, 15,KE8EXM,    12.73, 5,   coast,  -11.77,  84742.00, 1482.09, 1347.28,   43.53, 19.9, 4.03, 4.02, 4.03,  -0.26,  -0.23,   0.17,  63.19,   0.02,   3.06,   0.20,  -0.14,  -0.18,   7.77, 4.04, 0.00, 0.00, 0.00, 0.00, 1, 1, 10,  39.7274338, -83.7073172,  1524.0, 2026,  3, 28, 20,  4,  2,      135,     1200, 130,  84,   1.6,   0.9,   1.4,  0,  0,  0, 25, 35, 26,  0,  0, 25,  0, 25, 34,  0,  0,  0,  0, 35,  0, 34,  0, 37,  0,  0,  0, 33,  0,  0,  0, 32,  0,  0,  0
6, 11026, 15,KE8EXM,    12.74, 5,   coast,  -10.30,  84742.00, 1482.09, 1347.28,   43.42, 19.9, 4.03, 4.02, 4.03,  -0.30,  -0.30,  -0.09,  62.89,  -0.04,   3.31,   0.20,  -0.14,  -0.17,   7.79, 4.04, 0.00, 0.00, 0.00, 0.00, 1, 1, 10,  39.7274338, -83.7073172,  1524.0, 2026,  3, 28, 20,  4,  2,      135,     1200, 130,  84,   1.6,   0.9,   1.4,  0,  0,  0, 25, 35, 26,  0,  0, 25,  0, 25, 34,  0,  0,  0,  0, 35,  0, 34,  0, 37,  0,  0,  0, 33,  0,  0,  0, 32,  0,  0,  0
6, 11026, 15,KE8EXM,    12.75, 5,   coast,  -11.28,  84734.00, 1482.86, 1348.05,   43.31, 19.9, 4.03, 4.02, 4.03,  -0.30,  -0.15,   0.14,  62.89,  -0.04,   3.00,   0.20,  -0.14,  -0.18,   7.82, 4.04, 0.00, 0.00, 0.00, 0.00, 1, 1, 10,  39.7274338, -83.7073172,  1524.0, 2026,  3, 28, 20,  4,  2,      135,     1200, 130,  84,   1.6,   0.9,   1.4,  0,  0,  0, 25, 35, 26,  0,  0, 25,  0, 25, 34,  0,  0,  0,  0, 35,  0, 34,  0, 37,  0,  0,  0, 33,  0,  0,  0, 32,  0,  0,  0
6, 11026, 15,KE8EXM,    12.76, 5,   coast,   -9.81,  84734.00, 1482.86, 1348.05,   43.20, 19.9, 4.03, 4.02, 4.03,  -0.32,  -0.32,  -0.08,  62.58,   0.26,   2.88,   0.20,  -0.14,  -0.18,   7.84, 4.04, 0.00, 0.00, 0.00, 0.00, 1, 1, 10,  39.7274338, -83.7073172,  1524.0, 2026,  3, 28, 20,  4,  2,      135,     1200, 130,  84,   1.6,   0.9,   1.4,  0,  0,  0, 25, 35, 26,  0,  0, 25,  0, 25, 34,  0,  0,  0,  0, 35,  0, 34,  0, 37,  0,  0,  0, 33,  0,  0,  0, 32,  0,  0,  0
6, 11026, 15,KE8EXM,    12.77, 5,   coast,  -11.77,  84725.00, 1483.73, 1348.92,   43.10, 19.9, 4.03, 4.02, 4.03,  -0.25,  -0.24,   0.08,  62.10,   0.02,   2.76,   0.20,  -0.14,  -0.17,   7.86, 4.04, 0.00, 0.00, 0.00, 0.00, 1, 1, 10,  39.7274338, -83.7073172,  1524.0, 2026,  3, 28, 20,  4,  2,      135,     1200, 130,  84,   1.6,   0.9,   1.4,  0,  0,  0, 25, 35, 26,  0,  0, 25,  0, 25, 34,  0,  0,  0,  0, 35,  0, 34,  0, 37,  0,  0,  0, 33,  0,  0,  0, 32,  0,  0,  0
6, 11026, 15,KE8EXM,    12.78, 5,   coast,   -9.81,  84725.00, 1483.73, 1348.92,   42.99, 19.9, 4.03, 4.02, 4.03,  -0.27,  -0.30,   0.01,  62.40,  -0.23,   2.70,   0.21,  -0.14,  -0.17,   7.88, 4.04, 0.00, 0.00, 0.00, 0.00, 1, 1, 10,  39.7274338, -83.7073172,  1524.0, 2026,  3, 28, 20,  4,  2,      135,     1200, 130,  84,   1.6,   0.9,   1.4,  0,  0,  0, 25, 35, 26,  0,  0, 25,  0, 25, 34,  0,  0,  0,  0, 35,  0, 34,  0, 37,  0,  0,  0, 33,  0,  0,  0, 32,  0,  0,  0
6, 11026, 15,KE8EXM,    12.79, 5,   coast,  -10.30,  84720.00, 1484.21, 1349.40,   42.89, 19.9, 4.03, 4.02, 4.03,  -0.28,  -0.21,   0.06,  62.34,  -0.23,   3.06,   0.21,  -0.15,  -0.17,   7.91, 4.04, 0.00, 0.00, 0.00, 0.00, 1, 1, 10,  39.7274338, -83.7073172,  1524.0, 2026,  3, 28, 20,  4,  2,      135,     1200, 130,  84,   1.6,   0.9,   1.4,  0,  0,  0, 25, 35, 26,  0,  0, 25,  0, 25, 34,  0,  0,  0,  0, 35,  0, 34,  0, 37,  0,  0,  0, 33,  0,  0,  0, 32,  0,  0,  0
6, 11026, 15,KE8EXM,    12.80, 5,   coast,  -11.77,  84720.00, 1484.21, 1349.40,   42.78, 19.9, 4.03, 4.02, 4.03,  -0.24,  -0.27,   0.04,  61.97,  -0.04,   2.88,   0.21,  -0.15,  -0.17,   7.93, 4.04, 0.00, 0.00, 0.00, 0.00, 1, 1, 10,  39.7274338, -83.7073172,  1524.0, 2026,  3, 28, 20,  4,  2,      135,     1200, 130,  84,   1.6,   0.9,   1.4,  0,  0,  0, 25, 35, 26,  0,  0, 25,  0, 25, 34,  0,  0,  0,  0, 35,  0, 34,  0, 37,  0,  0,  0, 33,  0,  0,  0, 32,  0,  0,  0
6, 11026, 15,KE8EXM,    12.81, 5,   coast,   -8.34,  84710.00, 1485.17, 1350.36,   42.68, 19.9, 4.03, 4.02, 4.03,  -0.25,  -0.16,   0.09,  61.97,   0.20,   2.76,   0.21,  -0.15,  -0.17,   7.95, 4.04, 0.00, 0.00, 0.00, 0.00, 1, 1, 10,  39.7274338, -83.7073172,  1524.0, 2026,  3, 28, 20,  4,  2,      135,     1200, 130,  84,   1.6,   0.9,   1.4,  0,  0,  0, 25, 35, 26,  0,  0, 25,  0, 25, 34,  0,  0,  0,  0, 35,  0, 34,  0, 37,  0,  0,  0, 33,  0,  0,  0, 32,  0,  0,  0
6, 11026, 15,KE8EXM,    12.82, 5,   coast,  -11.28,  84710.00, 1485.17, 1350.36,   42.57, 19.9, 3.99, 3.97, 3.99,  -0.28,  -0.19,   0.04,  62.10,  -0.47,   2.64,   0.21,  -0.15,  -0.17,   7.97, 4.00, 0.00, 0.00, 0.00, 0.00, 1, 1, 10,  39.7274338, -83.7073172,  1524.0, 2026,  3, 28, 20,  4,  2,      135,     1200, 130,  84,   1.6,   0.9,   1.4,  0,  0,  0, 25, 35, 26,  0,  0, 25,  0, 25, 34,  0,  0,  0,  0, 35,  0, 34,  0, 37,  0,  0,  0, 33,  0,  0,  0, 32,  0,  0,  0
6, 11026, 15,KE8EXM,    12.82, 5,   coast,  -11.28,  84710.00, 1485.17, 1350.36,   42.57, 19.9, 3.99, 3.97, 3.99,  -0.28,  -0.19,   0.04,  62.10,  -0.47,   2.64,   0.21,  -0.15,  -0.17,   7.97, 4.00, 0.00, 0.00, 0.00, 0.00, 1, 1, 10,  39.7274338, -83.7073172,  1524.0, 2026,  3, 28, 20,  4,  2,      135,     1200, 130,  84,   1.6,   0.9,   1.4,  0,  0,  0, 25, 35, 26,  0,  0, 25,  0, 25, 34,  0,  0,  0,  0, 35,  0, 34,  0, 37,  0,  0,  0, 33,  0,  0,  0, 32,  0,  0,  0
6, 11026, 15,KE8EXM,    12.83, 5,   coast,  -11.77,  84709.00, 1485.27, 1350.46,   42.47, 19.9, 3.99, 3.97, 3.99,  -0.27,  -0.32,  -0.04,  61.12,  -0.17,   2.70,   0.21,  -0.15,  -0.17,   8.00, 4.00, 0.00, 0.00, 0.00, 0.00, 1, 1, 10,  39.7274338, -83.7073172,  1524.0, 2026,  3, 28, 20,  4,  2,      135,     1200, 130,  84,   1.6,   0.9,   1.4,  0,  0,  0, 25, 35, 26,  0,  0, 25,  0, 25, 34,  0,  0,  0,  0, 35,  0, 34,  0, 37,  0,  0,  0, 33,  0,  0,  0, 32,  0,  0,  0
6, 11026, 15,KE8EXM,    12.84, 5,   coast,  -10.30,  84709.00, 1485.27, 1350.46,   42.36, 19.9, 3.99, 3.97, 3.99,  -0.27,  -0.12,   0.11,  61.67,  -0.47,   2.58,   0.21,  -0.15,  -0.17,   8.02, 4.00, 0.00, 0.00, 0.00, 0.00, 1, 1, 10,  39.7274338, -83.7073172,  1524.0, 2026,  3, 28, 20,  4,  2,      135,     1200, 130,  84,   1.6,   0.9,   1.4,  0,  0,  0, 25, 35, 26,  0,  0, 25,  0, 25, 34,  0,  0,  0,  0, 35,  0, 34,  0, 37,  0,  0,  0, 33,  0,  0,  0, 32,  0,  0,  0
6, 11026, 15,KE8EXM,    12.85, 5,   coast,  -10.79,  84706.00, 1485.55, 1350.75,   42.25, 19.9, 3.99, 3.97, 3.99,  -0.29,  -0.28,   0.02,  61.12,   0.02,   2.51,   0.21,  -0.16,  -0.17,   8.04, 4.00, 0.00, 0.00, 0.00, 0.00, 1, 1, 10,  39.7274338, -83.7073172,  1524.0, 2026,  3, 28, 20,  4,  2,      135,     1200, 130,  84,   1.6,   0.9,   1.4,  0,  0,  0, 25, 35, 26,  0,  0, 25,  0, 25, 34,  0,  0,  0,  0, 35,  0, 34,  0, 37,  0,  0,  0, 33,  0,  0,  0, 32,  0,  0,  0
6, 11026, 15,KE8EXM,    12.86, 5,   coast,  -10.30,  84706.00, 1485.55, 1350.75,   42.15, 19.9, 3.99, 3.97, 3.99,  -0.27,  -0.17,  -0.02,  61.55,  -0.53,   2.76,   0.21,  -0.16,  -0.17,   8.06, 4.00, 0.00, 0.00, 0.00, 0.00, 1, 1, 10,  39.7274338, -83.7073172,  1524.0, 2026,  3, 28, 20,  4,  2,      135,     1200, 130,  84,   1.6,   0.9,   1.4,  0,  0,  0, 25, 35, 26,  0,  0, 25,  0, 25, 34,  0,  0,  0,  0, 35,  0, 34,  0, 37,  0,  0,  0, 33,  0,  0,  0, 32,  0,  0,  0
6, 11026, 15,KE8EXM,    12.87, 5,   coast,  -10.79,  84692.00, 1486.90, 1352.10,   42.04, 19.9, 3.99, 3.97, 3.99,  -0.22,  -0.32,   0.00,  60.69,  -0.29,   2.33,   0.21,  -0.16,  -0.17,   8.08, 4.00, 0.00, 0.00, 0.00, 0.00, 1, 1, 10,  39.7274338, -83.7073172,  1524.0, 2026,  3, 28, 20,  4,  2,      135,     1200, 130,  84,   1.6,   0.9,   1.4,  0,  0,  0, 25, 35, 26,  0,  0, 25,  0, 25, 34,  0,  0,  0,  0, 35,  0, 34,  0, 37,  0,  0,  0, 33,  0,  0,  0, 32,  0,  0,  0
6, 11026, 15,KE8EXM,    12.88, 5,   coast,  -10.30,  84692.00, 1486.90, 1352.10,   41.94, 19.9, 3.99, 3.97, 3.99,  -0.28,  -0.14,  -0.03,  60.75,  -0.04,   2.45,   0.21,  -0.16,  -0.17,   8.10, 4.00, 0.00, 0.00, 0.00, 0.00, 1, 1, 10,  39.7274338, -83.7073172,  1524.0, 2026,  3, 28, 20,  4,  2,      135,     1200, 130,  84,   1.6,   0.9,   1.4,  0,  0,  0, 25, 35, 26,  0,  0, 25,  0, 25, 34,  0,  0,  0,  0, 35,  0, 34,  0, 37,  0,  0,  0, 33,  0,  0,  0, 32,  0,  0,  0
6, 11026, 15,KE8EXM,    12.89, 5,   coast,   -9.32,  84688.00, 1487.29, 1352.48,   41.83, 19.9, 3.99, 3.97, 3.99,  -0.25,  -0.31,  -0.02,  60.45,  -0.23,   2.33,   0.21,  -0.16,  -0.16,   8.12, 4.00, 0.00, 0.00, 0.00, 0.00, 1, 1, 10,  39.7274338, -83.7073172,  1524.0, 2026,  3, 28, 20,  4,  2,      135,     1200, 130,  84,   1.6,   0.9,   1.4,  0,  0,  0, 25, 35, 26,  0,  0, 25,  0, 25, 34,  0,  0,  0,  0, 35,  0, 34,  0, 37,  0,  0,  0, 33,  0,  0,  0, 32,  0,  0,  0
6, 11026, 15,KE8EXM,    12.90, 5,   coast,  -10.79,  84688.00, 1487.29, 1352.48,   41.73, 19.9, 3.99, 3.97, 3.99,  -0.27,  -0.09,  -0.05,  60.45,  -0.35,   2.64,   0.21,  -0.17,  -0.16,   8.14, 4.00, 0.00, 0.00, 0.00, 0.00, 1, 1, 10,  39.7274338, -83.7073172,  1524.0, 2026,  3, 28, 20,  4,  2,      135,     1200, 130,  84,   1.6,   0.9,   1.4,  0,  0,  0, 25, 35, 26,  0,  0, 25,  0, 25, 34,  0,  0,  0,  0, 35,  0, 34,  0, 37,  0,  0,  0, 33,  0,  0,  0, 32,  0,  0,  0
6, 11026, 15,KE8EXM,    12.91, 5,   coast,  -11.77,  84684.00, 1487.67, 1352.87,   41.62, 19.9, 3.99, 3.97, 3.99,  -0.21,  -0.29,   0.05,  60.45,  -0.04,   2.33,   0.20,  -0.17,  -0.16,   8.15, 4.00, 0.00, 0.00, 0.00, 0.00, 1, 1, 10,  39.7274338, -83.7073172,  1524.0, 2026,  3, 28, 20,  4,  2,      135,     1200, 130,  84,   1.6,   0.9,   1.4,  0,  0,  0, 25, 35, 26,  0,  0, 25,  0, 25, 34,  0,  0,  0,  0, 35,  0, 34,  0, 37,  0,  0,  0, 33,  0,  0,  0, 32,  0,  0,  0
6, 11026, 15,KE8EXM,    12.92, 5,   coast,  -10.30,  84684.00, 1487.67, 1352.87,   41.52, 19.9, 3.99, 3.97, 3.99,  -0.25,  -0.11,  -0.08,  60.45,  -0.53,   2.51,   0.20,  -0.17,  -0.16,   8.18, 4.00, 0.00, 0.00, 0.00, 0.00, 1, 1, 10,  39.7274338, -83.7073172,  1524.0, 2026,  3, 28, 20,  4,  2,      135,     1200, 130,  84,   1.6,   0.9,   1.4,  0,  0,  0, 25, 35, 26,  0,  0, 25,  0, 25, 34,  0,  0,  0,  0, 35,  0, 34,  0, 37,  0,  0,  0, 33,  0,  0,  0, 32,  0,  0,  0
6, 11026, 15,KE8EXM,    12.93, 5,   coast,  -10.30,  84667.00, 1489.31, 1354.50,   41.41, 19.9, 3.99, 3.97, 3.99,  -0.25,  -0.33,   0.04,  59.84,  -0.47,   2.39,   0.21,  -0.17,  -0.16,   8.20, 4.00, 0.00, 0.00, 0.00, 0.00, 1, 1, 10,  39.7274338, -83.7073172,  1524.0, 2026,  3, 28, 20,  4,  2,      135,     1200, 130,  84,   1.6,   0.9,   1.4,  0,  0,  0, 25, 35, 26,  0,  0, 25,  0, 25, 34,  0,  0,  0,  0, 35,  0, 34,  0, 37,  0,  0,  0, 33,  0,  0,  0, 32,  0,  0,  0
6, 11026, 15,KE8EXM,    12.94, 5,   coast,   -9.81,  84667.00, 1489.31, 1354.50,   41.31, 19.9, 3.99, 3.97, 3.99,  -0.21,  -0.07,  -0.01,  60.08,  -0.17,   2.15,   0.21,  -0.17,  -0.16,   8.21, 4.00, 0.00, 0.00, 0.00, 0.00, 1, 1, 10,  39.7274338, -83.7073172,  1524.0, 2026,  3, 28, 20,  4,  2,      135,     1200, 130,  84,   1.6,   0.9,   1.4,  0,  0,  0, 25, 35, 26,  0,  0, 25,  0, 25, 34,  0,  0,  0,  0, 35,  0, 34,  0, 37,  0,  0,  0, 33,  0,  0,  0, 32,  0,  0,  0
6, 11026, 15,KE8EXM,    12.95, 5,   coast,  -11.77,  84666.00, 1489.40, 1354.60,   41.20, 19.9, 3.99, 3.97, 3.99,  -0.24,  -0.27,   0.08,  59.78,  -0.11,   2.33,   0.21,  -0.17,  -0.15,   8.23, 4.00, 0.00, 0.00, 0.00, 0.00, 1, 1, 10,  39.7274338, -83.7073172,  1524.0, 2026,  3, 28, 20,  4,  2,      135,     1200, 130,  84,   1.6,   0.9,   1.4,  0,  0,  0, 25, 35, 26,  0,  0, 25,  0, 25, 34,  0,  0,  0,  0, 35,  0, 34,  0, 37,  0,  0,  0, 33,  0,  0,  0, 32,  0,  0,  0
6, 11026, 15,KE8EXM,    12.96, 5,   coast,   -9.32,  84666.00, 1489.40, 1354.60,   41.10, 19.9, 3.99, 3.97, 3.99,  -0.26,  -0.17,  -0.05,  59.53,  -0.11,   2.09,   0.21,  -0.18,  -0.15,   8.24, 4.00, 0.00, 0.00, 0.00, 0.00, 1, 1, 10,  39.7274338, -83.7073172,  1524.0, 2026,  3, 28, 20,  4,  2,      135,     1200, 130,  84,   1.6,   0.9,   1.4,  0,  0,  0, 25, 35, 26,  0,  0, 25,  0, 25, 34,  0,  0,  0,  0, 35,  0, 34,  0, 37,  0,  0,  0, 33,  0,  0,  0, 32,  0,  0,  0
6, 11026, 15,KE8EXM,    12.97, 5,   coast,  -11.28,  84659.00, 1490.08, 1355.27,   40.99, 19.9, 3.99, 3.97, 3.99,  -0.24,  -0.24,  -0.01,  59.53,  -0.41,   2.21,   0.21,  -0.18,  -0.15,   8.26, 4.00, 0.00, 0.00, 0.00, 0.00, 1, 1, 10,  39.7274338, -83.7073172,  1524.0, 2026,  3, 28, 20,  4,  2,      135,     1200, 130,  84,   1.6,   0.9,   1.4,  0,  0,  0, 25, 35, 26,  0,  0, 25,  0, 25, 34,  0,  0,  0,  0, 35,  0, 34,  0, 37,  0,  0,  0, 33,  0,  0,  0, 32,  0,  0,  0
6, 11026, 15,KE8EXM,    12.98, 5,   coast,  -10.30,  84659.00, 1490.08, 1355.27,   40.89, 19.9, 3.99, 3.97, 3.99,  -0.24,  -0.24,   0.00,  59.47,   0.26,   1.97,   0.21,  -0.18,  -0.15,   8.27, 4.00, 0.00, 0.00, 0.00, 0.00, 1, 1, 10,  39.7274338, -83.7073172,  1524.0, 2026,  3, 28, 20,  4,  2,      135,     1200, 130,  84,   1.6,   0.9,   1.4,  0,  0,  0, 25, 35, 26,  0,  0, 25,  0, 25, 34,  0,  0,  0,  0, 35,  0, 34,  0, 37,  0,  0,  0, 33,  0,  0,  0, 32,  0,  0,  0
6, 11026, 15,KE8EXM,    12.99, 5,   coast,   -9.81,  84653.00, 1490.66, 1355.85,   40.78, 19.9, 3.99, 3.97, 3.99,  -0.22,  -0.17,  -0.05,  59.59,   0.14,   2.21,   0.21,  -0.18,  -0.15,   8.29, 4.00, 0.00, 0.00, 0.00, 0.00, 1, 1, 10,  39.7274338, -83.7073172,  1524.0, 2026,  3, 28, 20,  4,  2,      135,     1200, 130,  84,   1.6,   0.9,   1.4,  0,  0,  0, 25, 35, 26,  0,  0, 25,  0, 25, 34,  0,  0,  0,  0, 35,  0, 34,  0, 37,  0,  0,  0, 33,  0,  0,  0, 32,  0,  0,  0
6, 11026, 15,KE8EXM,    13.00, 5,   coast,  -11.28,  84653.00, 1490.66, 1355.85,   40.67, 19.9, 3.99, 3.97, 3.99,  -0.19,  -0.21,   0.04,  59.04,  -0.23,   2.21,   0.20,  -0.18,  -0.15,   8.30, 4.00, 0.00, 0.00, 0.00, 0.00, 1, 1, 10,  39.7274338, -83.7073172,  1524.0, 2026,  3, 28, 20,  4,  2,      135,     1200, 130,  84,   1.6,   0.9,   1.4,  0,  0,  0, 25, 35, 26,  0,  0, 25,  0, 25, 34,  0,  0,  0,  0, 35,  0, 34,  0, 37,  0,  0,  0, 33,  0,  0,  0, 32,  0,  0,  0
6, 11026, 15,KE8EXM,    13.01, 5,   coast,  -10.79,  84653.00, 1490.66, 1355.85,   40.56, 19.9, 3.99, 3.97, 3.99,  -0.24,  -0.12,  -0.01,  58.98,  -0.35,   2.15,   0.21,  -0.18,  -0.15,   8.32, 4.00, 0.00, 0.00, 0.00, 0.00, 1, 1, 10,  39.7274338, -83.7073172,  1524.0, 2026,  3, 28, 20,  4,  2,      135,     1200, 130,  84,   1.6,   0.9,   1.4,  0,  0,  0, 25, 35, 26,  0,  0, 25,  0, 25, 34,  0,  0,  0,  0, 35,  0, 34,  0, 37,  0,  0,  0, 33,  0,  0,  0, 32,  0,  0,  0
6, 11026, 15,KE8EXM,    13.02, 5,   coast,  -11.77,  84653.00, 1490.66, 1355.85,   40.46, 19.9, 3.99, 3.97, 3.99,  -0.24,  -0.19,  -0.01,  58.62,  -0.17,   2.03,   0.21,  -0.18,  -0.15,   8.33, 4.00, 0.00, 0.00, 0.00, 0.00, 1, 1, 10,  39.7274338, -83.7073172,  1524.0, 2026,  3, 28, 20,  4,  2,      135,     1200, 130,  84,   1.6,   0.9,   1.4,  0,  0,  0, 25, 35, 26,  0,  0, 25,  0, 25, 34,  0,  0,  0,  0, 35,  0, 34,  0, 37,  0,  0,  0, 33,  0,  0,  0, 32,  0,  0,  0
6, 11026, 15,KE8EXM,    13.03, 5,   coast,  -11.28,  84641.00, 1491.81, 1357.01,   40.35, 19.9, 3.99, 3.97, 3.99,  -0.24,  -0.15,  -0.02,  58.68,  -0.59,   2.39,   0.21,  -0.19,  -0.15,   8.35, 4.00, 0.00, 0.00, 0.00, 0.00, 1, 1, 10,  39.7274338, -83.7073172,  1524.0, 2026,  3, 28, 20,  4,  2,      135,     1200, 130,  84,   1.6,   0.9,   1.4,  0,  0,  0, 25, 35, 26,  0,  0, 25,  0, 25, 34,  0,  0,  0,  0, 35,  0, 34,  0, 37,  0,  0,  0, 33,  0,  0,  0, 32,  0,  0,  0
6, 11026, 15,KE8EXM,    13.04, 5,   coast,  -10.79,  84641.00, 1491.81, 1357.01,   40.24, 19.9, 3.99, 3.97, 3.99,  -0.20,  -0.17,   0.11,  58.37,  -0.04,   1.84,   0.21,  -0.19,  -0.15,   8.36, 4.00, 0.00, 0.00, 0.00, 0.00, 1, 1, 10,  39.7274338, -83.7073172,  1524.0, 2026,  3, 28, 20,  4,  2,      135,     1200, 130,  84,   1.6,   0.9,   1.4,  0,  0,  0, 25, 35, 26,  0,  0, 25,  0, 25, 34,  0,  0,  0,  0, 35,  0, 34,  0, 37,  0,  0,  0, 33,  0,  0,  0, 32,  0,  0,  0
6, 11026, 15,KE8EXM,    13.05, 5,   coast,  -10.30,  84642.00, 1491.72, 1356.91,   40.14, 19.9, 3.99, 3.97, 3.99,  -0.18,  -0.14,  -0.05,  58.43,  -0.11,   2.03,   0.21,  -0.19,  -0.14,   8.38, 4.00, 0.00, 0.00, 0.00, 0.00, 1, 1, 10,  39.7274338, -83.7073172,  1524.0, 2026,  3, 28, 20,  4,  2,      135,     1200, 130,  84,   1.6,   0.9,   1.4,  0,  0,  0, 25, 35, 26,  0,  0, 25,  0, 25, 34,  0,  0,  0,  0, 35,  0, 34,  0, 37,  0,  0,  0, 33,  0,  0,  0, 32,  0,  0,  0
6, 11026, 15,KE8EXM,    13.06, 5,   coast,   -7.85,  84642.00, 1491.72, 1356.91,   40.03, 19.9, 3.99, 3.97, 3.99,  -0.21,  -0.26,   0.07,  57.88,   0.08,   1.97,   0.21,  -0.19,  -0.14,   8.39, 4.00, 0.00, 0.00, 0.00, 0.00, 1, 1, 10,  39.7274338, -83.7073172,  1524.0, 2026,  3, 28, 20,  4,  2,      135,     1200, 130,  84,   1.6,   0.9,   1.4,  0,  0,  0, 25, 35, 26,  0,  0, 25,  0, 25, 34,  0,  0,  0,  0, 35,  0, 34,  0, 37,  0,  0,  0, 33,  0,  0,  0, 32,  0,  0,  0
6, 11026, 15,KE8EXM,    13.07, 5,   coast,  -11.28,  84632.00, 1492.68, 1357.87,   39.93, 19.9, 3.99, 3.97, 3.99,  -0.19,  -0.14,  -0.09,  57.82,   0.02,   2.09,   0.20,  -0.19,  -0.14,   8.40, 4.00, 0.00, 0.00, 0.00, 0.00, 1, 1, 10,  39.7274338, -83.7073172,  1524.0, 2026,  3, 28, 20,  4,  2,      135,     1200, 130,  84,   1.6,   0.9,   1.4,  0,  0,  0, 25, 35, 26,  0,  0, 25,  0, 25, 34,  0,  0,  0,  0, 35,  0, 34,  0, 37,  0,  0,  0, 33,  0,  0,  0, 32,  0,  0,  0
6, 11026, 15,KE8EXM,    13.08, 5,   coast,  -10.30,  84632.00, 1492.68, 1357.87,   39.83, 19.9, 3.99, 3.97, 3.99,  -0.21,  -0.19,   0.02,  57.76,  -0.23,   2.03,   0.20,  -0.20,  -0.14,   8.42, 4.00, 0.00, 0.00, 0.00, 0.00, 1, 1, 10,  39.7274338, -83.7073172,  1524.0, 2026,  3, 28, 20,  4,  2,      135,     1200, 130,  84,   1.6,   0.9,   1.4,  0,  0,  0, 25, 35, 26,  0,  0, 25,  0, 25, 34,  0,  0,  0,  0, 35,  0, 34,  0, 37,  0,  0,  0, 33,  0,  0,  0, 32,  0,  0,  0
6, 11026, 15,KE8EXM,    13.09, 5,   coast,  -10.30,  84624.00, 1493.45, 1358.64,   39.73, 19.9, 3.99, 3.97, 3.99,  -0.24,  -0.17,  -0.02,  57.70,  -0.11,   2.03,   0.20,  -0.20,  -0.14,   8.43, 4.00, 0.00, 0.00, 0.00, 0.00, 1, 1, 10,  39.7274338, -83.7073172,  1524.0, 2026,  3, 28, 20,  4,  2,      135,     1200, 130,  84,   1.6,   0.9,   1.4,  0,  0,  0, 25, 35, 26,  0,  0, 25,  0, 25, 34,  0,  0,  0,  0, 35,  0, 34,  0, 37,  0,  0,  0, 33,  0,  0,  0, 32,  0,  0,  0
6, 11026, 15,KE8EXM,    13.10, 5,   coast,   -9.81,  84624.00, 1493.45, 1358.64,   39.63, 19.9, 3.99, 3.97, 3.99,  -0.22,  -0.18,   0.02,  57.34,  -0.04,   1.90,   0.20,  -0.20,  -0.14,   8.44, 4.00, 0.00, 0.00, 0.00, 0.00, 1, 1, 10,  39.7274338, -83.7073172,  1524.0, 2026,  3, 28, 20,  4,  2,      135,     1200, 130,  84,   1.6,   0.9,   1.4,  0,  0,  0, 25, 35, 26,  0,  0, 25,  0, 25, 34,  0,  0,  0,  0, 35,  0, 34,  0, 37,  0,  0,  0, 33,  0,  0,  0, 32,  0,  0,  0
6, 11026, 15,KE8EXM,    13.11, 5,   coast,  -10.30,  84619.00, 1493.93, 1359.12,   39.53, 19.9, 3.99, 3.97, 3.99,  -0.19,  -0.15,   0.05,  57.46,   0.02,   1.84,   0.20,  -0.20,  -0.14,   8.45, 4.00, 0.00, 0.00, 0.00, 0.00, 1, 1, 10,  39.7274338, -83.7073172,  1524.0, 2026,  3, 28, 20,  4,  2,      135,     1200, 130,  84,   1.6,   0.9,   1.4,  0,  0,  0, 25, 35, 26,  0,  0, 25,  0, 25, 34,  0,  0,  0,  0, 35,  0, 34,  0, 37,  0,  0,  0, 33,  0,  0,  0, 32,  0,  0,  0
6, 11026, 15,KE8EXM,    13.11, 5,   coast,  -10.30,  84619.00, 1493.93, 1359.12,   39.53, 19.9, 3.99, 3.97, 3.99,  -0.19,  -0.15,   0.05,  57.46,   0.02,   1.84,   0.20,  -0.20,  -0.14,   8.45, 4.00, 0.00, 0.00, 0.00, 0.00, 1, 1, 10,  39.7274338, -83.7073172,  1524.0, 2026,  3, 28, 20,  4,  2,      135,     1200, 130,  84,   1.6,   0.9,   1.4,  0,  0,  0, 25, 35, 26,  0,  0, 25,  0, 25, 34,  0,  0,  0,  0, 35,  0, 34,  0, 37,  0,  0,  0, 33,  0,  0,  0, 32,  0,  0,  0
6, 11026, 15,KE8EXM,    13.11, 5,   coast,  -10.30,  84619.00, 1493.93, 1359.12,   39.53, 19.9, 3.99, 3.97, 3.99,  -0.19,  -0.15,   0.05,  57.46,   0.02,   1.84,   0.20,  -0.20,  -0.14,   8.45, 4.00, 0.00, 0.00, 0.00, 0.00, 1, 1, 10,  39.7274338, -83.7073172,  1524.0, 2026,  3, 28, 20,  4,  2,      135,     1200, 130,  84,   1.6,   0.9,   1.4,  0,  0,  0, 25, 35, 26,  0,  0, 25,  0, 25, 34,  0,  0,  0,  0, 35,  0, 34,  0, 37,  0,  0,  0, 33,  0,  0,  0, 32,  0,  0,  0
6, 11026, 15,KE8EXM,    13.12, 5,   coast,  -10.30,  84619.00, 1493.93, 1359.12,   39.42, 19.9, 3.99, 3.97, 3.99,  -0.21,  -0.17,  -0.04,  57.21,  -0.11,   2.21,   0.20,  -0.20,  -0.13,   8.46, 4.00, 0.00, 0.00, 0.00, 0.00, 1, 1,  8,  39.7273133, -83.7072445,  1574.0, 2026,  3, 28, 20,  4,  3,      148,     1251, 133,  83,   2.0,   1.2,   1.6,  0,  0,  0, 24, 35, 32,  0,  0, 32,  0, 27, 23,  0,  0,  0,  0, 34,  0, 34,  0, 36,  0,  0,  0, 24,  0,  0,  0, 26,  0,  0,  0
6, 11026, 15,KE8EXM,    13.13, 5,   coast,  -10.79,  84606.00, 1495.18, 1360.38,   39.32, 19.9, 3.99, 3.97, 3.99,  -0.18,  -0.16,   0.04,  56.91,  -0.04,   1.97,   0.20,  -0.20,  -0.13,   8.48, 4.00, 0.00, 0.00, 0.00, 0.00, 1, 1,  8,  39.7273133, -83.7072445,  1574.0, 2026,  3, 28, 20,  4,  3,      148,     1251, 133,  83,   2.0,   1.2,   1.6,  0,  0,  0, 24, 35, 32,  0,  0, 32,  0, 27, 23,  0,  0,  0,  0, 34,  0, 34,  0, 36,  0,  0,  0, 24,  0,  0,  0, 26,  0,  0,  0
6, 11026, 15,KE8EXM,    13.14, 5,   coast,   -9.81,  84606.00, 1495.18, 1360.38,   39.22, 19.9, 4.03, 4.01, 4.03,  -0.19,  -0.11,  -0.04,  57.15,   0.32,   1.66,   0.20,  -0.20,  -0.13,   8.48, 4.03, 0.00, 0.00, 0.00, 0.00, 1, 1,  8,  39.7273133, -83.7072445,  1574.0, 2026,  3, 28, 20,  4,  3,      148,     1251, 133,  83,   2.0,   1.2,   1.6,  0,  0,  0, 24, 35, 32,  0,  0, 32,  0, 27, 23,  0,  0,  0,  0, 34,  0, 34,  0, 36,  0,  0,  0, 24,  0,  0,  0, 26,  0,  0,  0
6, 11026, 15,KE8EXM,    13.14, 5,   coast,   -9.81,  84606.00, 1495.18, 1360.38,   39.22, 19.9, 4.03, 4.01, 4.03,  -0.19,  -0.11,  -0.04,  57.15,   0.32,   1.66,   0.20,  -0.20,  -0.13,   8.48, 4.03, 0.00, 0.00, 0.00, 0.00, 1, 1,  8,  39.7273133, -83.7072445,  1574.0, 2026,  3, 28, 20,  4,  3,      148,     1251, 133,  83,   2.0,   1.2,   1.6,  0,  0,  0, 24, 35, 32,  0,  0, 32,  0, 27, 23,  0,  0,  0,  0, 34,  0, 34,  0, 36,  0,  0,  0, 24,  0,  0,  0, 26,  0,  0,  0
6, 11026, 15,KE8EXM,    13.15, 5,   coast,  -10.30,  84605.00, 1495.28, 1360.47,   39.11, 19.9, 4.03, 4.01, 4.03,  -0.17,  -0.27,   0.07,  56.72,   0.32,   1.72,   0.20,  -0.21,  -0.13,   8.49, 4.03, 0.00, 0.00, 0.00, 0.00, 1, 1,  8,  39.7273133, -83.7072445,  1574.0, 2026,  3, 28, 20,  4,  3,      148,     1251, 133,  83,   2.0,   1.2,   1.6,  0,  0,  0, 24, 35, 32,  0,  0, 32,  0, 27, 23,  0,  0,  0,  0, 34,  0, 34,  0, 36,  0,  0,  0, 24,  0,  0,  0, 26,  0,  0,  0
6, 11026, 15,KE8EXM,    13.16, 5,   coast,  -10.30,  84605.00, 1495.28, 1360.47,   39.01, 19.9, 4.03, 4.01, 4.03,  -0.19,  -0.14,  -0.06,  56.72,  -0.17,   1.78,   0.20,  -0.21,  -0.13,   8.50, 4.03, 0.00, 0.00, 0.00, 0.00, 1, 1,  8,  39.7273133, -83.7072445,  1574.0, 2026,  3, 28, 20,  4,  3,      148,     1251, 133,  83,   2.0,   1.2,   1.6,  0,  0,  0, 24, 35, 32,  0,  0, 32,  0, 27, 23,  0,  0,  0,  0, 34,  0, 34,  0, 36,  0,  0,  0, 24,  0,  0,  0, 26,  0,  0,  0
6, 11026, 15,KE8EXM,    13.17, 5,   coast,  -10.79,  84599.00, 1495.86, 1361.05,   38.91, 19.9, 4.03, 4.01, 4.03,  -0.17,  -0.22,   0.04,  55.93,   0.14,   1.66,   0.20,  -0.21,  -0.13,   8.51, 4.03, 0.00, 0.00, 0.00, 0.00, 1, 1,  8,  39.7273133, -83.7072445,  1574.0, 2026,  3, 28, 20,  4,  3,      148,     1251, 133,  83,   2.0,   1.2,   1.6,  0,  0,  0, 24, 35, 32,  0,  0, 32,  0, 27, 23,  0,  0,  0,  0, 34,  0, 34,  0, 36,  0,  0,  0, 24,  0,  0,  0, 26,  0,  0,  0
6, 11026, 15,KE8EXM,    13.18, 5,   coast,   -9.81,  84599.00, 1495.86, 1361.05,   38.81, 19.9, 4.03, 4.01, 4.03,  -0.20,  -0.09,  -0.07,  56.24,  -0.17,   1.72,   0.20,  -0.21,  -0.13,   8.52, 4.03, 0.00, 0.00, 0.00, 0.00, 1, 1,  8,  39.7273133, -83.7072445,  1574.0, 2026,  3, 28, 20,  4,  3,      148,     1251, 133,  83,   2.0,   1.2,   1.6,  0,  0,  0, 24, 35, 32,  0,  0, 32,  0, 27, 23,  0,  0,  0,  0, 34,  0, 34,  0, 36,  0,  0,  0, 24,  0,  0,  0, 26,  0,  0,  0
6, 11026, 15,KE8EXM,    13.19, 5,   coast,   -9.81,  84596.00, 1496.15, 1361.34,   38.70, 19.9, 4.03, 4.01, 4.03,  -0.21,  -0.20,   0.11,  56.18,   0.02,   1.78,   0.20,  -0.21,  -0.12,   8.53, 4.03, 0.00, 0.00, 0.00, 0.00, 1, 1,  8,  39.7273133, -83.7072445,  1574.0, 2026,  3, 28, 20,  4,  3,      148,     1251, 133,  83,   2.0,   1.2,   1.6,  0,  0,  0, 24, 35, 32,  0,  0, 32,  0, 27, 23,  0,  0,  0,  0, 34,  0, 34,  0, 36,  0,  0,  0, 24,  0,  0,  0, 26,  0,  0,  0
6, 11026, 15,KE8EXM,    13.20, 5,   coast,  -10.79,  84596.00, 1496.15, 1361.34,   38.60, 19.9, 4.03, 4.01, 4.03,  -0.17,  -0.09,   0.00,  56.11,   0.02,   1.72,   0.20,  -0.21,  -0.12,   8.54, 4.03, 0.00, 0.00, 0.00, 0.00, 1, 1,  8,  39.7273133, -83.7072445,  1574.0, 2026,  3, 28, 20,  4,  3,      148,     1251, 133,  83,   2.0,   1.2,   1.6,  0,  0,  0, 24, 35, 32,  0,  0, 32,  0, 27, 23,  0,  0,  0,  0, 34,  0, 34,  0, 36,  0,  0,  0, 24,  0,  0,  0, 26,  0,  0,  0
6, 11026, 15,KE8EXM,    13.21, 5,   coast,  -10.30,  84592.00, 1496.53, 1361.73,   38.50, 19.9, 4.03, 4.01, 4.03,  -0.17,  -0.15,   0.07,  55.99,   0.14,   1.72,   0.20,  -0.21,  -0.12,   8.54, 4.03, 0.00, 0.00, 0.00, 0.00, 1, 1,  8,  39.7273133, -83.7072445,  1574.0, 2026,  3, 28, 20,  4,  3,      148,     1251, 133,  83,   2.0,   1.2,   1.6,  0,  0,  0, 24, 35, 32,  0,  0, 32,  0, 27, 23,  0,  0,  0,  0, 34,  0, 34,  0, 36,  0,  0,  0, 24,  0,  0,  0, 26,  0,  0,  0
6, 11026, 15,KE8EXM,    13.22, 5,   coast,  -10.79,  84592.00, 1496.53, 1361.73,   38.39, 19.9, 4.03, 4.01, 4.03,  -0.20,  -0.19,  -0.04,  55.69,   0.32,   1.72,   0.20,  -0.21,  -0.12,   8.55, 4.03, 0.00, 0.00, 0.00, 0.00, 1, 1,  8,  39.7273133, -83.7072445,  1574.0, 2026,  3, 28, 20,  4,  3,      148,     1251, 133,  83,   2.0,   1.2,   1.6,  0,  0,  0, 24, 35, 32,  0,  0, 32,  0, 27, 23,  0,  0,  0,  0, 34,  0, 34,  0, 36,  0,  0,  0, 24,  0,  0,  0, 26,  0,  0,  0
6, 11026, 15,KE8EXM,    13.23, 5,   coast,  -10.30,  84588.00, 1496.92, 1362.11,   38.29, 19.9, 4.03, 4.01, 4.03,  -0.19,  -0.11,  -0.01,  55.44,  -0.23,   1.90,   0.20,  -0.21,  -0.12,   8.56, 4.03, 0.00, 0.00, 0.00, 0.00, 1, 1,  8,  39.7273133, -83.7072445,  1574.0, 2026,  3, 28, 20,  4,  3,      148,     1251, 133,  83,   2.0,   1.2,   1.6,  0,  0,  0, 24, 35, 32,  0,  0, 32,  0, 27, 23,  0,  0,  0,  0, 34,  0, 34,  0, 36,  0,  0,  0, 24,  0,  0,  0, 26,  0,  0,  0
6, 11026, 15,KE8EXM,    13.24, 5,   coast,  -10.30,  84588.00, 1496.92, 1362.11,   38.18, 19.9, 4.03, 4.01, 4.03,  -0.14,  -0.10,   0.04,  55.50,  -0.11,   1.60,   0.20,  -0.22,  -0.12,   8.57, 4.03, 0.00, 0.00, 0.00, 0.00, 1, 1,  8,  39.7273133, -83.7072445,  1574.0, 2026,  3, 28, 20,  4,  3,      148,     1251, 133,  83,   2.0,   1.2,   1.6,  0,  0,  0, 24, 35, 32,  0,  0, 32,  0, 27, 23,  0,  0,  0,  0, 34,  0, 34,  0, 36,  0,  0,  0, 24,  0,  0,  0, 26,  0,  0,  0
6, 11026, 15,KE8EXM,    13.25, 5,   coast,  -10.79,  84582.00, 1497.49, 1362.69,   38.08, 19.9, 4.03, 4.01, 4.03,  -0.17,  -0.12,  -0.04,  55.26,  -0.35,   1.66,   0.20,  -0.22,  -0.11,   8.58, 4.03, 0.00, 0.00, 0.00, 0.00, 1, 1,  8,  39.7273133, -83.7072445,  1574.0, 2026,  3, 28, 20,  4,  3,      148,     1251, 133,  83,   2.0,   1.2,   1.6,  0,  0,  0, 24, 35, 32,  0,  0, 32,  0, 27, 23,  0,  0,  0,  0, 34,  0, 34,  0, 36,  0,  0,  0, 24,  0,  0,  0, 26,  0,  0,  0
6, 11026, 15,KE8EXM,    13.26, 5,   coast,  -10.30,  84582.00, 1497.49, 1362.69,   37.97, 19.9, 4.03, 4.01, 4.03,  -0.15,  -0.11,   0.02,  55.26,  -0.29,   1.78,   0.20,  -0.22,  -0.11,   8.59, 4.03, 0.00, 0.00, 0.00, 0.00, 1, 1,  8,  39.7273133, -83.7072445,  1574.0, 2026,  3, 28, 20,  4,  3,      148,     1251, 133,  83,   2.0,   1.2,   1.6,  0,  0,  0, 24, 35, 32,  0,  0, 32,  0, 27, 23,  0,  0,  0,  0, 34,  0, 34,  0, 36,  0,  0,  0, 24,  0,  0,  0, 26,  0,  0,  0
6, 11026, 15,KE8EXM,    13.27, 5,   coast,  -12.26,  84577.00, 1497.98, 1363.17,   37.86, 19.9, 4.03, 4.01, 4.03,  -0.19,  -0.13,  -0.01,  54.89,  -0.04,   1.42,   0.20,  -0.22,  -0.11,   8.60, 4.03, 0.00, 0.00, 0.00, 0.00, 1, 1,  8,  39.7273133, -83.7072445,  1574.0, 2026,  3, 28, 20,  4,  3,      148,     1251, 133,  83,   2.0,   1.2,   1.6,  0,  0,  0, 24, 35, 32,  0,  0, 32,  0, 27, 23,  0,  0,  0,  0, 34,  0, 34,  0, 36,  0,  0,  0, 24,  0,  0,  0, 26,  0,  0,  0
6, 11026, 15,KE8EXM,    13.28, 5,   coast,  -10.30,  84577.00, 1497.98, 1363.17,   37.76, 19.9, 4.03, 4.01, 4.03,  -0.24,  -0.15,   0.06,  54.83,  -0.11,   1.60,   0.21,  -0.22,  -0.11,   8.61, 4.03, 0.00, 0.00, 0.00, 0.00, 1, 1,  8,  39.7273133, -83.7072445,  1574.0, 2026,  3, 28, 20,  4,  3,      148,     1251, 133,  83,   2.0,   1.2,   1.6,  0,  0,  0, 24, 35, 32,  0,  0, 32,  0, 27, 23,  0,  0,  0,  0, 34,  0, 34,  0, 36,  0,  0,  0, 24,  0,  0,  0, 26,  0,  0,  0
6, 11026, 15,KE8EXM,    13.29, 5,   coast,  -10.79,  84568.00, 1498.84, 1364.04,   37.65, 19.9, 4.03, 4.01, 4.03,  -0.12,  -0.11,   0.01,  54.53,   0.08,   1.60,   0.21,  -0.22,  -0.11,   8.61, 4.03, 0.00, 0.00, 0.00, 0.00, 1, 1,  8,  39.7273133, -83.7072445,  1574.0, 2026,  3, 28, 20,  4,  3,      148,     1251, 133,  83,   2.0,   1.2,   1.6,  0,  0,  0, 24, 35, 32,  0,  0, 32,  0, 27, 23,  0,  0,  0,  0, 34,  0, 34,  0, 36,  0,  0,  0, 24,  0,  0,  0, 26,  0,  0,  0
6, 11026, 15,KE8EXM,    13.30, 5,   coast,   -8.83,  84568.00, 1498.84, 1364.04,   37.55, 19.9, 4.03, 4.01, 4.03,  -0.18,  -0.17,   0.04,  54.53,   0.08,   1.60,   0.21,  -0.22,  -0.11,   8.62, 4.03, 0.00, 0.00, 0.00, 0.00, 1, 1,  8,  39.7273133, -83.7072445,  1574.0, 2026,  3, 28, 20,  4,  3,      148,     1251, 133,  83,   2.0,   1.2,   1.6,  0,  0,  0, 24, 35, 32,  0,  0, 32,  0, 27, 23,  0,  0,  0,  0, 34,  0, 34,  0, 36,  0,  0,  0, 24,  0,  0,  0, 26,  0,  0,  0
6, 11026, 15,KE8EXM,    13.31, 5,   coast,  -10.79,  84568.00, 1498.84, 1364.04,   37.44, 19.9, 4.03, 4.01, 4.03,  -0.19,  -0.17,  -0.01,  54.22,   0.02,   1.54,   0.21,  -0.22,  -0.11,   8.63, 4.03, 0.00, 0.00, 0.00, 0.00, 1, 1,  8,  39.7273133, -83.7072445,  1574.0, 2026,  3, 28, 20,  4,  3,      148,     1251, 133,  83,   2.0,   1.2,   1.6,  0,  0,  0, 24, 35, 32,  0,  0, 32,  0, 27, 23,  0,  0,  0,  0, 34,  0, 34,  0, 36,  0,  0,  0, 24,  0,  0,  0, 26,  0,  0,  0
6, 11026, 15,KE8EXM,    13.32, 5,   coast,  -10.79,  84568.00, 1498.84, 1364.04,   37.34, 19.9, 4.03, 4.01, 4.03,  -0.18,  -0.10,   0.01,  54.22,  -0.11,   1.66,   0.21,  -0.22,  -0.11,   8.64, 4.03, 0.00, 0.00, 0.00, 0.00, 1, 1,  8,  39.7273133, -83.7072445,  1574.0, 2026,  3, 28, 20,  4,  3,      148,     1251, 133,  83,   2.0,   1.2,   1.6,  0,  0,  0, 24, 35, 32,  0,  0, 32,  0, 27, 23,  0,  0,  0,  0, 34,  0, 34,  0, 36,  0,  0,  0, 24,  0,  0,  0, 26,  0,  0,  0
6, 11026, 15,KE8EXM,    13.33, 5,   coast,   -9.81,  84551.00, 1500.48, 1365.68,   37.24, 19.9, 4.03, 4.01, 4.03,  -0.19,  -0.15,   0.06,  54.16,   0.26,   1.42,   0.21,  -0.22,  -0.10,   8.64, 4.03, 0.00, 0.00, 0.00, 0.00, 1, 1,  8,  39.7273133, -83.7072445,  1574.0, 2026,  3, 28, 20,  4,  3,      148,     1251, 133,  83,   2.0,   1.2,   1.6,  0,  0,  0, 24, 35, 32,  0,  0, 32,  0, 27, 23,  0,  0,  0,  0, 34,  0, 34,  0, 36,  0,  0,  0, 24,  0,  0,  0, 26,  0,  0,  0
6, 11026, 15,KE8EXM,    13.34, 5,   coast,   -9.81,  84551.00, 1500.48, 1365.68,   37.14, 19.9, 4.03, 4.01, 4.03,  -0.17,  -0.13,  -0.04,  53.98,   0.02,   1.48,   0.20,  -0.23,  -0.10,   8.65, 4.03, 0.00, 0.00, 0.00, 0.00, 1, 1,  8,  39.7273133, -83.7072445,  1574.0, 2026,  3, 28, 20,  4,  3,      148,     1251, 133,  83,   2.0,   1.2,   1.6,  0,  0,  0, 24, 35, 32,  0,  0, 32,  0, 27, 23,  0,  0,  0,  0, 34,  0, 34,  0, 36,  0,  0,  0, 24,  0,  0,  0, 26,  0,  0,  0
6, 11026, 15,KE8EXM,    13.35, 5,   coast,  -10.79,  84554.00, 1500.19, 1365.39,   37.03, 19.9, 4.03, 4.01, 4.03,  -0.14,  -0.15,   0.09,  53.73,   0.14,   1.60,   0.20,  -0.23,  -0.10,   8.65, 4.03, 0.00, 0.00, 0.00, 0.00, 1, 1,  8,  39.7273133, -83.7072445,  1574.0, 2026,  3, 28, 20,  4,  3,      148,     1251, 133,  83,   2.0,   1.2,   1.6,  0,  0,  0, 24, 35, 32,  0,  0, 32,  0, 27, 23,  0,  0,  0,  0, 34,  0, 34,  0, 36,  0,  0,  0, 24,  0,  0,  0, 26,  0,  0,  0
6, 11026, 15,KE8EXM,    13.36, 5,   coast,  -10.79,  84554.00, 1500.19, 1365.39,   36.93, 19.9, 4.03, 4.01, 4.03,  -0.17,  -0.10,  -0.03,  53.61,  -0.11,   1.66,   0.21,  -0.23,  -0.10,   8.66, 4.03, 0.00, 0.00, 0.00, 0.00, 1, 1,  8,  39.7273133, -83.7072445,  1574.0, 2026,  3, 28, 20,  4,  3,      148,     1251, 133,  83,   2.0,   1.2,   1.6,  0,  0,  0, 24, 35, 32,  0,  0, 32,  0, 27, 23,  0,  0,  0,  0, 34,  0, 34,  0, 36,  0,  0,  0, 24,  0,  0,  0, 26,  0,  0,  0
6, 11026, 15,KE8EXM,    13.37, 5,   coast,   -8.34,  84545.00, 1501.06, 1366.25,   36.83, 19.9, 4.03, 4.01, 4.03,  -0.17,  -0.11,   0.04,  53.49,  -0.29,   1.54,   0.21,  -0.23,  -0.10,   8.67, 4.03, 0.00, 0.00, 0.00, 0.00, 1, 1,  8,  39.7273133, -83.7072445,  1574.0, 2026,  3, 28, 20,  4,  3,      148,     1251, 133,  83,   2.0,   1.2,   1.6,  0,  0,  0, 24, 35, 32,  0,  0, 32,  0, 27, 23,  0,  0,  0,  0, 34,  0, 34,  0, 36,  0,  0,  0, 24,  0,  0,  0, 26,  0,  0,  0
6, 11026, 15,KE8EXM,    13.38, 5,   coast,  -10.79,  84545.00, 1501.06, 1366.25,   36.73, 19.9, 4.03, 4.01, 4.03,  -0.18,  -0.11,   0.00,  53.43,  -0.11,   1.36,   0.21,  -0.23,  -0.10,   8.67, 4.03, 0.00, 0.00, 0.00, 0.00, 1, 1,  8,  39.7273133, -83.7072445,  1574.0, 2026,  3, 28, 20,  4,  3,      148,     1251, 133,  83,   2.0,   1.2,   1.6,  0,  0,  0, 24, 35, 32,  0,  0, 32,  0, 27, 23,  0,  0,  0,  0, 34,  0, 34,  0, 36,  0,  0,  0, 24,  0,  0,  0, 26,  0,  0,  0
6, 11026, 15,KE8EXM,    13.39, 5,   coast,  -10.30,  84547.00, 1500.87, 1366.06,   36.63, 19.9, 4.03, 4.01, 4.03,  -0.17,  -0.04,   0.06,  53.61,  -0.29,   1.42,   0.21,  -0.23,  -0.10,   8.68, 4.03, 0.00, 0.00, 0.00, 0.00, 1, 1,  8,  39.7273133, -83.7072445,  1574.0, 2026,  3, 28, 20,  4,  3,      148,     1251, 133,  83,   2.0,   1.2,   1.6,  0,  0,  0, 24, 35, 32,  0,  0, 32,  0, 27, 23,  0,  0,  0,  0, 34,  0, 34,  0, 36,  0,  0,  0, 24,  0,  0,  0, 26,  0,  0,  0
6, 11026, 15,KE8EXM,    13.40, 5,   coast,   -9.81,  84547.00, 1500.87, 1366.06,   36.53, 19.9, 4.03, 4.01, 4.03,  -0.15,  -0.13,   0.01,  53.00,  -0.29,   1.54,   0.21,  -0.23,  -0.10,   8.69, 4.03, 0.00, 0.00, 0.00, 0.00, 1, 1,  8,  39.7273133, -83.7072445,  1574.0, 2026,  3, 28, 20,  4,  3,      148,     1251, 133,  83,   2.0,   1.2,   1.6,  0,  0,  0, 24, 35, 32,  0,  0, 32,  0, 27, 23,  0,  0,  0,  0, 34,  0, 34,  0, 36,  0,  0,  0, 24,  0,  0,  0, 26,  0,  0,  0
6, 11026, 15,KE8EXM,    13.41, 5,   coast,  -11.28,  84537.00, 1501.83, 1367.03,   36.42, 19.9, 4.03, 4.01, 4.03,  -0.16,  -0.08,   0.11,  53.00,  -0.11,   1.48,   0.21,  -0.23,  -0.09,   8.70, 4.03, 0.00, 0.00, 0.00, 0.00, 1, 1,  8,  39.7273133, -83.7072445,  1574.0, 2026,  3, 28, 20,  4,  3,      148,     1251, 133,  83,   2.0,   1.2,   1.6,  0,  0,  0, 24, 35, 32,  0,  0, 32,  0, 27, 23,  0,  0,  0,  0, 34,  0, 34,  0, 36,  0,  0,  0, 24,  0,  0,  0, 26,  0,  0,  0
6, 11026, 15,KE8EXM,    13.42, 5,   coast,  -10.79,  84537.00, 1501.83, 1367.03,   36.32, 19.9, 4.03, 4.01, 4.03,  -0.15,  -0.11,   0.00,  53.31,  -0.11,   1.72,   0.20,  -0.23,  -0.09,   8.70, 4.03, 0.00, 0.00, 0.00, 0.00, 1, 1,  8,  39.7273133, -83.7072445,  1574.0, 2026,  3, 28, 20,  4,  3,      148,     1251, 133,  83,   2.0,   1.2,   1.6,  0,  0,  0, 24, 35, 32,  0,  0, 32,  0, 27, 23,  0,  0,  0,  0, 34,  0, 34,  0, 36,  0,  0,  0, 24,  0,  0,  0, 26,  0,  0,  0
6, 11026, 15,KE8EXM,    13.43, 5,   coast,   -9.32,  84526.00, 1502.89, 1368.09,   36.22, 19.9, 4.03, 4.01, 4.03,  -0.17,  -0.13,   0.08,  52.64,   0.02,   1.48,   0.20,  -0.23,  -0.09,   8.71, 4.03, 0.00, 0.00, 0.00, 0.00, 1, 1,  8,  39.7273133, -83.7072445,  1574.0, 2026,  3, 28, 20,  4,  3,      148,     1251, 133,  83,   2.0,   1.2,   1.6,  0,  0,  0, 24, 35, 32,  0,  0, 32,  0, 27, 23,  0,  0,  0,  0, 34,  0, 34,  0, 36,  0,  0,  0, 24,  0,  0,  0, 26,  0,  0,  0
6, 11026, 15,KE8EXM,    13.44, 5,   coast,  -10.30,  84526.00, 1502.89, 1368.09,   36.11, 19.9, 4.03, 4.01, 4.03,  -0.17,  -0.14,   0.03,  53.37,  -0.04,   1.54,   0.20,  -0.23,  -0.09,   8.71, 4.03, 0.00, 0.00, 0.00, 0.00, 1, 1,  8,  39.7273133, -83.7072445,  1574.0, 2026,  3, 28, 20,  4,  3,      148,     1251, 133,  83,   2.0,   1.2,   1.6,  0,  0,  0, 24, 35, 32,  0,  0, 32,  0, 27, 23,  0,  0,  0,  0, 34,  0, 34,  0, 36,  0,  0,  0, 24,  0,  0,  0, 26,  0,  0,  0
6, 11026, 15,KE8EXM,    13.45, 5,   coast,  -10.79,  84515.00, 1503.95, 1369.15,   36.01, 19.9, 4.03, 4.01, 4.03,  -0.17,  -0.14,   0.06,  52.39,  -0.35,   1.42,   0.20,  -0.24,  -0.09,   8.72, 4.03, 0.00, 0.00, 0.00, 0.00, 1, 1,  8,  39.7273133, -83.7072445,  1574.0, 2026,  3, 28, 20,  4,  3,      148,     1251, 133,  83,   2.0,   1.2,   1.6,  0,  0,  0, 24, 35, 32,  0,  0, 32,  0, 27, 23,  0,  0,  0,  0, 34,  0, 34,  0, 36,  0,  0,  0, 24,  0,  0,  0, 26,  0,  0,  0
6, 11026, 15,KE8EXM,    13.46, 5,   coast,  -10.30,  84515.00, 1503.95, 1369.15,   35.91, 19.9, 4.03, 4.02, 4.02,  -0.15,  -0.06,   0.03,  52.45,   0.20,   1.54,   0.20,  -0.24,  -0.08,   8.73, 4.04, 0.00, 0.00, 0.00, 0.00, 1, 1,  8,  39.7273133, -83.7072445,  1574.0, 2026,  3, 28, 20,  4,  3,      148,     1251, 133,  83,   2.0,   1.2,   1.6,  0,  0,  0, 24, 35, 32,  0,  0, 32,  0, 27, 23,  0,  0,  0,  0, 34,  0, 34,  0, 36,  0,  0,  0, 24,  0,  0,  0, 26,  0,  0,  0
6, 11026, 15,KE8EXM,    13.46, 5,   coast,  -10.30,  84515.00, 1503.95, 1369.15,   35.91, 19.9, 4.03, 4.02, 4.02,  -0.15,  -0.06,   0.03,  52.45,   0.20,   1.54,   0.20,  -0.24,  -0.08,   8.73, 4.04, 0.00, 0.00, 0.00, 0.00, 1, 1,  8,  39.7273133, -83.7072445,  1574.0, 2026,  3, 28, 20,  4,  3,      148,     1251, 133,  83,   2.0,   1.2,   1.6,  0,  0,  0, 24, 35, 32,  0,  0, 32,  0, 27, 23,  0,  0,  0,  0, 34,  0, 34,  0, 36,  0,  0,  0, 24,  0,  0,  0, 26,  0,  0,  0
6, 11026, 15,KE8EXM,    13.47, 5,   coast,  -10.30,  84515.00, 1503.95, 1369.15,   35.80, 19.9, 4.03, 4.02, 4.02,  -0.08,  -0.08,   0.04,  52.33,  -0.41,   1.42,   0.20,  -0.24,  -0.08,   8.73, 4.04, 0.00, 0.00, 0.00, 0.00, 1, 1,  8,  39.7273133, -83.7072445,  1574.0, 2026,  3, 28, 20,  4,  3,      148,     1251, 133,  83,   2.0,   1.2,   1.6,  0,  0,  0, 24, 35, 32,  0,  0, 32,  0, 27, 23,  0,  0,  0,  0, 34,  0, 34,  0, 36,  0,  0,  0, 24,  0,  0,  0, 26,  0,  0,  0
6, 11026, 15,KE8EXM,    13.48, 5,   coast,  -10.79,  84515.00, 1503.95, 1369.15,   35.70, 19.9, 4.03, 4.02, 4.02,  -0.15,  -0.13,   0.00,  52.33,  -0.11,   1.48,   0.20,  -0.24,  -0.08,   8.74, 4.04, 0.00, 0.00, 0.00, 0.00, 1, 1,  8,  39.7273133, -83.7072445,  1574.0, 2026,  3, 28, 20,  4,  3,      148,     1251, 133,  83,   2.0,   1.2,   1.6,  0,  0,  0, 24, 35, 32,  0,  0, 32,  0, 27, 23,  0,  0,  0,  0, 34,  0, 34,  0, 36,  0,  0,  0, 24,  0,  0,  0, 26,  0,  0,  0
6, 11026, 15,KE8EXM,    13.49, 5,   coast,  -10.79,  84516.00, 1503.86, 1369.05,   35.59, 19.9, 4.03, 4.02, 4.02,  -0.16,  -0.09,   0.06,  52.03,  -0.04,   1.29,   0.20,  -0.24,  -0.08,   8.75, 4.04, 0.00, 0.00, 0.00, 0.00, 1, 1,  8,  39.7273133, -83.7072445,  1574.0, 2026,  3, 28, 20,  4,  3,      148,     1251, 133,  83,   2.0,   1.2,   1.6,  0,  0,  0, 24, 35, 32,  0,  0, 32,  0, 27, 23,  0,  0,  0,  0, 34,  0, 34,  0, 36,  0,  0,  0, 24,  0,  0,  0, 26,  0,  0,  0
6, 11026, 15,KE8EXM,    13.50, 5,   coast,  -10.79,  84516.00, 1503.86, 1369.05,   35.48, 19.9, 4.03, 4.02, 4.02,  -0.13,  -0.11,   0.03,  51.96,  -0.35,   1.42,   0.20,  -0.24,  -0.08,   8.75, 4.04, 0.00, 0.00, 0.00, 0.00, 1, 1,  8,  39.7273133, -83.7072445,  1574.0, 2026,  3, 28, 20,  4,  3,      148,     1251, 133,  83,   2.0,   1.2,   1.6,  0,  0,  0, 24, 35, 32,  0,  0, 32,  0, 27, 23,  0,  0,  0,  0, 34,  0, 34,  0, 36,  0,  0,  0, 24,  0,  0,  0, 26,  0,  0,  0
6, 11026, 15,KE8EXM,    13.51, 5,   coast,  -11.28,  84500.00, 1505.40, 1370.59,   35.37, 19.9, 4.03, 4.02, 4.02,  -0.12,  -0.13,   0.10,  51.78,  -0.29,   1.42,   0.20,  -0.24,  -0.07,   8.76, 4.04, 0.00, 0.00, 0.00, 0.00, 1, 1,  8,  39.7273133, -83.7072445,  1574.0, 2026,  3, 28, 20,  4,  3,      148,     1251, 133,  83,   2.0,   1.2,   1.6,  0,  0,  0, 24, 35, 32,  0,  0, 32,  0, 27, 23,  0,  0,  0,  0, 34,  0, 34,  0, 36,  0,  0,  0, 24,  0,  0,  0, 26,  0,  0,  0
6, 11026, 15,KE8EXM,    13.52, 5,   coast,  -10.79,  84500.00, 1505.40, 1370.59,   35.26, 19.9, 4.03, 4.02, 4.02,  -0.15,  -0.11,   0.04,  51.72,  -0.47,   1.48,   0.20,  -0.24,  -0.07,   8.77, 4.04, 0.00, 0.00, 0.00, 0.00, 1, 1,  8,  39.7273133, -83.7072445,  1574.0, 2026,  3, 28, 20,  4,  3,      148,     1251, 133,  83,   2.0,   1.2,   1.6,  0,  0,  0, 24, 35, 32,  0,  0, 32,  0, 27, 23,  0,  0,  0,  0, 34,  0, 34,  0, 36,  0,  0,  0, 24,  0,  0,  0, 26,  0,  0,  0
6, 11026, 15,KE8EXM,    13.53, 5,   coast,  -10.79,  84501.00, 1505.30, 1370.50,   35.15, 19.9, 4.03, 4.02, 4.02,  -0.17,  -0.12,   0.13,  51.35,  -0.17,   1.48,   0.20,  -0.24,  -0.07,   8.77, 4.04, 0.00, 0.00, 0.00, 0.00, 1, 1,  8,  39.7273133, -83.7072445,  1574.0, 2026,  3, 28, 20,  4,  3,      148,     1251, 133,  83,   2.0,   1.2,   1.6,  0,  0,  0, 24, 35, 32,  0,  0, 32,  0, 27, 23,  0,  0,  0,  0, 34,  0, 34,  0, 36,  0,  0,  0, 24,  0,  0,  0, 26,  0,  0,  0
6, 11026, 15,KE8EXM,    13.54, 5,   coast,  -11.28,  84501.00, 1505.30, 1370.50,   35.04, 19.9, 4.03, 4.02, 4.02,  -0.12,  -0.08,   0.01,  51.60,  -0.04,   1.17,   0.20,  -0.24,  -0.07,   8.78, 4.04, 0.00, 0.00, 0.00, 0.00, 1, 1,  8,  39.7273133, -83.7072445,  1574.0, 2026,  3, 28, 20,  4,  3,      148,     1251, 133,  83,   2.0,   1.2,   1.6,  0,  0,  0, 24, 35, 32,  0,  0, 32,  0, 27, 23,  0,  0,  0,  0, 34,  0, 34,  0, 36,  0,  0,  0, 24,  0,  0,  0, 26,  0,  0,  0
6, 11026, 15,KE8EXM,    13.55, 5,   coast,  -11.28,  84495.00, 1505.88, 1371.07,   34.94, 19.9, 4.03, 4.02, 4.02,  -0.12,  -0.13,   0.06,  51.17,  -0.11,   1.36,   0.20,  -0.24,  -0.07,   8.78, 4.04, 0.00, 0.00, 0.00, 0.00, 1, 1,  8,  39.7273133, -83.7072445,  1574.0, 2026,  3, 28, 20,  4,  3,      148,     1251, 133,  83,   2.0,   1.2,   1.6,  0,  0,  0, 24, 35, 32,  0,  0, 32,  0, 27, 23,  0,  0,  0,  0, 34,  0, 34,  0, 36,  0,  0,  0, 24,  0,  0,  0, 26,  0,  0,  0
6, 11026, 15,KE8EXM,    13.56, 5,   coast,  -10.30,  84495.00, 1505.88, 1371.07,   34.83, 19.9, 4.03, 4.02, 4.02,  -0.14,  -0.06,   0.02,  51.35,  -0.11,   1.48,   0.20,  -0.24,  -0.07,   8.79, 4.04, 0.00, 0.00, 0.00, 0.00, 1, 1,  8,  39.7273133, -83.7072445,  1574.0, 2026,  3, 28, 20,  4,  3,      148,     1251, 133,  83,   2.0,   1.2,   1.6,  0,  0,  0, 24, 35, 32,  0,  0, 32,  0, 27, 23,  0,  0,  0,  0, 34,  0, 34,  0, 36,  0,  0,  0, 24,  0,  0,  0, 26,  0,  0,  0
6, 11026, 15,KE8EXM,    13.57, 5,   coast,   -9.81,  84487.00, 1506.65, 1371.85,   34.73, 19.9, 4.03, 4.02, 4.02,  -0.11,  -0.14,   0.10,  51.11,  -0.04,   1.17,   0.20,  -0.24,  -0.07,   8.79, 4.04, 0.00, 0.00, 0.00, 0.00, 1, 1,  8,  39.7273133, -83.7072445,  1574.0, 2026,  3, 28, 20,  4,  3,      148,     1251, 133,  83,   2.0,   1.2,   1.6,  0,  0,  0, 24, 35, 32,  0,  0, 32,  0, 27, 23,  0,  0,  0,  0, 34,  0, 34,  0, 36,  0,  0,  0, 24,  0,  0,  0, 26,  0,  0,  0
6, 11026, 15,KE8EXM,    13.58, 5,   coast,   -9.81,  84487.00, 1506.65, 1371.85,   34.63, 19.9, 4.03, 4.02, 4.02,  -0.13,  -0.09,   0.04,  51.05,  -0.11,   1.60,   0.20,  -0.24,  -0.06,   8.80, 4.04, 0.00, 0.00, 0.00, 0.00, 1, 1,  8,  39.7273133, -83.7072445,  1574.0, 2026,  3, 28, 20,  4,  3,      148,     1251, 133,  83,   2.0,   1.2,   1.6,  0,  0,  0, 24, 35, 32,  0,  0, 32,  0, 27, 23,  0,  0,  0,  0, 34,  0, 34,  0, 36,  0,  0,  0, 24,  0,  0,  0, 26,  0,  0,  0
6, 11026, 15,KE8EXM,    13.59, 5,   coast,   -9.81,  84477.00, 1507.62, 1372.81,   34.53, 19.9, 4.03, 4.02, 4.02,  -0.11,  -0.10,   0.09,  51.17,   0.02,   1.23,   0.20,  -0.25,  -0.06,   8.80, 4.04, 0.00, 0.00, 0.00, 0.00, 1, 1,  8,  39.7273133, -83.7072445,  1574.0, 2026,  3, 28, 20,  4,  3,      148,     1251, 133,  83,   2.0,   1.2,   1.6,  0,  0,  0, 24, 35, 32,  0,  0, 32,  0, 27, 23,  0,  0,  0,  0, 34,  0, 34,  0, 36,  0,  0,  0, 24,  0,  0,  0, 26,  0,  0,  0
6, 11026, 15,KE8EXM,    13.60, 5,   coast,   -9.81,  84477.00, 1507.62, 1372.81,   34.42, 19.9, 4.03, 4.02, 4.02,  -0.11,  -0.06,   0.06,  51.11,  -0.11,   1.36,   0.20,  -0.24,  -0.06,   8.80, 4.04, 0.00, 0.00, 0.00, 0.00, 1, 1,  8,  39.7273133, -83.7072445,  1574.0, 2026,  3, 28, 20,  4,  3,      148,     1251, 133,  83,   2.0,   1.2,   1.6,  0,  0,  0, 24, 35, 32,  0,  0, 32,  0, 27, 23,  0,  0,  0,  0, 34,  0, 34,  0, 36,  0,  0,  0, 24,  0,  0,  0, 26,  0,  0,  0
6, 11026, 15,KE8EXM,    13.61, 5,   coast,  -11.28,  84473.00, 1508.00, 1373.20,   34.32, 19.9, 4.03, 4.02, 4.02,  -0.12,  -0.08,   0.08,  50.74,  -0.11,   1.29,   0.20,  -0.25,  -0.06,   8.81, 4.04, 0.00, 0.00, 0.00, 0.00, 1, 1,  8,  39.7273133, -83.7072445,  1574.0, 2026,  3, 28, 20,  4,  3,      148,     1251, 133,  83,   2.0,   1.2,   1.6,  0,  0,  0, 24, 35, 32,  0,  0, 32,  0, 27, 23,  0,  0,  0,  0, 34,  0, 34,  0, 36,  0,  0,  0, 24,  0,  0,  0, 26,  0,  0,  0
6, 11026, 15,KE8EXM,    13.62, 5,   coast,   -9.81,  84473.00, 1508.00, 1373.20,   34.22, 19.9, 4.03, 4.02, 4.02,  -0.15,  -0.09,   0.12,  50.62,  -0.29,   1.42,   0.20,  -0.25,  -0.06,   8.81, 4.04, 0.00, 0.00, 0.00, 0.00, 1, 1,  8,  39.7273133, -83.7072445,  1574.0, 2026,  3, 28, 20,  4,  3,      148,     1251, 133,  83,   2.0,   1.2,   1.6,  0,  0,  0, 24, 35, 32,  0,  0, 32,  0, 27, 23,  0,  0,  0,  0, 34,  0, 34,  0, 36,  0,  0,  0, 24,  0,  0,  0, 26,  0,  0,  0
6, 11026, 15,KE8EXM,    13.63, 5,   coast,   -9.32,  84467.00, 1508.58, 1373.78,   34.12, 19.9, 4.03, 4.02, 4.02,  -0.14,  -0.14,   0.09,  50.50,  -0.11,   1.36,   0.20,  -0.25,  -0.06,   8.82, 4.04, 0.00, 0.00, 0.00, 0.00, 1, 1,  8,  39.7273133, -83.7072445,  1574.0, 2026,  3, 28, 20,  4,  3,      148,     1251, 133,  83,   2.0,   1.2,   1.6,  0,  0,  0, 24, 35, 32,  0,  0, 32,  0, 27, 23,  0,  0,  0,  0, 34,  0, 34,  0, 36,  0,  0,  0, 24,  0,  0,  0, 26,  0,  0,  0
6, 11026, 15,KE8EXM,    13.64, 5,   coast,   -9.32,  84467.00, 1508.58, 1373.78,   34.02, 19.9, 4.03, 4.02, 4.02,  -0.12,  -0.08,   0.10,  50.56,  -0.23,   1.29,   0.20,  -0.25,  -0.06,   8.82, 4.04, 0.00, 0.00, 0.00, 0.00, 1, 1,  8,  39.7273133, -83.7072445,  1574.0, 2026,  3, 28, 20,  4,  3,      148,     1251, 133,  83,   2.0,   1.2,   1.6,  0,  0,  0, 24, 35, 32,  0,  0, 32,  0, 27, 23,  0,  0,  0,  0, 34,  0, 34,  0, 36,  0,  0,  0, 24,  0,  0,  0, 26,  0,  0,  0
6, 11026, 15,KE8EXM,    13.65, 5,   coast,  -11.77,  84465.00, 1508.77, 1373.97,   33.92, 19.9, 4.03, 4.02, 4.02,  -0.15,  -0.08,   0.05,  50.32,  -0.41,   1.36,   0.20,  -0.25,  -0.06,   8.83, 4.04, 0.00, 0.00, 0.00, 0.00, 1, 1,  8,  39.7273133, -83.7072445,  1574.0, 2026,  3, 28, 20,  4,  3,      148,     1251, 133,  83,   2.0,   1.2,   1.6,  0,  0,  0, 24, 35, 32,  0,  0, 32,  0, 27, 23,  0,  0,  0,  0, 34,  0, 34,  0, 36,  0,  0,  0, 24,  0,  0,  0, 26,  0,  0,  0
6, 11026, 15,KE8EXM,    13.66, 5,   coast,  -11.28,  84465.00, 1508.77, 1373.97,   33.81, 19.9, 4.03, 4.02, 4.02,  -0.11,  -0.11,   0.10,  50.32,  -0.11,   1.17,   0.20,  -0.25,  -0.05,   8.83, 4.04, 0.00, 0.00, 0.00, 0.00, 1, 1,  8,  39.7273133, -83.7072445,  1574.0, 2026,  3, 28, 20,  4,  3,      148,     1251, 133,  83,   2.0,   1.2,   1.6,  0,  0,  0, 24, 35, 32,  0,  0, 32,  0, 27, 23,  0,  0,  0,  0, 34,  0, 34,  0, 36,  0,  0,  0, 24,  0,  0,  0, 26,  0,  0,  0
6, 11026, 15,KE8EXM,    13.67, 5,   coast,  -10.79,  84458.00, 1509.45, 1374.64,   33.70, 19.9, 4.03, 4.02, 4.02,  -0.11,  -0.09,   0.11,  50.13,   0.02,   1.17,   0.20,  -0.25,  -0.05,   8.83, 4.04, 0.00, 0.00, 0.00, 0.00, 1, 1,  8,  39.7273133, -83.7072445,  1574.0, 2026,  3, 28, 20,  4,  3,      148,     1251, 133,  83,   2.0,   1.2,   1.6,  0,  0,  0, 24, 35, 32,  0,  0, 32,  0, 27, 23,  0,  0,  0,  0, 34,  0, 34,  0, 36,  0,  0,  0, 24,  0,  0,  0, 26,  0,  0,  0
6, 11026, 15,KE8EXM,    13.68, 5,   coast,   -9.32,  84458.00, 1509.45, 1374.64,   33.60, 19.9, 4.03, 4.02, 4.02,  -0.11,  -0.12,   0.09,  50.19,  -0.35,   1.36,   0.20,  -0.25,  -0.05,   8.84, 4.04, 0.00, 0.00, 0.00, 0.00, 1, 1,  8,  39.7273133, -83.7072445,  1574.0, 2026,  3, 28, 20,  4,  3,      148,     1251, 133,  83,   2.0,   1.2,   1.6,  0,  0,  0, 24, 35, 32,  0,  0, 32,  0, 27, 23,  0,  0,  0,  0, 34,  0, 34,  0, 36,  0,  0,  0, 24,  0,  0,  0, 26,  0,  0,  0
6, 11026, 15,KE8EXM,    13.69, 5,   coast,  -12.26,  84454.00, 1509.84, 1375.03,   33.49, 19.9, 4.03, 4.02, 4.02,  -0.14,  -0.06,   0.09,  50.19,  -0.35,   1.42,   0.20,  -0.25,  -0.05,   8.85, 4.04, 0.00, 0.00, 0.00, 0.00, 1, 1,  8,  39.7273133, -83.7072445,  1574.0, 2026,  3, 28, 20,  4,  3,      148,     1251, 133,  83,   2.0,   1.2,   1.6,  0,  0,  0, 24, 35, 32,  0,  0, 32,  0, 27, 23,  0,  0,  0,  0, 34,  0, 34,  0, 36,  0,  0,  0, 24,  0,  0,  0, 26,  0,  0,  0
6, 11026, 15,KE8EXM,    13.70, 5,   coast,  -10.79,  84454.00, 1509.84, 1375.03,   33.38, 19.9, 4.03, 4.02, 4.02,  -0.11,  -0.13,   0.12,  49.71,  -0.35,   1.29,   0.20,  -0.25,  -0.05,   8.85, 4.04, 0.00, 0.00, 0.00, 0.00, 1, 1,  8,  39.7273133, -83.7072445,  1574.0, 2026,  3, 28, 20,  4,  3,      148,     1251, 133,  83,   2.0,   1.2,   1.6,  0,  0,  0, 24, 35, 32,  0,  0, 32,  0, 27, 23,  0,  0,  0,  0, 34,  0, 34,  0, 36,  0,  0,  0, 24,  0,  0,  0, 26,  0,  0,  0
6, 11026, 15,KE8EXM,    13.71, 5,   coast,   -9.32,  84443.00, 1510.90, 1376.09,   33.28, 19.9, 4.03, 4.02, 4.02,  -0.11,  -0.08,   0.09,  50.01,  -0.47,   0.99,   0.20,  -0.25,  -0.04,   8.86, 4.04, 0.00, 0.00, 0.00, 0.00, 1, 1,  8,  39.7273133, -83.7072445,  1574.0, 2026,  3, 28, 20,  4,  3,      148,     1251, 133,  83,   2.0,   1.2,   1.6,  0,  0,  0, 24, 35, 32,  0,  0, 32,  0, 27, 23,  0,  0,  0,  0, 34,  0, 34,  0, 36,  0,  0,  0, 24,  0,  0,  0, 26,  0,  0,  0
6, 11026, 15,KE8EXM,    13.72, 5,   coast,   -9.81,  84443.00, 1510.90, 1376.09,   33.18, 19.9, 4.03, 4.02, 4.02,  -0.10,  -0.11,   0.17,  49.58,  -0.65,   1.48,   0.20,  -0.25,  -0.04,   8.87, 4.04, 0.00, 0.00, 0.00, 0.00, 1, 1,  8,  39.7273133, -83.7072445,  1574.0, 2026,  3, 28, 20,  4,  3,      148,     1251, 133,  83,   2.0,   1.2,   1.6,  0,  0,  0, 24, 35, 32,  0,  0, 32,  0, 27, 23,  0,  0,  0,  0, 34,  0, 34,  0, 36,  0,  0,  0, 24,  0,  0,  0, 26,  0,  0,  0
6, 11026, 15,KE8EXM,    13.73, 5,   coast,  -12.26,  84436.00, 1511.57, 1376.77,   33.07, 19.9, 4.03, 4.02, 4.02,  -0.11,  -0.08,   0.05,  49.52,  -0.59,   0.99,   0.20,  -0.25,  -0.04,   8.87, 4.04, 0.00, 0.00, 0.00, 0.00, 1, 1,  8,  39.7273133, -83.7072445,  1574.0, 2026,  3, 28, 20,  4,  3,      148,     1251, 133,  83,   2.0,   1.2,   1.6,  0,  0,  0, 24, 35, 32,  0,  0, 32,  0, 27, 23,  0,  0,  0,  0, 34,  0, 34,  0, 36,  0,  0,  0, 24,  0,  0,  0, 26,  0,  0,  0
6, 11026, 15,KE8EXM,    13.74, 5,   coast,   -8.34,  84436.00, 1511.57, 1376.77,   32.97, 19.9, 4.03, 4.02, 4.02,  -0.09,  -0.12,   0.11,  49.34,  -0.78,   1.17,   0.20,  -0.25,  -0.04,   8.88, 4.04, 0.00, 0.00, 0.00, 0.00, 1, 1,  8,  39.7273133, -83.7072445,  1574.0, 2026,  3, 28, 20,  4,  3,      148,     1251, 133,  83,   2.0,   1.2,   1.6,  0,  0,  0, 24, 35, 32,  0,  0, 32,  0, 27, 23,  0,  0,  0,  0, 34,  0, 34,  0, 36,  0,  0,  0, 24,  0,  0,  0, 26,  0,  0,  0
6, 11026, 15,KE8EXM,    13.75, 5,   coast,  -10.30,  84431.00, 1512.05, 1377.25,   32.87, 19.9, 4.03, 4.02, 4.02,  -0.11,  -0.13,   0.09,  49.34,  -0.29,   1.17,   0.20,  -0.25,  -0.04,   8.89, 4.04, 0.00, 0.00, 0.00, 0.00, 1, 1,  8,  39.7273133, -83.7072445,  1574.0, 2026,  3, 28, 20,  4,  3,      148,     1251, 133,  83,   2.0,   1.2,   1.6,  0,  0,  0, 24, 35, 32,  0,  0, 32,  0, 27, 23,  0,  0,  0,  0, 34,  0, 34,  0, 36,  0,  0,  0, 24,  0,  0,  0, 26,  0,  0,  0
6, 11026, 15,KE8EXM,    13.76, 5,   coast,  -11.28,  84431.00, 1512.05, 1377.25,   32.76, 19.9, 4.03, 4.02, 4.02,  -0.10,  -0.09,   0.13,  49.03,  -0.65,   1.23,   0.20,  -0.25,  -0.04,   8.89, 4.04, 0.00, 0.00, 0.00, 0.00, 1, 1,  8,  39.7273133, -83.7072445,  1574.0, 2026,  3, 28, 20,  4,  3,      148,     1251, 133,  83,   2.0,   1.2,   1.6,  0,  0,  0, 24, 35, 32,  0,  0, 32,  0, 27, 23,  0,  0,  0,  0, 34,  0, 34,  0, 36,  0,  0,  0, 24,  0,  0,  0, 26,  0,  0,  0
6, 11026, 15,KE8EXM,    13.77, 5,   coast,  -10.30,  84422.00, 1512.92, 1378.12,   32.66, 19.9, 4.03, 4.02, 4.02,  -0.14,  -0.10,   0.07,  48.91,  -0.78,   1.11,   0.20,  -0.25,  -0.04,   8.90, 4.04, 0.00, 0.00, 0.00, 0.00, 1, 1,  8,  39.7273133, -83.7072445,  1574.0, 2026,  3, 28, 20,  4,  3,      148,     1251, 133,  83,   2.0,   1.2,   1.6,  0,  0,  0, 24, 35, 32,  0,  0, 32,  0, 27, 23,  0,  0,  0,  0, 34,  0, 34,  0, 36,  0,  0,  0, 24,  0,  0,  0, 26,  0,  0,  0
6, 11026, 15,KE8EXM,    13.78, 5,   coast,  -10.30,  84422.00, 1512.92, 1378.12,   32.55, 19.9, 4.04, 4.01, 4.02,  -0.11,  -0.13,   0.09,  48.79,  -0.59,   1.05,   0.20,  -0.25,  -0.04,   8.91, 4.04, 0.00, 0.00, 0.00, 0.00, 1, 1,  8,  39.7273133, -83.7072445,  1574.0, 2026,  3, 28, 20,  4,  3,      148,     1251, 133,  83,   2.0,   1.2,   1.6,  0,  0,  0, 24, 35, 32,  0,  0, 32,  0, 27, 23,  0,  0,  0,  0, 34,  0, 34,  0, 36,  0,  0,  0, 24,  0,  0,  0, 26,  0,  0,  0
6, 11026, 15,KE8EXM,    13.78, 5,   coast,  -10.30,  84422.00, 1512.92, 1378.12,   32.55, 19.9, 4.04, 4.01, 4.02,  -0.11,  -0.13,   0.09,  48.79,  -0.59,   1.05,   0.20,  -0.25,  -0.04,   8.91, 4.04, 0.00, 0.00, 0.00, 0.00, 1, 1,  8,  39.7273133, -83.7072445,  1574.0, 2026,  3, 28, 20,  4,  3,      148,     1251, 133,  83,   2.0,   1.2,   1.6,  0,  0,  0, 24, 35, 32,  0,  0, 32,  0, 27, 23,  0,  0,  0,  0, 34,  0, 34,  0, 36,  0,  0,  0, 24,  0,  0,  0, 26,  0,  0,  0
6, 11026, 15,KE8EXM,    13.79, 5,   coast,  -13.24,  84424.00, 1512.73, 1377.92,   32.44, 19.9, 4.04, 4.01, 4.02,  -0.11,  -0.09,   0.13,  48.97,  -0.53,   1.23,   0.21,  -0.25,  -0.03,   8.92, 4.04, 0.00, 0.00, 0.00, 0.00, 1, 1,  8,  39.7273133, -83.7072445,  1574.0, 2026,  3, 28, 20,  4,  3,      148,     1251, 133,  83,   2.0,   1.2,   1.6,  0,  0,  0, 24, 35, 32,  0,  0, 32,  0, 27, 23,  0,  0,  0,  0, 34,  0, 34,  0, 36,  0,  0,  0, 24,  0,  0,  0, 26,  0,  0,  0
6, 11026, 15,KE8EXM,    13.80, 5,   coast,   -9.32,  84424.00, 1512.73, 1377.92,   32.34, 19.9, 4.04, 4.01, 4.02,  -0.09,  -0.07,   0.14,  48.91,  -0.72,   1.05,   0.20,  -0.25,  -0.03,   8.92, 4.04, 0.00, 0.00, 0.00, 0.00, 1, 1,  8,  39.7273133, -83.7072445,  1574.0, 2026,  3, 28, 20,  4,  3,      148,     1251, 133,  83,   2.0,   1.2,   1.6,  0,  0,  0, 24, 35, 32,  0,  0, 32,  0, 27, 23,  0,  0,  0,  0, 34,  0, 34,  0, 36,  0,  0,  0, 24,  0,  0,  0, 26,  0,  0,  0
6, 11026, 15,KE8EXM,    13.81, 5,   coast,   -8.83,  84420.00, 1513.12, 1378.31,   32.24, 19.9, 4.04, 4.01, 4.02,  -0.09,  -0.15,   0.11,  48.49,  -0.78,   1.11,   0.21,  -0.25,  -0.03,   8.93, 4.04, 0.00, 0.00, 0.00, 0.00, 1, 1,  8,  39.7273133, -83.7072445,  1574.0, 2026,  3, 28, 20,  4,  3,      148,     1251, 133,  83,   2.0,   1.2,   1.6,  0,  0,  0, 24, 35, 32,  0,  0, 32,  0, 27, 23,  0,  0,  0,  0, 34,  0, 34,  0, 36,  0,  0,  0, 24,  0,  0,  0, 26,  0,  0,  0
6, 11026, 15,KE8EXM,    13.82, 5,   coast,   -8.83,  84420.00, 1513.12, 1378.31,   32.14, 19.9, 4.04, 4.01, 4.02,  -0.08,  -0.07,   0.13,  48.61,  -0.29,   0.99,   0.21,  -0.25,  -0.03,   8.94, 4.04, 0.00, 0.00, 0.00, 0.00, 1, 1,  8,  39.7273133, -83.7072445,  1574.0, 2026,  3, 28, 20,  4,  3,      148,     1251, 133,  83,   2.0,   1.2,   1.6,  0,  0,  0, 24, 35, 32,  0,  0, 32,  0, 27, 23,  0,  0,  0,  0, 34,  0, 34,  0, 36,  0,  0,  0, 24,  0,  0,  0, 26,  0,  0,  0
6, 11026, 15,KE8EXM,    13.83, 5,   coast,  -10.30,  84409.00, 1514.18, 1379.37,   32.05, 19.9, 4.04, 4.01, 4.02,  -0.09,  -0.11,   0.10,  48.49,  -0.53,   1.11,   0.21,  -0.25,  -0.03,   8.94, 4.04, 0.00, 0.00, 0.00, 0.00, 1, 1,  8,  39.7273133, -83.7072445,  1574.0, 2026,  3, 28, 20,  4,  3,      148,     1251, 133,  83,   2.0,   1.2,   1.6,  0,  0,  0, 24, 35, 32,  0,  0, 32,  0, 27, 23,  0,  0,  0,  0, 34,  0, 34,  0, 36,  0,  0,  0, 24,  0,  0,  0, 26,  0,  0,  0
6, 11026, 15,KE8EXM,    13.84, 5,   coast,   -9.32,  84409.00, 1514.18, 1379.37,   31.95, 19.9, 4.04, 4.01, 4.02,  -0.09,  -0.10,   0.11,  48.49,  -0.59,   0.99,   0.21,  -0.25,  -0.02,   8.95, 4.04, 0.00, 0.00, 0.00, 0.00, 1, 1,  8,  39.7273133, -83.7072445,  1574.0, 2026,  3, 28, 20,  4,  3,      148,     1251, 133,  83,   2.0,   1.2,   1.6,  0,  0,  0, 24, 35, 32,  0,  0, 32,  0, 27, 23,  0,  0,  0,  0, 34,  0, 34,  0, 36,  0,  0,  0, 24,  0,  0,  0, 26,  0,  0,  0
6, 11026, 15,KE8EXM,    13.85, 5,   coast,  -10.79,  84413.00, 1513.79, 1378.99,   31.85, 19.9, 4.04, 4.01, 4.02,  -0.10,  -0.08,   0.09,  48.30,  -0.47,   0.81,   0.20,  -0.25,  -0.02,   8.95, 4.04, 0.00, 0.00, 0.00, 0.00, 1, 1,  8,  39.7273133, -83.7072445,  1574.0, 2026,  3, 28, 20,  4,  3,      148,     1251, 133,  83,   2.0,   1.2,   1.6,  0,  0,  0, 24, 35, 32,  0,  0, 32,  0, 27, 23,  0,  0,  0,  0, 34,  0, 34,  0, 36,  0,  0,  0, 24,  0,  0,  0, 26,  0,  0,  0
6, 11026, 15,KE8EXM,    13.86, 5,   coast,   -8.83,  84413.00, 1513.79, 1378.99,   31.75, 19.9, 4.04, 4.01, 4.02,  -0.11,  -0.11,   0.09,  48.24,  -0.72,   0.99,   0.20,  -0.25,  -0.02,   8.96, 4.04, 0.00, 0.00, 0.00, 0.00, 1, 1,  8,  39.7273133, -83.7072445,  1574.0, 2026,  3, 28, 20,  4,  3,      148,     1251, 133,  83,   2.0,   1.2,   1.6,  0,  0,  0, 24, 35, 32,  0,  0, 32,  0, 27, 23,  0,  0,  0,  0, 34,  0, 34,  0, 36,  0,  0,  0, 24,  0,  0,  0, 26,  0,  0,  0
6, 11026, 15,KE8EXM,    13.87, 5,   coast,  -10.79,  84404.00, 1514.66, 1379.85,   31.65, 19.9, 4.04, 4.01, 4.02,  -0.08,  -0.10,   0.10,  48.06,  -0.23,   0.93,   0.20,  -0.25,  -0.02,   8.96, 4.04, 0.00, 0.00, 0.00, 0.00, 1, 1,  8,  39.7273133, -83.7072445,  1574.0, 2026,  3, 28, 20,  4,  3,      148,     1251, 133,  83,   2.0,   1.2,   1.6,  0,  0,  0, 24, 35, 32,  0,  0, 32,  0, 27, 23,  0,  0,  0,  0, 34,  0, 34,  0, 36,  0,  0,  0, 24,  0,  0,  0, 26,  0,  0,  0
6, 11026, 15,KE8EXM,    13.88, 5,   coast,  -11.77,  84404.00, 1514.66, 1379.85,   31.54, 19.9, 4.04, 4.01, 4.02,  -0.09,  -0.11,   0.10,  47.94,  -0.78,   0.81,   0.21,  -0.25,  -0.02,   8.97, 4.04, 0.00, 0.00, 0.00, 0.00, 1, 1,  8,  39.7273133, -83.7072445,  1574.0, 2026,  3, 28, 20,  4,  3,      148,     1251, 133,  83,   2.0,   1.2,   1.6,  0,  0,  0, 24, 35, 32,  0,  0, 32,  0, 27, 23,  0,  0,  0,  0, 34,  0, 34,  0, 36,  0,  0,  0, 24,  0,  0,  0, 26,  0,  0,  0
6, 11026, 15,KE8EXM,    13.89, 5,   coast,   -9.81,  84388.00, 1516.20, 1381.40,   31.43, 19.9, 4.04, 4.01, 4.02,  -0.06,  -0.11,   0.12,  48.06,  -0.65,   0.74,   0.21,  -0.25,  -0.02,   8.98, 4.04, 0.00, 0.00, 0.00, 0.00, 1, 1,  8,  39.7273133, -83.7072445,  1574.0, 2026,  3, 28, 20,  4,  3,      148,     1251, 133,  83,   2.0,   1.2,   1.6,  0,  0,  0, 24, 35, 32,  0,  0, 32,  0, 27, 23,  0,  0,  0,  0, 34,  0, 34,  0, 36,  0,  0,  0, 24,  0,  0,  0, 26,  0,  0,  0
6, 11026, 15,KE8EXM,    13.90, 5,   coast,  -11.77,  84388.00, 1516.20, 1381.40,   31.32, 19.9, 4.04, 4.01, 4.02,  -0.09,  -0.10,   0.11,  48.00,  -0.72,   0.93,   0.21,  -0.25,  -0.01,   8.99, 4.04, 0.00, 0.00, 0.00, 0.00, 1, 1,  8,  39.7273133, -83.7072445,  1574.0, 2026,  3, 28, 20,  4,  3,      148,     1251, 133,  83,   2.0,   1.2,   1.6,  0,  0,  0, 24, 35, 32,  0,  0, 32,  0, 27, 23,  0,  0,  0,  0, 34,  0, 34,  0, 36,  0,  0,  0, 24,  0,  0,  0, 26,  0,  0,  0
6, 11026, 15,KE8EXM,    13.91, 5,   coast,  -10.79,  84387.00, 1516.30, 1381.49,   31.21, 19.9, 4.04, 4.01, 4.02,  -0.10,  -0.14,   0.11,  47.63,  -0.84,   0.74,   0.21,  -0.25,  -0.01,   8.99, 4.04, 0.00, 0.00, 0.00, 0.00, 1, 1,  8,  39.7273133, -83.7072445,  1574.0, 2026,  3, 28, 20,  4,  3,      148,     1251, 133,  83,   2.0,   1.2,   1.6,  0,  0,  0, 24, 35, 32,  0,  0, 32,  0, 27, 23,  0,  0,  0,  0, 34,  0, 34,  0, 36,  0,  0,  0, 24,  0,  0,  0, 26,  0,  0,  0
6, 11026, 15,KE8EXM,    13.92, 5,   coast,  -11.28,  84387.00, 1516.30, 1381.49,   31.11, 19.9, 4.04, 4.01, 4.02,  -0.07,  -0.09,   0.09,  48.00,  -1.02,   0.56,   0.21,  -0.25,  -0.01,   9.01, 4.04, 0.00, 0.00, 0.00, 0.00, 1, 1,  8,  39.7273133, -83.7072445,  1574.0, 2026,  3, 28, 20,  4,  3,      148,     1251, 133,  83,   2.0,   1.2,   1.6,  0,  0,  0, 24, 35, 32,  0,  0, 32,  0, 27, 23,  0,  0,  0,  0, 34,  0, 34,  0, 36,  0,  0,  0, 24,  0,  0,  0, 26,  0,  0,  0
6, 11026, 15,KE8EXM,    13.93, 5,   coast,  -10.30,  84378.00, 1517.17, 1382.36,   31.00, 19.9, 4.04, 4.01, 4.02,  -0.11,  -0.11,   0.15,  47.81,  -0.90,   0.68,   0.20,  -0.25,  -0.01,   9.01, 4.04, 0.00, 0.00, 0.00, 0.00, 1, 1,  8,  39.7273133, -83.7072445,  1574.0, 2026,  3, 28, 20,  4,  3,      148,     1251, 133,  83,   2.0,   1.2,   1.6,  0,  0,  0, 24, 35, 32,  0,  0, 32,  0, 27, 23,  0,  0,  0,  0, 34,  0, 34,  0, 36,  0,  0,  0, 24,  0,  0,  0, 26,  0,  0,  0
6, 11026, 15,KE8EXM,    13.94, 5,   coast,  -12.75,  84378.00, 1517.17, 1382.36,   30.89, 19.9, 4.04, 4.01, 4.02,  -0.09,  -0.12,   0.10,  47.69,  -0.96,   0.74,   0.20,  -0.25,  -0.01,   9.02, 4.04, 0.00, 0.00, 0.00, 0.00, 1, 1,  8,  39.7273133, -83.7072445,  1574.0, 2026,  3, 28, 20,  4,  3,      148,     1251, 133,  83,   2.0,   1.2,   1.6,  0,  0,  0, 24, 35, 32,  0,  0, 32,  0, 27, 23,  0,  0,  0,  0, 34,  0, 34,  0, 36,  0,  0,  0, 24,  0,  0,  0, 26,  0,  0,  0
6, 11026, 15,KE8EXM,    13.95, 5,   coast,   -8.83,  84371.00, 1517.85, 1383.04,   30.78, 19.9, 4.04, 4.01, 4.02,  -0.08,  -0.14,   0.14,  47.39,  -1.08,   0.50,   0.21,  -0.25,  -0.01,   9.03, 4.04, 0.00, 0.00, 0.00, 0.00, 1, 1,  8,  39.7273133, -83.7072445,  1574.0, 2026,  3, 28, 20,  4,  3,      148,     1251, 133,  83,   2.0,   1.2,   1.6,  0,  0,  0, 24, 35, 32,  0,  0, 32,  0, 27, 23,  0,  0,  0,  0, 34,  0, 34,  0, 36,  0,  0,  0, 24,  0,  0,  0, 26,  0,  0,  0
6, 11026, 15,KE8EXM,    13.96, 5,   coast,   -9.81,  84371.00, 1517.85, 1383.04,   30.68, 19.9, 4.04, 4.01, 4.02,  -0.07,  -0.11,   0.11,  47.63,  -0.72,   0.56,   0.21,  -0.25,  -0.01,   9.04, 4.04, 0.00, 0.00, 0.00, 0.00, 1, 1,  8,  39.7273133, -83.7072445,  1574.0, 2026,  3, 28, 20,  4,  3,      148,     1251, 133,  83,   2.0,   1.2,   1.6,  0,  0,  0, 24, 35, 32,  0,  0, 32,  0, 27, 23,  0,  0,  0,  0, 34,  0, 34,  0, 36,  0,  0,  0, 24,  0,  0,  0, 26,  0,  0,  0
6, 11026, 15,KE8EXM,    13.97, 5,   coast,   -9.81,  84372.00, 1517.75, 1382.94,   30.59, 19.9, 4.04, 4.01, 4.02,  -0.10,  -0.13,   0.11,  47.20,  -0.84,   0.68,   0.21,  -0.25,  -0.01,   9.05, 4.04, 0.00, 0.00, 0.00, 0.00, 1, 1,  8,  39.7273133, -83.7072445,  1574.0, 2026,  3, 28, 20,  4,  3,      148,     1251, 133,  83,   2.0,   1.2,   1.6,  0,  0,  0, 24, 35, 32,  0,  0, 32,  0, 27, 23,  0,  0,  0,  0, 34,  0, 34,  0, 36,  0,  0,  0, 24,  0,  0,  0, 26,  0,  0,  0
6, 11026, 15,KE8EXM,    13.98, 5,   coast,   -8.83,  84372.00, 1517.75, 1382.94,   30.49, 19.9, 4.04, 4.01, 4.02,  -0.09,  -0.09,   0.13,  47.26,  -0.90,   0.74,   0.21,  -0.25,  -0.01,   9.06, 4.04, 0.00, 0.00, 0.00, 0.00, 1, 1,  8,  39.7273133, -83.7072445,  1574.0, 2026,  3, 28, 20,  4,  3,      148,     1251, 133,  83,   2.0,   1.2,   1.6,  0,  0,  0, 24, 35, 32,  0,  0, 32,  0, 27, 23,  0,  0,  0,  0, 34,  0, 34,  0, 36,  0,  0,  0, 24,  0,  0,  0, 26,  0,  0,  0
6, 11026, 15,KE8EXM,    13.99, 5,   coast,   -9.32,  84362.00, 1518.71, 1383.91,   30.40, 19.9, 4.04, 4.01, 4.02,  -0.06,  -0.14,   0.10,  47.08,  -1.14,   0.74,   0.21,  -0.25,  -0.00,   9.07, 4.04, 0.00, 0.00, 0.00, 0.00, 1, 1,  8,  39.7273133, -83.7072445,  1574.0, 2026,  3, 28, 20,  4,  3,      148,     1251, 133,  83,   2.0,   1.2,   1.6,  0,  0,  0, 24, 35, 32,  0,  0, 32,  0, 27, 23,  0,  0,  0,  0, 34,  0, 34,  0, 36,  0,  0,  0, 24,  0,  0,  0, 26,  0,  0,  0
6, 11026, 15,KE8EXM,    14.00, 5,   coast,   -8.83,  84362.00, 1518.71, 1383.91,   30.30, 19.9, 4.04, 4.01, 4.02,  -0.07,  -0.08,   0.11,  46.90,  -1.14,   0.32,   0.21,  -0.25,   0.00,   9.08, 4.04, 0.00, 0.00, 0.00, 0.00, 1, 1,  8,  39.7273133, -83.7072445,  1574.0, 2026,  3, 28, 20,  4,  3,      148,     1251, 133,  83,   2.0,   1.2,   1.6,  0,  0,  0, 24, 35, 32,  0,  0, 32,  0, 27, 23,  0,  0,  0,  0, 34,  0, 34,  0, 36,  0,  0,  0, 24,  0,  0,  0, 26,  0,  0,  0
6, 11026, 15,KE8EXM,    14.01, 5,   coast,   -9.81,  84363.00, 1518.62, 1383.81,   30.21, 19.9, 4.04, 4.01, 4.02,  -0.07,  -0.12,   0.11,  46.65,  -0.96,   0.56,   0.20,  -0.25,   0.00,   9.09, 4.04, 0.00, 0.00, 0.00, 0.00, 1, 1,  8,  39.7273133, -83.7072445,  1574.0, 2026,  3, 28, 20,  4,  3,      148,     1251, 133,  83,   2.0,   1.2,   1.6,  0,  0,  0, 24, 35, 32,  0,  0, 32,  0, 27, 23,  0,  0,  0,  0, 34,  0, 34,  0, 36,  0,  0,  0, 24,  0,  0,  0, 26,  0,  0,  0
6, 11026, 15,KE8EXM,    14.02, 5,   coast,   -9.81,  84363.00, 1518.62, 1383.81,   30.11, 19.9, 4.04, 4.01, 4.02,  -0.06,  -0.13,   0.14,  46.96,  -1.02,   0.38,   0.20,  -0.25,   0.00,   9.10, 4.04, 0.00, 0.00, 0.00, 0.00, 1, 1,  8,  39.7273133, -83.7072445,  1574.0, 2026,  3, 28, 20,  4,  3,      148,     1251, 133,  83,   2.0,   1.2,   1.6,  0,  0,  0, 24, 35, 32,  0,  0, 32,  0, 27, 23,  0,  0,  0,  0, 34,  0, 34,  0, 36,  0,  0,  0, 24,  0,  0,  0, 26,  0,  0,  0
6, 11026, 15,KE8EXM,    14.03, 5,   coast,  -10.30,  84348.00, 1520.07, 1385.26,   30.01, 19.9, 4.04, 4.01, 4.02,  -0.05,  -0.11,   0.11,  46.78,  -1.02,   0.56,   0.21,  -0.25,   0.01,   9.11, 4.04, 0.00, 0.00, 0.00, 0.00, 1, 1,  8,  39.7273133, -83.7072445,  1574.0, 2026,  3, 28, 20,  4,  3,      148,     1251, 133,  83,   2.0,   1.2,   1.6,  0,  0,  0, 24, 35, 32,  0,  0, 32,  0, 27, 23,  0,  0,  0,  0, 34,  0, 34,  0, 36,  0,  0,  0, 24,  0,  0,  0, 26,  0,  0,  0
6, 11026, 15,KE8EXM,    14.04, 5,   coast,  -10.79,  84348.00, 1520.07, 1385.26,   29.91, 19.9, 4.04, 4.01, 4.02,  -0.09,  -0.13,   0.15,  46.65,  -1.33,   0.56,   0.21,  -0.25,   0.01,   9.12, 4.04, 0.00, 0.00, 0.00, 0.00, 1, 1,  8,  39.7273133, -83.7072445,  1574.0, 2026,  3, 28, 20,  4,  3,      148,     1251, 133,  83,   2.0,   1.2,   1.6,  0,  0,  0, 24, 35, 32,  0,  0, 32,  0, 27, 23,  0,  0,  0,  0, 34,  0, 34,  0, 36,  0,  0,  0, 24,  0,  0,  0, 26,  0,  0,  0
6, 11026, 15,KE8EXM,    14.05, 5,   coast,   -9.32,  84355.00, 1519.39, 1384.58,   29.81, 19.9, 4.04, 4.01, 4.02,  -0.09,  -0.12,   0.13,  46.72,  -1.45,   0.56,   0.21,  -0.25,   0.01,   9.14, 4.04, 0.00, 0.00, 0.00, 0.00, 1, 1,  8,  39.7273133, -83.7072445,  1574.0, 2026,  3, 28, 20,  4,  3,      148,     1251, 133,  83,   2.0,   1.2,   1.6,  0,  0,  0, 24, 35, 32,  0,  0, 32,  0, 27, 23,  0,  0,  0,  0, 34,  0, 34,  0, 36,  0,  0,  0, 24,  0,  0,  0, 26,  0,  0,  0
6, 11026, 15,KE8EXM,    14.06, 5,   coast,  -11.28,  84355.00, 1519.39, 1384.58,   29.70, 19.9, 4.04, 4.01, 4.02,  -0.05,  -0.11,   0.15,  46.59,  -1.26,   0.26,   0.21,  -0.25,   0.01,   9.15, 4.04, 0.00, 0.00, 0.00, 0.00, 1, 1,  8,  39.7273133, -83.7072445,  1574.0, 2026,  3, 28, 20,  4,  3,      148,     1251, 133,  83,   2.0,   1.2,   1.6,  0,  0,  0, 24, 35, 32,  0,  0, 32,  0, 27, 23,  0,  0,  0,  0, 34,  0, 34,  0, 36,  0,  0,  0, 24,  0,  0,  0, 26,  0,  0,  0
6, 11026, 15,KE8EXM,    14.07, 5,   coast,  -10.79,  84334.00, 1521.42, 1386.61,   29.59, 19.9, 4.04, 4.01, 4.02,  -0.09,  -0.16,   0.10,  46.78,  -1.20,   0.38,   0.21,  -0.25,   0.01,   9.16, 4.04, 0.00, 0.00, 0.00, 0.00, 1, 1,  8,  39.7273133, -83.7072445,  1574.0, 2026,  3, 28, 20,  4,  3,      148,     1251, 133,  83,   2.0,   1.2,   1.6,  0,  0,  0, 24, 35, 32,  0,  0, 32,  0, 27, 23,  0,  0,  0,  0, 34,  0, 34,  0, 36,  0,  0,  0, 24,  0,  0,  0, 26,  0,  0,  0
6, 11026, 15,KE8EXM,    14.08, 5,   coast,  -12.26,  84334.00, 1521.42, 1386.61,   29.48, 19.9, 4.04, 4.01, 4.02,  -0.04,  -0.12,   0.14,  46.29,  -1.33,   0.44,   0.21,  -0.25,   0.01,   9.17, 4.04, 0.00, 0.00, 0.00, 0.00, 1, 1,  8,  39.7273133, -83.7072445,  1574.0, 2026,  3, 28, 20,  4,  3,      148,     1251, 133,  83,   2.0,   1.2,   1.6,  0,  0,  0, 24, 35, 32,  0,  0, 32,  0, 27, 23,  0,  0,  0,  0, 34,  0, 34,  0, 36,  0,  0,  0, 24,  0,  0,  0, 26,  0,  0,  0
6, 11026, 15,KE8EXM,    14.09, 5,   coast,  -10.79,  84338.00, 1521.03, 1386.23,   29.37, 19.9, 4.04, 4.01, 4.02,  -0.07,  -0.14,   0.11,  46.47,  -1.57,   0.20,   0.21,  -0.25,   0.01,   9.19, 4.04, 0.00, 0.00, 0.00, 0.00, 1, 1,  8,  39.7273133, -83.7072445,  1574.0, 2026,  3, 28, 20,  4,  3,      148,     1251, 133,  83,   2.0,   1.2,   1.6,  0,  0,  0, 24, 35, 32,  0,  0, 32,  0, 27, 23,  0,  0,  0,  0, 34,  0, 34,  0, 36,  0,  0,  0, 24,  0,  0,  0, 26,  0,  0,  0
6, 11026, 15,KE8EXM,    14.10, 5,   coast,   -9.81,  84338.00, 1521.03, 1386.23,   29.26, 19.9, 4.03, 4.02, 4.02,  -0.04,  -0.13,   0.12,  46.53,  -1.33,   0.26,   0.20,  -0.25,   0.02,   9.20, 4.03, 0.00, 0.00, 0.00, 0.00, 1, 1,  8,  39.7273133, -83.7072445,  1574.0, 2026,  3, 28, 20,  4,  3,      148,     1251, 133,  83,   2.0,   1.2,   1.6,  0,  0,  0, 24, 35, 32,  0,  0, 32,  0, 27, 23,  0,  0,  0,  0, 34,  0, 34,  0, 36,  0,  0,  0, 24,  0,  0,  0, 26,  0,  0,  0
6, 11026, 15,KE8EXM,    14.10, 5,   coast,   -9.81,  84338.00, 1521.03, 1386.23,   29.26, 19.9, 4.03, 4.02, 4.02,  -0.04,  -0.13,   0.12,  46.53,  -1.33,   0.26,   0.20,  -0.25,   0.02,   9.20, 4.03, 0.00, 0.00, 0.00, 0.00, 1, 1,  8,  39.7273133, -83.7072445,  1574.0, 2026,  3, 28, 20,  4,  3,      148,     1251, 133,  83,   2.0,   1.2,   1.6,  0,  0,  0, 24, 35, 32,  0,  0, 32,  0, 27, 23,  0,  0,  0,  0, 34,  0, 34,  0, 36,  0,  0,  0, 24,  0,  0,  0, 26,  0,  0,  0
6, 11026, 15,KE8EXM,    14.11, 5,   coast,  -11.28,  84342.00, 1520.65, 1385.84,   29.15, 19.9, 4.03, 4.02, 4.02,  -0.08,  -0.14,   0.12,  46.35,  -1.45,   0.07,   0.20,  -0.25,   0.02,   9.21, 4.03, 0.00, 0.00, 0.00, 0.00, 1, 1,  8,  39.7273133, -83.7072445,  1574.0, 2026,  3, 28, 20,  4,  3,      148,     1251, 133,  83,   2.0,   1.2,   1.6,  0,  0,  0, 24, 35, 32,  0,  0, 32,  0, 27, 23,  0,  0,  0,  0, 34,  0, 34,  0, 36,  0,  0,  0, 24,  0,  0,  0, 26,  0,  0,  0
6, 11026, 15,KE8EXM,    14.11, 5,   coast,  -11.28,  84342.00, 1520.65, 1385.84,   29.15, 19.9, 4.03, 4.02, 4.02,  -0.08,  -0.14,   0.12,  46.35,  -1.45,   0.07,   0.20,  -0.25,   0.02,   9.21, 4.03, 0.00, 0.00, 0.00, 0.00, 1, 1,  8,  39.7273133, -83.7072445,  1574.0, 2026,  3, 28, 20,  4,  3,      148,     1251, 133,  83,   2.0,   1.2,   1.6,  0,  0,  0, 24, 35, 32,  0,  0, 32,  0, 27, 23,  0,  0,  0,  0, 34,  0, 34,  0, 36,  0,  0,  0, 24,  0,  0,  0, 26,  0,  0,  0
6, 11026, 15,KE8EXM,    14.11, 5,   coast,  -11.28,  84342.00, 1520.65, 1385.84,   29.15, 19.9, 4.03, 4.02, 4.02,  -0.08,  -0.14,   0.12,  46.35,  -1.45,   0.07,   0.20,  -0.25,   0.02,   9.21, 4.03, 0.00, 0.00, 0.00, 0.00, 1, 1,  8,  39.7273133, -83.7072445,  1574.0, 2026,  3, 28, 20,  4,  3,      148,     1251, 133,  83,   2.0,   1.2,   1.6,  0,  0,  0, 24, 35, 32,  0,  0, 32,  0, 27, 23,  0,  0,  0,  0, 34,  0, 34,  0, 36,  0,  0,  0, 24,  0,  0,  0, 26,  0,  0,  0
6, 11026, 15,KE8EXM,    14.12, 5,   coast,  -11.28,  84342.00, 1520.65, 1385.84,   29.05, 19.9, 4.03, 4.02, 4.02,  -0.09,  -0.08,   0.09,  46.41,  -1.14,   0.38,   0.20,  -0.25,   0.02,   9.22, 4.03, 0.00, 0.00, 0.00, 0.00, 1, 1,  8,  39.7272446, -83.7071588,  1609.0, 2026,  3, 28, 20,  4,  4,      159,     1287, 133,  83,   2.1,   1.1,   1.7,  0,  0,  0, 36, 34, 32,  0,  0, 32,  0, 28, 29,  0,  0,  0,  0, 33,  0, 34,  0, 28,  0,  0,  0, 23,  0,  0,  0, 22,  0,  0,  0
6, 11026, 15,KE8EXM,    14.13, 5,   coast,  -11.28,  84334.00, 1521.42, 1386.61,   28.94, 19.9, 4.03, 4.02, 4.02,  -0.05,  -0.12,   0.11,  46.10,  -1.51,   0.20,   0.20,  -0.25,   0.02,   9.24, 4.03, 0.00, 0.00, 0.00, 0.00, 1, 1,  8,  39.7272446, -83.7071588,  1609.0, 2026,  3, 28, 20,  4,  4,      159,     1287, 133,  83,   2.1,   1.1,   1.7,  0,  0,  0, 36, 34, 32,  0,  0, 32,  0, 28, 29,  0,  0,  0,  0, 33,  0, 34,  0, 28,  0,  0,  0, 23,  0,  0,  0, 22,  0,  0,  0
6, 11026, 15,KE8EXM,    14.14, 5,   coast,  -10.30,  84334.00, 1521.42, 1386.61,   28.83, 19.9, 4.03, 4.02, 4.02,  -0.07,  -0.12,   0.14,  46.17,  -1.39,   0.26,   0.20,  -0.25,   0.02,   9.25, 4.03, 0.00, 0.00, 0.00, 0.00, 1, 1,  8,  39.7272446, -83.7071588,  1609.0, 2026,  3, 28, 20,  4,  4,      159,     1287, 133,  83,   2.1,   1.1,   1.7,  0,  0,  0, 36, 34, 32,  0,  0, 32,  0, 28, 29,  0,  0,  0,  0, 33,  0, 34,  0, 28,  0,  0,  0, 23,  0,  0,  0, 22,  0,  0,  0
6, 11026, 15,KE8EXM,    14.15, 5,   coast,  -11.28,  84322.00, 1522.58, 1387.77,   28.72, 19.9, 4.03, 4.02, 4.02,  -0.05,  -0.10,   0.14,  46.23,  -1.75,   0.01,   0.20,  -0.25,   0.03,   9.27, 4.03, 0.00, 0.00, 0.00, 0.00, 1, 1,  8,  39.7272446, -83.7071588,  1609.0, 2026,  3, 28, 20,  4,  4,      159,     1287, 133,  83,   2.1,   1.1,   1.7,  0,  0,  0, 36, 34, 32,  0,  0, 32,  0, 28, 29,  0,  0,  0,  0, 33,  0, 34,  0, 28,  0,  0,  0, 23,  0,  0,  0, 22,  0,  0,  0
6, 11026, 15,KE8EXM,    14.16, 5,   coast,   -9.81,  84322.00, 1522.58, 1387.77,   28.61, 19.9, 4.03, 4.02, 4.02,  -0.04,  -0.10,   0.07,  45.92,  -1.75,   0.26,   0.20,  -0.25,   0.03,   9.29, 4.03, 0.00, 0.00, 0.00, 0.00, 1, 1,  8,  39.7272446, -83.7071588,  1609.0, 2026,  3, 28, 20,  4,  4,      159,     1287, 133,  83,   2.1,   1.1,   1.7,  0,  0,  0, 36, 34, 32,  0,  0, 32,  0, 28, 29,  0,  0,  0,  0, 33,  0, 34,  0, 28,  0,  0,  0, 23,  0,  0,  0, 22,  0,  0,  0
6, 11026, 15,KE8EXM,    14.17, 5,   coast,   -9.81,  84313.00, 1523.45, 1388.64,   28.51, 19.9, 4.03, 4.02, 4.02,  -0.06,  -0.14,   0.10,  46.04,  -1.45,   0.01,   0.20,  -0.25,   0.03,   9.30, 4.03, 0.00, 0.00, 0.00, 0.00, 1, 1,  8,  39.7272446, -83.7071588,  1609.0, 2026,  3, 28, 20,  4,  4,      159,     1287, 133,  83,   2.1,   1.1,   1.7,  0,  0,  0, 36, 34, 32,  0,  0, 32,  0, 28, 29,  0,  0,  0,  0, 33,  0, 34,  0, 28,  0,  0,  0, 23,  0,  0,  0, 22,  0,  0,  0
6, 11026, 15,KE8EXM,    14.18, 5,   coast,  -11.77,  84313.00, 1523.45, 1388.64,   28.40, 19.9, 4.03, 4.02, 4.02,  -0.02,  -0.09,   0.09,  45.62,  -1.57,   0.20,   0.20,  -0.25,   0.03,   9.32, 4.03, 0.00, 0.00, 0.00, 0.00, 1, 1,  8,  39.7272446, -83.7071588,  1609.0, 2026,  3, 28, 20,  4,  4,      159,     1287, 133,  83,   2.1,   1.1,   1.7,  0,  0,  0, 36, 34, 32,  0,  0, 32,  0, 28, 29,  0,  0,  0,  0, 33,  0, 34,  0, 28,  0,  0,  0, 23,  0,  0,  0, 22,  0,  0,  0
6, 11026, 15,KE8EXM,    14.19, 5,   coast,  -11.77,  84312.00, 1523.54, 1388.74,   28.29, 19.9, 4.03, 4.02, 4.02,  -0.05,  -0.13,   0.14,  45.43,  -1.75,  -0.11,   0.20,  -0.25,   0.03,   9.33, 4.03, 0.00, 0.00, 0.00, 0.00, 1, 1,  8,  39.7272446, -83.7071588,  1609.0, 2026,  3, 28, 20,  4,  4,      159,     1287, 133,  83,   2.1,   1.1,   1.7,  0,  0,  0, 36, 34, 32,  0,  0, 32,  0, 28, 29,  0,  0,  0,  0, 33,  0, 34,  0, 28,  0,  0,  0, 23,  0,  0,  0, 22,  0,  0,  0
6, 11026, 15,KE8EXM,    14.20, 5,   coast,  -11.28,  84312.00, 1523.54, 1388.74,   28.19, 19.9, 4.03, 4.02, 4.02,  -0.04,  -0.11,   0.11,  45.62,  -1.75,   0.07,   0.20,  -0.25,   0.03,   9.35, 4.03, 0.00, 0.00, 0.00, 0.00, 1, 1,  8,  39.7272446, -83.7071588,  1609.0, 2026,  3, 28, 20,  4,  4,      159,     1287, 133,  83,   2.1,   1.1,   1.7,  0,  0,  0, 36, 34, 32,  0,  0, 32,  0, 28, 29,  0,  0,  0,  0, 33,  0, 34,  0, 28,  0,  0,  0, 23,  0,  0,  0, 22,  0,  0,  0
6, 11026, 15,KE8EXM,    14.21, 5,   coast,   -9.81,  84302.00, 1524.51, 1389.70,   28.08, 19.9, 4.03, 4.02, 4.02,  -0.06,  -0.14,   0.12,  45.31,  -1.69,  -0.11,   0.20,  -0.25,   0.04,   9.37, 4.03, 0.00, 0.00, 0.00, 0.00, 1, 1,  8,  39.7272446, -83.7071588,  1609.0, 2026,  3, 28, 20,  4,  4,      159,     1287, 133,  83,   2.1,   1.1,   1.7,  0,  0,  0, 36, 34, 32,  0,  0, 32,  0, 28, 29,  0,  0,  0,  0, 33,  0, 34,  0, 28,  0,  0,  0, 23,  0,  0,  0, 22,  0,  0,  0
6, 11026, 15,KE8EXM,    14.22, 5,   coast,   -8.83,  84302.00, 1524.51, 1389.70,   27.98, 19.9, 4.03, 4.02, 4.02,  -0.07,  -0.11,   0.11,  45.31,  -1.39,  -0.29,   0.20,  -0.25,   0.04,   9.38, 4.03, 0.00, 0.00, 0.00, 0.00, 1, 1,  8,  39.7272446, -83.7071588,  1609.0, 2026,  3, 28, 20,  4,  4,      159,     1287, 133,  83,   2.1,   1.1,   1.7,  0,  0,  0, 36, 34, 32,  0,  0, 32,  0, 28, 29,  0,  0,  0,  0, 33,  0, 34,  0, 28,  0,  0,  0, 23,  0,  0,  0, 22,  0,  0,  0
6, 11026, 15,KE8EXM,    14.23, 5,   coast,   -8.83,  84315.00, 1523.25, 1388.45,   27.89, 19.9, 4.03, 4.02, 4.02,  -0.04,  -0.13,   0.09,  45.19,  -1.45,  -0.23,   0.20,  -0.25,   0.04,   9.40, 4.03, 0.00, 0.00, 0.00, 0.00, 1, 1,  8,  39.7272446, -83.7071588,  1609.0, 2026,  3, 28, 20,  4,  4,      159,     1287, 133,  83,   2.1,   1.1,   1.7,  0,  0,  0, 36, 34, 32,  0,  0, 32,  0, 28, 29,  0,  0,  0,  0, 33,  0, 34,  0, 28,  0,  0,  0, 23,  0,  0,  0, 22,  0,  0,  0
6, 11026, 15,KE8EXM,    14.24, 5,   coast,   -9.81,  84315.00, 1523.25, 1388.45,   27.79, 19.9, 4.03, 4.02, 4.02,  -0.03,  -0.11,   0.15,  45.31,  -1.75,   0.01,   0.20,  -0.24,   0.04,   9.41, 4.03, 0.00, 0.00, 0.00, 0.00, 1, 1,  8,  39.7272446, -83.7071588,  1609.0, 2026,  3, 28, 20,  4,  4,      159,     1287, 133,  83,   2.1,   1.1,   1.7,  0,  0,  0, 36, 34, 32,  0,  0, 32,  0, 28, 29,  0,  0,  0,  0, 33,  0, 34,  0, 28,  0,  0,  0, 23,  0,  0,  0, 22,  0,  0,  0
6, 11026, 15,KE8EXM,    14.25, 5,   coast,   -8.34,  84292.00, 1525.48, 1390.67,   27.70, 19.9, 4.03, 4.02, 4.02,  -0.06,  -0.11,   0.13,  45.31,  -1.75,  -0.11,   0.20,  -0.24,   0.04,   9.43, 4.03, 0.00, 0.00, 0.00, 0.00, 1, 1,  8,  39.7272446, -83.7071588,  1609.0, 2026,  3, 28, 20,  4,  4,      159,     1287, 133,  83,   2.1,   1.1,   1.7,  0,  0,  0, 36, 34, 32,  0,  0, 32,  0, 28, 29,  0,  0,  0,  0, 33,  0, 34,  0, 28,  0,  0,  0, 23,  0,  0,  0, 22,  0,  0,  0
6, 11026, 15,KE8EXM,    14.26, 5,   coast,  -11.28,  84292.00, 1525.48, 1390.67,   27.60, 19.9, 4.03, 4.02, 4.02,  -0.04,  -0.15,   0.14,  45.25,  -1.94,  -0.35,   0.20,  -0.24,   0.04,   9.45, 4.03, 0.00, 0.00, 0.00, 0.00, 1, 1,  8,  39.7272446, -83.7071588,  1609.0, 2026,  3, 28, 20,  4,  4,      159,     1287, 133,  83,   2.1,   1.1,   1.7,  0,  0,  0, 36, 34, 32,  0,  0, 32,  0, 28, 29,  0,  0,  0,  0, 33,  0, 34,  0, 28,  0,  0,  0, 23,  0,  0,  0, 22,  0,  0,  0
6, 11026, 15,KE8EXM,    14.27, 5,   coast,   -9.81,  84291.00, 1525.57, 1390.77,   27.50, 19.9, 4.03, 4.02, 4.02,  -0.02,  -0.11,   0.14,  44.88,  -1.81,  -0.11,   0.20,  -0.24,   0.04,   9.47, 4.03, 0.00, 0.00, 0.00, 0.00, 1, 1,  8,  39.7272446, -83.7071588,  1609.0, 2026,  3, 28, 20,  4,  4,      159,     1287, 133,  83,   2.1,   1.1,   1.7,  0,  0,  0, 36, 34, 32,  0,  0, 32,  0, 28, 29,  0,  0,  0,  0, 33,  0, 34,  0, 28,  0,  0,  0, 23,  0,  0,  0, 22,  0,  0,  0
6, 11026, 15,KE8EXM,    14.28, 5,   coast,  -11.28,  84291.00, 1525.57, 1390.77,   27.40, 19.9, 4.03, 4.02, 4.02,  -0.04,  -0.14,   0.14,  45.19,  -1.75,  -0.35,   0.20,  -0.24,   0.05,   9.49, 4.03, 0.00, 0.00, 0.00, 0.00, 1, 1,  8,  39.7272446, -83.7071588,  1609.0, 2026,  3, 28, 20,  4,  4,      159,     1287, 133,  83,   2.1,   1.1,   1.7,  0,  0,  0, 36, 34, 32,  0,  0, 32,  0, 28, 29,  0,  0,  0,  0, 33,  0, 34,  0, 28,  0,  0,  0, 23,  0,  0,  0, 22,  0,  0,  0
6, 11026, 15,KE8EXM,    14.29, 5,   coast,  -10.30,  84284.00, 1526.25, 1391.44,   27.29, 19.9, 4.03, 4.02, 4.02,  -0.07,  -0.14,   0.11,  44.95,  -1.81,  -0.41,   0.20,  -0.24,   0.05,   9.50, 4.03, 0.00, 0.00, 0.00, 0.00, 1, 1,  8,  39.7272446, -83.7071588,  1609.0, 2026,  3, 28, 20,  4,  4,      159,     1287, 133,  83,   2.1,   1.1,   1.7,  0,  0,  0, 36, 34, 32,  0,  0, 32,  0, 28, 29,  0,  0,  0,  0, 33,  0, 34,  0, 28,  0,  0,  0, 23,  0,  0,  0, 22,  0,  0,  0
6, 11026, 15,KE8EXM,    14.30, 5,   coast,   -9.32,  84284.00, 1526.25, 1391.44,   27.19, 19.9, 4.03, 4.02, 4.02,  -0.07,  -0.11,   0.13,  45.01,  -2.00,  -0.29,   0.21,  -0.24,   0.05,   9.52, 4.03, 0.00, 0.00, 0.00, 0.00, 1, 1,  8,  39.7272446, -83.7071588,  1609.0, 2026,  3, 28, 20,  4,  4,      159,     1287, 133,  83,   2.1,   1.1,   1.7,  0,  0,  0, 36, 34, 32,  0,  0, 32,  0, 28, 29,  0,  0,  0,  0, 33,  0, 34,  0, 28,  0,  0,  0, 23,  0,  0,  0, 22,  0,  0,  0
6, 11026, 15,KE8EXM,    14.31, 5,   coast,  -10.30,  84271.00, 1527.50, 1392.70,   27.09, 19.9, 4.03, 4.02, 4.02,  -0.03,  -0.11,   0.13,  45.01,  -1.69,  -0.41,   0.21,  -0.24,   0.05,   9.54, 4.03, 0.00, 0.00, 0.00, 0.00, 1, 1,  8,  39.7272446, -83.7071588,  1609.0, 2026,  3, 28, 20,  4,  4,      159,     1287, 133,  83,   2.1,   1.1,   1.7,  0,  0,  0, 36, 34, 32,  0,  0, 32,  0, 28, 29,  0,  0,  0,  0, 33,  0, 34,  0, 28,  0,  0,  0, 23,  0,  0,  0, 22,  0,  0,  0
6, 11026, 15,KE8EXM,    14.32, 5,   coast,  -10.79,  84271.00, 1527.50, 1392.70,   26.98, 19.9, 4.03, 4.02, 4.02,  -0.08,  -0.09,   0.11,  44.70,  -1.57,  -0.66,   0.21,  -0.24,   0.05,   9.56, 4.03, 0.00, 0.00, 0.00, 0.00, 1, 1,  8,  39.7272446, -83.7071588,  1609.0, 2026,  3, 28, 20,  4,  4,      159,     1287, 133,  83,   2.1,   1.1,   1.7,  0,  0,  0, 36, 34, 32,  0,  0, 32,  0, 28, 29,  0,  0,  0,  0, 33,  0, 34,  0, 28,  0,  0,  0, 23,  0,  0,  0, 22,  0,  0,  0
6, 11026, 15,KE8EXM,    14.33, 5,   coast,  -11.28,  84270.00, 1527.60, 1392.80,   26.88, 19.9, 4.03, 4.02, 4.02,  -0.04,  -0.11,   0.11,  44.76,  -1.75,  -0.72,   0.21,  -0.24,   0.05,   9.58, 4.03, 0.00, 0.00, 0.00, 0.00, 1, 1,  8,  39.7272446, -83.7071588,  1609.0, 2026,  3, 28, 20,  4,  4,      159,     1287, 133,  83,   2.1,   1.1,   1.7,  0,  0,  0, 36, 34, 32,  0,  0, 32,  0, 28, 29,  0,  0,  0,  0, 33,  0, 34,  0, 28,  0,  0,  0, 23,  0,  0,  0, 22,  0,  0,  0
6, 11026, 15,KE8EXM,    14.34, 5,   coast,   -9.81,  84270.00, 1527.60, 1392.80,   26.77, 19.9, 4.03, 4.02, 4.02,  -0.04,  -0.15,   0.08,  44.70,  -1.81,  -0.54,   0.21,  -0.24,   0.05,   9.60, 4.03, 0.00, 0.00, 0.00, 0.00, 1, 1,  8,  39.7272446, -83.7071588,  1609.0, 2026,  3, 28, 20,  4,  4,      159,     1287, 133,  83,   2.1,   1.1,   1.7,  0,  0,  0, 36, 34, 32,  0,  0, 32,  0, 28, 29,  0,  0,  0,  0, 33,  0, 34,  0, 28,  0,  0,  0, 23,  0,  0,  0, 22,  0,  0,  0
6, 11026, 15,KE8EXM,    14.35, 5,   coast,  -11.77,  84261.00, 1528.47, 1393.66,   26.67, 19.9, 4.03, 4.02, 4.02,  -0.04,  -0.14,   0.08,  44.40,  -2.06,  -0.48,   0.21,  -0.24,   0.05,   9.62, 4.03, 0.00, 0.00, 0.00, 0.00, 1, 1,  8,  39.7272446, -83.7071588,  1609.0, 2026,  3, 28, 20,  4,  4,      159,     1287, 133,  83,   2.1,   1.1,   1.7,  0,  0,  0, 36, 34, 32,  0,  0, 32,  0, 28, 29,  0,  0,  0,  0, 33,  0, 34,  0, 28,  0,  0,  0, 23,  0,  0,  0, 22,  0,  0,  0
6, 11026, 15,KE8EXM,    14.36, 5,   coast,   -8.34,  84261.00, 1528.47, 1393.66,   26.57, 19.9, 4.03, 4.02, 4.02,  -0.02,  -0.11,   0.12,  44.76,  -1.81,  -0.78,   0.21,  -0.24,   0.06,   9.64, 4.03, 0.00, 0.00, 0.00, 0.00, 1, 1,  8,  39.7272446, -83.7071588,  1609.0, 2026,  3, 28, 20,  4,  4,      159,     1287, 133,  83,   2.1,   1.1,   1.7,  0,  0,  0, 36, 34, 32,  0,  0, 32,  0, 28, 29,  0,  0,  0,  0, 33,  0, 34,  0, 28,  0,  0,  0, 23,  0,  0,  0, 22,  0,  0,  0
6, 11026, 15,KE8EXM,    14.37, 5,   coast,   -9.81,  84253.00, 1529.24, 1394.44,   26.47, 19.9, 4.03, 4.02, 4.02,  -0.05,  -0.11,   0.11,  44.46,  -1.75,  -0.84,   0.21,  -0.24,   0.06,   9.66, 4.03, 0.00, 0.00, 0.00, 0.00, 1, 1,  8,  39.7272446, -83.7071588,  1609.0, 2026,  3, 28, 20,  4,  4,      159,     1287, 133,  83,   2.1,   1.1,   1.7,  0,  0,  0, 36, 34, 32,  0,  0, 32,  0, 28, 29,  0,  0,  0,  0, 33,  0, 34,  0, 28,  0,  0,  0, 23,  0,  0,  0, 22,  0,  0,  0
6, 11026, 15,KE8EXM,    14.38, 5,   coast,  -10.79,  84253.00, 1529.24, 1394.44,   26.36, 19.9, 4.03, 4.02, 4.02,  -0.03,  -0.17,   0.11,  44.21,  -2.00,  -0.90,   0.21,  -0.23,   0.06,   9.68, 4.03, 0.00, 0.00, 0.00, 0.00, 1, 1,  8,  39.7272446, -83.7071588,  1609.0, 2026,  3, 28, 20,  4,  4,      159,     1287, 133,  83,   2.1,   1.1,   1.7,  0,  0,  0, 36, 34, 32,  0,  0, 32,  0, 28, 29,  0,  0,  0,  0, 33,  0, 34,  0, 28,  0,  0,  0, 23,  0,  0,  0, 22,  0,  0,  0
6, 11026, 15,KE8EXM,    14.39, 5,   coast,  -10.30,  84262.00, 1528.37, 1393.57,   26.26, 19.9, 4.03, 4.02, 4.02,  -0.03,  -0.14,   0.13,  44.33,  -1.94,  -0.96,   0.21,  -0.23,   0.06,   9.70, 4.03, 0.00, 0.00, 0.00, 0.00, 1, 1,  8,  39.7272446, -83.7071588,  1609.0, 2026,  3, 28, 20,  4,  4,      159,     1287, 133,  83,   2.1,   1.1,   1.7,  0,  0,  0, 36, 34, 32,  0,  0, 32,  0, 28, 29,  0,  0,  0,  0, 33,  0, 34,  0, 28,  0,  0,  0, 23,  0,  0,  0, 22,  0,  0,  0
6, 11026, 15,KE8EXM,    14.40, 5,   coast,  -10.79,  84262.00, 1528.37, 1393.57,   26.16, 19.9, 4.03, 4.02, 4.02,  -0.05,  -0.12,   0.09,  43.79,  -2.30,  -1.03,   0.21,  -0.23,   0.06,   9.72, 4.03, 0.00, 0.00, 0.00, 0.00, 1, 1,  8,  39.7272446, -83.7071588,  1609.0, 2026,  3, 28, 20,  4,  4,      159,     1287, 133,  83,   2.1,   1.1,   1.7,  0,  0,  0, 36, 34, 32,  0,  0, 32,  0, 28, 29,  0,  0,  0,  0, 33,  0, 34,  0, 28,  0,  0,  0, 23,  0,  0,  0, 22,  0,  0,  0
6, 11026, 15,KE8EXM,    14.41, 5,   coast,  -11.28,  84253.00, 1529.24, 1394.44,   26.06, 19.9, 4.03, 4.02, 4.02,   0.00,  -0.10,   0.13,  43.91,  -2.12,  -0.72,   0.21,  -0.23,   0.06,   9.75, 4.03, 0.00, 0.00, 0.00, 0.00, 1, 1,  8,  39.7272446, -83.7071588,  1609.0, 2026,  3, 28, 20,  4,  4,      159,     1287, 133,  83,   2.1,   1.1,   1.7,  0,  0,  0, 36, 34, 32,  0,  0, 32,  0, 28, 29,  0,  0,  0,  0, 33,  0, 34,  0, 28,  0,  0,  0, 23,  0,  0,  0, 22,  0,  0,  0
6, 11026, 15,KE8EXM,    14.42, 5,   coast,   -8.34,  84253.00, 1529.24, 1394.44,   25.95, 19.9, 3.98, 3.97, 3.97,  -0.03,  -0.14,   0.07,  44.09,  -1.69,  -0.96,   0.21,  -0.23,   0.06,   9.77, 3.98, 0.00, 0.00, 0.00, 0.00, 1, 1,  8,  39.7272446, -83.7071588,  1609.0, 2026,  3, 28, 20,  4,  4,      159,     1287, 133,  83,   2.1,   1.1,   1.7,  0,  0,  0, 36, 34, 32,  0,  0, 32,  0, 28, 29,  0,  0,  0,  0, 33,  0, 34,  0, 28,  0,  0,  0, 23,  0,  0,  0, 22,  0,  0,  0
6, 11026, 15,KE8EXM,    14.42, 5,   coast,   -8.34,  84253.00, 1529.24, 1394.44,   25.95, 19.9, 3.98, 3.97, 3.97,  -0.03,  -0.14,   0.07,  44.09,  -1.69,  -0.96,   0.21,  -0.23,   0.06,   9.77, 3.98, 0.00, 0.00, 0.00, 0.00, 1, 1,  8,  39.7272446, -83.7071588,  1609.0, 2026,  3, 28, 20,  4,  4,      159,     1287, 133,  83,   2.1,   1.1,   1.7,  0,  0,  0, 36, 34, 32,  0,  0, 32,  0, 28, 29,  0,  0,  0,  0, 33,  0, 34,  0, 28,  0,  0,  0, 23,  0,  0,  0, 22,  0,  0,  0
6, 11026, 15,KE8EXM,    14.43, 5,   coast,   -9.81,  84250.00, 1529.53, 1394.73,   25.85, 19.9, 3.98, 3.97, 3.97,  -0.02,  -0.15,   0.16,  43.97,  -1.88,  -1.03,   0.21,  -0.23,   0.07,   9.79, 3.98, 0.00, 0.00, 0.00, 0.00, 1, 1,  8,  39.7272446, -83.7071588,  1609.0, 2026,  3, 28, 20,  4,  4,      159,     1287, 133,  83,   2.1,   1.1,   1.7,  0,  0,  0, 36, 34, 32,  0,  0, 32,  0, 28, 29,  0,  0,  0,  0, 33,  0, 34,  0, 28,  0,  0,  0, 23,  0,  0,  0, 22,  0,  0,  0
6, 11026, 15,KE8EXM,    14.44, 5,   coast,  -10.30,  84250.00, 1529.53, 1394.73,   25.75, 19.9, 3.98, 3.97, 3.97,  -0.04,  -0.09,   0.11,  43.79,  -1.81,  -0.96,   0.20,  -0.23,   0.07,   9.81, 3.98, 0.00, 0.00, 0.00, 0.00, 1, 1,  8,  39.7272446, -83.7071588,  1609.0, 2026,  3, 28, 20,  4,  4,      159,     1287, 133,  83,   2.1,   1.1,   1.7,  0,  0,  0, 36, 34, 32,  0,  0, 32,  0, 28, 29,  0,  0,  0,  0, 33,  0, 34,  0, 28,  0,  0,  0, 23,  0,  0,  0, 22,  0,  0,  0
6, 11026, 15,KE8EXM,    14.45, 5,   coast,  -11.28,  84245.00, 1530.02, 1395.21,   25.65, 19.9, 3.98, 3.97, 3.97,  -0.01,  -0.14,   0.14,  43.60,  -1.81,  -1.09,   0.21,  -0.23,   0.07,   9.83, 3.98, 0.00, 0.00, 0.00, 0.00, 1, 1,  8,  39.7272446, -83.7071588,  1609.0, 2026,  3, 28, 20,  4,  4,      159,     1287, 133,  83,   2.1,   1.1,   1.7,  0,  0,  0, 36, 34, 32,  0,  0, 32,  0, 28, 29,  0,  0,  0,  0, 33,  0, 34,  0, 28,  0,  0,  0, 23,  0,  0,  0, 22,  0,  0,  0
6, 11026, 15,KE8EXM,    14.46, 5,   coast,   -9.81,  84245.00, 1530.02, 1395.21,   25.55, 19.9, 3.98, 3.97, 3.97,  -0.02,  -0.11,   0.08,  43.85,  -1.81,  -1.27,   0.21,  -0.23,   0.07,   9.85, 3.98, 0.00, 0.00, 0.00, 0.00, 1, 1,  8,  39.7272446, -83.7071588,  1609.0, 2026,  3, 28, 20,  4,  4,      159,     1287, 133,  83,   2.1,   1.1,   1.7,  0,  0,  0, 36, 34, 32,  0,  0, 32,  0, 28, 29,  0,  0,  0,  0, 33,  0, 34,  0, 28,  0,  0,  0, 23,  0,  0,  0, 22,  0,  0,  0
6, 11026, 15,KE8EXM,    14.47, 5,   coast,   -9.81,  84244.00, 1530.11, 1395.31,   25.45, 19.9, 3.98, 3.97, 3.97,  -0.04,  -0.17,   0.09,  43.60,  -2.12,  -1.09,   0.21,  -0.23,   0.07,   9.87, 3.98, 0.00, 0.00, 0.00, 0.00, 1, 1,  8,  39.7272446, -83.7071588,  1609.0, 2026,  3, 28, 20,  4,  4,      159,     1287, 133,  83,   2.1,   1.1,   1.7,  0,  0,  0, 36, 34, 32,  0,  0, 32,  0, 28, 29,  0,  0,  0,  0, 33,  0, 34,  0, 28,  0,  0,  0, 23,  0,  0,  0, 22,  0,  0,  0
6, 11026, 15,KE8EXM,    14.48, 5,   coast,   -9.81,  84244.00, 1530.11, 1395.31,   25.35, 19.9, 3.98, 3.97, 3.97,   0.00,  -0.12,   0.10,  43.60,  -1.81,  -1.33,   0.21,  -0.23,   0.08,   9.90, 3.98, 0.00, 0.00, 0.00, 0.00, 1, 1,  8,  39.7272446, -83.7071588,  1609.0, 2026,  3, 28, 20,  4,  4,      159,     1287, 133,  83,   2.1,   1.1,   1.7,  0,  0,  0, 36, 34, 32,  0,  0, 32,  0, 28, 29,  0,  0,  0,  0, 33,  0, 34,  0, 28,  0,  0,  0, 23,  0,  0,  0, 22,  0,  0,  0
6, 11026, 15,KE8EXM,    14.49, 5,   coast,  -10.30,  84238.00, 1530.69, 1395.89,   25.24, 19.9, 3.98, 3.97, 3.97,  -0.05,  -0.12,   0.07,  43.54,  -2.06,  -1.45,   0.21,  -0.23,   0.08,   9.92, 3.98, 0.00, 0.00, 0.00, 0.00, 1, 1,  8,  39.7272446, -83.7071588,  1609.0, 2026,  3, 28, 20,  4,  4,      159,     1287, 133,  83,   2.1,   1.1,   1.7,  0,  0,  0, 36, 34, 32,  0,  0, 32,  0, 28, 29,  0,  0,  0,  0, 33,  0, 34,  0, 28,  0,  0,  0, 23,  0,  0,  0, 22,  0,  0,  0
6, 11026, 15,KE8EXM,    14.50, 5,   coast,  -10.79,  84238.00, 1530.69, 1395.89,   25.14, 19.9, 3.98, 3.97, 3.97,   0.03,  -0.12,   0.11,  43.42,  -2.00,  -1.21,   0.21,  -0.23,   0.08,   9.94, 3.98, 0.00, 0.00, 0.00, 0.00, 1, 1,  8,  39.7272446, -83.7071588,  1609.0, 2026,  3, 28, 20,  4,  4,      159,     1287, 133,  83,   2.1,   1.1,   1.7,  0,  0,  0, 36, 34, 32,  0,  0, 32,  0, 28, 29,  0,  0,  0,  0, 33,  0, 34,  0, 28,  0,  0,  0, 23,  0,  0,  0, 22,  0,  0,  0
6, 11026, 15,KE8EXM,    14.51, 5,   coast,  -11.28,  84226.00, 1531.85, 1397.05,   25.04, 19.9, 3.98, 3.97, 3.97,  -0.01,  -0.13,   0.08,  43.36,  -2.30,  -1.09,   0.21,  -0.23,   0.08,   9.97, 3.98, 0.00, 0.00, 0.00, 0.00, 1, 1,  8,  39.7272446, -83.7071588,  1609.0, 2026,  3, 28, 20,  4,  4,      159,     1287, 133,  83,   2.1,   1.1,   1.7,  0,  0,  0, 36, 34, 32,  0,  0, 32,  0, 28, 29,  0,  0,  0,  0, 33,  0, 34,  0, 28,  0,  0,  0, 23,  0,  0,  0, 22,  0,  0,  0
6, 11026, 15,KE8EXM,    14.52, 5,   coast,   -8.83,  84226.00, 1531.85, 1397.05,   24.94, 19.9, 3.98, 3.97, 3.97,  -0.01,  -0.14,   0.14,  43.24,  -1.88,  -1.57,   0.20,  -0.22,   0.08,   9.99, 3.98, 0.00, 0.00, 0.00, 0.00, 1, 1,  8,  39.7272446, -83.7071588,  1609.0, 2026,  3, 28, 20,  4,  4,      159,     1287, 133,  83,   2.1,   1.1,   1.7,  0,  0,  0, 36, 34, 32,  0,  0, 32,  0, 28, 29,  0,  0,  0,  0, 33,  0, 34,  0, 28,  0,  0,  0, 23,  0,  0,  0, 22,  0,  0,  0
6, 11026, 15,KE8EXM,    14.53, 5,   coast,  -10.30,  84233.00, 1531.18, 1396.37,   24.83, 19.9, 3.98, 3.97, 3.97,  -0.01,  -0.16,   0.09,  43.24,  -1.94,  -1.51,   0.20,  -0.22,   0.08,  10.02, 3.98, 0.00, 0.00, 0.00, 0.00, 1, 1,  8,  39.7272446, -83.7071588,  1609.0, 2026,  3, 28, 20,  4,  4,      159,     1287, 133,  83,   2.1,   1.1,   1.7,  0,  0,  0, 36, 34, 32,  0,  0, 32,  0, 28, 29,  0,  0,  0,  0, 33,  0, 34,  0, 28,  0,  0,  0, 23,  0,  0,  0, 22,  0,  0,  0
6, 11026, 15,KE8EXM,    14.54, 5,   coast,  -10.79,  84233.00, 1531.18, 1396.37,   24.73, 19.9, 3.98, 3.97, 3.97,   0.00,  -0.16,   0.10,  43.11,  -1.69,  -1.51,   0.21,  -0.22,   0.08,  10.04, 3.98, 0.00, 0.00, 0.00, 0.00, 1, 1,  8,  39.7272446, -83.7071588,  1609.0, 2026,  3, 28, 20,  4,  4,      159,     1287, 133,  83,   2.1,   1.1,   1.7,  0,  0,  0, 36, 34, 32,  0,  0, 32,  0, 28, 29,  0,  0,  0,  0, 33,  0, 34,  0, 28,  0,  0,  0, 23,  0,  0,  0, 22,  0,  0,  0
6, 11026, 15,KE8EXM,    14.55, 5,   coast,   -9.32,  84228.00, 1531.66, 1396.85,   24.63, 19.9, 3.98, 3.97, 3.97,   0.01,  -0.11,   0.09,  43.05,  -2.18,  -1.64,   0.21,  -0.22,   0.08,  10.07, 3.98, 0.00, 0.00, 0.00, 0.00, 1, 1,  8,  39.7272446, -83.7071588,  1609.0, 2026,  3, 28, 20,  4,  4,      159,     1287, 133,  83,   2.1,   1.1,   1.7,  0,  0,  0, 36, 34, 32,  0,  0, 32,  0, 28, 29,  0,  0,  0,  0, 33,  0, 34,  0, 28,  0,  0,  0, 23,  0,  0,  0, 22,  0,  0,  0
6, 11026, 15,KE8EXM,    14.56, 5,   coast,   -9.81,  84228.00, 1531.66, 1396.85,   24.53, 19.9, 3.98, 3.97, 3.97,  -0.01,  -0.13,   0.11,  42.93,  -1.88,  -1.51,   0.20,  -0.22,   0.09,  10.09, 3.98, 0.00, 0.00, 0.00, 0.00, 1, 1,  8,  39.7272446, -83.7071588,  1609.0, 2026,  3, 28, 20,  4,  4,      159,     1287, 133,  83,   2.1,   1.1,   1.7,  0,  0,  0, 36, 34, 32,  0,  0, 32,  0, 28, 29,  0,  0,  0,  0, 33,  0, 34,  0, 28,  0,  0,  0, 23,  0,  0,  0, 22,  0,  0,  0
6, 11026, 15,KE8EXM,    14.57, 5,   coast,  -11.28,  84219.00, 1532.53, 1397.73,   24.43, 19.9, 3.98, 3.97, 3.97,   0.02,  -0.08,   0.08,  43.05,  -1.94,  -1.76,   0.20,  -0.22,   0.09,  10.12, 3.98, 0.00, 0.00, 0.00, 0.00, 1, 1,  8,  39.7272446, -83.7071588,  1609.0, 2026,  3, 28, 20,  4,  4,      159,     1287, 133,  83,   2.1,   1.1,   1.7,  0,  0,  0, 36, 34, 32,  0,  0, 32,  0, 28, 29,  0,  0,  0,  0, 33,  0, 34,  0, 28,  0,  0,  0, 23,  0,  0,  0, 22,  0,  0,  0
6, 11026, 15,KE8EXM,    14.58, 5,   coast,   -9.81,  84219.00, 1532.53, 1397.73,   24.33, 19.9, 3.98, 3.97, 3.97,   0.00,  -0.09,   0.12,  42.87,  -2.00,  -1.82,   0.20,  -0.22,   0.09,  10.14, 3.98, 0.00, 0.00, 0.00, 0.00, 1, 1,  8,  39.7272446, -83.7071588,  1609.0, 2026,  3, 28, 20,  4,  4,      159,     1287, 133,  83,   2.1,   1.1,   1.7,  0,  0,  0, 36, 34, 32,  0,  0, 32,  0, 28, 29,  0,  0,  0,  0, 33,  0, 34,  0, 28,  0,  0,  0, 23,  0,  0,  0, 22,  0,  0,  0
6, 11026, 15,KE8EXM,    14.59, 5,   coast,  -10.30,  84210.00, 1533.40, 1398.60,   24.23, 19.9, 3.98, 3.97, 3.97,   0.01,  -0.12,   0.11,  42.87,  -2.24,  -1.76,   0.21,  -0.22,   0.09,  10.17, 3.98, 0.00, 0.00, 0.00, 0.00, 1, 1,  8,  39.7272446, -83.7071588,  1609.0, 2026,  3, 28, 20,  4,  4,      159,     1287, 133,  83,   2.1,   1.1,   1.7,  0,  0,  0, 36, 34, 32,  0,  0, 32,  0, 28, 29,  0,  0,  0,  0, 33,  0, 34,  0, 28,  0,  0,  0, 23,  0,  0,  0, 22,  0,  0,  0
6, 11026, 15,KE8EXM,    14.60, 5,   coast,   -9.81,  84210.00, 1533.40, 1398.60,   24.12, 19.9, 3.98, 3.97, 3.97,   0.03,  -0.17,   0.09,  42.81,  -1.88,  -1.82,   0.21,  -0.22,   0.09,  10.20, 3.98, 0.00, 0.00, 0.00, 0.00, 1, 1,  8,  39.7272446, -83.7071588,  1609.0, 2026,  3, 28, 20,  4,  4,      159,     1287, 133,  83,   2.1,   1.1,   1.7,  0,  0,  0, 36, 34, 32,  0,  0, 32,  0, 28, 29,  0,  0,  0,  0, 33,  0, 34,  0, 28,  0,  0,  0, 23,  0,  0,  0, 22,  0,  0,  0
6, 11026, 15,KE8EXM,    14.61, 5,   coast,  -10.30,  84204.00, 1533.98, 1399.18,   24.02, 19.9, 3.98, 3.97, 3.97,  -0.02,  -0.12,   0.09,  42.63,  -2.00,  -1.88,   0.21,  -0.22,   0.09,  10.22, 3.98, 0.00, 0.00, 0.00, 0.00, 1, 1,  8,  39.7272446, -83.7071588,  1609.0, 2026,  3, 28, 20,  4,  4,      159,     1287, 133,  83,   2.1,   1.1,   1.7,  0,  0,  0, 36, 34, 32,  0,  0, 32,  0, 28, 29,  0,  0,  0,  0, 33,  0, 34,  0, 28,  0,  0,  0, 23,  0,  0,  0, 22,  0,  0,  0
6, 11026, 15,KE8EXM,    14.62, 5,   coast,   -9.81,  84204.00, 1533.98, 1399.18,   23.92, 19.9, 3.98, 3.97, 3.97,  -0.01,  -0.15,   0.11,  42.50,  -2.00,  -1.94,   0.21,  -0.22,   0.09,  10.25, 3.98, 0.00, 0.00, 0.00, 0.00, 1, 1,  8,  39.7272446, -83.7071588,  1609.0, 2026,  3, 28, 20,  4,  4,      159,     1287, 133,  83,   2.1,   1.1,   1.7,  0,  0,  0, 36, 34, 32,  0,  0, 32,  0, 28, 29,  0,  0,  0,  0, 33,  0, 34,  0, 28,  0,  0,  0, 23,  0,  0,  0, 22,  0,  0,  0
6, 11026, 15,KE8EXM,    14.63, 5,   coast,  -11.77,  84199.00, 1534.47, 1399.66,   23.81, 19.9, 3.98, 3.97, 3.97,   0.01,  -0.14,   0.11,  42.32,  -2.18,  -2.06,   0.20,  -0.21,   0.10,  10.28, 3.98, 0.00, 0.00, 0.00, 0.00, 1, 1,  8,  39.7272446, -83.7071588,  1609.0, 2026,  3, 28, 20,  4,  4,      159,     1287, 133,  83,   2.1,   1.1,   1.7,  0,  0,  0, 36, 34, 32,  0,  0, 32,  0, 28, 29,  0,  0,  0,  0, 33,  0, 34,  0, 28,  0,  0,  0, 23,  0,  0,  0, 22,  0,  0,  0
6, 11026, 15,KE8EXM,    14.64, 5,   coast,  -10.30,  84199.00, 1534.47, 1399.66,   23.71, 19.9, 3.98, 3.97, 3.97,  -0.01,  -0.12,   0.11,  42.50,  -1.75,  -1.94,   0.20,  -0.21,   0.10,  10.30, 3.98, 0.00, 0.00, 0.00, 0.00, 1, 1,  8,  39.7272446, -83.7071588,  1609.0, 2026,  3, 28, 20,  4,  4,      159,     1287, 133,  83,   2.1,   1.1,   1.7,  0,  0,  0, 36, 34, 32,  0,  0, 32,  0, 28, 29,  0,  0,  0,  0, 33,  0, 34,  0, 28,  0,  0,  0, 23,  0,  0,  0, 22,  0,  0,  0
6, 11026, 15,KE8EXM,    14.65, 5,   coast,   -9.81,  84200.00, 1534.37, 1399.56,   23.61, 19.9, 3.98, 3.97, 3.97,  -0.01,  -0.11,   0.10,  42.26,  -1.81,  -2.06,   0.21,  -0.21,   0.10,  10.33, 3.98, 0.00, 0.00, 0.00, 0.00, 1, 1,  8,  39.7272446, -83.7071588,  1609.0, 2026,  3, 28, 20,  4,  4,      159,     1287, 133,  83,   2.1,   1.1,   1.7,  0,  0,  0, 36, 34, 32,  0,  0, 32,  0, 28, 29,  0,  0,  0,  0, 33,  0, 34,  0, 28,  0,  0,  0, 23,  0,  0,  0, 22,  0,  0,  0
6, 11026, 15,KE8EXM,    14.66, 5,   coast,  -10.30,  84200.00, 1534.37, 1399.56,   23.50, 19.9, 3.98, 3.97, 3.97,  -0.02,  -0.14,   0.09,  42.44,  -1.88,  -1.94,   0.21,  -0.21,   0.10,  10.36, 3.98, 0.00, 0.00, 0.00, 0.00, 1, 1,  8,  39.7272446, -83.7071588,  1609.0, 2026,  3, 28, 20,  4,  4,      159,     1287, 133,  83,   2.1,   1.1,   1.7,  0,  0,  0, 36, 34, 32,  0,  0, 32,  0, 28, 29,  0,  0,  0,  0, 33,  0, 34,  0, 28,  0,  0,  0, 23,  0,  0,  0, 22,  0,  0,  0
6, 11026, 15,KE8EXM,    14.67, 5,   coast,  -10.30,  84198.00, 1534.56, 1399.76,   23.40, 19.9, 3.98, 3.97, 3.97,   0.01,  -0.07,   0.13,  42.08,  -1.81,  -2.06,   0.21,  -0.21,   0.10,  10.38, 3.98, 0.00, 0.00, 0.00, 0.00, 1, 1,  8,  39.7272446, -83.7071588,  1609.0, 2026,  3, 28, 20,  4,  4,      159,     1287, 133,  83,   2.1,   1.1,   1.7,  0,  0,  0, 36, 34, 32,  0,  0, 32,  0, 28, 29,  0,  0,  0,  0, 33,  0, 34,  0, 28,  0,  0,  0, 23,  0,  0,  0, 22,  0,  0,  0
6, 11026, 15,KE8EXM,    14.68, 5,   coast,   -9.32,  84198.00, 1534.56, 1399.76,   23.30, 19.9, 3.98, 3.97, 3.97,   0.01,  -0.13,   0.12,  42.14,  -2.24,  -2.18,   0.21,  -0.21,   0.10,  10.41, 3.98, 0.00, 0.00, 0.00, 0.00, 1, 1,  8,  39.7272446, -83.7071588,  1609.0, 2026,  3, 28, 20,  4,  4,      159,     1287, 133,  83,   2.1,   1.1,   1.7,  0,  0,  0, 36, 34, 32,  0,  0, 32,  0, 28, 29,  0,  0,  0,  0, 33,  0, 34,  0, 28,  0,  0,  0, 23,  0,  0,  0, 22,  0,  0,  0
6, 11026, 15,KE8EXM,    14.69, 5,   coast,  -10.30,  84193.00, 1535.05, 1400.24,   23.20, 19.9, 3.98, 3.97, 3.97,  -0.01,  -0.14,   0.07,  42.14,  -2.06,  -2.12,   0.21,  -0.21,   0.10,  10.44, 3.98, 0.00, 0.00, 0.00, 0.00, 1, 1,  8,  39.7272446, -83.7071588,  1609.0, 2026,  3, 28, 20,  4,  4,      159,     1287, 133,  83,   2.1,   1.1,   1.7,  0,  0,  0, 36, 34, 32,  0,  0, 32,  0, 28, 29,  0,  0,  0,  0, 33,  0, 34,  0, 28,  0,  0,  0, 23,  0,  0,  0, 22,  0,  0,  0
6, 11026, 15,KE8EXM,    14.70, 5,   coast,   -9.81,  84193.00, 1535.05, 1400.24,   23.10, 19.9, 3.98, 3.97, 3.97,  -0.01,  -0.11,   0.14,  42.08,  -2.06,  -2.06,   0.21,  -0.21,   0.10,  10.47, 3.98, 0.00, 0.00, 0.00, 0.00, 1, 1,  8,  39.7272446, -83.7071588,  1609.0, 2026,  3, 28, 20,  4,  4,      159,     1287, 133,  83,   2.1,   1.1,   1.7,  0,  0,  0, 36, 34, 32,  0,  0, 32,  0, 28, 29,  0,  0,  0,  0, 33,  0, 34,  0, 28,  0,  0,  0, 23,  0,  0,  0, 22,  0,  0,  0
6, 11026, 15,KE8EXM,    14.71, 5,   coast,  -10.79,  84186.00, 1535.72, 1400.92,   22.99, 19.9, 3.98, 3.97, 3.97,   0.02,  -0.10,   0.06,  42.08,  -2.00,  -2.25,   0.21,  -0.21,   0.10,  10.50, 3.98, 0.00, 0.00, 0.00, 0.00, 1, 1,  8,  39.7272446, -83.7071588,  1609.0, 2026,  3, 28, 20,  4,  4,      159,     1287, 133,  83,   2.1,   1.1,   1.7,  0,  0,  0, 36, 34, 32,  0,  0, 32,  0, 28, 29,  0,  0,  0,  0, 33,  0, 34,  0, 28,  0,  0,  0, 23,  0,  0,  0, 22,  0,  0,  0
6, 11026, 15,KE8EXM,    14.72, 5,   coast,  -11.28,  84186.00, 1535.72, 1400.92,   22.89, 19.9, 3.98, 3.97, 3.97,   0.01,  -0.16,   0.13,  41.65,  -2.06,  -2.18,   0.21,  -0.21,   0.11,  10.53, 3.98, 0.00, 0.00, 0.00, 0.00, 1, 1,  8,  39.7272446, -83.7071588,  1609.0, 2026,  3, 28, 20,  4,  4,      159,     1287, 133,  83,   2.1,   1.1,   1.7,  0,  0,  0, 36, 34, 32,  0,  0, 32,  0, 28, 29,  0,  0,  0,  0, 33,  0, 34,  0, 28,  0,  0,  0, 23,  0,  0,  0, 22,  0,  0,  0
6, 11026, 15,KE8EXM,    14.73, 5,   coast,  -11.28,  84189.00, 1535.43, 1400.63,   22.78, 19.9, 3.98, 3.97, 3.97,  -0.02,  -0.09,   0.09,  41.65,  -2.00,  -2.25,   0.21,  -0.20,   0.11,  10.56, 3.98, 0.00, 0.00, 0.00, 0.00, 1, 1,  8,  39.7272446, -83.7071588,  1609.0, 2026,  3, 28, 20,  4,  4,      159,     1287, 133,  83,   2.1,   1.1,   1.7,  0,  0,  0, 36, 34, 32,  0,  0, 32,  0, 28, 29,  0,  0,  0,  0, 33,  0, 34,  0, 28,  0,  0,  0, 23,  0,  0,  0, 22,  0,  0,  0
6, 11026, 15,KE8EXM,    14.74, 5,   coast,  -10.79,  84189.00, 1535.43, 1400.63,   22.67, 19.9, 4.03, 4.02, 4.03,  -0.01,  -0.13,   0.11,  41.83,  -2.00,  -2.49,   0.21,  -0.20,   0.11,  10.59, 4.04, 0.00, 0.00, 0.01, 0.00, 1, 1,  8,  39.7272446, -83.7071588,  1609.0, 2026,  3, 28, 20,  4,  4,      159,     1287, 133,  83,   2.1,   1.1,   1.7,  0,  0,  0, 36, 34, 32,  0,  0, 32,  0, 28, 29,  0,  0,  0,  0, 33,  0, 34,  0, 28,  0,  0,  0, 23,  0,  0,  0, 22,  0,  0,  0
6, 11026, 15,KE8EXM,    14.74, 5,   coast,  -10.79,  84189.00, 1535.43, 1400.63,   22.67, 19.9, 4.03, 4.02, 4.03,  -0.01,  -0.13,   0.11,  41.83,  -2.00,  -2.49,   0.21,  -0.20,   0.11,  10.59, 4.04, 0.00, 0.00, 0.01, 0.00, 1, 1,  8,  39.7272446, -83.7071588,  1609.0, 2026,  3, 28, 20,  4,  4,      159,     1287, 133,  83,   2.1,   1.1,   1.7,  0,  0,  0, 36, 34, 32,  0,  0, 32,  0, 28, 29,  0,  0,  0,  0, 33,  0, 34,  0, 28,  0,  0,  0, 23,  0,  0,  0, 22,  0,  0,  0
6, 11026, 15,KE8EXM,    14.75, 5,   coast,  -12.26,  84179.00, 1536.40, 1401.59,   22.56, 19.9, 4.03, 4.02, 4.03,   0.01,  -0.10,   0.05,  41.89,  -1.75,  -2.49,   0.21,  -0.20,   0.11,  10.62, 4.04, 0.00, 0.00, 0.01, 0.00, 1, 1,  8,  39.7272446, -83.7071588,  1609.0, 2026,  3, 28, 20,  4,  4,      159,     1287, 133,  83,   2.1,   1.1,   1.7,  0,  0,  0, 36, 34, 32,  0,  0, 32,  0, 28, 29,  0,  0,  0,  0, 33,  0, 34,  0, 28,  0,  0,  0, 23,  0,  0,  0, 22,  0,  0,  0
6, 11026, 15,KE8EXM,    14.76, 5,   coast,   -9.32,  84179.00, 1536.40, 1401.59,   22.46, 19.9, 4.03, 4.02, 4.03,  -0.01,  -0.10,   0.14,  41.41,  -2.12,  -2.31,   0.21,  -0.20,   0.11,  10.65, 4.04, 0.00, 0.00, 0.01, 0.00, 1, 1,  8,  39.7272446, -83.7071588,  1609.0, 2026,  3, 28, 20,  4,  4,      159,     1287, 133,  83,   2.1,   1.1,   1.7,  0,  0,  0, 36, 34, 32,  0,  0, 32,  0, 28, 29,  0,  0,  0,  0, 33,  0, 34,  0, 28,  0,  0,  0, 23,  0,  0,  0, 22,  0,  0,  0
6, 11026, 15,KE8EXM,    14.77, 5,   coast,  -10.30,  84164.00, 1537.85, 1403.04,   22.35, 19.9, 4.03, 4.02, 4.03,   0.00,  -0.14,   0.06,  41.59,  -2.06,  -2.67,   0.21,  -0.20,   0.11,  10.68, 4.04, 0.00, 0.00, 0.01, 0.00, 1, 1,  8,  39.7272446, -83.7071588,  1609.0, 2026,  3, 28, 20,  4,  4,      159,     1287, 133,  83,   2.1,   1.1,   1.7,  0,  0,  0, 36, 34, 32,  0,  0, 32,  0, 28, 29,  0,  0,  0,  0, 33,  0, 34,  0, 28,  0,  0,  0, 23,  0,  0,  0, 22,  0,  0,  0
6, 11026, 15,KE8EXM,    14.78, 5,   coast,   -8.34,  84164.00, 1537.85, 1403.04,   22.26, 19.9, 4.03, 4.02, 4.03,   0.03,  -0.13,   0.12,  41.59,  -1.57,  -2.61,   0.21,  -0.20,   0.11,  10.71, 4.04, 0.00, 0.00, 0.01, 0.00, 1, 1,  8,  39.7272446, -83.7071588,  1609.0, 2026,  3, 28, 20,  4,  4,      159,     1287, 133,  83,   2.1,   1.1,   1.7,  0,  0,  0, 36, 34, 32,  0,  0, 32,  0, 28, 29,  0,  0,  0,  0, 33,  0, 34,  0, 28,  0,  0,  0, 23,  0,  0,  0, 22,  0,  0,  0
6, 11026, 15,KE8EXM,    14.79, 5,   coast,  -10.30,  84175.00, 1536.79, 1401.98,   22.16, 19.9, 4.03, 4.02, 4.03,   0.04,  -0.12,   0.09,  41.47,  -1.81,  -2.61,   0.21,  -0.20,   0.11,  10.74, 4.04, 0.00, 0.00, 0.01, 0.00, 1, 1,  8,  39.7272446, -83.7071588,  1609.0, 2026,  3, 28, 20,  4,  4,      159,     1287, 133,  83,   2.1,   1.1,   1.7,  0,  0,  0, 36, 34, 32,  0,  0, 32,  0, 28, 29,  0,  0,  0,  0, 33,  0, 34,  0, 28,  0,  0,  0, 23,  0,  0,  0, 22,  0,  0,  0
6, 11026, 15,KE8EXM,    14.80, 5,   coast,  -10.30,  84175.00, 1536.79, 1401.98,   22.06, 19.9, 4.03, 4.02, 4.03,   0.00,  -0.09,   0.10,  41.34,  -1.81,  -2.55,   0.21,  -0.20,   0.11,  10.77, 4.04, 0.00, 0.00, 0.01, 0.00, 1, 1,  8,  39.7272446, -83.7071588,  1609.0, 2026,  3, 28, 20,  4,  4,      159,     1287, 133,  83,   2.1,   1.1,   1.7,  0,  0,  0, 36, 34, 32,  0,  0, 32,  0, 28, 29,  0,  0,  0,  0, 33,  0, 34,  0, 28,  0,  0,  0, 23,  0,  0,  0, 22,  0,  0,  0
6, 11026, 15,KE8EXM,    14.81, 5,   coast,   -9.32,  84170.00, 1537.27, 1402.46,   21.96, 19.9, 4.03, 4.02, 4.03,   0.01,  -0.11,   0.06,  41.28,  -2.00,  -2.80,   0.21,  -0.19,   0.12,  10.81, 4.04, 0.00, 0.00, 0.01, 0.00, 1, 1,  8,  39.7272446, -83.7071588,  1609.0, 2026,  3, 28, 20,  4,  4,      159,     1287, 133,  83,   2.1,   1.1,   1.7,  0,  0,  0, 36, 34, 32,  0,  0, 32,  0, 28, 29,  0,  0,  0,  0, 33,  0, 34,  0, 28,  0,  0,  0, 23,  0,  0,  0, 22,  0,  0,  0
6, 11026, 15,KE8EXM,    14.82, 5,   coast,  -10.30,  84170.00, 1537.27, 1402.46,   21.86, 19.9, 4.03, 4.02, 4.03,   0.04,  -0.12,   0.05,  41.28,  -1.75,  -2.67,   0.21,  -0.19,   0.12,  10.84, 4.04, 0.00, 0.00, 0.01, 0.00, 1, 1,  8,  39.7272446, -83.7071588,  1609.0, 2026,  3, 28, 20,  4,  4,      159,     1287, 133,  83,   2.1,   1.1,   1.7,  0,  0,  0, 36, 34, 32,  0,  0, 32,  0, 28, 29,  0,  0,  0,  0, 33,  0, 34,  0, 28,  0,  0,  0, 23,  0,  0,  0, 22,  0,  0,  0
6, 11026, 15,KE8EXM,    14.83, 5,   coast,  -11.28,  84168.00, 1537.46, 1402.66,   21.75, 19.9, 4.03, 4.02, 4.03,  -0.02,  -0.11,   0.09,  41.41,  -1.94,  -2.86,   0.21,  -0.19,   0.12,  10.87, 4.04, 0.00, 0.00, 0.01, 0.00, 1, 1,  8,  39.7272446, -83.7071588,  1609.0, 2026,  3, 28, 20,  4,  4,      159,     1287, 133,  83,   2.1,   1.1,   1.7,  0,  0,  0, 36, 34, 32,  0,  0, 32,  0, 28, 29,  0,  0,  0,  0, 33,  0, 34,  0, 28,  0,  0,  0, 23,  0,  0,  0, 22,  0,  0,  0
6, 11026, 15,KE8EXM,    14.84, 5,   coast,   -9.32,  84168.00, 1537.46, 1402.66,   21.65, 19.9, 4.03, 4.02, 4.03,   0.03,  -0.14,   0.11,  41.16,  -2.06,  -2.86,   0.21,  -0.19,   0.12,  10.90, 4.04, 0.00, 0.00, 0.01, 0.00, 1, 1,  8,  39.7272446, -83.7071588,  1609.0, 2026,  3, 28, 20,  4,  4,      159,     1287, 133,  83,   2.1,   1.1,   1.7,  0,  0,  0, 36, 34, 32,  0,  0, 32,  0, 28, 29,  0,  0,  0,  0, 33,  0, 34,  0, 28,  0,  0,  0, 23,  0,  0,  0, 22,  0,  0,  0
6, 11026, 15,KE8EXM,    14.85, 5,   coast,  -12.26,  84174.00, 1536.88, 1402.08,   21.54, 19.9, 4.03, 4.02, 4.03,   0.00,  -0.11,   0.11,  41.10,  -1.88,  -2.73,   0.21,  -0.19,   0.12,  10.94, 4.04, 0.00, 0.00, 0.01, 0.00, 1, 1,  8,  39.7272446, -83.7071588,  1609.0, 2026,  3, 28, 20,  4,  4,      159,     1287, 133,  83,   2.1,   1.1,   1.7,  0,  0,  0, 36, 34, 32,  0,  0, 32,  0, 28, 29,  0,  0,  0,  0, 33,  0, 34,  0, 28,  0,  0,  0, 23,  0,  0,  0, 22,  0,  0,  0
6, 11026, 15,KE8EXM,    14.86, 5,   coast,  -10.30,  84174.00, 1536.88, 1402.08,   21.43, 19.9, 4.03, 4.02, 4.03,   0.01,  -0.09,   0.08,  40.79,  -1.75,  -2.98,   0.21,  -0.19,   0.12,  10.97, 4.04, 0.00, 0.00, 0.01, 0.00, 1, 1,  8,  39.7272446, -83.7071588,  1609.0, 2026,  3, 28, 20,  4,  4,      159,     1287, 133,  83,   2.1,   1.1,   1.7,  0,  0,  0, 36, 34, 32,  0,  0, 32,  0, 28, 29,  0,  0,  0,  0, 33,  0, 34,  0, 28,  0,  0,  0, 23,  0,  0,  0, 22,  0,  0,  0
6, 11026, 15,KE8EXM,    14.87, 5,   coast,  -11.28,  84149.00, 1539.30, 1404.50,   21.33, 19.9, 4.03, 4.02, 4.03,   0.01,  -0.09,   0.12,  41.04,  -1.88,  -3.04,   0.21,  -0.19,   0.12,  11.00, 4.04, 0.00, 0.00, 0.01, 0.00, 1, 1,  8,  39.7272446, -83.7071588,  1609.0, 2026,  3, 28, 20,  4,  4,      159,     1287, 133,  83,   2.1,   1.1,   1.7,  0,  0,  0, 36, 34, 32,  0,  0, 32,  0, 28, 29,  0,  0,  0,  0, 33,  0, 34,  0, 28,  0,  0,  0, 23,  0,  0,  0, 22,  0,  0,  0
6, 11026, 15,KE8EXM,    14.88, 5,   coast,  -10.30,  84149.00, 1539.30, 1404.50,   21.22, 19.9, 4.03, 4.02, 4.03,   0.04,  -0.11,   0.06,  40.98,  -2.06,  -2.98,   0.21,  -0.19,   0.12,  11.04, 4.04, 0.00, 0.00, 0.01, 0.00, 1, 1,  8,  39.7272446, -83.7071588,  1609.0, 2026,  3, 28, 20,  4,  4,      159,     1287, 133,  83,   2.1,   1.1,   1.7,  0,  0,  0, 36, 34, 32,  0,  0, 32,  0, 28, 29,  0,  0,  0,  0, 33,  0, 34,  0, 28,  0,  0,  0, 23,  0,  0,  0, 22,  0,  0,  0
6, 11026, 15,KE8EXM,    14.89, 5,   coast,  -11.28,  84144.00, 1539.79, 1404.98,   21.12, 19.9, 4.03, 4.02, 4.03,   0.05,  -0.14,   0.13,  40.67,  -2.06,  -2.98,   0.21,  -0.18,   0.12,  11.07, 4.04, 0.00, 0.00, 0.01, 0.00, 1, 1,  8,  39.7272446, -83.7071588,  1609.0, 2026,  3, 28, 20,  4,  4,      159,     1287, 133,  83,   2.1,   1.1,   1.7,  0,  0,  0, 36, 34, 32,  0,  0, 32,  0, 28, 29,  0,  0,  0,  0, 33,  0, 34,  0, 28,  0,  0,  0, 23,  0,  0,  0, 22,  0,  0,  0
6, 11026, 15,KE8EXM,    14.90, 5,   coast,   -8.83,  84144.00, 1539.79, 1404.98,   21.01, 19.9, 4.03, 4.02, 4.03,   0.03,  -0.09,   0.08,  40.92,  -1.57,  -3.04,   0.21,  -0.18,   0.12,  11.11, 4.04, 0.00, 0.00, 0.01, 0.00, 1, 1,  8,  39.7272446, -83.7071588,  1609.0, 2026,  3, 28, 20,  4,  4,      159,     1287, 133,  83,   2.1,   1.1,   1.7,  0,  0,  0, 36, 34, 32,  0,  0, 32,  0, 28, 29,  0,  0,  0,  0, 33,  0, 34,  0, 28,  0,  0,  0, 23,  0,  0,  0, 22,  0,  0,  0
6, 11026, 15,KE8EXM,    14.91, 5,   coast,   -9.81,  84152.00, 1539.01, 1404.21,   20.91, 19.9, 4.03, 4.02, 4.03,   0.05,  -0.11,   0.07,  40.98,  -1.69,  -3.22,   0.21,  -0.18,   0.13,  11.14, 4.04, 0.00, 0.00, 0.01, 0.00, 1, 1,  8,  39.7272446, -83.7071588,  1609.0, 2026,  3, 28, 20,  4,  4,      159,     1287, 133,  83,   2.1,   1.1,   1.7,  0,  0,  0, 36, 34, 32,  0,  0, 32,  0, 28, 29,  0,  0,  0,  0, 33,  0, 34,  0, 28,  0,  0,  0, 23,  0,  0,  0, 22,  0,  0,  0
6, 11026, 15,KE8EXM,    14.92, 5,   coast,  -10.30,  84152.00, 1539.01, 1404.21,   20.82, 19.9, 4.03, 4.02, 4.03,  -0.02,  -0.11,   0.06,  40.55,  -1.69,  -3.16,   0.21,  -0.18,   0.13,  11.18, 4.04, 0.00, 0.00, 0.01, 0.00, 1, 1,  8,  39.7272446, -83.7071588,  1609.0, 2026,  3, 28, 20,  4,  4,      159,     1287, 133,  83,   2.1,   1.1,   1.7,  0,  0,  0, 36, 34, 32,  0,  0, 32,  0, 28, 29,  0,  0,  0,  0, 33,  0, 34,  0, 28,  0,  0,  0, 23,  0,  0,  0, 22,  0,  0,  0
6, 11026, 15,KE8EXM,    14.93, 5,   coast,   -9.32,  84141.00, 1540.08, 1405.27,   20.72, 19.9, 4.03, 4.02, 4.03,   0.02,  -0.13,   0.13,  40.37,  -1.81,  -3.10,   0.21,  -0.18,   0.13,  11.21, 4.04, 0.00, 0.00, 0.01, 0.00, 1, 1,  8,  39.7272446, -83.7071588,  1609.0, 2026,  3, 28, 20,  4,  4,      159,     1287, 133,  83,   2.1,   1.1,   1.7,  0,  0,  0, 36, 34, 32,  0,  0, 32,  0, 28, 29,  0,  0,  0,  0, 33,  0, 34,  0, 28,  0,  0,  0, 23,  0,  0,  0, 22,  0,  0,  0
6, 11026, 15,KE8EXM,    14.94, 5,   coast,   -8.83,  84141.00, 1540.08, 1405.27,   20.62, 19.9, 4.03, 4.02, 4.03,  -0.01,  -0.10,   0.08,  40.37,  -1.81,  -3.22,   0.21,  -0.18,   0.13,  11.25, 4.04, 0.00, 0.00, 0.01, 0.00, 1, 1,  8,  39.7272446, -83.7071588,  1609.0, 2026,  3, 28, 20,  4,  4,      159,     1287, 133,  83,   2.1,   1.1,   1.7,  0,  0,  0, 36, 34, 32,  0,  0, 32,  0, 28, 29,  0,  0,  0,  0, 33,  0, 34,  0, 28,  0,  0,  0, 23,  0,  0,  0, 22,  0,  0,  0
6, 11026, 15,KE8EXM,    14.95, 5,   coast,  -10.30,  84136.00, 1540.56, 1405.75,   20.52, 19.9, 4.03, 4.02, 4.03,   0.01,  -0.13,   0.14,  40.43,  -1.94,  -3.28,   0.21,  -0.17,   0.13,  11.28, 4.04, 0.00, 0.00, 0.01, 0.00, 1, 1,  8,  39.7272446, -83.7071588,  1609.0, 2026,  3, 28, 20,  4,  4,      159,     1287, 133,  83,   2.1,   1.1,   1.7,  0,  0,  0, 36, 34, 32,  0,  0, 32,  0, 28, 29,  0,  0,  0,  0, 33,  0, 34,  0, 28,  0,  0,  0, 23,  0,  0,  0, 22,  0,  0,  0
6, 11026, 15,KE8EXM,    14.96, 5,   coast,  -10.30,  84136.00, 1540.56, 1405.75,   20.42, 19.9, 4.03, 4.02, 4.03,   0.04,  -0.11,   0.08,  40.37,  -1.81,  -3.47,   0.21,  -0.17,   0.13,  11.32, 4.04, 0.00, 0.00, 0.01, 0.00, 1, 1,  8,  39.7272446, -83.7071588,  1609.0, 2026,  3, 28, 20,  4,  4,      159,     1287, 133,  83,   2.1,   1.1,   1.7,  0,  0,  0, 36, 34, 32,  0,  0, 32,  0, 28, 29,  0,  0,  0,  0, 33,  0, 34,  0, 28,  0,  0,  0, 23,  0,  0,  0, 22,  0,  0,  0
6, 11026, 15,KE8EXM,    14.97, 5,   coast,  -10.30,  84132.00, 1540.95, 1406.14,   20.32, 19.9, 4.03, 4.02, 4.03,   0.02,  -0.14,   0.11,  40.37,  -1.69,  -3.59,   0.21,  -0.17,   0.13,  11.36, 4.04, 0.00, 0.00, 0.01, 0.00, 1, 1,  8,  39.7272446, -83.7071588,  1609.0, 2026,  3, 28, 20,  4,  4,      159,     1287, 133,  83,   2.1,   1.1,   1.7,  0,  0,  0, 36, 34, 32,  0,  0, 32,  0, 28, 29,  0,  0,  0,  0, 33,  0, 34,  0, 28,  0,  0,  0, 23,  0,  0,  0, 22,  0,  0,  0
6, 11026, 15,KE8EXM,    14.98, 5,   coast,  -11.77,  84132.00, 1540.95, 1406.14,   20.21, 19.9, 4.03, 4.02, 4.03,   0.06,  -0.09,   0.08,  40.37,  -1.88,  -3.34,   0.21,  -0.17,   0.13,  11.40, 4.04, 0.00, 0.00, 0.01, 0.00, 1, 1,  8,  39.7272446, -83.7071588,  1609.0, 2026,  3, 28, 20,  4,  4,      159,     1287, 133,  83,   2.1,   1.1,   1.7,  0,  0,  0, 36, 34, 32,  0,  0, 32,  0, 28, 29,  0,  0,  0,  0, 33,  0, 34,  0, 28,  0,  0,  0, 23,  0,  0,  0, 22,  0,  0,  0
6, 11026, 15,KE8EXM,    14.99, 5,   coast,  -11.28,  84131.00, 1541.04, 1406.24,   20.10, 19.9, 4.03, 4.02, 4.03,   0.02,  -0.12,   0.11,  40.25,  -1.39,  -3.22,   0.21,  -0.17,   0.13,  11.43, 4.04, 0.00, 0.00, 0.01, 0.00, 1, 1,  8,  39.7272446, -83.7071588,  1609.0, 2026,  3, 28, 20,  4,  4,      159,     1287, 133,  83,   2.1,   1.1,   1.7,  0,  0,  0, 36, 34, 32,  0,  0, 32,  0, 28, 29,  0,  0,  0,  0, 33,  0, 34,  0, 28,  0,  0,  0, 23,  0,  0,  0, 22,  0,  0,  0
6, 11026, 15,KE8EXM,    15.00, 5,   coast,  -10.30,  84131.00, 1541.04, 1406.24,   19.99, 19.9, 4.03, 4.02, 4.03,  -0.01,  -0.11,   0.05,  40.25,  -1.57,  -3.53,   0.21,  -0.17,   0.13,  11.47, 4.04, 0.00, 0.00, 0.01, 0.00, 1, 1,  8,  39.7272446, -83.7071588,  1609.0, 2026,  3, 28, 20,  4,  4,      159,     1287, 133,  83,   2.1,   1.1,   1.7,  0,  0,  0, 36, 34, 32,  0,  0, 32,  0, 28, 29,  0,  0,  0,  0, 33,  0, 34,  0, 28,  0,  0,  0, 23,  0,  0,  0, 22,  0,  0,  0
6, 11026, 15,KE8EXM,    15.01, 5,   coast,  -11.28,  84128.00, 1541.33, 1406.53,   19.89, 19.9, 4.03, 4.02, 4.03,   0.01,  -0.12,   0.11,  40.25,  -1.51,  -3.77,   0.21,  -0.17,   0.14,  11.50, 4.04, 0.00, 0.00, 0.01, 0.00, 1, 1,  8,  39.7272446, -83.7071588,  1609.0, 2026,  3, 28, 20,  4,  4,      159,     1287, 133,  83,   2.1,   1.1,   1.7,  0,  0,  0, 36, 34, 32,  0,  0, 32,  0, 28, 29,  0,  0,  0,  0, 33,  0, 34,  0, 28,  0,  0,  0, 23,  0,  0,  0, 22,  0,  0,  0
6, 11026, 15,KE8EXM,    15.02, 5,   coast,  -10.79,  84128.00, 1541.33, 1406.53,   19.78, 19.9, 4.03, 4.02, 4.03,   0.01,  -0.11,   0.11,  40.00,  -1.69,  -3.65,   0.21,  -0.16,   0.14,  11.54, 4.04, 0.00, 0.00, 0.01, 0.00, 1, 1,  8,  39.7272446, -83.7071588,  1609.0, 2026,  3, 28, 20,  4,  4,      159,     1287, 133,  83,   2.1,   1.1,   1.7,  0,  0,  0, 36, 34, 32,  0,  0, 32,  0, 28, 29,  0,  0,  0,  0, 33,  0, 34,  0, 28,  0,  0,  0, 23,  0,  0,  0, 22,  0,  0,  0
6, 11026, 15,KE8EXM,    15.03, 5,   coast,   -9.81,  84128.00, 1541.33, 1406.53,   19.68, 19.9, 4.03, 4.02, 4.03,   0.02,  -0.09,   0.14,  40.06,  -1.69,  -3.59,   0.21,  -0.17,   0.14,  11.58, 4.04, 0.00, 0.00, 0.01, 0.00, 1, 1,  8,  39.7272446, -83.7071588,  1609.0, 2026,  3, 28, 20,  4,  4,      159,     1287, 133,  83,   2.1,   1.1,   1.7,  0,  0,  0, 36, 34, 32,  0,  0, 32,  0, 28, 29,  0,  0,  0,  0, 33,  0, 34,  0, 28,  0,  0,  0, 23,  0,  0,  0, 22,  0,  0,  0
6, 11026, 15,KE8EXM,    15.04, 5,   coast,   -9.81,  84128.00, 1541.33, 1406.53,   19.58, 19.9, 4.03, 4.02, 4.03,   0.03,  -0.12,   0.10,  40.18,  -1.26,  -3.71,   0.21,  -0.17,   0.14,  11.62, 4.04, 0.00, 0.00, 0.01, 0.00, 1, 1,  8,  39.7272446, -83.7071588,  1609.0, 2026,  3, 28, 20,  4,  4,      159,     1287, 133,  83,   2.1,   1.1,   1.7,  0,  0,  0, 36, 34, 32,  0,  0, 32,  0, 28, 29,  0,  0,  0,  0, 33,  0, 34,  0, 28,  0,  0,  0, 23,  0,  0,  0, 22,  0,  0,  0
6, 11026, 15,KE8EXM,    15.05, 5,   coast,   -9.81,  84127.00, 1541.43, 1406.62,   19.48, 19.9, 4.03, 4.02, 4.03,   0.02,  -0.10,   0.11,  39.94,  -1.33,  -3.77,   0.21,  -0.16,   0.14,  11.66, 4.04, 0.00, 0.00, 0.01, 0.00, 1, 1,  8,  39.7272446, -83.7071588,  1609.0, 2026,  3, 28, 20,  4,  4,      159,     1287, 133,  83,   2.1,   1.1,   1.7,  0,  0,  0, 36, 34, 32,  0,  0, 32,  0, 28, 29,  0,  0,  0,  0, 33,  0, 34,  0, 28,  0,  0,  0, 23,  0,  0,  0, 22,  0,  0,  0
6, 11026, 15,KE8EXM,    15.06, 5,   coast,   -8.34,  84127.00, 1541.43, 1406.62,   19.38, 19.9, 3.99, 3.98, 3.99,   0.05,  -0.13,   0.13,  40.12,  -1.45,  -3.65,   0.21,  -0.16,   0.14,  11.69, 4.00, 0.00, 0.00, 0.01, 0.00, 1, 1,  8,  39.7272446, -83.7071588,  1609.0, 2026,  3, 28, 20,  4,  4,      159,     1287, 133,  83,   2.1,   1.1,   1.7,  0,  0,  0, 36, 34, 32,  0,  0, 32,  0, 28, 29,  0,  0,  0,  0, 33,  0, 34,  0, 28,  0,  0,  0, 23,  0,  0,  0, 22,  0,  0,  0
6, 11026, 15,KE8EXM,    15.06, 5,   coast,   -8.34,  84127.00, 1541.43, 1406.62,   19.38, 19.9, 3.99, 3.98, 3.99,   0.05,  -0.13,   0.13,  40.12,  -1.45,  -3.65,   0.21,  -0.16,   0.14,  11.69, 4.00, 0.00, 0.00, 0.01, 0.00, 1, 1,  8,  39.7272446, -83.7071588,  1609.0, 2026,  3, 28, 20,  4,  4,      159,     1287, 133,  83,   2.1,   1.1,   1.7,  0,  0,  0, 36, 34, 32,  0,  0, 32,  0, 28, 29,  0,  0,  0,  0, 33,  0, 34,  0, 28,  0,  0,  0, 23,  0,  0,  0, 22,  0,  0,  0
6, 11026, 15,KE8EXM,    15.07, 5,   coast,  -12.26,  84114.00, 1542.69, 1407.88,   19.27, 19.9, 3.99, 3.98, 3.99,   0.01,  -0.09,   0.09,  39.88,  -1.20,  -3.77,   0.21,  -0.16,   0.14,  11.73, 4.00, 0.00, 0.00, 0.01, 0.00, 1, 1,  8,  39.7272446, -83.7071588,  1609.0, 2026,  3, 28, 20,  4,  4,      159,     1287, 133,  83,   2.1,   1.1,   1.7,  0,  0,  0, 36, 34, 32,  0,  0, 32,  0, 28, 29,  0,  0,  0,  0, 33,  0, 34,  0, 28,  0,  0,  0, 23,  0,  0,  0, 22,  0,  0,  0
6, 11026, 15,KE8EXM,    15.08, 5,   coast,  -10.79,  84114.00, 1542.69, 1407.88,   19.17, 19.9, 3.99, 3.98, 3.99,   0.06,  -0.11,   0.05,  39.82,  -1.57,  -3.95,   0.21,  -0.16,   0.14,  11.77, 4.00, 0.00, 0.00, 0.01, 0.00, 1, 1,  8,  39.7272446, -83.7071588,  1609.0, 2026,  3, 28, 20,  4,  4,      159,     1287, 133,  83,   2.1,   1.1,   1.7,  0,  0,  0, 36, 34, 32,  0,  0, 32,  0, 28, 29,  0,  0,  0,  0, 33,  0, 34,  0, 28,  0,  0,  0, 23,  0,  0,  0, 22,  0,  0,  0
6, 11026, 15,KE8EXM,    15.09, 5,   coast,  -10.30,  84120.00, 1542.11, 1407.30,   19.07, 19.9, 3.99, 3.98, 3.99,   0.04,  -0.10,   0.06,  39.76,  -1.51,  -3.65,   0.21,  -0.15,   0.14,  11.81, 4.00, 0.00, 0.00, 0.01, 0.00, 1, 1,  8,  39.7272446, -83.7071588,  1609.0, 2026,  3, 28, 20,  4,  4,      159,     1287, 133,  83,   2.1,   1.1,   1.7,  0,  0,  0, 36, 34, 32,  0,  0, 32,  0, 28, 29,  0,  0,  0,  0, 33,  0, 34,  0, 28,  0,  0,  0, 23,  0,  0,  0, 22,  0,  0,  0
6, 11026, 15,KE8EXM,    15.10, 5,   coast,  -10.30,  84120.00, 1542.11, 1407.30,   18.96, 19.9, 3.99, 3.98, 3.99,   0.03,  -0.09,   0.07,  39.82,  -1.63,  -3.71,   0.21,  -0.15,   0.14,  11.85, 4.00, 0.00, 0.00, 0.01, 0.00, 1, 1,  8,  39.7272446, -83.7071588,  1609.0, 2026,  3, 28, 20,  4,  4,      159,     1287, 133,  83,   2.1,   1.1,   1.7,  0,  0,  0, 36, 34, 32,  0,  0, 32,  0, 28, 29,  0,  0,  0,  0, 33,  0, 34,  0, 28,  0,  0,  0, 23,  0,  0,  0, 22,  0,  0,  0
6, 11026, 15,KE8EXM,    15.11, 5,   coast,   -9.32,  84115.00, 1542.59, 1407.79,   18.86, 19.9, 3.99, 3.98, 3.99,   0.06,  -0.09,   0.08,  39.64,  -1.75,  -3.77,   0.21,  -0.15,   0.14,  11.89, 4.00, 0.00, 0.00, 0.01, 0.00, 1, 1,  8,  39.7272446, -83.7071588,  1609.0, 2026,  3, 28, 20,  4,  4,      159,     1287, 133,  83,   2.1,   1.1,   1.7,  0,  0,  0, 36, 34, 32,  0,  0, 32,  0, 28, 29,  0,  0,  0,  0, 33,  0, 34,  0, 28,  0,  0,  0, 23,  0,  0,  0, 22,  0,  0,  0
6, 11026, 15,KE8EXM,    15.11, 5,   coast,   -9.32,  84115.00, 1542.59, 1407.79,   18.86, 19.9, 3.99, 3.98, 3.99,   0.06,  -0.09,   0.08,  39.64,  -1.75,  -3.77,   0.21,  -0.15,   0.14,  11.89, 4.00, 0.00, 0.00, 0.01, 0.00, 1, 1,  8,  39.7272446, -83.7071588,  1609.0, 2026,  3, 28, 20,  4,  4,      159,     1287, 133,  83,   2.1,   1.1,   1.7,  0,  0,  0, 36, 34, 32,  0,  0, 32,  0, 28, 29,  0,  0,  0,  0, 33,  0, 34,  0, 28,  0,  0,  0, 23,  0,  0,  0, 22,  0,  0,  0
6, 11026, 15,KE8EXM,    15.11, 5,   coast,   -9.32,  84115.00, 1542.59, 1407.79,   18.86, 19.9, 3.99, 3.98, 3.99,   0.06,  -0.09,   0.08,  39.64,  -1.75,  -3.77,   0.21,  -0.15,   0.14,  11.89, 4.00, 0.00, 0.00, 0.01, 0.00, 1, 1,  8,  39.7272446, -83.7071588,  1609.0, 2026,  3, 28, 20,  4,  4,      159,     1287, 133,  83,   2.1,   1.1,   1.7,  0,  0,  0, 36, 34, 32,  0,  0, 32,  0, 28, 29,  0,  0,  0,  0, 33,  0, 34,  0, 28,  0,  0,  0, 23,  0,  0,  0, 22,  0,  0,  0
6, 11026, 15,KE8EXM,    15.12, 5,   coast,   -9.81,  84115.00, 1542.59, 1407.79,   18.76, 19.9, 3.99, 3.98, 3.99,   0.06,  -0.11,   0.11,  39.70,  -1.45,  -4.02,   0.21,  -0.15,   0.14,  11.93, 4.00, 0.00, 0.00, 0.01, 0.00, 1, 1,  7,  39.7271972, -83.7070659,  1638.0, 2026,  3, 28, 20,  4,  5,      168,     1317, 132,  83,   2.2,   1.2,   1.9,  0,  0,  0, 35, 23, 36,  0,  0, 32,  0, 25, 33,  0,  0,  0,  0, 33,  0, 35,  0, 24,  0,  0,  0, 30,  0,  0,  0, 34,  0,  0,  0
6, 11026, 15,KE8EXM,    15.13, 5,   coast,  -10.79,  84112.00, 1542.88, 1408.08,   18.66, 20.0, 3.99, 3.98, 3.99,   0.01,  -0.09,   0.12,  39.57,  -1.57,  -4.20,   0.21,  -0.15,   0.15,  11.97, 4.00, 0.00, 0.00, 0.01, 0.00, 1, 1,  7,  39.7271972, -83.7070659,  1638.0, 2026,  3, 28, 20,  4,  5,      168,     1317, 132,  83,   2.2,   1.2,   1.9,  0,  0,  0, 35, 23, 36,  0,  0, 32,  0, 25, 33,  0,  0,  0,  0, 33,  0, 35,  0, 24,  0,  0,  0, 30,  0,  0,  0, 34,  0,  0,  0
6, 11026, 15,KE8EXM,    15.14, 5,   coast,   -9.81,  84112.00, 1542.88, 1408.08,   18.56, 20.0, 3.99, 3.98, 3.99,   0.06,  -0.35,   0.11,  39.21,  -1.33,  -4.08,   0.21,  -0.15,   0.15,  12.02, 4.00, 0.00, 0.00, 0.01, 0.00, 1, 1,  7,  39.7271972, -83.7070659,  1638.0, 2026,  3, 28, 20,  4,  5,      168,     1317, 132,  83,   2.2,   1.2,   1.9,  0,  0,  0, 35, 23, 36,  0,  0, 32,  0, 25, 33,  0,  0,  0,  0, 33,  0, 35,  0, 24,  0,  0,  0, 30,  0,  0,  0, 34,  0,  0,  0
6, 11026, 15,KE8EXM,    15.15, 5,   coast,   -9.81,  84109.00, 1543.17, 1408.37,   18.46, 19.9, 3.99, 3.98, 3.99,   0.03,   0.24,   0.16,  39.64,  -1.75,  -4.02,   0.21,  -0.15,   0.15,  12.06, 4.00, 0.00, 0.00, 0.01, 0.00, 1, 1,  7,  39.7271972, -83.7070659,  1638.0, 2026,  3, 28, 20,  4,  5,      168,     1317, 132,  83,   2.2,   1.2,   1.9,  0,  0,  0, 35, 23, 36,  0,  0, 32,  0, 25, 33,  0,  0,  0,  0, 33,  0, 35,  0, 24,  0,  0,  0, 30,  0,  0,  0, 34,  0,  0,  0
6, 11026, 15,KE8EXM,    15.16, 5,   coast,   -9.32,  84109.00, 1543.17, 1408.37,   18.37, 19.9, 3.99, 3.98, 3.99,  -0.04,  -0.15,   0.11,  39.88,  -1.26,  -4.08,   0.21,  -0.15,   0.15,  12.10, 4.00, 0.00, 0.00, 0.01, 0.00, 1, 1,  7,  39.7271972, -83.7070659,  1638.0, 2026,  3, 28, 20,  4,  5,      168,     1317, 132,  83,   2.2,   1.2,   1.9,  0,  0,  0, 35, 23, 36,  0,  0, 32,  0, 25, 33,  0,  0,  0,  0, 33,  0, 35,  0, 24,  0,  0,  0, 30,  0,  0,  0, 34,  0,  0,  0
6, 11026, 15,KE8EXM,    15.17, 5,   coast,  -10.30,  84097.00, 1544.33, 1409.53,   18.27, 19.9, 3.99, 3.98, 3.99,   0.04,  -0.11,   0.01,  38.90,  -1.02,  -4.02,   0.21,  -0.14,   0.15,  12.14, 4.00, 0.00, 0.00, 0.01, 0.00, 1, 1,  7,  39.7271972, -83.7070659,  1638.0, 2026,  3, 28, 20,  4,  5,      168,     1317, 132,  83,   2.2,   1.2,   1.9,  0,  0,  0, 35, 23, 36,  0,  0, 32,  0, 25, 33,  0,  0,  0,  0, 33,  0, 35,  0, 24,  0,  0,  0, 30,  0,  0,  0, 34,  0,  0,  0
6, 11026, 15,KE8EXM,    15.18, 5,   coast,   -8.83,  84097.00, 1544.33, 1409.53,   18.17, 19.9, 3.99, 3.98, 3.99,   0.09,  -0.09,   0.26,  38.96,  -1.51,  -3.83,   0.21,  -0.14,   0.15,  12.18, 4.00, 0.00, 0.00, 0.01, 0.00, 1, 1,  7,  39.7271972, -83.7070659,  1638.0, 2026,  3, 28, 20,  4,  5,      168,     1317, 132,  83,   2.2,   1.2,   1.9,  0,  0,  0, 35, 23, 36,  0,  0, 32,  0, 25, 33,  0,  0,  0,  0, 33,  0, 35,  0, 24,  0,  0,  0, 30,  0,  0,  0, 34,  0,  0,  0
6, 11026, 15,KE8EXM,    15.19, 5,   coast,  -10.30,  84099.00, 1544.14, 1409.33,   18.07, 20.0, 3.99, 3.98, 3.99,   0.05,  -0.08,   0.07,  39.09,  -1.51,  -4.08,   0.21,  -0.14,   0.15,  12.22, 4.00, 0.00, 0.00, 0.01, 0.00, 1, 1,  7,  39.7271972, -83.7070659,  1638.0, 2026,  3, 28, 20,  4,  5,      168,     1317, 132,  83,   2.2,   1.2,   1.9,  0,  0,  0, 35, 23, 36,  0,  0, 32,  0, 25, 33,  0,  0,  0,  0, 33,  0, 35,  0, 24,  0,  0,  0, 30,  0,  0,  0, 34,  0,  0,  0
6, 11026, 15,KE8EXM,    15.20, 5,   coast,  -10.30,  84099.00, 1544.14, 1409.33,   17.97, 20.0, 3.99, 3.98, 3.99,   0.06,  -0.19,   0.00,  39.27,  -1.39,  -4.38,   0.21,  -0.14,   0.15,  12.27, 4.00, 0.00, 0.00, 0.01, 0.00, 1, 1,  7,  39.7271972, -83.7070659,  1638.0, 2026,  3, 28, 20,  4,  5,      168,     1317, 132,  83,   2.2,   1.2,   1.9,  0,  0,  0, 35, 23, 36,  0,  0, 32,  0, 25, 33,  0,  0,  0,  0, 33,  0, 35,  0, 24,  0,  0,  0, 30,  0,  0,  0, 34,  0,  0,  0
6, 11026, 15,KE8EXM,    15.21, 5,   coast,  -10.30,  84089.00, 1545.11, 1410.30,   17.87, 19.9, 3.99, 3.98, 3.99,   0.03,  -0.09,   0.13,  39.02,  -1.39,  -4.08,   0.21,  -0.14,   0.15,  12.31, 4.00, 0.00, 0.00, 0.01, 0.00, 1, 1,  7,  39.7271972, -83.7070659,  1638.0, 2026,  3, 28, 20,  4,  5,      168,     1317, 132,  83,   2.2,   1.2,   1.9,  0,  0,  0, 35, 23, 36,  0,  0, 32,  0, 25, 33,  0,  0,  0,  0, 33,  0, 35,  0, 24,  0,  0,  0, 30,  0,  0,  0, 34,  0,  0,  0
6, 11026, 15,KE8EXM,    15.22, 5,   coast,   -9.32,  84089.00, 1545.11, 1410.30,   17.78, 19.9, 3.99, 3.98, 3.99,   0.05,  -0.04,   0.10,  39.09,  -1.14,  -4.08,   0.21,  -0.14,   0.15,  12.35, 4.00, 0.00, 0.00, 0.01, 0.00, 1, 1,  7,  39.7271972, -83.7070659,  1638.0, 2026,  3, 28, 20,  4,  5,      168,     1317, 132,  83,   2.2,   1.2,   1.9,  0,  0,  0, 35, 23, 36,  0,  0, 32,  0, 25, 33,  0,  0,  0,  0, 33,  0, 35,  0, 24,  0,  0,  0, 30,  0,  0,  0, 34,  0,  0,  0
6, 11026, 15,KE8EXM,    15.23, 5,   coast,   -8.83,  84087.00, 1545.30, 1410.50,   17.68, 19.9, 3.99, 3.98, 3.99,   0.01,  -0.11,   0.06,  39.33,  -1.39,  -4.32,   0.21,  -0.14,   0.15,  12.39, 4.00, 0.00, 0.00, 0.01, 0.00, 1, 1,  7,  39.7271972, -83.7070659,  1638.0, 2026,  3, 28, 20,  4,  5,      168,     1317, 132,  83,   2.2,   1.2,   1.9,  0,  0,  0, 35, 23, 36,  0,  0, 32,  0, 25, 33,  0,  0,  0,  0, 33,  0, 35,  0, 24,  0,  0,  0, 30,  0,  0,  0, 34,  0,  0,  0
6, 11026, 15,KE8EXM,    15.24, 5,   coast,   -9.81,  84087.00, 1545.30, 1410.50,   17.58, 19.9, 3.99, 3.98, 3.99,   0.03,  -0.12,   0.14,  38.96,  -1.08,  -4.50,   0.21,  -0.13,   0.15,  12.44, 4.00, 0.00, 0.00, 0.01, 0.00, 1, 1,  7,  39.7271972, -83.7070659,  1638.0, 2026,  3, 28, 20,  4,  5,      168,     1317, 132,  83,   2.2,   1.2,   1.9,  0,  0,  0, 35, 23, 36,  0,  0, 32,  0, 25, 33,  0,  0,  0,  0, 33,  0, 35,  0, 24,  0,  0,  0, 30,  0,  0,  0, 34,  0,  0,  0
6, 11026, 15,KE8EXM,    15.25, 5,   coast,  -10.30,  84087.00, 1545.30, 1410.50,   17.48, 19.9, 3.99, 3.98, 3.99,   0.06,  -0.10,   0.11,  38.84,  -1.45,  -4.32,   0.21,  -0.13,   0.15,  12.48, 4.00, 0.00, 0.00, 0.01, 0.00, 1, 1,  7,  39.7271972, -83.7070659,  1638.0, 2026,  3, 28, 20,  4,  5,      168,     1317, 132,  83,   2.2,   1.2,   1.9,  0,  0,  0, 35, 23, 36,  0,  0, 32,  0, 25, 33,  0,  0,  0,  0, 33,  0, 35,  0, 24,  0,  0,  0, 30,  0,  0,  0, 34,  0,  0,  0
6, 11026, 15,KE8EXM,    15.26, 5,   coast,  -10.79,  84087.00, 1545.30, 1410.50,   17.38, 19.9, 3.99, 3.98, 3.99,   0.03,  -0.09,   0.10,  38.96,  -1.26,  -4.26,   0.21,  -0.13,   0.15,  12.52, 4.00, 0.00, 0.00, 0.01, 0.00, 1, 1,  7,  39.7271972, -83.7070659,  1638.0, 2026,  3, 28, 20,  4,  5,      168,     1317, 132,  83,   2.2,   1.2,   1.9,  0,  0,  0, 35, 23, 36,  0,  0, 32,  0, 25, 33,  0,  0,  0,  0, 33,  0, 35,  0, 24,  0,  0,  0, 30,  0,  0,  0, 34,  0,  0,  0
6, 11026, 15,KE8EXM,    15.27, 5,   coast,   -9.32,  84081.00, 1545.88, 1411.08,   17.28, 19.9, 3.99, 3.98, 3.99,   0.04,  -0.11,   0.13,  38.96,  -1.14,  -4.38,   0.21,  -0.13,   0.16,  12.57, 4.00, 0.00, 0.00, 0.01, 0.00, 1, 1,  7,  39.7271972, -83.7070659,  1638.0, 2026,  3, 28, 20,  4,  5,      168,     1317, 132,  83,   2.2,   1.2,   1.9,  0,  0,  0, 35, 23, 36,  0,  0, 32,  0, 25, 33,  0,  0,  0,  0, 33,  0, 35,  0, 24,  0,  0,  0, 30,  0,  0,  0, 34,  0,  0,  0
6, 11026, 15,KE8EXM,    15.28, 5,   coast,   -9.81,  84081.00, 1545.88, 1411.08,   17.18, 19.9, 3.99, 3.98, 3.99,   0.06,  -0.11,   0.06,  38.90,  -1.14,  -4.50,   0.21,  -0.13,   0.16,  12.61, 4.00, 0.00, 0.00, 0.01, 0.00, 1, 1,  7,  39.7271972, -83.7070659,  1638.0, 2026,  3, 28, 20,  4,  5,      168,     1317, 132,  83,   2.2,   1.2,   1.9,  0,  0,  0, 35, 23, 36,  0,  0, 32,  0, 25, 33,  0,  0,  0,  0, 33,  0, 35,  0, 24,  0,  0,  0, 30,  0,  0,  0, 34,  0,  0,  0
6, 11026, 15,KE8EXM,    15.29, 5,   coast,  -10.30,  84079.00, 1546.08, 1411.27,   17.09, 19.9, 3.99, 3.98, 3.99,   0.05,  -0.14,   0.12,  38.78,  -1.39,  -4.50,   0.21,  -0.13,   0.16,  12.66, 4.00, 0.00, 0.00, 0.01, 0.00, 1, 1,  7,  39.7271972, -83.7070659,  1638.0, 2026,  3, 28, 20,  4,  5,      168,     1317, 132,  83,   2.2,   1.2,   1.9,  0,  0,  0, 35, 23, 36,  0,  0, 32,  0, 25, 33,  0,  0,  0,  0, 33,  0, 35,  0, 24,  0,  0,  0, 30,  0,  0,  0, 34,  0,  0,  0
6, 11026, 15,KE8EXM,    15.30, 5,   coast,   -9.81,  84079.00, 1546.08, 1411.27,   16.99, 19.9, 3.99, 3.98, 3.99,   0.07,  -0.09,   0.10,  39.09,  -1.14,  -4.69,   0.21,  -0.13,   0.16,  12.71, 4.00, 0.00, 0.00, 0.01, 0.00, 1, 1,  7,  39.7271972, -83.7070659,  1638.0, 2026,  3, 28, 20,  4,  5,      168,     1317, 132,  83,   2.2,   1.2,   1.9,  0,  0,  0, 35, 23, 36,  0,  0, 32,  0, 25, 33,  0,  0,  0,  0, 33,  0, 35,  0, 24,  0,  0,  0, 30,  0,  0,  0, 34,  0,  0,  0
6, 11026, 15,KE8EXM,    15.31, 5,   coast,   -9.32,  84081.00, 1545.88, 1411.08,   16.89, 20.0, 3.99, 3.98, 3.99,   0.06,  -0.10,   0.07,  38.84,  -1.20,  -4.63,   0.21,  -0.12,   0.16,  12.75, 4.00, 0.00, 0.00, 0.01, 0.00, 1, 1,  7,  39.7271972, -83.7070659,  1638.0, 2026,  3, 28, 20,  4,  5,      168,     1317, 132,  83,   2.2,   1.2,   1.9,  0,  0,  0, 35, 23, 36,  0,  0, 32,  0, 25, 33,  0,  0,  0,  0, 33,  0, 35,  0, 24,  0,  0,  0, 30,  0,  0,  0, 34,  0,  0,  0
6, 11026, 15,KE8EXM,    15.32, 5,   coast,   -9.32,  84081.00, 1545.88, 1411.08,   16.79, 20.0, 3.99, 3.98, 3.99,   0.06,  -0.12,   0.09,  38.60,  -0.90,  -4.75,   0.21,  -0.12,   0.16,  12.80, 4.00, 0.00, 0.00, 0.01, 0.00, 1, 1,  7,  39.7271972, -83.7070659,  1638.0, 2026,  3, 28, 20,  4,  5,      168,     1317, 132,  83,   2.2,   1.2,   1.9,  0,  0,  0, 35, 23, 36,  0,  0, 32,  0, 25, 33,  0,  0,  0,  0, 33,  0, 35,  0, 24,  0,  0,  0, 30,  0,  0,  0, 34,  0,  0,  0
6, 11026, 15,KE8EXM,    15.33, 5,   coast,  -10.30,  84078.00, 1546.17, 1411.37,   16.70, 19.9, 3.99, 3.98, 3.99,   0.01,  -0.13,   0.11,  38.41,  -1.08,  -4.50,   0.21,  -0.12,   0.16,  12.84, 4.00, 0.00, 0.00, 0.01, 0.00, 1, 1,  7,  39.7271972, -83.7070659,  1638.0, 2026,  3, 28, 20,  4,  5,      168,     1317, 132,  83,   2.2,   1.2,   1.9,  0,  0,  0, 35, 23, 36,  0,  0, 32,  0, 25, 33,  0,  0,  0,  0, 33,  0, 35,  0, 24,  0,  0,  0, 30,  0,  0,  0, 34,  0,  0,  0
6, 11026, 15,KE8EXM,    15.34, 5,   coast,   -9.81,  84078.00, 1546.17, 1411.37,   16.60, 19.9, 3.99, 3.98, 3.99,   0.07,  -0.11,   0.10,  38.66,  -1.02,  -4.75,   0.21,  -0.11,   0.16,  12.89, 4.00, 0.00, 0.00, 0.01, 0.00, 1, 1,  7,  39.7271972, -83.7070659,  1638.0, 2026,  3, 28, 20,  4,  5,      168,     1317, 132,  83,   2.2,   1.2,   1.9,  0,  0,  0, 35, 23, 36,  0,  0, 32,  0, 25, 33,  0,  0,  0,  0, 33,  0, 35,  0, 24,  0,  0,  0, 30,  0,  0,  0, 34,  0,  0,  0
6, 11026, 15,KE8EXM,    15.35, 5,   coast,   -8.83,  84079.00, 1546.08, 1411.27,   16.50, 19.9, 3.99, 3.98, 3.99,   0.02,  -0.11,   0.11,  38.84,  -0.96,  -4.69,   0.21,  -0.11,   0.16,  12.94, 4.00, 0.00, 0.00, 0.01, 0.00, 1, 1,  7,  39.7271972, -83.7070659,  1638.0, 2026,  3, 28, 20,  4,  5,      168,     1317, 132,  83,   2.2,   1.2,   1.9,  0,  0,  0, 35, 23, 36,  0,  0, 32,  0, 25, 33,  0,  0,  0,  0, 33,  0, 35,  0, 24,  0,  0,  0, 30,  0,  0,  0, 34,  0,  0,  0
6, 11026, 15,KE8EXM,    15.36, 5,   coast,  -10.79,  84079.00, 1546.08, 1411.27,   16.40, 19.9, 3.99, 3.98, 3.99,   0.06,  -0.09,   0.07,  38.60,  -0.78,  -4.99,   0.21,  -0.11,   0.16,  12.99, 4.00, 0.00, 0.00, 0.01, 0.00, 1, 1,  7,  39.7271972, -83.7070659,  1638.0, 2026,  3, 28, 20,  4,  5,      168,     1317, 132,  83,   2.2,   1.2,   1.9,  0,  0,  0, 35, 23, 36,  0,  0, 32,  0, 25, 33,  0,  0,  0,  0, 33,  0, 35,  0, 24,  0,  0,  0, 30,  0,  0,  0, 34,  0,  0,  0
6, 11026, 15,KE8EXM,    15.37, 5,   coast,  -10.30,  84069.00, 1547.04, 1412.24,   16.30, 19.9, 3.99, 3.98, 3.99,   0.04,  -0.09,   0.11,  38.60,  -0.96,  -4.81,   0.21,  -0.11,   0.16,  13.03, 4.00, 0.00, 0.00, 0.01, 0.00, 1, 1,  7,  39.7271972, -83.7070659,  1638.0, 2026,  3, 28, 20,  4,  5,      168,     1317, 132,  83,   2.2,   1.2,   1.9,  0,  0,  0, 35, 23, 36,  0,  0, 32,  0, 25, 33,  0,  0,  0,  0, 33,  0, 35,  0, 24,  0,  0,  0, 30,  0,  0,  0, 34,  0,  0,  0
6, 11026, 15,KE8EXM,    15.38, 5,   coast,  -10.79,  84069.00, 1547.04, 1412.24,   16.20, 19.9, 4.03, 4.01, 4.02,   0.06,  -0.12,   0.09,  38.60,  -1.02,  -4.93,   0.21,  -0.11,   0.16,  13.08, 4.03, 0.00, 0.00, 0.00, 0.00, 1, 1,  7,  39.7271972, -83.7070659,  1638.0, 2026,  3, 28, 20,  4,  5,      168,     1317, 132,  83,   2.2,   1.2,   1.9,  0,  0,  0, 35, 23, 36,  0,  0, 32,  0, 25, 33,  0,  0,  0,  0, 33,  0, 35,  0, 24,  0,  0,  0, 30,  0,  0,  0, 34,  0,  0,  0
6, 11026, 15,KE8EXM,    15.38, 5,   coast,  -10.79,  84069.00, 1547.04, 1412.24,   16.20, 19.9, 4.03, 4.01, 4.02,   0.06,  -0.12,   0.09,  38.60,  -1.02,  -4.93,   0.21,  -0.11,   0.16,  13.08, 4.03, 0.00, 0.00, 0.00, 0.00, 1, 1,  7,  39.7271972, -83.7070659,  1638.0, 2026,  3, 28, 20,  4,  5,      168,     1317, 132,  83,   2.2,   1.2,   1.9,  0,  0,  0, 35, 23, 36,  0,  0, 32,  0, 25, 33,  0,  0,  0,  0, 33,  0, 35,  0, 24,  0,  0,  0, 30,  0,  0,  0, 34,  0,  0,  0
6, 11026, 15,KE8EXM,    15.39, 5,   coast,  -10.30,  84065.00, 1547.43, 1412.63,   16.10, 19.9, 4.03, 4.01, 4.02,   0.05,  -0.11,   0.11,  38.78,  -1.02,  -4.75,   0.21,  -0.11,   0.16,  13.13, 4.03, 0.00, 0.00, 0.00, 0.00, 1, 1,  7,  39.7271972, -83.7070659,  1638.0, 2026,  3, 28, 20,  4,  5,      168,     1317, 132,  83,   2.2,   1.2,   1.9,  0,  0,  0, 35, 23, 36,  0,  0, 32,  0, 25, 33,  0,  0,  0,  0, 33,  0, 35,  0, 24,  0,  0,  0, 30,  0,  0,  0, 34,  0,  0,  0
6, 11026, 15,KE8EXM,    15.40, 5,   coast,   -9.32,  84065.00, 1547.43, 1412.63,   16.00, 19.9, 4.03, 4.01, 4.02,   0.06,  -0.11,   0.08,  38.41,  -0.96,  -5.24,   0.21,  -0.11,   0.16,  13.18, 4.03, 0.00, 0.00, 0.00, 0.00, 1, 1,  7,  39.7271972, -83.7070659,  1638.0, 2026,  3, 28, 20,  4,  5,      168,     1317, 132,  83,   2.2,   1.2,   1.9,  0,  0,  0, 35, 23, 36,  0,  0, 32,  0, 25, 33,  0,  0,  0,  0, 33,  0, 35,  0, 24,  0,  0,  0, 30,  0,  0,  0, 34,  0,  0,  0
6, 11026, 15,KE8EXM,    15.41, 5,   coast,  -10.30,  84068.00, 1547.14, 1412.34,   15.90, 19.9, 4.03, 4.01, 4.02,   0.06,  -0.11,   0.09,  38.78,  -0.72,  -5.05,   0.21,  -0.11,   0.16,  13.23, 4.03, 0.00, 0.00, 0.00, 0.00, 1, 1,  7,  39.7271972, -83.7070659,  1638.0, 2026,  3, 28, 20,  4,  5,      168,     1317, 132,  83,   2.2,   1.2,   1.9,  0,  0,  0, 35, 23, 36,  0,  0, 32,  0, 25, 33,  0,  0,  0,  0, 33,  0, 35,  0, 24,  0,  0,  0, 30,  0,  0,  0, 34,  0,  0,  0
6, 11026, 15,KE8EXM,    15.42, 5,   coast,   -8.83,  84068.00, 1547.14, 1412.34,   15.80, 19.9, 4.03, 4.01, 4.02,   0.00,  -0.09,   0.07,  38.54,  -1.14,  -5.30,   0.21,  -0.10,   0.16,  13.28, 4.03, 0.00, 0.00, 0.00, 0.00, 1, 1,  7,  39.7271972, -83.7070659,  1638.0, 2026,  3, 28, 20,  4,  5,      168,     1317, 132,  83,   2.2,   1.2,   1.9,  0,  0,  0, 35, 23, 36,  0,  0, 32,  0, 25, 33,  0,  0,  0,  0, 33,  0, 35,  0, 24,  0,  0,  0, 30,  0,  0,  0, 34,  0,  0,  0
6, 11026, 15,KE8EXM,    15.43, 5,   coast,  -10.30,  84063.00, 1547.63, 1412.82,   15.70, 19.9, 4.03, 4.01, 4.02,   0.05,  -0.09,   0.06,  38.48,  -0.84,  -5.11,   0.21,  -0.10,   0.16,  13.33, 4.03, 0.00, 0.00, 0.00, 0.00, 1, 1,  7,  39.7271972, -83.7070659,  1638.0, 2026,  3, 28, 20,  4,  5,      168,     1317, 132,  83,   2.2,   1.2,   1.9,  0,  0,  0, 35, 23, 36,  0,  0, 32,  0, 25, 33,  0,  0,  0,  0, 33,  0, 35,  0, 24,  0,  0,  0, 30,  0,  0,  0, 34,  0,  0,  0
6, 11026, 15,KE8EXM,    15.44, 5,   coast,  -10.79,  84063.00, 1547.63, 1412.82,   15.60, 19.9, 4.03, 4.01, 4.02,   0.05,  -0.11,   0.10,  38.66,  -0.53,  -5.11,   0.21,  -0.10,   0.16,  13.38, 4.03, 0.00, 0.00, 0.00, 0.00, 1, 1,  7,  39.7271972, -83.7070659,  1638.0, 2026,  3, 28, 20,  4,  5,      168,     1317, 132,  83,   2.2,   1.2,   1.9,  0,  0,  0, 35, 23, 36,  0,  0, 32,  0, 25, 33,  0,  0,  0,  0, 33,  0, 35,  0, 24,  0,  0,  0, 30,  0,  0,  0, 34,  0,  0,  0
6, 11026, 15,KE8EXM,    15.45, 5,   coast,   -9.81,  84059.00, 1548.01, 1413.21,   15.50, 20.0, 4.03, 4.01, 4.02,   0.07,  -0.14,   0.06,  38.48,  -0.72,  -5.30,   0.21,  -0.10,   0.16,  13.44, 4.03, 0.00, 0.00, 0.00, 0.00, 1, 1,  7,  39.7271972, -83.7070659,  1638.0, 2026,  3, 28, 20,  4,  5,      168,     1317, 132,  83,   2.2,   1.2,   1.9,  0,  0,  0, 35, 23, 36,  0,  0, 32,  0, 25, 33,  0,  0,  0,  0, 33,  0, 35,  0, 24,  0,  0,  0, 30,  0,  0,  0, 34,  0,  0,  0
6, 11026, 15,KE8EXM,    15.46, 5,   coast,  -10.79,  84059.00, 1548.01, 1413.21,   15.39, 20.0, 4.03, 4.01, 4.02,   0.06,  -0.10,   0.10,  38.48,  -0.65,  -5.24,   0.21,  -0.10,   0.16,  13.49, 4.03, 0.00, 0.00, 0.00, 0.00, 1, 1,  7,  39.7271972, -83.7070659,  1638.0, 2026,  3, 28, 20,  4,  5,      168,     1317, 132,  83,   2.2,   1.2,   1.9,  0,  0,  0, 35, 23, 36,  0,  0, 32,  0, 25, 33,  0,  0,  0,  0, 33,  0, 35,  0, 24,  0,  0,  0, 30,  0,  0,  0, 34,  0,  0,  0
6, 11026, 15,KE8EXM,    15.47, 5,   coast,   -9.32,  84062.00, 1547.72, 1412.92,   15.29, 19.9, 4.03, 4.01, 4.02,   0.04,  -0.14,   0.09,  38.48,  -0.47,  -5.05,   0.21,  -0.10,   0.16,  13.54, 4.03, 0.00, 0.00, 0.00, 0.00, 1, 1,  7,  39.7271972, -83.7070659,  1638.0, 2026,  3, 28, 20,  4,  5,      168,     1317, 132,  83,   2.2,   1.2,   1.9,  0,  0,  0, 35, 23, 36,  0,  0, 32,  0, 25, 33,  0,  0,  0,  0, 33,  0, 35,  0, 24,  0,  0,  0, 30,  0,  0,  0, 34,  0,  0,  0
6, 11026, 15,KE8EXM,    15.48, 5,   coast,  -10.79,  84062.00, 1547.72, 1412.92,   15.19, 19.9, 4.03, 4.01, 4.02,   0.05,  -0.10,   0.08,  38.41,  -0.78,  -5.24,   0.21,  -0.09,   0.16,  13.59, 4.03, 0.00, 0.00, 0.00, 0.00, 1, 1,  7,  39.7271972, -83.7070659,  1638.0, 2026,  3, 28, 20,  4,  5,      168,     1317, 132,  83,   2.2,   1.2,   1.9,  0,  0,  0, 35, 23, 36,  0,  0, 32,  0, 25, 33,  0,  0,  0,  0, 33,  0, 35,  0, 24,  0,  0,  0, 30,  0,  0,  0, 34,  0,  0,  0
6, 11026, 15,KE8EXM,    15.49, 5,   coast,   -8.83,  84056.00, 1548.30, 1413.50,   15.09, 19.9, 4.03, 4.01, 4.02,   0.07,  -0.14,   0.09,  38.54,  -0.78,  -5.36,   0.21,  -0.09,   0.16,  13.64, 4.03, 0.00, 0.00, 0.00, 0.00, 1, 1,  7,  39.7271972, -83.7070659,  1638.0, 2026,  3, 28, 20,  4,  5,      168,     1317, 132,  83,   2.2,   1.2,   1.9,  0,  0,  0, 35, 23, 36,  0,  0, 32,  0, 25, 33,  0,  0,  0,  0, 33,  0, 35,  0, 24,  0,  0,  0, 30,  0,  0,  0, 34,  0,  0,  0
6, 11026, 15,KE8EXM,    15.50, 5,   coast,  -10.30,  84056.00, 1548.30, 1413.50,   14.99, 19.9, 4.03, 4.01, 4.02,   0.08,  -0.09,   0.09,  38.54,  -0.72,  -5.24,   0.21,  -0.09,   0.16,  13.69, 4.03, 0.00, 0.00, 0.00, 0.00, 1, 1,  7,  39.7271972, -83.7070659,  1638.0, 2026,  3, 28, 20,  4,  5,      168,     1317, 132,  83,   2.2,   1.2,   1.9,  0,  0,  0, 35, 23, 36,  0,  0, 32,  0, 25, 33,  0,  0,  0,  0, 33,  0, 35,  0, 24,  0,  0,  0, 30,  0,  0,  0, 34,  0,  0,  0
6, 11026, 15,KE8EXM,    15.51, 5,   coast,   -9.81,  84051.00, 1548.79, 1413.98,   14.89, 20.0, 4.03, 4.01, 4.02,   0.04,  -0.12,   0.04,  38.66,  -0.47,  -5.48,   0.21,  -0.09,   0.16,  13.75, 4.03, 0.00, 0.00, 0.00, 0.00, 1, 1,  7,  39.7271972, -83.7070659,  1638.0, 2026,  3, 28, 20,  4,  5,      168,     1317, 132,  83,   2.2,   1.2,   1.9,  0,  0,  0, 35, 23, 36,  0,  0, 32,  0, 25, 33,  0,  0,  0,  0, 33,  0, 35,  0, 24,  0,  0,  0, 30,  0,  0,  0, 34,  0,  0,  0
6, 11026, 15,KE8EXM,    15.52, 5,   coast,  -10.79,  84051.00, 1548.79, 1413.98,   14.79, 20.0, 4.03, 4.01, 4.02,   0.06,  -0.09,   0.11,  38.78,  -0.65,  -5.48,   0.21,  -0.09,   0.16,  13.80, 4.03, 0.00, 0.00, 0.00, 0.00, 1, 1,  7,  39.7271972, -83.7070659,  1638.0, 2026,  3, 28, 20,  4,  5,      168,     1317, 132,  83,   2.2,   1.2,   1.9,  0,  0,  0, 35, 23, 36,  0,  0, 32,  0, 25, 33,  0,  0,  0,  0, 33,  0, 35,  0, 24,  0,  0,  0, 30,  0,  0,  0, 34,  0,  0,  0
6, 11026, 15,KE8EXM,    15.53, 5,   coast,  -10.30,  84052.00, 1548.69, 1413.88,   14.69, 19.9, 4.03, 4.01, 4.02,   0.05,  -0.12,   0.09,  38.54,  -0.78,  -5.48,   0.21,  -0.09,   0.17,  13.86, 4.03, 0.00, 0.00, 0.00, 0.00, 1, 1,  7,  39.7271972, -83.7070659,  1638.0, 2026,  3, 28, 20,  4,  5,      168,     1317, 132,  83,   2.2,   1.2,   1.9,  0,  0,  0, 35, 23, 36,  0,  0, 32,  0, 25, 33,  0,  0,  0,  0, 33,  0, 35,  0, 24,  0,  0,  0, 30,  0,  0,  0, 34,  0,  0,  0
6, 11026, 15,KE8EXM,    15.54, 5,   coast,  -10.30,  84052.00, 1548.69, 1413.88,   14.59, 19.9, 4.03, 4.01, 4.02,   0.04,  -0.14,   0.10,  38.54,  -0.78,  -5.36,   0.21,  -0.08,   0.17,  13.91, 4.03, 0.00, 0.00, 0.00, 0.00, 1, 1,  7,  39.7271972, -83.7070659,  1638.0, 2026,  3, 28, 20,  4,  5,      168,     1317, 132,  83,   2.2,   1.2,   1.9,  0,  0,  0, 35, 23, 36,  0,  0, 32,  0, 25, 33,  0,  0,  0,  0, 33,  0, 35,  0, 24,  0,  0,  0, 30,  0,  0,  0, 34,  0,  0,  0
6, 11026, 15,KE8EXM,    15.55, 5,   coast,  -10.30,  84052.00, 1548.69, 1413.88,   14.48, 20.0, 4.03, 4.01, 4.02,   0.07,  -0.10,   0.12,  38.84,  -0.59,  -5.60,   0.21,  -0.08,   0.17,  13.96, 4.03, 0.00, 0.00, 0.00, 0.00, 1, 1,  7,  39.7271972, -83.7070659,  1638.0, 2026,  3, 28, 20,  4,  5,      168,     1317, 132,  83,   2.2,   1.2,   1.9,  0,  0,  0, 35, 23, 36,  0,  0, 32,  0, 25, 33,  0,  0,  0,  0, 33,  0, 35,  0, 24,  0,  0,  0, 30,  0,  0,  0, 34,  0,  0,  0
6, 11026, 15,KE8EXM,    15.56, 5,   coast,  -10.79,  84052.00, 1548.69, 1413.88,   14.38, 20.0, 4.03, 4.01, 4.02,   0.05,  -0.13,   0.11,  38.72,  -0.65,  -5.48,   0.21,  -0.08,   0.17,  14.02, 4.03, 0.00, 0.00, 0.00, 0.00, 1, 1,  7,  39.7271972, -83.7070659,  1638.0, 2026,  3, 28, 20,  4,  5,      168,     1317, 132,  83,   2.2,   1.2,   1.9,  0,  0,  0, 35, 23, 36,  0,  0, 32,  0, 25, 33,  0,  0,  0,  0, 33,  0, 35,  0, 24,  0,  0,  0, 30,  0,  0,  0, 34,  0,  0,  0
6, 11026, 15,KE8EXM,    15.57, 5,   coast,   -9.81,  84039.00, 1549.95, 1415.14,   14.27, 19.9, 4.03, 4.01, 4.02,   0.06,  -0.14,   0.08,  38.72,  -0.41,  -5.72,   0.21,  -0.08,   0.17,  14.07, 4.03, 0.00, 0.00, 0.00, 0.00, 1, 1,  7,  39.7271972, -83.7070659,  1638.0, 2026,  3, 28, 20,  4,  5,      168,     1317, 132,  83,   2.2,   1.2,   1.9,  0,  0,  0, 35, 23, 36,  0,  0, 32,  0, 25, 33,  0,  0,  0,  0, 33,  0, 35,  0, 24,  0,  0,  0, 30,  0,  0,  0, 34,  0,  0,  0
6, 11026, 15,KE8EXM,    15.58, 5,   coast,  -10.30,  84039.00, 1549.95, 1415.14,   14.17, 19.9, 4.03, 4.01, 4.02,   0.06,  -0.17,   0.04,  39.15,  -0.17,  -5.85,   0.21,  -0.08,   0.17,  14.13, 4.03, 0.00, 0.00, 0.00, 0.00, 1, 1,  7,  39.7271972, -83.7070659,  1638.0, 2026,  3, 28, 20,  4,  5,      168,     1317, 132,  83,   2.2,   1.2,   1.9,  0,  0,  0, 35, 23, 36,  0,  0, 32,  0, 25, 33,  0,  0,  0,  0, 33,  0, 35,  0, 24,  0,  0,  0, 30,  0,  0,  0, 34,  0,  0,  0
6, 11026, 15,KE8EXM,    15.59, 5,   coast,  -11.28,  84044.00, 1549.47, 1414.66,   14.07, 19.9, 4.03, 4.01, 4.02,   0.05,  -0.12,   0.11,  38.96,  -0.53,  -5.72,   0.21,  -0.08,   0.17,  14.19, 4.03, 0.00, 0.00, 0.00, 0.00, 1, 1,  7,  39.7271972, -83.7070659,  1638.0, 2026,  3, 28, 20,  4,  5,      168,     1317, 132,  83,   2.2,   1.2,   1.9,  0,  0,  0, 35, 23, 36,  0,  0, 32,  0, 25, 33,  0,  0,  0,  0, 33,  0, 35,  0, 24,  0,  0,  0, 30,  0,  0,  0, 34,  0,  0,  0
6, 11026, 15,KE8EXM,    15.60, 5,   coast,  -10.79,  84044.00, 1549.47, 1414.66,   13.96, 19.9, 4.03, 4.01, 4.02,   0.06,  -0.11,   0.06,  39.21,  -0.23,  -5.60,   0.21,  -0.07,   0.17,  14.24, 4.03, 0.00, 0.00, 0.00, 0.00, 1, 1,  7,  39.7271972, -83.7070659,  1638.0, 2026,  3, 28, 20,  4,  5,      168,     1317, 132,  83,   2.2,   1.2,   1.9,  0,  0,  0, 35, 23, 36,  0,  0, 32,  0, 25, 33,  0,  0,  0,  0, 33,  0, 35,  0, 24,  0,  0,  0, 30,  0,  0,  0, 34,  0,  0,  0
6, 11026, 15,KE8EXM,    15.61, 5,   coast,   -9.81,  84040.00, 1549.85, 1415.05,   13.85, 19.9, 4.03, 4.01, 4.02,   0.06,  -0.14,   0.08,  39.39,  -0.41,  -5.85,   0.21,  -0.07,   0.17,  14.30, 4.03, 0.00, 0.00, 0.00, 0.00, 1, 1,  7,  39.7271972, -83.7070659,  1638.0, 2026,  3, 28, 20,  4,  5,      168,     1317, 132,  83,   2.2,   1.2,   1.9,  0,  0,  0, 35, 23, 36,  0,  0, 32,  0, 25, 33,  0,  0,  0,  0, 33,  0, 35,  0, 24,  0,  0,  0, 30,  0,  0,  0, 34,  0,  0,  0
6, 11026, 15,KE8EXM,    15.62, 5,   coast,  -11.28,  84040.00, 1549.85, 1415.05,   13.75, 19.9, 4.03, 4.01, 4.02,   0.07,  -0.17,   0.11,  39.27,  -0.41,  -5.91,   0.21,  -0.07,   0.17,  14.36, 4.03, 0.00, 0.00, 0.00, 0.00, 1, 1,  7,  39.7271972, -83.7070659,  1638.0, 2026,  3, 28, 20,  4,  5,      168,     1317, 132,  83,   2.2,   1.2,   1.9,  0,  0,  0, 35, 23, 36,  0,  0, 32,  0, 25, 33,  0,  0,  0,  0, 33,  0, 35,  0, 24,  0,  0,  0, 30,  0,  0,  0, 34,  0,  0,  0
6, 11026, 15,KE8EXM,    15.63, 5,   coast,  -10.30,  84039.00, 1549.95, 1415.14,   13.64, 20.0, 4.03, 4.01, 4.02,   0.05,  -0.14,   0.06,  39.39,  -0.35,  -5.79,   0.21,  -0.07,   0.17,  14.42, 4.03, 0.00, 0.00, 0.00, 0.00, 1, 1,  7,  39.7271972, -83.7070659,  1638.0, 2026,  3, 28, 20,  4,  5,      168,     1317, 132,  83,   2.2,   1.2,   1.9,  0,  0,  0, 35, 23, 36,  0,  0, 32,  0, 25, 33,  0,  0,  0,  0, 33,  0, 35,  0, 24,  0,  0,  0, 30,  0,  0,  0, 34,  0,  0,  0
6, 11026, 15,KE8EXM,    15.64, 5,   coast,  -10.30,  84039.00, 1549.95, 1415.14,   13.54, 20.0, 4.03, 4.01, 4.02,   0.08,  -0.16,   0.09,  39.51,  -0.29,  -5.91,   0.21,  -0.07,   0.17,  14.47, 4.03, 0.00, 0.00, 0.00, 0.00, 1, 1,  7,  39.7271972, -83.7070659,  1638.0, 2026,  3, 28, 20,  4,  5,      168,     1317, 132,  83,   2.2,   1.2,   1.9,  0,  0,  0, 35, 23, 36,  0,  0, 32,  0, 25, 33,  0,  0,  0,  0, 33,  0, 35,  0, 24,  0,  0,  0, 30,  0,  0,  0, 34,  0,  0,  0
6, 11026, 15,KE8EXM,    15.65, 5,   coast,  -11.28,  84039.00, 1549.95, 1415.14,   13.44, 19.9, 4.03, 4.01, 4.02,   0.08,  -0.12,   0.08,  39.33,  -0.11,  -5.85,   0.21,  -0.07,   0.17,  14.53, 4.03, 0.00, 0.00, 0.00, 0.00, 1, 1,  7,  39.7271972, -83.7070659,  1638.0, 2026,  3, 28, 20,  4,  5,      168,     1317, 132,  83,   2.2,   1.2,   1.9,  0,  0,  0, 35, 23, 36,  0,  0, 32,  0, 25, 33,  0,  0,  0,  0, 33,  0, 35,  0, 24,  0,  0,  0, 30,  0,  0,  0, 34,  0,  0,  0
6, 11026, 15,KE8EXM,    15.66, 5,   coast,   -8.34,  84039.00, 1549.95, 1415.14,   13.33, 19.9, 4.03, 4.01, 4.02,   0.08,  -0.15,   0.10,  39.51,  -0.72,  -6.21,   0.21,  -0.06,   0.17,  14.59, 4.03, 0.00, 0.00, 0.00, 0.00, 1, 1,  7,  39.7271972, -83.7070659,  1638.0, 2026,  3, 28, 20,  4,  5,      168,     1317, 132,  83,   2.2,   1.2,   1.9,  0,  0,  0, 35, 23, 36,  0,  0, 32,  0, 25, 33,  0,  0,  0,  0, 33,  0, 35,  0, 24,  0,  0,  0, 30,  0,  0,  0, 34,  0,  0,  0
6, 11026, 15,KE8EXM,    15.67, 5,   coast,  -11.28,  84024.00, 1551.40, 1416.60,   13.23, 19.9, 4.03, 4.01, 4.02,   0.07,  -0.11,   0.10,  39.57,  -0.23,  -5.97,   0.21,  -0.06,   0.17,  14.65, 4.03, 0.00, 0.00, 0.00, 0.00, 1, 1,  7,  39.7271972, -83.7070659,  1638.0, 2026,  3, 28, 20,  4,  5,      168,     1317, 132,  83,   2.2,   1.2,   1.9,  0,  0,  0, 35, 23, 36,  0,  0, 32,  0, 25, 33,  0,  0,  0,  0, 33,  0, 35,  0, 24,  0,  0,  0, 30,  0,  0,  0, 34,  0,  0,  0
6, 11026, 15,KE8EXM,    15.68, 5,   coast,   -9.81,  84024.00, 1551.40, 1416.60,   13.13, 19.9, 4.03, 4.01, 4.02,   0.09,  -0.15,   0.11,  39.57,  -0.47,  -6.27,   0.21,  -0.06,   0.17,  14.71, 4.03, 0.00, 0.00, 0.00, 0.00, 1, 1,  7,  39.7271972, -83.7070659,  1638.0, 2026,  3, 28, 20,  4,  5,      168,     1317, 132,  83,   2.2,   1.2,   1.9,  0,  0,  0, 35, 23, 36,  0,  0, 32,  0, 25, 33,  0,  0,  0,  0, 33,  0, 35,  0, 24,  0,  0,  0, 30,  0,  0,  0, 34,  0,  0,  0
6, 11026, 15,KE8EXM,    15.69, 5,   coast,  -10.79,  84036.00, 1550.24, 1415.43,   13.03, 20.0, 4.03, 4.01, 4.02,   0.07,  -0.14,   0.08,  39.94,   0.14,  -5.91,   0.21,  -0.06,   0.17,  14.77, 4.03, 0.00, 0.00, 0.00, 0.00, 1, 1,  7,  39.7271972, -83.7070659,  1638.0, 2026,  3, 28, 20,  4,  5,      168,     1317, 132,  83,   2.2,   1.2,   1.9,  0,  0,  0, 35, 23, 36,  0,  0, 32,  0, 25, 33,  0,  0,  0,  0, 33,  0, 35,  0, 24,  0,  0,  0, 30,  0,  0,  0, 34,  0,  0,  0
6, 11026, 15,KE8EXM,    15.70, 5,   coast,  -10.30,  84036.00, 1550.24, 1415.43,   12.93, 20.0, 4.04, 4.01, 4.03,   0.06,  -0.14,   0.08,  39.76,  -0.23,  -5.97,   0.21,  -0.06,   0.17,  14.83, 4.04, 0.00, 0.00, 0.00, 0.00, 1, 1,  7,  39.7271972, -83.7070659,  1638.0, 2026,  3, 28, 20,  4,  5,      168,     1317, 132,  83,   2.2,   1.2,   1.9,  0,  0,  0, 35, 23, 36,  0,  0, 32,  0, 25, 33,  0,  0,  0,  0, 33,  0, 35,  0, 24,  0,  0,  0, 30,  0,  0,  0, 34,  0,  0,  0
6, 11026, 15,KE8EXM,    15.70, 5,   coast,  -10.30,  84036.00, 1550.24, 1415.43,   12.93, 20.0, 4.04, 4.01, 4.03,   0.06,  -0.14,   0.08,  39.76,  -0.23,  -5.97,   0.21,  -0.06,   0.17,  14.83, 4.04, 0.00, 0.00, 0.00, 0.00, 1, 1,  7,  39.7271972, -83.7070659,  1638.0, 2026,  3, 28, 20,  4,  5,      168,     1317, 132,  83,   2.2,   1.2,   1.9,  0,  0,  0, 35, 23, 36,  0,  0, 32,  0, 25, 33,  0,  0,  0,  0, 33,  0, 35,  0, 24,  0,  0,  0, 30,  0,  0,  0, 34,  0,  0,  0
6, 11026, 15,KE8EXM,    15.71, 5,   coast,   -9.81,  84031.00, 1550.72, 1415.92,   12.83, 20.0, 4.04, 4.01, 4.03,   0.06,  -0.13,   0.08,  39.76,  -0.35,  -6.15,   0.21,  -0.05,   0.17,  14.89, 4.04, 0.00, 0.00, 0.00, 0.00, 1, 1,  7,  39.7271972, -83.7070659,  1638.0, 2026,  3, 28, 20,  4,  5,      168,     1317, 132,  83,   2.2,   1.2,   1.9,  0,  0,  0, 35, 23, 36,  0,  0, 32,  0, 25, 33,  0,  0,  0,  0, 33,  0, 35,  0, 24,  0,  0,  0, 30,  0,  0,  0, 34,  0,  0,  0
6, 11026, 15,KE8EXM,    15.72, 5,   coast,   -8.83,  84031.00, 1550.72, 1415.92,   12.73, 20.0, 4.04, 4.01, 4.03,   0.06,  -0.13,   0.09,  39.88,   0.08,  -6.21,   0.21,  -0.05,   0.17,  14.95, 4.04, 0.00, 0.00, 0.00, 0.00, 1, 1,  7,  39.7271972, -83.7070659,  1638.0, 2026,  3, 28, 20,  4,  5,      168,     1317, 132,  83,   2.2,   1.2,   1.9,  0,  0,  0, 35, 23, 36,  0,  0, 32,  0, 25, 33,  0,  0,  0,  0, 33,  0, 35,  0, 24,  0,  0,  0, 30,  0,  0,  0, 34,  0,  0,  0
6, 11026, 15,KE8EXM,    15.73, 5,   coast,  -10.79,  84020.00, 1551.79, 1416.98,   12.62, 19.9, 4.04, 4.01, 4.03,   0.07,  -0.15,   0.09,  39.57,   0.02,  -6.21,   0.21,  -0.05,   0.17,  15.01, 4.04, 0.00, 0.00, 0.00, 0.00, 1, 1,  7,  39.7271972, -83.7070659,  1638.0, 2026,  3, 28, 20,  4,  5,      168,     1317, 132,  83,   2.2,   1.2,   1.9,  0,  0,  0, 35, 23, 36,  0,  0, 32,  0, 25, 33,  0,  0,  0,  0, 33,  0, 35,  0, 24,  0,  0,  0, 30,  0,  0,  0, 34,  0,  0,  0
6, 11026, 15,KE8EXM,    15.74, 5,   coast,  -10.30,  84020.00, 1551.79, 1416.98,   12.52, 19.9, 4.04, 4.01, 4.03,   0.11,  -0.14,   0.08,  40.18,   0.14,  -6.03,   0.21,  -0.05,   0.17,  15.07, 4.04, 0.00, 0.00, 0.00, 0.00, 1, 1,  7,  39.7271972, -83.7070659,  1638.0, 2026,  3, 28, 20,  4,  5,      168,     1317, 132,  83,   2.2,   1.2,   1.9,  0,  0,  0, 35, 23, 36,  0,  0, 32,  0, 25, 33,  0,  0,  0,  0, 33,  0, 35,  0, 24,  0,  0,  0, 30,  0,  0,  0, 34,  0,  0,  0
6, 11026, 15,KE8EXM,    15.75, 5,   coast,  -10.79,  84021.00, 1551.69, 1416.89,   12.42, 20.0, 4.04, 4.01, 4.03,   0.07,  -0.14,   0.06,  39.82,   0.08,  -6.34,   0.21,  -0.05,   0.17,  15.14, 4.04, 0.00, 0.00, 0.00, 0.00, 1, 1,  7,  39.7271972, -83.7070659,  1638.0, 2026,  3, 28, 20,  4,  5,      168,     1317, 132,  83,   2.2,   1.2,   1.9,  0,  0,  0, 35, 23, 36,  0,  0, 32,  0, 25, 33,  0,  0,  0,  0, 33,  0, 35,  0, 24,  0,  0,  0, 30,  0,  0,  0, 34,  0,  0,  0
6, 11026, 15,KE8EXM,    15.76, 5,   coast,   -9.81,  84021.00, 1551.69, 1416.89,   12.32, 20.0, 4.04, 4.01, 4.03,   0.08,  -0.11,   0.10,  39.94,   0.20,  -6.21,   0.21,  -0.05,   0.17,  15.20, 4.04, 0.00, 0.00, 0.00, 0.00, 1, 1,  7,  39.7271972, -83.7070659,  1638.0, 2026,  3, 28, 20,  4,  5,      168,     1317, 132,  83,   2.2,   1.2,   1.9,  0,  0,  0, 35, 23, 36,  0,  0, 32,  0, 25, 33,  0,  0,  0,  0, 33,  0, 35,  0, 24,  0,  0,  0, 30,  0,  0,  0, 34,  0,  0,  0
6, 11026, 15,KE8EXM,    15.77, 5,   coast,   -9.81,  84017.00, 1552.08, 1417.27,   12.22, 19.9, 4.04, 4.01, 4.03,   0.07,  -0.13,   0.06,  39.82,   0.02,  -6.34,   0.21,  -0.04,   0.17,  15.26, 4.04, 0.00, 0.00, 0.00, 0.00, 1, 1,  7,  39.7271972, -83.7070659,  1638.0, 2026,  3, 28, 20,  4,  5,      168,     1317, 132,  83,   2.2,   1.2,   1.9,  0,  0,  0, 35, 23, 36,  0,  0, 32,  0, 25, 33,  0,  0,  0,  0, 33,  0, 35,  0, 24,  0,  0,  0, 30,  0,  0,  0, 34,  0,  0,  0
6, 11026, 15,KE8EXM,    15.78, 5,   coast,  -10.79,  84017.00, 1552.08, 1417.27,   12.11, 19.9, 4.04, 4.01, 4.03,   0.06,  -0.15,   0.10,  40.06,   0.14,  -6.46,   0.21,  -0.04,   0.17,  15.32, 4.04, 0.00, 0.00, 0.00, 0.00, 1, 1,  7,  39.7271972, -83.7070659,  1638.0, 2026,  3, 28, 20,  4,  5,      168,     1317, 132,  83,   2.2,   1.2,   1.9,  0,  0,  0, 35, 23, 36,  0,  0, 32,  0, 25, 33,  0,  0,  0,  0, 33,  0, 35,  0, 24,  0,  0,  0, 30,  0,  0,  0, 34,  0,  0,  0
6, 11026, 15,KE8EXM,    15.79, 5,   coast,  -11.28,  84018.00, 1551.98, 1417.18,   12.01, 20.0, 4.04, 4.01, 4.03,   0.07,  -0.14,   0.06,  40.18,   0.20,  -6.15,   0.21,  -0.04,   0.17,  15.39, 4.04, 0.00, 0.00, 0.00, 0.00, 1, 1,  7,  39.7271972, -83.7070659,  1638.0, 2026,  3, 28, 20,  4,  5,      168,     1317, 132,  83,   2.2,   1.2,   1.9,  0,  0,  0, 35, 23, 36,  0,  0, 32,  0, 25, 33,  0,  0,  0,  0, 33,  0, 35,  0, 24,  0,  0,  0, 30,  0,  0,  0, 34,  0,  0,  0
6, 11026, 15,KE8EXM,    15.80, 5,   coast,   -9.81,  84018.00, 1551.98, 1417.18,   11.91, 20.0, 4.04, 4.01, 4.03,   0.09,  -0.11,   0.04,  40.37,   0.08,  -6.34,   0.21,  -0.04,   0.17,  15.45, 4.04, 0.00, 0.00, 0.00, 0.00, 1, 1,  7,  39.7271972, -83.7070659,  1638.0, 2026,  3, 28, 20,  4,  5,      168,     1317, 132,  83,   2.2,   1.2,   1.9,  0,  0,  0, 35, 23, 36,  0,  0, 32,  0, 25, 33,  0,  0,  0,  0, 33,  0, 35,  0, 24,  0,  0,  0, 30,  0,  0,  0, 34,  0,  0,  0
6, 11026, 15,KE8EXM,    15.81, 5,   coast,   -9.32,  84012.00, 1552.57, 1417.76,   11.81, 20.0, 4.04, 4.01, 4.03,   0.09,  -0.19,   0.07,  40.12,   0.51,  -6.40,   0.21,  -0.04,   0.17,  15.51, 4.04, 0.00, 0.00, 0.00, 0.00, 1, 1,  7,  39.7271972, -83.7070659,  1638.0, 2026,  3, 28, 20,  4,  5,      168,     1317, 132,  83,   2.2,   1.2,   1.9,  0,  0,  0, 35, 23, 36,  0,  0, 32,  0, 25, 33,  0,  0,  0,  0, 33,  0, 35,  0, 24,  0,  0,  0, 30,  0,  0,  0, 34,  0,  0,  0
6, 11026, 15,KE8EXM,    15.82, 5,   coast,   -9.32,  84012.00, 1552.57, 1417.76,   11.71, 20.0, 4.04, 4.01, 4.03,   0.07,  -0.13,   0.06,  40.18,   0.38,  -6.64,   0.21,  -0.04,   0.17,  15.58, 4.04, 0.00, 0.00, 0.00, 0.00, 1, 1,  7,  39.7271972, -83.7070659,  1638.0, 2026,  3, 28, 20,  4,  5,      168,     1317, 132,  83,   2.2,   1.2,   1.9,  0,  0,  0, 35, 23, 36,  0,  0, 32,  0, 25, 33,  0,  0,  0,  0, 33,  0, 35,  0, 24,  0,  0,  0, 30,  0,  0,  0, 34,  0,  0,  0
6, 11026, 15,KE8EXM,    15.83, 5,   coast,  -10.30,  84021.00, 1551.69, 1416.89,   11.61, 20.0, 4.04, 4.01, 4.03,   0.09,  -0.19,   0.09,  40.31,   0.14,  -6.52,   0.22,  -0.03,   0.16,  15.64, 4.04, 0.00, 0.00, 0.00, 0.00, 1, 1,  7,  39.7271972, -83.7070659,  1638.0, 2026,  3, 28, 20,  4,  5,      168,     1317, 132,  83,   2.2,   1.2,   1.9,  0,  0,  0, 35, 23, 36,  0,  0, 32,  0, 25, 33,  0,  0,  0,  0, 33,  0, 35,  0, 24,  0,  0,  0, 30,  0,  0,  0, 34,  0,  0,  0
6, 11026, 15,KE8EXM,    15.84, 5,   coast,  -11.28,  84021.00, 1551.69, 1416.89,   11.50, 20.0, 4.04, 4.01, 4.03,   0.08,  -0.13,   0.07,  40.12,   0.44,  -6.52,   0.22,  -0.03,   0.17,  15.71, 4.04, 0.00, 0.00, 0.00, 0.00, 1, 1,  7,  39.7271972, -83.7070659,  1638.0, 2026,  3, 28, 20,  4,  5,      168,     1317, 132,  83,   2.2,   1.2,   1.9,  0,  0,  0, 35, 23, 36,  0,  0, 32,  0, 25, 33,  0,  0,  0,  0, 33,  0, 35,  0, 24,  0,  0,  0, 30,  0,  0,  0, 34,  0,  0,  0
6, 11026, 15,KE8EXM,    15.85, 5,   coast,  -10.30,  84016.00, 1552.18, 1417.37,   11.40, 20.0, 4.04, 4.01, 4.03,   0.09,  -0.13,   0.07,  40.18,   0.26,  -6.58,   0.22,  -0.03,   0.17,  15.77, 4.04, 0.00, 0.00, 0.00, 0.00, 1, 1,  7,  39.7271972, -83.7070659,  1638.0, 2026,  3, 28, 20,  4,  5,      168,     1317, 132,  83,   2.2,   1.2,   1.9,  0,  0,  0, 35, 23, 36,  0,  0, 32,  0, 25, 33,  0,  0,  0,  0, 33,  0, 35,  0, 24,  0,  0,  0, 30,  0,  0,  0, 34,  0,  0,  0
6, 11026, 15,KE8EXM,    15.86, 5,   coast,   -9.81,  84016.00, 1552.18, 1417.37,   11.30, 20.0, 4.04, 4.01, 4.03,   0.06,  -0.14,   0.06,  40.43,   0.20,  -6.52,   0.22,  -0.02,   0.16,  15.84, 4.04, 0.00, 0.00, 0.00, 0.00, 1, 1,  7,  39.7271972, -83.7070659,  1638.0, 2026,  3, 28, 20,  4,  5,      168,     1317, 132,  83,   2.2,   1.2,   1.9,  0,  0,  0, 35, 23, 36,  0,  0, 32,  0, 25, 33,  0,  0,  0,  0, 33,  0, 35,  0, 24,  0,  0,  0, 30,  0,  0,  0, 34,  0,  0,  0
6, 11026, 15,KE8EXM,    15.87, 5,   coast,  -10.79,  84007.00, 1553.05, 1418.24,   11.19, 20.0, 4.04, 4.01, 4.03,   0.08,  -0.14,   0.07,  40.67,   0.51,  -6.46,   0.21,  -0.02,   0.16,  15.90, 4.04, 0.00, 0.00, 0.00, 0.00, 1, 1,  7,  39.7271972, -83.7070659,  1638.0, 2026,  3, 28, 20,  4,  5,      168,     1317, 132,  83,   2.2,   1.2,   1.9,  0,  0,  0, 35, 23, 36,  0,  0, 32,  0, 25, 33,  0,  0,  0,  0, 33,  0, 35,  0, 24,  0,  0,  0, 30,  0,  0,  0, 34,  0,  0,  0
6, 11026, 15,KE8EXM,    15.88, 5,   coast,  -10.79,  84007.00, 1553.05, 1418.24,   11.09, 20.0, 4.04, 4.01, 4.03,   0.09,  -0.13,   0.06,  40.49,   0.69,  -6.64,   0.22,  -0.02,   0.17,  15.97, 4.04, 0.00, 0.00, 0.00, 0.00, 1, 1,  7,  39.7271972, -83.7070659,  1638.0, 2026,  3, 28, 20,  4,  5,      168,     1317, 132,  83,   2.2,   1.2,   1.9,  0,  0,  0, 35, 23, 36,  0,  0, 32,  0, 25, 33,  0,  0,  0,  0, 33,  0, 35,  0, 24,  0,  0,  0, 30,  0,  0,  0, 34,  0,  0,  0
6, 11026, 15,KE8EXM,    15.89, 5,   coast,  -10.79,  84018.00, 1551.98, 1417.18,   10.98, 20.0, 4.04, 4.01, 4.03,   0.07,  -0.16,   0.05,  40.61,   0.51,  -6.64,   0.21,  -0.02,   0.16,  16.03, 4.04, 0.00, 0.00, 0.00, 0.00, 1, 1,  7,  39.7271972, -83.7070659,  1638.0, 2026,  3, 28, 20,  4,  5,      168,     1317, 132,  83,   2.2,   1.2,   1.9,  0,  0,  0, 35, 23, 36,  0,  0, 32,  0, 25, 33,  0,  0,  0,  0, 33,  0, 35,  0, 24,  0,  0,  0, 30,  0,  0,  0, 34,  0,  0,  0
6, 11026, 15,KE8EXM,    15.90, 5,   coast,   -9.32,  84018.00, 1551.98, 1417.18,   10.88, 20.0, 4.04, 4.01, 4.03,   0.09,  -0.19,   0.08,  40.61,   0.81,  -6.58,   0.21,  -0.02,   0.16,  16.10, 4.04, 0.00, 0.00, 0.00, 0.00, 1, 1,  7,  39.7271972, -83.7070659,  1638.0, 2026,  3, 28, 20,  4,  5,      168,     1317, 132,  83,   2.2,   1.2,   1.9,  0,  0,  0, 35, 23, 36,  0,  0, 32,  0, 25, 33,  0,  0,  0,  0, 33,  0, 35,  0, 24,  0,  0,  0, 30,  0,  0,  0, 34,  0,  0,  0
6, 11026, 15,KE8EXM,    15.91, 5,   coast,  -11.77,  84000.00, 1553.73, 1418.92,   10.77, 20.0, 4.04, 4.01, 4.03,   0.06,  -0.17,   0.06,  40.61,   0.51,  -6.64,   0.21,  -0.02,   0.16,  16.16, 4.04, 0.00, 0.00, 0.00, 0.00, 1, 1,  7,  39.7271972, -83.7070659,  1638.0, 2026,  3, 28, 20,  4,  5,      168,     1317, 132,  83,   2.2,   1.2,   1.9,  0,  0,  0, 35, 23, 36,  0,  0, 32,  0, 25, 33,  0,  0,  0,  0, 33,  0, 35,  0, 24,  0,  0,  0, 30,  0,  0,  0, 34,  0,  0,  0
6, 11026, 15,KE8EXM,    15.92, 5,   coast,  -10.30,  84000.00, 1553.73, 1418.92,   10.66, 20.0, 4.04, 4.01, 4.03,   0.09,  -0.13,   0.03,  40.61,   0.87,  -6.64,   0.22,  -0.01,   0.16,  16.23, 4.04, 0.00, 0.00, 0.00, 0.00, 1, 1,  7,  39.7271972, -83.7070659,  1638.0, 2026,  3, 28, 20,  4,  5,      168,     1317, 132,  83,   2.2,   1.2,   1.9,  0,  0,  0, 35, 23, 36,  0,  0, 32,  0, 25, 33,  0,  0,  0,  0, 33,  0, 35,  0, 24,  0,  0,  0, 30,  0,  0,  0, 34,  0,  0,  0
6, 11026, 15,KE8EXM,    15.93, 5,   coast,  -10.79,  84009.00, 1552.86, 1418.05,   10.56, 19.9, 4.04, 4.01, 4.03,   0.08,  -0.17,   0.02,  40.49,   0.51,  -6.88,   0.22,  -0.01,   0.16,  16.30, 4.04, 0.00, 0.00, 0.00, 0.00, 1, 1,  7,  39.7271972, -83.7070659,  1638.0, 2026,  3, 28, 20,  4,  5,      168,     1317, 132,  83,   2.2,   1.2,   1.9,  0,  0,  0, 35, 23, 36,  0,  0, 32,  0, 25, 33,  0,  0,  0,  0, 33,  0, 35,  0, 24,  0,  0,  0, 30,  0,  0,  0, 34,  0,  0,  0
6, 11026, 15,KE8EXM,    15.94, 5,   coast,  -11.77,  84009.00, 1552.86, 1418.05,   10.45, 19.9, 4.04, 4.01, 4.03,   0.06,  -0.16,   0.05,  40.49,   0.57,  -6.70,   0.22,  -0.01,   0.16,  16.37, 4.04, 0.00, 0.00, 0.00, 0.00, 1, 1,  7,  39.7271972, -83.7070659,  1638.0, 2026,  3, 28, 20,  4,  5,      168,     1317, 132,  83,   2.2,   1.2,   1.9,  0,  0,  0, 35, 23, 36,  0,  0, 32,  0, 25, 33,  0,  0,  0,  0, 33,  0, 35,  0, 24,  0,  0,  0, 30,  0,  0,  0, 34,  0,  0,  0
6, 11026, 15,KE8EXM,    15.95, 5,   coast,  -10.79,  84011.00, 1552.66, 1417.86,   10.34, 20.0, 4.04, 4.01, 4.03,   0.06,  -0.16,   0.04,  40.49,   0.63,  -6.64,   0.21,  -0.01,   0.16,  16.43, 4.04, 0.00, 0.00, 0.00, 0.00, 1, 1,  7,  39.7271972, -83.7070659,  1638.0, 2026,  3, 28, 20,  4,  5,      168,     1317, 132,  83,   2.2,   1.2,   1.9,  0,  0,  0, 35, 23, 36,  0,  0, 32,  0, 25, 33,  0,  0,  0,  0, 33,  0, 35,  0, 24,  0,  0,  0, 30,  0,  0,  0, 34,  0,  0,  0
6, 11026, 15,KE8EXM,    15.96, 5,   coast,  -10.30,  84011.00, 1552.66, 1417.86,   10.24, 20.0, 4.04, 4.01, 4.03,   0.08,  -0.17,   0.06,  40.43,   0.75,  -6.82,   0.21,  -0.01,   0.16,  16.50, 4.04, 0.00, 0.00, 0.00, 0.00, 1, 1,  7,  39.7271972, -83.7070659,  1638.0, 2026,  3, 28, 20,  4,  5,      168,     1317, 132,  83,   2.2,   1.2,   1.9,  0,  0,  0, 35, 23, 36,  0,  0, 32,  0, 25, 33,  0,  0,  0,  0, 33,  0, 35,  0, 24,  0,  0,  0, 30,  0,  0,  0, 34,  0,  0,  0
6, 11026, 15,KE8EXM,    15.97, 5,   coast,  -10.79,  84005.00, 1553.24, 1418.44,   10.13, 20.0, 4.04, 4.01, 4.03,   0.07,  -0.14,   0.06,  40.55,   0.75,  -7.07,   0.21,  -0.01,   0.16,  16.57, 4.04, 0.00, 0.00, 0.00, 0.00, 1, 1,  7,  39.7271972, -83.7070659,  1638.0, 2026,  3, 28, 20,  4,  5,      168,     1317, 132,  83,   2.2,   1.2,   1.9,  0,  0,  0, 35, 23, 36,  0,  0, 32,  0, 25, 33,  0,  0,  0,  0, 33,  0, 35,  0, 24,  0,  0,  0, 30,  0,  0,  0, 34,  0,  0,  0
6, 11026, 15,KE8EXM,    15.98, 5,   coast,   -8.34,  84005.00, 1553.24, 1418.44,   10.03, 20.0, 4.04, 4.01, 4.03,   0.10,  -0.14,   0.08,  40.79,   0.87,  -6.88,   0.21,  -0.01,   0.16,  16.64, 4.04, 0.00, 0.00, 0.00, 0.00, 1, 1,  7,  39.7271972, -83.7070659,  1638.0, 2026,  3, 28, 20,  4,  5,      168,     1317, 132,  83,   2.2,   1.2,   1.9,  0,  0,  0, 35, 23, 36,  0,  0, 32,  0, 25, 33,  0,  0,  0,  0, 33,  0, 35,  0, 24,  0,  0,  0, 30,  0,  0,  0, 34,  0,  0,  0
6, 11026, 15,KE8EXM,    15.99, 5,   coast,  -10.30,  84003.00, 1553.44, 1418.63,    9.93, 20.0, 4.04, 4.01, 4.03,   0.09,  -0.17,   0.05,  40.55,   0.81,  -6.88,   0.21,  -0.00,   0.16,  16.71, 4.04, 0.00, 0.00, 0.00, 0.00, 1, 1,  7,  39.7271972, -83.7070659,  1638.0, 2026,  3, 28, 20,  4,  5,      168,     1317, 132,  83,   2.2,   1.2,   1.9,  0,  0,  0, 35, 23, 36,  0,  0, 32,  0, 25, 33,  0,  0,  0,  0, 33,  0, 35,  0, 24,  0,  0,  0, 30,  0,  0,  0, 34,  0,  0,  0
6, 11026, 15,KE8EXM,    16.00, 5,   coast,   -9.81,  84003.00, 1553.44, 1418.63,    9.83, 20.0, 4.04, 4.01, 4.03,   0.08,  -0.15,   0.06,  40.00,   0.87,  -6.82,   0.22,   0.00,   0.16,  16.78, 4.04, 0.00, 0.00, 0.00, 0.00, 1, 1,  7,  39.7271972, -83.7070659,  1638.0, 2026,  3, 28, 20,  4,  5,      168,     1317, 132,  83,   2.2,   1.2,   1.9,  0,  0,  0, 35, 23, 36,  0,  0, 32,  0, 25, 33,  0,  0,  0,  0, 33,  0, 35,  0, 24,  0,  0,  0, 30,  0,  0,  0, 34,  0,  0,  0
6, 11026, 15,KE8EXM,    16.01, 5,   coast,   -9.81,  84005.00, 1553.24, 1418.44,    9.73, 20.0, 4.04, 4.01, 4.03,   0.11,  -0.17,   0.01,  40.49,   1.05,  -6.70,   0.21,   0.00,   0.16,  16.85, 4.04, 0.00, 0.00, 0.00, 0.00, 1, 1,  7,  39.7271972, -83.7070659,  1638.0, 2026,  3, 28, 20,  4,  5,      168,     1317, 132,  83,   2.2,   1.2,   1.9,  0,  0,  0, 35, 23, 36,  0,  0, 32,  0, 25, 33,  0,  0,  0,  0, 33,  0, 35,  0, 24,  0,  0,  0, 30,  0,  0,  0, 34,  0,  0,  0
6, 11026, 15,KE8EXM,    16.02, 5,   coast,  -11.28,  84005.00, 1553.24, 1418.44,    9.63, 20.0, 3.99, 3.98, 3.99,   0.09,  -0.20,   0.05,  40.37,   0.99,  -6.95,   0.21,   0.01,   0.16,  16.92, 3.99, 0.00, 0.00, 0.00, 0.00, 1, 1,  7,  39.7271972, -83.7070659,  1638.0, 2026,  3, 28, 20,  4,  5,      168,     1317, 132,  83,   2.2,   1.2,   1.9,  0,  0,  0, 35, 23, 36,  0,  0, 32,  0, 25, 33,  0,  0,  0,  0, 33,  0, 35,  0, 24,  0,  0,  0, 30,  0,  0,  0, 34,  0,  0,  0
6, 11026, 15,KE8EXM,    16.02, 5,   coast,  -11.28,  84005.00, 1553.24, 1418.44,    9.63, 20.0, 3.99, 3.98, 3.99,   0.09,  -0.20,   0.05,  40.37,   0.99,  -6.95,   0.21,   0.01,   0.16,  16.92, 3.99, 0.00, 0.00, 0.00, 0.00, 1, 1,  7,  39.7271972, -83.7070659,  1638.0, 2026,  3, 28, 20,  4,  5,      168,     1317, 132,  83,   2.2,   1.2,   1.9,  0,  0,  0, 35, 23, 36,  0,  0, 32,  0, 25, 33,  0,  0,  0,  0, 33,  0, 35,  0, 24,  0,  0,  0, 30,  0,  0,  0, 34,  0,  0,  0
6, 11026, 15,KE8EXM,    16.03, 5,   coast,  -10.30,  83996.00, 1554.12, 1419.31,    9.53, 20.0, 3.99, 3.98, 3.99,   0.09,  -0.18,   0.06,  40.25,   1.36,  -6.70,   0.21,   0.01,   0.16,  16.98, 3.99, 0.00, 0.00, 0.00, 0.00, 1, 1,  7,  39.7271972, -83.7070659,  1638.0, 2026,  3, 28, 20,  4,  5,      168,     1317, 132,  83,   2.2,   1.2,   1.9,  0,  0,  0, 35, 23, 36,  0,  0, 32,  0, 25, 33,  0,  0,  0,  0, 33,  0, 35,  0, 24,  0,  0,  0, 30,  0,  0,  0, 34,  0,  0,  0
6, 11026, 15,KE8EXM,    16.04, 5,   coast,   -9.81,  83996.00, 1554.12, 1419.31,    9.43, 20.0, 3.99, 3.98, 3.99,   0.07,  -0.18,   0.04,  40.18,   1.30,  -6.88,   0.21,   0.01,   0.16,  17.05, 3.99, 0.00, 0.00, 0.00, 0.00, 1, 1,  7,  39.7271972, -83.7070659,  1638.0, 2026,  3, 28, 20,  4,  5,      168,     1317, 132,  83,   2.2,   1.2,   1.9,  0,  0,  0, 35, 23, 36,  0,  0, 32,  0, 25, 33,  0,  0,  0,  0, 33,  0, 35,  0, 24,  0,  0,  0, 30,  0,  0,  0, 34,  0,  0,  0
6, 11026, 15,KE8EXM,    16.05, 5,   coast,  -10.30,  83993.00, 1554.41, 1419.60,    9.32, 20.0, 3.99, 3.98, 3.99,   0.08,  -0.16,   0.03,  40.00,   1.30,  -6.95,   0.21,   0.01,   0.16,  17.12, 3.99, 0.00, 0.00, 0.00, 0.00, 1, 1,  7,  39.7271972, -83.7070659,  1638.0, 2026,  3, 28, 20,  4,  5,      168,     1317, 132,  83,   2.2,   1.2,   1.9,  0,  0,  0, 35, 23, 36,  0,  0, 32,  0, 25, 33,  0,  0,  0,  0, 33,  0, 35,  0, 24,  0,  0,  0, 30,  0,  0,  0, 34,  0,  0,  0
6, 11026, 15,KE8EXM,    16.06, 5,   coast,  -10.79,  83993.00, 1554.41, 1419.60,    9.22, 20.0, 3.99, 3.98, 3.99,   0.07,  -0.14,   0.03,  39.94,   1.24,  -7.07,   0.21,   0.01,   0.16,  17.20, 3.99, 0.00, 0.00, 0.00, 0.00, 1, 1,  7,  39.7271972, -83.7070659,  1638.0, 2026,  3, 28, 20,  4,  5,      168,     1317, 132,  83,   2.2,   1.2,   1.9,  0,  0,  0, 35, 23, 36,  0,  0, 32,  0, 25, 33,  0,  0,  0,  0, 33,  0, 35,  0, 24,  0,  0,  0, 30,  0,  0,  0, 34,  0,  0,  0
6, 11026, 15,KE8EXM,    16.07, 5,   coast,  -10.30,  83998.00, 1553.92, 1419.12,    9.12, 20.0, 3.99, 3.98, 3.99,   0.08,  -0.17,   0.02,  40.18,   1.24,  -7.01,   0.21,   0.01,   0.16,  17.27, 3.99, 0.00, 0.00, 0.00, 0.00, 1, 1,  7,  39.7271972, -83.7070659,  1638.0, 2026,  3, 28, 20,  4,  5,      168,     1317, 132,  83,   2.2,   1.2,   1.9,  0,  0,  0, 35, 23, 36,  0,  0, 32,  0, 25, 33,  0,  0,  0,  0, 33,  0, 35,  0, 24,  0,  0,  0, 30,  0,  0,  0, 34,  0,  0,  0
6, 11026, 15,KE8EXM,    16.08, 5,   coast,  -10.30,  83998.00, 1553.92, 1419.12,    9.01, 20.0, 3.99, 3.98, 3.99,   0.11,  -0.16,   0.04,  40.00,   1.24,  -7.07,   0.22,   0.02,   0.16,  17.34, 3.99, 0.00, 0.00, 0.00, 0.00, 1, 1,  7,  39.7271972, -83.7070659,  1638.0, 2026,  3, 28, 20,  4,  5,      168,     1317, 132,  83,   2.2,   1.2,   1.9,  0,  0,  0, 35, 23, 36,  0,  0, 32,  0, 25, 33,  0,  0,  0,  0, 33,  0, 35,  0, 24,  0,  0,  0, 30,  0,  0,  0, 34,  0,  0,  0
6, 11026, 15,KE8EXM,    16.09, 5,   coast,  -10.30,  83993.00, 1554.41, 1419.60,    8.91, 20.0, 3.99, 3.98, 3.99,   0.08,  -0.13,   0.06,  40.00,   1.79,  -7.01,   0.21,   0.02,   0.16,  17.41, 3.99, 0.00, 0.00, 0.00, 0.00, 1, 1,  7,  39.7271972, -83.7070659,  1638.0, 2026,  3, 28, 20,  4,  5,      168,     1317, 132,  83,   2.2,   1.2,   1.9,  0,  0,  0, 35, 23, 36,  0,  0, 32,  0, 25, 33,  0,  0,  0,  0, 33,  0, 35,  0, 24,  0,  0,  0, 30,  0,  0,  0, 34,  0,  0,  0
6, 11026, 15,KE8EXM,    16.10, 5,   coast,   -9.32,  83993.00, 1554.41, 1419.60,    8.82, 20.0, 3.99, 3.98, 3.99,   0.11,  -0.21,   0.05,  39.76,   1.48,  -7.07,   0.22,   0.02,   0.15,  17.48, 3.99, 0.00, 0.00, 0.00, 0.00, 1, 1,  7,  39.7271972, -83.7070659,  1638.0, 2026,  3, 28, 20,  4,  5,      168,     1317, 132,  83,   2.2,   1.2,   1.9,  0,  0,  0, 35, 23, 36,  0,  0, 32,  0, 25, 33,  0,  0,  0,  0, 33,  0, 35,  0, 24,  0,  0,  0, 30,  0,  0,  0, 34,  0,  0,  0
6, 11026, 15,KE8EXM,    16.11, 5,   coast,   -9.32,  84000.00, 1553.73, 1418.92,    8.72, 19.9, 3.99, 3.98, 3.99,   0.11,  -0.18,   0.04,  39.70,   1.60,  -6.70,   0.21,   0.02,   0.15,  17.55, 3.99, 0.00, 0.00, 0.00, 0.00, 1, 1,  7,  39.7271972, -83.7070659,  1638.0, 2026,  3, 28, 20,  4,  5,      168,     1317, 132,  83,   2.2,   1.2,   1.9,  0,  0,  0, 35, 23, 36,  0,  0, 32,  0, 25, 33,  0,  0,  0,  0, 33,  0, 35,  0, 24,  0,  0,  0, 30,  0,  0,  0, 34,  0,  0,  0
6, 11026, 15,KE8EXM,    16.11, 5,   coast,   -9.32,  84000.00, 1553.73, 1418.92,    8.72, 19.9, 3.99, 3.98, 3.99,   0.11,  -0.18,   0.04,  39.70,   1.60,  -6.70,   0.21,   0.02,   0.15,  17.55, 3.99, 0.00, 0.00, 0.00, 0.00, 1, 1,  7,  39.7271972, -83.7070659,  1638.0, 2026,  3, 28, 20,  4,  5,      168,     1317, 132,  83,   2.2,   1.2,   1.9,  0,  0,  0, 35, 23, 36,  0,  0, 32,  0, 25, 33,  0,  0,  0,  0, 33,  0, 35,  0, 24,  0,  0,  0, 30,  0,  0,  0, 34,  0,  0,  0
6, 11026, 15,KE8EXM,    16.11, 5,   coast,   -9.32,  84000.00, 1553.73, 1418.92,    8.72, 19.9, 3.99, 3.98, 3.99,   0.11,  -0.18,   0.04,  39.70,   1.60,  -6.70,   0.21,   0.02,   0.15,  17.55, 3.99, 0.00, 0.00, 0.00, 0.00, 1, 1,  7,  39.7271972, -83.7070659,  1638.0, 2026,  3, 28, 20,  4,  5,      168,     1317, 132,  83,   2.2,   1.2,   1.9,  0,  0,  0, 35, 23, 36,  0,  0, 32,  0, 25, 33,  0,  0,  0,  0, 33,  0, 35,  0, 24,  0,  0,  0, 30,  0,  0,  0, 34,  0,  0,  0
6, 11026, 15,KE8EXM,    16.12, 5,   coast,  -10.30,  84000.00, 1553.73, 1418.92,    8.63, 19.9, 3.99, 3.98, 3.99,   0.07,  -0.14,   0.01,  40.00,   1.79,  -7.19,   0.21,   0.02,   0.15,  17.62, 3.99, 0.00, 0.00, 0.00, 0.00, 1, 1,  8,  39.7271572, -83.7070171,  1653.0, 2026,  3, 28, 20,  4,  6,      174,     1332, 133,  82,   2.0,   0.9,   1.8,  0,  0,  0, 36, 18, 36,  0,  0, 32,  0, 31, 35,  0,  0,  0,  0, 33,  0, 28,  0, 23,  0,  0,  0, 35,  0,  0,  0, 35,  0,  0,  0
6, 11026, 15,KE8EXM,    16.13, 5,   coast,   -6.86,  83986.00, 1555.08, 1420.28,    8.54, 20.0, 3.99, 3.98, 3.99,   0.10,  -0.19,  -0.01,  39.70,   1.73,  -6.95,   0.21,   0.02,   0.15,  17.69, 3.99, 0.00, 0.00, 0.00, 0.00, 1, 1,  8,  39.7271572, -83.7070171,  1653.0, 2026,  3, 28, 20,  4,  6,      174,     1332, 133,  82,   2.0,   0.9,   1.8,  0,  0,  0, 36, 18, 36,  0,  0, 32,  0, 31, 35,  0,  0,  0,  0, 33,  0, 28,  0, 23,  0,  0,  0, 35,  0,  0,  0, 35,  0,  0,  0
6, 11026, 15,KE8EXM,    16.14, 5,   coast,   -9.81,  83986.00, 1555.08, 1420.28,    8.44, 20.0, 3.99, 3.98, 3.99,   0.10,  -0.14,   0.06,  39.70,   1.42,  -6.82,   0.21,   0.02,   0.15,  17.76, 3.99, 0.00, 0.00, 0.00, 0.00, 1, 1,  8,  39.7271572, -83.7070171,  1653.0, 2026,  3, 28, 20,  4,  6,      174,     1332, 133,  82,   2.0,   0.9,   1.8,  0,  0,  0, 36, 18, 36,  0,  0, 32,  0, 31, 35,  0,  0,  0,  0, 33,  0, 28,  0, 23,  0,  0,  0, 35,  0,  0,  0, 35,  0,  0,  0
6, 11026, 15,KE8EXM,    16.15, 5,   coast,   -8.83,  83981.00, 1555.57, 1420.76,    8.35, 20.0, 3.99, 3.98, 3.99,   0.07,  -0.15,   0.05,  39.51,   2.03,  -7.01,   0.21,   0.03,   0.15,  17.84, 3.99, 0.00, 0.00, 0.00, 0.00, 1, 1,  8,  39.7271572, -83.7070171,  1653.0, 2026,  3, 28, 20,  4,  6,      174,     1332, 133,  82,   2.0,   0.9,   1.8,  0,  0,  0, 36, 18, 36,  0,  0, 32,  0, 31, 35,  0,  0,  0,  0, 33,  0, 28,  0, 23,  0,  0,  0, 35,  0,  0,  0, 35,  0,  0,  0
6, 11026, 15,KE8EXM,    16.16, 5,   coast,   -9.32,  83981.00, 1555.57, 1420.76,    8.26, 20.0, 3.99, 3.98, 3.99,   0.11,  -0.20,   0.08,  39.33,   1.66,  -7.19,   0.21,   0.03,   0.15,  17.91, 3.99, 0.00, 0.00, 0.00, 0.00, 1, 1,  8,  39.7271572, -83.7070171,  1653.0, 2026,  3, 28, 20,  4,  6,      174,     1332, 133,  82,   2.0,   0.9,   1.8,  0,  0,  0, 36, 18, 36,  0,  0, 32,  0, 31, 35,  0,  0,  0,  0, 33,  0, 28,  0, 23,  0,  0,  0, 35,  0,  0,  0, 35,  0,  0,  0
6, 11026, 15,KE8EXM,    16.17, 5,   coast,  -11.28,  83995.00, 1554.21, 1419.41,    8.17, 20.0, 3.99, 3.98, 3.99,   0.07,  -0.14,   0.04,  39.21,   1.85,  -7.19,   0.21,   0.03,   0.15,  17.98, 3.99, 0.00, 0.00, 0.00, 0.00, 1, 1,  8,  39.7271572, -83.7070171,  1653.0, 2026,  3, 28, 20,  4,  6,      174,     1332, 133,  82,   2.0,   0.9,   1.8,  0,  0,  0, 36, 18, 36,  0,  0, 32,  0, 31, 35,  0,  0,  0,  0, 33,  0, 28,  0, 23,  0,  0,  0, 35,  0,  0,  0, 35,  0,  0,  0
6, 11026, 15,KE8EXM,    16.18, 5,   coast,   -6.86,  83995.00, 1554.21, 1419.41,    8.07, 20.0, 3.99, 3.98, 3.99,   0.10,  -0.19,   0.02,  39.15,   2.28,  -7.01,   0.21,   0.03,   0.15,  18.06, 3.99, 0.00, 0.00, 0.00, 0.00, 1, 1,  8,  39.7271572, -83.7070171,  1653.0, 2026,  3, 28, 20,  4,  6,      174,     1332, 133,  82,   2.0,   0.9,   1.8,  0,  0,  0, 36, 18, 36,  0,  0, 32,  0, 31, 35,  0,  0,  0,  0, 33,  0, 28,  0, 23,  0,  0,  0, 35,  0,  0,  0, 35,  0,  0,  0
6, 11026, 15,KE8EXM,    16.19, 5,   coast,  -10.30,  83988.00, 1554.89, 1420.08,    7.98, 20.0, 3.99, 3.98, 3.99,   0.10,  -0.17,   0.04,  39.02,   1.73,  -6.95,   0.21,   0.03,   0.15,  18.13, 3.99, 0.00, 0.00, 0.00, 0.00, 1, 1,  8,  39.7271572, -83.7070171,  1653.0, 2026,  3, 28, 20,  4,  6,      174,     1332, 133,  82,   2.0,   0.9,   1.8,  0,  0,  0, 36, 18, 36,  0,  0, 32,  0, 31, 35,  0,  0,  0,  0, 33,  0, 28,  0, 23,  0,  0,  0, 35,  0,  0,  0, 35,  0,  0,  0
6, 11026, 15,KE8EXM,    16.20, 5,   coast,  -10.79,  83988.00, 1554.89, 1420.08,    7.88, 20.0, 3.99, 3.98, 3.99,   0.10,  -0.18,  -0.01,  39.09,   1.97,  -7.07,   0.21,   0.04,   0.15,  18.20, 3.99, 0.00, 0.00, 0.00, 0.00, 1, 1,  8,  39.7271572, -83.7070171,  1653.0, 2026,  3, 28, 20,  4,  6,      174,     1332, 133,  82,   2.0,   0.9,   1.8,  0,  0,  0, 36, 18, 36,  0,  0, 32,  0, 31, 35,  0,  0,  0,  0, 33,  0, 28,  0, 23,  0,  0,  0, 35,  0,  0,  0, 35,  0,  0,  0
6, 11026, 15,KE8EXM,    16.21, 5,   coast,   -9.81,  83986.00, 1555.08, 1420.28,    7.78, 20.0, 3.99, 3.98, 3.99,   0.09,  -0.14,   0.02,  38.72,   2.03,  -6.88,   0.21,   0.04,   0.15,  18.27, 3.99, 0.00, 0.00, 0.00, 0.00, 1, 1,  8,  39.7271572, -83.7070171,  1653.0, 2026,  3, 28, 20,  4,  6,      174,     1332, 133,  82,   2.0,   0.9,   1.8,  0,  0,  0, 36, 18, 36,  0,  0, 32,  0, 31, 35,  0,  0,  0,  0, 33,  0, 28,  0, 23,  0,  0,  0, 35,  0,  0,  0, 35,  0,  0,  0
6, 11026, 15,KE8EXM,    16.22, 5,   coast,   -9.32,  83986.00, 1555.08, 1420.28,    7.68, 20.0, 3.99, 3.98, 3.99,   0.09,  -0.22,   0.03,  38.48,   2.15,  -7.13,   0.21,   0.04,   0.15,  18.35, 3.99, 0.00, 0.00, 0.00, 0.00, 1, 1,  8,  39.7271572, -83.7070171,  1653.0, 2026,  3, 28, 20,  4,  6,      174,     1332, 133,  82,   2.0,   0.9,   1.8,  0,  0,  0, 36, 18, 36,  0,  0, 32,  0, 31, 35,  0,  0,  0,  0, 33,  0, 28,  0, 23,  0,  0,  0, 35,  0,  0,  0, 35,  0,  0,  0
6, 11026, 15,KE8EXM,    16.23, 5,   coast,   -8.83,  83986.00, 1555.08, 1420.28,    7.59, 20.0, 3.99, 3.98, 3.99,   0.09,  -0.20,   0.01,  38.29,   2.09,  -7.13,   0.21,   0.04,   0.15,  18.42, 3.99, 0.00, 0.00, 0.00, 0.00, 1, 1,  8,  39.7271572, -83.7070171,  1653.0, 2026,  3, 28, 20,  4,  6,      174,     1332, 133,  82,   2.0,   0.9,   1.8,  0,  0,  0, 36, 18, 36,  0,  0, 32,  0, 31, 35,  0,  0,  0,  0, 33,  0, 28,  0, 23,  0,  0,  0, 35,  0,  0,  0, 35,  0,  0,  0
6, 11026, 15,KE8EXM,    16.24, 5,   coast,  -10.30,  83986.00, 1555.08, 1420.28,    7.49, 20.0, 3.99, 3.98, 3.99,   0.11,  -0.19,   0.03,  38.35,   2.15,  -7.13,   0.21,   0.04,   0.15,  18.50, 3.99, 0.00, 0.00, 0.00, 0.00, 1, 1,  8,  39.7271572, -83.7070171,  1653.0, 2026,  3, 28, 20,  4,  6,      174,     1332, 133,  82,   2.0,   0.9,   1.8,  0,  0,  0, 36, 18, 36,  0,  0, 32,  0, 31, 35,  0,  0,  0,  0, 33,  0, 28,  0, 23,  0,  0,  0, 35,  0,  0,  0, 35,  0,  0,  0
6, 11026, 15,KE8EXM,    16.25, 5,   coast,   -8.83,  83987.00, 1554.99, 1420.18,    7.39, 20.0, 3.99, 3.98, 3.99,   0.09,  -0.15,   0.01,  38.17,   2.46,  -7.01,   0.21,   0.04,   0.14,  18.57, 3.99, 0.00, 0.00, 0.00, 0.00, 1, 1,  8,  39.7271572, -83.7070171,  1653.0, 2026,  3, 28, 20,  4,  6,      174,     1332, 133,  82,   2.0,   0.9,   1.8,  0,  0,  0, 36, 18, 36,  0,  0, 32,  0, 31, 35,  0,  0,  0,  0, 33,  0, 28,  0, 23,  0,  0,  0, 35,  0,  0,  0, 35,  0,  0,  0
6, 11026, 15,KE8EXM,    16.26, 5,   coast,  -11.28,  83987.00, 1554.99, 1420.18,    7.30, 20.0, 3.99, 3.98, 3.99,   0.13,  -0.22,  -0.02,  38.11,   2.52,  -6.70,   0.21,   0.05,   0.14,  18.64, 3.99, 0.00, 0.00, 0.00, 0.00, 1, 1,  8,  39.7271572, -83.7070171,  1653.0, 2026,  3, 28, 20,  4,  6,      174,     1332, 133,  82,   2.0,   0.9,   1.8,  0,  0,  0, 36, 18, 36,  0,  0, 32,  0, 31, 35,  0,  0,  0,  0, 33,  0, 28,  0, 23,  0,  0,  0, 35,  0,  0,  0, 35,  0,  0,  0
6, 11026, 15,KE8EXM,    16.27, 5,   coast,   -9.32,  83989.00, 1554.79, 1419.99,    7.20, 20.0, 3.99, 3.98, 3.99,   0.11,  -0.18,   0.01,  37.99,   2.52,  -6.82,   0.21,   0.05,   0.14,  18.71, 3.99, 0.00, 0.00, 0.00, 0.00, 1, 1,  8,  39.7271572, -83.7070171,  1653.0, 2026,  3, 28, 20,  4,  6,      174,     1332, 133,  82,   2.0,   0.9,   1.8,  0,  0,  0, 36, 18, 36,  0,  0, 32,  0, 31, 35,  0,  0,  0,  0, 33,  0, 28,  0, 23,  0,  0,  0, 35,  0,  0,  0, 35,  0,  0,  0
6, 11026, 15,KE8EXM,    16.28, 5,   coast,   -9.32,  83989.00, 1554.79, 1419.99,    7.10, 20.0, 3.99, 3.98, 3.99,   0.09,  -0.21,  -0.01,  38.48,   2.58,  -7.07,   0.21,   0.05,   0.14,  18.79, 3.99, 0.00, 0.00, 0.00, 0.00, 1, 1,  8,  39.7271572, -83.7070171,  1653.0, 2026,  3, 28, 20,  4,  6,      174,     1332, 133,  82,   2.0,   0.9,   1.8,  0,  0,  0, 36, 18, 36,  0,  0, 32,  0, 31, 35,  0,  0,  0,  0, 33,  0, 28,  0, 23,  0,  0,  0, 35,  0,  0,  0, 35,  0,  0,  0
6, 11026, 15,KE8EXM,    16.29, 5,   coast,   -9.32,  83973.00, 1556.34, 1421.54,    7.00, 20.0, 3.99, 3.98, 3.99,   0.11,  -0.23,   0.01,  38.35,   2.76,  -7.25,   0.21,   0.05,   0.14,  18.86, 3.99, 0.00, 0.00, 0.00, 0.00, 1, 1,  8,  39.7271572, -83.7070171,  1653.0, 2026,  3, 28, 20,  4,  6,      174,     1332, 133,  82,   2.0,   0.9,   1.8,  0,  0,  0, 36, 18, 36,  0,  0, 32,  0, 31, 35,  0,  0,  0,  0, 33,  0, 28,  0, 23,  0,  0,  0, 35,  0,  0,  0, 35,  0,  0,  0
6, 11026, 15,KE8EXM,    16.30, 5,   coast,   -9.81,  83973.00, 1556.34, 1421.54,    6.90, 20.0, 3.99, 3.98, 3.99,   0.09,  -0.24,  -0.01,  38.23,   2.34,  -7.01,   0.21,   0.05,   0.14,  18.94, 3.99, 0.00, 0.00, 0.00, 0.00, 1, 1,  8,  39.7271572, -83.7070171,  1653.0, 2026,  3, 28, 20,  4,  6,      174,     1332, 133,  82,   2.0,   0.9,   1.8,  0,  0,  0, 36, 18, 36,  0,  0, 32,  0, 31, 35,  0,  0,  0,  0, 33,  0, 28,  0, 23,  0,  0,  0, 35,  0,  0,  0, 35,  0,  0,  0
6, 11026, 15,KE8EXM,    16.31, 5,   coast,  -10.79,  83975.00, 1556.15, 1421.34,    6.80, 19.9, 3.99, 3.98, 3.99,   0.09,  -0.24,  -0.03,  38.05,   2.76,  -7.19,   0.21,   0.05,   0.14,  19.01, 3.99, 0.00, 0.00, 0.00, 0.00, 1, 1,  8,  39.7271572, -83.7070171,  1653.0, 2026,  3, 28, 20,  4,  6,      174,     1332, 133,  82,   2.0,   0.9,   1.8,  0,  0,  0, 36, 18, 36,  0,  0, 32,  0, 31, 35,  0,  0,  0,  0, 33,  0, 28,  0, 23,  0,  0,  0, 35,  0,  0,  0, 35,  0,  0,  0
6, 11026, 15,KE8EXM,    16.32, 5,   coast,  -12.75,  83975.00, 1556.15, 1421.34,    6.70, 19.9, 3.99, 3.98, 3.99,   0.08,  -0.18,  -0.02,  37.99,   2.58,  -6.76,   0.21,   0.05,   0.14,  19.09, 3.99, 0.00, 0.00, 0.00, 0.00, 1, 1,  8,  39.7271572, -83.7070171,  1653.0, 2026,  3, 28, 20,  4,  6,      174,     1332, 133,  82,   2.0,   0.9,   1.8,  0,  0,  0, 36, 18, 36,  0,  0, 32,  0, 31, 35,  0,  0,  0,  0, 33,  0, 28,  0, 23,  0,  0,  0, 35,  0,  0,  0, 35,  0,  0,  0
6, 11026, 15,KE8EXM,    16.33, 5,   coast,   -8.83,  83974.00, 1556.25, 1421.44,    6.59, 20.0, 3.99, 3.98, 3.99,   0.10,  -0.24,  -0.01,  37.99,   2.40,  -7.13,   0.21,   0.05,   0.14,  19.16, 3.99, 0.00, 0.00, 0.00, 0.00, 1, 1,  8,  39.7271572, -83.7070171,  1653.0, 2026,  3, 28, 20,  4,  6,      174,     1332, 133,  82,   2.0,   0.9,   1.8,  0,  0,  0, 36, 18, 36,  0,  0, 32,  0, 31, 35,  0,  0,  0,  0, 33,  0, 28,  0, 23,  0,  0,  0, 35,  0,  0,  0, 35,  0,  0,  0
6, 11026, 15,KE8EXM,    16.34, 5,   coast,  -10.30,  83974.00, 1556.25, 1421.44,    6.49, 20.0, 4.00, 3.97, 3.99,   0.09,  -0.23,  -0.03,  38.35,   2.40,  -7.13,   0.21,   0.06,   0.14,  19.24, 4.00, 0.00, 0.00, 0.01, 0.00, 1, 1,  8,  39.7271572, -83.7070171,  1653.0, 2026,  3, 28, 20,  4,  6,      174,     1332, 133,  82,   2.0,   0.9,   1.8,  0,  0,  0, 36, 18, 36,  0,  0, 32,  0, 31, 35,  0,  0,  0,  0, 33,  0, 28,  0, 23,  0,  0,  0, 35,  0,  0,  0, 35,  0,  0,  0
6, 11026, 15,KE8EXM,    16.34, 5,   coast,  -10.30,  83974.00, 1556.25, 1421.44,    6.49, 20.0, 4.00, 3.97, 3.99,   0.09,  -0.23,  -0.03,  38.35,   2.40,  -7.13,   0.21,   0.06,   0.14,  19.24, 4.00, 0.00, 0.00, 0.01, 0.00, 1, 1,  8,  39.7271572, -83.7070171,  1653.0, 2026,  3, 28, 20,  4,  6,      174,     1332, 133,  82,   2.0,   0.9,   1.8,  0,  0,  0, 36, 18, 36,  0,  0, 32,  0, 31, 35,  0,  0,  0,  0, 33,  0, 28,  0, 23,  0,  0,  0, 35,  0,  0,  0, 35,  0,  0,  0
6, 11026, 15,KE8EXM,    16.35, 5,   coast,   -9.81,  83965.00, 1557.12, 1422.31,    6.39, 20.0, 4.00, 3.97, 3.99,   0.07,  -0.21,  -0.01,  38.48,   2.58,  -6.95,   0.21,   0.06,   0.13,  19.31, 4.00, 0.00, 0.00, 0.01, 0.00, 1, 1,  8,  39.7271572, -83.7070171,  1653.0, 2026,  3, 28, 20,  4,  6,      174,     1332, 133,  82,   2.0,   0.9,   1.8,  0,  0,  0, 36, 18, 36,  0,  0, 32,  0, 31, 35,  0,  0,  0,  0, 33,  0, 28,  0, 23,  0,  0,  0, 35,  0,  0,  0, 35,  0,  0,  0
6, 11026, 15,KE8EXM,    16.36, 5,   coast,  -10.79,  83965.00, 1557.12, 1422.31,    6.33, 20.0, 4.00, 3.97, 3.99,   0.09,  -0.27,   0.01,  38.60,   2.52,  -7.13,   0.21,   0.06,   0.13,  19.39, 4.00, 0.00, 0.00, 0.01, 0.00, 1, 1,  8,  39.7271572, -83.7070171,  1653.0, 2026,  3, 28, 20,  4,  6,      174,     1332, 133,  82,   2.0,   0.9,   1.8,  0,  0,  0, 36, 18, 36,  0,  0, 32,  0, 31, 35,  0,  0,  0,  0, 33,  0, 28,  0, 23,  0,  0,  0, 35,  0,  0,  0, 35,  0,  0,  0
6, 11026, 15,KE8EXM,    16.37, 5,   coast,   -9.32,  83974.00, 1556.25, 1421.44,    6.34, 20.0, 4.00, 3.97, 3.99,   0.11,  -0.22,  -0.06,  38.84,   2.76,  -6.95,   0.21,   0.06,   0.12,  19.46, 4.00, 0.00, 0.00, 0.01, 0.00, 1, 1,  8,  39.7271572, -83.7070171,  1653.0, 2026,  3, 28, 20,  4,  6,      174,     1332, 133,  82,   2.0,   0.9,   1.8,  0,  0,  0, 36, 18, 36,  0,  0, 32,  0, 31, 35,  0,  0,  0,  0, 33,  0, 28,  0, 23,  0,  0,  0, 35,  0,  0,  0, 35,  0,  0,  0
6, 11026, 15,KE8EXM,    16.38, 5,   coast,  -24.03,  83974.00, 1556.25, 1421.44,    6.46, 20.0, 4.00, 3.97, 3.99,   0.12,  -0.26,  -0.01,  38.96,   2.40,  -6.88,   0.21,   0.07,   0.13,  19.53, 4.00, 0.00, 0.00, 0.01, 0.00, 1, 1,  8,  39.7271572, -83.7070171,  1653.0, 2026,  3, 28, 20,  4,  6,      174,     1332, 133,  82,   2.0,   0.9,   1.8,  0,  0,  0, 36, 18, 36,  0,  0, 32,  0, 31, 35,  0,  0,  0,  0, 33,  0, 28,  0, 23,  0,  0,  0, 35,  0,  0,  0, 35,  0,  0,  0
6, 11026, 15,KE8EXM,    16.39, 5,   coast,   91.20,  84533.00, 1502.22, 1367.41,    6.70, 20.0, 4.00, 3.97, 3.99,  43.44,   3.05,   1.01,  43.48,  -3.71, -18.36,   0.21,   0.07,   0.13,  19.70, 4.00, 0.00, 0.00, 0.01, 0.00, 1, 1,  8,  39.7271572, -83.7070171,  1653.0, 2026,  3, 28, 20,  4,  6,      174,     1332, 133,  82,   2.0,   0.9,   1.8,  0,  0,  0, 36, 18, 36,  0,  0, 32,  0, 31, 35,  0,  0,  0,  0, 33,  0, 28,  0, 23,  0,  0,  0, 35,  0,  0,  0, 35,  0,  0,  0
6, 11026, 15,KE8EXM,    16.40, 6,  drogue,   77.96,  84533.00, 1502.22, 1367.41,    6.97, 20.0, 4.00, 3.97, 3.99, 113.40,   3.59, -15.30,  41.04, -28.24,  -6.88,   0.21,   0.07,   0.13,  19.67, 4.00, 0.00, 0.00, 0.01, 0.00, 1, 1,  8,  39.7271572, -83.7070171,  1653.0, 2026,  3, 28, 20,  4,  6,      174,     1332, 133,  82,   2.0,   0.9,   1.8,  0,  0,  0, 36, 18, 36,  0,  0, 32,  0, 31, 35,  0,  0,  0,  0, 33,  0, 28,  0, 23,  0,  0,  0, 35,  0,  0,  0, 35,  0,  0,  0
6, 11026, 15,KE8EXM,    16.40, 6,  drogue,   77.96,  84533.00, 1502.22, 1367.41,    6.97, 20.0, 4.00, 3.97, 3.99, 113.40,   3.59, -15.30,  41.04, -28.24,  -6.88,   0.21,   0.07,   0.13,  19.67, 4.00, 0.00, 0.00, 0.01, 0.00, 1, 1,  8,  39.7271572, -83.7070171,  1653.0, 2026,  3, 28, 20,  4,  6,      174,     1332, 133,  82,   2.0,   0.9,   1.8,  0,  0,  0, 36, 18, 36,  0,  0, 32,  0, 31, 35,  0,  0,  0,  0, 33,  0, 28,  0, 23,  0,  0,  0, 35,  0,  0,  0, 35,  0,  0,  0
6, 11026, 15,KE8EXM,    16.41, 6,  drogue,   13.73,  86503.00, 1314.08, 1179.28,    6.05, 20.0, 4.00, 3.97, 3.99,  98.93,   4.71,  23.15,   1.73,  19.85,  28.21,   0.21,   0.06,   0.13,  19.47, 4.00, 0.00, 0.00, 0.01, 0.00, 1, 1,  8,  39.7271572, -83.7070171,  1653.0, 2026,  3, 28, 20,  4,  6,      174,     1332, 133,  82,   2.0,   0.9,   1.8,  0,  0,  0, 36, 18, 36,  0,  0, 32,  0, 31, 35,  0,  0,  0,  0, 33,  0, 28,  0, 23,  0,  0,  0, 35,  0,  0,  0, 35,  0,  0,  0
6, 11026, 15,KE8EXM,    16.51, 6,  drogue,  -15.20,  83953.00, 1558.28, 1423.48,    6.36, 20.0, 4.00, 3.97, 3.99,   0.42,  -0.79,  -3.82,  53.55,  11.19, -13.42,   0.21,   0.09,   0.12,  21.11, 4.00, 0.00, 0.00, 0.01, 0.00, 1, 1,  8,  39.7271572, -83.7070171,  1653.0, 2026,  3, 28, 20,  4,  6,      174,     1332, 133,  82,   2.0,   0.9,   1.8,  0,  0,  0, 36, 18, 36,  0,  0, 32,  0, 31, 35,  0,  0,  0,  0, 33,  0, 28,  0, 23,  0,  0,  0, 35,  0,  0,  0, 35,  0,  0,  0
6, 11026, 15,KE8EXM,    16.61, 6,  drogue,   -9.81,  83966.00, 1557.02, 1422.22,    6.60, 20.0, 4.00, 3.97, 3.99,   0.37,   1.15,   0.50,  31.64,   6.24, -10.24,   0.21,   0.11,   0.10,  22.31, 4.00, 0.00, 0.00, 0.01, 0.00, 1, 1,  8,  39.7271572, -83.7070171,  1653.0, 2026,  3, 28, 20,  4,  6,      174,     1332, 133,  82,   2.0,   0.9,   1.8,  0,  0,  0, 36, 18, 36,  0,  0, 32,  0, 31, 35,  0,  0,  0,  0, 33,  0, 28,  0, 23,  0,  0,  0, 35,  0,  0,  0, 35,  0,  0,  0
6, 11026, 15,KE8EXM,    16.66, 6,  drogue,   -9.81,  83966.00, 1557.02, 1422.22,    6.60, 20.0, 2.23, 3.94, 3.95,   0.37,   1.15,   0.50,  31.64,   6.24, -10.24,   0.21,   0.11,   0.10,  22.31, 3.96, 0.00, 0.00, 0.00, 0.00, 1, 1,  8,  39.7271572, -83.7070171,  1653.0, 2026,  3, 28, 20,  4,  6,      174,     1332, 133,  82,   2.0,   0.9,   1.8,  0,  0,  0, 36, 18, 36,  0,  0, 32,  0, 31, 35,  0,  0,  0,  0, 33,  0, 28,  0, 23,  0,  0,  0, 35,  0,  0,  0, 35,  0,  0,  0
6, 11026, 15,KE8EXM,    16.71, 6,  drogue,  -11.28,  83954.00, 1558.19, 1423.38,    6.73, 20.1, 2.23, 3.94, 3.95,   0.14,  -0.25,   0.16,  32.68,   8.26,  -7.92,   0.21,   0.12,   0.08,  23.40, 3.96, 0.00, 0.00, 0.00, 0.00, 1, 1,  8,  39.7271572, -83.7070171,  1653.0, 2026,  3, 28, 20,  4,  6,      174,     1332, 133,  82,   2.0,   0.9,   1.8,  0,  0,  0, 36, 18, 36,  0,  0, 32,  0, 31, 35,  0,  0,  0,  0, 33,  0, 28,  0, 23,  0,  0,  0, 35,  0,  0,  0, 35,  0,  0,  0
6, 11026, 15,KE8EXM,    16.81, 6,  drogue,  -10.79,  83961.00, 1557.51, 1422.70,    6.75, 20.1, 2.23, 3.94, 3.95,   0.03,  -0.04,  -0.71,  32.68,   8.62,  -8.84,   0.21,   0.13,   0.07,  24.62, 3.96, 0.00, 0.00, 0.00, 0.00, 1, 1,  8,  39.7271572, -83.7070171,  1653.0, 2026,  3, 28, 20,  4,  6,      174,     1332, 133,  82,   2.0,   0.9,   1.8,  0,  0,  0, 36, 18, 36,  0,  0, 32,  0, 31, 35,  0,  0,  0,  0, 33,  0, 28,  0, 23,  0,  0,  0, 35,  0,  0,  0, 35,  0,  0,  0
6, 11026, 15,KE8EXM,    16.91, 6,  drogue,  -10.30,  83955.00, 1558.09, 1423.28,    6.65, 20.1, 2.23, 3.94, 3.95,  -1.62,  -0.39,  -0.63,  33.29,   8.81,  -5.85,   0.20,   0.14,   0.05,  25.62, 3.96, 0.00, 0.00, 0.00, 0.00, 1, 1,  8,  39.7271572, -83.7070171,  1653.0, 2026,  3, 28, 20,  4,  6,      174,     1332, 133,  82,   2.0,   0.9,   1.8,  0,  0,  0, 36, 18, 36,  0,  0, 32,  0, 31, 35,  0,  0,  0,  0, 33,  0, 28,  0, 23,  0,  0,  0, 35,  0,  0,  0, 35,  0,  0,  0
6, 11026, 15,KE8EXM,    16.98, 6,  drogue,  -10.30,  83955.00, 1558.09, 1423.28,    6.65, 20.1, 1.93, 3.94, 3.95,  -1.62,  -0.39,  -0.63,  33.29,   8.81,  -5.85,   0.20,   0.14,   0.05,  25.62, 3.96, 0.00, 0.00, 0.01, 0.00, 1, 1,  8,  39.7271572, -83.7070171,  1653.0, 2026,  3, 28, 20,  4,  6,      174,     1332, 133,  82,   2.0,   0.9,   1.8,  0,  0,  0, 36, 18, 36,  0,  0, 32,  0, 31, 35,  0,  0,  0,  0, 33,  0, 28,  0, 23,  0,  0,  0, 35,  0,  0,  0, 35,  0,  0,  0
6, 11026, 15,KE8EXM,    17.01, 6,  drogue,   -8.34,  83960.00, 1557.60, 1422.80,    6.43, 20.1, 1.93, 3.94, 3.95,   0.04,   1.21,  -0.34,  39.57,   2.15,  -6.34,   0.20,   0.15,   0.03,  26.24, 3.96, 0.00, 0.00, 0.01, 0.00, 1, 1,  8,  39.7271572, -83.7070171,  1653.0, 2026,  3, 28, 20,  4,  6,      174,     1332, 133,  82,   2.0,   0.9,   1.8,  0,  0,  0, 36, 18, 36,  0,  0, 32,  0, 31, 35,  0,  0,  0,  0, 33,  0, 28,  0, 23,  0,  0,  0, 35,  0,  0,  0, 35,  0,  0,  0
6, 11026, 15,KE8EXM,    17.11, 6,  drogue,  -22.06,  83951.00, 1558.48, 1423.67,    6.11, 20.1, 1.93, 3.94, 3.95, -11.70,  -3.47,  15.50,  10.58,  33.34,  -1.64,   0.20,   0.16,   0.01,  28.78, 3.96, 0.00, 0.00, 0.01, 0.00, 1, 1,  8,  39.7271572, -83.7070171,  1653.0, 2026,  3, 28, 20,  4,  6,      174,     1332, 133,  82,   2.0,   0.9,   1.8,  0,  0,  0, 36, 18, 36,  0,  0, 32,  0, 31, 35,  0,  0,  0,  0, 33,  0, 28,  0, 23,  0,  0,  0, 35,  0,  0,  0, 35,  0,  0,  0
6, 11026, 15,KE8EXM,    17.11, 6,  drogue,  -22.06,  83951.00, 1558.48, 1423.67,    6.11, 20.1, 1.93, 3.94, 3.95, -11.70,  -3.47,  15.50,  10.58,  33.34,  -1.64,   0.20,   0.16,   0.01,  28.78, 3.96, 0.00, 0.00, 0.01, 0.00, 1, 1,  8,  39.7271572, -83.7070171,  1653.0, 2026,  3, 28, 20,  4,  6,      174,     1332, 133,  82,   2.0,   0.9,   1.8,  0,  0,  0, 36, 18, 36,  0,  0, 32,  0, 31, 35,  0,  0,  0,  0, 33,  0, 28,  0, 23,  0,  0,  0, 35,  0,  0,  0, 35,  0,  0,  0
6, 11026, 15,KE8EXM,    17.11, 6,  drogue,  -22.06,  83951.00, 1558.48, 1423.67,    6.11, 20.1, 1.93, 3.94, 3.95, -11.70,  -3.47,  15.50,  10.58,  33.34,  -1.64,   0.20,   0.16,   0.01,  28.78, 3.96, 0.00, 0.00, 0.01, 0.00, 1, 1,  8,  39.7271572, -83.7070171,  1653.0, 2026,  3, 28, 20,  4,  6,      174,     1332, 133,  82,   2.0,   0.9,   1.8,  0,  0,  0, 36, 18, 36,  0,  0, 32,  0, 31, 35,  0,  0,  0,  0, 33,  0, 28,  0, 23,  0,  0,  0, 35,  0,  0,  0, 35,  0,  0,  0
6, 11026, 15,KE8EXM,    17.21, 6,  drogue,  -14.22,  83931.00, 1560.42, 1425.61,    5.72, 20.1, 1.93, 3.94, 3.95, -13.21,  15.75,  11.55, 104.33,  50.80,  -4.08,   0.20,   0.15,   0.01,  33.05, 3.96, 0.00, 0.00, 0.01, 0.00, 1, 1,  8,  39.7271120, -83.7069597,  1659.0, 2026,  3, 28, 20,  4,  7,      181,     1339, 133,  82,   1.8,   1.0,   1.5,  0,  0,  0, 36, 27, 35,  0,  0, 31,  0, 33, 33,  0,  0,  0,  0, 28,  0, 27,  0, 30,  0,  0,  0, 36,  0,  0,  0, 38,  0,  0,  0
6, 11026, 15,KE8EXM,    17.30, 6,  drogue,  -14.22,  83931.00, 1560.42, 1425.61,    5.72, 20.1, 1.70, 3.87, 3.88, -13.21,  15.75,  11.55, 104.33,  50.80,  -4.08,   0.20,   0.15,   0.01,  33.05, 3.90, 0.00, 0.00, 0.00, 0.00, 1, 1,  8,  39.7271120, -83.7069597,  1659.0, 2026,  3, 28, 20,  4,  7,      181,     1339, 133,  82,   1.8,   1.0,   1.5,  0,  0,  0, 36, 27, 35,  0,  0, 31,  0, 33, 33,  0,  0,  0,  0, 28,  0, 27,  0, 30,  0,  0,  0, 36,  0,  0,  0, 38,  0,  0,  0
6, 11026, 15,KE8EXM,    17.31, 6,  drogue,   -8.34,  83945.00, 1559.06, 1424.25,    5.26, 20.1, 1.70, 3.87, 3.88,  -0.01,  -1.14,   0.90,  39.21, -68.22,  12.95,   0.20,   0.14,   0.04,  26.37, 3.90, 0.00, 0.00, 0.00, 0.00, 1, 1,  8,  39.7271120, -83.7069597,  1659.0, 2026,  3, 28, 20,  4,  7,      181,     1339, 133,  82,   1.8,   1.0,   1.5,  0,  0,  0, 36, 27, 35,  0,  0, 31,  0, 33, 33,  0,  0,  0,  0, 28,  0, 27,  0, 30,  0,  0,  0, 36,  0,  0,  0, 38,  0,  0,  0
6, 11026, 15,KE8EXM,    17.41, 6,  drogue,   -9.81,  83951.00, 1558.48, 1423.67,    4.77, 20.1, 1.70, 3.87, 3.88,   0.46,  -0.23,  -0.47,  41.16, -43.44,  14.48,   0.20,   0.13,   0.06,  21.82, 3.90, 0.00, 0.00, 0.00, 0.00, 1, 1,  8,  39.7271120, -83.7069597,  1659.0, 2026,  3, 28, 20,  4,  7,      181,     1339, 133,  82,   1.8,   1.0,   1.5,  0,  0,  0, 36, 27, 35,  0,  0, 31,  0, 33, 33,  0,  0,  0,  0, 28,  0, 27,  0, 30,  0,  0,  0, 36,  0,  0,  0, 38,  0,  0,  0
6, 11026, 15,KE8EXM,    17.51, 6,  drogue,  -10.79,  83963.00, 1557.31, 1422.51,    4.27, 20.1, 1.70, 3.87, 3.88,   0.50,  -0.60,  -0.63,  43.24, -42.34,  11.00,   0.20,   0.13,   0.08,  17.48, 3.90, 0.00, 0.00, 0.00, 0.00, 1, 1,  8,  39.7271120, -83.7069597,  1659.0, 2026,  3, 28, 20,  4,  7,      181,     1339, 133,  82,   1.8,   1.0,   1.5,  0,  0,  0, 36, 27, 35,  0,  0, 31,  0, 33, 33,  0,  0,  0,  0, 28,  0, 27,  0, 30,  0,  0,  0, 36,  0,  0,  0, 38,  0,  0,  0
6, 11026, 15,KE8EXM,    17.61, 6,  drogue,   -9.81,  83981.00, 1555.57, 1420.76,    4.27, 20.1, 1.70, 3.87, 3.88,   0.46,  -0.66,  -0.49,  44.52, -40.57,   4.77,   0.19,   0.13,   0.10,  13.51, 3.90, 0.00, 0.00, 0.00, 0.00, 1, 1,  8,  39.7271120, -83.7069597,  1659.0, 2026,  3, 28, 20,  4,  7,      181,     1339, 133,  82,   1.8,   1.0,   1.5,  0,  0,  0, 36, 27, 35,  0,  0, 31,  0, 33, 33,  0,  0,  0,  0, 28,  0, 27,  0, 30,  0,  0,  0, 36,  0,  0,  0, 38,  0,  0,  0
