Wind Speed [mph],Wind Direction [deg],Air Temperature [K],Air Pressure [Pa],Launch Rod Angle [deg],Launch Rod Direction [deg],NASA Nose Cone|Mass [kg],NASA Nose Cone|Length [m],Bulkhead|Mass [kg],D-Link (Nose Cone)|Mass [kg],Nose Cone Shock Cord|Mass [kg],Ballast|Mass [kg],Ballast|Mass [kg],NASA Forward Body Tube|Mass [kg],NASA Forward Body Tube|Outer Diameter [m],NASA Forward Body Tube|Length [m],Forward Coupler|Mass [kg],Payload Aft Bulkhead|Mass [kg],D-Link (Forward Coupler)|Mass [kg],Forward Bulkhead|Mass [kg],Payload|Mass [kg],D-Link (Forward Body)|Mass [kg],NASA Middle Body Tube|Mass [kg],NASA Middle Body Tube|Outer Diameter [m],NASA Middle Body Tube|Length [m],Middle Coupler|Mass [kg],Foward Middle Bulkhead|Mass [kg],Aft Middle Bulkhead|Mass [kg],AV Bay|Mass [kg],D-Link (Forward Coupler)|Mass [kg],D-Link (Aft Coupler)|Mass [kg],Main Parachute|Mass [kg],Main Shock Cord|Mass [kg],Parachute Bag|Mass [kg],Pilot Parachute|Mass [kg],NASA Aft Body Tube|Mass [kg],NASA Aft Body Tube|Outer Diameter [m],NASA Aft Body Tube|Length [m],NASA Tapered Swept Fins|Mass [kg],D-Link (Motor Tube)|Mass [kg],Drogue Shock Cord|Mass [kg],Motor Tube|Mass [kg],NASA Motor Casing|Mass [kg],Centering Ring 1|Mass [kg],Centering Ring 2|Mass [kg],Centering Ring 3|Mass [kg],Drogue Parachute|Mass [kg],Ballast|Mass [kg],Ballast|Mass [kg]
0.0,19.561251537027818,295.6652630074474,101826.8917100815,9.620664280942412,180,1.3444942847807697,0.6099651859394922,0.09326633420582436,0.0324494578815961,0.3141281112930112,0.0,0.0,1.0197863435840964,0.1560165260729626,0.8341070041033479,0.37065647841196714,0.09119355546726865,0.03192772383725944,0.08116556925132884,2.502719050386998,0.03366752889541205,0.9593026673682418,0.15552233470688123,0.7997757317835029,0.3862956253257853,0.44160013852567687,0.4073294005300064,1.5007607589417316,0.030958385542709917,0.028228585819569673,1.4074527621122954,0.497449272555081,1.315151319395054,0.6652841306376175,1.3151892733298423,0.15538791062609275,1.1069221054525955,0.17578396081033476,0.03233191092737946,0.2357231229801122,0.1052977047075602,0.6332534791432066,0.06492068556936814,0.06911861237747623,0.0671446448531193,0.6087149412681052,0.0,0.0
0.0,87.96425084739354,286.6076537926063,101883.17123743768,9.803889959222484,180,1.3882796988893618,0.6045820151178041,0.0854482516458049,0.03370535265527799,0.3140105532166858,0.0,0.0,1.0118948691876903,0.15548580872501985,0.8424001059181243,0.370550738537784,0.09678367727348039,0.03117329970813226,0.0910588213513279,2.070661921744256,0.03209328262296875,1.0144869738770015,0.1556539033965724,0.8042973799862675,0.37480027226064355,0.5051364190313721,0.4765981798205161,1.2869727483609026,0.0332003322325499,0.0281416776408115,1.5088935815210012,0.4335716397036854,1.383576080690349,0.6379173140758664,1.4218387544855458,0.15550034489405837,1.1083519873838827,0.17664594536561554,0.03329552311788484,0.2332023277154059,0.11085889970477,0.6512731306114604,0.06861769857310582,0.06363997221679142,0.0726114215811897,0.6609974219543189,0.0,0.0
0.0,286.36116451375125,300.42862671228306,102125.26265675282,8.498188831544583,180,1.451711625846965,0.6060401136165419,0.09269223540960492,0.029991841650317607,0.3189403408088235,0.0,0.0,0.9990338332830778,0.15531511128031006,0.8363534093175586,0.36278126091618573,0.08583861943429644,0.031045182975772752,0.09200369910386184,2.2288331018354617,0.033258628115686216,0.960425068089204,0.15527596039799774,0.7973410882107711,0.33732054160677194,0.462752653966332,0.45683467923377336,1.1755582350790907,0.031017781150670543,0.032109679332581444,1.4650887982367642,0.4344379539553882,1.3149849616146385,0.6829948354205312,1.4258007529781467,0.15537786599431794,1.104828102890257,0.17243981360711785,0.030271435894672405,0.22285936154083497,0.10435669582825596,0.5948127035670137,0.06703115036402256,0.07137356465336624,0.06454167039031364,0.6809377146439661,0.0,0.0
0.0,196.14704249172968,286.5089098095138,101987.04289655061,7.5255128929550645,180,1.337326186322049,0.6090618910122328,0.09202148506910664,0.0312451835872646,0.2974069634824299,0.0,0.0,0.958082316041816,0.15507825169169037,0.8391210748899269,0.352379051447578,0.09468039113349425,0.0334436762410767,0.08789517737254168,2.3434829876143457,0.032113136816284596,1.0393438177922854,0.15571292056642705,0.8005576247152707,0.3946908644064977,0.4503112860469922,0.44332369528306503,1.489259532656334,0.032381485706063314,0.0334496186126951,1.5214798365523023,0.4340165818571215,1.353683430198836,0.6326137210454051,1.378798637465367,0.15554713595305328,1.1069396100851518,0.18457747378580078,0.031012899281486848,0.23176805885683355,0.10521184240377503,0.6119012758608148,0.06048710288579395,0.06606564561431623,0.06851280732876106,0.6105034944861228,0.0,0.0
0.0,333.83159114067,300.5866449538184,101824.09887748997,8.66980841311805,180,1.359658259491533,0.6105724896115791,0.08328484534315973,0.03032409285827708,0.3047583476505272,0.0,0.0,1.0279486425939954,0.1555995072960831,0.8375163478033592,0.368559586344689,0.08304582037735153,0.03055202347315182,0.08938970260167323,2.1508118008480444,0.030374724540746488,0.9440795036602202,0.1552738568491991,0.7979105884091777,0.3789007682058445,0.45609091352786324,0.47601103024060565,1.3664632692555032,0.03362053782712621,0.03212763711822286,1.606243868370794,0.474797430264699,1.4671668845025865,0.6553637748325738,1.3456257529808169,0.15555438202913868,1.1016642629202436,0.1918933904156651,0.03070653582321902,0.2304663307543703,0.11079222256740309,0.6479038797008345,0.07616902442130337,0.06732223175166309,0.06596595843401246,0.6442433630416069,0.0,0.0
0.0,234.9076077216532,283.033877297928,102078.7971901349,6.48996942493312,180,1.3685755087077993,0.6087581857546122,0.09033933200422738,0.02913161103338001,0.29708416118555847,0.0,0.0,0.9989724868070989,0.15535481228303036,0.8362210377030508,0.36668704893976994,0.09125533277417555,0.03163625030774949,0.09964739257115016,2.11914793204041,0.03240763672774903,1.0543039844993405,0.15549110974483057,0.7992687986073299,0.3385153052504617,0.43311022380334474,0.4686612210280609,1.2637911764319087,0.028478260912631215,0.03601147398573108,1.5072635888366686,0.46243725561121796,1.4591569522047174,0.6115043078711578,1.3215770183395712,0.1556830477714648,1.1039077307188425,0.18186281710329108,0.03230429674859637,0.2591134232834268,0.10842904166913052,0.5735095353816572,0.06330675463036195,0.06953856945213414,0.0645025731505908,0.6273238703332621,0.0,0.0
0.0,96.5651459674837,293.359471723674,101142.00386584898,8.576076738523467,180,1.3634372599075826,0.6050759536534309,0.0901988297593606,0.033549726570342914,0.30843970448551816,0.0,0.0,1.0591584837481542,0.15568931231906444,0.8334792333331161,0.36112531985201,0.08725899842046649,0.03278607294097085,0.09599523798873053,1.797620298617048,0.030365408878452963,0.9247830783839524,0.15544809414007887,0.7964880196988912,0.3470476129905433,0.4758943034724099,0.4611920025324807,1.2741690236945211,0.03154430173109663,0.03076957588062909,1.4340354177870187,0.42412369810893685,1.3088234270168957,0.611736368869382,1.2365358884075015,0.15538361528641786,1.1071080453426019,0.18904218748465446,0.030759048702217923,0.24585022154212488,0.10958830883568689,0.6348845773747761,0.06497071493625775,0.0712312429446365,0.06709683280283808,0.6396434031460372,0.0,0.0
0.0,350.03002233769814,296.622542813243,100454.54780180883,7.686482634201688,180,1.3717561235682372,0.6135511062324867,0.09509488837824136,0.0305683518021205,0.29031858469240973,0.0,0.0,1.022322388511678,0.15553481327313312,0.835145364600799,0.3606653611723169,0.08795840391381132,0.034033086680571596,0.09224705274372437,2.061167788189607,0.029666182414174146,1.0254345905938638,0.15567920739574073,0.8012521990981418,0.3608136842523905,0.4073217288210539,0.4700154051832829,1.0856557859057596,0.029665565617105278,0.031680447392881436,1.6171244770663973,0.4445162595651156,1.3639869240037448,0.5632669391302315,1.3638308002884014,0.15555140564683345,1.1021875412792745,0.17513177921059214,0.031150270742988498,0.24186998588798775,0.10895872498531516,0.6773275079273141,0.06703010921604852,0.06741465399161774,0.06833700251907884,0.644640508625459,0.0,0.0
0.0,239.876547872887,295.14143641939154,101756.25179023665,6.575600357939787,180,1.2925196298450923,0.6066927275858595,0.0870460865209727,0.02938448638795445,0.2995774424965846,0.0,0.0,0.9923560821484384,0.15565982894445562,0.834808495836901,0.37903749469773973,0.0913844186541287,0.0321536556531432,0.08294296898353112,2.1699943999160025,0.032899112279974545,1.0930837417796078,0.15526051968817733,0.8031066779537258,0.34895018112579446,0.4529115682268522,0.4690940679908037,1.4001947995735429,0.03155775331178222,0.031333632865388525,1.4851509494194155,0.4708167783008514,1.4787730836340438,0.6238032969541327,1.4629951673156214,0.15536222188419554,1.1068731097307947,0.20499925273927225,0.031827455718969104,0.22879719489660916,0.11231081272659782,0.5745612032391614,0.06727200689940856,0.06979266193960525,0.07179712614081285,0.6034015587936844,0.0,0.0
0.0,286.4684086945037,293.93536317131185,102067.80891544363,8.120659149542783,180,1.4885186210896555,0.6108576284158466,0.09351929029502608,0.029442206850038424,0.28773263945094113,0.0,0.0,0.9843626392972461,0.1558371903419056,0.8420032429202136,0.36453559840176597,0.08619972007474791,0.032252169477302174,0.08887438882682622,2.390935027579295,0.03225506496131842,1.0238032436695974,0.15528662073715166,0.7996432725617715,0.3723177385224206,0.45371178744180757,0.4883602339360954,1.3871099518565715,0.031289155451763306,0.032495620940795694,1.5921711559218157,0.45833382700863695,1.3899216481872956,0.663766221122514,1.3249601777657731,0.1551191026298954,1.1102671248765488,0.1790192555226416,0.03109871353414405,0.21689081205116625,0.1102056310889374,0.5985323535438218,0.07110038083511902,0.06364251592372984,0.06989036430625835,0.6009672432369844,0.0,0.0
0.0,171.92558375826715,289.4614709439384,101061.04720350615,9.44061081306835,180,1.3749415689694178,0.6115693503273865,0.09166330005595176,0.032306635154784456,0.3095853620619745,0.0,0.0,1.06144027806083,0.15506166570536345,0.8399509299417905,0.38407605897393243,0.08591510995479021,0.03130625154250452,0.08573615441638936,2.150497258240206,0.030660700092725472,0.9875662562338925,0.15522652082747834,0.7958791276414565,0.3646340708293941,0.44895923146496947,0.4927975344119295,0.9391938618811451,0.032362961941562296,0.0330540651568987,1.4679069043479123,0.4111089373952883,1.3092548848094625,0.6771297319092343,1.4120689255679626,0.15577929947114968,1.1082636587685863,0.1757980324833202,0.03195699070497518,0.2597545838492912,0.1153801632078695,0.6143912706478112,0.0686774664425462,0.07117056421473757,0.06328955736871304,0.6372145850663623,0.0,0.0
0.0,143.5535068299463,290.62944607944826,100924.90083633369,8.468281585804064,180,1.4418524445925411,0.6098408743657476,0.09118157244140619,0.030761509102333676,0.319418316843352,0.0,0.0,1.0523165217026402,0.15553403393383747,0.8344355274552185,0.3486074885187077,0.09155385684165179,0.02774613497411652,0.09182202054757552,2.1134555762523286,0.031204661497899053,0.9310642296355758,0.1554307902781112,0.7997108123245683,0.36869227806151056,0.4484879924479829,0.48428920615786464,1.1355587200441464,0.03328806515842795,0.03076144131047073,1.4953169674149678,0.454674393528094,1.301078553563216,0.6874017054656864,1.3501934479542315,0.1552381063217524,1.1051273123430385,0.19086773308142008,0.030130012009977225,0.24727549750972724,0.11018480077358296,0.6163593528054254,0.06832339414571786,0.06141326917147945,0.07011973104563007,0.6516694912304042,0.0,0.0
0.0,49.4164634135578,296.57261521096336,101236.80750563183,7.109395687602433,180,1.2426323138921047,0.6082392122893753,0.08123295578671663,0.031620389548964414,0.33253834241769575,0.0,0.0,1.036364269188575,0.15516121372096237,0.8365682563468544,0.3750021901634412,0.0926935812380546,0.032566360041064,0.09199206303192779,2.2370121303059745,0.031079670342193985,0.9554956053288512,0.15555895329167055,0.8013272654230261,0.351954032380335,0.5140075455629032,0.45434030800268144,1.229301470821102,0.0338456363252228,0.03398769723167681,1.4194560410575143,0.4622189109530146,1.4238395732394853,0.6013422737950676,1.3251313183310849,0.1557561113961551,1.103754455678244,0.19134314892643892,0.03238228609615517,0.24586919287499945,0.10493712220372908,0.5915100871928081,0.06595589091409537,0.062372929855474296,0.06563806278229699,0.5880468727830023,0.0,0.0
0.0,229.66099892144814,292.4346580412944,101455.67564129329,8.320703838966741,180,1.3026777671273877,0.6111794861551014,0.0888838731918957,0.032585531210461094,0.2969423219581002,0.0,0.0,1.0801515305388396,0.15541453014249773,0.8363910819540696,0.36579123764252924,0.08954544097813881,0.03166205540743382,0.08658802734947099,2.1669404083441797,0.03253985113655884,0.995716268249498,0.15600097317014663,0.8000419097037822,0.3951696440692819,0.4492937661928613,0.4591032703264495,1.2330459732336772,0.029858974552926444,0.034310586654640436,1.6380674383515672,0.4487320098101616,1.3235418160688956,0.6254862574073727,1.1879275645594787,0.1554967792926228,1.1026052634724985,0.17466854905954815,0.03378874439303008,0.23721318163595737,0.1037242607049879,0.6379865284735364,0.07016445888076588,0.06340199596588802,0.064250934956436,0.6362409240013861,0.0,0.0
0.0,260.49813946027473,284.64613563595657,101436.74503981753,7.3376908825592695,180,1.2240399554998043,0.6044462045844048,0.07927405212152686,0.03073510500839912,0.3121860691278855,0.0,0.0,1.081347363962923,0.15578256971603882,0.8393302592773745,0.3500769017753158,0.08752680571138437,0.031344616958050235,0.08799938738201744,2.1418978944109623,0.03250467711758337,1.0225841802922477,0.15561554183203555,0.7970171730145558,0.3821505719809883,0.465358398824772,0.49976957226635293,1.411637031421778,0.03165038200533159,0.030245630344603657,1.5992241417388637,0.42772208368668746,1.3176638036999957,0.6379486869172359,1.3962712310910557,0.15543891465422233,1.1036354139680444,0.17784739145535455,0.033692405233465575,0.21181304794725508,0.10417143162296362,0.6095725234285998,0.06550412511564035,0.06856319484807047,0.06715862943897581,0.6326742492501028,0.0,0.0
0.0,300.40218208345743,301.7633722887333,101846.3983205618,6.95375264038301,180,1.3188237265922436,0.6078462915866745,0.08390702836007956,0.03330930081050375,0.29649323663734883,0.0,0.0,0.9942807589466166,0.155917469179348,0.8309879244388837,0.368105187289555,0.09514134295473022,0.033265188830469306,0.0892978311474622,2.39033809820825,0.0326624168009336,0.888211739492095,0.15543655595389247,0.7964699171951423,0.34630340458119285,0.4495507047173171,0.46684435528572127,1.3127146237189737,0.03057519733737427,0.03242983565592664,1.650537780709536,0.44130078752527035,1.381083297983363,0.669021434023062,1.361946660556738,0.1558512845305123,1.1090524640053727,0.17163928465602066,0.03086825880911057,0.2335184085749332,0.11424508341255586,0.663658250425828,0.06588375942474908,0.062063854853737783,0.07495302100099285,0.5808175631294613,0.0,0.0
0.0,147.42427427875856,301.5350888840626,101620.81812546741,8.12049504835065,180,1.3354289223376952,0.6070150022073687,0.09155270420202971,0.03191607654603456,0.28349049488922334,0.0,0.0,0.9444063710569223,0.1557795097318552,0.8356317565604653,0.36803578891253524,0.09715508752410927,0.03129219267594553,0.0922371325896119,1.8748356564986215,0.03173493035482013,1.0262032724972279,0.1553565229456559,0.7982572368887164,0.38746070694459556,0.45797633592723336,0.48159027538708443,1.6435306510209124,0.030383266838556224,0.03159599180450522,1.4858150284526148,0.45321748671893297,1.3669680331448173,0.6830143593555161,1.4506548343177565,0.15530449693943083,1.1044209497900697,0.18755021834003646,0.0335555551667503,0.22198534784552776,0.11436154685916095,0.6247102592510961,0.0643614134109032,0.06924834713956991,0.06619639102742841,0.5891066381819131,0.0,0.0
0.0,193.1845655442103,301.70269493388565,102234.2741707028,7.152760012638967,180,1.432941718246431,0.6088292964734852,0.08661235938812516,0.03095642792250712,0.31349259352719716,0.0,0.0,1.0160638746179338,0.15547463121804625,0.8349638302330273,0.3380957912163524,0.07955020583030806,0.032767117228656675,0.09017834310066435,2.263658937816014,0.028665517536363753,1.000562953255076,0.15587718185357297,0.7969923458931336,0.376889702807885,0.4655592365489045,0.4788374373014978,1.3462827023553068,0.027529334228025483,0.03141021031488079,1.6649095864219652,0.4374290690516635,1.4314896964573167,0.6449805765185246,1.3622665943307588,0.15597541049744512,1.10999747921377,0.18600241901157213,0.030623056117348862,0.24546127521187291,0.10753106009779435,0.6380605643619173,0.06412698869885523,0.06564178934324966,0.06357178208426263,0.6209929148581358,0.0,0.0
0.0,185.42129164066174,291.1322314134209,101366.76864346005,6.513838317249049,180,1.2946473362397262,0.6101732712068857,0.09327702092560917,0.031179632976991063,0.3006888938566281,0.0,0.0,1.0506333077528562,0.15548788529793686,0.8353441711871649,0.3640864909818415,0.09742663862823643,0.030372539363461164,0.08931154473388789,2.4179553661348328,0.03274141001420005,0.9130902506280575,0.1553775917028815,0.8002428857259519,0.3658988078679269,0.4434324237900475,0.4563393302925755,1.547970809668067,0.02968295422761606,0.031138605097883864,1.599328132609682,0.4258918229958917,1.2804934663211602,0.6527236276323393,1.3909671778699515,0.1557037640403601,1.107888220684326,0.1649258055099215,0.033525532305815765,0.22462456697919714,0.11001287406757558,0.6370126408963069,0.06866286995797354,0.06670500756715227,0.0679306514582621,0.6380360452767735,0.0,0.0
0.0,215.33277612439488,291.07076346802154,101335.94145095951,5.324608988092699,180,1.2893543744816738,0.6112722671690772,0.08639665023812863,0.03195173066223561,0.3129207354827459,0.0,0.0,1.013823867142346,0.15532487353699978,0.8386032787423676,0.35046271366820614,0.09311432095085789,0.03306746832029714,0.08692423692557655,2.137371230516234,0.03253814556268717,0.95994775453638,0.155538230712249,0.8024226716367127,0.3399730243216042,0.4586396220951711,0.45341726730302556,1.4669329812121361,0.033154804365109154,0.030431843525180333,1.4947012976924652,0.4124043364750706,1.3004946645917628,0.6634057685694982,1.4349343086016138,0.1551454832532637,1.1042834626275693,0.1833732471695797,0.03220939686086336,0.22477836086833042,0.10983168552239872,0.593456587364191,0.06209678324594796,0.0720022661012864,0.06814985357051148,0.6396759919530028,0.0,0.0
0.0,145.01171347846747,295.22453783455114,100824.08966689998,9.720129022999332,180,1.3782251350591828,0.6073656178173511,0.08291595573427561,0.031093510939274566,0.31910998502235743,0.0,0.0,1.0227578757124698,0.15527898230496967,0.8374812138681204,0.349463579739512,0.08631040612919492,0.029819410931523592,0.08719334466387041,2.137276198649949,0.03204776613633976,0.9853154567690383,0.15527840940746374,0.8008586694180513,0.37058228647207614,0.4466953469033718,0.45337337677235207,1.5982181862433305,0.028223240379540916,0.03010720248069261,1.4962970924195598,0.44856433493469905,1.453038333728084,0.6041489915232956,1.3302340845210345,0.1553715527153287,1.1061585363719333,0.18530299843911327,0.03040404679593003,0.23543466201434474,0.113097547068307,0.6615968429861523,0.06861098541575111,0.06429060072314226,0.07407385382983923,0.6061312716611351,0.0,0.0
0.0,222.7987797526849,297.73580597461813,101497.29115386374,7.221960179757397,180,1.3493662529651183,0.6061960421387957,0.08732158611579467,0.030060455998261938,0.28205443260896135,0.0,0.0,1.0066095163239328,0.15524831227157118,0.8364021873246094,0.3894390446021758,0.09237247847372823,0.033757574931448917,0.08071075023332111,2.6637421511534516,0.03318403281527403,0.9588195790498381,0.15501753849290192,0.8019082325885313,0.3568791416368606,0.48611637089093934,0.466795390146421,1.1932118132552272,0.033513968916222735,0.03295787652122119,1.5952291487462638,0.4340197925980803,1.3105220441655105,0.5986348595719903,1.3471983189825045,0.15544972428335493,1.10932095377066,0.17653283638513523,0.0306609047257974,0.23039023152864524,0.11605500262276616,0.632149799462398,0.06472389117470252,0.06742621170703154,0.07308787390904041,0.6215446251669355,0.0,0.0
0.0,19.80682037767629,286.62852759431513,101517.17013649075,6.854793709346574,180,1.3842950598001487,0.6077876026395601,0.09481241176556478,0.031410660190975756,0.30812375361955974,0.0,0.0,1.0549196790418551,0.15518701673880808,0.838431588934157,0.37646126808535263,0.08923490499207816,0.031690857267245964,0.09157511289848974,2.035135905668775,0.030526874242834158,0.8654282333364778,0.15545150240708377,0.7983703485100475,0.3869756241526472,0.4727664670907921,0.457306230198677,1.6258529741543941,0.03209528465411638,0.03246294040992787,1.5482284720599095,0.4639401234695431,1.3897267498038908,0.6276779272680374,1.3209508938302987,0.15531733724952104,1.1069851622967402,0.17336270112340202,0.030739500825246957,0.2614963540322872,0.09852746401127073,0.5630570682074609,0.07234378981829633,0.07276223551234046,0.06443041744434358,0.6704211023637691,0.0,0.0
0.0,17.869774798651115,285.4964383564994,102068.38630442438,7.088854412670045,180,1.2893425252175157,0.6044254150846259,0.08846450304024503,0.033828346620508355,0.31583527994908656,0.0,0.0,1.1012698674881682,0.15557594669506725,0.8401608481518914,0.3855926962914495,0.08477158141899473,0.035486202551605235,0.08018369192702925,2.508123371609421,0.03364330530682051,0.9598978878946575,0.15587348098375226,0.7962145584700919,0.35071318170785004,0.45044640132623076,0.4609197486292676,1.2700205666550775,0.031125567595284023,0.03354088595050873,1.4255718440284182,0.41197995543322563,1.3603460510748113,0.6379419844414155,1.3236498674150137,0.15573786049166813,1.1038261379084113,0.17148562787158406,0.03591779022086748,0.24114913251436673,0.10988434033595096,0.6436193295608432,0.06684722589339884,0.06867868565264486,0.06581155017723025,0.654393050859458,0.0,0.0
0.0,39.74884144575356,291.32694693503043,101056.26315507025,7.350181165906429,180,1.3295688700663428,0.6084805033456849,0.09116400325614521,0.030979881398959318,0.3217317667055941,0.0,0.0,1.11030630214084,0.15533914891618755,0.8320568592405317,0.3735043923160026,0.0945178077447387,0.03452996443534884,0.0920736563668762,1.969322019084616,0.03395889670581194,0.9817997314339526,0.15529583873569675,0.799505217826116,0.36481440870145965,0.4764369002824009,0.4613982155867837,1.3595658660304064,0.029667729934810042,0.02978662678852078,1.496417713035123,0.4700709581531838,1.3956315613920962,0.6626858630001738,1.5013783171859159,0.1558031485762641,1.0998684111749548,0.1833363404431284,0.028155618886705886,0.24460869032314916,0.11229146287535179,0.6109714993830507,0.06894523522426634,0.07458122882186506,0.06797114880586964,0.6280324383161282,0.0,0.0
0.0,19.539518453249038,301.81511109152,100816.91600379866,7.0770804281090784,180,1.5073698073955908,0.6128270783626871,0.09017661061739851,0.027622618916471085,0.3164997220728787,0.0,0.0,1.0431514576607968,0.1552522177209001,0.8384236106677502,0.37259866571451605,0.08681707402783274,0.030694609117819044,0.08925343311323383,2.383199951510389,0.033992728702837635,0.9890550561029958,0.15526646674307074,0.8027873945631976,0.36127843532784426,0.46656321287442576,0.47625539501413683,1.5285423884071245,0.029563886251483786,0.031162359232003528,1.4803725503276322,0.46937867184360765,1.285831134940045,0.6534756782807468,1.4001075313205662,0.15572257922072696,1.106650646766115,0.15876877543793086,0.033837242814176646,0.24564346941398407,0.11091337148999904,0.6632165073268941,0.06542972229367491,0.05882230819414221,0.06696048406454233,0.5901305954978331,0.0,0.0
0.0,29.738218294658566,292.59387941412984,102073.80492876588,6.578681011087248,180,1.4214712229261592,0.6080099518268397,0.09367490691640531,0.030324872454808628,0.30643923079202884,0.0,0.0,0.9676250823345849,0.15533778413797092,0.8388612750375425,0.34915735941452564,0.0855733220698162,0.03452504688293004,0.08905043123152068,2.547476424402402,0.03244737532546442,0.9878965742768674,0.15546085576795735,0.7980565973622397,0.38574275264074276,0.44731062323425713,0.48915225465930756,1.2600499549761117,0.03144801736868428,0.029594269357042405,1.654371267145894,0.44490223778984217,1.3652933865876276,0.5885394157226654,1.270594867579112,0.1557334358460729,1.1040795513062396,0.17362578152479533,0.027748163328783163,0.2505491270812564,0.1144244361276117,0.6421699082753567,0.06636312965248506,0.0698809139218641,0.06847965213327895,0.6155460896916211,0.0,0.0
0.0,145.84347328953805,285.2725907061145,101357.12323048445,5.508492218849021,180,1.2567135085021885,0.6129733644761328,0.08546930110075794,0.03287852794664995,0.347042247100472,0.0,0.0,1.0546941231877272,0.15511543360904306,0.8376221437973939,0.3817400000900591,0.08330822894295938,0.030613287296723093,0.08635468315155373,2.1770529699491212,0.03587180114688525,0.9541341974201506,0.15535712805305227,0.7996066988693084,0.3562154770437223,0.49999939721820896,0.4725826196711629,1.3420912830033245,0.03297854970536817,0.029993100963317084,1.4149334035439503,0.4687231740307195,1.348143450154159,0.5888694209447917,1.2979794012499717,0.1557936496393886,1.1010522401477627,0.1804553305995726,0.03170161172384467,0.241422347854269,0.10608420240012492,0.5765488569697785,0.06541317855122791,0.06056157373446766,0.06960999940537917,0.632342046976568,0.0,0.0
0.0,121.90979696674944,294.8040779985307,100259.8494466717,7.004688387946456,180,1.3291856540326086,0.608495907396232,0.09240723896264964,0.03400344360235073,0.2938387832504306,0.0,0.0,0.9175657518644295,0.15547463456566196,0.8365412016772464,0.35770608771315504,0.0942271574900836,0.02719292207635727,0.08987340141938724,1.887498237896233,0.03160359763765738,0.9294942849397301,0.15540906920256795,0.8012066519952987,0.33753370246400205,0.4847253195689418,0.4839979725111156,1.269511673725272,0.030824372421247238,0.029897749735218415,1.5581585263483877,0.46305223424859027,1.382103998458195,0.5710312799228615,1.4675748775934305,0.15503233231592903,1.1022420012859082,0.16957829162265553,0.03281797300737219,0.23031338367190377,0.11040910649653404,0.5895683103589496,0.0622126441485428,0.06496072556308842,0.06703844070179672,0.5668663067976979,0.0,0.0
0.0,230.99134453859105,289.9539478857157,101289.7457449544,9.015302068974913,180,1.3262685297063017,0.6122302496732832,0.09455052824108062,0.03152272097795175,0.2994854089411893,0.0,0.0,1.0442299270218032,0.15548268932186898,0.8380944808291126,0.4028134594490124,0.09527629277937039,0.029859646401843562,0.08667036846427763,1.9849925027302424,0.03121416212296017,0.9756598173128481,0.15534687014323315,0.7992692670079552,0.3305359450270701,0.48185142985907675,0.45064439054640804,1.4097091125341181,0.03175964033335318,0.032521915916724896,1.6225302556338093,0.45291546573349295,1.3793046086868084,0.6137262345330932,1.4350360978082162,0.15580597636288587,1.1075465978367283,0.17067671994682113,0.03528089271240551,0.24128868354600372,0.11172202726541303,0.6073406301759156,0.06676836425459494,0.06592988555983384,0.06870093975683343,0.6039404802202053,0.0,0.0
0.0,219.38011063555456,291.50317832850783,101249.22399526072,8.194468355271574,180,1.3923697692049373,0.6113028934698481,0.08293159154703379,0.031087461771778117,0.33526928635010456,0.0,0.0,0.9572663333810425,0.15584114319412276,0.8340018152178033,0.3690183101332852,0.09479488650961063,0.03143674622716517,0.09048800305879742,1.6730792804011756,0.030790495343323,0.9807440483172909,0.1558177981822974,0.7989102358678567,0.3772274200355878,0.43152664550848907,0.4601695606134906,1.346595794608525,0.03125810007605541,0.03321616099747306,1.6184544865150665,0.4744646250195906,1.2421263522959554,0.6700361925061646,1.1905084446998924,0.15608624846096525,1.1066756663683484,0.17303744201314394,0.029978934308427005,0.2452097203700366,0.11441663522445879,0.60945942071426,0.06576739709823932,0.06999590095269569,0.07012461098049304,0.6894637855979201,0.0,0.0
0.0,300.99830296012385,299.37327196475866,101772.0029576195,6.128716269746996,180,1.3865047692529815,0.6075308428726146,0.0945947809646637,0.02872205794680999,0.33716511805825533,0.0,0.0,0.9557538441733973,0.15575601815154963,0.8411093937727789,0.3644058112141953,0.0942707779186896,0.03324809261912869,0.09153429468971577,1.8700659056779647,0.034964375166236246,0.9554365893180201,0.15546355692944758,0.7995948075727466,0.35094928706379913,0.46844691247063014,0.4736477704403993,1.042787479760167,0.03327059870923,0.031999335044682026,1.486090559313788,0.49646672287192,1.2803875692292779,0.6438674102238617,1.2115288983833474,0.15526813972479356,1.1057165076851005,0.1825319544085127,0.029444112377907734,0.22754798424644776,0.11180915416552288,0.6187429218477553,0.07113085984778804,0.06736122135332202,0.06956827022049455,0.6807503418471955,0.0,0.0
0.0,196.7130770876069,296.46533789472414,100895.93026540095,7.455302902896989,180,1.4563327957746097,0.6111981447341912,0.08782620896388266,0.03379738071196773,0.3187932811913421,0.0,0.0,1.0842714435042609,0.15526978265734376,0.8390230375757142,0.3589064170650427,0.09079223164849105,0.0316469286239326,0.09089103472819163,2.1809301486547588,0.03005104571803323,1.0360809669707134,0.15551244519420337,0.802396380656254,0.3897182467077883,0.4548302745306631,0.4752182523259009,1.3389712634296445,0.0293833606067394,0.0331630274475327,1.4055587361144235,0.4502016915419383,1.257190483503502,0.6012396056886521,1.4479150793652413,0.1553793095280612,1.105757868272259,0.16755037888098942,0.03371066978978023,0.24031418488467765,0.11364041265388937,0.6800720206291482,0.06717569872777618,0.07208833138485782,0.07282617968647623,0.5860791606690974,0.0,0.0
0.0,254.9642624855521,286.44042014644214,101328.93679304917,6.492406160006149,180,1.3310373178763804,0.6082171914632195,0.09067730051265106,0.03185328471002507,0.3217877961725521,0.0,0.0,1.053958011238851,0.15527260816771724,0.8393086551978379,0.3893449943824997,0.08293268705382857,0.03439819465407812,0.08659353909894553,2.101081721443794,0.032819655013435575,0.9962071423641724,0.1555457015471953,0.8009820626410489,0.3777413085184791,0.4892405425559304,0.4861516751591197,1.0889787034977187,0.028830223630041348,0.033868538415300485,1.6303278393452358,0.4581844256635859,1.3692212255925962,0.5724854462375507,1.329840489206787,0.1557178961203012,1.1000906590298722,0.1809579861041969,0.027735537950316615,0.24093041894626288,0.11008898558318145,0.6772563438575092,0.06861039654911767,0.07114184931161971,0.07198728342527615,0.6456373954859096,0.0,0.0
0.0,263.7314486389632,286.3675837797037,101534.28860814491,7.934659101860606,180,1.357322377262553,0.6044094839419607,0.09288636343617176,0.0351354631482939,0.3277552842793115,0.0,0.0,0.998913531898601,0.15560638010055486,0.8403828658045576,0.37974066095725617,0.08231390838265545,0.033723793475330055,0.1016650800982278,1.9910034842066895,0.03313901073643084,0.9971861657385197,0.1554923113587375,0.8011072749183177,0.37484698947338385,0.5006450617478985,0.46347745844131033,1.4734672688220423,0.028915245513075723,0.03327300878506116,1.5208268688670337,0.45254748703346426,1.5239032967638828,0.5945707876873698,1.376551913314479,0.15511121453807683,1.105317857215829,0.19189646654217565,0.032803221674524756,0.22908991325303268,0.10467733951225801,0.610573734818626,0.0661385096155965,0.07033845235795516,0.0665902779184036,0.6166139930396488,0.0,0.0
0.0,315.5577547299934,295.84924105985624,100909.63744491454,6.889599427810102,180,1.357216802874619,0.6093459745619781,0.09464651754720256,0.03336430891519069,0.3171332091864008,0.0,0.0,1.1012499794788813,0.15541937162156041,0.8345181557542588,0.35073253944156835,0.09151816987911772,0.032179168539973366,0.09183078513163077,2.346410964766855,0.03172503702796022,1.0629868491858638,0.15534757775548408,0.7988785145029758,0.3706956256315872,0.4584378630233807,0.45199105620365787,1.529504402568722,0.03331611318901816,0.031020232937157506,1.4735943740163775,0.47697544323674285,1.359321072267208,0.6602951638412301,1.3700533931326824,0.15531251003589797,1.1016103118421725,0.17421191227987062,0.03315781810363536,0.22856752699346689,0.10823033822832391,0.6899117896504293,0.06894492918314782,0.07058363258073005,0.06628577306344334,0.5830807915423379,0.0,0.0
0.0,337.2223680558482,298.9754302133042,100507.39392659336,7.208288374124786,180,1.2869705960344717,0.6053066856008853,0.09180059248692207,0.032151894145376426,0.2947033854219466,0.0,0.0,1.0077902725065064,0.15526969370947732,0.837057829973832,0.41577486279519693,0.09507313129797637,0.03151595198822644,0.08331321115255322,2.0921495550618876,0.03395924798093243,1.0018757645583383,0.15545806428602923,0.7981992163832786,0.36581772927506856,0.5129534653350727,0.44720529712194756,1.2897815316656693,0.0308884047479233,0.03316593144649354,1.425900475753045,0.4616794492395258,1.4913065822381564,0.5980155966673005,1.2638457403885723,0.15550605173615428,1.1040285083702681,0.17731532400024547,0.03262718105009169,0.2562432234333666,0.10891536324152798,0.6610032041089859,0.06821969795005806,0.07203959044922119,0.06236784535160595,0.6108966921411169,0.0,0.0
0.0,70.93782204146615,299.12374947237765,101091.23925344288,5.235386686864823,180,1.2578771434881242,0.6073773546240312,0.09415507823155732,0.03133431766315711,0.3120766025117337,0.0,0.0,1.029074143003127,0.15503647569857465,0.8397992044677551,0.39461042114055483,0.09137571707556225,0.032215739725675895,0.08778624479518911,2.0530547724402997,0.032071345335592145,1.0349167263886483,0.15533230176193566,0.7961231710996263,0.39067918144679853,0.4757866192778228,0.44445364426190515,1.432874710048951,0.02936888351510518,0.03290967494710048,1.4895554380123281,0.46443167066068425,1.3980548480699395,0.5850019899123505,1.3083453286220093,0.15612505900816234,1.1033674202011015,0.19510370088982895,0.0315886951510192,0.23204572013097743,0.11456644532054343,0.5734555902798218,0.06448230637832039,0.07190621291628628,0.0632643278357614,0.6382670083008491,0.0,0.0
0.0,4.538504051072514,291.57892661106314,102247.63250775752,6.0828413229198866,180,1.3648666981762214,0.6098950865902646,0.09547469631572131,0.03279041274517994,0.34187317940325185,0.0,0.0,1.041284685238358,0.15540368611260494,0.8438207668976218,0.3359282028122457,0.08708207618404427,0.0318728117152217,0.08832524062100772,2.890261302100866,0.0329225053426816,1.039151406707434,0.15565594139127684,0.8011965150776716,0.36033698138538317,0.4981368084076935,0.4846417660367646,1.230886344739879,0.03272839315257023,0.03106833837094531,1.5710947999864224,0.4319332806260955,1.2913668832330425,0.6684585461302279,1.3482950155101008,0.15549452258748098,1.1091428138354276,0.17298721910701204,0.028727828295017785,0.22942063442915236,0.10911237828210892,0.5872476624529753,0.06606725600225266,0.06523537148321902,0.07169062616359215,0.6403217123551675,0.0,0.0
0.0,52.539537000931674,294.3284567566947,100855.42433278418,5.177573614265889,180,1.291593290029315,0.6090567751453541,0.08620059211178789,0.03205642349493349,0.3279116618304196,0.0,0.0,0.985893908446574,0.1552719136414326,0.8360358022686011,0.3677485881490417,0.10368175605167805,0.029631907977234067,0.08965888466645063,2.425612544100841,0.03101273024006818,0.9628145014125795,0.15526925315509899,0.7939179347717503,0.37441505238394035,0.47782848810379525,0.4493948256520773,1.3211961973620183,0.030645103101186337,0.03278623228074282,1.5248341898994267,0.4172045257644744,1.4431211007045788,0.6174843119288892,1.2333851069294615,0.1550438017560662,1.1009184930469877,0.17723848892937707,0.030916786819426972,0.23723648123095561,0.11499315112084342,0.6183004572560346,0.06581993507368193,0.06370069885910004,0.07488469335921624,0.6078030443234667,0.0,0.0
0.0,56.684531342131656,301.04782059880523,102356.56061759852,5.94459226856857,180,1.333574887880251,0.6094373041276301,0.0869505030984882,0.03132583426062093,0.31110376590348704,0.0,0.0,1.0314056794287871,0.1555632506105266,0.8372546344134288,0.35330510564478956,0.10209169643930631,0.0333558871738254,0.08542634718628979,1.9075072617721993,0.033464426154917154,1.0566062467469872,0.15562326834467416,0.7964997618983971,0.36142945674509175,0.4448181086261442,0.4768912421766047,1.4102701537103706,0.03158081676046768,0.03368003360565163,1.6384918321866284,0.4246638728784279,1.310695048200665,0.6442556413922289,1.3440703678362553,0.15555617777812825,1.1086022421466875,0.18281505395178352,0.03216337005100735,0.25180793566739257,0.0974415571595532,0.5465535399104184,0.06183264605813287,0.06397435223797313,0.06563957123667805,0.6135301320332432,0.0,0.0
0.0,330.35326301725894,287.4871666888628,100497.0576535289,7.29132853033817,180,1.3324257686112362,0.6103495665229294,0.07948195788407236,0.031697107357445777,0.3310495030124881,0.0,0.0,1.0699470409931133,0.15510986562159768,0.8389545599051175,0.3665422326988608,0.08373174372562757,0.03210330419370694,0.09174020377715969,2.276837454634465,0.032549168993234026,0.9045911822699835,0.15580907265283633,0.8046228448202483,0.35405498774460564,0.48962138439396413,0.5030096662712675,1.354597868287257,0.03269385789427232,0.029784823418644364,1.7095116080400572,0.4036807798951004,1.3954403705488516,0.5661189255165909,1.3122500424214472,0.1557570018457807,1.1032283330117094,0.18002838193587284,0.03154022345538463,0.2472215284181761,0.1030253107950945,0.5924538415640791,0.0694859914217748,0.06970712139442534,0.06974124912198355,0.6655815801100203,0.0,0.0
0.0,61.539475166225046,297.2007386877432,100881.6943405635,5.5209657885301135,180,1.2738644826414653,0.6108410872724881,0.08244689052493129,0.02948426025367244,0.27706191905541444,0.0,0.0,1.0341135442501885,0.15541808091605921,0.8326995012750463,0.3872948924965588,0.0848074072576591,0.0307572185490126,0.0899068357718235,2.724195987870189,0.030074212295594573,0.9912576253931908,0.15558658927631994,0.800949915796983,0.3399441032507962,0.4877887101502852,0.4782872956158538,1.4745086993493293,0.03092468178113538,0.031146388108243397,1.5239595465335138,0.47087487563677205,1.41427667723781,0.6277435717843387,1.3780571825381154,0.15527421878865894,1.1083381479231689,0.17767380069946723,0.030196726864197818,0.22303726901533416,0.10906716688880046,0.6697750728329075,0.06483849152614549,0.07365197916615338,0.06845631813575516,0.6773839243313868,0.0,0.0
0.0,144.2102743264987,287.04996748956694,101031.94566265064,8.580599757425148,180,1.4261728863521173,0.6150413527416562,0.09594874862965985,0.030962713674699115,0.35499505778057766,0.0,0.0,0.9407940900121408,0.15514712070125466,0.8409745365123504,0.37335092132292413,0.08938049546920218,0.03133677203469691,0.0893948537171603,2.3371964486304426,0.03128133836693285,0.9734641343642185,0.15540211515305746,0.8007494781880117,0.3636181552130166,0.45819507072704174,0.4661752029223085,1.4610743422251544,0.03036110585005521,0.029497375367797805,1.500574335406316,0.41279224280364907,1.3870309267526952,0.6153270333256694,1.3147580414362459,0.15576235791538337,1.1030833929261066,0.18366119341627973,0.030379173269710506,0.2591078364018331,0.1011295344075544,0.6171132455205096,0.06770794080151328,0.06782031649384347,0.07267141744944418,0.6388909280447538,0.0,0.0
0.0,82.63924180193438,298.36507809685827,101459.68176705057,9.629041776048037,180,1.3170003007113502,0.6096736461710353,0.09253092316109005,0.031706958542524595,0.27921379274947494,0.0,0.0,0.96469690137998,0.15531250997584806,0.8411635223992215,0.33328139813932434,0.08110835456844143,0.029285656025028375,0.0900001144220116,2.519519305838552,0.030397856456337975,0.9352748978423324,0.1555148718823465,0.8034677209161677,0.3532835134005065,0.4582488497146538,0.47619211349343105,1.2945367141726722,0.03197772145849609,0.03218172651642513,1.4391090898403809,0.5056551865030099,1.4507395146607973,0.6841165566300811,1.3993816147209122,0.15554451657596635,1.1085669479593108,0.18612679021552603,0.03256807183911346,0.2592698571840341,0.10714275409216467,0.6042847247237505,0.06579450894018907,0.07538716680821553,0.06845619186593312,0.6637286141350562,0.0,0.0
0.0,319.98957089424823,297.5052584270034,101873.79648952681,5.129295250578949,180,1.3182520841025878,0.6087336629992514,0.08206694435596125,0.031174449830731345,0.2941237923583147,0.0,0.0,0.9982828490424271,0.15548500017978223,0.8319146552513546,0.3729093018880645,0.09391061845523553,0.030544223428936885,0.09472003176354651,2.5216279587168433,0.034669572797548336,1.0637432315545339,0.15537531954212677,0.798929518140432,0.3470796872021929,0.48559753464592487,0.49051250724434825,1.4248570277892139,0.030577641463429218,0.03247704700588219,1.5502869210891896,0.4257210325210706,1.3812803429297276,0.6094124095032247,1.3296495140496483,0.15506364563435088,1.1025266864083079,0.17872861046710375,0.031044156912165537,0.2493875221954282,0.10759605627672315,0.641069429822384,0.06485816880630024,0.06522975822778321,0.0730566586927326,0.6210284663537495,0.0,0.0
0.0,73.14507800209812,284.30958706770735,101082.83259299185,6.71939538432552,180,1.3249524528249,0.6079681173080259,0.09375606837016007,0.03152773724026091,0.29692866744277563,0.0,0.0,1.0499200486494868,0.15553985808979712,0.8385917905735576,0.35339017587040533,0.08239332482495877,0.029815758986376818,0.09037726004673712,2.4129620135152487,0.03421776142715542,0.9163463088585161,0.15562720719451217,0.8014897033495119,0.37496973601876854,0.48820170483706643,0.48019763755368805,1.2373019844337467,0.03002111879838374,0.03251640775402845,1.4800306607101776,0.45220258234443445,1.3307463606363914,0.6483219937919125,1.3285469872472266,0.1550956398131217,1.1065988710496548,0.18018745391250282,0.03439932085602289,0.2263806549197707,0.10425712712263151,0.6524474242241054,0.06714463525091996,0.06612361643416893,0.06574507563871126,0.5976053455016281,0.0,0.0
0.0,17.415115746187976,294.5467697908554,102190.17690797246,7.664876583106482,180,1.3559061228198006,0.6089304868855105,0.09298654390581294,0.029360027330239576,0.3094763506655829,0.0,0.0,1.1321987339144115,0.1556317513077987,0.8381224345216409,0.3364863915964734,0.08630303029402815,0.03250246601938567,0.08552513889525915,2.291430271951735,0.03236118488095031,1.0429835377215149,0.15538802658341772,0.7994880107684247,0.3589275020977916,0.48836716810647274,0.4802006382551208,1.625496819898389,0.030232979242884594,0.032403047959181364,1.4954238932228883,0.4432187462180331,1.37947582692068,0.647103937107814,1.37228658973554,0.15509525504098987,1.1060669992655734,0.18448597008869386,0.032314510574962096,0.23211762006176342,0.10457657089116672,0.6587089429203485,0.0662605157185952,0.0731855890534919,0.06840284205260977,0.6238584401463666,0.0,0.0
0.0,297.96367840791305,283.04090103260006,102045.38835349261,5.954799066234296,180,1.3821634139009684,0.6100869220116684,0.08555234881236731,0.033544102280319635,0.3079597518365907,0.0,0.0,0.9860647120638364,0.15534968775094557,0.8365238462879434,0.3592540825784446,0.09412362034875624,0.03481144685671149,0.08558530552680246,2.1440296600344335,0.032578811800120254,1.0145258870333633,0.15551219922101875,0.8010821503533517,0.3542684260926986,0.4599727986431793,0.436223044630278,1.464555127250791,0.03376507869853614,0.03193651761129182,1.52245520971273,0.4970797333106871,1.3979687632652864,0.5975015266399554,1.4013562260085137,0.1555096261438501,1.1106684251931007,0.17664572560703473,0.03370798812018052,0.21914542058428052,0.10737739140119762,0.6270065346403195,0.06464520364789927,0.06122825519564981,0.06795601552222989,0.6917148645432222,0.0,0.0
0.0,215.68658655497705,291.02413245587155,100840.35564654827,9.53524540457392,180,1.2927633124554025,0.6109228341832158,0.08897147947994613,0.03163575414718158,0.2936822077559921,0.0,0.0,1.0269587229981032,0.15485317077500363,0.8349967330682625,0.3381273124122915,0.09550409443089616,0.03157198703959136,0.09079272265682407,2.500043872429289,0.03182108154080021,1.0039891691847163,0.1555012850815899,0.7955390461545965,0.38839220491950804,0.49258047628503343,0.47541903637377597,1.4369953861316178,0.0329801190673092,0.033073843520280255,1.5134642207697622,0.46837325773196264,1.430813790658524,0.6258034751781577,1.3891951341105975,0.15500357907906603,1.1046322224043625,0.1892060782524634,0.03062279073614945,0.2625287470891677,0.10236238160124611,0.6555299463709028,0.06141271699524707,0.06358513751230503,0.07238601666500401,0.6401606334937774,0.0,0.0
0.0,145.47263712934722,300.63701038782904,101436.01043211951,8.74156075853537,180,1.574253402663634,0.6095895090340486,0.09017234344039847,0.03005747589643822,0.31632789121282123,0.0,0.0,1.1008421192808542,0.1557652925435092,0.8371159618900519,0.36758730716961796,0.08147673823263302,0.031179623595613964,0.08849518047088217,2.428585443412774,0.030683995381206988,0.9473307454878195,0.15535707743055063,0.7976202153604715,0.3800911691772926,0.47488795590622834,0.4586338823460573,1.4724394656463466,0.033315462600347276,0.031954983351132185,1.4853864167710442,0.4770573426687368,1.4370632625043014,0.6105041979204762,1.36731907553098,0.15527543876232291,1.1051237303595633,0.18707638436639012,0.03171681840264113,0.24337755437390726,0.11366255985626159,0.6713807500088474,0.06500494977858316,0.06529400248412717,0.06964948588189092,0.6435073528487245,0.0,0.0
0.0,235.89335814796215,300.8361831586021,101584.96785892127,7.8479998651003005,180,1.3473173191372572,0.6099977486621364,0.08830556651523581,0.03260945956465205,0.3031076877513181,0.0,0.0,1.0715475499857197,0.1556350895057421,0.8352013434121783,0.3921095975439732,0.09343943364714584,0.032875556845985955,0.09370097702215432,2.1530784404499372,0.02953042874881337,0.9931582260886465,0.1549969203514536,0.8011930727900085,0.3549464559229582,0.46252073835466767,0.46216917805582286,1.386965973616593,0.03318075005645837,0.03170766159287793,1.5163347991051426,0.47436411394737105,1.4104997582624361,0.6391801868694605,1.3997189461132225,0.15555179250120937,1.105909419488027,0.16691799201899157,0.03315562109010478,0.23268875057735758,0.10420481880278955,0.6657606996628268,0.06581381371363988,0.06233831990175548,0.07057249945718913,0.6160834723910013,0.0,0.0
0.0,147.49354106992706,286.64366418366825,101778.28596146837,5.265295815927389,180,1.2938010201039316,0.6074957760843629,0.08191698101223469,0.031236247343614625,0.29418777284394615,0.0,0.0,0.9971068717808976,0.15582536990500614,0.8371368154503703,0.37661542385299285,0.09100890350124524,0.03098095263454606,0.09271348004365569,2.0480420977843856,0.03216003810914859,0.9540574811722181,0.1554254731290927,0.8007994449285176,0.3736914728659639,0.45441994070775116,0.46445949734284775,1.3244984504186448,0.03121119905886344,0.03301352847193583,1.4906481762922499,0.41610859543466777,1.362982435187769,0.6141042838867947,1.336464513220133,0.15553703890194964,1.1108713030126922,0.17701830452978062,0.03073339620417282,0.24022609918337728,0.11659786158524926,0.6244447708078155,0.0683170611191149,0.0742311434248663,0.06570667860232396,0.5931596565845771,0.0,0.0
0.0,163.3106406191963,290.19351471219437,101561.00416195797,6.837811148574925,180,1.3651148298265212,0.6141969210144013,0.0899696373389878,0.03123250576897364,0.3265398816354172,0.0,0.0,0.9826747205901014,0.1553835393162317,0.8372838793607292,0.38642804234890676,0.08468894921104253,0.029926345127311987,0.09579949438180684,2.226650057695993,0.0341308862839306,1.0156352131203235,0.15527528840009405,0.7996460171305984,0.3763945508105953,0.480536856648733,0.46478968916221697,1.3762106347398113,0.03169780346039186,0.03235857290290271,1.537562036533372,0.43739277051756514,1.3268676687660692,0.6338843737758799,1.3219448485943788,0.15492841141080113,1.1072799040362071,0.17917684991218236,0.034058926097695834,0.23565796398764755,0.11755070745327936,0.63544498698161,0.06496742977970713,0.06468923981024807,0.06427396278450735,0.6726669456474902,0.0,0.0
0.0,333.5818794019318,301.3189892079867,101733.42112014328,7.277064460651117,180,1.3198998249889284,0.6088088455274565,0.09034498182650055,0.030678333384198245,0.30660428950944,0.0,0.0,0.9695250102121366,0.15536987060907717,0.8364317437944714,0.37509194946530244,0.08577106406514978,0.03417373329055357,0.0907536789389423,2.3046526935861924,0.02876642784507006,1.04521075228109,0.1550758480489013,0.8030029609132983,0.3535529502780111,0.4725280431548531,0.4839023347101753,1.078466041503912,0.029246815612027036,0.029931716974168774,1.6041976417483113,0.45372833218992403,1.4049156140073227,0.6902649723564949,1.2254119847142262,0.15535076355059,1.108867370978722,0.18160982741862555,0.0319589746049572,0.24934870583685992,0.11522694066068363,0.6171550204768276,0.06890759740492348,0.07099632070429145,0.07143989804097196,0.6301293388041069,0.0,0.0
0.0,265.6463660631635,295.57292636988376,101067.57069795148,7.439306274469489,180,1.3413568009054058,0.6091115390865737,0.09652821324663506,0.030310681995538227,0.3191111128595351,0.0,0.0,1.0566287105844412,0.15485371808090978,0.8390507583213904,0.37748435786632734,0.08788409295530439,0.029602279772125806,0.09280341473383517,2.2199372005312,0.03304395003451811,0.9213885824206178,0.1552086142366934,0.797575896098908,0.4123447606786142,0.48015619610392357,0.4886619149964508,1.4949629469457932,0.03501284589049369,0.030991483120415414,1.5517594958485144,0.46105168699033555,1.3585791240813696,0.6234867736735035,1.1793985336880766,0.15569009684139437,1.0993396310159158,0.1777665484668435,0.03064582724373094,0.2385686104455491,0.10630822818823539,0.6511424298659696,0.07004554750476669,0.07007296738432094,0.06789978564378471,0.5928552903855903,0.0,0.0
0.0,352.6681178059137,289.6408079071169,100116.4192841749,7.05907739530636,180,1.4672752078880846,0.6068446704198172,0.07944856854901404,0.03287134616341545,0.3102441617132025,0.0,0.0,0.9296983365879533,0.1553642411056291,0.8380860129128762,0.38141716444240287,0.09201589152091379,0.031525004128238616,0.0938393338677189,2.1022961334858414,0.03254804848956001,0.959382507344629,0.15553118607846178,0.8043421648122452,0.3713151827004982,0.45813059756343716,0.45931380506091657,1.2492153999580353,0.03237293788752223,0.030977975824706495,1.5694638392407385,0.42794007225471603,1.4086115218375417,0.6081133105210654,1.3671220682155871,0.15516664582611758,1.1060338357838368,0.16121306794886017,0.031283406086235255,0.251389643376528,0.1134538237659608,0.6296306591271925,0.07098988690845016,0.06402233767484793,0.0637770327653645,0.6199409825991917,0.0,0.0
0.0,190.70608752425187,300.99106203672517,101368.14936320872,8.08627872910464,180,1.413081613312482,0.6120661327986456,0.09627713810804944,0.031177488768413728,0.3391654938049169,0.0,0.0,1.122145966653726,0.15539470067695393,0.8411808848835468,0.34588349193650353,0.08819231563723455,0.031491016373029736,0.09163222309523857,2.271264399901163,0.031296375118126295,0.9720463989804502,0.15557932158345544,0.795642316916734,0.3687307877901649,0.4318983325016528,0.4354265123742767,1.1664322988078366,0.033305915468787854,0.03123424970039698,1.4996214991095846,0.4419347136678812,1.474229851408529,0.6240094988808388,1.4263100502934511,0.15534422846003557,1.109666456576577,0.1695398378469262,0.03235545296366028,0.24023925973548022,0.11042473959882873,0.6733755747371356,0.0615009184196605,0.06532343614944018,0.07066578518487912,0.6290647010906035,0.0,0.0
0.0,197.40258683035563,295.19601706800427,101999.86278082048,6.268205138043453,180,1.369841602958921,0.608937430948431,0.09557288464822734,0.03133859827810964,0.3061894241284701,0.0,0.0,0.9973742065225878,0.15583559733329544,0.8411065481228809,0.36415794277262215,0.09177529349035174,0.033674781085428776,0.09165063349781219,2.2971059575919055,0.03482089595682951,1.111651221207639,0.15576012489917254,0.8002899593464213,0.35731082174851453,0.47615584195444777,0.45808402734068715,1.1813289579242894,0.02899111229391158,0.030396340216147944,1.5586885093043907,0.4362485161276974,1.256057153390068,0.6020744129351946,1.2937178782778878,0.15511990522278798,1.1035584173470403,0.16979254002084765,0.03396716044999492,0.23320013497950595,0.10638594616523399,0.615290366618432,0.06895415795736308,0.06646926736638502,0.0733294042259811,0.633465776106932,0.0,0.0
0.0,158.69181029867448,293.0563947632348,100930.0668986731,8.901742018668246,180,1.43120410484465,0.6059370631167504,0.0800051964358574,0.030263368736481937,0.3009309237607132,0.0,0.0,1.0391991530675833,0.15510760650382382,0.8358351710979062,0.38839897473189267,0.08358200514157807,0.02960207241505892,0.08671489851577688,2.1986214037038243,0.03090936691381623,1.0337040339377919,0.15589358683021834,0.8044202997995246,0.39409625934307296,0.4550467865914192,0.4639686804083563,1.2637919238004065,0.02935438138084385,0.03235788885678282,1.587174855592131,0.47923189057200416,1.3290300499127152,0.588792885158203,1.4144917943982436,0.15525977167505528,1.1015327624202909,0.17194694191972695,0.031794998556472484,0.24358811482900425,0.11041949970592327,0.6085071198174196,0.06911263709501889,0.0702117913086338,0.06747284352655453,0.601077430183816,0.0,0.0
0.0,323.16599061314196,300.40204422512363,101148.68802659345,6.358385220292097,180,1.2994283759851046,0.6045793504635291,0.08513611203132943,0.03177923198904642,0.3069528918039305,0.0,0.0,0.9782950465231813,0.15545770781535484,0.8354564394652383,0.36750273634080294,0.08893230932782425,0.03311846823051805,0.09429515804445641,2.357058899873721,0.03348125138108458,1.0139783181860393,0.1555246362440842,0.799752001421449,0.3670531957573923,0.4434782325059491,0.4778202286233748,1.2083634292628607,0.03498544854933656,0.03174832534509288,1.4703608701625195,0.4994262625244879,1.2398551634845174,0.6108411087926607,1.3963039108711495,0.15527333386355296,1.107115118108732,0.18085732614544422,0.03148797356449359,0.2206365239312046,0.10724427424561131,0.6163864019296342,0.07308461842500005,0.06090578552669518,0.06301388689300773,0.653696080229151,0.0,0.0
0.0,76.1480804969459,296.9920686271412,100827.49499225683,5.392641313259402,180,1.2279724874862712,0.6100030836267587,0.0928883938068928,0.033448141074151186,0.30730423206052393,0.0,0.0,1.0732485209257279,0.1557754669375317,0.8381895171300817,0.3403130250543901,0.08688232237573668,0.03258503168878644,0.08850066337151294,2.1917368386640157,0.03003970299292153,0.957268020534615,0.15574875773964397,0.8015697090052382,0.4042836407303854,0.4674959691498159,0.42982326575531515,1.3451930693892464,0.030024412341286447,0.03101642446697852,1.6363082880268889,0.49254104297403684,1.3420869715177484,0.628020171311087,1.3642123371883188,0.15554228263412295,1.1054164038234007,0.17051531890664504,0.03150573347930874,0.24375021415244855,0.10812071346193167,0.6302919486540706,0.06519191839203559,0.07260151642518706,0.06167784979772973,0.6424672860427386,0.0,0.0
0.0,196.73274512383716,292.02649306963235,100986.03761684254,7.253230407245771,180,1.3095746029660238,0.6117385407646915,0.08563376775405417,0.03258744520174955,0.32382164726543844,0.0,0.0,0.9928411695169015,0.15564101741513936,0.8373165101564258,0.37569441641352525,0.09430335962206102,0.029055612990927456,0.0969917326614176,2.2732713782953136,0.03191621921308293,1.0344960306496445,0.15528238762454016,0.7984545678652575,0.388839210463017,0.4607588804137168,0.44356865044512733,1.0425456165849802,0.03149624628040383,0.03280574834106612,1.4786519630716868,0.4926625353677954,1.389414085742885,0.6039313151403276,1.4172747555682728,0.15553391479922127,1.1045665851680886,0.1843464995847324,0.030905448920120773,0.22075903938931973,0.1200677359734832,0.607558255114707,0.06740809091423017,0.06450187528164766,0.07162815881262391,0.6568940710141509,0.0,0.0
0.0,327.2156397321992,292.5152316292641,101005.01177309593,7.855938551971923,180,1.3365257593086204,0.6125259907900088,0.08417367506430208,0.032468336989071214,0.3083313241482743,0.0,0.0,1.0144034022034079,0.15511853956615665,0.8378144812002561,0.37174343851104863,0.09709034236687163,0.03223562278701024,0.09263363008121825,2.0877593927601437,0.03133185096131284,0.9982627569015969,0.1553561582316584,0.7991923687435805,0.3629295958199129,0.44306375428993094,0.46717892763513325,1.280581269523052,0.02828265689796579,0.03083231715581245,1.6420487835449236,0.5041470602470264,1.2673625869837368,0.5955202101444108,1.3588257200126053,0.15571772958314212,1.1051046443433956,0.1874190549832841,0.03175918992291146,0.2537788329782173,0.11077653945738,0.6462525314745724,0.06698556366994365,0.06346060519740807,0.0708260310593946,0.6703995085275081,0.0,0.0
0.0,343.70159136882256,285.44744113814687,101054.51738506352,5.7582405288044125,180,1.2772579895516605,0.611033231963673,0.09200707697169723,0.03192026392240552,0.3215105211692324,0.0,0.0,1.1236765702243998,0.15573298100613694,0.8413167928971882,0.3770433437669271,0.08942465136537237,0.03127977838894247,0.09857545538822717,2.220756249654358,0.03234037363905349,0.9230562289620645,0.1556799310848409,0.8050467217553481,0.3634912234927725,0.48529783702907947,0.45893815280991107,1.1785467884926735,0.03201229251060457,0.029374142911996002,1.4520734927707248,0.4640809158816277,1.413344123216159,0.6653952394095136,1.3715489646877752,0.15466097953739158,1.1052050123540682,0.176620544226189,0.02970808623360597,0.24188610323447668,0.1113569261880388,0.6284059105979719,0.07132272095655394,0.06967161722747464,0.07148544298983885,0.618552762408203,0.0,0.0
0.0,165.834232554691,284.47016048216886,100974.67709564227,7.104387271963764,180,1.2832821956733966,0.6098995499164866,0.08863293241077985,0.03130444369798455,0.30464465927537904,0.0,0.0,1.086507009970829,0.1553913816556848,0.8393728044586796,0.34353370129413613,0.09089618309561144,0.033595069416867254,0.09555704651985059,2.7866371929724445,0.02984480449668273,1.0316276059991725,0.1555539427413986,0.7998843842630184,0.3567050530427685,0.47840722349122,0.47348188032960864,1.4453649799698776,0.034863769252788154,0.032008053845826306,1.5342036050538799,0.46591423463110554,1.4130866973443756,0.639677863828844,1.4037812506000316,0.15534626575947091,1.1062071160372249,0.1835830890486221,0.03498915705503244,0.22428682105325662,0.1057395520060431,0.5941998310955564,0.06841182884070905,0.06810229031401946,0.06835704689116424,0.6213751330853656,0.0,0.0
0.0,258.59325625405626,290.62474557098767,101389.80025984012,7.011935135366825,180,1.4080550182800466,0.6072138574204773,0.08450874964980576,0.029615714205432492,0.30096416840858,0.0,0.0,1.051855332214765,0.1556766895543889,0.8390728437053058,0.35308098689703044,0.08875010799848237,0.02960292497470446,0.0889372765848739,1.9295507225019046,0.031397456170323926,0.9618233635391011,0.15615365364890818,0.798893038423702,0.38866732243307556,0.48726401487261894,0.4319934110178065,1.1399341132362233,0.03207643008671247,0.03395002165893689,1.591833623727114,0.41296631797878325,1.3164999630824996,0.5584751903974439,1.2540920156590132,0.15500730071948424,1.1047257949996985,0.1875052879239711,0.0320533092581254,0.2530932927269325,0.10828785633462001,0.6067711110815726,0.06680242153655085,0.061926926525242905,0.06947738742923751,0.6334671395347005,0.0,0.0
0.0,246.01051372478506,290.0705858508173,100978.47547054305,9.560563518032064,180,1.261133031230376,0.6064182641113582,0.08821800231402568,0.03267251814299633,0.3064180445263935,0.0,0.0,1.023009832023483,0.15522905147276062,0.8364298646785776,0.3563275276112234,0.09146940614154926,0.02777007576902479,0.08585107506933735,1.8730409412756468,0.03369023879464796,0.9754613612227607,0.1548811899690566,0.7996973125055337,0.3553498705387186,0.5076407510942387,0.46169279343242253,1.2874260444490546,0.03208809558766687,0.0314156301408085,1.5638104246101963,0.4312834683700551,1.3451418125106624,0.6803505046942763,1.2953857703909308,0.15573226866838535,1.1040629630202539,0.18065609769097773,0.031249515400250387,0.24996361453733956,0.11779518671930182,0.5879120922090237,0.07097102380326309,0.07177049119741793,0.06395533172383219,0.6478481012664724,0.0,0.0
0.0,222.7922164647112,290.11268134328213,101460.94738788733,8.55291087581253,180,1.5283303821312104,0.6063131466405826,0.0906681476585687,0.03163046553027577,0.2982537708654575,0.0,0.0,1.0413733836363432,0.15538738762003546,0.836825405466172,0.33424025992539524,0.08317639483963829,0.032276352819904736,0.08813804240134436,2.3466905178604556,0.030906653867089705,0.9468849255219075,0.15582672711721168,0.8009312383993307,0.36386570262579515,0.44309998267602724,0.4968043800885708,1.416123038672782,0.029841987267963516,0.03392904717897973,1.4253658638871405,0.487665099116046,1.3430123336598223,0.6433898437548518,1.4444807170033283,0.15538077012998106,1.1091989436700724,0.18292452416362212,0.03384316290981684,0.2490669158348444,0.10342208308867624,0.6590178696397823,0.06651316440929686,0.0680160672903715,0.06632095222509665,0.6659647419436918,0.0,0.0
0.0,267.0486306438944,284.29516828348034,100603.31458303392,6.448362492406102,180,1.1924174532959193,0.6067569967512968,0.09396590637858981,0.029490217564678158,0.29542292129347747,0.0,0.0,0.9798430914174093,0.15555098677443752,0.8364545358542462,0.3457703993273422,0.08503961684899912,0.03141455510152548,0.09824921710028392,2.1276220380960114,0.03370770338446428,0.9531997430536487,0.15582482400734243,0.7985538845859215,0.3910146218170625,0.46816736092050776,0.44830227976385034,1.5484643766432336,0.03261462341666967,0.033205198781555575,1.6455941058650856,0.4810852438004028,1.3026334667087496,0.6238310975450861,1.392414247749581,0.15553380938725575,1.105104214856566,0.16955150656342496,0.03296922791741281,0.22842002657763935,0.1126380060722136,0.6045258344055752,0.07206175802770953,0.0666587237636492,0.06938975549267863,0.6257094454368093,0.0,0.0
0.0,355.60264489462367,293.9801688347564,100779.99809388543,8.599821856883816,180,1.5161818098377535,0.6111475238026308,0.08737991918071444,0.02847257324931575,0.3145308509444425,0.0,0.0,0.9733579051507475,0.15537065715158227,0.8376779332475206,0.3672694296817532,0.09690071387919175,0.03308993825450098,0.08620020871801448,2.211207554189466,0.03222759426322681,0.9672731319786081,0.15519094161903396,0.80007701933917,0.3765427254557378,0.4297862444646515,0.4968866713609228,1.3508154176957443,0.029261042803177338,0.034931522547851174,1.44400899620507,0.4514275329558269,1.3881963006156832,0.5694417387084132,1.324549264764238,0.15541897034037164,1.1042711709365156,0.17665633442985734,0.03179795788661608,0.2342344397699513,0.11579677160928055,0.5942785898812873,0.06987211601234075,0.07034305578634353,0.06956748114608985,0.6418908360647664,0.0,0.0
0.0,211.08492904668248,290.805483222006,100029.61909480083,5.0810932650528065,180,1.3298858385644752,0.6040031912117342,0.09285269067907262,0.03065344366155654,0.2998312679215722,0.0,0.0,0.9971934839502615,0.15532343809893973,0.8406469594299505,0.3398921503173782,0.08570287080613648,0.03180017038110072,0.08430309793978606,2.414193557978992,0.03196851232089734,0.9711137675586974,0.1551630106492011,0.7977617933602961,0.35215483434041583,0.4797397382989143,0.4650802587840353,1.2726433146128455,0.03175326970788233,0.029124745592105757,1.4758027539668357,0.44465625924369717,1.2896077765470129,0.6631948056044855,1.2847406609293932,0.15548494232413415,1.1071666200807062,0.16221465155846765,0.02951928015000926,0.21975014090544492,0.10572888746406699,0.5923677187341647,0.07143528609988915,0.07284076752646895,0.06982186040214607,0.6558869978885004,0.0,0.0
0.0,55.738042710139986,301.3465167251453,101808.1077740917,6.819378300231393,180,1.4260519561439138,0.6095289575961025,0.08752205268320298,0.030655827310945644,0.3186344270947715,0.0,0.0,0.9350052185384484,0.15585841643703754,0.8387729331605255,0.3808196344219813,0.09094240229962786,0.03336302431976514,0.08549058302038176,2.365863966601674,0.03284273116151565,0.9948363189504843,0.15550561601474858,0.7979714937281502,0.37288513843424237,0.4700378483116218,0.4560690922895887,1.48606305055791,0.03184507380331992,0.03292388492198161,1.5331776436808449,0.4409840902859772,1.405439763945382,0.6659505700941659,1.3792909083192917,0.15562225463056426,1.1028252200419524,0.20414933263533333,0.029053883875236695,0.22819022999110739,0.10994696284468376,0.6385404294166951,0.0702302509204011,0.07236581625854412,0.07507602539290585,0.6492602883522206,0.0,0.0
0.0,83.659213741411,286.1371975375336,101701.31019487679,8.266765300274539,180,1.355324642329942,0.6072140728065484,0.08989372765407858,0.0334083976166098,0.3086236281530205,0.0,0.0,0.9731910459191957,0.1556718039627895,0.8405288325017354,0.388894849038675,0.08408937421940404,0.029195546254892714,0.09280587836418805,2.2563672780818664,0.03374508377183347,1.0170878448514604,0.15535542468146737,0.8034119664639724,0.3631127194864759,0.45823902918115755,0.4497324301310131,1.4023258621165102,0.033034917885179906,0.031149211346425076,1.595283620882453,0.4498740967689181,1.3390893222054145,0.6160893634832593,1.3196996769645597,0.1559712688718137,1.1056835379047567,0.1835455019021895,0.031266396435351194,0.22503961211268322,0.1117676633927118,0.6357850917117132,0.06732659125957279,0.06571260990916548,0.06320183078497134,0.5927913999689862,0.0,0.0
0.0,312.71481119580085,288.267930124618,101391.08582752472,8.841787719144207,180,1.310133968003413,0.6114071344647349,0.09582575938708732,0.031039828972512104,0.3019485228724662,0.0,0.0,1.1114290409606085,0.15517151773629687,0.8372332012124889,0.36512037419158616,0.0867798017223026,0.03003841314530257,0.08864855670367756,2.1686610719521604,0.02915364134922175,0.938454380632332,0.15575654145199827,0.7989803868492027,0.40294477612370744,0.4578101950002157,0.46894335250642366,1.5093676615685352,0.027656056530739513,0.031544693629057784,1.463080726165988,0.49895171810683486,1.3908582355906423,0.5897907338071483,1.3696287950296748,0.1557468542791997,1.1056666602207554,0.1754547962398585,0.03429218298531255,0.21221734572633544,0.10800585782481138,0.6128217074261832,0.06526570952531531,0.06463393571709056,0.06280843830406813,0.5906333263028208,0.0,0.0
0.0,278.1269046095594,285.54645132493584,101474.87159694191,9.449102400288286,180,1.3341532172765842,0.609979941691285,0.09318151705589171,0.03165852034018851,0.3117517366585132,0.0,0.0,1.0260653456573974,0.15491306226077897,0.8409638935683895,0.3808683207920205,0.09490799283471056,0.030384989570660947,0.08869288044720648,2.1579206058159817,0.03300097893496147,0.9136212521533663,0.15543010093014478,0.8030228718602863,0.3533220083344559,0.49798462200087007,0.4691873971755461,1.5373498630402551,0.03258825630389755,0.03235552707179543,1.442955181275051,0.4762246689211573,1.347861104343222,0.6009627418109189,1.2884358983511417,0.1555701429895451,1.0995029777162053,0.19390311035817787,0.034157212378912546,0.22473714843624554,0.11078985597641776,0.6662519147281213,0.06753484637200215,0.06847371111992782,0.06638842226339801,0.6034072192750647,0.0,0.0
0.0,244.75161008704706,292.354646851273,100260.99830315795,8.183697854673314,180,1.3430625473209215,0.6090351416573124,0.0862857661317861,0.0312040851913474,0.32458836786824713,0.0,0.0,1.0166316912523872,0.15581929377612386,0.8333390148610677,0.3770931907544638,0.09377493040808241,0.033649433970655236,0.08943595378987089,2.6176553577007278,0.032148367057213106,0.9801275103934716,0.15532016775351173,0.8033404644996924,0.3585540492567739,0.42884581780330305,0.47717110675022767,1.439589913511948,0.03264246653525917,0.030324648070554815,1.6438904381721249,0.46780556793435113,1.3188155755648758,0.6084130531541029,1.3264738355084695,0.15574354218802045,1.1044481185225594,0.182328867886718,0.03393829150500605,0.24662978034340594,0.11036238316696413,0.6152790326454206,0.06514756672752336,0.07146546331558103,0.06265939733976762,0.6115802263068169,0.0,0.0
0.0,194.62029945326535,293.94668474713126,101578.70387953322,7.639318103130867,180,1.423794433997663,0.6080601948851435,0.09601539535202999,0.029745486453506786,0.3387155783496138,0.0,0.0,1.0512907669531182,0.15536835916015776,0.8355715170771831,0.3801596278686464,0.08717332431025183,0.03199413245705527,0.0893601020009486,2.3853491793732413,0.03230340847601235,0.9517321286471884,0.15586951715087558,0.8056200101395116,0.34481147957271974,0.4840664311507427,0.4921563673241285,1.3982277875767737,0.029444943101362066,0.029685920982297033,1.6730034887018403,0.47375238952762405,1.3726509914391578,0.6062323372602596,1.344588721631168,0.15513517031152846,1.0988483627660646,0.17692532446087003,0.031021423246457683,0.24710052903127452,0.11176235792160011,0.6560212832948867,0.06830540004266547,0.07191569842225107,0.06876469508820533,0.623351447693596,0.0,0.0
0.0,104.0664875863406,300.1099581515836,101008.35435780033,6.42641602530725,180,1.4374439534796541,0.6141977502465785,0.09273980373788296,0.03320996880594273,0.3223272004312298,0.0,0.0,1.0552818451473853,0.15565577839222905,0.8400504131910134,0.39219755596908307,0.08644964765095205,0.03044707767728945,0.10288416592841444,2.1576164475312027,0.033023815515496754,0.9595165997570919,0.15531123176735148,0.7996912189899346,0.3607114877764191,0.46251845165049843,0.4746299622636536,1.2777396034435862,0.03439780513527003,0.029836039291684116,1.5721905545835275,0.46307668689156223,1.3985590694564325,0.5793952515801569,1.4622839516230601,0.15579950258167782,1.1029246576505878,0.1784714778410344,0.031998185543103595,0.2476396961407591,0.11053572435762027,0.6306898125413505,0.0661073694568305,0.06757611786052398,0.06933079442552867,0.604411759064378,0.0,0.0
0.0,246.79411292593298,283.86503572515414,101109.64881013676,9.779322384020933,180,1.3379540273413448,0.6084933509664866,0.09431594649377573,0.03150555938878206,0.29668009400313755,0.0,0.0,1.0601549410941793,0.1553394220157929,0.8429462480645825,0.3714361805656395,0.09293125667691052,0.030009396290862245,0.08750701280375246,2.0356973489969676,0.03206454091528586,0.8913825683295343,0.1551421113000094,0.7989308287164685,0.33606730200363244,0.49507807070920856,0.4659912324795153,1.4720145154178705,0.03313573604246443,0.03151128416616907,1.4737310490171296,0.44227860219839926,1.411232952106963,0.6901701983733528,1.3119425613553775,0.15544892512041159,1.1045338912117582,0.18210425583057366,0.03158120620783797,0.2227941538294331,0.11390888310493251,0.6160529966025572,0.06651880048824244,0.07220261128855206,0.07036468387357803,0.5967974256708486,0.0,0.0
0.0,191.9384170512328,292.97851072926835,101334.52815014363,9.418987000350414,180,1.3760636243239512,0.6036108879785221,0.0874289069197414,0.029936345469474306,0.32302762674837576,0.0,0.0,0.9032146918822214,0.1553713241822543,0.8407974413213466,0.3733417459877352,0.08596710710612146,0.031206917350243814,0.09049996601608254,2.1530696702159484,0.03200082974061256,0.9125244488983825,0.1552107616953821,0.8007705570496452,0.3408065884134841,0.4038263180471667,0.4865537120593593,1.3708448443131724,0.035538091821612036,0.028525999417012657,1.5508449882896178,0.46772976839858116,1.267021812997693,0.6019331072596594,1.374883197702034,0.15518695090602092,1.1095938323950365,0.16938043432138897,0.0323556728993141,0.24184947513124047,0.11827903988922263,0.6017874589682576,0.06457718528192061,0.06474867515818725,0.06908534390700821,0.58890566582789,0.0,0.0
0.0,171.9227183795779,296.82459778324454,101572.63430954599,6.576951393790041,180,1.3006325285487794,0.6074669354853507,0.08338712679662968,0.03352539854683581,0.2970211019493597,0.0,0.0,1.0624294654653132,0.1553722836137787,0.8375732754867019,0.3896934722463597,0.09514646393394627,0.0331424276408676,0.09501071886398264,2.151828737281669,0.030477084594966168,0.9121017244136839,0.15553819950126943,0.8043541302032546,0.3572355064544886,0.47171138106742316,0.47367467125911517,1.2038019594631155,0.027400417602477613,0.03273737318456542,1.515797081714855,0.47371222227377957,1.2547402204271065,0.626845982630468,1.3080315796203859,0.15543946457203,1.1087373576782853,0.18572505044178783,0.03207060629897285,0.24401922269470447,0.11692301612179723,0.6410497021966174,0.06502326716647172,0.06742817815751469,0.06473318488666022,0.6284182467685661,0.0,0.0
0.0,187.18450615213854,300.40835457187717,100941.70092160311,8.177814058204522,180,1.4327393914264923,0.6083991054637115,0.0900759533428662,0.030062157126534785,0.31489242658582406,0.0,0.0,1.0655491580262175,0.15532943548836933,0.8362946649713563,0.38836992662048087,0.09141355241656099,0.034100170358660906,0.08510427540957027,2.4346011973287847,0.03366351884151326,0.968417723273232,0.15541874667172242,0.7979319022442904,0.3490104684335208,0.45806175259270115,0.4710310745844749,1.3084789168368696,0.03183190204635878,0.03124059373073056,1.450606159253956,0.44670938211791245,1.3154297862335884,0.6124714403455961,1.3055722811285586,0.1551279384813406,1.104434567215375,0.18502578850202203,0.03225606861185893,0.215297203099452,0.1045462495887441,0.6561220127802627,0.06891490578627689,0.0707367393817882,0.07077326726634378,0.6181548859247529,0.0,0.0
0.0,100.72292503568335,288.7187781296417,101017.67324939447,6.1581533057300035,180,1.2844891338283702,0.6081983886079949,0.08905747335828806,0.029666150783681497,0.30941141992878857,0.0,0.0,1.0997989448435084,0.15539137883405574,0.835224211523381,0.38455925398110763,0.08363418846481269,0.030298757333979878,0.08877727982058614,2.1560661278904982,0.02950295458400677,0.9831029238231113,0.1554372795295887,0.8000856109041886,0.38611725774847483,0.4519179851079411,0.4996542391498691,1.5194788511968231,0.0325934328933852,0.028749407157084135,1.516218032045571,0.44601512358083456,1.4166563666104999,0.5958797904654184,1.2359060412088796,0.15544226905371689,1.1009611377273978,0.18135750596525937,0.03173049486074611,0.2555467102164276,0.1150557459116572,0.5814990522384923,0.07220672308743792,0.067302096349465,0.06361313176383629,0.6564355577777179,0.0,0.0
0.0,299.0817367397286,297.91921861878467,101614.3962385131,8.182586913571765,180,1.3681806900871742,0.610807037951314,0.09207621827718958,0.029590505657781065,0.3156813149408394,0.0,0.0,1.0472965115107313,0.15573225038877686,0.8417168325500172,0.3683230296044688,0.09904595096301463,0.03224821877079899,0.08847257727957218,1.946992630265225,0.03220914463411924,1.0180993163558412,0.1557925161156056,0.8005133472408633,0.3720144283925128,0.4640225020914279,0.4658390874761169,1.5662186599165808,0.03219622450584744,0.03127462889746678,1.631713601037079,0.4809438560510474,1.3287222712275688,0.6399333448108461,1.3365640645153711,0.15579541484546106,1.1009799670869573,0.1915776095876562,0.031761316432604346,0.22824665266392916,0.10581728304274156,0.6085563233260214,0.06939205422420973,0.06670682254780211,0.06840604271884813,0.6378965778814674,0.0,0.0
0.0,107.6354038802698,291.44470484929053,101217.12531755763,8.85459238892589,180,1.3876980843207065,0.6129302346806005,0.0860341223935938,0.03361146522003524,0.3043932542527192,0.0,0.0,1.0883397473946557,0.15551023056872695,0.837446182261481,0.34525060088950876,0.0873558310928713,0.031306844745347964,0.0843628863367807,2.264166853142568,0.027386274108070843,1.0705888144427873,0.15521516826882817,0.8021016225571616,0.36826806442852816,0.47275931606448446,0.47562112576228527,1.3318828177498272,0.03101650080158382,0.032646251426513506,1.5653313501986765,0.4789019874819506,1.3619536588178767,0.5962923079340112,1.3643655573329214,0.15494915749802468,1.103054121624834,0.17406057263846408,0.0329022586720626,0.22789675226903722,0.11589196810537704,0.6162215062154415,0.0720391321433734,0.06262456999222679,0.06751297838004854,0.5581223506022208,0.0,0.0
0.0,208.85894315971606,284.0377451434864,101331.70771200044,8.875418352261185,180,1.3189542331940503,0.6120653581929142,0.08588221942543496,0.03201674808861279,0.30591200859160156,0.0,0.0,1.1730992823999844,0.1554019497358974,0.8362841797300383,0.3609520054098144,0.0934624456763568,0.03006343051701987,0.08578367199630564,1.9054002528166434,0.03583356007635886,1.0060675499456873,0.15546872189402236,0.8029437311904167,0.35294249197047883,0.5123638366949449,0.38247226509138765,1.3790198389603352,0.03131871095227995,0.033869516783461416,1.5643465811150614,0.47224466972028567,1.3517266304550866,0.5911422218369696,1.283535038291739,0.155973046512031,1.1046177975008034,0.1864862268321225,0.03276663839149353,0.24143499148144276,0.11216766287515431,0.6407980860391681,0.07095954098674502,0.07457397226715007,0.06964121507487447,0.595884068399924,0.0,0.0
0.0,45.054159832637396,298.0204176102661,101364.12286058931,9.381761112742842,180,1.441715979345341,0.613367667544695,0.08650037776355858,0.03192193478801787,0.32749099450758656,0.0,0.0,1.1573268462811195,0.15527745167352458,0.8348069624284395,0.3935727550363391,0.08824978084467035,0.03223095263436517,0.09124198803963748,2.4557700999022147,0.0313659342751096,1.0333924377456591,0.15542633974019515,0.798311438617825,0.360175666404449,0.43990512939350884,0.47962024861856,1.2559181082511686,0.03267511474690954,0.03256742363195442,1.4383355038759553,0.4463227381591137,1.2438554353932052,0.6001034400686797,1.3748796960883374,0.1555773173240505,1.1010078676665125,0.1858491591417581,0.031061854305920487,0.23061357168365348,0.1103663750420489,0.6131477041999788,0.06859702968036284,0.0756799300331301,0.07304740098171364,0.635246728261416,0.0,0.0
0.0,102.72678241348552,293.9187444136195,102016.80209177239,6.334841696483746,180,1.3010259932049024,0.6128838288889503,0.08505808377016905,0.029963828313539543,0.32165417626956705,0.0,0.0,0.9331888186954349,0.15519295398562383,0.8410597656337069,0.35899238237695363,0.08735217798182608,0.02956610840554466,0.08892336399027286,2.08538402339484,0.03314683469791618,0.9501461333960983,0.15596046251491313,0.8010372835258591,0.3853581708887388,0.41594527829688843,0.4702741220208564,1.4618801454647605,0.029232552638986657,0.032464327544744265,1.6324465136522377,0.4744818722818658,1.32368045227171,0.587116008868938,1.3061859175236465,0.15525195205860418,1.1065239909648108,0.17020489788317264,0.03347990992473343,0.22972276146124118,0.12047405027038355,0.5548574822141176,0.06739225004698124,0.0707579472784131,0.06831228001360426,0.6745900749096515,0.0,0.0
0.0,151.1426347874063,299.984009382914,102408.38672654041,6.558086025676543,180,1.3644855376762863,0.6080291691201889,0.09435365196745975,0.03209394399145859,0.318220403202794,0.0,0.0,1.0404391808072042,0.15579996433316398,0.8384133661654162,0.36739220739452216,0.0896136274067035,0.032412465799556145,0.08445397521365602,2.3974050661623263,0.03290358457830723,0.9262734720695269,0.15561955697197227,0.8044687064026421,0.35933677232795097,0.46399978598406544,0.4716820871860325,1.4775789975655376,0.034083452671020344,0.03106462989909743,1.6235981850377443,0.4753903741748563,1.408559015601363,0.567947942635302,1.1933055968916417,0.1554784671093551,1.105666905274022,0.1806820452388702,0.03298835204790567,0.2431898769762414,0.11524347843796497,0.5946760313225898,0.06255994855104229,0.06838405786248787,0.06899968398046559,0.638706127841075,0.0,0.0
0.0,260.9506678106138,288.19200382272805,100689.05308533015,9.190699102725125,180,1.4327593511678092,0.6123497217575437,0.08982420945092141,0.028375172005910866,0.28325894813682456,0.0,0.0,0.8724611532527567,0.1555260060108906,0.8409687813432807,0.3578152137319447,0.09049923384830935,0.03174684303906062,0.09141077784442858,2.234771424659071,0.03217537544662017,0.9393316704949821,0.15594613981752325,0.8042093603298269,0.34598843243367056,0.5097795683221006,0.43877364001812313,1.2683541959876934,0.031041996776944115,0.0295208573504898,1.5317992145056247,0.42274722791680786,1.2713694957499915,0.6142697285759757,1.3055666361627014,0.15536487734932528,1.1037043517281784,0.1988011743916668,0.03265653140504308,0.2508527495222692,0.11224325167954187,0.5703064731865491,0.07065848042274624,0.06561429325125281,0.06546304338773681,0.6426160586631785,0.0,0.0
0.0,267.21368805979756,300.4810259443575,101389.09496673603,8.688533628470548,180,1.2868858508592602,0.6112619914889458,0.09424785139629034,0.030958694366934714,0.30581668330900164,0.0,0.0,1.0179004012121753,0.1552589028499685,0.8337180710712518,0.35316756192159654,0.09757168409920564,0.032807025366858866,0.08962367699146279,2.245416851818219,0.031205117790396298,1.0110136900642304,0.15524249985129746,0.802359495397775,0.3729125665742479,0.4603462197500115,0.48108899128965854,1.1919455622747623,0.030949440822969677,0.03051353950561101,1.6551608524249901,0.44807440869078224,1.3277115775006398,0.642638702300103,1.4046574939637735,0.1550344166518675,1.1010707994707043,0.16881789904202166,0.03137864636556492,0.26016023354833623,0.10979455190674227,0.6423346450275202,0.07070006695974895,0.06963046399760082,0.07001278644949176,0.6859900536597237,0.0,0.0
0.0,36.15676661290445,287.77364743750707,101204.65455252062,6.247249108011549,180,1.4804550595856938,0.6115900510591932,0.08486290899856819,0.02961077996848283,0.32229582467899803,0.0,0.0,1.0579645420937311,0.15549660523490016,0.837707813003979,0.3672211137787591,0.08745441061650729,0.03225483673834481,0.08726451575393225,2.8741263345233614,0.03031195155861506,0.9935054822779447,0.1554996233587078,0.8040388226950718,0.3461009256406385,0.4075121018556416,0.46879053605505727,1.2131062221447682,0.032865075947898094,0.032593029421622614,1.5396810681242583,0.4437716626937016,1.3275782170770252,0.6070737782017441,1.2385033839755681,0.15533163038878123,1.1044232135547747,0.1879812442055617,0.031848435391775586,0.2326460239437265,0.11093852915957184,0.6219370236303245,0.06632293921562363,0.06994977709693136,0.06856794960535925,0.6099887398703658,0.0,0.0
0.0,180.2782425824553,286.0554006496904,101691.05093276352,7.074695072114209,180,1.376186828262295,0.6091001564013838,0.08525120986609241,0.03234063160440178,0.29788974976963356,0.0,0.0,1.0692852052032462,0.15546475121383238,0.8327788910557866,0.35504442169605904,0.08782638980551044,0.03052326385627847,0.08852663595837625,2.177114995318593,0.033483083155681985,0.9782138567435119,0.1557275923108484,0.7993870184364266,0.37079185453757685,0.4532853376098567,0.5056715985611248,1.1496903293244172,0.027736410367907482,0.0326936578650559,1.5448306021902838,0.4456563572556611,1.396881511619868,0.6087765698163959,1.342501577035828,0.15570105569215645,1.1065835253549525,0.18918422865827458,0.03153996601588637,0.22380971319420945,0.10662924189039466,0.5808652751496228,0.06602800991697862,0.06306663866959678,0.06718207336382484,0.6402096645582311,0.0,0.0
0.0,195.27915637320467,290.25371813394406,102036.45030606461,7.714276379443732,180,1.2018389049219393,0.609663672397985,0.08495383921602101,0.03367360654972882,0.32290969025268684,0.0,0.0,1.0295666384838058,0.15556102986316278,0.8350781994299118,0.3783035024855913,0.07913190515444701,0.030017414980171082,0.09337287932922743,2.085158587433625,0.03269439477342772,0.9774825304423366,0.15599417215430422,0.7977416349532033,0.3601541181983239,0.4523828400039331,0.4409914471748676,1.3441615983845068,0.028418915634760837,0.032773667097599206,1.6195393503724624,0.4688614391599024,1.3785489873733727,0.6761473509405084,1.3724461426046157,0.1555861721289332,1.1043674722146521,0.16849936342263688,0.02988820149186396,0.2556087033429634,0.10679716436634902,0.6008146565610258,0.06442864095117648,0.07272614090415845,0.06939287632331768,0.6451374716556144,0.0,0.0
0.0,247.28884943824679,301.8010568579967,101958.76244661081,7.221275280501293,180,1.3719178821806766,0.6070447625516151,0.08502623391756699,0.02990196677456312,0.29613782567175895,0.0,0.0,1.038903975205088,0.1549841266619911,0.8387150773321853,0.37133193100325973,0.08751210815114273,0.029336550771024955,0.0908961739942665,2.136677682728924,0.03229748662453101,0.9469780879587689,0.1554799479022321,0.798287215986655,0.3781520609157677,0.46901070134844447,0.4439306961046379,1.3408528825195727,0.030869979489809823,0.029686040485564707,1.4234973175099463,0.4416954306494588,1.3773833843163477,0.6170377287116698,1.2950544554722903,0.1554089647810256,1.103798512743004,0.17668878411941652,0.03073295805828044,0.2219225461768774,0.11040362098365183,0.6268111539222292,0.06514958344062334,0.06497632690774499,0.06647881622651547,0.6679309891977626,0.0,0.0
0.0,64.39966940308388,291.41594061681576,100777.91651927624,6.530034586929222,180,1.2709871121276188,0.6091684383944538,0.09163644129263415,0.028893156268414186,0.32545031762525267,0.0,0.0,0.967658953529297,0.15518174934701914,0.8385728321209244,0.381223530220768,0.08463667460449027,0.031156454117338552,0.08537008182534575,2.567630687024184,0.03192502217621006,1.1434917560334799,0.15487930905666036,0.8030579912028569,0.36078686525473064,0.4776717904771953,0.45168819796174725,1.3458587901967025,0.03272740831320767,0.03252887825208358,1.4844190505305692,0.4205841453563393,1.3671162460625093,0.6448243746388077,1.4400501038477922,0.15517918463852995,1.104921036096959,0.1690986740661908,0.03146649867780125,0.24232190205691242,0.10517334492709311,0.5994295842775106,0.0649307404294576,0.0676300690455127,0.06259655381742556,0.6094985389852067,0.0,0.0
0.0,225.71443241519944,286.2077041716744,101504.31860957491,9.39372108576598,180,1.2560769413092505,0.6072956739458952,0.08628450690255746,0.030231447039724416,0.30927495092446966,0.0,0.0,0.9963972906888349,0.15511835777411406,0.8356734130141489,0.3833450889451802,0.08855932384557512,0.030523553089757082,0.08516003202830906,2.5382187944271912,0.034068248236567726,0.9802387219744437,0.15553800674547621,0.7998780338987506,0.3523841192360277,0.4739169403671522,0.48832939429321737,1.2497385456404522,0.03247779673070721,0.03401633784819381,1.513917286184532,0.42728352541841347,1.4066178217415097,0.627249141713336,1.3933279597592663,0.15587756665428606,1.1026888701965507,0.1853874419540067,0.029686408231870094,0.21483255882795613,0.11301433284736763,0.6433012923358244,0.06750434800616852,0.06191866677048723,0.07028585274732724,0.620356910447757,0.0,0.0
0.0,58.304655759063316,284.686159977813,101858.3753986296,6.284010214423115,180,1.2506823040141872,0.6102894721016756,0.09013493682228621,0.03076643788558765,0.30210754067255047,0.0,0.0,1.0811649838735118,0.1554350283004372,0.8372853317850075,0.33645398089853734,0.09032239904276083,0.030006912371152113,0.08730977355480508,2.369901121218873,0.03312202573011592,1.0099350079509408,0.1556347359083618,0.8007933508339984,0.38895584821056295,0.48704778602214016,0.45380934926953714,1.414761492517294,0.02964030569818064,0.029297143522020955,1.5000672936450141,0.4475307107599628,1.3063560816525601,0.6880248255672747,1.316273950776925,0.15568685897212006,1.0994927179893164,0.17177539859670532,0.03302905880575883,0.2336669019638968,0.11445920041050724,0.6292408689564173,0.07284376033913949,0.06416598700712728,0.06558846561749845,0.6716221809901362,0.0,0.0
0.0,144.66708634417574,293.0910741907839,101891.7913077356,7.6905634324229775,180,1.3631905847533379,0.6093342709008026,0.08495784606190428,0.030084117961101383,0.31380648572901754,0.0,0.0,0.9532217856346324,0.1552866350601547,0.8383016227944355,0.34798830897426747,0.09436902839563333,0.03498141200696771,0.08882090708909943,2.4385289041853953,0.03121465104665156,0.9900223106611736,0.15531787472345898,0.797687119021273,0.34760196341340716,0.4625693048091054,0.4548771064958655,1.3964914845858476,0.0287862803028544,0.03323117396169112,1.6232231570076692,0.45365575083084325,1.5295258478157063,0.6373234587619275,1.3363718283280932,0.15573595996490772,1.1058074707034151,0.18569578684927782,0.030080609019015228,0.25692895403033483,0.11997315885778521,0.6181618513305829,0.07180872481033654,0.06779116849554989,0.06042759165107235,0.6303091174130022,0.0,0.0
0.0,237.05927541573473,290.4837422512487,101172.29184471877,7.079527004030459,180,1.4130510843921227,0.6106223872732683,0.08830832953793442,0.031026941055039697,0.31801000193143714,0.0,0.0,1.020624622290017,0.15542466412933725,0.8396339172398091,0.399313555330174,0.08754603791722528,0.03104598403770011,0.08965672400544983,2.3212706370262355,0.033424072233901814,0.9180710330547582,0.15559058004803109,0.7984421774748197,0.3436233143155019,0.46488040319034485,0.4343267015425063,1.3391059143567359,0.029831343420063758,0.031021579778864234,1.4048408171234983,0.4055354331282112,1.333313725449007,0.634558566217598,1.2863309776972398,0.15552996213144266,1.1023276957306736,0.19464239136452297,0.03677065597023904,0.2361784706840508,0.1101979268359434,0.6052645758897096,0.0670310293121375,0.06535593959019341,0.07123245406459694,0.6259940031606331,0.0,0.0
0.0,355.27716429201473,290.8659026882984,100883.7673269753,5.288667001261777,180,1.2350568206314614,0.6171664483786832,0.08733097076407245,0.03287965953746125,0.3162353007454613,0.0,0.0,0.9867333478560869,0.15527580124206541,0.8401388354531212,0.4074553867775624,0.09180484953964657,0.02915750608420979,0.08679246668556949,2.2327486498433653,0.03192370358704805,0.9777076859773355,0.15577082585261745,0.8037118770751982,0.38455169486555113,0.4506913715098489,0.4668538566128618,1.3179522878937466,0.02935510188794383,0.03125845092091769,1.5185039901254374,0.44302954900586733,1.3166028679705992,0.6137058454926774,1.3609662910630782,0.15567562591921816,1.1040260302873526,0.18943871742110385,0.03337284675085217,0.24432610225264859,0.11830578592723481,0.609034869278366,0.06914645134097401,0.07099463052852131,0.06553025607406725,0.6092272298869169,0.0,0.0
0.0,211.5985515409556,288.6924524524709,100838.60444913113,6.616177686751994,180,1.26776728704143,0.6076250753364572,0.08729412086709676,0.03251939212074356,0.2991170310422975,0.0,0.0,1.0277437609739206,0.1556892037486139,0.8409900278185826,0.3663285186724177,0.10156955256355266,0.03263380805408945,0.09102924389998414,2.0502325435855693,0.028588163301486516,0.9139830255456727,0.1555770393987505,0.8025656627112453,0.38191503790675546,0.47112629167602393,0.46321676304306025,1.6518407394978742,0.03313819554991556,0.031470603511002254,1.6043974063226094,0.4508207754844253,1.4366598230606082,0.621499670180857,1.2488527313656308,0.15571835234224332,1.1044299191056284,0.18926135645135653,0.030708490180574685,0.24013993819930535,0.1161396229854036,0.653656170732307,0.06524434376479667,0.06101624414389083,0.0656710386497345,0.6210307952890662,0.0,0.0
0.0,188.71352594332876,296.7656279742056,101093.59393808593,5.178500178838944,180,1.3125562151735792,0.6119530329924094,0.08597747383233993,0.032863961619449704,0.3085498532977765,0.0,0.0,1.0605527093681495,0.15543822614388725,0.8419784166467948,0.33536360952791244,0.09426264755300072,0.03335722717385587,0.08758638913966676,2.3189859660294956,0.03186978904962431,1.0203324829649862,0.1555149788231581,0.8021087999249416,0.35093549575320154,0.4672879574276765,0.4545006417268493,1.2607541017741362,0.03341641387691208,0.03334521923908289,1.613882927996062,0.41447735489272336,1.3965866124515023,0.6786831790366606,1.4586162673808114,0.1553943357737615,1.104435043028404,0.18494897210248323,0.028752523423280305,0.24966415235163125,0.10397738056803871,0.6563476494951364,0.06624695062870166,0.06806696188704559,0.06991984850721626,0.6032415369786467,0.0,0.0
0.0,292.18179482280743,293.56515225387403,102115.10337089814,6.3976526906874955,180,1.3392691890039383,0.6089160163349284,0.08485470781108331,0.031211335005752048,0.30464299232506464,0.0,0.0,1.031934630039182,0.15554365637907294,0.8410686483877535,0.33135915908225627,0.09372060985182216,0.028947021682528,0.08439245225634535,2.4568920818719153,0.03050182203602913,1.0723739408364963,0.15555605949061796,0.8026337574499322,0.3695871112600423,0.4530875014500114,0.4753018601262385,1.544699759908345,0.034156490877264224,0.0312575199281976,1.6191993165689134,0.4409641757275576,1.3835050429522302,0.6415244982825025,1.2057999941938633,0.15530747073472947,1.108400048661277,0.1869090951082746,0.03195066646858236,0.2362029883580663,0.11118145526623525,0.5825003469491435,0.07083406437035136,0.06879729276188755,0.06453496931614354,0.6577923982981819,0.0,0.0
0.0,277.1128846776698,283.04106255702095,100838.26512345727,9.581794555876295,180,1.3769093013896703,0.6137964323959446,0.0879679208333259,0.03319271750243023,0.33753686155372936,0.0,0.0,0.9973269849964769,0.1551517818301726,0.8411930935493532,0.35456623894768513,0.09028805231307337,0.03021151749881461,0.0954635433233813,2.160283881051282,0.031905082762697136,0.9677133526953825,0.15544095309979572,0.8018912494719787,0.36688737935956633,0.45665147069144646,0.4688748450577737,1.2939849995996038,0.03196354724134025,0.030667956173774626,1.503769676980787,0.41732258957850404,1.3903820395480502,0.6515236628888186,1.4065805483302416,0.15519910933324335,1.0998164349638224,0.1839951186633013,0.0322056460494476,0.21964867008138336,0.10723189027840889,0.574862026475395,0.06785340517441539,0.07043196196539199,0.06989949578325445,0.6360223675528821,0.0,0.0
0.0,293.9214465667149,292.6281382139707,101932.03359150964,6.799908407435751,180,1.3820725280893014,0.6058762904949971,0.09375789649457911,0.030380966872148796,0.30788310458437357,0.0,0.0,0.9684979097127495,0.15542601642899798,0.8391973860985631,0.3848065779643899,0.08664323147308628,0.033594052998727406,0.09485193915827238,2.501926655627957,0.031773709392264954,0.932291528891019,0.1555825815087921,0.7995740448294965,0.35201049103012955,0.4730514021182775,0.4227263288214413,1.2740245301394597,0.0327411547573489,0.029918516238425286,1.4879605931948032,0.4383552937493969,1.2916884770736752,0.6070666719541975,1.4214771165623574,0.15600598348506117,1.1066655711178082,0.17810868689297277,0.032850387674858,0.2559931662629142,0.10468500998030388,0.653919497813469,0.0666551948656519,0.06792110830575149,0.0721086954016152,0.6002750165789009,0.0,0.0
0.0,122.60336719891052,291.3225542789561,100930.71009223383,9.512858624177275,180,1.421132494096845,0.6083641788364798,0.09745607578814579,0.03383397029839919,0.31227850710433225,0.0,0.0,1.0299523665430124,0.15585662702761652,0.8339380458876537,0.35991963588556547,0.08855425440554317,0.031125192672431946,0.08711553446725502,2.4436051329364497,0.03229080200746087,1.080777440589052,0.15541016900861793,0.799779709917675,0.3555903255060077,0.45980036738886615,0.44286390912019263,1.2742128156004546,0.03147664729890337,0.033964286646173264,1.527922156167088,0.41695523961787445,1.2975489058314538,0.6291436102515503,1.2085839799510976,0.15497619442524485,1.1022995052326525,0.18987771601718054,0.03381961755662254,0.2177176118080488,0.10349145227324616,0.5994216635148294,0.06945458432030452,0.06878880268248617,0.0660607007154707,0.5782469729480693,0.0,0.0
0.0,137.96797782070306,292.15618026415143,101348.17579210772,8.667401796579302,180,1.2612977088775372,0.6058783470612512,0.08654908970221381,0.03189840987287633,0.3272057907352231,0.0,0.0,1.1236286375101818,0.15507255590722224,0.8410650218863192,0.3448035943723507,0.09772763323168683,0.0347604764443926,0.09322693797146828,2.5134758939159956,0.03418535711338644,1.0523690091081543,0.15542144782998765,0.8013575382799483,0.39250745464625536,0.4404972666663196,0.4885093407053965,1.3816515133104352,0.03141003531007943,0.029958225820936508,1.4864492837144547,0.4532655106871874,1.3099900252529473,0.6135495696047212,1.2283534255287598,0.15542486364091784,1.107656840521984,0.1870019689244424,0.03284291658423012,0.24372759069999553,0.11377202677239188,0.6145212732817875,0.06354116093578034,0.07393540360090946,0.06885557209524987,0.6624875863027436,0.0,0.0
0.0,356.1350597929617,301.9592314556381,101358.29750204262,5.618430192197156,180,1.5659091012436193,0.6117449603393711,0.09201275005437969,0.03172987973151707,0.29632599365549767,0.0,0.0,1.0385303794516496,0.15490295000362275,0.8407600859234026,0.37670347100442053,0.08861199632523004,0.03285472685635774,0.08812747787490825,2.2471219863159537,0.031940264837663546,0.9314252308671971,0.1558191604083658,0.7988578715076391,0.36793616157727904,0.48018710577756263,0.4719493946741336,1.338664026044477,0.02991624615933615,0.03230363788302969,1.6229027901266821,0.46823451351684786,1.2851036216068292,0.6429802220668103,1.254853288560888,0.1555221613546483,1.1031290289982043,0.17163824425188567,0.03332176550309586,0.2461847448034056,0.1258240522502811,0.6237006253491288,0.06647574724764493,0.06428583630737672,0.06697672657724274,0.6720721608698856,0.0,0.0
0.0,265.8751747453524,291.6321280526766,101183.66966589514,7.175158152876762,180,1.3760519973278347,0.6093397726445755,0.09607435621399996,0.03286047947092481,0.32076257702841304,0.0,0.0,1.0322386344264294,0.15609430774847788,0.8378258555148308,0.3680804150525748,0.07834988638798553,0.02757425364365787,0.08319215738613736,2.3525099571641346,0.03294356765740585,1.0110135904858888,0.15581707782227358,0.8002534427892717,0.3255986167516146,0.40679987000113105,0.4251349568182204,1.4377936882384061,0.029711135507090296,0.03124388771448182,1.4559138080446674,0.44997188216277695,1.339834884855306,0.6402907231799343,1.2951344078767157,0.1556401959588302,1.1051813062826776,0.18978044134156594,0.03185528632753961,0.2476864412258176,0.11628517018204707,0.5856748066263127,0.06901897145699243,0.0627691817666798,0.07276725605957787,0.6839175838162055,0.0,0.0
0.0,253.86985725224747,300.1197751933962,101374.59684460805,7.540226308300699,180,1.3542051510193076,0.61206182215025,0.08858854876162055,0.030752350129485264,0.319826709098535,0.0,0.0,0.9980370097111888,0.15500855229429417,0.8360733541370697,0.3517781641523713,0.09123492344438366,0.03365482259013473,0.09597983542672446,2.321520959373667,0.03285440387500762,0.9553056157870833,0.15539051526503522,0.7984598363418817,0.36021314344239463,0.4903268992069522,0.44181213967472155,1.4361025637656197,0.03186839538884708,0.034465166563496026,1.5390304205516279,0.46282225742537475,1.3548417089523828,0.6791437946813073,1.3560277588699035,0.15511575397380345,1.1079873881863227,0.17922014045775142,0.034362738003797695,0.2360129673851065,0.1157306050278529,0.6221331580537134,0.06893337091632754,0.06517837465146183,0.06747302242242584,0.5970980579175035,0.0,0.0
0.0,33.28298144739013,285.1367873002099,101059.90090613633,5.660117883101817,180,1.4217243975990719,0.6112566754534512,0.0899118839881224,0.033534150692265924,0.31089876643000564,0.0,0.0,1.1545449799617122,0.15520489065491672,0.836603800094017,0.33839685411002246,0.09512394837158959,0.031794041057472806,0.09177301797161162,2.1477439973444703,0.02967582150457117,0.9339264127546246,0.15547176447543776,0.7956625886720383,0.37501996789801184,0.47118112593780603,0.4624944876939323,1.2903303086180342,0.030266609396387593,0.03265880962909979,1.6130268236120733,0.4474566991393497,1.252190227012119,0.6352361514708683,1.294092634933749,0.15527030622778001,1.1012748492249649,0.1922601830828265,0.03143995548451304,0.23572820608287265,0.10529252397167407,0.6335611203916914,0.07015648885354202,0.07011935236424689,0.06624858814093863,0.6531049328839793,0.0,0.0
0.0,289.08871232689586,291.32680537839644,101374.84239437377,5.173014243544506,180,1.334487975603204,0.6088912149392478,0.10136969854360363,0.032617174888899876,0.28996053239072483,0.0,0.0,1.031729827444857,0.15567565454603416,0.8318591914453347,0.388348051569102,0.09957041246806247,0.033147829589641235,0.08281642762237522,1.9135560625825134,0.032844212766100195,0.9098518444634415,0.15586901781854132,0.7992986561287871,0.3436561529737694,0.4178705631585737,0.4334458542391675,1.4511844380536112,0.03341050043380219,0.03029992161098631,1.4610995138854286,0.47618272418719826,1.475032102271116,0.5972700849463953,1.3960551360862408,0.15577596369641555,1.1031552189425575,0.16090640088840122,0.03288867502560092,0.24147487759138894,0.1049799122775709,0.6167753786349456,0.06842057383630433,0.0696037349279402,0.0713027816586909,0.6047819063675849,0.0,0.0
0.0,10.818088413438499,286.47165944679625,101742.72456900435,7.032940562380689,180,1.4247790333743537,0.6086400998558453,0.08471875642432271,0.03313257519225577,0.28501524959118674,0.0,0.0,0.9659577618339511,0.15527129792532493,0.8400133382268694,0.37219388417254257,0.08477881251268979,0.02930525381088424,0.08697777530939671,1.9156263241596148,0.03161244608778682,1.0304081263883942,0.1553722255784199,0.7953758499980667,0.3653407205442878,0.4695396250516394,0.45300477835490616,1.3220461194863524,0.030418174132396062,0.031998784306926195,1.545144410745955,0.47667429476663165,1.292856675793549,0.6222644592220645,1.4597689714232946,0.15548729724859592,1.1016535565623489,0.1708741070712037,0.030380206449736394,0.2341866337891755,0.11121375763248666,0.6108818600860438,0.06444626028919309,0.06912464784318072,0.06265050207618204,0.6122986465731296,0.0,0.0
0.0,266.43554644696076,300.8471972347756,102041.75766282868,9.106600371639678,180,1.2659466590629085,0.6125651971112006,0.08916830788390187,0.0313940336572597,0.313144065141453,0.0,0.0,1.0794762450882494,0.15558641443511098,0.8402988346120268,0.34575451197260654,0.08723981586310058,0.03335882299441782,0.08391214344378918,2.364663080205824,0.03106455901048361,0.9290249322827598,0.15530528508010905,0.8025441912454925,0.3495734050451707,0.47994680983939575,0.44567741208751177,1.426545411127896,0.03156330314707243,0.03239513480937289,1.6427936299029802,0.45405643815028485,1.4117342372450346,0.6416386932128048,1.3158971088590639,0.15566566779393912,1.1025731510908612,0.18393379200303495,0.028342035655651073,0.22753585014264424,0.11144274164174701,0.5968889199918744,0.07462841770825308,0.0659401098744698,0.06672798693942146,0.6473593305254983,0.0,0.0
0.0,174.04891314821924,289.79388679561185,101231.91502237646,7.1551249646844575,180,1.368329418335848,0.6075181876319138,0.09171056903768428,0.03404557121486619,0.3027611753568088,0.0,0.0,0.9774661523708177,0.15560454381196598,0.840219667546856,0.3597631466932301,0.0909542574426901,0.031031110421549386,0.09426281450253307,2.342101967104809,0.03193535266333813,1.0514879063354492,0.15532888773115466,0.7983624653601634,0.35371097004908675,0.48991311733560017,0.4517377466074955,1.4502038587410684,0.032532689562702055,0.028446384038147067,1.4804756065087403,0.4592994893976728,1.4190190739859587,0.5428784944138951,1.431445736489438,0.15545251905194787,1.1015746335615277,0.18330767906742151,0.03558596735273239,0.24396006512537993,0.11030115481930293,0.6530082307667662,0.06237253434967167,0.06660249601630958,0.06471212255966464,0.615799278046525,0.0,0.0
0.0,211.69588528968174,293.95600605089567,101638.05718446102,6.204506457596602,180,1.3497069672464412,0.6108713676456686,0.0923226473397082,0.031846069913210526,0.29533883124264126,0.0,0.0,1.0549862476393272,0.15568338958380187,0.8372224142887182,0.3728055859977701,0.09312624039502325,0.03334594623991163,0.08359660757088286,2.58893221934887,0.034068064917310154,1.0141953008167055,0.15525222008753806,0.8019196147767733,0.34664019993304995,0.48716943843358684,0.4458261604455807,1.2325262852779586,0.030828718379844394,0.030576176793071626,1.5017701515483335,0.46511832336032916,1.3879707432450386,0.6240326437087981,1.338682960782022,0.15556953418331407,1.1033237956156008,0.1847673352798827,0.03223447936228104,0.23247304532898808,0.11845824914856083,0.6107600720630902,0.06985832416743622,0.07352986290088764,0.0725255810384849,0.6577497183283364,0.0,0.0
0.0,313.2703046101084,295.28177436233193,100643.74960206736,6.870503059887859,180,1.3107880123022635,0.6073045987981065,0.08968892330010925,0.03193495193064535,0.27810232149159125,0.0,0.0,1.0264890288401565,0.15568464946986174,0.835825844947113,0.4027003694069526,0.0849995675795278,0.031036571339740155,0.09159486268966084,2.076453914594161,0.03201626330694888,0.9570100778287175,0.15597540121667822,0.8027542065316638,0.38388085482640494,0.469310257712139,0.4569442047558461,1.6905433464427189,0.037417732335196706,0.03340428738460596,1.6557361156474786,0.469094288549742,1.2945118923913126,0.6134338814059617,1.305110937047599,0.15585357841667616,1.1044812257716425,0.1993173019438498,0.030627333030619833,0.22410298869167375,0.11224159168349901,0.6383929061065527,0.06350647742588898,0.06870832943263035,0.07184737673892701,0.6406334315560135,0.0,0.0
0.0,0.43268566727558966,292.40396908909946,101856.1513637287,8.359316982484987,180,1.3076182945998414,0.6095905750856051,0.08895040105415378,0.029906737062830917,0.31015898700541983,0.0,0.0,1.0686477212623915,0.15558405157632632,0.8357083547662415,0.40160454798640655,0.08455587547373727,0.03159368647139318,0.09008924492510974,2.5632431933314073,0.032241850125670726,0.9599080526697648,0.15520756164535313,0.7992354733556222,0.368697280919218,0.5069959936644344,0.49090316851413585,1.5601223215708524,0.030821257067909308,0.03023220890669768,1.544196805602083,0.4704344851682082,1.4104132824215037,0.581234003735686,1.326202586449058,0.15541900145157136,1.1068476394474673,0.17376318506251667,0.029325104932732066,0.25425838829761005,0.10702909996728016,0.5876365949821156,0.0756444624200963,0.0685436810538745,0.06966189707846586,0.6479908991982992,0.0,0.0
0.0,110.22324115897347,301.71218224329414,100926.38899906584,9.17665805769718,180,1.3859931112091668,0.6138955783403767,0.08325743898373045,0.03220510781662966,0.3013230051911698,0.0,0.0,0.9849502725985527,0.1556416470444237,0.840006742166197,0.3619248649939416,0.0937141649562281,0.03166656425968073,0.09354374503919635,2.293946527774421,0.030271910780730337,0.9578515027429308,0.15559813020133445,0.7954095818357673,0.38892509879943604,0.46673324531953947,0.45781323144960023,1.5325464176874624,0.03207427199641518,0.03354900831912613,1.4842393715147646,0.46021010663899536,1.3088506341664519,0.6030381683580439,1.2742561577184295,0.1558924632705117,1.1099654003635364,0.18586140748261024,0.03093576162290201,0.22931637352507034,0.1177759874669549,0.5902712990019533,0.06511456484884665,0.061466875519537695,0.07014996410725872,0.6619744095005524,0.0,0.0
0.0,249.64711208960057,299.03295946738007,100783.13583571273,5.1062081730944175,180,1.4074404095855169,0.607373614421348,0.09403435074068765,0.03158967503374687,0.3157166079217228,0.0,0.0,1.004817381252558,0.15493613713395532,0.8377262155274082,0.35621913306623326,0.08667171470642655,0.030949318068657247,0.08774982573118886,2.563652433758897,0.031701063223997815,0.972558772740187,0.15572633677393993,0.7944872388340691,0.34524315418302154,0.44839043236733106,0.4830345638154517,1.5166533196691858,0.029410472763180907,0.030642980065561105,1.5927965426047925,0.47060899931127964,1.4583328918018212,0.6160665013675608,1.3012426983441974,0.15544227341519257,1.107579809044517,0.1703516902526189,0.03354819938369863,0.2450455178298902,0.107874203018991,0.6223160458184094,0.06264711641745967,0.07035951695511164,0.07041554988188783,0.6189377613922582,0.0,0.0
0.0,315.20605760609146,285.1476785299796,101528.88040324477,7.584335887784982,180,1.4259847241737953,0.6088204122941002,0.09624042705602319,0.032543339876237434,0.3026703930906879,0.0,0.0,0.9660518676328778,0.15552468903655584,0.832743722439876,0.3573375753216491,0.08671874937886082,0.03440063234652986,0.09117557185517919,2.3565664012650003,0.03141719542477035,0.9923088975533587,0.1550552989237274,0.8077982247889464,0.3781477868479005,0.45209779529386845,0.47868243761456175,1.4592831577319674,0.032171964396727336,0.033022696672217966,1.632964113057119,0.4546305368357638,1.3308236852707733,0.6320909037715551,1.3369786642887906,0.15586611328566308,1.107075526085991,0.17617014083036014,0.030727332984485357,0.2519459506391251,0.11546637098034465,0.5692308262418042,0.06691587259056092,0.06750406233816461,0.06900278547279529,0.6381689741521375,0.0,0.0
0.0,54.16467160523795,301.1930925106738,101109.58983309323,5.3519764938735275,180,1.308925087693685,0.6116555142755724,0.09199803221575903,0.031670536872262345,0.31491253512065875,0.0,0.0,1.019325656171316,0.15533780612058035,0.8341725128856045,0.3651822900129908,0.09136127192648802,0.03220439934892766,0.092146144947768,2.0520818142767316,0.030154571404533845,0.9674873861829626,0.15543230900330748,0.8012045680953459,0.37939638233421086,0.46159239127757123,0.45167364466260573,1.5526153832244238,0.03403433696426769,0.03154063721834586,1.5510196117416861,0.42806668451002,1.405979397251073,0.5791144530769897,1.4053549246153698,0.1556025811420346,1.1040304742665028,0.18588565066246424,0.033803349276689654,0.24088654644859792,0.11249951838930976,0.5836879314252965,0.06701756053032037,0.06837116446097818,0.06690111874943674,0.6118162992410184,0.0,0.0
0.0,30.18371459590874,301.2277832994408,101443.87096905313,6.278540915232039,180,1.3827815479749967,0.6115650988225146,0.09911105487296348,0.03241379682061672,0.319546997642469,0.0,0.0,1.0554995549810748,0.15552874263878944,0.840659747558959,0.3806681867098179,0.0888738079846428,0.031750651497264165,0.09694591353485275,2.0506968452054304,0.03103278651674929,0.9357945425845509,0.15549896284227133,0.7999450769003928,0.39483879608472977,0.46317209875685567,0.48155896952677885,1.5114124967846978,0.03217031705469412,0.030670857076404472,1.578445861971027,0.46684993485351955,1.520537478288015,0.6396622747206228,1.464063930646604,0.15554726941999583,1.1054129705830456,0.17493484226116418,0.03283784635746762,0.25809583095307054,0.11365671210079123,0.586172643594041,0.06258640384670693,0.06859999408404262,0.07070416899897365,0.5849207996975984,0.0,0.0
0.0,94.70692693745166,284.97509783991075,100910.37646153098,8.69934223485596,180,1.332652318795813,0.6081636940960305,0.08823018813539504,0.03257847141181248,0.32748435770562934,0.0,0.0,1.0380414101152646,0.15548360017800703,0.8382908855343751,0.38996116082567567,0.08925734657285088,0.0316631149281681,0.09114563330269125,2.25746708685526,0.029626737007399033,1.0635465201126615,0.15549868791466093,0.7991377025282616,0.369317825722429,0.43052039843898166,0.4839699206198205,1.1982092077318955,0.030590438645849434,0.03191352744198994,1.5202750433957275,0.46491298000351416,1.3476356203461604,0.6061603208886046,1.4271857630941522,0.15559798563155663,1.103305865153376,0.18527042150917558,0.03218749043626109,0.24048983136227575,0.11673498969651096,0.571898959907408,0.06616074828822939,0.0657326537349052,0.066153947684286,0.6236911216205075,0.0,0.0
0.0,134.44079346186507,299.492239692231,101795.12514329139,8.3120559574728,180,1.2778836113089997,0.614103827155211,0.09091190633730155,0.0310647870714814,0.32823865076403086,0.0,0.0,1.0060259672915506,0.1558393280500099,0.8327411656741608,0.35747194408689636,0.09208641205878923,0.03074524904451655,0.09233204982629054,2.744057924234948,0.03344791062461031,0.9141382676224201,0.15519609050294594,0.7973145821364408,0.3709119665215221,0.453247847470404,0.49653640124715853,1.3049397863107952,0.030445322696001528,0.03130693779032522,1.3521247155805451,0.4503573792351772,1.3650290646429488,0.6929830934255191,1.2257607712585494,0.15529056150142623,1.1024794931089403,0.16610557110871546,0.03143617383088249,0.22606953582766323,0.1130361543476912,0.6231062974835896,0.06899882336213445,0.0650503948159823,0.0666825790441626,0.6121208031225505,0.0,0.0
0.0,2.7140532826388153,297.07731756814457,101461.6303245844,5.307733837065818,180,1.3565469677260928,0.6052696595182504,0.09007687796637372,0.03275706548881419,0.3124710742090828,0.0,0.0,0.9790192547571592,0.15508620726183436,0.8322994388863523,0.3992038759226196,0.09154310375632511,0.03139759325497798,0.09535784055487288,2.4636786340769596,0.03586005820879053,0.8682229894148334,0.15545812215849072,0.7985492360476115,0.367581798221446,0.4426930665066953,0.470047879564672,1.5213755114324192,0.03502969722317047,0.02863766758177177,1.4729381254208158,0.446771251336427,1.4376577798956263,0.625998847751117,1.5364490948137226,0.1551361674245542,1.1063987987442643,0.1864378781038386,0.035090665429815475,0.24497964793805294,0.12170434484512065,0.6229075436285394,0.0686145224825616,0.07078708849982539,0.07358140984877594,0.5953459913493229,0.0,0.0
0.0,94.22428252795852,301.88597625702346,101444.64344226698,9.012932580151885,180,1.362975760242209,0.6096785239761714,0.09533199870590829,0.032026070321627347,0.31260405695998245,0.0,0.0,1.043497214905251,0.15555671017473743,0.8381034266343523,0.36217882599519546,0.09411647923221922,0.03223433777796075,0.09497398947502794,2.3430190177660295,0.031076127181846727,0.9201042646896532,0.15529830343110013,0.8004566336522405,0.3764531830997526,0.44435474045284196,0.4692669362156656,1.7439232931260256,0.031134640783072237,0.031957365184254675,1.4251349340676034,0.4078135356035949,1.3789385889514019,0.5739580488389991,1.2994705333611127,0.15584162460307777,1.1050295680015836,0.17347650315482246,0.028742238515578333,0.233994809193953,0.11700106714941898,0.6998818497957343,0.06742149394886689,0.06949810553574787,0.06703731323693424,0.6311374352306752,0.0,0.0
0.0,241.41715952386448,292.2534124937923,102118.75884709277,8.120976599238338,180,1.2387628315859103,0.6146218510317601,0.09090286409685222,0.030525980279423118,0.31617173464450454,0.0,0.0,1.0215528362640007,0.1552663403367832,0.8432487633856391,0.3764911632263575,0.08697360127351064,0.030070764388272844,0.08606033507640702,2.09829805572154,0.03256418579668796,0.9971499000992944,0.15547129776455576,0.8044247613929538,0.39832090034507306,0.49068246125496306,0.4780789565702947,1.4629265854891447,0.03166883111327547,0.03371035098171411,1.5780310477168968,0.4192106510989075,1.4460867915736462,0.6472605260882228,1.3556652325309508,0.15514046884833188,1.1059095477237302,0.19080539491084061,0.029975549205705113,0.24783801758428367,0.11751343942641293,0.611448171247166,0.06493011625868826,0.06651715131294297,0.06763693610608043,0.6437147694528852,0.0,0.0
0.0,99.11568894302347,286.95389910831335,102343.58835510246,7.811667515654524,180,1.3915660178087819,0.6087982642287313,0.08451248599052824,0.031070333229159808,0.3029017813570852,0.0,0.0,0.8995269897117705,0.1554904250488448,0.8427730676486873,0.37416346845563037,0.08801444146331974,0.033191748220279815,0.09055729987810285,2.230964328264678,0.03240418184650937,1.0115707999277042,0.15548842952410052,0.7993139152996942,0.37317394585492036,0.5149062195177858,0.47268771758456174,1.371411232224,0.031861033119700455,0.029125285283590624,1.603870628144364,0.4287478702112173,1.3239357656446074,0.6297809020357534,1.3842380884420575,0.15571595454817042,1.1028127831603727,0.17136516362902207,0.03173287820251702,0.23879299513728097,0.11175026253122286,0.5825456669138946,0.06310811942615907,0.06791075030812471,0.06702143146057127,0.690863322906843,0.0,0.0
0.0,250.86611353061846,301.55822690300124,101415.71831925138,8.162728078642218,180,1.2518164578356537,0.6061498085749032,0.08833972299974203,0.029545154096204496,0.3103318637033557,0.0,0.0,0.987637228659205,0.15514968416514271,0.8370813993009746,0.361542329752815,0.08935035928309874,0.02967459056094703,0.08798149925229141,2.2615485496757906,0.03208581802247886,0.9236856753875963,0.155137559497511,0.8006510206173069,0.39739466920364586,0.4871100983382868,0.45098690605167036,1.3016600259136752,0.029471055973315962,0.03063805743093671,1.513941611106469,0.43673791997916955,1.411357556455776,0.6493512389623736,1.3416695435224122,0.1553030976751931,1.1050477253046347,0.1877254439829782,0.032114613685537016,0.24756721752032276,0.11235256554471926,0.5586751499330272,0.06844721889682527,0.06746008326808904,0.0778848604299881,0.6319187673615644,0.0,0.0
0.0,200.59577590942965,291.6874165716412,101095.39262227333,8.583945790886622,180,1.3401345993871443,0.6093734864774067,0.09482989874676828,0.03208159434286709,0.3036552835885751,0.0,0.0,0.985930761171848,0.15538132015853443,0.8380354346988076,0.3409631131284868,0.09437559265341884,0.03287004194329227,0.09054735150831017,2.103858210223356,0.03248412967655639,0.9779314612402196,0.1554307823961396,0.8012750820067229,0.40391251292952607,0.4686058802252413,0.42944259418831304,1.6395572715048572,0.032553705778279346,0.032612268153947015,1.4886828644436032,0.44279408533237447,1.407816475293444,0.6199982968309968,1.3896884126651443,0.15572074870595456,1.106457287363654,0.17264052776929206,0.03129812065897389,0.229899366428785,0.10751977314948007,0.6065104880545472,0.0681290493630294,0.07032536611782621,0.06610762652089666,0.6282161971802555,0.0,0.0
0.0,196.4860836038373,292.6404629988707,101278.2806286794,8.63567189315098,180,1.3192682779008083,0.6099320168870168,0.09547392649717734,0.033481201443961696,0.3051144734916765,0.0,0.0,1.110374467392095,0.1551388995074449,0.8376828026076946,0.34103131671951903,0.08625555727231547,0.028874944031245683,0.09374631045503694,2.2719518806098415,0.031685439705850055,0.9407913052749374,0.15540459111277663,0.7993836877800381,0.3575918808842823,0.49977732776558975,0.46259869466846154,1.3919397453008886,0.032771036373915506,0.030867721573581346,1.519818056563898,0.4370624099772555,1.383784113157893,0.6447533223549873,1.3965548490779953,0.1549113422674883,1.1063870483488538,0.19143583996253205,0.034325317195683325,0.22538257633145403,0.1128917123412978,0.633785183691013,0.06550383038672478,0.06755227372504397,0.05947144832783478,0.6213559399958171,0.0,0.0
0.0,99.99221874438204,284.24197555403816,101517.823038924,5.57851438352832,180,1.3710456538791385,0.6170349033708413,0.0895559923014352,0.0347019608303574,0.3264643458638375,0.0,0.0,1.1240486626792268,0.15517764824779293,0.838459907697421,0.3489102414555738,0.08689457119050463,0.030702888301567706,0.0888939567544863,2.2016835217711175,0.03259028891645238,1.0288565001241556,0.15533982940897453,0.8044027395135644,0.3473640337297389,0.4362645553161941,0.46249403689731283,1.3971937666950118,0.02971544664741467,0.033942056391417674,1.5753661327373965,0.45049367065843016,1.1868405559299648,0.5783221349830582,1.2428255218009536,0.15517777266260904,1.1043083066309647,0.20073854530333002,0.03141427660924848,0.23016494368527152,0.11703187685375421,0.6108575173889454,0.06757862164229625,0.07029927498621673,0.06864353450248534,0.5571926356007706,0.0,0.0
0.0,125.2429973987959,299.9873977593411,100969.90355325866,7.397663316897459,180,1.3789991019235848,0.6105454479466043,0.09252519350864812,0.03362319387449124,0.32627756905305794,0.0,0.0,1.0576423076365122,0.1550947824020386,0.8351809865237824,0.378589494576152,0.08809112538121809,0.034429552127242656,0.09721554126858367,2.176049996817945,0.030542774831500665,0.8982033627838958,0.15524066673086648,0.7989030226638858,0.3601348793664108,0.4326169434649719,0.4720960466979172,1.396134804567577,0.0336700738230708,0.030297274031807517,1.5892125822042868,0.4988433233880944,1.2533010747885862,0.6024519118547647,1.2037608020400463,0.15554035269871722,1.105764695511766,0.18766463500473066,0.03101080893488795,0.22383253530154942,0.11260915049631426,0.5987177696232127,0.060199368548190295,0.06366128523172025,0.07428497243153005,0.6644968338990319,0.0,0.0
0.0,338.1136238902117,290.64238277424465,101365.36343521568,5.108694437816412,180,1.3870919832509507,0.6123097811519146,0.08787772636640571,0.02846827719124361,0.3159066129008049,0.0,0.0,1.0890086559974068,0.15567683622747772,0.8379546523479089,0.38251341302079944,0.08954065013915839,0.0310899492996821,0.09488893056367233,2.49680105798694,0.030687961398446754,0.9886704770780259,0.15539351723917583,0.8007805219925319,0.3727677468042829,0.47786671494961996,0.44977537756099706,1.3333920314026062,0.028688660109273956,0.032324883443780095,1.654610690375029,0.4790003697047435,1.3448795961529403,0.602020661634632,1.46973415026163,0.155393708149297,1.102546147056382,0.17605282631709768,0.031543025980629476,0.2360401117621236,0.11182101846226149,0.6289750485823564,0.06433269076225535,0.06963616202568444,0.06928220875700268,0.6212285538755347,0.0,0.0
0.0,72.002070976199,292.27388601293165,101367.39114793646,9.033793467273856,180,1.3756071639092997,0.6106445845376555,0.0929287129328824,0.03138503428657476,0.32122501295580264,0.0,0.0,1.0895831061996388,0.15554698271559209,0.8331426677479371,0.37712035477340006,0.09653256916694744,0.03247138733540628,0.0950339038473186,2.485249313642252,0.032938317086948866,1.054414627757782,0.15524502521464198,0.8024887598032409,0.3740190391019215,0.4780956049800692,0.4795031269171493,1.3288718368027483,0.03130066031491443,0.027661454431868696,1.6129735939679617,0.46323459421478447,1.4759279791532172,0.6467459893889766,1.3375008806853665,0.15521207433613082,1.1055197415465463,0.18457503946120385,0.03014485829903994,0.23026129157258501,0.11516698858556397,0.6477970132634538,0.0641796009488514,0.06133025243255281,0.07307282081326887,0.626229516363417,0.0,0.0
0.0,335.6967156410595,297.7733700013459,100472.12537527879,6.719777436723295,180,1.3967297003228127,0.6066618034994976,0.09382363425428114,0.03442934692332176,0.3080086832036968,0.0,0.0,1.0350480709735657,0.15544216911925873,0.8427276734127844,0.3822620623331901,0.0942978648100707,0.032561074460057564,0.09156798898772048,2.563712847235658,0.03196989224880524,0.9736180129300446,0.15544988888264047,0.7970262680496332,0.3744047330307918,0.4685948728013851,0.48137203008416346,1.4742805932132268,0.03155611367059804,0.0328497607065635,1.6791476568854247,0.4236990968943588,1.4045136762895334,0.5635115002819997,1.2737049510906118,0.15524253502506566,1.104386115559871,0.1759586291855865,0.03198335807512943,0.25889303126825103,0.10600404854814374,0.6167356558329502,0.06983791922524435,0.06705144156339739,0.06920827434988268,0.6700424984938546,0.0,0.0
0.0,215.59911478163184,295.6376191487082,102318.24611169081,8.084051722230374,180,1.389896028680166,0.6041906125807004,0.08290424096847693,0.03468655929605123,0.29843354810028233,0.0,0.0,1.0118845126631988,0.1552783115259694,0.8361720988503551,0.3602891957259792,0.09161901378026219,0.032910263664125444,0.09566182534872741,1.9378489359239301,0.030742429716668705,1.011695094668163,0.1553327526144955,0.800679158532048,0.3720889570978469,0.48026434437427556,0.49841144818832656,1.3698117570946742,0.029649327172540124,0.027965828776493475,1.4921102882924897,0.48113576000577823,1.3145368195326341,0.626863840671292,1.4471872381682305,0.15558919049197592,1.1034579942772018,0.18740499614350076,0.03366079878601696,0.2369338260443087,0.09914319264483824,0.5908767992219314,0.06749705530953257,0.06849246096085564,0.06664269369479542,0.6071075876652512,0.0,0.0
0.0,359.36156461808616,294.83192707676136,101467.51135750428,6.2348809167282235,180,1.2971429104357741,0.6091981220747235,0.08634985998065695,0.03188878762055855,0.30077212087944516,0.0,0.0,0.9947966058938685,0.1556279487383516,0.832765812972355,0.3902648866385771,0.09098094251508095,0.03280854636454277,0.08561292492599501,2.3183501287592376,0.032904233408023044,1.0247136529759788,0.15547628554862822,0.8002522626641471,0.38542057913495725,0.4493422446255142,0.46375761459051595,1.1308693516896873,0.030318502438448473,0.03254615305878739,1.5001417372116777,0.5110335184939899,1.3651853351011443,0.6505631235263423,1.3693555908211672,0.15572602491971255,1.106525553573205,0.16990421020588184,0.029808482633996936,0.22400893222745683,0.10822129075274323,0.6284215639412374,0.06350907878743317,0.06497286855675072,0.0722175468678676,0.5655482239510199,0.0,0.0
0.0,204.42271813704548,286.511156147891,101215.86153318046,7.4058157230470725,180,1.2745791261191515,0.6128421888431868,0.08576518873937786,0.028275864076907575,0.29702506913110016,0.0,0.0,0.9670983080021569,0.15506721060912823,0.8375180573324515,0.35904991178158363,0.09518482733278955,0.03233364614320092,0.09093071067698177,2.4138284202328175,0.03297398450292284,0.9151528137883744,0.15522022043104025,0.7972939023463944,0.38388733424123717,0.41852874550926317,0.5032395535482235,1.4720040515135584,0.029708263209022052,0.03101123737682317,1.4672041628433992,0.43356356639828036,1.3138350599413084,0.6077327431788677,1.2117536123500836,0.15573056042495245,1.1069984072733048,0.17697899622530838,0.030100266597567687,0.24218521050698655,0.1240571514438721,0.6254870811756267,0.06979269923863325,0.060646866354877565,0.06657985249983128,0.6352146552439454,0.0,0.0
0.0,20.678256567450298,293.3100870813866,101862.45322959058,8.683194698815964,180,1.2875145541369442,0.6050362308654259,0.08880869551515383,0.031796170804337186,0.312009271851529,0.0,0.0,1.0523835299912012,0.15552307732234133,0.845804818190972,0.3757249324346591,0.08392807307541786,0.03156315307131383,0.09289191861081036,2.2077174593460342,0.03309093457312742,0.9766515422598154,0.15513166789448735,0.7969501093561975,0.401414129486897,0.4448119611450659,0.4964699558885575,1.405400262459351,0.033021575443041774,0.031434123375547844,1.49142263369681,0.4449609851307702,1.3634781375074172,0.6062894589080905,1.3149767954545923,0.15506706116501018,1.1069117799555193,0.15752408550662392,0.029063492001290887,0.2146192915372228,0.11632753475673815,0.6447924187192234,0.06602917402316372,0.06438296148022919,0.06195814228221046,0.6889723553792773,0.0,0.0
0.0,19.28405708256583,283.53416178511196,101187.50871218037,5.785563230679234,180,1.3932380123477521,0.6093161556540349,0.08258497545262579,0.03316631336215111,0.3252146099587094,0.0,0.0,1.0372223009973207,0.15561232264738953,0.837966991440295,0.3651189370916246,0.08520197760708287,0.03389769554862708,0.08633298039831847,2.392395628816863,0.03313333458783792,0.9595502486954886,0.15565806315263134,0.7991425103388947,0.3537405334187968,0.46004868300194934,0.4519813469999018,1.1615462312068352,0.032069643290402766,0.03174593743070789,1.5438978376245676,0.4543360635254544,1.4143278595140458,0.5945187344944317,1.2892368024170764,0.15569486527113735,1.103003333727641,0.19311435300691018,0.03192338759626914,0.22875089684843947,0.11549855904599277,0.5394719627833976,0.06534548000577656,0.06736580892468315,0.06610559607884905,0.5961263908221731,0.0,0.0
0.0,329.72782356243,289.31643235453953,101163.59206147522,8.44930687323651,180,1.3490025784798967,0.6092594915763886,0.09542171882885499,0.03249526486976252,0.3023023592378695,0.0,0.0,0.9821689315227929,0.1556120226658086,0.8386209038459516,0.3722792502506709,0.08290522093553122,0.032379227106909624,0.0947139073776456,2.5866206517038615,0.03179200205993864,0.9158584919894448,0.15558672022634493,0.8027821261340419,0.3484239430595217,0.4678454741412927,0.4690035653182275,1.1823520517791055,0.032382528551673326,0.03233894463176313,1.5482862896688643,0.5008844844160926,1.3118016001894957,0.6125728283387699,1.2465670304340946,0.15539953465318174,1.1100952563703876,0.17529566944841116,0.030323482938026586,0.24038626292921417,0.10973332129616269,0.6530705946046288,0.06196296913508031,0.06890672899461009,0.06403495203571637,0.6570174146492642,0.0,0.0
0.0,193.01230437119133,289.72385609276114,101814.82040759624,6.094563282054797,180,1.4408437056166472,0.6138551762824416,0.08806881090137776,0.03104391047729014,0.3009994564390176,0.0,0.0,1.011590657494612,0.15560079511807878,0.8382350831123546,0.3448465406446414,0.09114069674739754,0.03288724042943297,0.09098950571048077,2.1345286848367526,0.03211389001640104,1.0678069836014144,0.15552076350469438,0.7977224492072598,0.3512224921853308,0.4714014799258224,0.4616896763200321,1.3708679170504212,0.032816254029430565,0.03084528718951738,1.4737720029971377,0.47812962645848606,1.4347003243360366,0.6406877973878173,1.325307701537338,0.15540821292640555,1.1095504002467764,0.17574592723294624,0.0300993698082737,0.23862387002992877,0.10758852139771749,0.6069831646528463,0.06406979426429649,0.06898475608590107,0.07189500659951287,0.6192072741688205,0.0,0.0
0.0,6.305095497831061,283.4128518942656,100670.28844963225,8.27807803906667,180,1.285855111323376,0.6103527499888781,0.08581533135419973,0.03183045834116964,0.30163986247069796,0.0,0.0,1.062950258190416,0.1553835560621036,0.8375079297176178,0.3594208631832685,0.08589592388329767,0.03165786495402724,0.08557016438900167,2.484888017270432,0.028638024197680773,0.9521820223068022,0.15571508792479719,0.8000679669718942,0.3369475502193846,0.4947262543203162,0.4351490055588294,1.3738405170047283,0.030627938811398324,0.028521262276215986,1.3826440556062543,0.4462012332242167,1.2498594844927124,0.6469235357930715,1.2628027339551295,0.15580319149951213,1.1004449090495407,0.18846344723641276,0.03111585043663897,0.24958185993406715,0.11676493509257457,0.5848415262716677,0.06607310811377352,0.07136416605277925,0.06945133454396736,0.6330544763001995,0.0,0.0
0.0,63.262787440612286,291.13533439591725,100860.62804626596,7.753794103071544,180,1.3294507374307611,0.6080555375328268,0.08854681783664754,0.03217374067110595,0.30234211713896453,0.0,0.0,1.1224622953166161,0.15549050355768781,0.8377851347848685,0.3507728015192387,0.07768526666312947,0.030668867097888866,0.0869213999980753,2.363958979023913,0.03282442008860881,0.9511376853668366,0.15520705045553404,0.7979194280258919,0.38200224626392837,0.46236739644615626,0.47975519043170556,1.4496293832232228,0.033036130395071306,0.03334398619337943,1.4628036235864523,0.4838393206065957,1.4146603534863877,0.6396618966839059,1.2707655451650046,0.15569047200164354,1.1044749490797512,0.1736913925435468,0.030766506563917127,0.23243419173400318,0.1107283902729789,0.6281851886696573,0.07110307037352767,0.0684697120234507,0.07097285314249947,0.6164695371602763,0.0,0.0
0.0,298.33611179751347,285.9995840756374,101322.64730470192,8.253411433487743,180,1.3114778856636573,0.6117436967240113,0.09080576047358972,0.031412175657075755,0.339105157200005,0.0,0.0,0.9057858360571232,0.15532274117183215,0.8391090074265354,0.3905167982588727,0.09171207324936624,0.030678337866873483,0.08838045985974444,2.1719233697530425,0.030512345197915434,1.0068784227230398,0.15564931113726324,0.8012426441985138,0.3986813370927362,0.45191055864847807,0.44392683353423135,1.1667931635689603,0.034518804579624,0.03231793372509921,1.4104049274799388,0.4603110202627863,1.3723378824908126,0.6646991106984537,1.2763659217480587,0.15555679214305446,1.1062562945996826,0.17950054611019933,0.034814936272176265,0.23713308236923716,0.10914868834381493,0.6429606015361391,0.07047077515252761,0.06754912945620821,0.06935033603099093,0.6084668670462335,0.0,0.0
0.0,140.30245322828495,293.5950331578252,102116.25799902654,5.054897087804354,180,1.2347648331890624,0.6070181923103259,0.08892493700386844,0.03271356206707413,0.32510399108007176,0.0,0.0,1.0027761265257362,0.1553188228051178,0.8362968145020032,0.3394861463977766,0.08559713016922448,0.033783040873464364,0.08434480568481496,1.8983317622776907,0.03407554283487532,0.9479390871716065,0.15534401439214457,0.8044512733860728,0.35363376539311786,0.4723191046516427,0.4560196786856212,1.4685374166433054,0.029364725508091532,0.032216766411244484,1.5532592243998082,0.4023350217795473,1.4016015593313726,0.645680903177125,1.3194289474215248,0.15547863608618429,1.1080476416196627,0.1886554511533313,0.03084199617881694,0.24556711550807905,0.10515407937161239,0.6187545321997284,0.06527272725786498,0.0696851371284633,0.06772546472428456,0.6092924385223272,0.0,0.0
0.0,64.25412479070988,295.06478408194914,101195.41412598244,9.400722144588842,180,1.4084609283408418,0.6076184865006053,0.0885703648167364,0.03240528409345676,0.30407053381180427,0.0,0.0,1.0035702081267222,0.1556035028521548,0.8398709464288384,0.3397493411975685,0.09320738528092583,0.03295985950406553,0.09252827935753949,2.2894910855884456,0.032035359135944214,0.9314414509949648,0.15589167827095446,0.7999208630778962,0.38351985373987707,0.502918040484132,0.42740271959395215,1.5546255250044312,0.02999282234801465,0.032904013120163465,1.4606107232258476,0.43955784543835663,1.3225223810303974,0.5841120620645239,1.3537444737499078,0.15550415636878845,1.1012202646916378,0.18231676841789346,0.029951876586218062,0.23956594096785486,0.10758152032600657,0.6522286706696098,0.07006672636007527,0.07026507816500385,0.0659788229228205,0.574915517473258,0.0,0.0
0.0,150.51019448823237,283.7671939712356,100924.93926729733,6.44327805478509,180,1.3018866929336543,0.6099990439471203,0.09059099825220371,0.03169110128165095,0.293546602029504,0.0,0.0,0.9374551936201733,0.15539083326497719,0.8402980689083468,0.3442432738811446,0.08914667342714613,0.029712833129213828,0.08384217874453,2.1807509932134286,0.032836709498734226,0.9729563332494184,0.15555823726101395,0.8019847138950406,0.34306084825648947,0.46821687282566804,0.42570788564279094,1.2320105745145125,0.0340079280152606,0.03385070744209952,1.5325205132438846,0.44581013693124505,1.4708027514830064,0.5779756156993956,1.20122922343723,0.1555266589884828,1.104313841303544,0.15034555019250537,0.03166462106086886,0.23902289347425582,0.11259659045155312,0.5634091415807689,0.06555461687505049,0.06774165990365388,0.06386968428333767,0.6161321000822078,0.0,0.0
0.0,186.95946595755152,301.55755202269535,101032.84082702064,7.2740763739684,180,1.3625578578890747,0.6078689752247569,0.08947923089825725,0.03258106655498642,0.28769037284671556,0.0,0.0,1.006255687107638,0.1555657843239099,0.8397016522631913,0.3820303939519421,0.08666980129543814,0.029282629849923462,0.08842611422336552,1.7677134588961678,0.032971982917189266,0.8501476054459769,0.1556302682984847,0.7985101964954601,0.38501256690857066,0.49019806602045696,0.42586544922873004,1.7130304245199168,0.032351886805629955,0.03024765180267384,1.444136556718327,0.4389581936008112,1.318145217323512,0.6645841412543461,1.4070578226331412,0.15556268521102212,1.1095445051336783,0.174557546599514,0.033439742809233515,0.23072633305832088,0.10819140691870473,0.6544894677762101,0.06819643819291499,0.06919027619618642,0.06766933915459569,0.6276040402703487,0.0,0.0
0.0,121.15093624646619,299.82663643925116,102086.11863050576,6.914646581082076,180,1.2407373668057098,0.6104125401411642,0.09492273509992472,0.030232394163160467,0.3194572597051382,0.0,0.0,1.0761734528649396,0.15560865088761044,0.839020239376628,0.3671910793623252,0.08668465278263662,0.02966620784455727,0.09315689187345506,1.9857946626050984,0.032450402103686486,0.9966037840560621,0.1554417363820777,0.7986548539097791,0.351850242773869,0.4579053083506778,0.4726652190357298,1.185971187088678,0.03173642757523195,0.03222366442802909,1.5710941561791887,0.4732041554175648,1.4441318695006795,0.6937049689775074,1.1985551015653466,0.15562783810661168,1.1067713897998028,0.1916645150536961,0.03289234121301742,0.2402713640327728,0.11043428115321256,0.6501900636766837,0.06526081509065149,0.06747811369717076,0.07196166290321615,0.6033627012014197,0.0,0.0
0.0,344.9527461227027,287.81064846066784,101363.30695744157,6.300250657271066,180,1.540094576907685,0.612119556777062,0.08939388257919863,0.03359276115550947,0.3111303551308244,0.0,0.0,0.9813097286997827,0.15522607288653914,0.8372899807126819,0.34673770445243124,0.092929676127912,0.03353739893011356,0.08260820571666247,1.965993879259127,0.03197274007503223,0.914479534067752,0.15532483696893898,0.7980733900626135,0.33727031031866334,0.4485709819114578,0.4860408025099127,1.16868710316488,0.031110848494838615,0.03210148600219159,1.4652133306696469,0.46225177361885766,1.3796408796774458,0.6392089247769596,1.2825141348946252,0.15552193773799036,1.1030388790394612,0.18598540123479523,0.02900793757519282,0.22551386348197422,0.1106001792499789,0.6442862636706709,0.06665477757580836,0.0690897258166403,0.06705442665545046,0.6247137727775305,0.0,0.0
0.0,256.6807610356262,285.5553667938532,100883.23193377849,9.31836054284152,180,1.3556764748202126,0.6071821293389634,0.09499299720479973,0.03290055454909825,0.32508149022631994,0.0,0.0,1.1948265601887278,0.1557839058735054,0.8356691917498195,0.3997204677788029,0.09389630770720053,0.032651360778484885,0.08996810308202957,2.6308967462267745,0.033123763333028584,0.986439558919047,0.1557063187744885,0.8004970169386002,0.36412466675556265,0.4664062956870317,0.4386250363510725,1.515901258166013,0.03228054706089204,0.02867050572153267,1.4860789947117206,0.4713689549035082,1.466499857378581,0.5881682443766092,1.434418206508974,0.1556630326065499,1.1074480730839142,0.18807064216487068,0.03237929655188133,0.22390165637344836,0.10824188926808162,0.6503184744217996,0.062295087892873996,0.06171383305567959,0.07187645371389,0.6277003445770548,0.0,0.0
0.0,56.89947077719684,289.2907523834752,101879.63642673708,5.36989490890125,180,1.364409789615828,0.6100251732960246,0.0857315218684492,0.029162995019868333,0.30048092456145303,0.0,0.0,1.0646000893449106,0.1552436164495082,0.8368640134363678,0.3780482516933957,0.08910686525027879,0.0336802050019416,0.08410256841637234,2.7117093231614775,0.033344169682842976,0.851718442301834,0.15495478796626172,0.8055275942994247,0.36386589257337837,0.45377363698880235,0.42739859465987057,1.3512302347035616,0.030728271317846334,0.031434381065997406,1.6036071580851696,0.4121865525862167,1.3770423738015463,0.627381290612703,1.383966103344444,0.15506348880169227,1.1087072216753582,0.17129360835472507,0.03176792894839717,0.2371353657292156,0.10791183340084132,0.6088727541259391,0.06926853185616785,0.07008230254484177,0.06845914049844964,0.6184641616422004,0.0,0.0
0.0,235.28705577633264,283.12067882303427,101408.71865686074,9.307014846967077,180,1.3991267222106252,0.6048669573287118,0.0890318958954523,0.034417043329713966,0.3174748040677431,0.0,0.0,1.0542339827327376,0.15584747268569385,0.8362928083888472,0.38554071076187724,0.0935704290379247,0.031306616467457346,0.08950962329130674,2.002459147172038,0.032063004491362304,0.9330815261942443,0.15556057823250355,0.7996044393879932,0.3440840665882972,0.45077794279046474,0.4935049017113513,1.3335974805502198,0.0351019412675645,0.03209268209881094,1.4508516310420572,0.45976469177284895,1.4429912894912034,0.6024803262625913,1.3663302949883964,0.15486108388665792,1.1060850160948865,0.18692671524950238,0.03265974012987179,0.22117768968610307,0.11024876244108761,0.6211399842519296,0.06350012260068034,0.06758031372036823,0.0642304309463533,0.6195993905898768,0.0,0.0
0.0,194.08679211785167,289.48933159842414,102142.13036788926,8.182609976062446,180,1.3366587545139603,0.6105799578358829,0.08973716474563884,0.03611342243153736,0.30290748465564304,0.0,0.0,1.0617351512418967,0.15519180844586464,0.8406353324777197,0.3836452702389457,0.09173211393174817,0.03420651420081272,0.08014344054517053,2.069084869410221,0.03103547530953514,1.046540317018664,0.1556152242810759,0.7992512639656394,0.36555285115192526,0.45402767015369777,0.48941105946907976,1.3271481201957112,0.030272812762018004,0.03093544203633459,1.538530396813482,0.41140887456266617,1.4087760495958876,0.662449917192348,1.393086274851074,0.15548626421332298,1.1043828083609792,0.1737481178945439,0.03437802772481522,0.2342319574673033,0.11319473770046527,0.6206976072073754,0.07114000054400224,0.06945864821226663,0.060902219143270396,0.6873099199636411,0.0,0.0
0.0,252.9819116979862,299.0120014313253,101640.42790103354,5.579824318562484,180,1.303367448310097,0.6086929431595828,0.09041778113127184,0.033611950981639986,0.3388955202839651,0.0,0.0,1.0795681565324908,0.1553532550044162,0.8353895725482908,0.3678540254134728,0.08925736649138831,0.03058625467240785,0.08923557945388813,1.6518904879057064,0.03263529273550347,0.9396002609647383,0.15570862502358793,0.7985481150929464,0.35870316479093173,0.4655903686411989,0.44219118868654306,1.1968990232421064,0.033841632204385665,0.03031157871560936,1.5592897007800806,0.4291168458583267,1.355340350333879,0.6326207458449117,1.4419291391460096,0.15571151561254004,1.1084955761311,0.16482561776569118,0.03271237218061438,0.24199984015642526,0.10550553416375326,0.5926824553673713,0.06639253035984866,0.07279871054494463,0.06367894401816905,0.5974395098415654,0.0,0.0
0.0,196.86047750329672,288.89621138169423,101449.61053839071,9.339474723764514,180,1.4323793928305064,0.6119248552405548,0.08462201165115209,0.03372477163483128,0.3170426381981439,0.0,0.0,1.0962314475011514,0.15520382649086467,0.8426368197399087,0.37851174776383123,0.0924189455551095,0.03183392074401988,0.09246287829208825,2.09969273625494,0.031031991323385456,0.9448877723379738,0.15510328135958806,0.7942949230079293,0.366854175537533,0.45642243975114827,0.475828553821889,1.2109325712662822,0.034001398518025604,0.030778298339725146,1.3292778818755302,0.43355070266759094,1.4091553891522122,0.6411376450713979,1.3673487746934283,0.15504296751989682,1.1051470871888038,0.16877071025052687,0.03316816193418382,0.25377187957319647,0.10375703984338448,0.62786757444401,0.06978117775791479,0.06835659013787396,0.06709893895049972,0.6091852670583159,0.0,0.0
0.0,175.16286046609605,298.24854665746165,101136.1763553789,6.977288240964791,180,1.3945671987067678,0.6064899635003527,0.09174361300559922,0.03004173405613067,0.31514154648007014,0.0,0.0,1.046431644195837,0.15519891753594275,0.83672854442304,0.3392808132924893,0.0873553146511836,0.03139492931158133,0.07924882133026852,2.302676862244603,0.033724388251004586,0.9181445263277227,0.15557875515232342,0.7977189075330356,0.32608257578240485,0.46625065123445264,0.4519471373490493,1.3100254847512516,0.03299733086314791,0.031468823302520016,1.3433965939742978,0.4875320079816593,1.3777508995258088,0.5995456922399797,1.4559150126435465,0.15517227847176918,1.106391446292213,0.16817576014377847,0.029846001159292253,0.25090866284355373,0.10083073857407734,0.6185119592989506,0.07132527349319674,0.06281949913699578,0.06601185330940713,0.6619795275615207,0.0,0.0
0.0,50.20210759689774,287.9708469872231,101663.64760523773,6.7839720473290495,180,1.4265018245523862,0.6091708624173638,0.08743156237389939,0.028783106991190032,0.29632633618623005,0.0,0.0,0.9743433108056857,0.15522832830760885,0.8404440692916543,0.3641891267854292,0.09622715955186652,0.03070676864164189,0.08579251005026085,2.4108081128462757,0.03226231920656805,0.9952897797182968,0.1558667949040329,0.8007795758143895,0.3865888425665323,0.46811990418415034,0.46842269504733675,1.2461164770782371,0.03158700968334007,0.03074378306307511,1.3864589934170783,0.4547949225801009,1.36592002184529,0.6150368613627284,1.3969405775670531,0.15509366624803553,1.1038231735913955,0.1923123213024551,0.032075716249158795,0.24235247622758674,0.10545254062531308,0.6592821769182252,0.06760407656458707,0.07014871044628508,0.07174790276044206,0.6471756478778128,0.0,0.0
0.0,144.74430482176084,300.069187984857,101057.58103257947,5.201056644592683,180,1.2362215053193357,0.6076204605050637,0.08499324851927519,0.03256744353863452,0.3219691302583613,0.0,0.0,0.9878127906598985,0.1555633360913483,0.8393600703716336,0.3740846360407094,0.08541871050513114,0.031136957091553057,0.08602170294896569,2.258908407001223,0.03168000657509131,0.9948214041951208,0.15571944891290995,0.8011981048801662,0.371699524332007,0.4731479523037451,0.4653848497329444,1.4974126114102309,0.03005394137866659,0.03299975646607648,1.426139027853889,0.46112293431311696,1.303568915523623,0.5887435213868543,1.3944572482796114,0.1553539592207965,1.1030332231571762,0.1589536311111447,0.03238972293514282,0.24909811097571768,0.1090457066068633,0.6154060152113866,0.06884794565569666,0.06620271190937284,0.06641976447269733,0.6279839169815117,0.0,0.0
0.0,21.645678745602275,286.5980901155262,101531.75967093739,9.692518195767365,180,1.3224434747921483,0.6121626071290646,0.0872411872573769,0.03340055616828551,0.30673074530139144,0.0,0.0,0.9613378824342976,0.15517404669352725,0.8416725148231866,0.3768445202887521,0.09160161113116883,0.034260407705078585,0.09182792351936586,2.4406731749757444,0.03023596393999162,0.8776694248131149,0.15542612146908533,0.8003950381845022,0.3677965370546978,0.5190181415081728,0.46908206390396,1.3794410146805165,0.029898034223827967,0.03143106383307163,1.5283870803438304,0.44954447025949046,1.3330486344958272,0.6645305875386958,1.345777772238632,0.15524471462656012,1.1038631830457364,0.18893060479926155,0.029614309710010764,0.2259486400005288,0.10305174769684648,0.6399562807552072,0.06708192100337447,0.07262366456169353,0.06591666822508406,0.6752290663031917,0.0,0.0
0.0,157.0871564472627,299.7379810313288,101069.35907326068,9.361221755157125,180,1.348758031282126,0.6081501770676562,0.09766107517827989,0.0310977075896924,0.2996233120927588,0.0,0.0,0.9513522575199095,0.1552472552484538,0.8334611114397127,0.34499638224240015,0.08351024430127854,0.031307101640389,0.08736417490596099,2.4290935959832014,0.031957603532559886,0.9561194077855263,0.1552639492772328,0.7968673736020061,0.3594349277345019,0.455229211670332,0.4530697579381044,1.3354870008136779,0.03309979661541134,0.031579289425998046,1.515859658676139,0.4410462122662335,1.3072928685895635,0.6423879107139381,1.402707273999484,0.15528004194137054,1.1047982525139088,0.18397459873586855,0.03018148416789204,0.24841681346345126,0.11519036282650634,0.6297186931355693,0.06239465042592159,0.06546982070850209,0.06415696789243272,0.6408716124406765,0.0,0.0
0.0,204.82322189838814,294.288947017845,101564.67695880667,6.646357428325164,180,1.3179489656471362,0.6127588116045201,0.08338143813256801,0.034022170637376024,0.3159808655286226,0.0,0.0,1.013106538502358,0.15532157436610072,0.8396453399092663,0.3665143853781433,0.09190801155554287,0.029674666749329132,0.09105757251388688,2.20200631487881,0.03257121074166214,0.9754102230009808,0.15587575334189843,0.7986410079739461,0.3569983351828148,0.4828661582522306,0.4796742681279715,1.3991605178076674,0.033333622842867214,0.034144609633808984,1.565711049441408,0.43649745596467093,1.4195702413670723,0.6448523832541838,1.2589212520420823,0.15506428289638047,1.1043400471766014,0.18607866191336853,0.03410130582163271,0.23065813797498466,0.11034039512566886,0.5950525953374854,0.07185833898205117,0.06894819940346827,0.06980849455037899,0.6406901938142427,0.0,0.0
0.0,347.6010926521449,298.41980478593246,100761.81373363284,6.159906834608992,180,1.3657429288679912,0.6077040873422844,0.0937082855868556,0.03338951127119992,0.2910361491551587,0.0,0.0,1.0160690422938334,0.15557048128964468,0.83751615139011,0.3583364088127328,0.08247239968952265,0.031961351827572544,0.09031610189157722,2.639459774586415,0.0325268852648912,0.9417670065907091,0.15555152223767943,0.7993811585212253,0.38578346210029213,0.4410808434214008,0.5045799020893659,1.3895944979638033,0.029517679006616164,0.03207368066728701,1.392972010045389,0.4617800887313849,1.2819687206762507,0.6613913277868159,1.3996995343148766,0.15535780633037294,1.1044219907149464,0.17198183693639182,0.031784689411122974,0.2619806172171601,0.10938100339314114,0.5904473540505097,0.07362827601470348,0.06717830908020106,0.07128097120608466,0.6010324988226997,0.0,0.0
0.0,1.3266788857352818,295.08665411380696,100916.08700344607,5.268864577864654,180,1.4192764583710922,0.6096961020395654,0.08936328659431612,0.032376964548407626,0.32340479301420244,0.0,0.0,1.0836468858888735,0.15555006476387126,0.8366839118058992,0.36405444449421653,0.09010587083527384,0.03203941394651482,0.09024111449901132,1.9092637889880364,0.031694635373979214,0.9673404470928629,0.1551628246236388,0.7985884858884831,0.3761308264948548,0.42570605094498015,0.43826557555859313,1.3082305279405975,0.031068164608528213,0.03112356268645444,1.573226489018907,0.4137082265947934,1.2682112643578867,0.6103965194807873,1.2070592166274556,0.15526593946927023,1.1096847815889472,0.18697195663630928,0.031241597894454576,0.24709710437244647,0.10808006452638733,0.6265848712746964,0.07094590794083301,0.06596448984115218,0.06388730554851235,0.6737990026621331,0.0,0.0
0.0,192.74788926022802,297.8935937993722,100917.16569757246,6.683462437892511,180,1.2387413359957378,0.6124314781085074,0.08789108054150567,0.03158641759822428,0.3195803610996528,0.0,0.0,1.0757238038504497,0.15530112718866182,0.8379089743241697,0.36805287197120584,0.08704140489471279,0.03241597630447098,0.08775170261854592,2.459270439490257,0.029532332205077436,0.9315025327641918,0.15541908937147547,0.8001090363814374,0.3435966426384591,0.5230639219956795,0.48994669209977953,1.398124920572307,0.03087299158629593,0.029974737589836833,1.4302079253743094,0.42448230712871143,1.3595050867939702,0.5823506599022735,1.4821957250714541,0.15556456306436628,1.106469388964814,0.18815553480517344,0.03237952844942437,0.23798623053384727,0.10607895630292179,0.5888769619034909,0.06922210891585065,0.06567543987845008,0.07190925419045177,0.6139967293491417,0.0,0.0
0.0,285.0239921981104,286.8126668748015,101305.75003966443,8.208869083469454,180,1.2930990263018192,0.6095035404891396,0.09330121800659295,0.03127731017271189,0.29868357835186315,0.0,0.0,1.0341241457503973,0.1554168096550408,0.8411047257050556,0.3757466488044579,0.0924379256925827,0.03156236383664262,0.08638947943878787,2.3116379677253005,0.032188554681937064,0.9889577050008893,0.15547471819729616,0.8023602391444018,0.36167944054480977,0.4532833734036605,0.43527285331189886,1.603058308202811,0.03156571500474123,0.030574573534712626,1.4915473406420194,0.46828546039829216,1.321912038724866,0.6387536017189435,1.1727845275881592,0.1550857685967897,1.1032289224007281,0.16664989590707174,0.029947683137113598,0.2394256318043402,0.10877711140611697,0.6335951344835647,0.0676770248532351,0.06116764604111026,0.06387706427461197,0.5950170190841386,0.0,0.0
0.0,339.4919640393756,288.08807431564827,101453.33497837462,5.573004479826615,180,1.3646500351487143,0.6101527878998847,0.08965087635936866,0.03298108317938721,0.3273492684789793,0.0,0.0,0.9504409186504761,0.15573777657378515,0.8407503625258974,0.35811181973316386,0.0951894521220852,0.031569660920839196,0.09576123722595499,2.1636828060373103,0.03307213233677204,1.0094763739939963,0.15607468840416935,0.7969531274497392,0.34222827640291736,0.4503344516167403,0.48970652528885356,1.2622196795733216,0.0336073637177936,0.03295819452402534,1.5291431570354945,0.4610616694408409,1.2830422197627365,0.594506821694837,1.380125181171021,0.15527162208230727,1.104029145346549,0.16303677999735747,0.029842046822079128,0.21763300892879875,0.11755950028552888,0.5758096317249713,0.06559247181811217,0.06717293588870103,0.06469375224431723,0.6017070583109513,0.0,0.0
0.0,72.41997638156917,287.65913444430583,100939.64324163405,9.734759027255015,180,1.4053986194022252,0.6048603807749986,0.08429225272532219,0.03440630875647213,0.3060225311395124,0.0,0.0,1.0426554695578403,0.15535531659953203,0.8350795606355889,0.3865793867996007,0.09206953891280355,0.03182886984718058,0.09083076482820583,2.2786461694136952,0.031902757914992155,0.9671558733857163,0.1552657178499707,0.8009533288084306,0.363151136422898,0.4277959121874798,0.4966894477866192,1.3617338138970279,0.03318933132310783,0.032101607134208406,1.5829738524080534,0.48520871141359906,1.3408189751037782,0.6874392060919818,1.4055117114792002,0.15562649399093373,1.1039088115240647,0.17579709323123033,0.031845268648858824,0.23070632667604715,0.09561369558391,0.6085482485893768,0.05947252704893148,0.0726299035664397,0.07047798962423577,0.5703048131936556,0.0,0.0
0.0,153.64537618279005,284.6441033066903,100780.64047140084,9.381396978347812,180,1.348032580458133,0.6080819535389629,0.08734896889068403,0.03308800149104987,0.3049054486592059,0.0,0.0,1.0836243927447724,0.155902107650578,0.8361203295054436,0.34552264572326086,0.08726699270805124,0.032275744414132085,0.08705674304582371,2.436199706751949,0.03332134928465437,0.9949763042475646,0.15553424302659563,0.7984557780201449,0.3663081279820742,0.4230685295888342,0.4569561894739153,1.4784028966865168,0.03159052967679489,0.03135028431699284,1.5476373102187908,0.44626887223295314,1.327545934476764,0.6539356874403485,1.2814246157276337,0.1552174780194203,1.1052560371062963,0.1959990266582803,0.03064691469310559,0.23287213562943515,0.10842866432306487,0.6212795698279703,0.06741108460799738,0.07552032526334601,0.06897749015891011,0.620202772888236,0.0,0.0
0.0,201.4417990129612,301.50280094382344,101442.84538131046,9.465939349273448,180,1.4355616944949954,0.6080150558950864,0.0886426663519235,0.02996319014012248,0.3155169569356668,0.0,0.0,1.0109832003354982,0.15514111902541963,0.8391070799555581,0.39540304961776584,0.09101968026623512,0.031212920334629586,0.08465794863355333,2.232998052181667,0.03251869431881545,0.9583738168744774,0.1553152266253203,0.7966574517660138,0.3675951309225528,0.4381597446370957,0.4802722771136551,1.1916860387939796,0.03125839798666507,0.033526450103627585,1.5815033620576755,0.45234534514076374,1.3502127830916182,0.6229846849412658,1.4246716333377714,0.15535857433630784,1.1052058375495506,0.16650040523758328,0.035216771433597575,0.23622863470398228,0.10959901734962975,0.6162906990301166,0.06782714523108456,0.06267376083379432,0.07060325675310108,0.6233553239406985,0.0,0.0
0.0,200.56284368853684,300.11887910511905,101188.97984289912,8.064870449522434,180,1.3361641409734908,0.6095355256221467,0.09200872218783056,0.03329271083301832,0.294357887853631,0.0,0.0,0.9654953488984735,0.15522626516433985,0.8402605914670884,0.37066474689069506,0.09005261185024589,0.0332450920377611,0.08697278778786904,2.3280127087120044,0.034525983402350906,0.9905533554135768,0.15548907963178088,0.8008855088565762,0.35289418397902156,0.4870296299383847,0.45540979935798986,1.2679072088257082,0.03136879091841294,0.03262704764225044,1.5810968881739862,0.43016187274946577,1.3492064192048052,0.632304090778396,1.2982818460356937,0.1553848362012172,1.1060188600694891,0.17230186654169027,0.03041162148295898,0.2339470614453848,0.10820192700570254,0.6433206235264487,0.06308108818304758,0.06574907091617956,0.07019114438007507,0.6527721045670875,0.0,0.0
0.0,23.845149341048465,283.3631307660186,101806.07691700027,8.103074576704993,180,1.2570818523625273,0.6104625834751578,0.08348310647489066,0.029073168912294244,0.28775351284934186,0.0,0.0,0.9679724949236025,0.1554692627918517,0.8384775233130374,0.37729802973982574,0.09714778357270075,0.03348240758740904,0.09081405606548423,2.4030500858997224,0.030297399116175183,0.9789953643285271,0.15539634504221064,0.8013917075386312,0.3687889255600144,0.4637668926886327,0.4956631701862109,1.4680070296067602,0.03113291809855298,0.03146725703178681,1.583636139071251,0.48821382988863654,1.3912698971507516,0.6831715094840314,1.4615804801967185,0.15594725155761183,1.105897205302681,0.169019353064619,0.026315335193819726,0.2304044398628075,0.11518793198939287,0.5911101563369171,0.06668623702128663,0.0662028555705939,0.06579350153733786,0.6374644123764085,0.0,0.0
0.0,274.7938265742847,298.08113872009596,100630.29025183583,8.239455291538563,180,1.3844131126185986,0.609147023439244,0.09378414433167478,0.03035022320888643,0.30049191278095494,0.0,0.0,1.0968351375405003,0.15529228811801568,0.836141790293887,0.34727558548947063,0.08395790689783762,0.032119139358843786,0.08558504851075177,1.9076127370775677,0.0320956024607419,1.0168631859832398,0.15528473034908916,0.8022593970693496,0.3617470251926697,0.4916847768079134,0.49193317185158264,1.5564503109299315,0.03033664649122856,0.03287273653525611,1.4584317106772267,0.45321543984863794,1.3735444433895785,0.6114449969861289,1.369564470853438,0.15517569618668,1.106736808402733,0.1771054276480429,0.03257814025013456,0.23673496815116044,0.11094416559769293,0.6122864708661463,0.06562330226179455,0.06507970393999056,0.06774803220684042,0.631519432703129,0.0,0.0
0.0,5.0217422702228465,300.61097116523143,101053.84391913004,9.335195277496426,180,1.3811572194393955,0.6084904643902009,0.08564864799633168,0.028261508550605493,0.3085560796234471,0.0,0.0,1.061476939132335,0.15524429496446115,0.837651983323912,0.38311826840747565,0.09009268840270848,0.0317590935200754,0.0842744130904533,2.1374701977752455,0.03167640036805337,0.9990445001647732,0.1553826906234917,0.802736782491914,0.37160601046388675,0.46607455582675317,0.4591954850792962,1.6237111578375765,0.033493609100112814,0.032741995279468764,1.540546606127937,0.4559411267379951,1.3724029469007941,0.6342604962441835,1.354106794595554,0.15511632404687153,1.105920380552067,0.18383378790938001,0.030629032514186052,0.25256674646005817,0.1099718696692745,0.5406525050410754,0.06846772618657421,0.06270337231252238,0.07049790497110314,0.6713740794749237,0.0,0.0
0.0,55.99849442042003,286.70574477559313,101502.26179899667,5.852263685151058,180,1.2631363889829959,0.6090851726931515,0.084067319269026,0.03174206197350985,0.324319441102485,0.0,0.0,0.9878143767629812,0.15589275188454224,0.8367125591768844,0.370708063015727,0.0924858905092157,0.029639223889350502,0.08332896185643757,2.048351579106043,0.03271835919120721,0.9096669275676891,0.15520885407568702,0.7977700082080262,0.35855222902997025,0.47262593433124395,0.4623143227162423,1.3016706574090093,0.03221381796179309,0.03234633646931542,1.6675640077617995,0.449540825628265,1.3793777468867316,0.6457457965815051,1.2971854462574526,0.15607660442005894,1.1048628728260252,0.16848809384520827,0.03266251166688806,0.23981164006662117,0.11049813788029834,0.643466549647147,0.06910720964140168,0.06530377609585764,0.06698636914083721,0.6186776435099198,0.0,0.0
0.0,227.90606718299358,292.5449897595624,102010.59108662374,7.0193030801671945,180,1.3869610577769653,0.6083755466641096,0.09672855527073955,0.03021557887201372,0.2991433182445013,0.0,0.0,0.9642711830494146,0.1553650466101785,0.8366406395443546,0.3776866143488647,0.09397441700380885,0.033389963400817825,0.09508106425714755,2.177565721734725,0.02782485499158001,0.9325642111257318,0.15548162562832307,0.7973092405564997,0.36973244101154606,0.438385983829745,0.4459457570814242,1.2332733214706275,0.03148063507640447,0.03164904307482609,1.575044778330015,0.45864292859634703,1.364657565988089,0.6113450340637868,1.2071268321771629,0.1552660163654414,1.104750526612887,0.15263780688205553,0.0338938433840027,0.2556879039067236,0.11230709006806454,0.6348654005270429,0.06630185836712003,0.06928408322541971,0.06786474389284625,0.6259367522140552,0.0,0.0
0.0,331.7954802466202,287.35774229130243,101942.87068770776,7.1813059854945696,180,1.5636499428048616,0.6096990841013638,0.08335265699560764,0.0318550449117131,0.3241675864955552,0.0,0.0,1.0335461641298007,0.15528461930186357,0.8407136918194451,0.3619125862608605,0.08451108332373784,0.0340690369645743,0.09640959311764916,2.4051610888746664,0.0298633111045922,0.9910487993291153,0.1552970944632202,0.8020535026722923,0.3677809862863926,0.46334747715655816,0.42703787616952527,1.252544678288757,0.03268398072408069,0.03459380562087243,1.502888985834216,0.46242539762043006,1.2169522459022768,0.6334810716831556,1.3788836227197447,0.15526822361376794,1.106142516990853,0.16608881020061983,0.033580881407050435,0.22906101184462638,0.11446177533883746,0.6011509460877508,0.06423673959924277,0.0681131436215784,0.06796839142608092,0.6462412258452108,0.0,0.0
0.0,62.28625149711823,293.2967365214924,101741.50447051774,5.221425363360417,180,1.351775590575535,0.6092529220989885,0.09236942724285167,0.030712101993760135,0.3141176858772126,0.0,0.0,1.0105804352332945,0.1555847644944703,0.8410278677191719,0.37731461056793936,0.08831700381126963,0.030551442128319777,0.07874914305706467,2.0811849163639877,0.03334039962038616,1.0269958209416348,0.1556761145810257,0.8052639514197856,0.4195523262741725,0.5155453126834441,0.5008754638222671,1.2284586131994841,0.033902825782446126,0.02865600553414937,1.504649369457506,0.47604049287349026,1.3626734133823997,0.589551049091637,1.252051985489902,0.15588425173871107,1.1061866310437878,0.18318842308475142,0.03193928306556916,0.24747765915840025,0.11215856742833696,0.6305821748666669,0.06458568003715001,0.06508953309958045,0.07073008752567417,0.6365273579748073,0.0,0.0
0.0,153.32937017301037,284.31094415722146,101454.61394785107,7.753163763435761,180,1.3743077570884388,0.6068563602130604,0.09102555616199014,0.03227650750278983,0.3105280361891519,0.0,0.0,1.0927990864449832,0.15545661433730704,0.838813194102285,0.3462578252644168,0.0891348687022295,0.03300207277695035,0.08983130634226233,2.347396913938626,0.03384343860014419,0.9640051095023908,0.1557104096689673,0.8002186651209866,0.3489482789298604,0.4792166632803374,0.4376002708774181,1.5875487213068553,0.03225817911625948,0.03437263010771024,1.4056113663453234,0.4378481646722092,1.3351091178330587,0.6438072329698239,1.3223344082452058,0.15537362531243096,1.1070479386758743,0.19197793394053292,0.03215955197724036,0.24729819718086007,0.10683755200422834,0.6403200077179445,0.06443280032300433,0.06530555391302327,0.05792909039121799,0.5758667819147726,0.0,0.0
0.0,117.13226864082095,289.4008337060814,100523.48059804019,6.900306670133605,180,1.3773561108649168,0.6094694969031428,0.08980362494469817,0.030252713188700684,0.32667448164595864,0.0,0.0,1.0227531732414012,0.1550691310905154,0.839783017398672,0.3556775908937771,0.0883713852368061,0.0302668209496742,0.09731765383313541,2.2478734025560616,0.0338862157237211,1.0514261146890331,0.15561166370274135,0.7980948687177642,0.33511036834798524,0.4339925422545071,0.4636443652113506,1.3442487664054874,0.031179901309736156,0.03213295127128036,1.4955664503003596,0.436741777940323,1.461742618947951,0.642147074819483,1.2534246769166304,0.155031392915201,1.098991418110235,0.17613108747984266,0.03103745054020352,0.23678222931337428,0.10673259156470462,0.612302940156065,0.06773313761642259,0.06905898154476602,0.06515505876386815,0.6579935468683216,0.0,0.0
0.0,240.3940713439435,290.02289334550176,101565.40500999171,6.6847387927083055,180,1.3293096163818408,0.6139261447047446,0.08600814049314112,0.03406552452010384,0.2835045285349386,0.0,0.0,1.0110883562024706,0.15537872536507139,0.837818114008449,0.3586044752552615,0.08310913557910621,0.031256257810489935,0.09405851008516054,2.3963072998607213,0.032875101574543784,0.8955521151354632,0.15538175985383287,0.7961622669894715,0.4007469270123053,0.45706963427539815,0.50629660677449,1.319432760935527,0.03000865702804306,0.03495503040316753,1.4531133399794844,0.46196919932664016,1.499039734465567,0.6269536339420585,1.3837442242219378,0.154983481653414,1.1037341670797371,0.17843389830067383,0.030222001677279068,0.22847181458227642,0.10025581386745983,0.6069965450712104,0.06936346452388159,0.06254555156105872,0.06741056474485776,0.5907389659375138,0.0,0.0
0.0,180.5341711935331,293.2936038099265,102135.75548460922,5.108866953540163,180,1.349206787012845,0.6122301064925666,0.09008055595280809,0.02983891311272665,0.304967291123005,0.0,0.0,1.030990894730519,0.15564963212857225,0.8393594621670039,0.37120648431687236,0.08897821447582555,0.03187413693676542,0.08920958006305957,2.1683357696760694,0.03245768894053204,1.0593604569323074,0.15504307434275585,0.8016169655070918,0.3589275566506381,0.4572551912504529,0.46449151686074736,1.3420525743564322,0.03259655596335684,0.032287051163825325,1.5217640287750784,0.4663989971116545,1.3919714947098085,0.6171228392946618,1.346292063059612,0.15561883399054485,1.100236008627345,0.17197881620640054,0.03127631450297714,0.2180043065984552,0.11291322240488619,0.685149322460841,0.0685539273870255,0.06803478442760584,0.06889001232899007,0.6129984124739842,0.0,0.0
0.0,313.83594863608226,290.70303934215525,101320.25106628612,6.683439136247734,180,1.4617188483057748,0.6063450061188206,0.08583510274096298,0.03236443614196099,0.31518515581417883,0.0,0.0,1.0285043142851507,0.15562360355234867,0.8399813369936164,0.3551968572557277,0.09177884758598841,0.03433510007046828,0.09289952165186766,1.7778203255371954,0.03304089265461614,1.0090112445531327,0.15538967234207673,0.800798045731955,0.3286646516046594,0.4091986016888802,0.4446209157111509,1.3307793877073368,0.02963465858345853,0.03161071074987886,1.5651722602485385,0.4526236446759435,1.3788814003941194,0.6669874448511163,1.3784284043593715,0.1557635663800919,1.107804803812564,0.20061552273822364,0.03450645320007824,0.22222033601739508,0.11547294350428886,0.6023040170650588,0.06577003630051136,0.06918056074479927,0.06329399288087678,0.6425308950257276,0.0,0.0
0.0,58.17348042752249,298.1366133837271,101423.02678898812,7.505101645269907,180,1.317645133779596,0.6069635404055381,0.08566874939620252,0.02979460176209631,0.3166969405151482,0.0,0.0,1.029781857040328,0.1554964176974601,0.8387060386273285,0.35028857207150543,0.0932635213618794,0.02986865480867968,0.08919866942893322,2.2829883797380033,0.02636949253442818,0.9140189433098628,0.15573348292723652,0.8003250451804603,0.35713580972403675,0.4505681298145926,0.4934969697230393,1.2848735824972966,0.0319971223315078,0.030173662612789354,1.5651401270578844,0.48763036477544736,1.4379927773537644,0.6000748162572187,1.292414981801681,0.1552096471136316,1.1025149682755557,0.1645650765492563,0.02853144449093628,0.2595134122337172,0.11180357426760537,0.6582570413139421,0.0672490060431137,0.06428365763953349,0.0716759930626696,0.6614103799014476,0.0,0.0
0.0,302.7749057304972,285.20115858828325,101505.54513418558,7.968393201824008,180,1.4599961253515938,0.6084026850390014,0.09197575441453419,0.030187087050503623,0.3041063928586474,0.0,0.0,0.9359279499046285,0.155197989156647,0.8357820788904504,0.38887895270245676,0.09412022789791208,0.030288986278507166,0.0933542838470528,2.392238722556092,0.02992560688396518,0.9716603662927236,0.15565187942035838,0.797841470216717,0.39300488590925414,0.4342561915776747,0.46998419892864285,1.3159001100507146,0.03400026709342236,0.030662301967036076,1.4620710508749173,0.43693915588565313,1.376318732634446,0.6049418123196784,1.2851635978073834,0.15546325795261784,1.1083785821046244,0.18298682973895833,0.03008215095437566,0.23092423082080885,0.10934010329749347,0.6368870670650463,0.06797675250520087,0.0710111309239637,0.07290064726848179,0.5791332206241588,0.0,0.0
0.0,260.6036607002838,298.5293744043068,100579.10802453579,5.9423466033454915,180,1.4549529487340285,0.6107005534309716,0.08804380548649021,0.029973906566891133,0.3009853095038961,0.0,0.0,1.147633317351531,0.15504034982293594,0.84129384727276,0.3615233710251729,0.0840847449503674,0.03178924375500644,0.09392329318470762,2.3360446413695506,0.034356717048773175,0.9997508017891369,0.1550929429907332,0.7985423897115926,0.3951358877256629,0.4908222998658428,0.49642352041396703,1.4862216333782425,0.03400047840380532,0.031740231726900714,1.3924633556031258,0.46927919783695504,1.4296386423556366,0.6621844005570143,1.2593949232499928,0.15528557192721368,1.1083520476596824,0.17497925350663462,0.03293998417631516,0.22349352219658836,0.10566025018483628,0.595549909793818,0.07140602249761718,0.06235480487644206,0.06989126073890715,0.6719464062198973,0.0,0.0
0.0,53.8819239785198,289.9313906740546,101932.36429056471,7.673035918703989,180,1.4428556180520131,0.6114941433692396,0.09727657193501286,0.02923769462931229,0.32566926895473225,0.0,0.0,0.9502293197888608,0.1554663269478573,0.8375940898670764,0.3671477782003547,0.0936696786298325,0.03051159705690978,0.10096307971154353,2.190665344436641,0.03273175167654123,0.9515863767726446,0.15559827558494435,0.806178642636362,0.3452168635524911,0.46863461209405805,0.42944458491625587,1.3180848767463895,0.0368625204117975,0.02958684228410798,1.683242324625441,0.5022017476796681,1.4399702621252237,0.6730225913433588,1.4691485596544103,0.1555211431950548,1.1048657223314644,0.17855582676861656,0.033911710730659045,0.27130122004757873,0.11396271029358439,0.6644733271049372,0.06621928631797744,0.06540555921610189,0.06701412810774257,0.6387808645074092,0.0,0.0
0.0,22.178395546669385,295.6937206760143,100898.42205296946,5.2360534982330105,180,1.4263424961524425,0.6141887978967687,0.0906707913563529,0.03507436688331806,0.3024115524778925,0.0,0.0,1.0566470001564083,0.15554145262053518,0.8394009245345129,0.3573743582105841,0.09216020677751927,0.028933939120575704,0.0890472855676686,2.378730192952469,0.03193928791350024,0.9476576371818907,0.15549392270542098,0.7958195258740534,0.374931863740402,0.45556953784158144,0.45817845604006335,1.6773883257619833,0.03239886596306482,0.028336516212576386,1.4867514001468891,0.4068862187698486,1.3554988694469925,0.5549760651076154,1.235312206089342,0.15538188609827772,1.1033132019786942,0.17362997946050934,0.03153626884819169,0.2602645497582326,0.12175459683514084,0.6343893026769934,0.062067523525666836,0.06623925141535415,0.06166999150404407,0.6387487950771963,0.0,0.0
0.0,342.48713340151016,286.07014418543235,100808.76297268493,8.341545940449057,180,1.3041112484516981,0.6065336239206612,0.08484569481046156,0.03385887360291541,0.30939721144380916,0.0,0.0,1.0287691595112356,0.15588508640023682,0.8397374504213259,0.3856077953957326,0.08694313894541278,0.031978055005419226,0.09119085497827663,1.9480879214681728,0.03302085927533387,1.000673885834824,0.15501172058533103,0.801801535152259,0.36889139913814345,0.4805423452881852,0.44634293781974804,1.6500183747718622,0.03311879083816092,0.031064308598865175,1.5584417637852128,0.4627317527295992,1.3526088726820231,0.6259596856504476,1.4264470357765255,0.15580182621183872,1.1074107752027427,0.17331446114561558,0.03127095327038509,0.22143117150128136,0.10821558678035519,0.6230346478356468,0.07256310134617143,0.06723171581739454,0.05879956377706893,0.6019489160076557,0.0,0.0
0.0,170.81153979743118,289.02112892448025,101211.86209029246,6.9890357802085,180,1.3168713555532683,0.6098540360649388,0.09441539944137081,0.03285268721119951,0.31753573481817776,0.0,0.0,0.9655467421728546,0.15552521555547094,0.8434768401354172,0.37865789528922617,0.08836782508758172,0.03599148074671246,0.0775850372512278,2.511367664477443,0.032038433995358155,0.9582837281611923,0.15499036489530635,0.7991404933773484,0.41034558492286416,0.4485749183720065,0.4817718677504501,1.4846650209236025,0.030559573405955637,0.031035527749918895,1.56087481716254,0.45704233503355907,1.2460864242326455,0.6208452272751598,1.2782002131937218,0.1551204564615107,1.1027802075315905,0.1716327107893847,0.02903803864052309,0.25800308653999315,0.11034458870829543,0.6133810261920876,0.07114514149879175,0.07173375949754372,0.06683809755695867,0.6068310311731722,0.0,0.0
0.0,316.6940674455876,292.01444997339746,101572.40529873231,6.693932936128101,180,1.413765331635537,0.6107791463674007,0.0899372399843439,0.03716720541217895,0.32449398558944786,0.0,0.0,1.0703290866639938,0.15581110707555879,0.8346060827025593,0.3542411093609669,0.0970816489857517,0.030244058250807452,0.08694670676537848,2.6452553517836175,0.03277363596197825,0.9878389940451521,0.15531806323142008,0.8057685668363898,0.3396659901996672,0.4660861540742358,0.4555298949574321,1.2800330588508382,0.030925739147287346,0.03335981079986897,1.411794857205324,0.45858619554865165,1.3757109584648899,0.613480182687588,1.449573761376911,0.15587435041794642,1.1037771207912326,0.17784332533545516,0.02855264329117359,0.2526941902572529,0.10759044456194634,0.6274189443138445,0.07224234110755394,0.06959311362322586,0.06812719747646832,0.6390749668622093,0.0,0.0
0.0,68.14127997392077,283.16304751569686,101907.91162007097,9.929024985690205,180,1.308625809742452,0.6086031567875194,0.0948858224340987,0.030748041505821683,0.30656632449336996,0.0,0.0,1.0651519193125225,0.15523338756880245,0.8444159980737663,0.3904014259473555,0.08620212384938378,0.032773364664266835,0.09328713339314522,2.5250358571822384,0.035643115993394356,0.9953207331781915,0.15556451277778616,0.8010270467249058,0.3654126473534164,0.459631349478283,0.4623170498163897,1.2990322042941262,0.029228883551714244,0.032121083351260356,1.4596893310851216,0.4638037210931833,1.3718981316356424,0.6247086295336508,1.4038071569213684,0.15562068155570558,1.1095210399855093,0.18406378089893738,0.03202472646218521,0.25054092522918264,0.1072347057543033,0.5801103081299348,0.06590027273199466,0.06492242825624907,0.07245396874429295,0.6391304623626722,0.0,0.0
0.0,156.012095768945,293.99563854734055,100529.13483560056,7.140595337431633,180,1.4894671894888534,0.6066305404012404,0.09291849547634715,0.033707073189926905,0.2945097632213991,0.0,0.0,0.9382829100712551,0.15526295481539626,0.8331224487151114,0.35986754221048634,0.09598486988706306,0.033358859463812035,0.08993215429168921,2.045861630230945,0.031919814042981394,0.9415893796645662,0.15574483414837323,0.7978727101433558,0.3828200230307981,0.49698022549909954,0.4729965955193737,1.2621207472858595,0.033324474110102933,0.031972795780774374,1.6622081262671615,0.4509079447586781,1.3811019782705194,0.601444311683482,1.2824019219250233,0.15539850539501832,1.1036899612331947,0.16838372677125038,0.02948082129852478,0.23788261470397581,0.1106300018097841,0.6256985776815052,0.07215821281955635,0.07351949981137114,0.06911533504960748,0.664641654235406,0.0,0.0
0.0,257.0133917381424,286.3836953374847,101483.4696402938,7.564859830203751,180,1.3439558248216958,0.6123552418000313,0.08824367159555137,0.029194829945571283,0.2929632558693718,0.0,0.0,1.0241782923889524,0.1557423545036786,0.8405382119836728,0.35999116890829314,0.09753699044139014,0.032595969029360704,0.09660634258279659,2.3572861716667535,0.03297122501509212,0.9877576496028662,0.15519603091642206,0.7979977239056458,0.40097810010219687,0.4587360958260785,0.4763127704249759,1.2911499675597369,0.029429145705131228,0.03181970860571233,1.456069981221267,0.48854589094471035,1.5009692348434964,0.660127146408294,1.3676900644596113,0.15531122141339215,1.1010313473104512,0.1847221968444528,0.033208292750710265,0.23547224502743092,0.1118183785032469,0.603116478341404,0.07192494153165584,0.06399898119759319,0.06580080170909364,0.6335932784471974,0.0,0.0
0.0,74.11961100246134,289.75825753582745,101595.55548106362,5.849721905565549,180,1.3803918512661222,0.6142590023425025,0.08735664384105642,0.029983380102746662,0.30275270428344697,0.0,0.0,1.0054051488728235,0.15544837257887587,0.8352112056223088,0.3947601045330536,0.09487418966741948,0.029913283699206865,0.09281174805541424,2.126607222482883,0.030977770478040158,1.0494591688110653,0.15570070811989664,0.7999126310941767,0.38956710532954625,0.45527136384622025,0.4756430531275277,1.2734352276659955,0.031863580995597496,0.03223757783099366,1.5461536541470942,0.4368361480110889,1.3378202485505974,0.5958434243027367,1.4442844970757813,0.15570320593084117,1.106956715810544,0.18103988017476724,0.033560283787297224,0.23178493116842197,0.1121424102103234,0.6257720898075632,0.06626776360306548,0.0663049353529827,0.06922683901991321,0.6189791324368348,0.0,0.0
0.0,249.97697062816624,285.0768271131903,101932.04290037081,9.089332875998709,180,1.2432359092665684,0.6116835446416303,0.09718366342472987,0.034154311499329224,0.30742877818401165,0.0,0.0,1.0027317806205176,0.15505759604810074,0.8430132124995783,0.3681367867794985,0.08359632088407545,0.03363460422464234,0.09159837464491513,2.199849534767769,0.029764847524358908,0.906313971679509,0.15535493078098417,0.8025533875415723,0.3692451055288746,0.4666828665306907,0.44897344821079044,1.5748090684904008,0.03009943097290514,0.029503090246410877,1.4719745428783222,0.455701107135576,1.4404306360255161,0.6328127093345741,1.360211579388419,0.15521388851576529,1.1042251278578805,0.18929095228561893,0.03355312956788669,0.2536312344953997,0.1068913708472421,0.6653377905837496,0.06920176678562527,0.07560922854513996,0.06555883930561385,0.7125649606312763,0.0,0.0
0.0,221.93979948074062,291.1063738852988,101361.40158291806,5.797129026018995,180,1.3496406329467687,0.6082474810278631,0.09177797263396084,0.030423121614534396,0.2891842036150916,0.0,0.0,0.9269230726995306,0.15563002038110813,0.8340375784188673,0.375451842994617,0.08790496300089803,0.031276200134167036,0.09078881827530011,2.4235438824730946,0.03149952113195719,0.9094079023933069,0.1552369077601938,0.8002461754492014,0.37989366803996044,0.4755119492783342,0.5048491271340385,1.3414537774720343,0.030314976669504366,0.03109065814425252,1.7061219143549256,0.4948441804638824,1.3725825223689507,0.6612916738308631,1.3451149298268308,0.15555274831019397,1.1053304524611454,0.1879386871926176,0.03080589925738076,0.23877285592667818,0.11338965373420858,0.6178795277036094,0.0663199623742356,0.06638511901231592,0.06804922478636777,0.5807949195088024,0.0,0.0
0.0,115.49750679102075,289.81888014554653,101005.35653393682,5.825753464002441,180,1.2697251454352634,0.6135777578212641,0.09307884369911168,0.0316388319580622,0.3094941386040951,0.0,0.0,0.9344477367794696,0.15537521990539743,0.8367274519079619,0.3749492276720002,0.09194888822452377,0.029450686236330834,0.0915311128251312,2.174257047285677,0.03385757058234361,0.9358854330371125,0.1559034079465966,0.7971536243607549,0.3738493549138512,0.5011653254166999,0.44164390229652845,1.061535732162863,0.031141004812144144,0.030880328140107337,1.4762982609100308,0.42440942430842876,1.3296793397008313,0.6379900554799925,1.243571810711412,0.15527126087566603,1.1058073206032963,0.1665004801527,0.030651251279928335,0.23700355484906888,0.10416886183976941,0.6671299337815835,0.0695819657071042,0.061045772816692004,0.06573211884369108,0.6058475614819812,0.0,0.0
0.0,268.6984201147953,285.56369517392466,100161.1506523567,7.573516085271642,180,1.429096490859723,0.607583805585113,0.09414293916324469,0.0320337192627181,0.3203559420025539,0.0,0.0,1.0610244458220237,0.15594838741061,0.8408911778225568,0.3782978437387125,0.08550073789125165,0.03473829303926245,0.09123302014965298,2.303404598034274,0.03149078149733082,1.0154336063385532,0.15517396148892718,0.8011122991082237,0.36747711247499865,0.4745617773092883,0.5016779957195329,1.2905692763210423,0.030834105912106436,0.029755445959900737,1.6274435563198597,0.46744949896896715,1.3504023298343926,0.688969748846279,1.3503146770166232,0.1552240131009541,1.1087447661691592,0.16871443645230894,0.032508775264106164,0.24438608503012474,0.10831941063709695,0.5865626153359698,0.07007456437157199,0.06577258068804558,0.06571257270677018,0.6344540340398567,0.0,0.0
0.0,43.63212876078826,284.1629416675502,101445.17769040134,9.146657476756937,180,1.2906574627880334,0.6043535812424533,0.08849046810114426,0.03269469089509561,0.3117364695756268,0.0,0.0,1.0611980061326205,0.1551095006183479,0.8328976254692865,0.3747644056785167,0.09504114001202588,0.03103650596012481,0.08047788968407425,2.4227763174172203,0.033278423147545845,1.013674559538758,0.1554511983009567,0.8018071195580448,0.3738896587238993,0.4398170490523551,0.48828230604834133,1.2491164233913483,0.0321376429155816,0.03394155148539762,1.3722771400686666,0.4550072922211333,1.3531999666568968,0.6098733999098103,1.2564596390543787,0.15546756875161014,1.1043822269157872,0.17281813623496098,0.030994792787041814,0.2587434620563533,0.10449999153718639,0.6582067436223893,0.06519457226569451,0.07198906316837275,0.07176461990099486,0.6776719057483457,0.0,0.0
0.0,48.03667787671499,286.39272096829666,101317.21962311691,9.952335650996925,180,1.3388724278963995,0.6089737450318116,0.07888203167924943,0.03258583745264538,0.30121258778036114,0.0,0.0,1.0249453658471337,0.1552391604176252,0.8360384957834942,0.377076253429357,0.08146219719204983,0.030141283148983705,0.09716889159191333,2.1773636663905966,0.032903330289273114,1.0103941828182461,0.15470824111332376,0.8003208281452396,0.35500738511719526,0.4585995136235248,0.49856945333156827,1.109635925842894,0.03198552283716623,0.03186699453822045,1.579597334786013,0.4340128683688577,1.4905453339570094,0.6040052270349587,1.3484273620848732,0.15579536706368816,1.1086144129464945,0.1670573939412054,0.028449727393716,0.2314048951450458,0.11053928557585548,0.6164398618226655,0.06830063872022761,0.0662317452913322,0.06787672248189626,0.6670453402714996,0.0,0.0
0.0,298.631741498749,283.20307779827453,101126.83319748148,5.867209446506427,180,1.3798028585552955,0.6134037695746322,0.08929554311394604,0.035518658219187635,0.29546322727078606,0.0,0.0,1.037396430189528,0.155835042051366,0.8369700053247071,0.3750169663233448,0.09055554285671227,0.030893789181847073,0.09347020058123973,2.466031305071182,0.03231755456203078,0.9191384976224858,0.1554718900739758,0.7978386110063981,0.39017176353896804,0.49782036981478317,0.45658818386206335,1.3444054253716644,0.03159524999055059,0.03210469457504576,1.5606157579950533,0.407084280319419,1.3542223064682313,0.5980467829927567,1.2711439199867272,0.15565687182378246,1.1027683700392148,0.14931460768154714,0.03153678685563645,0.2341655706689392,0.10464038306374,0.6203194309172373,0.06856881107295588,0.07043538493694598,0.07490651257236372,0.6460038579334741,0.0,0.0
0.0,103.31512592223922,285.50862438732844,102720.62334761649,6.019458733843808,180,1.3227588949908726,0.6111795380348168,0.0855592856396733,0.03167581093756315,0.3123981469125315,0.0,0.0,1.0609998966707292,0.1551782272412246,0.8406821759927986,0.38132457714462276,0.08803628830863837,0.03130952463593891,0.09120620414096592,2.1366722706662347,0.029415338410481228,1.027154846479472,0.15544259788317674,0.802074964994383,0.35894286640898626,0.4903481430294535,0.4646136640701562,1.148751636932768,0.032014585981968186,0.02990737542457946,1.3680129819568105,0.43463024831952246,1.320098982434221,0.6417208881800454,1.406020185880498,0.15551327251115485,1.1101857592090314,0.17148445683439617,0.031920550428733575,0.22348432894147718,0.10375369069802902,0.5888000262812347,0.0647815970264493,0.06665249226108183,0.06593075718579992,0.5882314106283426,0.0,0.0
0.0,288.572203961759,290.528162925418,101227.81200409718,6.584694079369093,180,1.4189003610633797,0.6109930298263629,0.08648547414500274,0.03175486045909146,0.29322348999352876,0.0,0.0,1.0288531237203986,0.15508793761586429,0.8378812581871028,0.37939430349842507,0.08734070683922336,0.028326678389793344,0.09328955852200782,2.4890329231251993,0.028920816105909485,0.9281923675436886,0.155598251631902,0.7982870504813099,0.36968241482245473,0.42630363315785974,0.4238850606328681,1.343134929979012,0.030914512512897757,0.03486444385515332,1.5940170933036073,0.47146114589820987,1.3487829611180628,0.6334060161379291,1.3916566292089294,0.15534480414962473,1.1083598213874144,0.17906285649204293,0.029956463927474423,0.2450566593243572,0.11888679654508746,0.5995792927300779,0.06719363441009304,0.06956998338276982,0.06412821421101503,0.6493633982559012,0.0,0.0
0.0,164.0166921829227,291.459022087871,101382.8203583492,7.548770860648188,180,1.3269401969089822,0.6123596614745859,0.09453513064314496,0.03305206964160057,0.31296776462769244,0.0,0.0,0.9809696317391287,0.15543381043487267,0.8420354509473414,0.3785768225338833,0.08344547820549442,0.03190597448771334,0.09146111582646582,2.5188141143040155,0.03003754352773291,1.0637283661730865,0.1553244818022026,0.7978558746511537,0.36496333860093677,0.46909333129779324,0.4703124909917118,1.3652899474735787,0.03071060303576284,0.03226560766216035,1.618072529166984,0.44182047764549925,1.377954105298066,0.6459256589185477,1.1869665162365233,0.15552712670410548,1.1075345791145248,0.17904503445231076,0.032853032578127925,0.2332231596264683,0.12180834378214256,0.6206829569603193,0.0645585435210366,0.06548379386186931,0.06774938541008865,0.6673826754671087,0.0,0.0
0.0,303.5849562679639,292.46255071146874,101788.44583701665,8.839223640783501,180,1.3828575534035268,0.6085896727340907,0.0895182268705816,0.03269418385903836,0.29611721226258647,0.0,0.0,1.0503838334976086,0.1556415387574421,0.8363747269025519,0.3460150465499264,0.0877689013019266,0.03172817928902619,0.0918298743744846,2.7544519773912124,0.03107208517189917,0.8851015772020611,0.1552543341535793,0.8012159869375824,0.3733516795219782,0.4611214392483211,0.4717870646962712,1.3396223725705652,0.031088089134556768,0.03332511935936405,1.605029396780634,0.46793007118188873,1.440360885920821,0.6423213348385785,1.2892268589624916,0.15521900022137636,1.1048038976077137,0.17563996504506724,0.033246088569865356,0.24287759830476022,0.10030156824110786,0.6113814626916935,0.06682608617438454,0.07061072577818397,0.06738433251229083,0.5976793867589195,0.0,0.0
0.0,7.063905955006802,295.4070209831521,101507.95051990933,6.298966733952832,180,1.3980826492818381,0.6146182490107512,0.09613774707466469,0.032781701058357954,0.32653996166404664,0.0,0.0,1.115285930742178,0.15585083645460523,0.8396095788874449,0.38791424288788723,0.09394615892937155,0.029942442078946117,0.09272445389803968,2.3729010803198793,0.030905907315361063,0.98475397311952,0.1554197508359863,0.7973965932278512,0.39773469397584726,0.4030672288979178,0.4478703644026325,1.296035914231991,0.032510916601218263,0.03137275571749072,1.5290433080421684,0.4697203362493731,1.292495790071197,0.5825286669507163,1.335874317691525,0.15546868565888192,1.1051605916634388,0.17777979803053579,0.030738221480577678,0.24927881207964336,0.09573944952565228,0.6278964726668677,0.06513223501034124,0.0642260161380475,0.07130928277490726,0.6776328349735906,0.0,0.0
0.0,166.09658788788227,285.3399302184212,100815.78467657202,9.556379624210349,180,1.2529321618989309,0.6050003401941091,0.08835099281891955,0.03160222235179433,0.3126982140754398,0.0,0.0,1.0783528533543492,0.15537841659877213,0.8371463358575643,0.35544973384565565,0.09738476642054686,0.03403515781700528,0.0838345791859926,2.4960142481961745,0.031985333088097416,1.0323962402405362,0.15525639957820112,0.8037153558802459,0.39013676892878013,0.4528849869804915,0.45144371712223724,1.6163752389244728,0.030027067821297323,0.03382227108014132,1.5444774084480932,0.4736617217642304,1.3593570016133076,0.6411000253482294,1.418825714796804,0.15540356602012778,1.105739742722666,0.18912295485941535,0.032978615833056044,0.2433679193134548,0.10184514320518565,0.6232124841425789,0.06644577507053588,0.07401935137196164,0.07062648550335167,0.6708793022379125,0.0,0.0
0.0,289.7360234436206,300.06043283296026,101304.20416753448,9.272704713276221,180,1.3780298458297455,0.6111860403887897,0.09036746238514365,0.03315851767579661,0.2865914215550101,0.0,0.0,1.0919439682579248,0.15538324998989575,0.8385924747183972,0.38570401345851973,0.08646059734452395,0.030920951903437178,0.09028983863407924,2.359175600306905,0.030392617696345346,0.9964408819152075,0.15523563927365233,0.8019587325730222,0.35492827115573533,0.4392501751862419,0.4826934275994315,1.4052092456765612,0.033124183769197645,0.031994556631407746,1.6738260896695898,0.40511929404562147,1.2999080732558634,0.6285788771924514,1.3394367554487228,0.155458302747882,1.1039917087370705,0.18703721745474716,0.03369924631149945,0.24334025864309558,0.10101084196682039,0.6206483586470553,0.06213667888152425,0.06724265012203716,0.06558803933405431,0.6351132684694856,0.0,0.0
0.0,258.9096568400306,297.0153870757677,101292.52630879144,9.50124066438875,180,1.3564265700541402,0.6077612193758242,0.08764444023262681,0.03320074994322158,0.3217139104863634,0.0,0.0,1.0361568320130736,0.15552643273230718,0.8362773793233846,0.3611390699351189,0.08962519962783855,0.03168169068255453,0.08575273517443419,2.1256044998343677,0.029345994110621863,0.9307831281782187,0.15556757482768016,0.804499641504723,0.34860575205314365,0.4417067232950731,0.4271744826909498,1.5015766454858606,0.030717702069916582,0.03467127144664725,1.4510796894825815,0.43956353081101773,1.3100537935948315,0.6258085781224094,1.2274946079898468,0.15539972613733807,1.1045680850492012,0.17931126458828947,0.034652529492562256,0.24113794695257665,0.11056542199570928,0.5994451063349374,0.06418609941324845,0.06696455073524614,0.06748539443842962,0.6648027239157834,0.0,0.0
0.0,15.438449324583479,300.93875999152795,101176.93651595998,5.8112543711101265,180,1.3628628728316172,0.6090773117400107,0.09255993470586359,0.029852902490963798,0.29679753176367674,0.0,0.0,1.0502597324027265,0.15532077190882043,0.8364285640286153,0.33904983477633543,0.09807912762641852,0.03065614323758837,0.0863653679284399,2.2370151850220386,0.031713250029758014,0.9735992758501668,0.15538319999641023,0.8005907105162936,0.3557580345411925,0.44898660835243276,0.4875459240761958,1.1674161641993417,0.03466112266707018,0.03184157807990807,1.4020234290154678,0.4321638482499242,1.4015787980895449,0.6226327298424755,1.3684244152241016,0.15553963787099775,1.1014335683493544,0.18322524812686014,0.03353560285248209,0.24135348152445477,0.11005288692266678,0.660803732784783,0.0704117833483462,0.06594250720977417,0.06532168419019302,0.6137366136731279,0.0,0.0
0.0,146.5549430720104,301.61191935981617,101714.35578859977,7.4384925667271995,180,1.4679173523440026,0.6071629362512109,0.08785200326247547,0.03278970073033713,0.331734975325025,0.0,0.0,1.0378359320474537,0.1557114694826679,0.8383741820853066,0.36953522960639484,0.09235526274147257,0.032540554842623234,0.08906870279809743,2.2017686046966825,0.030565955737250274,0.9818870055130124,0.15558678040479515,0.8026165596459393,0.3919127533624757,0.4823662337558453,0.4705930437573046,1.4120137554523826,0.03270802136641685,0.030618712085744813,1.4730939008926134,0.49553685283125404,1.3334821739933638,0.6909642674497023,1.2322246385658069,0.15568104319872875,1.10846018206544,0.19725916481454756,0.03293476852419209,0.22971328435479363,0.10197101795186202,0.5784532956833768,0.06623010159563178,0.06276766292729775,0.07036668066600703,0.6430493226458762,0.0,0.0
0.0,299.5626508865921,294.3737801469504,101055.43478829274,6.047480113454752,180,1.308407016944771,0.6086559532681965,0.08484038457544109,0.03454435537746758,0.2793162103062653,0.0,0.0,1.0155889420637507,0.15520497846501813,0.8398278286732324,0.37811988487008596,0.09459992003245164,0.03196377768269922,0.08348168147185969,2.8302099365499536,0.03319791454843087,0.9876621958473443,0.15559990278458796,0.7999893958078762,0.3510691232976221,0.46000812687012826,0.4678385824165108,1.3921731202154055,0.03394258312303979,0.03444193788593366,1.3641527548476953,0.4214340402934556,1.3656042971705569,0.6060366699027527,1.342669541018698,0.1554407542763501,1.1008903816136644,0.17857372110533948,0.032969259449068485,0.23987768732020948,0.11396190296552168,0.6274504306336974,0.06280057847960716,0.06608479250013534,0.06245423467728488,0.6325607984933357,0.0,0.0
0.0,20.556926042514206,294.2437082230091,102448.00185162756,7.504658471211706,180,1.3935254229576166,0.6051568008442959,0.08546691233140025,0.030303420521152508,0.30235359398705364,0.0,0.0,1.0347419593236318,0.15592842521575417,0.8432139064343461,0.3618723784163787,0.09170862362636133,0.031921909532141454,0.08635833701082683,2.295691373456331,0.033974639582814714,1.034485818899474,0.1549557546525463,0.7977467173959868,0.3441759488683462,0.4267056571143262,0.47660886330249647,1.3298241167963194,0.03074484197600164,0.031573306518214383,1.4315346612501714,0.4926797542298928,1.3460893035879586,0.5841404300012702,1.3090338725418158,0.15494475880366948,1.1032539071099743,0.16768178393320632,0.030916508406181136,0.2430146057263009,0.11013470825493442,0.6212518588531741,0.06326164486608331,0.0677989776427582,0.07175349174411337,0.6365738715491476,0.0,0.0
0.0,327.7303806211484,294.7506863028709,101562.62875307648,7.630978034549923,180,1.4061907687231459,0.6134938789500495,0.08757783857653913,0.031463076630281035,0.29055489728018613,0.0,0.0,1.050568517533116,0.15514778018241387,0.837328857515515,0.3496365559460948,0.09334182925649907,0.02809120332536938,0.0882243206393425,2.4267768635644877,0.03230866577982503,0.9993945057591753,0.15533251425954497,0.8057722412352425,0.39185115009725596,0.43629657495850127,0.48178863756001444,1.4728604194747974,0.033876421474871216,0.030843671868172728,1.4332081025374912,0.453401504635527,1.3389519121033333,0.6122427282938883,1.321008122595376,0.15521049333731343,1.1025552952105007,0.19261518188672472,0.03110404449789484,0.22511209238475804,0.11051803220310223,0.607245785114545,0.06712046744681303,0.06970613853518447,0.07242316479055853,0.63559253416002,0.0,0.0
0.0,29.42329791417408,287.71448481130614,101463.67812427659,5.314574754246484,180,1.4055126094085113,0.6124539333790195,0.09216501758297994,0.029491331937649964,0.3187290629872659,0.0,0.0,1.1340022325802155,0.15501416242319063,0.8396668338091752,0.3566856573187665,0.09385891996873894,0.03184921367801765,0.09564130558292545,2.1916410696548057,0.030722501768644418,0.9271691082816068,0.15517922158477163,0.7981663968272856,0.3954624190065852,0.4479032151569206,0.43358633147556885,1.1789028476513173,0.030989282463026534,0.030301567319692548,1.4195011217713767,0.4639799811486026,1.22445788245399,0.6322650586790709,1.2597006845735028,0.1552387637951836,1.1079217461442517,0.19421278524110275,0.03231488676435338,0.24624603534635597,0.09641732764032497,0.5821499757468317,0.06366086203321716,0.06732280498830506,0.06532632352155458,0.6409878746639481,0.0,0.0
0.0,209.59221936473185,287.14431436955834,101987.7623977304,8.119640713338862,180,1.3198294690770545,0.613844285142356,0.09202700354507269,0.031199570304810447,0.312786947113089,0.0,0.0,1.0303655479464278,0.15589536101343923,0.8355515864715584,0.39472586669869825,0.09647174414529368,0.033620982987634725,0.08234804863594224,2.069307521393771,0.03173855422249284,0.9323759035473317,0.15541765370438027,0.8030010034816691,0.36349724589215504,0.4610490016421,0.4773417333755757,1.5031938957634978,0.031557250041187125,0.03171316160208568,1.5307724496539965,0.4512769194284366,1.3467181799780334,0.6435707856833852,1.3214627105282997,0.15570696391219604,1.1067118971245962,0.16596331869316777,0.03187446623777894,0.23136487771479292,0.10949610279506684,0.6311977311509908,0.06624011720190685,0.06771393781936748,0.06534596948131915,0.6637939301815784,0.0,0.0
0.0,276.25770122720604,300.88566161295324,101486.27592656264,7.351525392362634,180,1.2869433695817436,0.6075323493906531,0.08812240461342137,0.029292443860580893,0.29911409195599725,0.0,0.0,1.0810613519289811,0.15548725894850696,0.836676490287727,0.36023014447905877,0.07939106583895265,0.0320423018911037,0.09782502610676781,2.1168851735808576,0.032511409929359546,0.9515056757000125,0.15546581946614313,0.8032642930413736,0.3655460891718797,0.4540833250752326,0.4844058981582407,1.3789841987696567,0.033249317055127264,0.03118926905554808,1.5439397282597775,0.43752697741783514,1.3284457915530545,0.6181041351485441,1.35346335841364,0.15506516293288905,1.110218935431102,0.18693526522923748,0.028681893398915442,0.25164655085936966,0.10173043736863684,0.5712242538196538,0.06377180862644069,0.06242513300937397,0.0642994261310622,0.6544330529693404,0.0,0.0
0.0,326.7442376878794,283.03134837095394,100948.8431342565,6.641719925108941,180,1.1661925145303127,0.6135508338087111,0.09433254927321719,0.03193766005211869,0.29165699475369633,0.0,0.0,1.1003684659246682,0.1556540991813522,0.8401806867417656,0.36653878194392564,0.0870860514915388,0.03219588891519693,0.08543333169077554,2.168598734228315,0.03020505045828582,1.0221088574631565,0.1551868678471048,0.8001697092518493,0.3424803135282892,0.46397894786614596,0.4787307928432663,1.23233707800667,0.03166279023284142,0.03326265044006192,1.6219286994685667,0.45790606341395823,1.316446093602588,0.694568975533932,1.3746398404484599,0.15514847300991738,1.104433894388232,0.18152227535323442,0.03326241798287313,0.2380540545207245,0.11375324237010125,0.6704998602566982,0.07076756155398281,0.06589808897995406,0.06584173175050476,0.5638412097916835,0.0,0.0
0.0,216.87760164187142,288.98777676188666,102363.66491419738,7.139187049866244,180,1.3886161175391571,0.6077459626328818,0.08859217680185484,0.030419165361086777,0.3373285326400176,0.0,0.0,1.0058499809038663,0.1553659202496446,0.8405597799664533,0.32477083348349955,0.08564331692523902,0.03196618347123691,0.0900000288799048,2.2258415213150378,0.03240842937254527,1.0726589927521437,0.15581576328993477,0.7996379081608418,0.3468407133986594,0.46305634426409176,0.5027190592705272,1.3160022256761053,0.032592940134771514,0.029262291489258907,1.58569360205293,0.4410096927114913,1.3872185499016292,0.6442123412116596,1.2897054915422659,0.15510900443772357,1.1017546447306095,0.15834681764445843,0.03337712210543457,0.23413969987141234,0.10251977512887786,0.6178007911917055,0.06448516971840403,0.05882367388357277,0.06880356031265186,0.6316625467786184,0.0,0.0
0.0,253.13882313287766,296.4104037918489,100984.09691719078,8.144713663685403,180,1.360073359537585,0.6075544583900306,0.0845108934355216,0.033439039978136395,0.31316638523479834,0.0,0.0,1.0800105887695102,0.15560588140973788,0.8368941702272694,0.3730418593425797,0.09506525361872256,0.030049451650592064,0.08573914796321351,2.3394708544034915,0.033501131450758524,0.9323630907588577,0.1553855604566097,0.8006718662319426,0.39060604969341195,0.49546585116637115,0.5076865750884919,1.3911927343886603,0.03198573671292259,0.03305919093049241,1.588587579239586,0.4344689859391871,1.4581767557306289,0.6630734123644464,1.446197141988617,0.15530377394959402,1.1047110649111571,0.17966197581297425,0.031249674067856687,0.24159971215223294,0.10976291927742761,0.5981235547714495,0.06239791952031834,0.06624227822879364,0.06803705417631496,0.6056631924578504,0.0,0.0
0.0,8.279376837426543,296.18412286581435,101876.50094307149,8.931041401698458,180,1.341543686394298,0.6087930874759674,0.08718265816930545,0.0306286578754655,0.3133695942508743,0.0,0.0,1.0147411980446752,0.15539063740793455,0.8397581235370016,0.3948637847565763,0.08216338174280022,0.032029074954630275,0.09743198685963618,2.4572255330571653,0.028750115865954145,0.980723984396239,0.15561512150103288,0.8036482314187858,0.3588683447851867,0.44081455015988175,0.4659522742108627,1.3108222256759656,0.031722022725843006,0.03208164970123412,1.5711677223451512,0.461988312003809,1.4980306004827662,0.6451353806765535,1.320983654352458,0.1551771480435453,1.1060046297956476,0.1758444204771333,0.031942862359101216,0.23935348440329404,0.11286668488501957,0.5570629067770198,0.06642867307587413,0.06766757283941534,0.067764648821135,0.6419648313156037,0.0,0.0
0.0,20.85162985821817,297.7639583299581,101136.10133713791,9.421118115324989,180,1.295566573308001,0.6098660201524922,0.08693839008285212,0.032035558340506774,0.29517469251105927,0.0,0.0,1.0550373909699498,0.1552387290537935,0.836927250540136,0.3767739927667121,0.09196077180067429,0.03267814985364949,0.09555532782313694,2.3636331637270214,0.033145523119578524,1.0096128534737054,0.15546957871016628,0.8019031442536174,0.36829635827575913,0.4562055675384493,0.45698905877389745,1.0805115802087897,0.030428697236897267,0.032966166748883675,1.5633191921678282,0.4615737086778683,1.4245404424882289,0.6469062454830953,1.4041281956711247,0.1556862016299179,1.1063549467551566,0.17412426657782334,0.032976795126320124,0.23928922580374118,0.10124755177900623,0.6628393135811342,0.07051250089815646,0.06866150185970592,0.0639682181768688,0.6381541526885391,0.0,0.0
0.0,150.04250583136692,301.83378844786716,101085.28289570112,7.697717546880693,180,1.4399238537647694,0.6090143181453666,0.09345205760239336,0.03148062372603073,0.319851362564517,0.0,0.0,0.9718024416307125,0.155655685923376,0.836376259121306,0.3773916437194314,0.09029488449788901,0.030449728699861546,0.08864590396863085,1.9798641694830375,0.031384069873145154,0.933072398797522,0.1555459951823197,0.8054601017318608,0.35026384221735746,0.47987297322337236,0.45511179604942065,1.4706942066490822,0.03272324623765378,0.0324156510218858,1.487144731237518,0.4590084019432179,1.3819507675159983,0.6206384821811455,1.4059368840688093,0.15544556808061638,1.1032686422597977,0.1633753043682997,0.031737830292744955,0.23390446635947004,0.10717363700059637,0.6746416753832828,0.0613123695726929,0.06922141824459528,0.06600288356090833,0.6206911698569478,0.0,0.0
0.0,168.71610243229242,285.3629020254341,100983.25320231373,5.744937806887648,180,1.471935990624979,0.6082210716239264,0.09266695154057836,0.031605239947475494,0.30592798014473704,0.0,0.0,1.0369361965986916,0.15539015543800339,0.8417040051058464,0.36402717990951294,0.0938746410139324,0.03468180277601252,0.07818429487387864,2.1933289547886945,0.03453229051287879,1.0014650308006656,0.15536981584851292,0.8012518406283977,0.3577452613312089,0.44384974630247576,0.5011265061040652,1.2771378453540632,0.030109915718432113,0.030958022600051704,1.5894877229977136,0.45753814129990183,1.4362616495937721,0.6082741113454724,1.48410738555657,0.15541418928462816,1.1036041073645078,0.1932459731708388,0.032068108560420285,0.2295677248153253,0.11067434419542829,0.6690947742401335,0.0690054307747655,0.0604376872592121,0.06903292346453037,0.636108106461457,0.0,0.0
0.0,248.15424799003057,297.76007059345204,101043.56578539441,5.809559641381089,180,1.4311215960980035,0.6086688309781422,0.09041612372626387,0.0316703198044514,0.30755097460747793,0.0,0.0,1.0054957247168896,0.15546336269783365,0.8356018693862363,0.367785459501363,0.09225101018073295,0.032850177797318164,0.09361937916496946,2.6197664691159677,0.03270616339012534,1.0074269381158616,0.15515872444336679,0.8021621846492074,0.3941168301801394,0.49824445249445026,0.44559918306500207,1.1797147738778078,0.03311563835580888,0.03048798632831458,1.445402123110771,0.4234994991606697,1.445373027725323,0.6242630968534137,1.3135803385039713,0.15543319649244394,1.1012637563444256,0.16956510759007357,0.032835779658124946,0.2377043042914916,0.11018442681859338,0.6567199388728432,0.06558275143950586,0.07400212885710006,0.06581252283804759,0.6165140939375373,0.0,0.0
0.0,182.26353298014453,286.001359258786,100734.19141068296,8.356907482605974,180,1.4075150754909769,0.611567269180807,0.0956061772506194,0.03265740712397989,0.2908106115385712,0.0,0.0,1.032854787747942,0.1551632808425834,0.8369654506509324,0.36221939759328275,0.0914326519999266,0.031801815856343146,0.08530813912288362,2.671582648752135,0.030601540335868847,0.9209894154679287,0.1554974965778058,0.8017410044642904,0.37111285551094136,0.42433229406207706,0.45745683750103516,1.0988923184350607,0.03457247845829209,0.03321891684539794,1.5490581117697988,0.4165664417460836,1.4352274830187088,0.556869178077304,1.2200691690757903,0.1554652028856124,1.1055327473037564,0.20209029894048866,0.031532342206271546,0.2289821492331359,0.11334550298546804,0.6149728438155918,0.061009869744860425,0.06169789689751299,0.06493034771766217,0.5997658047323711,0.0,0.0
0.0,188.4806215102127,287.17418555202795,101548.20896863412,5.739121315633225,180,1.444410263086969,0.6083020291520899,0.09143639327995337,0.03281456309972021,0.27785385924749056,0.0,0.0,1.111077595642501,0.15517981381617335,0.8412204038104438,0.35565105414626985,0.09148293541843615,0.030733367443300245,0.08558302216511927,1.7062888035524164,0.030232273013574677,1.0480736225408729,0.15566110117726503,0.8066606045436703,0.3821575170031795,0.45393765716378565,0.45758016440974575,1.3598087316509768,0.03153036810841932,0.03413667755011304,1.4268350229396913,0.47247671866799285,1.371128482580817,0.640155788897744,1.373682371948565,0.15516700593384614,1.1044510078144258,0.18936326935809433,0.03199945039307627,0.25480103329874065,0.11250059126466204,0.6207690737022387,0.0662125276013538,0.07215601417952022,0.07003451388733802,0.6823219870286739,0.0,0.0
0.0,232.35517059370207,288.1433285094201,100609.3231977007,6.567377705138011,180,1.2941273572875502,0.6105146753293917,0.09164808628182733,0.031410772073737235,0.32186600403745314,0.0,0.0,1.016587358840761,0.15533567778148968,0.8365066319674639,0.3689788536139847,0.08974949262160085,0.030655192115337525,0.08390537686821019,2.205192807309269,0.030890505807949085,1.0773403366979155,0.15561719519373396,0.7997948669996618,0.3771073232958909,0.43145127717436477,0.4357910237806114,1.2549311807874495,0.02993381635092832,0.030730600553246792,1.399796932824989,0.4794911654340201,1.380633868560384,0.5945113040193658,1.269936344340157,0.1554444200845641,1.1078296722235639,0.18715900956763523,0.030848415629521866,0.2539868485297647,0.10894565954623042,0.6011954037520224,0.06711101285419606,0.06779032900244276,0.06828052925070631,0.6307157899636856,0.0,0.0
0.0,65.3431547320446,286.70705872550093,101656.11366418238,7.865417119008626,180,1.396073894208186,0.6075729436228592,0.0912495141037169,0.03400164678788232,0.2926979734698183,0.0,0.0,1.0235263658183391,0.15579455465607267,0.8366737662214678,0.397633244414235,0.09688665158747929,0.03021393657914564,0.09711010146083814,2.632253852782189,0.030340076068808536,0.9288623253639716,0.15535125812710066,0.8008786954084046,0.393165943373459,0.46237643202964784,0.5060241099444597,1.1375947159423698,0.03487179105643196,0.03334842274726762,1.6809171005375318,0.46639037472397776,1.4916267372824779,0.6387003528901988,1.4203471902189018,0.15576086418017798,1.1046872190253123,0.1711722851694149,0.030116315143634293,0.2298587569580121,0.11653775932875597,0.6502383671089478,0.0653420424440823,0.06605233808409383,0.06846881622531399,0.6043659850700457,0.0,0.0
0.0,47.32807217458073,297.6333128762856,100897.13341938234,9.853649358888124,180,1.4038192984251914,0.6073922759855885,0.09309209042533348,0.03130467009622479,0.32146703395130166,0.0,0.0,0.9840890959207572,0.15498668109162536,0.8301627378876276,0.3788690123869039,0.09415914688796487,0.034941063310657966,0.08785021262075443,2.1065348655546288,0.03001434975290253,0.9961316728819004,0.1553100957730624,0.7986741253352895,0.33654935273480624,0.44410618795614076,0.47737255714409604,1.2426665580998149,0.033237425934165885,0.034220465648428976,1.5395035307211182,0.4674740447320983,1.3685573953393775,0.6194645153420378,1.4007941955152297,0.15553593210789488,1.1056312043921268,0.183876044820765,0.03194397841421671,0.24122354319132192,0.11806679864847322,0.6883288311486521,0.0691482410237927,0.07371306714323628,0.06917094094255068,0.6734088532793608,0.0,0.0
0.0,91.58308745569055,290.59631394811777,101041.1917003164,8.045212898586323,180,1.4331718062846985,0.6071850165415121,0.08206412604403637,0.03184223715917065,0.296156049791939,0.0,0.0,1.0172354882927077,0.15585292372751008,0.836835748389717,0.37267409845604754,0.08894301419257065,0.03367115273409394,0.09277935569323455,2.2600087071442934,0.030185943017888812,0.9294763550399717,0.1554693957314242,0.8012884165872901,0.350480163222615,0.4949593556579567,0.4583825557764524,1.4046123965894908,0.03107067563322671,0.03274970715790739,1.4680253674007566,0.4586875645571035,1.3225510713204192,0.5775819860828545,1.313628304701398,0.15580475972771596,1.1056352475325102,0.19044950323055784,0.02930424458676008,0.23451427258173557,0.10781049230418512,0.6015698080779728,0.06569911979420832,0.06601637728329568,0.07246396747527256,0.6188746927123143,0.0,0.0
0.0,18.32529882638926,300.1817129634231,101178.72996051656,6.886514209608177,180,1.3498970340038023,0.6129997786555405,0.08392077700317267,0.033853586569189166,0.28388539698127807,0.0,0.0,1.0031784808342217,0.155616426103469,0.834142941408804,0.3598428251471597,0.08821940675603672,0.03267463911689903,0.09384457053133394,2.412542176475098,0.032762704121702214,0.9838351516947209,0.15538401678055405,0.8015249188270557,0.38074516552777127,0.4776694187476643,0.45897917707462826,1.229439433387652,0.032608744681716935,0.03280728972200114,1.5141016812831976,0.4016035743393566,1.3511775970661448,0.6268272691658272,1.3001275811378041,0.15577080105951996,1.101555409097018,0.17466525191184662,0.03305508250326254,0.23543681434767427,0.11782821661468652,0.6383426128828575,0.06504463414350031,0.068168582214529,0.0688958367874102,0.6183327552364299,0.0,0.0
0.0,303.0975302973639,298.66895401191897,101654.62730289312,6.449156014042364,180,1.3555576713336432,0.6129214034703327,0.08979529808444196,0.030420864066375498,0.3010138257317439,0.0,0.0,0.9395732246944194,0.1552142234262226,0.8369930810648765,0.34123718077453147,0.08983369230115859,0.031056039783937412,0.09368237315820288,2.0391727333733227,0.03084807581478143,1.0816025782243848,0.1555404208719883,0.8002774096047858,0.35027487641118377,0.4367971834607167,0.4725911088637374,1.3880422215632007,0.031241333452376632,0.032116950582602936,1.5399977787003478,0.47790556249248745,1.4212123154072074,0.6191392997183721,1.3726776750391856,0.15555631770936784,1.103755604807788,0.17202805989268494,0.03310140261990708,0.2529224547857866,0.10960593728486516,0.6007574397629245,0.06665798467492705,0.06605486855033348,0.06888507830657635,0.6560753899993548,0.0,0.0
0.0,81.36392052568736,299.86755503448643,101763.12360299537,5.347328656676124,180,1.3420122039470126,0.6070563929876245,0.0881705395029751,0.03137142729809455,0.309135854354308,0.0,0.0,1.0642546240914628,0.15549131727636778,0.8373091134173132,0.37788641650337645,0.09741815985025613,0.032268336046365115,0.09605269926492377,2.13795870732384,0.03181045278183854,0.9837716618498861,0.15574732561000995,0.7961026938973267,0.3875824135989795,0.4524248458267563,0.5150314986877287,1.3095691151250644,0.0319556675866292,0.03153839524148772,1.5077240505788805,0.4619621911633748,1.4824552685416121,0.5993584594163948,1.2743575482061522,0.1550423510724787,1.1042264893970257,0.16681808759293393,0.030282494703219295,0.2509370873645569,0.10252117044962801,0.600958921791592,0.07384412107622318,0.06863926706759178,0.06687232036310528,0.6788745978575206,0.0,0.0
0.0,120.2600615836409,293.51994125929457,101236.38617889864,9.959693645180622,180,1.3689548094045567,0.6116132891952463,0.09454412934274108,0.0322458579647824,0.30079230562603404,0.0,0.0,0.9478444695314178,0.15583135446187818,0.8342372205421323,0.37051002104385905,0.10020926574134294,0.033295352668104565,0.08831736981137533,1.925950185360076,0.030614437444294092,1.0566224074280266,0.15511790345605364,0.8006633667410137,0.3651912763257258,0.4650747206907884,0.47159653261937456,1.4745818448207209,0.03183956599459512,0.027519210042679525,1.549975832597046,0.4506020997958003,1.3563802883834957,0.6216605620051333,1.2912833129939052,0.15575306542365294,1.106008623897899,0.17400256510955817,0.02916120497809903,0.23080828282808663,0.11386859071100489,0.5919217005638483,0.06776255389652291,0.06322393854836379,0.07038863848306573,0.6393850225865723,0.0,0.0
0.0,165.62581158371987,284.6042251562214,102096.44102438209,5.169481084779128,180,1.3735414644614674,0.6123874074324417,0.09468181441948981,0.028973781713727022,0.31093445788057533,0.0,0.0,0.9379438229937362,0.1555250011759404,0.839821118495752,0.3435623159708842,0.08971498988681066,0.032378741484337455,0.09013897940651529,2.122194739746131,0.030961174628511424,0.8680928590961678,0.15557403796685207,0.8038627867109113,0.3631725466615628,0.47032233441771215,0.45883777788272256,1.2981059844111607,0.030985429351856542,0.029813797589823075,1.5298979964288801,0.4168747474436544,1.336717467834608,0.6083733958989606,1.3510315370112724,0.15564621333169318,1.106012017732254,0.1805605757736754,0.02979482604959615,0.24744145322731867,0.10954305261525549,0.5973069022011259,0.07181408744804617,0.06430236181323376,0.06586736013899981,0.5773716467155565,0.0,0.0
0.0,257.4540102606838,301.66064461823987,101005.51318657318,7.934057632634467,180,1.3373683709067816,0.6087594312926486,0.087723475679431,0.03140343111953883,0.31552155662186976,0.0,0.0,1.015332791114984,0.15574451912579548,0.8417096600027926,0.39566981886355246,0.09262430670846387,0.031483184069331344,0.08982352077564493,2.3033424981458497,0.030536407623761808,1.0095441813104102,0.15602194502039574,0.8001670164506925,0.351478300631768,0.46012993259035717,0.4645347189576591,1.1585581280001245,0.032615452285340005,0.028629018749343853,1.6506765755700428,0.46036416242063305,1.4022148212464718,0.6160386523705574,1.417086510104607,0.15564156045147814,1.1074789499671789,0.16972218942002615,0.032178610447307465,0.23231362170228276,0.11080472123792522,0.6197437721542968,0.06921099494736234,0.06436591203954864,0.06330010167223064,0.6125729864914361,0.0,0.0
0.0,154.40568834431915,292.2595621163988,101580.63519081798,8.311379800587954,180,1.3206248567555032,0.6132289628573603,0.095023339914443,0.03312358459132015,0.3412068984409969,0.0,0.0,1.0424818750019014,0.15500709262406395,0.8386605577124614,0.399705855324336,0.09352779122886205,0.030990268609285047,0.09643392014507898,2.520746618392615,0.029494452526976585,0.9782308362945942,0.15592443310363632,0.8001609662459752,0.3922243107032112,0.4441626192519159,0.4855758827354183,1.2065287731975904,0.034349230520006255,0.02866244939887994,1.482616742118331,0.4559832664053948,1.2764170137887139,0.6154705165271275,1.3024954593613887,0.15509170934200314,1.1020178366703888,0.16858175604937925,0.03203622716654691,0.24112530679640476,0.12153373821845005,0.627128943191611,0.07289703773508317,0.06433954872439263,0.07557347482404206,0.6482266648145149,0.0,0.0
0.0,169.27019344214088,294.2729481958859,100596.43194128928,5.1440330743065585,180,1.2960284148517525,0.6084860288721502,0.08839195528888363,0.03202987404958108,0.2964171915900849,0.0,0.0,0.9989888614337512,0.155248706905528,0.842439476455206,0.3221952806203378,0.08649441358951544,0.030159864434301496,0.09257116166277729,2.2716788932547582,0.02848519270066994,0.9494634820767984,0.15561342068240147,0.7974443717387134,0.37323508882038153,0.4777508879865938,0.45920582648289576,1.2365550434265995,0.031156478683370084,0.03365771961361006,1.4868966431781618,0.4382774240984936,1.442899003428274,0.6501944454485142,1.4462514059208456,0.1558712621638003,1.1060839018185042,0.16435622372129047,0.03370075542788753,0.22830677718821932,0.11097551494334151,0.6194511602173886,0.07263382966406207,0.07019523401272426,0.06897972980704278,0.636555059148499,0.0,0.0
0.0,76.71069873896391,287.110697682949,101399.45258780124,7.999939455394629,180,1.482817023535202,0.6101058309003135,0.09096008136185661,0.03447520425125864,0.321306589629101,0.0,0.0,1.0764269384124543,0.15541429883070929,0.8400060880621291,0.4178401448509155,0.08869966417321742,0.03192948516944818,0.0895054165480112,2.233445395799756,0.03250172509825436,0.9359542716325482,0.15536616072595733,0.7988383823643992,0.3738304142668443,0.45165138330239507,0.43999069731962775,1.2654289288388987,0.032143580368984515,0.028242549433264343,1.5601119041754596,0.4702055539432975,1.511030430957189,0.6204955803601924,1.2973970556054337,0.15526632743166535,1.1056064780253636,0.1725689526401893,0.033820946013805905,0.22187770089610284,0.11643354637925594,0.6244269280581521,0.06175954505776892,0.06745246246168796,0.07072566305030424,0.6040804644009916,0.0,0.0
0.0,229.96388318521997,284.4945465226996,100988.98581436969,6.845749096638571,180,1.341062137946538,0.6116994560077328,0.08626060593494073,0.03414358717859672,0.31614681996343613,0.0,0.0,0.9644287842339687,0.1554291893833457,0.8397731006710242,0.34900299985052075,0.08432450138060321,0.03285879395945174,0.09388133728589121,2.3015440687360473,0.03169486271632605,0.9664652229857854,0.1551660778644998,0.7998310574154478,0.35422372886112313,0.48794157076621797,0.44717623500901726,1.2814239825344427,0.028839670395277385,0.034273688677767665,1.5643002858063437,0.4502483764742724,1.279222543421415,0.6306570480112685,1.34491448373896,0.15481527375098497,1.1038437040253763,0.17664993335274115,0.02925725896962509,0.24570652039065044,0.09899099495282876,0.6293872390820014,0.07022447953537388,0.07378102728481159,0.06707496031012615,0.5669075121973821,0.0,0.0
0.0,263.24126027415014,298.389009740389,101578.16518492751,6.534413439938461,180,1.2330495984434031,0.6090544220690952,0.08531751761415472,0.033857103851739054,0.2892952959506282,0.0,0.0,0.9418599031831767,0.1555005242978683,0.8353055658822036,0.34835898282707695,0.08668870562808399,0.031828101175419,0.09429775397684662,2.3725887383078192,0.029929363455316632,0.9552294525552878,0.15516216883156758,0.8006806872486367,0.3807084591585803,0.44441260616046785,0.4574716523554054,1.3174606386233483,0.033014500957174384,0.03136159273578528,1.5684321661256257,0.43590599316022177,1.3198303380361216,0.6155175317007222,1.3239389695688406,0.15526104230358598,1.103045222132739,0.16934889898061714,0.032985872149937825,0.2237375627860977,0.11190869305417941,0.5813537986481706,0.06618189656099419,0.06619689436035167,0.06054862826223461,0.6016334740665684,0.0,0.0
0.0,53.26790970730257,301.07478386963527,101243.48772156281,8.239171293399595,180,1.3472451732565789,0.6115488339476322,0.09337058038750132,0.029926858735140022,0.28654022645143845,0.0,0.0,1.1074582936965403,0.15511342569536668,0.8413291175288092,0.36819224810079637,0.0881877847812796,0.03193995388762294,0.08971893871949659,2.173453421330344,0.028741510963806366,0.9842853730875116,0.15578237802266096,0.8002982602194232,0.3844186708109375,0.4564482097519599,0.4821968789998134,1.4786052311656799,0.030043414622264984,0.031436721403221755,1.6235736527140647,0.5171966236882258,1.4015355451140363,0.5951235552716846,1.3331824583191334,0.1550887857877558,1.102686429193026,0.18357317923320257,0.030821537116314312,0.2415968388541299,0.11060676041100558,0.5986008922654066,0.07110954081013282,0.06353567448703319,0.06780282050421,0.6721296617422572,0.0,0.0
0.0,265.9496822482441,292.404281816832,100552.3318229987,7.974528598509486,180,1.388177462014632,0.6095935090659891,0.0923791863618358,0.02995900604319616,0.2969893986595205,0.0,0.0,0.9967847897367523,0.15556088075995111,0.8373695683393347,0.36148658749647616,0.08957507907053933,0.03134195661281598,0.087069926663668,2.573116783625472,0.031125384325698315,0.9556374695623672,0.15561793314823139,0.7996490625483076,0.368191833895594,0.4514543108000193,0.5018563702853532,1.4417227579371439,0.03512957631005097,0.031069121650636668,1.686961803901824,0.4490495693661106,1.3953402981850496,0.6659728585187709,1.4173791537009892,0.15564352838384293,1.1054283509792644,0.17236895585349132,0.030605840825910655,0.2430949151421307,0.11032091736403132,0.5596990926322656,0.06568926466768893,0.06599169181335945,0.06907192137916243,0.5665489175575431,0.0,0.0
0.0,58.31519328907077,286.28812654954936,101734.19606935,9.16271131435659,180,1.3333152827922774,0.6077896471157744,0.08340428989986584,0.032989552509511834,0.2879057102528493,0.0,0.0,1.0437808828010433,0.1555917271145187,0.8343181043113236,0.3598576033324178,0.08527420840981995,0.03278055761552543,0.09061950867842694,2.135397716166811,0.031034125755653622,0.937763708995337,0.15553267195140014,0.7983508434521248,0.3448374434204047,0.46330932531117147,0.4786396926157709,1.4119814129832395,0.03264418784784049,0.030900916279550293,1.516739636202011,0.4736511382934048,1.3518620567628334,0.656602605147375,1.3382204196346845,0.1555755920077283,1.1047550393976655,0.17906226827906607,0.03368661964329256,0.23589533282398203,0.117217478942066,0.6053556528866346,0.06855197384626571,0.06805375631787908,0.06204090722199726,0.6334943030568705,0.0,0.0
0.0,68.37729144152894,300.43129688025704,102256.79542533903,8.642560547827477,180,1.3062686953465517,0.6127224182661782,0.09271340030041564,0.03484993836112142,0.2781101523983852,0.0,0.0,1.0159202574973225,0.15557891114657385,0.8375969295999938,0.34796886268229543,0.09514234787706799,0.033420479282425676,0.097624076178693,2.2635353501659816,0.031555367379309585,0.9411039721868265,0.15546171702740866,0.7975427385027348,0.3436388487667155,0.45472279079695765,0.4999915948107446,1.1218109199344624,0.03357825783537347,0.030082086533840802,1.5557614845331287,0.42719891036117075,1.303724409978896,0.606041342697725,1.3378415040418208,0.155289335116129,1.1062879973225659,0.1807144675094789,0.031738128906306666,0.25374173470443234,0.10449811096989953,0.6157206173110145,0.06982339322726158,0.07024398676407008,0.06503935732833865,0.6569444825955071,0.0,0.0
0.0,311.2559276380163,296.07591698653715,102339.9635404928,8.74821130081815,180,1.2688846989184304,0.6059572204706197,0.09408664235324633,0.033230290798285746,0.3076621849568966,0.0,0.0,1.0095995353461287,0.1558761549132363,0.8386754433689234,0.3863558938962583,0.08866574655571553,0.030506067714744324,0.08747023385723811,2.5619425750406917,0.028755783235969015,0.985957582942134,0.15574649636419893,0.7988531797138342,0.35981489975255954,0.5070885427921451,0.44846707716214035,0.9700161148448027,0.03170893786084724,0.03255748149473684,1.4934552471904208,0.44527053507999836,1.3623803781553336,0.6289596597311463,1.2901094894020124,0.1552680607065102,1.0995760729144113,0.17678129672842463,0.03175946081298056,0.24017858325131172,0.11175358998721797,0.6019332028045786,0.06691954764298583,0.06662238238802298,0.06891651265628577,0.6480221920298394,0.0,0.0
0.0,225.21428946726624,300.85437443630735,101531.41624068232,7.208032755867433,180,1.3588796077258012,0.607391078859504,0.08354187092092757,0.03275659228854736,0.2915218274373643,0.0,0.0,1.0174300178984303,0.15595365122456398,0.8367716516141619,0.37704731996683355,0.08694363538369135,0.03116033132946808,0.08951633539007765,2.2004054410313967,0.03155687335991393,0.9659516051161091,0.15510433794616804,0.7975756225018839,0.37540941984977405,0.4334295036455281,0.5027607243546119,1.3089738850606745,0.03227366407403654,0.035225992863079036,1.458748718728294,0.4044025322472958,1.4856044260542935,0.6479515531207662,1.3690061208152438,0.15521022258589198,1.1025541219667334,0.1770685572463612,0.03351803582227916,0.2284600487983875,0.1027551413252235,0.6413864435975093,0.06715817304555571,0.05981669193885548,0.06733986202813197,0.5979715543166823,0.0,0.0
0.0,6.319245975144843,283.63909493114085,100327.17844702871,8.25294296490323,180,1.338306217598858,0.6122597226554126,0.08991680445726968,0.03035514265499533,0.30106395067939,0.0,0.0,0.9474988734183436,0.15541244808849078,0.8376242923979559,0.3343267929352507,0.09389148120089764,0.028849491815070526,0.09433871694893939,1.8818614154470144,0.029095812872233336,1.056988766068901,0.15547375371420571,0.8001256065684634,0.3688921440406199,0.4697923828786369,0.4722320241752207,1.309762767991422,0.030689087718581785,0.033138542782146216,1.467698265412436,0.46473136729472314,1.2208401954260346,0.6265447925420847,1.3475267316730664,0.15509897976773518,1.1027047640226173,0.17531559947812478,0.0338559636926078,0.24047241504235553,0.11187368947078288,0.6290808872684397,0.0705334755856604,0.06265109533461742,0.06458381567149482,0.5944581078212294,0.0,0.0
0.0,179.6878843575449,301.6208926996011,101938.69562782862,9.185720133936993,180,1.355816930230693,0.608360643409105,0.07956873297110129,0.030491917271637498,0.29786086867394607,0.0,0.0,1.0767954716875887,0.1555598589532474,0.8397540854011425,0.35971778122242876,0.090997561026556,0.034758544584022125,0.08347885281007604,2.3975241802269895,0.028704927243415265,0.9537755175876568,0.15533434212882546,0.8038281576338085,0.3488262393966957,0.412759069306685,0.44025768538785176,1.2148188672688873,0.028181340620788742,0.033943801061372736,1.6496322670098955,0.4671244894149581,1.2360357453557556,0.636103768773557,1.352990773379527,0.15517843539493045,1.1036659153549213,0.19029125572636482,0.0334627358200138,0.24682557892769139,0.11117604579874117,0.6272881989675445,0.06317523447182566,0.06219761055545992,0.06629369613420687,0.6684146479024639,0.0,0.0
0.0,33.466463731364286,298.7757305453822,100291.9549506326,6.291077177497218,180,1.4349581718947522,0.6140761405033495,0.08480990861064827,0.030323509787569255,0.3076502671831204,0.0,0.0,0.9677548119304451,0.15504095608505253,0.833550140401688,0.3792756423776212,0.09386805879249427,0.03283457233203689,0.09615285587922591,2.377116827779917,0.032466889124822866,0.9639844953140525,0.1557269823733019,0.8009288933851284,0.3673045061764628,0.4268031676540364,0.4643489450233399,1.170063276750508,0.03163477786664905,0.03084141948914783,1.4899688513631089,0.44273737840736194,1.3157898424821008,0.5994864236985225,1.3440947635220903,0.15564888794424633,1.1052489333983893,0.18831811039706806,0.030570687144374015,0.2280627257243176,0.10848831168984498,0.6255507897924287,0.06633190044592085,0.06546235139581809,0.06178075178708219,0.5975614135950313,0.0,0.0
0.0,225.773160513799,283.54868890863463,101001.9584621844,7.6569157567904425,180,1.3825921264372498,0.6102279669919908,0.08257133039870272,0.031105216418208223,0.29569217741984855,0.0,0.0,1.1349770268880586,0.15480060955106462,0.8355321159592681,0.3635285435997783,0.08362464260096501,0.029555586178745222,0.08249025771630651,2.289560521215529,0.03256595844151877,0.992159749888659,0.1550770922312156,0.8055642454869965,0.38896178853926444,0.4715718891061418,0.4930427102843173,1.4482119028961,0.03423113425621463,0.029954036394563156,1.548197499743764,0.4404449827185136,1.2543880265525278,0.6408614243145213,1.2591706989263345,0.15553273364398545,1.1056848110186455,0.1751343204720926,0.030495262425198507,0.25220347009227656,0.11109775113022478,0.6523684741427803,0.062130081983840575,0.06852567628154088,0.07429162524206602,0.6358231375334105,0.0,0.0
0.0,31.314462987048927,301.8704783096775,101654.62750101848,5.334632985790489,180,1.3041637804895443,0.608080293649622,0.09580078328129302,0.03152777113919274,0.3089441314864778,0.0,0.0,1.091652632248701,0.15534413863545035,0.8365526470632091,0.3553293582236482,0.08437498918960927,0.032034581814572326,0.08965982982896249,2.57640588343533,0.03330117433120587,0.899010158235294,0.15539798691273116,0.8004364821668305,0.37613177287007504,0.44583451179529243,0.4905751338516049,1.2297467543734666,0.031218165367301053,0.02944774648146289,1.4665813798905103,0.4500578127397674,1.3032464338264818,0.5434698803453,1.380480202092667,0.1550397344694439,1.1012125087215539,0.14967715530903855,0.028455755318236207,0.23303492399489706,0.11983836317391072,0.5540904122666349,0.06615903741923017,0.06937835325811617,0.06965327675642538,0.6561995410072974,0.0,0.0
0.0,286.606702494978,283.00727421252617,101964.01931645234,5.61858617024361,180,1.3014645828430775,0.6063904575576913,0.09554968870554786,0.028481081681537505,0.32896032647880563,0.0,0.0,0.8976369473710977,0.15540811655098474,0.8404488057200298,0.3698820690565623,0.08922122546732168,0.027089243228313412,0.0855699399881516,2.1243361651048467,0.03663139493807348,1.0011294861188444,0.15539128352285483,0.8008800859560531,0.3560045266907866,0.48772092877127926,0.46224506308338453,1.4820570981382968,0.03125728509924825,0.03037446033337377,1.4788993595543785,0.42368863988612393,1.258694703175658,0.5885773173654609,1.2780406682225662,0.15549539413348146,1.1059980073853728,0.1810040946562226,0.03318773960191932,0.23398996253527132,0.11001321391939478,0.6207842615626092,0.06560754250301232,0.0704590909743569,0.06817526899999732,0.6033792558582471,0.0,0.0
0.0,191.55473048005368,294.46809024703805,102889.71448378032,9.450571169540835,180,1.3880371877492261,0.6100105560490732,0.0881245348021261,0.034249528486005855,0.31702025733286915,0.0,0.0,1.1090256279621886,0.15546570504051782,0.8338365752281269,0.4030823169511723,0.09068504716521074,0.029048053717912796,0.0954280343880413,2.2900937740330454,0.029759394179260143,0.9988144763401193,0.15555561491391087,0.80419353848946,0.3736024711442798,0.44370351324304136,0.4516954830766981,1.4625869836489602,0.033077229219008526,0.031615746981888404,1.5265911908998266,0.4432692104387023,1.328157385620773,0.5548156070285959,1.2850944600712488,0.15518832757571593,1.101328708227424,0.17414625160892933,0.035781539127343574,0.26366383773786484,0.11753266809072416,0.6355664619391904,0.06785656346086928,0.06999752969832215,0.07039945754343802,0.6019198147770163,0.0,0.0
0.0,41.28214481570613,293.54796581541075,101813.66984730448,9.717270012717329,180,1.3922456256216353,0.6070400934275583,0.08787713436163523,0.03229322942753771,0.30808088864372296,0.0,0.0,1.0693150981881976,0.15529631633289692,0.8351945906152044,0.3722131877307892,0.08673951199092977,0.03213447857464037,0.09177509306695984,2.139108822332777,0.0319919509354107,0.9413021382763095,0.15579852647330086,0.7981678338628593,0.3676530132273396,0.45471601327918965,0.4720608696569145,1.1956479317592221,0.031052416749489352,0.03228652627258342,1.594783226393243,0.4636395691307051,1.3893287454492038,0.6345463991254123,1.4744075078289915,0.15519883288308284,1.1106095841581975,0.17350879459125976,0.0299188668659812,0.2370524569009533,0.11501358205578568,0.5978766833460846,0.06257800124184318,0.06317977636887395,0.072013522556788,0.5753452983040889,0.0,0.0
0.0,55.97760959137923,296.5823785847135,101382.09824773391,7.986523538307596,180,1.4473015785278878,0.6110307891118049,0.08884080553227051,0.028470383742056144,0.30722651006792656,0.0,0.0,1.1255375078557321,0.15534259619599095,0.8370218139976103,0.39585786658288963,0.09095029903591514,0.031129954777391708,0.09197835132686286,1.8238305103856092,0.030180583513050394,0.9739802385872136,0.15527029809681797,0.8053364347000245,0.34849718963305937,0.4635491566156085,0.4679517601575242,1.525544070784221,0.03209837783316209,0.03590054671769305,1.595665139334637,0.4719816528235998,1.3270246927924116,0.629301208820978,1.3235377430204156,0.15546796173310062,1.1048919358422413,0.18446860078318209,0.03255431640592573,0.24080605294020013,0.11511447823967814,0.6351838511706309,0.07303823707761388,0.06695539928666093,0.06482072695175782,0.6427764157348058,0.0,0.0
0.0,322.4477521576327,290.9649855872251,101536.80509259812,6.924685868398315,180,1.3226568636278184,0.6114701234973097,0.09205775473403051,0.032490924105586,0.29576819257166476,0.0,0.0,1.031357053706655,0.15534259017456747,0.8401455971561074,0.37561898065066296,0.09032298130711107,0.030734800684482352,0.0904248039898985,2.1898112174179025,0.030181574067066737,0.9670309648805424,0.15537488730140234,0.797635310312627,0.3430457053936371,0.47499109350292984,0.48793105948265436,1.1452611764317029,0.031521323481705076,0.030151955614330938,1.4629603030138558,0.4756738199515974,1.3167873479236698,0.6420960356339461,1.3194542164344627,0.15544576904689464,1.099796979551741,0.18165296818821092,0.031497556716794856,0.24607652952641965,0.10691065944331024,0.6289914313152369,0.06531210454583539,0.06729946206510919,0.06661058527579208,0.6049058397578195,0.0,0.0
0.0,32.51195767392204,299.91198501275625,101025.12948770815,8.224910241450697,180,1.3628929399732221,0.6042755306540172,0.08839338141916334,0.033339778235686186,0.27378221549482235,0.0,0.0,1.058172339063911,0.15515020479967442,0.8401577397243579,0.3733922503807076,0.08940686670672834,0.03321990399267098,0.08593475447887548,2.12841852832225,0.032742538389719925,0.9120200067153597,0.15568998721938704,0.7981398025918255,0.35471872200558735,0.48975091021254874,0.48408863896387894,1.5311958011484432,0.029572051045273565,0.03299079887627759,1.5786736313904628,0.42411010514203135,1.4313335122402486,0.632567031368685,1.377891841957147,0.15535346039962264,1.1088669812236898,0.1690812756791057,0.03201563108831539,0.25463436904529546,0.10511467283714242,0.6306395946141693,0.06684232310390081,0.06367545223906894,0.06600189275188612,0.5980490538887089,0.0,0.0
0.0,222.67076762812135,301.6902041465687,101980.28899565195,9.70902052990241,180,1.2677869393462335,0.6085738475599594,0.09310876888609998,0.03233493599902869,0.2851742863825865,0.0,0.0,0.9461255822970088,0.15535510767690452,0.8405497693589067,0.3461935516550639,0.09456748783123498,0.03478566350591175,0.09312119076032352,2.457393472777913,0.029648541155943706,0.9235980563741465,0.15507628604506327,0.7950714246869502,0.33785455852241775,0.5445575049605869,0.44769919365269645,1.5472667407024379,0.031772933068071885,0.03287367456155396,1.6976902433406853,0.42964373512893017,1.3358192366532142,0.626558574489924,1.3620107579648428,0.1556314109569834,1.110139202407469,0.19747737841396476,0.032648307265873346,0.227629581418846,0.11428212031850077,0.5914870304095152,0.06005566119773333,0.06870715593952179,0.06875143803309844,0.6428334278208486,0.0,0.0
0.0,356.5721513583802,289.35803958640395,100620.78644848574,8.943949776263056,180,1.316422102343858,0.6107667726801381,0.0919128929968144,0.03281952106833388,0.3212555127858795,0.0,0.0,1.0678454514608324,0.15510766185296687,0.8340198582794286,0.3849472247411946,0.08757408216097057,0.02974074806975244,0.08924160457169412,2.5600015149262436,0.02987429709888138,0.9744561260127383,0.1554570520576168,0.7998844141958779,0.38391417265269834,0.4951144052560327,0.49934215936880744,1.3466968564092145,0.03217705514675947,0.03235710632784713,1.5486242917501587,0.43629110177127656,1.4371996376204537,0.6699570701111243,1.2950937237752773,0.15530718278294484,1.106544080327264,0.17098520773136,0.031074533034882987,0.2277993955916761,0.11121198491047386,0.6201748542434681,0.06835635407625781,0.06685491294043162,0.06174025455440845,0.673366941407365,0.0,0.0
0.0,172.7302367147493,285.16649083462045,102289.2289996499,5.549642247740353,180,1.5096753053104879,0.6079562034821524,0.08716842805345368,0.030241023643432386,0.3106747057890645,0.0,0.0,0.9682215453478756,0.15556930832379917,0.8366567531335642,0.37074338303004456,0.09038966299495904,0.031594348214943925,0.08843985617731626,2.0814729604042563,0.03119872933554234,0.9221725369997464,0.15533679701967731,0.8006012437191586,0.35263887366233204,0.4628746644886947,0.461823465769092,1.4190022807162876,0.032036631379368706,0.03276437465596845,1.5273649493881116,0.45059296785136427,1.346336391508076,0.6084756192900973,1.3211672276320834,0.1554606776925612,1.1031857259822606,0.1848877172863839,0.03433114563025542,0.22714951493770924,0.11125548568482269,0.6295711549583739,0.06554609705743175,0.06744890986895163,0.06313025783786326,0.63604205621232,0.0,0.0
0.0,229.1713841814072,290.33470330214976,101601.08475319597,7.459607003245862,180,1.2741761980025836,0.6081334887416634,0.09376425733778414,0.03171737877347111,0.31133386655979955,0.0,0.0,0.9273749118168461,0.15574132434112867,0.8386158072313821,0.3602323373168582,0.08434562128640809,0.03295108310335953,0.09585660683624142,2.3190468926685748,0.03008718053336266,1.0269972178350264,0.1554292028375215,0.800316310369608,0.3814302762473944,0.42916216116982436,0.4661975918988878,1.3733821118680871,0.029672714954272036,0.03038437929744774,1.4868741606282634,0.42624330641063357,1.3675237413019505,0.6904038016673963,1.2261540399602626,0.15536481880079273,1.1051122236239652,0.1721324917517155,0.03251355313252004,0.22630424293751888,0.10414610560616176,0.6542841546747958,0.06585630505137556,0.06903161867039481,0.0618000414357854,0.6602010111550114,0.0,0.0
0.0,13.03451550142964,288.1767199042268,101493.52289930762,5.874652995064883,180,1.3526449280243924,0.6071110471313311,0.08928288493649472,0.029664490411603493,0.3122794333033867,0.0,0.0,1.053240039549167,0.15526915864457128,0.8368021730362601,0.3402653178387947,0.0933068264392479,0.03086010623865314,0.09226400776718341,2.110646539507911,0.03368531574566661,0.938111170906288,0.15555021370895758,0.8029437320444723,0.3814420053628624,0.48647287172404324,0.4756346472950694,1.3122019230565114,0.03310358654736246,0.03374468890835622,1.5036953921517586,0.4519406074110422,1.3983990048887873,0.5718559273767843,1.2879682352181065,0.15554851480752227,1.1083352067926213,0.18876664172909832,0.031215228469823844,0.24821100242650126,0.1090862470525587,0.5941251143786217,0.06510853791832769,0.06941522223505418,0.07083443826263015,0.6361555394665583,0.0,0.0
0.0,232.37214395972418,284.0785371791667,101823.03623346199,5.30046173938366,180,1.3891327891007925,0.606687170418636,0.0863941802144195,0.0324896360379998,0.31373649714196816,0.0,0.0,0.9701397542211724,0.15524025213238649,0.8416965652751304,0.37553891395590855,0.08775887933693276,0.03602531539076659,0.09815456572168062,2.084393401216431,0.030825070977515766,1.055562766909704,0.15591877087246397,0.8038813013658679,0.3579654299872651,0.47277234548551805,0.44696650208959826,1.2931741659423104,0.034024032548275206,0.029906232411637108,1.6106405971343973,0.44887038104860116,1.3292834400752545,0.6507795162906125,1.3608664612903458,0.15585782756285974,1.1059622428255302,0.17367653682457218,0.03265502048220527,0.226981235442655,0.10639976539440076,0.6596505173664782,0.0722549803871971,0.06504354990674553,0.06727168822894634,0.6795790555672387,0.0,0.0
0.0,178.20657437813873,297.7414885223862,101062.3986123874,9.755534682829015,180,1.3063351247264186,0.6093417661626443,0.09258455215117735,0.031868075858650445,0.3047010371799002,0.0,0.0,1.0908078044274587,0.15539632491537858,0.8373807066486622,0.3720640345278426,0.08628110129803669,0.0320941109351675,0.0912808893982936,2.1469101115954334,0.02978828893282285,1.0494027126727459,0.15540151889389633,0.8043051701000992,0.3804240880847175,0.4734875946258674,0.4525216008383312,1.2906878419938959,0.03236028044378164,0.033362110514400474,1.5573139984530344,0.4536955067381603,1.544774411323128,0.6002577075110636,1.383009798950333,0.1557973624643944,1.1042171833790635,0.19181887216981355,0.030378276666043952,0.2501351925011017,0.11303608307987084,0.6304948578878451,0.06480849771741948,0.06564257757396785,0.06937824046770764,0.6132867603729367,0.0,0.0
0.0,107.6962086715856,294.7627918347078,100510.97949903346,7.585092673838883,180,1.4699686574428144,0.6084470548082684,0.09142888809881218,0.029249984448783812,0.3111854165919268,0.0,0.0,1.0012364868203067,0.15518409460202554,0.8382525914099814,0.37232509257818613,0.08984049565769775,0.032896910613080345,0.09334297758647696,2.109207188525457,0.03196178577334649,1.0236810533990202,0.15581142414710691,0.7996426066087194,0.38744611974591847,0.4500115428921571,0.4347872007765994,1.2878439821341507,0.03359180077699311,0.03350733385213117,1.6710321991682073,0.43197020898936583,1.349698606076238,0.6127006257454677,1.3933632583326836,0.15526990918850117,1.10778782260586,0.18644909778894647,0.03230442680362051,0.2473582124087702,0.09325908515703833,0.5918698808439425,0.06847052015135247,0.07267620867795158,0.06903728160554476,0.5942755144371481,0.0,0.0
0.0,248.98184991361217,289.0973553450935,102195.19556132024,9.839201405965344,180,1.3081064360845143,0.606413998416676,0.08201964653785551,0.03127353556555942,0.3054761253717534,0.0,0.0,0.9541354110438394,0.15535100961766107,0.8365974372205411,0.36722300973597993,0.08015221147332917,0.03194307719698184,0.09347441262460879,2.167578957500803,0.03217569835120344,0.965356346966772,0.15489577150255693,0.8015533340314955,0.3826628906182093,0.45882899411804023,0.45185561889890175,1.1202924585524288,0.031712987750512255,0.03183564611949213,1.5468015080333195,0.4666734258686183,1.3618506424183765,0.5798570180451769,1.5041159697585893,0.15529692293384034,1.1071972454201529,0.1819405707937348,0.031642300127461095,0.2459861446488775,0.11480616403589425,0.6274773858659461,0.06698388203718611,0.0647355252965187,0.07401393959419851,0.5972721649313545,0.0,0.0
0.0,143.7654871710872,300.71161307220774,101435.52206119757,7.241406439205302,180,1.270137152532381,0.6112321193208636,0.08748880675116054,0.030811903473240525,0.3176632018447908,0.0,0.0,1.0422385365400555,0.15546801514198844,0.8375767751372822,0.37179189689231434,0.09101348336199531,0.033937808169965694,0.0872006221388266,2.228718048762475,0.03393958302486894,0.9756245238853519,0.15571091851400345,0.8021060444278525,0.35031372229156266,0.49647514846795704,0.4696756756715424,1.4548124347130367,0.030673520559642762,0.033304109816536434,1.5083534475800682,0.4413073484598728,1.362990725605097,0.6122812757560006,1.342146201339154,0.15527353144872466,1.105122967939616,0.2022272545819083,0.03474173866873106,0.24761714310714994,0.10289328888829052,0.6708092936367224,0.06816198922455713,0.06686766012334573,0.06622070728049435,0.6637501796213116,0.0,0.0
0.0,4.402761830283559,301.75931895040173,101826.44312736002,9.038144744979565,180,1.3076705204121135,0.6107209689051573,0.09335979205436279,0.03137708615825154,0.3033462407833112,0.0,0.0,1.1031048428111254,0.1553372576081881,0.8381584743213252,0.355107635442966,0.08294892689117868,0.027576745785536975,0.08850403174667339,2.3517058210779087,0.03375702060980371,0.9402485157300663,0.15573089641485247,0.7970882299475247,0.36176584517496335,0.46771591014086344,0.4634172127260752,1.3270028871471855,0.033774462834556596,0.03214025661306751,1.508565959857734,0.4254965015854772,1.2990139952558426,0.5980861531106691,1.496461100916125,0.155444772657015,1.1076529660715422,0.17590621018936659,0.030455377753270223,0.24761477947796431,0.11960456587118191,0.5783248411833222,0.07412853052267337,0.06407108719352268,0.07303135945658053,0.6748695584789725,0.0,0.0
0.0,114.34815891833868,299.26895868193236,101461.82968045321,6.3626366187238395,180,1.297444545669073,0.6075745584702599,0.08837230165162484,0.033184247718082954,0.28810870964698837,0.0,0.0,1.1032040010757775,0.1556962966141848,0.8391003657742988,0.36272764641874766,0.0806181340099455,0.03026624408066385,0.08758994983807833,2.1007836410700476,0.03377555973342349,0.9904007461451371,0.15555397035944815,0.8029882756334003,0.33825559327312715,0.49876040550004247,0.4405914636020656,1.2645472256224688,0.031550780172625,0.030059426469312586,1.43944693697807,0.4107201250930042,1.433993839746021,0.6725751401471575,1.2800649132032256,0.15503457303909685,1.1046515328735813,0.16461972294569682,0.03275669076911493,0.2510748884316546,0.1157266328376342,0.6188341983321095,0.06454764501043254,0.06731265595585396,0.07049672314006793,0.6397465200114094,0.0,0.0
0.0,162.16167207560986,287.47277591783615,101189.13967751115,7.06982659997589,180,1.4272369736013224,0.611487435838512,0.08487800862587022,0.030291951238860325,0.33786427810831043,0.0,0.0,0.9485757420862332,0.1554469808482941,0.8447981912126137,0.35085687655885894,0.09100000519678798,0.031048078230484104,0.08172269719382966,2.1207875585916476,0.031239564886177868,1.0880464178175167,0.1551575769469041,0.8012775552720246,0.37381047029705466,0.43277191814612703,0.4612164592833715,1.3448655762515942,0.03257035476656281,0.030952948043427048,1.6736494194586038,0.4506231849656311,1.4013228705393264,0.6375964829348251,1.2815082300191656,0.15546907595932283,1.099981608822476,0.1784459956875395,0.031192889510815364,0.22836658001581192,0.10621591279185764,0.6687959636198387,0.07084686405852286,0.07019838616783772,0.06908566046352892,0.6351156264431477,0.0,0.0
0.0,45.20865209419652,288.9026196276844,101671.43727213389,7.895238443189243,180,1.4238162907317617,0.6086612507352368,0.09413047477791592,0.03171991900227754,0.3091883405507806,0.0,0.0,0.9283732740432642,0.1555353273880867,0.842479738316601,0.3827726168537182,0.08607313844451117,0.03014429742690579,0.09009775515200373,2.124249135524944,0.03192602391986097,0.9786079415101548,0.15522235242506296,0.8020688774836258,0.3722797912598603,0.4546323105245671,0.4953684172940089,1.4498765982781563,0.03153952096158218,0.033824055345619,1.6572702197697067,0.4413695094485694,1.48477572927731,0.598210622184928,1.356558843269197,0.15526473363039328,1.1080853512637925,0.18371838637963678,0.03273398845973553,0.25227563158643146,0.11361927909516882,0.5411848312470642,0.06938845405915138,0.06077040831058019,0.07155634076742319,0.6466348383361057,0.0,0.0
0.0,262.01979592823443,296.74872800219106,100863.65971997954,6.17216307841406,180,1.3542236788273534,0.6112048976380585,0.08801640682352445,0.033304126466974365,0.30578742702757317,0.0,0.0,1.0145372640063743,0.1552108596175765,0.8335479437808545,0.3472853000706268,0.09360213010127842,0.032567209829123644,0.08825501556455989,2.3435340207431463,0.03348908127404659,0.9610554395601049,0.15563155270940002,0.8018262494424169,0.35159899374636405,0.4164630371146113,0.450896568945393,1.4169361766286956,0.036725402351464265,0.03198111392983089,1.4972238972624299,0.42364004643379133,1.4290549688073266,0.6331206593815414,1.3472181936267238,0.1554659850534923,1.1039555582101317,0.18054767614931055,0.03355620896147718,0.23258096421351138,0.10092955924107197,0.60995353142264,0.07182602420102813,0.069619287991036,0.061640082612525675,0.5706144138105876,0.0,0.0
0.0,293.0192204502931,286.2956843590121,100433.15454634749,7.958333293666811,180,1.2088950526089473,0.6114473312247619,0.09015929036770598,0.030614403809912726,0.29171724087571743,0.0,0.0,0.9757534198103753,0.1554772461758418,0.838089397616419,0.3548965045022898,0.08573544140941503,0.030284298909099193,0.09011682550762709,2.264180875167224,0.031162858966342383,0.9908836846587437,0.15533651113194605,0.7988891421935753,0.3775270845206705,0.4670344139029386,0.4608549505545397,1.2590532252039428,0.03235224347993127,0.033001711651504013,1.4551924254479554,0.42398490488105034,1.4145253572469743,0.6061421825640005,1.267020603613433,0.15528993754562043,1.108917224953076,0.1678165365281133,0.030599018999931196,0.23511253959902365,0.10952045785994213,0.6549658717039661,0.06698179845432393,0.0627234805881293,0.07187203918626449,0.6905660966823818,0.0,0.0
0.0,330.0875523187733,289.59973163613256,101602.90556767693,5.171425375170467,180,1.2812954215339336,0.6133261941325617,0.09567514241986744,0.03451801454125092,0.28746651070241613,0.0,0.0,1.01477261208763,0.15521030120218204,0.8357357901109342,0.3867859400839555,0.09026938159857757,0.031577275123886715,0.08842568232599703,2.308366281526072,0.03394546842513387,0.9699498484031014,0.15550783004041754,0.7969895537297802,0.37462592818024004,0.432462431047313,0.44977405519815883,1.2349669235338931,0.029433491599810954,0.034552998168858345,1.5811946573706135,0.46022666154583886,1.3237986149482501,0.6668501656049316,1.3077858335421448,0.1547141967040371,1.104109023083398,0.17666721615752423,0.03510949263925261,0.25527972313414726,0.11499680906090713,0.6283832680855826,0.06747175873570148,0.07147008688496954,0.06338581738537294,0.6406006612693166,0.0,0.0
0.0,354.64165891779703,300.5919716223058,100490.89460563225,6.205736794185953,180,1.2874707146538502,0.6096120758213224,0.0905173185121718,0.03324478643850081,0.31139421777723336,0.0,0.0,1.1017375114355197,0.1555069009376727,0.8404445715181683,0.34365110906535395,0.09549215177936861,0.0326965761620506,0.09162975154071806,1.92925968262178,0.030970542082611224,0.9099823384790722,0.15544786089285753,0.7985951494554113,0.3718724381639682,0.4476713525952176,0.48453691102267304,1.3640904141372503,0.030852433698947374,0.03094646809606207,1.4897989347059324,0.43121796224761527,1.426006992591699,0.6135237755270185,1.2827238899630322,0.1553800868090555,1.1071075245236057,0.19009252875099622,0.03266360765597237,0.24669938151399717,0.11340996973183934,0.6144343607207172,0.06964008573494898,0.07305799462140125,0.06689937028588615,0.6616787225577849,0.0,0.0
0.0,86.42775285335492,299.23055966218845,101188.09959625738,8.482933097358188,180,1.3784409766419234,0.6074965675586953,0.08319716680590714,0.028772545271221563,0.3264105596291782,0.0,0.0,1.0473747717564073,0.15540067375333103,0.8391044464223293,0.362191418600731,0.09362051625919056,0.03268443930223102,0.09950056150877878,2.1731180077645442,0.03111028972627922,0.9313414821458766,0.1552139064318159,0.8019238831748953,0.39538307332743294,0.5132333122879723,0.47225861545302295,1.2393378535711483,0.030351223590727516,0.03058831320786618,1.5846136877315193,0.4439579245581927,1.4032782409329987,0.6787383935638682,1.3303171329687515,0.15525861426418502,1.1035957342674625,0.16316951027401105,0.029873717359153718,0.260815506743315,0.10990958974638018,0.6109301556161834,0.06475407398824139,0.07050695844865339,0.06991378851003614,0.6190436830716928,0.0,0.0
0.0,326.8328353337141,289.57719023679556,100840.78628046469,5.622796689639804,180,1.3413099638002848,0.6080173558663106,0.09437517887368835,0.029598873891536072,0.3046024250170973,0.0,0.0,1.09657768157933,0.15526769192999865,0.8383863805996121,0.3710437025262769,0.09491474829043373,0.03224106451633752,0.08403547461966134,2.2261486661968126,0.029630803249382786,0.9960313942064793,0.1557607964601978,0.7986848395197589,0.36322238441786475,0.4445767681933766,0.4843322869358718,1.405051743390218,0.032776002340920506,0.02912562062114469,1.503271060027443,0.477633264088463,1.299489840512425,0.6543199464543488,1.4463299120154012,0.15556856562399513,1.1037831603267867,0.17185913243250167,0.03309010846286925,0.25885054700861804,0.10243235812186095,0.6279066582672079,0.06813207029309445,0.0684042541023193,0.06034766668641436,0.6162381931815805,0.0,0.0
0.0,242.94272951225267,298.9345559975996,101189.40369190928,7.3339076018885265,180,1.3078628759224145,0.6123594876081955,0.09248890343149822,0.03439907681730539,0.31635226368394453,0.0,0.0,0.9674204382600916,0.15538335554042368,0.8465651926063112,0.36066394534188956,0.09557341908156572,0.031307372902425586,0.09625084233498477,1.9512082627086622,0.03317677295862202,0.9336831022729613,0.15577902116471645,0.8011693054043211,0.3817845409446991,0.48930835332972655,0.4684533994249134,1.1829977675180954,0.0341691230010668,0.033809694601451654,1.6747788087304154,0.4257727388971301,1.3625442676886002,0.6065749097561893,1.3193240173803558,0.15568520939064312,1.1044171096127415,0.19018574766604376,0.034996376611679265,0.22940682702703688,0.11056326779414347,0.6690735656166252,0.06439225575995312,0.06742993117447248,0.07033922765760925,0.6716329275111966,0.0,0.0
0.0,142.8984328166946,286.9665039395538,101336.27685957057,7.394727111075349,180,1.2688450416535018,0.6087144362637719,0.08829048416460801,0.03160743216765995,0.30463728964536285,0.0,0.0,1.0661578392323419,0.15535504316201082,0.8376161561482364,0.3803691287519417,0.09220172427049624,0.031087628573831006,0.09546852023062322,2.3637193988486964,0.03334824206576818,1.045618203198929,0.15542266774185262,0.7973789257581253,0.38947416737384694,0.4301759299239796,0.47228809244665554,1.5663743235341177,0.027812004492397287,0.031590708496712416,1.5564204098899952,0.4318727686501538,1.2805634346854333,0.666514341653359,1.3471018105229355,0.15583608260059456,1.1013546064126916,0.17879710254432576,0.031007703806519522,0.23295005927705262,0.11208708638079654,0.6166873783859874,0.06688539731759405,0.06612614306542698,0.06779349614181836,0.6457473371871507,0.0,0.0
0.0,352.6313432199062,297.1320728466003,101233.44849133844,6.512144645051165,180,1.276884366972179,0.6144248098892073,0.08522253132686158,0.03385964467846084,0.2871695673513002,0.0,0.0,1.0213164907402197,0.1557733815208042,0.836832736373119,0.34817484745902294,0.07887014374514528,0.031052557933542006,0.09080211665126685,2.120772795111108,0.03203847834667569,1.0416792363587586,0.15557885740120264,0.7966358484251126,0.3649495652383729,0.5259111109280101,0.4674833902042062,1.2726225181832365,0.029006224642995633,0.031390035745256666,1.5943239746797937,0.4562954604864736,1.3350087800802872,0.6214236940627909,1.3571142298354473,0.1560220506762476,1.1070634134538588,0.18076527128190065,0.03282984585416717,0.2423460819077234,0.11432758009933415,0.6108729324622539,0.06908897513187909,0.07206248261404154,0.06805582455886823,0.6034426490926011,0.0,0.0
0.0,270.65022009256126,291.00622857454306,101442.85759010776,7.079886909303451,180,1.347139318198542,0.6073819597106541,0.08890323551959348,0.03104319954287333,0.2919979646464887,0.0,0.0,0.9873555350737242,0.1553341010620098,0.8391181494709298,0.35530807853937363,0.08557031745569083,0.030285384748927318,0.08739476312514066,1.8364632851357143,0.03227090620515876,0.9675644771284782,0.15543442395980753,0.798486837291336,0.36888578315978954,0.44291634795428064,0.4850656601408666,1.4563775994338075,0.03293914407517522,0.03278402036173234,1.4989273448335059,0.4239946818334719,1.3517407707861946,0.6046598454755562,1.2416874595213014,0.15520951908427696,1.0989134250540307,0.16438594935920878,0.031440913296420965,0.22044735610821417,0.11759520568658233,0.64332180324362,0.06813497273708308,0.06803233915807147,0.06130048707476968,0.609381072971856,0.0,0.0
0.0,144.08070803991174,284.58772431701374,99665.89943593278,8.695473976372103,180,1.3713368673929638,0.6089614400828847,0.08812343287030146,0.0326355593130039,0.32550061820596404,0.0,0.0,1.0000530293299958,0.15570817096749492,0.8367688913496351,0.3777438819705491,0.08868914097188615,0.03155908626346179,0.088554553169617,1.9529769144955544,0.03490549107008803,0.9768952296034913,0.1558812554048924,0.7999967689957643,0.36753001554983994,0.45925550437264173,0.4656493218724736,1.2508365309232967,0.03299905941757958,0.03070147348843878,1.5004105170367876,0.48121147511241386,1.273901004910791,0.6714291800713608,1.352050817757609,0.15506203686415962,1.103817809841449,0.17070185518811432,0.03110027616444854,0.21920573648419517,0.10996839372768755,0.6516764209289583,0.06971424816117264,0.0680270035271327,0.06969950027679729,0.6117792364072557,0.0,0.0
0.0,111.30322759262187,290.42561784694163,102651.23208395821,5.405701479889807,180,1.3319585482927847,0.6146412250278355,0.08706072739633477,0.03118906193725502,0.3048323015286774,0.0,0.0,0.9289936038095317,0.15582110284856124,0.8352128175664056,0.35098063073803376,0.0913678592165821,0.031050939643185577,0.08987484837929362,2.3133669674630495,0.03208455546674726,0.9370928820306673,0.15548416356715136,0.7963209469620921,0.38092461549442613,0.4915578745491848,0.46297420411045065,1.3065011447359554,0.03218038773697631,0.03482173723699053,1.5016984329874346,0.4588140731663998,1.4109305756467074,0.6029175180024298,1.3079043086214632,0.15518662452017812,1.1090721987271828,0.1851897297622342,0.03166711772087838,0.25344224445529717,0.10591614130149594,0.6104615261321579,0.06998795284536427,0.0703425663555237,0.071204183035957,0.6503781622666941,0.0,0.0
0.0,193.26867302706074,291.4086350282686,100908.01553063665,9.030611941245553,180,1.4170188417481278,0.6096070237828608,0.0978457060554865,0.03080543186010598,0.33830509970076167,0.0,0.0,0.9561797168758611,0.15541840842450932,0.8357960652237385,0.32782668095300455,0.09425117042048721,0.031664447474960666,0.09713848301988233,2.1648500193150806,0.03270173130491253,0.960149211286257,0.15570488828387363,0.7992512049684235,0.36344892465161954,0.47302763999683967,0.41190899371091205,1.326244034275434,0.03130909361912015,0.030348969620994364,1.4004827344885316,0.43980985057353483,1.3624064862853573,0.6679510248634714,1.27405907835452,0.15563624284349586,1.1044531690440882,0.16932428174739608,0.03359660748226076,0.24036547420597726,0.1142245181012342,0.6638582645240074,0.06311211619157328,0.06124572352863579,0.07006160727466879,0.5981418348388424,0.0,0.0
0.0,139.81875603319207,286.1685539787428,100972.44524507962,7.353468819240944,180,1.3535370278317,0.6112824191961352,0.0830018923207146,0.030545117912484324,0.3124776685964303,0.0,0.0,0.9490069276525424,0.1556577601857245,0.837904922538259,0.3518114277088141,0.08702735786043134,0.03125649087820815,0.09177849099826958,2.1178502320224526,0.030409965599050924,1.0098180858103825,0.15546061890284985,0.7980001744563164,0.36645612025331226,0.48218628170081657,0.5036171666291348,1.519280105110422,0.032398325155524724,0.031660510094945166,1.63945163715591,0.472714267804952,1.2746175373215325,0.6402559440660254,1.3231016206173019,0.1554865413059496,1.1058886266082757,0.1734718128576133,0.03298610040429882,0.24292013901463708,0.12134041216541916,0.5657704432017646,0.06904845722292771,0.06451605462795672,0.06790902795299174,0.6777497156727736,0.0,0.0
0.0,273.7588615506975,292.3532650788481,101188.3424972521,6.7144216051534995,180,1.3687263125772817,0.6055427365545608,0.0906775674962255,0.032948968885333364,0.3039910533591695,0.0,0.0,1.0204486076184736,0.15563219338109255,0.8371029546107766,0.3644446882635926,0.09178762131452525,0.029874945811113742,0.09550983624410243,2.6174999852781298,0.03366277105733177,0.9395874836235804,0.15543545460250102,0.8004517379528143,0.3846345621734673,0.46902246548901205,0.48403615223216906,0.9784519804577335,0.0301825723543212,0.03148568705642964,1.6226415506443026,0.4802044159632316,1.4818578680048353,0.576029641743473,1.3693440552998688,0.15527349960760492,1.105718490802827,0.1751915840760016,0.03016726622606744,0.2448901848446062,0.10691350387687878,0.5787810439648291,0.07068543376698146,0.0643065744503875,0.0722643370837608,0.6315244384588303,0.0,0.0
0.0,286.5179777627651,283.0251618666054,100803.22046025268,8.76903580312718,180,1.386329248075933,0.6119594681051129,0.09165150458758983,0.03134031278027576,0.2984319361393614,0.0,0.0,0.9817922540363638,0.15543888544182818,0.8355123326165362,0.34821664926769713,0.0933096270972488,0.03108569505895602,0.09135969992694187,2.2594801761110612,0.03095093240919606,1.0032858970995224,0.15531681657163032,0.7972345286088651,0.32881619173089394,0.4959460055263209,0.4949788693673723,1.2511846230374875,0.03310178402738668,0.031319540491422306,1.5778226789398608,0.4645749204749827,1.3063061764556438,0.6026085273550524,1.380440025045856,0.15541473561394645,1.102228714852322,0.17811378787008164,0.028970489902792433,0.22835471124307322,0.11346118962068845,0.5607030687832851,0.06539133089916221,0.06432736178953136,0.06558203113584907,0.6107680848467049,0.0,0.0
0.0,187.0230765753123,289.44170525035815,101517.74843436584,9.38213434128498,180,1.3011827284309259,0.6124798415002994,0.09568617278148962,0.030171174263242583,0.31826589162833124,0.0,0.0,0.9959881482093752,0.15558245383171282,0.8387164728101678,0.3652334390706058,0.08589717120342052,0.03033984510269204,0.09406362854549807,1.7896086250738363,0.031235726926806522,0.9433676339313379,0.15539515230210119,0.8015732040712698,0.3463837195889564,0.4190798471927427,0.4336397948250967,1.4077368226703566,0.031180865144329092,0.030634066305000693,1.6431108533312198,0.45490615833593834,1.3012550732570314,0.7107280281630179,1.4109038237632512,0.1556467254371686,1.1064660701393252,0.16585227746226663,0.03196062523925001,0.2325789048460304,0.10823326572375695,0.5621198786114687,0.06687339591730643,0.06849258671920602,0.06488436142485572,0.590579625249516,0.0,0.0
0.0,271.95576797622454,300.6148091646524,102377.19392007604,7.115380212551088,180,1.3631347906840336,0.6069667732194393,0.09265636890469593,0.0322268340438864,0.30166645504434236,0.0,0.0,1.044870141468176,0.1557706280966186,0.8349461118600114,0.3699380955221823,0.10200038694640254,0.029860516404797893,0.09232103415085803,2.5153115926625254,0.03274708676827349,0.9261900975746816,0.15553212641901001,0.8031922098003252,0.3825227164019507,0.45583760630992354,0.4438311842142247,1.319136546860834,0.03181226654293735,0.03179249231701276,1.6425884436503768,0.4642896805170503,1.3023532343441615,0.6231985450164066,1.235966016368797,0.15547633145916157,1.1013814299685647,0.19631154137588291,0.031788036506141794,0.2591170665166159,0.11155430054200108,0.6036387359789124,0.06452133073694366,0.05951646872686741,0.07055418686672311,0.5984021739365589,0.0,0.0
0.0,348.8395683405263,286.6080526074591,102000.90845066652,8.208150848807682,180,1.4424378536839362,0.6108856932184905,0.08909353433130988,0.031300806368573277,0.3052966324005611,0.0,0.0,1.060383670298346,0.1554450010334897,0.8423876623741753,0.34701582283056426,0.09388176554140494,0.032397764825117956,0.08881194782374219,1.8108500064156077,0.03078103559603342,0.8662050419703243,0.15541884487746224,0.7993931102259435,0.357686040771154,0.45597666660446085,0.4441638838216486,1.4065360939029552,0.02888311360173573,0.03213393085832187,1.5329884387524924,0.4205242962841703,1.2730905949105638,0.6196651655789442,1.3654312580359522,0.15580907719695544,1.1023913752602148,0.1576154503343194,0.03269721197921681,0.2346223524735362,0.11536972754065444,0.5957847791625356,0.06423798516550404,0.06761039079780323,0.06975154743578531,0.6188901937158375,0.0,0.0
0.0,185.05537196421724,289.4722916601385,101272.41913659361,7.675202209951653,180,1.3771086388993174,0.6063814885706162,0.09617469254766074,0.03330218017424034,0.29926099240104403,0.0,0.0,1.0162949815928035,0.1551892295358265,0.8392762805547812,0.3711818594886592,0.09010094240147452,0.030759157969732626,0.09296859457103455,2.3649706083316837,0.033286208878044996,0.9687680248979624,0.15545947817603764,0.7991719937919003,0.3281399145149837,0.4682236054531802,0.48655349483906246,1.4428410876204727,0.03154421643595241,0.03380562592238129,1.4626128793170365,0.48682112749082,1.2838364553360055,0.6281495856147875,1.3345904738906162,0.15531907660120184,1.102871998417718,0.1586315006585982,0.028691201981361707,0.2487382419097325,0.11816777333217628,0.6331342209606323,0.06982341067052387,0.06307973339361617,0.06710590009471396,0.6249727218239658,0.0,0.0
0.0,308.3592098185157,300.9332971371922,100707.52730332804,8.660767630330172,180,1.417630386573993,0.610709832138339,0.09304227757393398,0.03208813056972302,0.29996605634967083,0.0,0.0,1.024717754310603,0.15514475134022265,0.839094248189283,0.39215102452903483,0.09421276974692797,0.030260297223337222,0.08598180520815625,2.34534700621375,0.03284454832803974,1.0346107323301672,0.15551519009436937,0.7972093258124207,0.3925029595209269,0.4910582267734432,0.45002502022453106,1.432375908914218,0.03205696490469464,0.02990314311350095,1.5361353493291827,0.4566046983302564,1.3558140785413613,0.6757083992672325,1.2977699702766794,0.15585714490532493,1.0996656105000069,0.19244421697271888,0.02888152453083047,0.2504717056498078,0.11352739173564075,0.667040135203792,0.06693455723718285,0.06769756068871341,0.06845463089963252,0.6337036729581332,0.0,0.0
0.0,236.40978996897854,296.0789139016201,100525.27902146993,5.979295007364456,180,1.404642296180918,0.6090455111712704,0.08942473674199716,0.034032917327365776,0.298244705132364,0.0,0.0,1.0433157322042887,0.15553537348190502,0.8377937327486423,0.34946841690260766,0.09588857184050371,0.03580121501003579,0.08857173880649297,1.8788936728977543,0.032087395871162425,1.032903452185495,0.15548041247025451,0.8019341158870773,0.33985586748875957,0.4727900371747438,0.44676796195848756,1.5420261023071535,0.029533604585609777,0.031989755528491856,1.5727348262001666,0.44408224252277784,1.410735865760664,0.6625453017601617,1.3950412314615779,0.15499738716913417,1.1077362522922545,0.18093180213670515,0.03333828807893019,0.22029027857901237,0.1114444558874313,0.6242318870833268,0.065761193765497,0.06803985251547355,0.06305703683075023,0.6463671018191881,0.0,0.0
0.0,121.89290774919894,285.045746196643,101410.98551577094,6.287949004455576,180,1.418380515111377,0.6083386802749259,0.08567698440241406,0.031026919470031025,0.3355316263297615,0.0,0.0,1.01147296221457,0.15529129707759035,0.8352947866948314,0.38742778824684415,0.09741379647232971,0.032016714513703456,0.0881728831818953,2.1909500136283944,0.03212449582966005,0.8822071015440905,0.15551725220427778,0.800517832624018,0.35620267362936237,0.5027521274992087,0.45816611948521974,1.3208557774024905,0.033502432930129826,0.030732138623553756,1.5963069350188794,0.46612322807054446,1.4735253941358435,0.5683727336389196,1.401956443574806,0.1553700368166628,1.1045646442076293,0.16980133309552725,0.034252844859559345,0.23584699977084037,0.11600426506320792,0.653639331806532,0.06432018365700226,0.06872670329993487,0.06904162728158854,0.6081456763622,0.0,0.0
0.0,229.48147559098544,290.0253323717598,101454.80218100495,9.348628351716828,180,1.238045438670637,0.6104571051139657,0.09401287091869273,0.031127567364501823,0.2691676606902827,0.0,0.0,1.0219013588109094,0.15566512040857308,0.8408311598490542,0.4134473540199541,0.0861859242474231,0.031650784920022317,0.08961339257608857,2.395984595265021,0.033353482924092105,0.853370826672469,0.15507351738684041,0.7992654414388591,0.3467233763755554,0.4338195932106894,0.48651915746304886,1.2662552341256328,0.0305637118929297,0.03096574927613538,1.519065846443888,0.4897395428831892,1.3536210102512714,0.6438933171776529,1.3545468881722191,0.1554790574761416,1.106543467763487,0.16805397879005546,0.03268399498635808,0.2625902862015284,0.1186001071999171,0.595526540531091,0.06346502808756974,0.06707002691575965,0.0706753394678681,0.6401290854693641,0.0,0.0
0.0,173.77893072480026,294.4573683505125,101384.29133566105,6.387914082386383,180,1.3175045835790817,0.611415010335352,0.09471685764085148,0.0328770090766449,0.31173378875496927,0.0,0.0,1.0291027381704354,0.15569695577745368,0.8389963872364056,0.3903585161601319,0.08729050283256108,0.03258671404192051,0.08347743097448185,2.287898972877593,0.027642732428965824,0.9321110015113437,0.15569242615907444,0.8025862769319719,0.4012410341459496,0.4985973771571284,0.43738994112224727,1.338127108584102,0.033446402080264594,0.032303969012210186,1.6471725452474562,0.43051279554088945,1.4001198539696769,0.5823632141500477,1.2945691809273738,0.1555779800234943,1.0999469188408906,0.18439338834675714,0.031415813901054294,0.22194000580786594,0.10540837971697573,0.6232425967891683,0.06312158793844973,0.06813882867985242,0.06396081475147991,0.5948072473391715,0.0,0.0
0.0,267.2567451622654,290.57829716896777,101712.72938485674,9.959549439577353,180,1.3632260323537775,0.6097116373864561,0.0950476278779989,0.028958271008912777,0.3044886524788044,0.0,0.0,0.9468563361131533,0.1554310020433286,0.8326702696949986,0.35334789111338866,0.08837323093361718,0.031877133024742085,0.08739256301434041,2.3887652287104912,0.030189076614158834,1.0888119334845519,0.15583193957212862,0.8019378029286842,0.37143898668751674,0.43151790170971527,0.47005226761120067,1.499814609789649,0.035111234013604234,0.03373230522953036,1.603385120910049,0.451523894558168,1.3095778642234388,0.6626462368192422,1.2968304800484955,0.15524252701300004,1.1090988025868342,0.1915568466739562,0.03356260984261504,0.2463686557865806,0.0935745695413259,0.6858749517667642,0.062336084187784024,0.06709503332588489,0.07108454421843434,0.6370071006187794,0.0,0.0
0.0,128.59107729016577,289.93640679767356,100975.88444313244,8.75124433151894,180,1.2929854649345929,0.6066946011733949,0.09087663883869206,0.031086044695782612,0.30510675845802143,0.0,0.0,1.0637216425855895,0.15569240419497696,0.8358092956546094,0.3946725186602426,0.09366813011653519,0.030347716236463637,0.0867343902462874,2.3522354328767614,0.033662590628370646,1.0123504248982624,0.15532708716215926,0.797645336501442,0.36621568761590984,0.42266304601123816,0.5027352731601766,1.4454635854413944,0.03307882477616586,0.03057967353436256,1.6153607729464143,0.45873462782164764,1.362428927480554,0.6302200950691501,1.3341995575614543,0.1555869194822634,1.1035783266867552,0.18248263953027682,0.03245205984744703,0.23268207303104446,0.10390385871463838,0.5084891820671188,0.07026389137453679,0.06765985308496991,0.06313479434794982,0.6331187020190285,0.0,0.0
0.0,80.72725046172269,288.82379440132297,101084.7997038863,6.323129626033534,180,1.285219400882942,0.611806975700439,0.07961079480681235,0.03280116832255943,0.312270095173162,0.0,0.0,1.0210689498742538,0.15573655049473875,0.834977858993886,0.3578974004977139,0.09293245941107078,0.034579135390223566,0.08515232681519534,2.3815883396098654,0.034027712664375105,1.0711360613036631,0.15544712126829818,0.8002042361127325,0.3732770931430904,0.4684404111827536,0.4611041653450232,1.4890189512155014,0.03142080792966529,0.02775140563859159,1.4257984821974945,0.4557500505720185,1.364045988998606,0.6095256770097687,1.336405417754846,0.15553172566586462,1.103534622628209,0.17980722509495767,0.03280209041578926,0.24589808534696553,0.11152387522269498,0.601576178263829,0.06326807179303295,0.06313794791116775,0.06841899228696273,0.6723554885036084,0.0,0.0
0.0,82.35158194756667,285.24478242994445,101165.03354015201,8.202382716638683,180,1.4195349160725776,0.611042172836193,0.09560958373530665,0.031054494046474913,0.3021441047696973,0.0,0.0,1.0495685470003613,0.15524614928993066,0.8399679548928672,0.36175978736035624,0.09391741545782645,0.027739460722968044,0.08591203287012648,2.118503840522996,0.033846101660391224,0.9544032946849419,0.1553964043293523,0.799465355684563,0.3772426525247143,0.44901377868588194,0.4632169986185997,1.5672489432277132,0.03300668848580461,0.034512400225618294,1.6149547796700703,0.44891958764993994,1.3868752734491392,0.6305977082368411,1.3233614185974318,0.15555566683357355,1.1068680245879414,0.17891198239847342,0.031873236073418014,0.24750841305353255,0.1067762022353713,0.6351646454543465,0.07136258947822623,0.06375009243181853,0.06843841028237137,0.631932669508617,0.0,0.0
0.0,290.792603475481,284.1637149463499,102785.35923204206,9.484864525041763,180,1.4385113190107697,0.6076761275300213,0.08211533463721997,0.032817236219109064,0.329025472525893,0.0,0.0,1.0046478958517064,0.15526568528203574,0.8349914294502638,0.35266064101037936,0.08909478797470483,0.027029099855192848,0.08802652430168192,2.0238138817402342,0.03077218308176847,0.954740344179762,0.1557960915931652,0.8007884557885677,0.3840196116270898,0.4926254580819992,0.4742382971913837,1.499868949316773,0.03177084795028811,0.0316745632479545,1.5430452592195152,0.4493070040775572,1.36973671280643,0.6591031727062725,1.356017527761448,0.15553815366448487,1.1043266655229307,0.17933077362569608,0.03003211503507348,0.25363546537560433,0.11308807666552115,0.5964558406700514,0.06457833653136162,0.06993860941337696,0.06627034178943408,0.5963952374521221,0.0,0.0
0.0,209.06171353413168,300.28058125222424,100898.45815282888,8.567063853989934,180,1.3623201521810975,0.6142130364531743,0.08998605439274293,0.03561801798151364,0.3255773122278355,0.0,0.0,0.9798401345909593,0.15586518185921644,0.8411168156257923,0.38105578659221556,0.09116683458424367,0.03285317365934352,0.08915093747321813,1.7638151253411611,0.029480665506740486,1.0167454155055986,0.1547138561139708,0.7984568707267505,0.3623455614293147,0.4932241307579845,0.48684685382965676,1.2543594087539738,0.03396616846360064,0.03028774296926685,1.655259258946934,0.4549317063923488,1.3932156268267881,0.6450738255473054,1.4195866801331567,0.1554697519498935,1.1086968533652077,0.164899779435215,0.03016881575020312,0.24871255080240742,0.10621096793769283,0.5911936014603641,0.06411275579066629,0.06975865275488537,0.06438671972424401,0.5903113943405761,0.0,0.0
0.0,8.404460086530893,287.1772449032143,101058.1069061383,7.82919210238086,180,1.3604429836552205,0.6050677071778415,0.09095843905623593,0.031103824393505352,0.30404321357588554,0.0,0.0,1.1340540450152827,0.155028591387529,0.8363929002555638,0.35251582095514666,0.08391754067216432,0.034390327617444025,0.08714756760792491,2.763014862063919,0.029948114748809318,0.906164533532849,0.15532395829133508,0.7981168130058226,0.38791833421443617,0.50149790208901,0.42978111341563285,1.3341679803961461,0.032314820119666327,0.03048888412516066,1.5373060441439887,0.45324044268565716,1.369034957512545,0.6217536200483308,1.3840614284623416,0.15499109644249837,1.1037542044870254,0.18576771244011075,0.029653786543594372,0.24610444376068985,0.10643914357664117,0.5964839144974621,0.06533361168232314,0.07373913752865432,0.06857862137410002,0.6281786225972308,0.0,0.0
0.0,293.88424986509386,294.6797768018862,101290.91346923892,8.840878917240572,180,1.4295141505409816,0.6087555338346808,0.08740443578952499,0.031316564930885325,0.3409533778039295,0.0,0.0,1.026763438864771,0.15532357591745374,0.8378637903705237,0.36937632581694074,0.09666426738377766,0.03391428201660549,0.10062490690716305,2.500638514349934,0.03197723459592464,1.0130956382929706,0.15517158447619034,0.7991759497344555,0.3984574743277506,0.4529482270543249,0.47000470028273517,1.3414893804321275,0.032849022713307884,0.03068698347656571,1.6748230685332952,0.47987597085698885,1.4141419814304241,0.6702169884729348,1.4223956606996826,0.1556367698143445,1.1079258623350092,0.17167204584495466,0.028442086808780742,0.2237445231459948,0.1186524229326928,0.5984414895739556,0.06784871725084167,0.0687482309930403,0.07429535577225406,0.614326229252755,0.0,0.0
0.0,71.66079534240465,299.85877031560494,101301.77885897725,5.445857905035627,180,1.398787825535801,0.6082199530847646,0.08807439986228163,0.03145319297420011,0.32869234100946604,0.0,0.0,1.122227492486132,0.15527635423138372,0.8380949361310116,0.37634302100909,0.08692348906272619,0.031188235465834574,0.08925531579477836,2.0805093924233384,0.03352888789980965,1.0029043360330148,0.1554836342758125,0.8026335952929775,0.36125503803215914,0.45044029575686756,0.5109578356517505,1.356135137181641,0.03065161051369527,0.03337540841987817,1.488583821561241,0.5098705691297613,1.4409255482005556,0.6067156133993146,1.3952849804269365,0.15549316621193912,1.099275504846883,0.1762986266588659,0.03218639820757376,0.25416690851928897,0.11614509720638432,0.6114722451737326,0.07242799837047342,0.06652286460857627,0.06536656463784529,0.5825025814174476,0.0,0.0
0.0,275.2591703025882,291.3373587633323,101708.05442566414,8.325055315183024,180,1.346706067183424,0.6093908780078011,0.0900149940604424,0.03164692560647065,0.30092655792006606,0.0,0.0,0.9866861288270866,0.1550081674252966,0.8385646027377489,0.3534283824612834,0.09548619694314298,0.03235876893825427,0.07563376945731637,2.1297775518827002,0.030985688952563265,0.9825841206433917,0.1555495046717591,0.8014367626371521,0.34429015871248897,0.48577827335933765,0.4511195326644838,1.3954550679808957,0.03355940765332864,0.030664428871100987,1.6444492812403075,0.43262772482643425,1.5127535522573963,0.6059355247191112,1.3952324955141793,0.1552654761613142,1.101756784385876,0.18860210852570497,0.033516630291540665,0.23519006491682223,0.10178053631811862,0.6506885353054972,0.06425399080444827,0.06473653771073747,0.06759298246979953,0.6404728564867802,0.0,0.0
0.0,176.9431522906023,291.7091661120707,100315.10050767049,8.609640442235866,180,1.328986854493879,0.6119751151168694,0.08791060492364353,0.030827208008737315,0.33995188925580977,0.0,0.0,1.0237089491854605,0.15542942777786498,0.8396908183640283,0.335618117447572,0.09187693913014074,0.03447861472176498,0.08576480802263375,2.5643944510010406,0.03575206670498358,0.9182353156144335,0.15574149862086556,0.7985190610912196,0.3805975298362487,0.4713800361088106,0.4538909150314495,1.3064246136877071,0.03135355201489215,0.030082686213720223,1.4064170481372122,0.42116579801888565,1.3955080762114551,0.5738585526201124,1.3192315395568834,0.15501656563777136,1.104825270879457,0.16699741894561201,0.02896819877262573,0.2193439936242999,0.10806026011756407,0.6441814831402494,0.07071752781093597,0.07027675229059209,0.06793398277182192,0.5901658396892244,0.0,0.0
0.0,303.0293829163886,297.98499651294406,100911.64498053644,5.141107011601686,180,1.3257349744808333,0.610337278979093,0.0856895473495262,0.03040629870948992,0.28092632847491056,0.0,0.0,0.9657461702455178,0.1554595027528211,0.8368812710302008,0.3876692421697837,0.08848180120219774,0.030622725434330287,0.0879358119937504,2.895178488729495,0.032032002966558726,1.0388068311953325,0.15540274206642274,0.7973678623784517,0.3475863343599901,0.49909061150317724,0.4657219740193747,1.367828358840505,0.0305381520402923,0.030440264560534284,1.445231139278023,0.4422920156007289,1.3143993305816632,0.6311501617320594,1.459359968259058,0.15543102477360507,1.1039311679650015,0.1857597364884457,0.03529841650071877,0.2523373320157939,0.11272670030067858,0.6204463969826016,0.06550591835926756,0.070315208483221,0.06313559648575919,0.6388670539633371,0.0,0.0
0.0,336.79211990117705,293.0126369873605,100886.78351904727,7.0372527766571356,180,1.314892998944295,0.6093078290250843,0.08826031769052506,0.03351975979830109,0.3145367254324285,0.0,0.0,1.089811695073959,0.1556900790482716,0.8359281700425835,0.3402412516530401,0.08889196805573701,0.03254584088971332,0.08672869979048788,2.2182757915366293,0.03355201786432142,1.0242435535164267,0.15513885482465967,0.7988952550833952,0.36364264516258055,0.49940052224403697,0.463624301758996,1.3926692153235896,0.032572688745467045,0.029137574462303324,1.6301748000546,0.4869828447155551,1.386366772302451,0.6471583795062503,1.4218772700122597,0.15492620539134028,1.1080348376493867,0.1634387460901805,0.030630100617226007,0.23475202792251146,0.11515284684824725,0.6116227729174137,0.06984293580787396,0.06634241161997444,0.06481257578309678,0.620642187527248,0.0,0.0
0.0,359.93167562095476,300.437999911086,101562.18188363354,9.922345380007307,180,1.430302106531498,0.6114522102330663,0.0930328937963062,0.03279315741258827,0.2909611726923614,0.0,0.0,1.0110090220472574,0.15548857372650696,0.837430200949381,0.35288208063873006,0.08888747371407897,0.03003438508979228,0.09083286092247245,2.521283797464016,0.029822720893867824,0.9231648165699498,0.15487085788945545,0.8010224994312538,0.33578939365400584,0.46540990477523386,0.5017427818957975,1.297903758753528,0.028954505258802037,0.03132247491870009,1.5291000377700832,0.43939029226835297,1.4579569350264476,0.6548107274358456,1.2935067754825376,0.15526619012570936,1.1038290927910377,0.17285865148837068,0.03177718163138315,0.2258206737520347,0.10082183184052684,0.6164484287015878,0.06210797374365655,0.06688996066132623,0.07410687718961982,0.583021276655313,0.0,0.0
0.0,166.80557104477708,295.2519885101849,101426.29640056225,9.885664647498302,180,1.34842634535803,0.6092886606347911,0.08729416380317023,0.029148001140158655,0.3182713510585943,0.0,0.0,1.0149315187451733,0.15562696176355847,0.834438492273286,0.3567888241633602,0.09066657771006825,0.03127511372808014,0.08070963564014895,2.0218613930769016,0.033348086034332675,0.9742247053993509,0.15528076554336284,0.8021705260809718,0.376193487755974,0.4647153337452539,0.536082917846451,1.50427333841532,0.032627084003911185,0.03238785990841583,1.5764221447454005,0.4306825986451043,1.3951949260610164,0.6040991948532328,1.3041685165853316,0.1552830992446776,1.1077482440744244,0.17953204459057892,0.027821862103661787,0.23995919319043998,0.11419031727171536,0.6204407952976781,0.06430116777197437,0.07076765812332789,0.06578811477647932,0.6732024880431444,0.0,0.0
0.0,113.6342383942005,296.3776267910438,102271.37909354681,5.106661303249565,180,1.2332070053544024,0.6102123030054942,0.08017785126406696,0.028012326922972203,0.2924307651918096,0.0,0.0,1.0439329417406549,0.15561239093803186,0.8393323777843655,0.3887042617900569,0.08917821467085911,0.030078029937639486,0.09459815333538735,2.052810023615165,0.03323684844580268,0.9622692948697363,0.15577776846804472,0.7973089029613495,0.35244192203581637,0.4728592019670675,0.45593093131646756,1.4712189429959974,0.035394546131617334,0.03521120897592166,1.4275572532348328,0.4564838429126902,1.279348961509991,0.6179687672369911,1.3847825107248681,0.15507559667965076,1.10516629294881,0.1719495952715174,0.030193967037188692,0.22671965268511024,0.1124794778822338,0.6198629644962138,0.06606257777476192,0.07110113887699915,0.0724208107873384,0.6204811370027978,0.0,0.0
0.0,143.03525356226726,296.2201294425014,100998.91310206601,5.1878373104126485,180,1.3853627790924097,0.6069298092584641,0.09182290505025313,0.03544701408867063,0.30137470487085094,0.0,0.0,1.0004831916447334,0.15532616156229054,0.8394050484005431,0.3817958332566903,0.08704874326993124,0.03374460611281626,0.08395086949773878,2.0734237654290126,0.02942656386113245,0.8547921285797374,0.15511625997895054,0.797290196610103,0.36231164503924423,0.49243687537245057,0.46842002003527144,1.0809726977444474,0.03434322994826491,0.03317164797438405,1.597718861715495,0.4638610651327469,1.334949445144277,0.5868586586497688,1.245994968819578,0.15529750311279772,1.1088391867533491,0.1885838046511452,0.03549819206380031,0.24606101240640957,0.10546342783739296,0.6408936008175967,0.06613133181564228,0.06460618826762013,0.06078143350348088,0.6323354138706707,0.0,0.0
0.0,12.848978532653863,285.1446495494075,102039.75891372787,8.47530591257759,180,1.3363595957727445,0.6108716807041102,0.08587467294140731,0.03017496592805985,0.30957658437578656,0.0,0.0,1.0546122197862755,0.15487569289006076,0.8394800370617826,0.36723095269361705,0.09304516867952224,0.03130047423853242,0.08499602735901317,2.4112752307275915,0.03344287534739657,0.9844599509604716,0.15551596255902775,0.8029366563537061,0.37809047724918354,0.47039004515034627,0.44532766219030234,1.3549991691263954,0.032719751245716557,0.031242566510568743,1.5564825812116112,0.4808331487349678,1.3696550833125098,0.6033198473178811,1.3484729149214283,0.15549469035778912,1.1072521534076827,0.17941775667147125,0.03147064110612184,0.23702969350008102,0.11586899595559778,0.6328180705041321,0.06547376119547026,0.0701046218058679,0.058632606982766,0.6358654338807798,0.0,0.0
0.0,147.63578362463522,284.84007428181394,101320.03174620711,7.071745746916428,180,1.393219744159104,0.6101851896161107,0.09590426006223438,0.029429811343673295,0.3129518049628373,0.0,0.0,0.9992248269726489,0.15549872206625512,0.8388379911637999,0.3654005485868994,0.07779096345206069,0.03084751687184567,0.0895550115256189,2.1365021447776744,0.032032809301326876,0.8799889277390119,0.1555357851056496,0.8004348894494971,0.3571367560902666,0.45356007149607225,0.46978226079075364,1.394108829309985,0.034010223247523896,0.031368505965841106,1.479807199834741,0.4332631610401932,1.4464895539310603,0.6232537854066382,1.392555748657382,0.15518371718749185,1.103144485747648,0.19728514632681174,0.03255500005864319,0.2445651010728368,0.09967284545469164,0.6381039047306215,0.06404413616793517,0.06761818695061768,0.07527947109897837,0.6181352086049148,0.0,0.0
0.0,168.34890869917663,290.5576269858681,101869.57913129644,7.977355640271032,180,1.345387284758989,0.6069598085204297,0.0903962358491334,0.03256220287623351,0.2949461908813508,0.0,0.0,0.9954156323682452,0.1550493776383765,0.8359544346219333,0.37137471402103955,0.08511220579728224,0.029535888481444953,0.09716563839995244,2.3603084163267427,0.031446270393273225,1.0218044851909744,0.1557467011001718,0.8013442657905592,0.35964504659777546,0.479385397028625,0.4920817725943075,1.3570924735787602,0.031009244203289356,0.03344090176396495,1.4931500719649078,0.46665588452303297,1.357167360996039,0.5827237112673642,1.257327175914127,0.15527464175184816,1.1037554177889022,0.17448515777541862,0.02882700420209877,0.22126848371247007,0.10933841940893105,0.6226817338239435,0.0670852068884304,0.06337785086006148,0.06921604796178797,0.601203292556696,0.0,0.0
0.0,36.497294394395794,288.1169139187584,100219.00974614682,5.291621665510659,180,1.4227506238177112,0.6105145512539242,0.08274135367244866,0.03232968970716231,0.27785114789264315,0.0,0.0,1.0375676073220437,0.15575189499912911,0.8406544407610977,0.35907825156331286,0.0924229796965275,0.03072281897066414,0.08763734293025004,2.109680813932198,0.029415695737132676,0.9542016185750547,0.15482386799312442,0.7962532036818462,0.3644233910240019,0.4628267149255122,0.46282448881063165,1.3151347368041193,0.032154238770875566,0.030656374506746756,1.4782863344627175,0.4622230624930161,1.3451126135432314,0.6221169803895854,1.4139068333416143,0.15504898791724084,1.105495191256362,0.18192344978992678,0.03184292331260944,0.24662873485456835,0.1142616778826594,0.6100761054617118,0.060036402468664485,0.06706117731608671,0.06579010805253876,0.5870501364559452,0.0,0.0
0.0,124.37323183202435,293.91936401032746,101961.65590533444,7.6512750500172855,180,1.419153261825699,0.609425598317954,0.09184248396789085,0.030980266507690143,0.2995572849892108,0.0,0.0,1.0642060228738228,0.15528163259318808,0.8420221065986104,0.35395980589921133,0.08521626876873059,0.03294276120934619,0.09318658708935336,2.143014924570346,0.03386506997805181,0.9941226256771194,0.15513029085106772,0.7991680113147108,0.36904799695943136,0.4570306554137763,0.46494433982782457,1.3244982231235938,0.03230644553761306,0.03050459143373506,1.5323417178737357,0.43393157440147695,1.3894372086129538,0.5411706348336165,1.2444143174866982,0.1550038571434324,1.1038319029506667,0.18321245207580156,0.03508003848298642,0.21835205769018945,0.1218480124585216,0.5588455511150666,0.07617275569920462,0.06313441082442567,0.0629385321731594,0.5846928938143843,0.0,0.0
0.0,287.75472102988107,295.80149655070187,101458.55171937216,8.623980386882558,180,1.2520197786166356,0.6101553071210567,0.09508639894055088,0.031442631587659975,0.3047857040703346,0.0,0.0,1.0122673972226874,0.15512942520445291,0.8355137538528078,0.3773734770559044,0.08265781937582964,0.03159473808656971,0.08844862114735709,2.419696585421312,0.028368880870694817,0.9206457925922612,0.15525537866367384,0.8003309961328245,0.35417309687439397,0.4598018884659597,0.48753561320302347,1.494639514477882,0.033713469745241816,0.03134233374928236,1.5538065722060683,0.43456531928215114,1.360895953461598,0.638985279420564,1.3423312782375665,0.15563655953874964,1.1028302621938753,0.17062107075752017,0.03179956273322588,0.23932376796874197,0.10965929086163331,0.5307576553266679,0.06177183972532588,0.06367179676748291,0.06528435732403166,0.538785911472155,0.0,0.0
0.0,58.22899862073443,290.238281182491,101673.28449564961,8.50146224793008,180,1.3099377395772671,0.6137218761839796,0.08276226671095123,0.03163280734540043,0.31810232314008524,0.0,0.0,0.9876682012434851,0.1552966853593702,0.8382504152984436,0.33449312097728384,0.08786855104634646,0.03099576847740087,0.09316217197015746,2.054021142172305,0.03233321054395883,0.9895913542668563,0.15536864843824671,0.8002552536211621,0.33870147264858574,0.43188655677711263,0.5061163260485284,1.1578771349324855,0.030166479810656125,0.032941976133088316,1.4876570596548968,0.46501411964463446,1.3932361313442057,0.6109099609784903,1.3960861271625655,0.1557386349783815,1.1071954835187645,0.17968013868428429,0.03103394475506872,0.24559852259320625,0.11106463014899204,0.6538777849191225,0.06686558687744533,0.06435471605755712,0.0656635164865984,0.5890257781408839,0.0,0.0
0.0,102.8411821725253,297.04368924653124,101952.55801791564,5.417869737718358,180,1.4885310516998536,0.6093734776859563,0.09218827582755065,0.028635172198099957,0.3139379645970924,0.0,0.0,1.0245686993310337,0.155601461711245,0.8375568950435526,0.36836098877530593,0.0877359980910722,0.034602962785443704,0.09412345156057082,2.1726633185682616,0.03135219567161444,0.9398033189700947,0.15568991810171778,0.79985230232354,0.3881850170728682,0.45307252726954356,0.4531002892569539,1.6093043823891913,0.030603745977776188,0.02860268854894197,1.5145434504452833,0.4286929666016958,1.3912523335337204,0.6112112623166375,1.3069747900732709,0.15535256182746948,1.103312008137164,0.17974032154735292,0.030082251106986313,0.22675591084413066,0.12010550179617926,0.5720084560127996,0.068635403376937,0.06495564341368329,0.0695093294242104,0.6677736186264408,0.0,0.0
0.0,175.1219035021977,284.63201100160006,101208.84722932156,5.69453926610137,180,1.4570664603553487,0.6048465283080875,0.08352579903100844,0.030803497844779915,0.2899772752145078,0.0,0.0,1.0399750780377188,0.15579722804291207,0.8407528162877775,0.3838449592899658,0.08747482170093092,0.030235880152912155,0.0907440489308106,1.9601584788939685,0.03267407581280875,0.9491984374559762,0.15575665284863704,0.798942417656892,0.3710873368137431,0.45148805460713437,0.4920506998856975,1.2462047647537524,0.031544429944081846,0.03382886294433195,1.5004183496287697,0.4286890955512655,1.255131399508681,0.6444398263019352,1.3321796274716178,0.15601578810457886,1.1038851555908908,0.16473845723624117,0.03070190167853419,0.2409036857487798,0.10212195853675969,0.582171110180464,0.07011352541845094,0.06180072954517527,0.07056523757861384,0.6145091345563394,0.0,0.0
0.0,357.2290965390451,297.80798751559183,100943.75040507897,7.5224166930444145,180,1.477753496413024,0.6093386309003315,0.09138617687061129,0.032338446004596205,0.3246909868579304,0.0,0.0,1.0059401947160884,0.15515378033444435,0.8375344066479471,0.38766847317785835,0.09259731589973207,0.03372858640847974,0.0894843656766624,2.5092362604329588,0.031993472509058096,1.0060111526495434,0.15508289057647184,0.7970955538999861,0.39040315674193604,0.490848933683714,0.42364704429872163,1.3274588887805925,0.031160274931804243,0.031333593184893704,1.7068249787416614,0.44518527325271307,1.3218429022132538,0.6082067299447244,1.2941448227246675,0.1552808061766975,1.1088327396717217,0.1838968059730173,0.0317374447821086,0.2572409178504372,0.11477368370160347,0.6136557913510684,0.0739921186073261,0.06645184306942106,0.07264848666102951,0.6287425466693953,0.0,0.0
0.0,58.41138897745901,297.40977262219064,101562.95313834808,8.237741328874494,180,1.2013332759260515,0.6125933883489674,0.08941631194247768,0.03498313634791573,0.31008280504752195,0.0,0.0,1.090955636699957,0.15527787255928915,0.8387850147748004,0.37366952338689946,0.09148331571369617,0.029916606689700847,0.08948429720296616,2.110876567560775,0.03336832628717545,0.977003956981507,0.1552421987949499,0.8002547789203412,0.3613571381287763,0.4534671462067083,0.491178746245866,1.1406744478500856,0.03035455873028142,0.03427292196415984,1.6632709436616886,0.48745507063982313,1.246985032403325,0.6149405209066278,1.3026814821658301,0.15566468261621746,1.1046445197915706,0.189513130271034,0.033489167627733935,0.23364457281727163,0.11187095599641984,0.6503614916096686,0.07395247227223807,0.06615799749160053,0.06372569915686234,0.6800446605963014,0.0,0.0
0.0,303.9943982594168,288.2840503183123,102176.619544516,9.948492799257311,180,1.3893194145566268,0.6092883362206036,0.08724891551707484,0.03273895950053224,0.32236109116814654,0.0,0.0,1.0531350627205611,0.15565370355559405,0.8381708229214033,0.3995082729156851,0.08748441539477943,0.031351577252367056,0.09276832217388772,2.330281066639334,0.03461926519928613,0.9757033996843592,0.15531577140374442,0.8006026771170827,0.3863263496251751,0.4326757319561026,0.46941904707385956,1.2084582640673462,0.03047069038811479,0.030454022229150682,1.5147608655468772,0.46205219782516604,1.3799865015984494,0.6232491949353015,1.2700053507631475,0.1554216397969708,1.1080134533887198,0.18163240682882587,0.03239436898007146,0.2640717964680115,0.11230396203122242,0.6373740603306691,0.06498367704896717,0.0692921698465436,0.06977399156900554,0.6198165749982331,0.0,0.0
0.0,329.5983899627377,289.7455417317741,100956.21538391801,5.739808382126763,180,1.3239999048186433,0.6106186937565076,0.08904012476011187,0.031351271511707156,0.29477640892543155,0.0,0.0,1.0321750735279167,0.155937590484199,0.8394352567707962,0.4061157924311575,0.08562369062272883,0.031242723644687685,0.09208076322922065,2.075285467358267,0.03012068817601926,1.036763634058707,0.1553652743361456,0.802152054801003,0.362246070642171,0.4140727451792669,0.48589157070142086,1.3866634769582593,0.03280592643296636,0.03309841806882166,1.6003886782530996,0.47600207672243205,1.4223517334252604,0.6424739647738429,1.2565832542220023,0.15561570409523875,1.1036450445322334,0.17644316597395387,0.03207647152995348,0.2435229610828016,0.10239057991677733,0.6546109718334933,0.06761107737442322,0.06982809600883416,0.06708788514811267,0.6183028183621008,0.0,0.0
0.0,326.7153981920062,286.98640562970905,101723.05124219936,8.550420028099573,180,1.2063629131094253,0.6118594835782529,0.08429717725119593,0.03327935121221141,0.29219827258164444,0.0,0.0,1.0452258225011,0.15551026057587738,0.8379114593877738,0.3617540484929671,0.09115405919497026,0.029217941403955332,0.08838183114679699,2.616231460621146,0.03189878240498729,1.0408397625043142,0.15564812750616563,0.8008967176716614,0.3711702256330982,0.4731653327406859,0.4513625039484892,1.2168222063021674,0.032812982581709386,0.0312004795811297,1.5777286572030986,0.4458726097631508,1.470456700475819,0.6511519218624063,1.3512299585809797,0.15533902700427885,1.1079425314457652,0.19455506666628508,0.034646279142823075,0.23051778037383414,0.11188150633506122,0.6160333623927549,0.07712348452501579,0.06780417190740799,0.0652387868465091,0.6403211678612575,0.0,0.0
0.0,30.994989580840443,298.17619286108237,101895.98898122662,8.88587169335716,180,1.4530707825548157,0.6086166861792525,0.09032096403007368,0.03191521049277562,0.3002301350859525,0.0,0.0,1.0895299101668319,0.1557549952285388,0.8356448108740298,0.3740310913921971,0.09716408379182512,0.030770828522985322,0.09424039674900947,2.000611219092377,0.03157606006914224,0.9002383969554401,0.15572295540249825,0.7964368949967879,0.36249471316396464,0.4474760058115471,0.4901981290423779,1.2807527650196435,0.030675484840984604,0.03164054611257397,1.4558174743231576,0.44989006184085917,1.270166024114573,0.610994357924952,1.3465577126190844,0.15482929095201825,1.1089613458019103,0.17786866358246714,0.031404535363940035,0.21677579793059332,0.1140185063523378,0.6535045169583026,0.06774604884500647,0.06713430642253225,0.05731541478101305,0.6314840244078762,0.0,0.0
0.0,299.20068824348596,286.61370988267345,100993.39513885016,8.139859118081029,180,1.2749884485749086,0.6098644522950923,0.08714007433981205,0.029002231192865928,0.29520135667911795,0.0,0.0,1.0889789397778613,0.15607888079567103,0.8375613604424121,0.37104883898497654,0.09176188543978941,0.0334836257051373,0.08852065789735865,2.2748499909689697,0.0314215054462737,0.9657709206302414,0.15569067391986752,0.8055965470024147,0.36355055628033994,0.4467826129416419,0.4597544597736044,1.474979172178215,0.031296357413714435,0.0314390320384984,1.4479053594591553,0.4076790873964425,1.4284774738018187,0.5785211189945472,1.3561021232700168,0.155457269515749,1.1044470566042415,0.18908995197597037,0.03325434744334339,0.21278786723127063,0.11033694116223702,0.6374962797250239,0.06625970677139721,0.06850397630293374,0.06984419296724201,0.6553540166703268,0.0,0.0
0.0,151.18669979664145,290.0096589148029,101872.72110099897,6.992075644059822,180,1.549007857320675,0.6084642479800296,0.0869799661956415,0.03013008233527695,0.3011161758514806,0.0,0.0,0.9805195172906682,0.15554058971328816,0.8385608275478712,0.3464133455705497,0.09181360320023116,0.031661411273118834,0.09303033005092312,2.1294913047060984,0.03302275390340528,0.9699693216268517,0.15503060670227334,0.8004622197613882,0.37180678136221407,0.4723989952793988,0.43753840773542196,1.1019460934298833,0.029975562040839607,0.03144594606052857,1.3157460411497546,0.4492037143660602,1.3884297123986558,0.6423340032482617,1.2183607386632895,0.1554864939952645,1.1013486154606478,0.18313389252476978,0.03286164167510281,0.2496163143412789,0.12143576632894397,0.5636957442163892,0.07129289825313892,0.06705054805404602,0.06798869780446586,0.6858835693853559,0.0,0.0
0.0,148.02195056936407,296.7121321918692,100916.23232657937,5.891797316546664,180,1.2552569987071316,0.6116745577410888,0.08784819629851537,0.03140561447686309,0.30934402108071624,0.0,0.0,0.9824357247689399,0.1555864468947667,0.8349537932437471,0.33487795141562454,0.08086469588609077,0.03191903550484511,0.08733823164288701,2.1800463624257906,0.031133110313141858,0.9886931751976258,0.15533368424979016,0.7994682938994404,0.37626316053406694,0.48241232463244405,0.46042495495721697,1.4204245603848364,0.028946488409417277,0.031739499259283405,1.4926074601794344,0.4349618909128349,1.287143366643633,0.6384482265982331,1.3382244368509861,0.15549339534735362,1.1065200563423407,0.16704355218787928,0.03363749204195027,0.2386958996605499,0.10711815765386694,0.6532421188193501,0.06696752026533315,0.0656678150799286,0.06201466315484054,0.6984742628968256,0.0,0.0
0.0,338.7902183174217,296.81027159595703,101594.35190826071,6.191738700062922,180,1.4058425745534329,0.6091616374670684,0.07998507132890097,0.03324013221673612,0.2980129095375383,0.0,0.0,0.9784043383287724,0.1552507667783279,0.841832072195937,0.32092579868286447,0.08369324378749857,0.03402055420929578,0.08393951090353222,2.0653081257926575,0.032766013470582646,0.9164853202438306,0.1558071586267099,0.799448113923172,0.37000812219268236,0.44224115117751106,0.4599905878725351,1.3086812345725072,0.032451152830272445,0.02832771782813059,1.5942437820622282,0.44141798143695155,1.2373346247328951,0.6085379420721101,1.3972688148966537,0.15512844314566795,1.107915655786282,0.17605274589681602,0.030090703593463757,0.23198180812194535,0.11197932814995223,0.589688093022491,0.06327007456595439,0.06822159739826252,0.06722959022641069,0.647461996352217,0.0,0.0
0.0,166.73679659686758,294.87860582050376,101256.44492158273,8.532787943388126,180,1.1448644064737536,0.6085038636537985,0.09005895424227978,0.03357705452129775,0.3115265081060673,0.0,0.0,1.0141731846610966,0.15540913098955184,0.8392997773769567,0.36700164286413384,0.09089240698504719,0.030835778927301407,0.09241845564077562,1.9524831924277928,0.031006462030552955,0.9574656311831058,0.1553683223652378,0.800771269776227,0.35270795802703514,0.48764381806029633,0.45025764482283526,1.27302680911584,0.033096424397407384,0.031098594849898846,1.512877286756979,0.4632223382237587,1.344711386744616,0.5859164950017975,1.3668487085181782,0.15530967484750183,1.1038726601430375,0.18836286197969987,0.03201196570350641,0.23594220157461612,0.11402529834181736,0.6278000407305613,0.06679670772222612,0.07118131371274555,0.06752942618951756,0.6627834249518445,0.0,0.0
0.0,217.99130257643984,285.2157475963694,101755.14795407497,7.543823856705877,180,1.2581173748424215,0.6088320437761872,0.08458310366748505,0.028195250723181277,0.31900447657471465,0.0,0.0,0.9907896458758975,0.15560217065311263,0.8399960177489783,0.3654601333676536,0.0913762027782707,0.03116234429413295,0.08778906124644524,2.664857880295639,0.03399091658771033,0.9372692672782968,0.15548187809830213,0.7984764150371061,0.3541119699786712,0.44045032005372864,0.43425688594722844,1.2411844065102215,0.03086252011094748,0.0327956641714816,1.4447881194635572,0.48203522764498224,1.3880909068119054,0.6206968369856062,1.306056414633952,0.15537021691658603,1.1072561695388692,0.17434760618828749,0.0325711816492937,0.22549796149589213,0.10452726107948467,0.6351571743288665,0.06918519589983002,0.06785842164734072,0.06672241418874239,0.649792503695816,0.0,0.0
0.0,105.1542765022678,296.4430372544014,100817.5779040058,7.6447102814322285,180,1.41510689695208,0.6086389802632717,0.09274393143214472,0.035906608093323904,0.30229159739790407,0.0,0.0,0.9802703786916477,0.15531730170625294,0.841039776699035,0.31948675604941773,0.09013724311750813,0.0299409086282906,0.07934784670772321,2.2955770800726474,0.0346154541607236,0.9508115039824414,0.1550447603142847,0.7991571908516053,0.3760467240524051,0.5113930679479598,0.48755254982172475,1.282995901715862,0.03079765897280623,0.03025653422315131,1.5616399644813357,0.4752167948021727,1.3790798804837294,0.648445707846659,1.3552013845475284,0.15547196134348729,1.1104107543913213,0.17156284620684215,0.03544917825610647,0.24357616642585697,0.1203522427919115,0.633651306919666,0.06496312846831392,0.07139703228400444,0.06806658822226584,0.6024426305054786,0.0,0.0
0.0,96.93302028369713,295.56162340043915,102122.24556117134,8.17431502392593,180,1.4252415075387657,0.6100680918718482,0.08561265991689906,0.03265342122365369,0.3160101640435764,0.0,0.0,1.087969903233277,0.15539795164693262,0.8413330751402899,0.33736015382684187,0.08472272393028965,0.02891011939705033,0.08854123189381925,2.3174665035964233,0.032418521431695116,0.9899373386567294,0.15573314914269826,0.8031632515610304,0.35456998299963505,0.46597723290265897,0.45956637126780714,1.3888487091982273,0.032497482267360746,0.03166658902784192,1.5469157103107043,0.4518537614728322,1.3984132411644365,0.584376622653272,1.3599562329108237,0.15580311303457045,1.1052319416507528,0.1949239041511564,0.03174192775024706,0.2225531728767412,0.11056810205597573,0.6341090641134345,0.06880671951287273,0.06633293799028307,0.06562804328079903,0.6191775219032294,0.0,0.0
0.0,49.04032485033492,301.0560483621669,101183.46206055922,5.380906569207816,180,1.4809823367490187,0.607336843957207,0.09147536132198777,0.033174734205629317,0.2535306159411467,0.0,0.0,1.0114279622932543,0.1555900802441311,0.836723077495257,0.3729839245661819,0.0909052884624769,0.029069468631175176,0.09445618891197853,2.2304750174359436,0.033832310229164546,0.9149220053006992,0.15502033898308745,0.7987891207337808,0.3740044106084262,0.48607964986847796,0.4730862176715946,1.2234968136988322,0.03052815905482198,0.033808930122927246,1.4484297433921691,0.40590801658908643,1.39562026826324,0.6112252768462599,1.2921406443795063,0.15549667772103384,1.1001431294963373,0.1796966793422268,0.031327494682861404,0.2524373302159905,0.11238106436664433,0.6152096434412264,0.07332608065520453,0.06794224955427143,0.06570247941227027,0.6523311353931677,0.0,0.0
0.0,324.14836906027284,286.2555192609766,101371.24985913569,8.713988374511917,180,1.3698173049573115,0.6126613151671819,0.09222376468213743,0.03193969929466516,0.2927289897316668,0.0,0.0,1.0527331886294233,0.15563409868008068,0.8363007782136428,0.36010876133336805,0.08657946513573458,0.031033429271851688,0.08154070069045968,2.600199319618447,0.032139856444238904,1.0045400324672573,0.15541306711525718,0.8018156196370133,0.36202308113436427,0.46599381026001147,0.4565940553477056,1.3902625327123248,0.0308966582606379,0.03207867307479173,1.4415476504064393,0.46896374461516693,1.3464917944773582,0.6970194160881095,1.2894767400489722,0.1555163473503218,1.107053374776625,0.1679492613349221,0.030305255411777258,0.2486767072087007,0.10514275569325882,0.6463047072056339,0.06797024081862425,0.06619992146698137,0.06383427687605726,0.5852763962327248,0.0,0.0
0.0,14.776105752503991,295.92596802548127,101317.13823625597,6.339150933366998,180,1.4073463152138324,0.6087732075498188,0.0783866493286687,0.03250750938853914,0.30235636547777267,0.0,0.0,1.012995777562589,0.15529895514529726,0.8354789952580739,0.3464433699398983,0.09224404596914117,0.03399617525380302,0.08796815538172106,1.8969610493840328,0.0318990810762586,0.9280957048726021,0.1557676766268757,0.8038644804455253,0.3674899169785475,0.5063067580250387,0.45719470343430585,1.3602072856337941,0.03174006557724007,0.029931981545096346,1.48637386374844,0.48214808927758135,1.5566456833434617,0.676672017596198,1.4158830225406127,0.15528016913448633,1.10689360403666,0.172711970436424,0.030243554712422436,0.2457664944600644,0.111113407646926,0.6094664403093388,0.06443357700171204,0.06553225715651378,0.06316758997403087,0.6528507720123705,0.0,0.0
0.0,357.31835252278415,301.25890587410976,100653.09711099365,7.409378568548552,180,1.302305064054016,0.6085046938841044,0.09203327288352556,0.0316777913811733,0.3315426280553684,0.0,0.0,1.0183978824312663,0.15512395045715185,0.8352865467893013,0.3499071516320517,0.09006716160507133,0.033820390652574875,0.08813212728479,2.681038066221387,0.031149881858419267,1.0470299807324055,0.15577995256494048,0.7989226420230271,0.3566442314772016,0.5006154173269937,0.43042155316626773,1.549131319050661,0.03423423684778903,0.032792137369466845,1.5248165273740113,0.4359785097250636,1.302325733207823,0.6038839729276395,1.3686813220725818,0.1556412304007713,1.105659952669215,0.18304631565409338,0.02999582363147494,0.22517954204307275,0.09949288311885329,0.6750192747398408,0.06961576560703119,0.0660520863318154,0.06515720799924785,0.6026405495957334,0.0,0.0
0.0,322.4344015560979,294.78159465607615,101080.04883548433,5.26198724208192,180,1.2792801008509453,0.6087459017725827,0.0902276625120001,0.03273683172763379,0.2918306934190275,0.0,0.0,1.0111833215035353,0.155245667085184,0.8376239739954807,0.35416647258332584,0.09114889131288426,0.03449274884812622,0.09041000887622148,1.9827150021798083,0.0338504112271089,1.0353857178876746,0.1552448130666476,0.7995847893224424,0.34223247041509075,0.43577324597000383,0.4425048967053927,1.3298370091359426,0.03289480302340053,0.03271575183799693,1.4747643104153305,0.4642753867754443,1.3561878382898411,0.7148417277715663,1.3211273325322113,0.15512322651923705,1.1035594392039907,0.17310506937283757,0.0335412176529467,0.23893288489528378,0.1105730854335881,0.5992673588306581,0.07001022280014839,0.07655927652960667,0.06645210380364075,0.6434585653888131,0.0,0.0
0.0,67.59095041093315,301.91623155461747,101458.68944089283,5.6394979677693495,180,1.478419355947803,0.6109815334310774,0.08960323212806916,0.03198898491230107,0.3067738317132956,0.0,0.0,1.0433714665468865,0.15617647596000844,0.8344681972210886,0.35680945160622946,0.09230965417040096,0.031583733869770945,0.09366418851958819,2.4882003998111903,0.03034527100821559,0.9450985092617312,0.15577948821203133,0.8029527732836307,0.3557484737531671,0.44171885970727187,0.4830720726881941,1.2053021878741257,0.02999523869485175,0.03350078487248987,1.5404829854104272,0.42981345150751044,1.4473933938546486,0.577791162358485,1.4388549962614663,0.15539478357934308,1.103088277870012,0.17124837802648524,0.031182324597861934,0.24872348925227758,0.11117336524413811,0.585205922562744,0.06643488111150277,0.06875878625746461,0.06744922780817171,0.6516932861155914,0.0,0.0
0.0,175.78383573505792,291.5000795136569,100908.55263571211,6.9191461026872005,180,1.349605133982453,0.6073017673175863,0.09339893911552867,0.030019910200981863,0.2984373868600592,0.0,0.0,1.0097938776507713,0.15557301552751354,0.8428491876344826,0.3248917297411416,0.0871392701939843,0.029798829052593092,0.08929324594863478,2.0055550464700636,0.03194777972900123,0.9487884781794977,0.15593183413248776,0.7972240904984103,0.35965461934604137,0.4566139640386739,0.4416412575366659,1.4615348273393272,0.03052058794197056,0.030910116312392356,1.459313197033496,0.45761570887872904,1.326387527536401,0.6242853695176966,1.4082749396821632,0.155891472014868,1.106902852046798,0.17555042199629178,0.03498913684701113,0.25176521948473185,0.10573086128062183,0.6250126148324244,0.06362225291916027,0.06916340308216312,0.07010220420613035,0.6237906820801642,0.0,0.0
0.0,93.06125871807048,283.85774119382006,100779.56092223764,7.800319101364921,180,1.346405370632985,0.6092128014793718,0.09288376154325714,0.03251563492001281,0.30306137753178536,0.0,0.0,1.0182667053838743,0.15552516345678372,0.8336859631730338,0.3670560275826661,0.09042666968441465,0.032862783058156875,0.08781400858554589,2.3491976722066368,0.03021580934524157,1.0161024573470443,0.15525649041521908,0.8008536227308428,0.36049907833787587,0.45882862856101303,0.4578575579357959,1.380634357243445,0.03429905251364223,0.030734661144606535,1.5225648165048065,0.4456031388757181,1.3138765121166385,0.6093129961503803,1.402010584060464,0.15495066267309643,1.1070473571066253,0.1693223993241454,0.03109125516841926,0.23259696642670133,0.11337730366584219,0.6578460780614548,0.06024000803131597,0.06563069565619409,0.0648010721745698,0.6623736785866141,0.0,0.0
0.0,70.66777655685567,283.49648133429446,101112.12379596033,8.654749758010233,180,1.3572062800989741,0.6124329632758913,0.08658908680118618,0.03073643629666471,0.3298703371955501,0.0,0.0,1.0606954779907298,0.15591579505310577,0.8397734614001453,0.3486781343003653,0.09464070905664827,0.03227623584629869,0.09556847454647777,2.2668445092274565,0.03126770685296161,0.9851938590062091,0.15521627310768857,0.7966959380717115,0.39583167448309986,0.4749444010952857,0.4627154042541081,1.194366239846328,0.03261572975068385,0.032138067447022384,1.5211319793876565,0.444022193837834,1.4578202402471723,0.6569591160849777,1.3403976127866006,0.15572294335611314,1.1047762430938028,0.1800676149893492,0.03067926369078622,0.22975067077757738,0.11165764438794461,0.6310116156017553,0.07086921439222672,0.06706936391003533,0.06982433292033983,0.6537177101633167,0.0,0.0
0.0,359.5011649920372,290.4337214614053,100786.80416216495,6.9366141941446156,180,1.392843399920276,0.6082634225098967,0.09624466748179025,0.033044955795467276,0.314129866987306,0.0,0.0,1.0972934646034493,0.15561212979165198,0.8382338096276403,0.3439636970860547,0.08904739719222104,0.03344748472879871,0.08189059839595075,2.030593881560573,0.03009156442170623,0.932605490881463,0.1549585271329915,0.8027679807551709,0.39262157388408414,0.48018421177901277,0.46246433105517487,1.5602708014066584,0.032052584337114935,0.028920855989987455,1.4596994189935528,0.4874460377186494,1.2388070782467118,0.6497489642380397,1.257504648530255,0.15570268557203976,1.1026720033236963,0.1663302252751042,0.03338696493425702,0.24424995255186044,0.11319798056261725,0.6011984549774986,0.07126002294625174,0.06531938622001038,0.0672442828236326,0.6752563703432334,0.0,0.0
0.0,34.31969883996419,290.827940888989,101263.20057683879,9.055746751121148,180,1.453875410706275,0.613097959577419,0.09266590531423949,0.030869527348784325,0.3262564656577803,0.0,0.0,1.0456092966065844,0.15516562756351326,0.8381515942968798,0.36870524378498354,0.09984756437974629,0.03415142754903713,0.08789163749952315,2.2861341100709542,0.029006824409104088,1.031584248428585,0.15540460991252314,0.8017290087338103,0.3917344396886339,0.48026637869573885,0.42895894938879586,1.34353854547627,0.030074728566522258,0.03252168126244479,1.6068494011646908,0.4910404463785661,1.4422599161582683,0.5847546800481014,1.193850665719018,0.15571008844281056,1.106959048304312,0.1773175463716303,0.032093857074454675,0.23276793897269005,0.12218476654352581,0.6552975730966388,0.0644147115295509,0.06444740375515075,0.06435055319518616,0.6372070092599412,0.0,0.0
0.0,93.63495106555058,290.27203189405964,103126.05550894397,7.005878685500851,180,1.4801708938257283,0.6139397963693155,0.08386143810695158,0.0325908788948252,0.30437175245843023,0.0,0.0,0.9752053475602411,0.1552862777855974,0.8385049675621098,0.36260629241124415,0.09059518984385302,0.030679476023217606,0.08976886052634127,2.3637292259964355,0.032420920476638485,0.9022321051498461,0.15569936947259455,0.8007271633747407,0.38011048890331495,0.49458925699679995,0.4739528285270076,1.3370282401227096,0.029363599716200513,0.029841727826793743,1.5961739444470822,0.45341839036093656,1.492870800187849,0.6559405960579366,1.2681747641550973,0.15537220911202185,1.1055266276551239,0.17778918479959033,0.031282768810943336,0.23372052186787337,0.10280702289878504,0.5969575216829534,0.07187569535606216,0.07176613041626627,0.07044397841116358,0.6424009307781653,0.0,0.0
0.0,253.37346056668656,285.883226663034,101524.6470733686,6.91084396278405,180,1.3250252246073695,0.6085101536241652,0.08208560414227127,0.03142634475172272,0.32556850900035744,0.0,0.0,1.0776792626058758,0.15511635902625776,0.8366215213148134,0.38054415956603677,0.0947759160627429,0.03257370433978184,0.09707671109673552,2.1547229925799947,0.03000366089873671,1.0108980747827734,0.155360516136017,0.8002062278087995,0.36612299281783983,0.453496851584699,0.48594296797537084,1.4721225779108034,0.031581838396825636,0.028803627793579305,1.5258494310990223,0.4790793351344703,1.313066328887176,0.5820589797730826,1.4835743834644577,0.15581825523088408,1.1051381811965402,0.1761669617033751,0.03370775746295149,0.24596439518455054,0.11657038414593694,0.6089767076391519,0.07339192849291498,0.06384396352638075,0.06375598097481949,0.6655956388544967,0.0,0.0
0.0,14.290910473064313,283.7405348069009,101176.29757509762,8.641265762567892,180,1.3754320468429493,0.6130973822060601,0.09601079071313919,0.03166174591271143,0.3299367509105916,0.0,0.0,1.0012117750880771,0.15531296687730545,0.8373574658678058,0.37365453188743986,0.08825072120564055,0.03476050537853897,0.08334110123387103,2.298970567511301,0.03087037404458808,0.9795510123132861,0.15567579452439093,0.8021134407473999,0.3608133589016232,0.4583143924875329,0.49691049515977087,1.2551975391185666,0.0309565266923946,0.03170947133727188,1.4730997756667044,0.45616828143360133,1.2748225017925872,0.6181447700415618,1.3712596152348993,0.15555014279919574,1.1026570387321135,0.1799377136829818,0.032119051312655314,0.23703016496130025,0.11038713115416274,0.6174873067291213,0.06931213977198541,0.06566939662575752,0.06750939880433572,0.590028332354178,0.0,0.0
0.0,85.07556260377979,289.6228009502192,100199.05197094886,7.6210770048923315,180,1.3248349249196523,0.6127083733598526,0.10175752700789073,0.032540374686186146,0.347468359754751,0.0,0.0,1.0799786110489507,0.15559138790507232,0.8377154541901898,0.3399265435348321,0.09223973780966026,0.03006943530161656,0.09109205705619536,2.3424838376564647,0.034842221501564914,1.003970096261727,0.1559011203318584,0.7985241595106359,0.37786477512314537,0.4299521563752178,0.4299482776374061,1.6142971026441788,0.030347987031499848,0.03004126094626575,1.483198977043934,0.4260145937035598,1.280042707722533,0.6687804505642857,1.2855890212057357,0.15557698163129885,1.1043489659095176,0.16068600827711652,0.027038798899611784,0.2447085440910205,0.10797699709136307,0.6214417255072328,0.07462348772877826,0.06587171313390168,0.06680169227195554,0.6326026294320204,0.0,0.0
0.0,1.6317296946307724,288.05658562312374,101471.09558561075,5.447572611620942,180,1.2573738780055395,0.6086094718759242,0.08104085127619487,0.031141171569628118,0.3135841889390897,0.0,0.0,1.0391531973497412,0.1557777004978038,0.8345641426642396,0.340921707960862,0.09406097272770172,0.03176582371099537,0.08629043273569335,2.133649731625457,0.032275376535747184,0.9500270375498147,0.15509741338910019,0.7983794251407131,0.3498277879608255,0.4651764062197557,0.4640849365177685,1.5915025858193945,0.031061709073265595,0.030647879391509533,1.614876270909006,0.4716903985731178,1.3081707545402748,0.5802466161687745,1.1903718951340456,0.1556217164629124,1.106145198655232,0.17388741255687884,0.03150418395401003,0.24816013411515628,0.11437785014550839,0.6206882141000056,0.06403332934028567,0.06706802624354725,0.06609316271023669,0.6004044181168865,0.0,0.0
0.0,45.287874609001385,295.6649696440307,101270.96057052177,5.059485062959757,180,1.257564154434212,0.6089213229504498,0.09063011875781811,0.03077314130140349,0.31583497931988896,0.0,0.0,0.9593064660791724,0.15542565214309223,0.8360138263635758,0.38081213162186117,0.09368403846445242,0.031133263691326546,0.08904725463414574,2.270247834340737,0.031930803114861045,1.0058528844651364,0.15535600227179908,0.8011615626169659,0.38206632750489933,0.41539832981532854,0.45059565034514376,1.3229016784772618,0.030136613005574648,0.02887416892146067,1.5012987452516724,0.4493935522225471,1.4469907322205333,0.6363674399186782,1.4434019801101716,0.15557107705542902,1.1078975464653622,0.17630203663839197,0.03190069397644557,0.23949713926096133,0.11205581060404284,0.647962204295803,0.06868000729025582,0.0684095000300377,0.06891109948077054,0.6117605577698184,0.0,0.0
0.0,132.71902144110675,299.3699564752955,101298.56683219534,7.4072798204332235,180,1.460643506256604,0.6111819000019542,0.0896799545638061,0.03133432972199619,0.3273946078279335,0.0,0.0,0.9961135686549073,0.15563237277427386,0.8405025568516971,0.3450402299666878,0.09441128118918538,0.03311161128434068,0.08425062214821455,2.216808050465153,0.029480530839098837,0.9717846706965774,0.15565900587593176,0.7951930627851577,0.34271577830021094,0.4547279475760073,0.5314268779202641,1.6055471182505139,0.031334635228826686,0.033416389946040535,1.6409470456729356,0.47649467029368564,1.3522880297436464,0.6167338227073056,1.4162945567921494,0.15526332276380803,1.1069074388366225,0.18309001323407567,0.029885843455044893,0.233254200236512,0.11734040722423496,0.6504423194955741,0.06750490772310967,0.06737719254659441,0.06530169059231627,0.6228101783278674,0.0,0.0
0.0,270.6655430987201,292.99259241580836,101387.64879991068,8.312770422154362,180,1.3977314111226875,0.6094693325425684,0.08908918616325137,0.031182872391428893,0.3003299837938675,0.0,0.0,1.0323287596078978,0.15546770544339608,0.8346722595229995,0.3922955621959372,0.08257038082864529,0.03129110720529798,0.08872090204160571,2.235848553399211,0.03166237898900782,0.9252527340017774,0.15504654820224587,0.7993435068540768,0.37797125492678446,0.5031906020501363,0.49236608789849384,1.097686219348292,0.032747454939087144,0.029849812139284306,1.5519663091347784,0.4922477229619907,1.4644721912387237,0.6322737119172792,1.4411814163109478,0.15576451288191515,1.1044597035191164,0.19179999980767604,0.03246633052967693,0.25868037158868273,0.10186138145725822,0.6208356033939386,0.06649823904091827,0.0681148387218516,0.06540923477720302,0.5653357924386158,0.0,0.0
0.0,211.46001238564844,297.6309461694901,100615.56876610483,6.004299372721312,180,1.2954789862756444,0.6096654873016945,0.08901991650090216,0.029085281423966415,0.32452215245531224,0.0,0.0,1.0951479604163257,0.15549254869015935,0.8375603704727551,0.3668913671307134,0.07981035835006516,0.03251880685507125,0.08987817521310493,2.2926128235418606,0.030660310446448062,0.9968043003800533,0.15524908071467047,0.8040726039773355,0.3554063915121671,0.4715248464189072,0.4829821763753029,1.2409308144091824,0.03365518161964316,0.02914541148922998,1.5025150163728909,0.454531424337815,1.328512463465225,0.6501354548201106,1.3389633467022155,0.1558974865490554,1.1022545927560135,0.18650352223332634,0.029129806013507543,0.2289838765672535,0.11576972128421185,0.6037035077336519,0.06773192807008882,0.061997539597218446,0.06604243730346442,0.6496441022997335,0.0,0.0
0.0,67.88514597667104,289.4235517364719,101127.17969674437,7.588725676808191,180,1.309499986667453,0.6069546610827516,0.0838147914988458,0.032304294354743295,0.31036940714576383,0.0,0.0,1.0672551959057832,0.15559895354260306,0.8344319305421846,0.3524933543915437,0.09679831700906201,0.033373376174067014,0.0905352884444565,2.3664679732116713,0.03149232361121773,0.926232108697868,0.15571100587189152,0.8005700998605596,0.36159016607504585,0.43679430742260483,0.5132913258944914,1.1046684731589296,0.033092143726279326,0.03232159498662944,1.5063414367954893,0.4745715498734824,1.317849241266183,0.6319555386263602,1.3266602095104465,0.15521986095528,1.103776507446592,0.19927037268805586,0.03139463778293192,0.2287754381614446,0.10479325984831786,0.6508022538907764,0.06951440968756883,0.06662119964927399,0.06571092442442425,0.6350075247163682,0.0,0.0
0.0,13.527605553050751,286.6864786183021,101026.79953102197,9.371428060859227,180,1.388713709642295,0.6137950153216012,0.09115031598460091,0.03376135817067397,0.31496669843649033,0.0,0.0,1.0090866191453436,0.15563292324861033,0.8386018672698148,0.35006041814195965,0.08984395873207665,0.032075164231201964,0.0929841313806608,2.203641847969654,0.03140304569821213,1.0080055080735477,0.1557997754970917,0.8024751719106702,0.3547784053657368,0.4622831287206584,0.4533449979707283,1.2452169585611013,0.029717979908801144,0.03036186597583686,1.5020932783219414,0.46052658635572735,1.3891948651575252,0.6186463564842506,1.341578944859372,0.15554440264848957,1.101100009149908,0.16648047318006653,0.03050051066466772,0.2612577516934005,0.10345385355353832,0.6185473717495512,0.06434334709515374,0.07030803206816218,0.06837831766857853,0.6465967737569959,0.0,0.0
0.0,138.92257641590817,301.70597107847544,101535.57964476479,6.793851347086532,180,1.2742796539531314,0.6134653612006841,0.10225469378428531,0.03175034014909866,0.2916781109317215,0.0,0.0,0.9194397226446777,0.15504187343964465,0.8387753107241409,0.3530335526951209,0.08864865960957621,0.031837042136240445,0.08658468635195953,2.434562776884615,0.029634570766519736,1.0089796971703073,0.15563793746016202,0.8008572464766087,0.35607935645265365,0.4480579676433878,0.5043852278559844,1.3318775297760037,0.02999289202555831,0.034067299852076516,1.4143418038582714,0.4716673702962724,1.4036953191920456,0.5986758067709274,1.3197758776708255,0.15507394369044086,1.1034209048067136,0.18678552672802146,0.03312926161689387,0.2460861478893602,0.12167157710448555,0.6194055410639278,0.07277743525008183,0.06759932694467696,0.06748760375951596,0.661439430417182,0.0,0.0
0.0,118.48220977593876,298.80633947003855,100802.53439044068,6.6310969271442035,180,1.3984684495430675,0.6117882157876994,0.08659826968744075,0.029913386861304916,0.2904314354433126,0.0,0.0,1.0195865964147581,0.15546038936677806,0.8354102603915153,0.4007919000943929,0.09017325440026201,0.033433647404880286,0.09022691655400109,2.189615997365728,0.031479103720439765,0.9622994038741959,0.15533250222739672,0.808381078936554,0.3988850015380307,0.5036223736069271,0.4697664826221054,1.390181233825738,0.03385889590617543,0.030006791564725636,1.522922426624608,0.46752106062554666,1.299533951042727,0.574738668741285,1.242740142356615,0.1554288464136356,1.1033180089707737,0.16999423526779092,0.03201642809335717,0.2390450512256032,0.11346415712866778,0.6113894588934394,0.06802203274972152,0.07001893989852992,0.05875069073951351,0.5903389236854578,0.0,0.0
0.0,19.76598048928463,300.5767206456415,101408.33292231608,7.653510427407725,180,1.3678376895109234,0.6101949920248166,0.09564517064952566,0.0328862345158943,0.34087756101048083,0.0,0.0,1.0053195566689828,0.15553477710968958,0.8391351863045967,0.37641252872395425,0.08714220331081947,0.03049283722209955,0.08242853425185014,2.831691095424741,0.026556103708136363,0.9914501997245275,0.15508284651348286,0.8011043610606907,0.3651616122494068,0.4552515397824538,0.4674972748730905,1.3070267439718792,0.029911396718033112,0.03267549018904551,1.6983236540706153,0.41652094344645824,1.3685502685249316,0.633854314485803,1.4951247990085559,0.1555110961938251,1.1061237387079854,0.18553641055304113,0.033131432665956,0.2396600791554191,0.11961417906580847,0.6780221924317014,0.06608187081686236,0.07116080797232677,0.06701009826910638,0.5793948709834396,0.0,0.0
0.0,162.81157080120377,300.1249715492406,100618.27430896758,5.544080013507048,180,1.3993718958361547,0.6119400294294822,0.08721113588125111,0.03236130101331679,0.31744468708119694,0.0,0.0,1.0065659396314954,0.15505678714924326,0.838160552183405,0.3951753248021342,0.08273384528664762,0.033382342766042544,0.08984538179501478,2.0447544869276557,0.02998976076919831,0.9900269886632189,0.15578283496574966,0.7977066237386697,0.35017300645099575,0.44734273842341193,0.4825795769655703,1.3832750365267668,0.03295773204385063,0.03611976346633653,1.572413534679884,0.43097714370196766,1.3828066766848177,0.6003047040134275,1.34498632004531,0.15529150969196132,1.105426076978017,0.18725793973593402,0.031815000504732203,0.2450365434512971,0.1122184878273978,0.5953436947381159,0.06919093371080255,0.07233751603781273,0.06906852041863155,0.6219350956353683,0.0,0.0
0.0,198.6831452660409,295.9421908937732,100350.78972337747,6.305581533287393,180,1.3284024918129487,0.6086081503634362,0.0872813169773373,0.031231651390425285,0.29124745837465715,0.0,0.0,0.9719859369501489,0.15560836216917995,0.8344482722318121,0.36192960359281373,0.08207669046331334,0.03518011726031593,0.09717240751315892,1.8437202885491375,0.03149007893422224,0.9587185578239644,0.15505170401748966,0.7966235608525066,0.3906736454550179,0.4573036019528096,0.4681399722145822,1.1967855117974227,0.03244111790734302,0.030817160467244642,1.5820312642885108,0.468761993897792,1.3242933912789228,0.63786937723577,1.3965342928969235,0.155128202148702,1.1031005996907843,0.19173084310060162,0.03081606758011255,0.23088322001033354,0.11700344053832072,0.7129079605033845,0.0678072415939274,0.06918910842730414,0.07132406813007293,0.6140986157728405,0.0,0.0
0.0,205.5812018531262,295.0987525261088,101274.97106615025,9.209148136829443,180,1.4163956708215422,0.6065651539501052,0.08624254243738592,0.032739668132933476,0.30002264863850603,0.0,0.0,1.062224096145387,0.15542263334552492,0.8359328551448245,0.3377398961924979,0.09127511864511845,0.03151857664940143,0.0895119989330557,2.2527738664646484,0.02875684704441604,1.0665565548262885,0.1557575210418461,0.7991700976860523,0.3635175828756631,0.4668165963956841,0.46435011202977244,0.9628826501860521,0.030013373755537982,0.031390152612269746,1.5277829919880603,0.44677332182946894,1.3886488949811948,0.6214385757896231,1.2938456346016844,0.15525320532200965,1.1067312478666602,0.18589142775315104,0.031243710461077313,0.2178074605778086,0.10966449369143878,0.5873638182964848,0.06928649758030658,0.06836964795887096,0.06699225237350137,0.6085778346871586,0.0,0.0
0.0,223.69244318619613,292.37952039341917,101308.67704333545,5.885165645274863,180,1.285751471524011,0.6137471398257403,0.08612565012489179,0.029599297865109297,0.2999711352179393,0.0,0.0,1.0555049435714807,0.15544244715211042,0.8361121622257279,0.3795908031958156,0.08465937330891786,0.03165377930539464,0.09365070080380825,2.2274849881119705,0.03088358455069115,1.0127390529825107,0.15552117386888828,0.8006767218161224,0.382976266503806,0.47742587942538073,0.4359608831801239,1.4987486560787504,0.03208006483790548,0.03120127939291334,1.6232757095467056,0.42749230353444956,1.3261788719567449,0.6078692813398656,1.2256298262064687,0.15569738827021629,1.1069803681721613,0.16798887795152048,0.030837436772128246,0.23974164131948378,0.10259443106298034,0.6283636099261313,0.06544956487346587,0.06733140065580943,0.06972043669859206,0.638891086380174,0.0,0.0
0.0,38.35682833583948,297.07471370326846,100569.41431120831,5.282456477042771,180,1.3139309490792088,0.6063087771759129,0.09792447050366788,0.02894821510427029,0.2989037370726353,0.0,0.0,1.0742141828507006,0.15548470299228506,0.8375791758256743,0.3748393010959028,0.087524330356906,0.03322024787017562,0.09121194814748103,2.3445208014888896,0.030133913793414256,0.9981532900792425,0.15508966771914381,0.8024119467977237,0.3704629028779809,0.47979609470350576,0.4619731622301975,1.4111340169041011,0.030251164577244367,0.03302079272584246,1.4059799174453356,0.4570976706238366,1.3398297262203147,0.654818696787756,1.333780182183284,0.15509043556536106,1.106536032821293,0.18603309923741196,0.03128279568459455,0.22246098070038636,0.0982038504070083,0.5887444080166588,0.06586788405982978,0.07190980732179765,0.06932499016278537,0.6193898596425037,0.0,0.0
0.0,284.56083429290845,292.67920813678285,100980.51587939216,8.039744041708396,180,1.3242407246714092,0.6141889442616985,0.08015309889388872,0.03201822255860991,0.32189468576417135,0.0,0.0,0.9741058410492691,0.15571532408028327,0.83741242601516,0.36865411644035107,0.09571072002777842,0.0332850627198423,0.08000546683864683,2.4305300936833447,0.03380961999391058,0.9699831781716357,0.15518344187572067,0.8004637761135952,0.36745773988376396,0.4823942158071049,0.48501306376748055,1.5820174271273593,0.03334762169351934,0.034952852114944394,1.556593796191363,0.4732683987884317,1.3615475473971184,0.6148459859840749,1.3665921411573478,0.15539738213749765,1.108347502734257,0.17802854334336504,0.03022137441259684,0.23636770635518797,0.10677434174043177,0.611529876118221,0.06583256804762712,0.06648776008450333,0.06470798314500661,0.6296415760423493,0.0,0.0
0.0,164.14651853417993,299.97297347662527,101876.64484140452,8.15647786260067,180,1.3659395755564987,0.6092168587998109,0.08953689433226067,0.03353909632757326,0.32726277262517345,0.0,0.0,0.9689819258609638,0.155407780569021,0.8378982399360049,0.367748434186681,0.09207840361910039,0.030628269072756405,0.091368235198933,2.2561345143003653,0.03196672412504528,0.9128783946893607,0.15569080779724373,0.8021645093343136,0.40100526729794905,0.4361804065213377,0.4778410084456458,1.3727602102983927,0.03003409148470649,0.033908712417818836,1.5442678602851645,0.4446149634046906,1.3676566746816021,0.5829867616441968,1.264961735639248,0.1550002708006141,1.1049366102176306,0.17770001358163717,0.030888762251516773,0.26294805017102924,0.11078740169002771,0.6079955275070447,0.07275425856977262,0.0660180504589674,0.06505950186225257,0.653069649224997,0.0,0.0
0.0,229.97278977199736,301.54811928792094,101665.40718589966,7.4972130599891065,180,1.2793127057540927,0.6096066609721084,0.0834595144912575,0.02867870478639043,0.2901618354455424,0.0,0.0,1.070447083082751,0.15523148480777463,0.8387982852778044,0.38118255520716443,0.08675283126862295,0.035869466598314304,0.08497323238977622,2.908002555926584,0.029855582415733488,0.9059013573776188,0.1556354664809616,0.80056926540196,0.34744398558251255,0.4400124959862223,0.4746972688400542,1.3864012544662587,0.03178972682585399,0.03355329113839438,1.542475530059024,0.4339510548478253,1.3149008123624435,0.6204450570278094,1.273794944262767,0.1555704970749777,1.1024981839313128,0.1764016882545007,0.03280849147698853,0.2113447958394035,0.10445423973600221,0.6093784637603052,0.06849305068819055,0.06859055346903013,0.06993983129913228,0.5872935121802172,0.0,0.0
0.0,165.6719306060368,287.63862446125773,100978.11760360286,6.488793398769995,180,1.5865409360903173,0.6130056896150263,0.09713458181344668,0.030021010384886842,0.3165554582334287,0.0,0.0,0.9999714409956392,0.15563612217800973,0.8406677273020756,0.3493103717223775,0.09047526536778595,0.028485427902133813,0.09395517402417866,2.180920445860725,0.03348812996632025,0.9358030466629564,0.1557629005701116,0.8014178181515653,0.36255870414751823,0.4497958068327162,0.4119569806127726,1.3342547853443172,0.03081840710246096,0.031156665485496313,1.6266308054366576,0.4983236975557031,1.3960718722924264,0.6383679569831262,1.3915066564694665,0.1554217481205132,1.1071976860271757,0.16600660706309078,0.033883300744904796,0.24513826898341587,0.10410495896893487,0.5753197504672208,0.06336784748922186,0.06523974267866312,0.07182262698106195,0.6114551433777392,0.0,0.0
0.0,149.4043981248413,298.8742157578585,101734.81485860179,9.539614739816063,180,1.2920998822011673,0.6080176938830268,0.08891367205692802,0.033429613050345114,0.3043863970953274,0.0,0.0,1.0997628285596943,0.15561178119469568,0.8391304461262921,0.3865007655228039,0.0898630702698897,0.03331290066874939,0.09716598927266698,2.5246257038636206,0.030068299622848564,0.9956594928435407,0.15503106713370873,0.7972557791893347,0.3491586252136159,0.4331792603544936,0.4951487436248947,1.5380647867334736,0.031776538215246376,0.030728129975612004,1.5306868360478396,0.4585601669750035,1.407602800788024,0.6171392583881828,1.3732345963311234,0.1550689969584421,1.1051797042140161,0.19893822087568291,0.028967797725574066,0.24305203197237527,0.11400380005292368,0.5681376137019764,0.06808724729926101,0.06897815420638068,0.06747273235377864,0.6271453180732384,0.0,0.0
0.0,343.53162606908205,289.22800071438013,101499.06324919609,5.613380886395513,180,1.387384413543548,0.6068539266651151,0.09853561693155727,0.03060268740613865,0.3121324167344978,0.0,0.0,0.9612495148324219,0.155193544178113,0.8388073363813892,0.35326995766048486,0.08827381550262499,0.028662980138368512,0.0859988715144276,2.9466010270448195,0.03138026305317676,1.0450988282904747,0.1551484532994878,0.8025747094306814,0.34354571483851065,0.490300018004081,0.4792203147578296,1.2308041637633385,0.03375629670038371,0.034266470883634464,1.5662687488505238,0.4581816593517107,1.3786465018551097,0.6231888299301465,1.354248076777202,0.1558506437969879,1.1034599160770335,0.18302635734079153,0.030485509859342386,0.22570160177695742,0.11375572033978278,0.6058437878208613,0.06644756348678707,0.06940093516635086,0.06452488383320644,0.6798019498275943,0.0,0.0
0.0,266.9003014694601,294.8350315315243,101478.27250604956,5.562730624872331,180,1.4392983113951667,0.6080431256385465,0.09017076270424419,0.031034569363752734,0.34015906064800655,0.0,0.0,1.050119853333698,0.15519067212018664,0.8362435905141025,0.37203223084116216,0.08555337431289017,0.03185378220848172,0.08374587187067367,2.1694706267106416,0.03289626993531563,0.9266262010847754,0.15543614174154846,0.7979343366834488,0.3440238228405722,0.48921199754407996,0.4695705534103473,1.3351382521702133,0.029947831388526823,0.03432866484154704,1.4681605172157814,0.44158951373221383,1.3569088684612627,0.619024942608274,1.3081096587108982,0.15554477544219783,1.0981597147244468,0.16846334220230985,0.030199090234340767,0.22631766694190408,0.1001813528642591,0.62196889789042,0.06782708842387206,0.06420631562159466,0.06899783356686531,0.6182421335623705,0.0,0.0
0.0,34.595646692272915,295.5833875579824,101588.3697474863,9.242885860094045,180,1.409065396865343,0.6090809793597202,0.08813306956291632,0.0318156676280352,0.3088856659351115,0.0,0.0,0.9892143937519692,0.15559688440024483,0.8373667484204697,0.3724330443534132,0.09199684563782219,0.032587695945223705,0.08968068086728602,2.3811390060461304,0.03288224931062986,0.9861973366955946,0.15530275066327406,0.8012790355291763,0.38316506797151956,0.4504362956459639,0.4817256015725294,1.379539104096279,0.03532894090576951,0.03255139911270614,1.6161313829854334,0.4714841449148344,1.225798410951096,0.6534357179109413,1.4904984729008772,0.15508607117499087,1.1049808589363408,0.17217373260001054,0.03310024443669714,0.23765893467971325,0.11051445330300295,0.6038966634249904,0.06360371322545465,0.0656763295577198,0.0676563329363247,0.6387223223057414,0.0,0.0
0.0,205.90603992633032,286.260525327443,100650.27146126107,9.068532108197498,180,1.3604176953830092,0.6084811997014737,0.08362846253173617,0.03055006648488407,0.3000458441756785,0.0,0.0,0.9752187884166232,0.15565710436482463,0.8363290643071949,0.357727621222745,0.08761293244024422,0.03055794324206517,0.09314104657316974,2.7174537316025655,0.03094624843594393,1.0872575990690712,0.15516186040166316,0.7967375512505369,0.35545978228337183,0.4467638468207655,0.4400505487637402,1.14502092713801,0.03364350774461617,0.0313688315984038,1.5517343501901626,0.4159906764063839,1.314129225754727,0.5992281039307434,1.3492198392693746,0.15581874684508196,1.1034752714520804,0.17177956696794022,0.030060588923956043,0.24781579706564907,0.10327116503629209,0.6124998443290117,0.0668639504419933,0.0661878507159045,0.06561154830263362,0.5737483046447027,0.0,0.0
0.0,145.49041981246137,295.55399780089664,101765.14924402785,9.040015513277254,180,1.2942259800528935,0.6095192539064282,0.09132854693148684,0.03138642927376625,0.32627663848872446,0.0,0.0,0.9946315663946279,0.15533659136670944,0.8381028745528806,0.33100421186732104,0.09204566500315904,0.03476951639716977,0.09220314063231745,2.137600641217438,0.02971759272219216,0.9873816668998548,0.1557801004937324,0.8023724723316443,0.3531943940103513,0.4678956509509903,0.4724904154780778,1.3602835300288145,0.03193647035600764,0.03342071576981915,1.5527106719065664,0.450581426995353,1.3262312244433259,0.6309810102830565,1.383075901642273,0.15572892758843962,1.1041493200928778,0.1827468158851827,0.03392104866973473,0.23516038388460023,0.09698515351379741,0.5554971603712512,0.06425743217676459,0.06741930940469891,0.06658517326805985,0.6369718752442952,0.0,0.0
0.0,263.7228637210917,296.26199808403976,101191.51632034055,8.048497998086809,180,1.3064459427410988,0.6119465733321496,0.09351412818726369,0.02988348777780649,0.31683784530073944,0.0,0.0,1.1361422215490151,0.15566674983935322,0.8417626199486935,0.3266953711167983,0.08444244293412578,0.032829148977460434,0.08673075798081296,2.3716958999077447,0.029757891135526016,0.9608809686657751,0.15541790026981844,0.7983537702539851,0.36345691235555366,0.45969808022171244,0.42722284954090384,1.3647816347458477,0.033298008019442785,0.03196636019024299,1.3437402945384795,0.4388578954710923,1.440139186457879,0.5936028152390933,1.303295832321835,0.15572947415410882,1.1060748688918713,0.17719975803458854,0.028669198612206168,0.228457002645101,0.1082802143330625,0.5964741233281048,0.06460807143892044,0.06351080172383206,0.05741272001252907,0.5803784359970393,0.0,0.0
0.0,79.27058938008223,296.0557465604028,100755.29643298627,9.283889562010403,180,1.4314776775220357,0.6101331223850778,0.08321600722011242,0.030995899173561204,0.311610337898116,0.0,0.0,0.9697085932569224,0.15577354546805264,0.8398130382034112,0.3750210433230001,0.08858741790665152,0.03314666882638831,0.08013259899658479,2.6258139410373413,0.031439710270480474,1.0250553122163655,0.15506400746713966,0.7995027850397365,0.38685948341850157,0.48116802669897024,0.48052513999932484,1.1459609570269036,0.03242132023738077,0.030864727482270454,1.4457305673058922,0.4454331998119694,1.3018195372386125,0.6054102309927216,1.3706810654207768,0.1549701162662738,1.100359523472819,0.18261478460740432,0.031772891855591213,0.2394747217153474,0.10342964587538833,0.6115074522936139,0.06460760290298886,0.06547122112986586,0.06529329155247908,0.61509741136198,0.0,0.0
0.0,197.90250081818837,289.5827349611467,100840.32786605299,6.496120618466109,180,1.3579962692804517,0.6093281921040343,0.0980823502643901,0.03366430166212933,0.3202120071418033,0.0,0.0,1.027290420992044,0.1558213268845793,0.8425831056088361,0.3735123078004725,0.09515733181319615,0.032190676494143165,0.08715787650950049,2.2031790225678876,0.03348356755791753,0.9779394820813981,0.15548440448944922,0.798107234346476,0.3878972786917467,0.47637967559471156,0.48627190913918644,1.3805443713143781,0.02912176760263889,0.030088548254763488,1.6069624080203397,0.4619607307001572,1.46771955071262,0.6276552753168337,1.1934406929448156,0.15580761419663738,1.1027215639418437,0.17540602743699352,0.028756085569904676,0.23792648934821284,0.11554914342768696,0.6419102019239619,0.0679929671274448,0.06619760245293654,0.06252758335086879,0.6327365847145965,0.0,0.0
0.0,168.90946901209065,300.45739136629857,101239.46977872244,9.037936640326594,180,1.371677092369386,0.6056958734301212,0.0978037576426093,0.029546174990710612,0.2911410524172881,0.0,0.0,1.036080852453856,0.1552434765375622,0.8375006417577505,0.36772261077481333,0.09257133503896584,0.028952860277677014,0.09270492396637146,1.9814817623742411,0.033254120430162064,1.0153438101327796,0.15585067947269263,0.7985111035274636,0.3802750119369825,0.4608057584156325,0.43268247433305085,1.4834040302006337,0.033815440588544896,0.03069562376901817,1.5848907474244875,0.45041000074673504,1.4666206971965474,0.6138741244750973,1.3861099968171335,0.1554703224595227,1.1065309615613457,0.18159006476560452,0.03204900047279118,0.22669432064949338,0.10672539100828804,0.5897587682842992,0.06197738752200257,0.06718188182169961,0.0686968006185875,0.6505808794588614,0.0,0.0
0.0,250.63943766853524,288.5576836503528,101974.69794506814,9.120280305859314,180,1.3238949641059365,0.607172776488031,0.09195968826585328,0.03326617820315012,0.2937472075075552,0.0,0.0,0.9906732052340427,0.15598795375995797,0.8378125676081164,0.38354417603891766,0.08874284308330165,0.03420776933789618,0.09574551437464411,1.9569144223144346,0.03138657640560711,0.9534858180079657,0.15550734712655326,0.7996017925175528,0.35587191829814097,0.40594052130965314,0.47752818168492317,1.3560694652615284,0.032184949832578726,0.02710142486577581,1.2953985683691553,0.4471435167223054,1.2951115586882582,0.6226718131084242,1.3394798109703707,0.15538899080577945,1.0983791451337275,0.1762099343465696,0.03191458054677404,0.25164726113974145,0.10991716415022813,0.6217638796017948,0.07038474337588282,0.07081007905890371,0.0684810511544868,0.644618632125437,0.0,0.0
0.0,176.3890221347331,289.1678149544647,101576.62763134053,7.43021623588737,180,1.1652045647732356,0.6157142574637742,0.09020688138967485,0.031876640925610426,0.284270775542349,0.0,0.0,1.05273868800164,0.15537506082050104,0.8405214005861704,0.3646222218040691,0.09003257101378151,0.03152804752835749,0.09218637662809763,1.8612508422325427,0.031857352726874705,0.935498274782656,0.15563740219156516,0.8035076645006576,0.34246745040061466,0.45700120415973644,0.4669974081942047,1.2658885444345687,0.029944947732090815,0.03122379747708812,1.4558754364045725,0.4258918351904426,1.3240395325745404,0.5773821074878429,1.379118661728689,0.15528296046472478,1.1075293753535416,0.1831911183542373,0.03007110263815469,0.24504970625724826,0.10358154945224524,0.6712298543012354,0.06961463702113246,0.06553086976467684,0.06059157247466533,0.6135226231782311,0.0,0.0
0.0,73.46209262318965,297.86300382688194,101552.85551883889,7.508976382467864,180,1.3741516657821229,0.6124321861391553,0.09182769232295047,0.029884512189141895,0.3009450831877756,0.0,0.0,0.8994555196272469,0.1549313781270516,0.8385160126761427,0.3828723659198882,0.09417289790551187,0.03528162102866028,0.08701582754628359,2.1995010616797477,0.03309963006222193,1.006581455051786,0.15557177596901775,0.799477010521991,0.37638997642709476,0.43379898724286164,0.47117769636208434,1.2726216436661781,0.03114385446614407,0.033317451497061445,1.5127161746612365,0.42904983455308704,1.4478341163710011,0.6041642255863359,1.2897740494198247,0.15579518407991882,1.1047881064281768,0.1663301318364058,0.03358984159559054,0.24333449360176665,0.11408185019002318,0.6439074604927285,0.07179558194681229,0.07182306807114948,0.06894865085658354,0.6179058395195297,0.0,0.0
0.0,174.98747891429855,301.5729236420331,101948.06042253626,8.38612307467626,180,1.4551833368732294,0.6091728384604429,0.07783253104644387,0.034115515225236176,0.3210281376831943,0.0,0.0,1.088863556719664,0.1549247758797303,0.8379925255759284,0.32998520542383153,0.0965038568234402,0.0308419276299562,0.09524258337219388,2.4852306055282054,0.029513503068055662,1.0231786811910626,0.15515625448129564,0.8016029638823255,0.3623894066529764,0.4838631604462899,0.4959439510212112,1.463830649938223,0.033312822375954516,0.028219477657440668,1.5257366921803386,0.4799750258255275,1.229764910871936,0.6013653903946358,1.3299322162104974,0.15558571978994978,1.1062814520229742,0.17563436209719746,0.033275412482748526,0.25610727814459583,0.11274977945625798,0.6352934935347408,0.065520550990212,0.06780432389851682,0.06818049079071428,0.5971839903267129,0.0,0.0
0.0,240.24575670599944,295.9968415583613,100447.85067449849,6.560181936437023,180,1.3890443174601943,0.6143219162042268,0.08323293603583327,0.03436504238404911,0.2793927849588268,0.0,0.0,1.0640765103286456,0.15530955649780878,0.835530552630005,0.35003166188722906,0.0845098593487368,0.030012220389895268,0.0983354951924765,2.1136628116517806,0.030241307444737558,0.8998773741414071,0.15553544421828536,0.7988073339521924,0.36671887304495615,0.4142431711733754,0.43098359985935203,1.3691866243236022,0.032949392058992284,0.033379049581850666,1.6448828742017547,0.4543879360793466,1.3189062805633045,0.6034704196690406,1.3332325242740197,0.15506750118496915,1.1018968368951598,0.15935752445732115,0.033535372676934266,0.2377078304805567,0.09849163288331149,0.6063705964435074,0.0686032144274494,0.06788453405854847,0.06725381528377533,0.5949181434578202,0.0,0.0
0.0,353.4771503583587,298.1986011484367,101053.04296512969,6.28023586675229,180,1.3595627197772917,0.6072647155998311,0.09211200385813785,0.03170295924967549,0.2992381541557657,0.0,0.0,1.0633618160277067,0.15502881120881923,0.8370546420629544,0.3570359300354979,0.0916920104595094,0.03320026928890862,0.08720051775934398,2.2954253291927444,0.03345872662174809,0.9626967913237945,0.1558849219061954,0.8006982601845662,0.36584483236147675,0.46898419179231443,0.4667428696665373,1.197892591251528,0.03141715640226594,0.02956887831361642,1.6849729657487484,0.46373938110014934,1.4099908267461536,0.6225063538024717,1.2775097420554655,0.15541861492191197,1.10235589866302,0.19707435587492042,0.031895321949359005,0.24039600693780486,0.12518245912222356,0.6619002415045726,0.06452997159637067,0.06808236683368002,0.06766850118383481,0.6091659354102672,0.0,0.0
0.0,13.783744114546387,299.8584496549829,101362.57926883984,6.404940002722677,180,1.2816505802043543,0.609393391233371,0.08919983149498613,0.03191855300749825,0.31542628988580673,0.0,0.0,1.073001740753898,0.15567791294847202,0.8405034137666834,0.38330512225436464,0.08994634956357585,0.031491308532418404,0.07974646201736509,2.2277069717241695,0.030981149984990387,0.9220670989848214,0.15513376294660589,0.8001907533866754,0.35411032158732947,0.47044664344430803,0.47855774205097984,1.3859301608696049,0.031761096900091206,0.03055524616808189,1.3921003876756226,0.47282825046554294,1.3000920812131513,0.6334075450906852,1.3166612883513358,0.1558141561717581,1.1037360326269297,0.1733025153128843,0.03197328495081981,0.23949236200424992,0.10149883621347495,0.5882973676619007,0.06402246190659161,0.06732649528994519,0.06873173197944309,0.6178126040992388,0.0,0.0
0.0,313.67643054120725,286.4148080814979,100390.69197968935,8.149074165877753,180,1.465186866360899,0.6124503411396517,0.09097856544901015,0.0319527055607393,0.3006456171598281,0.0,0.0,1.089969292306093,0.15555695700269628,0.8378819315272527,0.37998599976046865,0.09206447770113099,0.03157337048784879,0.09186539872528314,2.017208649671012,0.030973362611601038,0.997493413707423,0.15485103191982028,0.8027371114576847,0.37147486233608007,0.5121918742213439,0.47728226750305125,1.2164446443937256,0.03329099343502734,0.03429136222924321,1.5089141279680924,0.4888553139300719,1.3297065392498193,0.6134368169912022,1.1828238264868571,0.15538699206373136,1.1029595916911152,0.16271874783781123,0.030980613903331247,0.2386410798270867,0.11652450439541698,0.598575789702764,0.06676395809567781,0.06646285250264658,0.06801205537645633,0.61575613677924,0.0,0.0
0.0,348.5986656292056,300.0442391551588,102002.80932541053,8.470281282859153,180,1.3029277743300909,0.6106773889408106,0.09726272374634094,0.032667587124888736,0.31156037295403516,0.0,0.0,1.0510629017045139,0.15558291532280952,0.8418822715132661,0.3883822158620165,0.08567258108347998,0.031173079853485042,0.09218854942181279,2.297823271476022,0.03100418295897254,0.9148517951432622,0.15559452411185612,0.799481799364327,0.38102687343422886,0.4212239616672246,0.4483345976179313,1.4200542434991543,0.03281985413583987,0.03216896171720758,1.5838172687983674,0.4992783992347941,1.3414040607945987,0.6174275880455011,1.3305052894462848,0.15544591095466337,1.1073803691656492,0.17947103835775907,0.03359613988891247,0.2519260395995656,0.11023492473509201,0.6746065987192787,0.07232788992105153,0.07012838314480767,0.07087230596047189,0.6007170172704822,0.0,0.0
0.0,9.527897610209703,287.121984067412,101338.0987330547,8.194102198879982,180,1.3587470118811351,0.6116794661633275,0.09022568145022614,0.03318675137000389,0.3021279726760946,0.0,0.0,1.049427833836725,0.15541712679664432,0.8414248814318153,0.37693205434753035,0.08836046810584604,0.03224247910055627,0.09062126153726939,1.8209417972510868,0.03001320388491738,0.9627920539542149,0.15561035070150908,0.7984492795825806,0.3547500797982245,0.4376133469807339,0.4506873553471223,1.343933815128258,0.033521948161265754,0.031582720250577616,1.5559224856777643,0.4242069176126771,1.3281773629389981,0.6110499248313344,1.286340428326443,0.1559189518046859,1.1038795708824778,0.18907283613967713,0.03193340413536402,0.21961088812326318,0.11235708445271468,0.6264523922131735,0.07147998956994633,0.06573579724864269,0.07263280739332599,0.5439519618709324,0.0,0.0
0.0,192.8427007878736,290.08485429923576,101165.08184581473,8.829491241775079,180,1.3911071970019948,0.6125135174216447,0.09313983950549523,0.03430622058093733,0.2847445960342379,0.0,0.0,1.0360190323938387,0.1550514089237235,0.842609207097226,0.3875413286917821,0.08960549839231274,0.033054435213270325,0.08929055580490909,2.02165734080475,0.03018169508813873,0.930133051198687,0.15621887689347638,0.7966470274434598,0.3779874635651911,0.45736954593651413,0.48671851410451483,1.5789184070917248,0.032164808943377435,0.030973452696061173,1.5768818877835074,0.46557464459781905,1.4510487809114139,0.5708194752249811,1.3996320730503014,0.15560345476497964,1.1020916902306244,0.17994035586279616,0.029949070727753307,0.22804082606928544,0.11202651349253637,0.7051097837767302,0.06448397369333997,0.06804115875895458,0.06608768699209178,0.6228131362793993,0.0,0.0
0.0,303.4556861197342,300.2115542482772,100948.88923266697,6.183557452033511,180,1.341825458285209,0.6116284266121957,0.09333120526630066,0.02995581027807165,0.31329284406077806,0.0,0.0,1.0458015980674908,0.15557679649798872,0.8355954861571366,0.3608528341840586,0.08481096590337137,0.030843078080514202,0.09098591667263893,2.4395051648700408,0.03176981170319553,0.8927856023887965,0.1551941953013562,0.796149907107822,0.3850738941301486,0.43515675297087586,0.4602806812956394,1.4106481090764533,0.03251269859497181,0.03182782995183186,1.3860164857222683,0.4217772975392872,1.2849021949736623,0.6283562364797575,1.2911047903915998,0.15511789529517464,1.1058822335347909,0.18082006286818428,0.03323135126438838,0.23207522178394163,0.11917612225986364,0.6480397760644375,0.0666803268080701,0.06841977641363457,0.0674707301291739,0.5952989307486544,0.0,0.0
0.0,92.14819832406977,293.1043032596591,102005.08158204019,6.457481433595024,180,1.3454506335739205,0.6108931777954458,0.09609931609544546,0.032523383180377605,0.2868694312513971,0.0,0.0,1.0149060840188073,0.15504644341013288,0.8377126723997174,0.35457031092469843,0.09507492703344295,0.03300718844157543,0.08690653884023229,2.190435788528613,0.03223161851419298,1.002532831531611,0.1550116742387352,0.7979347446790104,0.36732284882442334,0.4906512871884685,0.42122789491331947,1.3947876226469735,0.03104783593877705,0.0347275628006582,1.5012014147717905,0.4574214364251411,1.3619299804182627,0.5951192078987054,1.3762386112740042,0.15516986493232007,1.1056290183471926,0.19146645660294118,0.03352291317768075,0.23745913838858304,0.11073781446136578,0.5981572440919293,0.07019829481946945,0.06918759325484491,0.0700956586547033,0.6471134412227714,0.0,0.0
0.0,96.9486906470047,290.945356641814,101082.55550075114,5.375086605138297,180,1.373946575357772,0.6075357064143796,0.08044545802772034,0.02978621836907389,0.2965226970733578,0.0,0.0,0.9564908559559698,0.15525641246512953,0.8406062288474716,0.3606116711307389,0.0857975149557744,0.031215868189051258,0.08994822061616661,1.9565534867515537,0.034556316703611596,0.9716046659659132,0.15532035242701644,0.8033082688967316,0.3553113018073531,0.4525264940575805,0.5019630869144924,1.4035880737001514,0.028309419376850595,0.03341826797976657,1.6426087540368248,0.45385581313663836,1.4280710679117732,0.6479351638677254,1.327787443516135,0.1548706150179741,1.10312566093262,0.17803516308011766,0.034155400095872236,0.23873642782250976,0.11931358028571971,0.6216957184849374,0.06650208761471399,0.06486389746210171,0.0712355977668629,0.6252597767194358,0.0,0.0
0.0,31.14416843740326,283.11171853088325,101092.90919662028,7.889259194209106,180,1.344258380203662,0.6112785962497663,0.08914804844513828,0.03245450461874935,0.31312721263863774,0.0,0.0,1.0620973391795892,0.15566999718292893,0.8368304995910171,0.34787956847781554,0.08860298750222276,0.033502338987504494,0.08882417820806632,2.5945123668131607,0.030559051179925353,0.9446690519771078,0.15512209421979847,0.8045709656310421,0.39408599984643944,0.4670092243479781,0.4485303554410846,1.4143306692771158,0.02929979937985581,0.03166243977719499,1.4652017889639093,0.4622095312075318,1.4122631758999609,0.6924337324262605,1.259311936211412,0.15562723989111077,1.1021855588764597,0.1667320552515699,0.03034152345346353,0.22288811272903641,0.10712361444143773,0.6728090727882305,0.06961245063711073,0.06666209917788947,0.06923811885645417,0.6322942333984376,0.0,0.0
0.0,276.43061905484325,299.37539703065636,101660.73496042797,9.284955618037479,180,1.3992815810308576,0.6066776333115566,0.08593220133415581,0.03338504674740285,0.31050923135794023,0.0,0.0,1.0507621090240735,0.15533591904458635,0.8419391820119532,0.3622829436380853,0.08634799450677955,0.03390008820708685,0.08048256333917238,1.8839272782532785,0.033375898186269654,0.9403474250195905,0.1555494040866871,0.7990481735085128,0.3644008495068296,0.5126239150565179,0.473975147879625,1.4764253807222572,0.03136873301372381,0.03069654720651465,1.463781927861607,0.48263798593089474,1.3275175149018372,0.6107876120089354,1.2359182884378654,0.15534697580655465,1.1025914767628897,0.1614024260863215,0.03091068442856636,0.2524222782580205,0.1076554457722903,0.6023469747232121,0.06815249875211138,0.06674376550505842,0.06391004235321175,0.6190736064786477,0.0,0.0
0.0,269.4439344159931,291.83975758513157,101872.84653778693,7.220860371579721,180,1.3421756207231825,0.6123995668554328,0.08274872111566742,0.03179918368460693,0.2899939132900995,0.0,0.0,1.0379040823319012,0.15541408756640895,0.8377072436987958,0.38992550313185786,0.08942530008896543,0.03153561042329551,0.0871959851903826,2.23843694967287,0.03166615325828863,1.0335906447344516,0.1554004667937057,0.7975610526801047,0.3638859251516963,0.44441516211156606,0.4859656256393376,1.3057184961338069,0.03312239996595157,0.03167616585959337,1.5533932034200462,0.4979953803820308,1.3650501891606286,0.6106242848528036,1.4035198578492185,0.15568610531491117,1.1055219170002073,0.16690632410179299,0.033292399240726245,0.2573601641432053,0.11342412527929174,0.6690036436569996,0.06802540505886773,0.06613368476820954,0.06623491266727521,0.6033063145505155,0.0,0.0
0.0,183.63349181494766,294.7231189590214,101446.65658256748,5.1180492523227255,180,1.3397128356021681,0.6072369789485199,0.09142165637752193,0.03281411890756148,0.3048338338150408,0.0,0.0,1.0465197044695032,0.15559376866506988,0.8379982508728799,0.3526391660764086,0.09045045700097715,0.03351234541669326,0.08998261983434655,2.0280268863101334,0.03229847573538725,0.9894947936321375,0.1557883491850517,0.7957032790290003,0.33949338280684743,0.5042926593292166,0.49666979771016356,1.410292418585427,0.03214450072808567,0.03217971422652935,1.448095532278797,0.46251313426295393,1.317369540424217,0.6327489881718862,1.2839008650912838,0.15540115680620237,1.1040642267457406,0.17066176527227916,0.02901692655472337,0.24181860340232894,0.1064549893502259,0.6418847448398197,0.06776988585130597,0.06711771046035808,0.07246066133726296,0.6097017317905467,0.0,0.0
0.0,131.76128959182955,300.53309203182215,101210.66407975511,5.575208145587251,180,1.3359947352849142,0.6109133604831369,0.08267254378529888,0.03162406601572348,0.2983359184311255,0.0,0.0,0.9865439769800161,0.15555659438515035,0.8368884798793688,0.3349938345693463,0.09505202104641425,0.029614810052858483,0.09556041082541228,1.6931228430667962,0.03143113581473885,0.9682314279089731,0.15577418708206814,0.7995802420515256,0.3933333288330781,0.46157813541629095,0.4640549692476591,1.45109361575491,0.032783840745506145,0.03337831865034232,1.6218057802510897,0.4544717298696563,1.3544902561583232,0.6146224615884227,1.4063755787507057,0.155692648818437,1.102610734116916,0.18601259589125066,0.03413779702695494,0.19199313343335467,0.11401538367367246,0.703982446159328,0.07695016831199392,0.0724124618041735,0.06563719358477121,0.6431647553127711,0.0,0.0
0.0,152.29041594730126,293.9949038819146,101321.68033212531,8.717684098580328,180,1.4107076794143902,0.6086245085690493,0.09001909128863281,0.029302756826920715,0.3083077527522417,0.0,0.0,1.040648570666983,0.15536842763485348,0.8390760757989808,0.3542617258551197,0.09016460866125231,0.03525286823635706,0.08493335353859854,2.5577207753723217,0.029951511979961473,1.050256846115285,0.15550626763205808,0.7996673122774806,0.3994374116286069,0.46038310009394345,0.4812060812240011,1.1111266102226995,0.027684450287156662,0.03327512196930352,1.6498320206901176,0.4444025589987447,1.271916984753805,0.6032336895388671,1.4772614129976376,0.15531126862441363,1.1077741200918636,0.15393556562158606,0.03374445490519683,0.2418549526009751,0.1120095248017262,0.6075457120615788,0.07301859072772954,0.06599941094039691,0.06594483262247948,0.5935604078701805,0.0,0.0
0.0,165.55089401105948,294.7923510692416,100789.31522607515,6.828552349587488,180,1.2640791127873192,0.616963937385719,0.08728624515076062,0.03165784803466534,0.31274867608531953,0.0,0.0,1.0097980811190936,0.15547820511075594,0.8391586563409651,0.36254889020138603,0.08689304354683607,0.0314011553493804,0.09306744822913031,2.661237231056272,0.031035729663542497,0.9403909574836491,0.15540784940407298,0.8008817232570464,0.3572227611550245,0.4633167591232882,0.4683239625953805,1.0626565138142383,0.02851043565369734,0.03329127392088648,1.6082093231611827,0.44668009955872284,1.4441045817642444,0.5852893146103618,1.3586234587330883,0.15486878892739128,1.1046495829833534,0.17687863682938296,0.030912631003696553,0.2142363632414803,0.1053811173567862,0.5953101033676198,0.06615131201141498,0.06876011732723793,0.06415841843540078,0.5918340015621444,0.0,0.0
0.0,39.66011939848065,287.902624700759,101059.12298040061,8.448331027742187,180,1.3664783791098842,0.6145766110599793,0.09159412153930073,0.032565790473438994,0.3096323033685674,0.0,0.0,0.959208344766585,0.15551878594167326,0.8393578940705694,0.42412634248415737,0.09142534319316176,0.030739396294167713,0.08865622999233161,2.351750665131056,0.03330096626458488,0.9188778468711502,0.155382924230321,0.7997361391171401,0.33983088366539854,0.463643377091471,0.5001614002272073,1.0621708445350146,0.030055151617825536,0.0280408893087199,1.523304123795439,0.4391241325640624,1.2672398833817413,0.6441331108433024,1.3297429534806153,0.1551871464168317,1.108454069351825,0.16661643862067083,0.029838487224114044,0.2338917212893879,0.10775824782604153,0.6236316614999178,0.06659552016205386,0.06593823811573485,0.06619811497082718,0.6266763640447196,0.0,0.0
0.0,58.68032956699355,294.5165940681667,101452.34438083104,5.333098987815818,180,1.2866885654700615,0.608943209061368,0.08918551053430689,0.030002371554714233,0.290849032746404,0.0,0.0,0.9981852497904018,0.1558856345017176,0.8392814875873917,0.3698036468828203,0.08683947528937233,0.027387033758658162,0.08334229375111483,2.6484031226035474,0.03590560871877193,0.9768649138617599,0.1554026966891032,0.7992915900504551,0.40333102783010044,0.48576988726751297,0.42154742639156195,1.6258769977487952,0.03188412292511347,0.029798878329245333,1.570128186037107,0.44560874567784003,1.2633673848365485,0.624788006158195,1.238914186497485,0.15595283081498562,1.105474895453544,0.16324543716562154,0.030989158610609965,0.23849185286364177,0.11720711849259684,0.6103288767691486,0.07405659324525792,0.0660451122595741,0.06387091782958901,0.6880597609044162,0.0,0.0
0.0,269.3996590337334,287.57209797271514,101954.8982137884,9.825194058036711,180,1.4501637286486524,0.610674122667576,0.08981627122572995,0.029138296495323082,0.3177687690879506,0.0,0.0,1.0168925907124675,0.15536701203149633,0.8377431566094374,0.3609040766558203,0.08474563487234947,0.032113193914261116,0.08397181402610902,2.2224989155527446,0.030628607034489472,1.031523682424451,0.15581661762825108,0.7994268646515669,0.3325186804498027,0.4709805480296401,0.4807031930058771,1.392109246759618,0.031190336906060892,0.03262135252179338,1.527012814201614,0.46656173724747874,1.5469996886874633,0.5870980325247472,1.3242915575556506,0.15568107325881492,1.105389864632179,0.17908628916700364,0.033091642174054074,0.23434693098067005,0.11288293135397665,0.5662812060029948,0.06713130883134776,0.07318193817870591,0.06429013982632782,0.6228898345817137,0.0,0.0
0.0,196.22731017855838,291.0987562638066,101972.00012357857,7.318267797020572,180,1.3875548107377116,0.6102717229056838,0.0920385200825673,0.031358579860796175,0.30895671347458564,0.0,0.0,1.058027181845234,0.15548000958590397,0.8359007540518606,0.3735343254241817,0.08883836328725461,0.03049805510183961,0.09590673409565974,2.181785872001155,0.030873159258600208,1.00892857031328,0.15560791874000637,0.8013276524926722,0.36476652589489605,0.42436511906751423,0.45043782077974376,1.4058570313846839,0.032349002196827965,0.03479407700599855,1.529865360285007,0.49876711277106767,1.3894666345185565,0.6631964124533933,1.4054218223584785,0.15543791453390718,1.1057375726024734,0.1792902584248239,0.030517641065203223,0.246021784634175,0.10972617220251914,0.6693099394041427,0.07234312782188775,0.06672309746252175,0.06902129378748875,0.6536619171062303,0.0,0.0
0.0,169.24589741325926,286.1026172245442,101423.49162622677,6.167586102717301,180,1.323880269382927,0.6131536882545832,0.08489349285882128,0.03114566744425062,0.3144930473513634,0.0,0.0,1.0051717145517651,0.1558402939729305,0.8396890690836392,0.361362671316071,0.08612246662513394,0.030711195239760535,0.09392958660180653,2.346864112048396,0.032968512376748096,0.9430016093250173,0.15514415300164183,0.800262081743837,0.3422309924230393,0.48647020622335685,0.4772154202119763,1.2226242635911073,0.030803261920874327,0.03136308000292902,1.494460856030567,0.5007768229604972,1.3204589583373125,0.6042453572207107,1.4285526334096055,0.15520521828093897,1.1021049748041765,0.17989903728833745,0.02775685293067853,0.23238148213857554,0.11210154248687214,0.5851367540774822,0.06569387928386014,0.07016343154835582,0.06693977646851042,0.6399701875896835,0.0,0.0
0.0,28.57610717653828,286.0212384440824,101164.2923081604,5.791237102121288,180,1.3268501510150374,0.6143296281300921,0.08282270314659082,0.029589770488080078,0.31604132270894797,0.0,0.0,0.9270979245163536,0.15552964490294766,0.8384480078017956,0.34636475322887184,0.09485775751028457,0.03145814632689416,0.08349347092120696,2.399080819179371,0.03062474456740036,1.012436515521754,0.15556210267074,0.7984780576097438,0.36332004277708235,0.5062015031843886,0.4530674514245753,1.413167522933383,0.028554500181038202,0.030760342993801686,1.3942370410008906,0.4290129883884239,1.3155637444508637,0.5895296391502833,1.2480339274010168,0.15549798212576044,1.1064227261537947,0.17276537680608223,0.030977278475314396,0.22600861380922221,0.10076940919188998,0.6022175590351997,0.06966815705269198,0.0648729273126124,0.0655810234911105,0.6198506514834331,0.0,0.0
0.0,161.56004724102684,292.1282449284909,101705.7536669671,7.476244948996449,180,1.3201601646071184,0.6043894553078739,0.09300366966687917,0.0319021777737545,0.2917371953303534,0.0,0.0,1.0868072460253895,0.15548937884572164,0.8418645953705757,0.3645082246227491,0.10078517139161429,0.03209586747773132,0.0924869174021391,2.485706948593113,0.02908759373168472,1.0467372698439872,0.1555962876199945,0.8059631615595061,0.38690283717498974,0.5108550447891702,0.45560106280094875,1.3193297184749784,0.03066893615706103,0.03056851343655548,1.6715198557451352,0.45597329362229905,1.5383313134192709,0.6657902770283565,1.3565231098087644,0.15574769955498194,1.1056033663452676,0.1773864833024597,0.033752018590700636,0.2445005350957322,0.106859466191474,0.6534510316121971,0.06562350995288208,0.06571658356930049,0.0665188207985664,0.5954139958094334,0.0,0.0
0.0,44.5884352124184,286.89815114693937,101130.28327590339,9.928222609946667,180,1.2391186769279692,0.6078824848182525,0.0902427368267428,0.034161026790601956,0.32284422681139385,0.0,0.0,1.019577261054642,0.15545910974154742,0.8365096479592993,0.376206229196076,0.09601619919406973,0.02936585853532543,0.09557920170027087,2.3588276822869503,0.03162692669461805,1.003085696374016,0.1559319575278635,0.797321995418735,0.36505263851444325,0.4695777942299991,0.4460426251333895,1.5840377551781282,0.033635607113396346,0.03281958986769884,1.5168587926037331,0.42407567066334867,1.3791845925819128,0.6310297600856525,1.5084892522163642,0.1556610009476757,1.103198704608357,0.1738383881873822,0.03242184579975658,0.24309859650577123,0.1142599558201672,0.6013733834409896,0.06859328994847419,0.06919733325041826,0.06823736003026146,0.6497651574060674,0.0,0.0
0.0,210.62277837490615,298.53803167932415,101633.73697788821,8.629919261481696,180,1.3803502660523155,0.6101504671778583,0.08799490688941675,0.030681740818882124,0.30224729600339306,0.0,0.0,1.0421454981731015,0.15523950800750674,0.834367612432239,0.37597312781005676,0.07902098988333023,0.03354849731638451,0.0955995308797001,2.207862657782518,0.03175275707935602,0.9822879835705701,0.15518131836016663,0.7965704102024372,0.3492954204656517,0.5108375046118104,0.45377860400724995,1.4042949262187912,0.03004160619297635,0.032306029653915394,1.426783550008488,0.42860812558010525,1.3213074591339302,0.6042344919634122,1.3388643407953311,0.15548159988751717,1.1085140897362613,0.18685308807015405,0.034701691123674584,0.2238206339618556,0.10520977463011913,0.6164105429882096,0.06773937472340692,0.07439506932330958,0.0672464998291336,0.699585204506032,0.0,0.0
0.0,121.08194622186261,296.40124983500607,100706.72067076484,6.626638516509554,180,1.3432873764372482,0.6079887809347772,0.0862398221133751,0.03135614644035922,0.31734656644772263,0.0,0.0,1.0105297191903018,0.15542882190657364,0.8327069936747814,0.3813630780557118,0.09166083479438314,0.03236497079547708,0.09035038915134459,2.3214519556304896,0.031967721238865016,1.0506662959862871,0.1558534110294244,0.8027180456168402,0.37285246828791596,0.4968341862610324,0.4660896994421461,1.4897743489502666,0.03390078989976992,0.031255410826934366,1.583209069629571,0.462762146778543,1.4115854750906116,0.6069813389063933,1.325196531200838,0.15515871364789263,1.1049347786364392,0.1749317126014536,0.03309594563076584,0.23750432115332357,0.10570385694805673,0.6593238068032368,0.06541104676237079,0.0610825506048212,0.0659054679141686,0.6211816664579547,0.0,0.0
0.0,156.7234635921812,290.33544045647454,100935.46552698656,9.178188095360305,180,1.2493897159460423,0.6087869853687062,0.09309093800775578,0.029542718901893632,0.2939060829572611,0.0,0.0,0.9605777174278282,0.15530440169145993,0.8422033084043679,0.3436124262144262,0.08850376590472557,0.03166263197951352,0.0891679252399563,2.519869038614168,0.032873216170838736,0.9737484387434874,0.15531416295863934,0.8048326715215058,0.33793392636675706,0.4841082558172319,0.4659045512889539,1.3498268106714093,0.032810711784579734,0.03143837415509875,1.5463870400940736,0.43289743421369453,1.4052890500464132,0.6352582766683716,1.351596557219977,0.15548190944146945,1.1022921731525455,0.16395359225062361,0.03352869276636581,0.22348705092534166,0.12074272239754272,0.6377221315525925,0.06556805693969898,0.06546418327486708,0.07671670908986723,0.6255985890826089,0.0,0.0
0.0,332.10689376961193,301.44753382199883,101357.93637781403,7.8119583852386345,180,1.2699618969899318,0.6098978982448496,0.08031214676245699,0.029509481451539085,0.3121202934257638,0.0,0.0,1.0999188793161805,0.1555260242079067,0.8411759974151006,0.3523553130344704,0.08893970977538,0.03294364633867255,0.087469637890559,1.7795732953377306,0.032240945926914635,0.8210591680086187,0.15581050905650445,0.7971803774070934,0.34912208831199204,0.48847366649655544,0.4532047244987433,1.3878437480774823,0.03435371881568924,0.03203562005390299,1.6335167712000727,0.44752549871961217,1.4854115876788287,0.6145360057133087,1.311113278592682,0.15535197584644728,1.1036512770703204,0.1794228722467767,0.03061939673886901,0.2368384742687494,0.10055429378578774,0.6009932518217623,0.07176070924780116,0.07259653738125307,0.06596758196361842,0.5907724473800874,0.0,0.0
0.0,269.94919421804184,297.1910696956018,101870.20486971478,9.113681407110505,180,1.3587336202627185,0.6148595084911628,0.09373104380643499,0.031069263552847653,0.31853870605333584,0.0,0.0,1.0427873957769849,0.15555479641812037,0.8391829895024765,0.36344618986721733,0.08656091380743858,0.03134862328068693,0.08767603567745509,2.380508888689122,0.030102750195206078,0.9367183281627082,0.1559471425586713,0.7968774074290201,0.3682037973183612,0.4712308657765865,0.4772097979984212,1.2846408796317974,0.03380011630699999,0.03359518027118079,1.5713108828716638,0.48530513601285513,1.3405836761269034,0.5666419904753128,1.3976899049704192,0.15506725776597047,1.1037025887875467,0.17321991327326272,0.03280737336671765,0.2614249442422206,0.11261238714421234,0.6176989158395688,0.06318089997564806,0.07282080104793275,0.069995825607166,0.6159235684707476,0.0,0.0
0.0,91.45899575945481,299.75533805793214,101356.14224156867,8.240094267459819,180,1.3046155009102098,0.6063684542375976,0.08931972102810035,0.03207540238326156,0.3192353768418682,0.0,0.0,1.0140208698354154,0.15575591071561898,0.8352176022489556,0.39528831913751744,0.0917279641656933,0.03153314654464815,0.08879482192905672,2.216540133792542,0.03151418473841161,1.012701079364529,0.15538457787277016,0.7988106718457466,0.37194157536128686,0.45210636927680004,0.4867657713568783,1.5058126717951654,0.0325158390245161,0.030659082001698534,1.425643329351778,0.4771193503249107,1.4117522991046425,0.6043319091490245,1.3069405390050586,0.1552655971154876,1.1046615809148281,0.1774952538320707,0.03145269939537284,0.23780868265974914,0.1076379253646307,0.6148977809144136,0.06866949010099137,0.06275218806271468,0.07744174684405514,0.6460143272755962,0.0,0.0
0.0,170.0013717834943,286.8218093498381,101498.33658052787,7.943770842869369,180,1.3975319628769143,0.6089509280611354,0.08825292923926438,0.031112779010975037,0.30722804311810087,0.0,0.0,0.9940821129010895,0.15557844204568866,0.8389513127605871,0.32604629251934525,0.09195259054972549,0.02970960559002811,0.08050937931313198,2.4546972041136645,0.029793811132108293,0.9267778972682984,0.1555847994071382,0.8044559990412994,0.3688994258815174,0.5027186376778336,0.4452247581996047,1.5168347394100048,0.03119918173597288,0.03299529250317668,1.460227857838619,0.462531311098175,1.2827125444858936,0.6137469334104021,1.3193597961177073,0.154824358788184,1.105999592969697,0.16324810182698996,0.03164060542898874,0.2184197220849008,0.10656869859756131,0.6442065166709154,0.07191996483088424,0.06624338673704246,0.06195553425247236,0.6018127284091211,0.0,0.0
0.0,167.59812365053338,290.0719583507569,101469.80629213317,7.122691972846754,180,1.3186751670988457,0.6084619673281326,0.08610974719457003,0.0313761708587135,0.3217989717562499,0.0,0.0,1.027856170620671,0.15534626406854515,0.8425965402584403,0.3750447981751847,0.08689756843929468,0.031787913029218504,0.0831035797117364,1.596773252612905,0.03184275189647619,1.0021165688982172,0.15550243353485352,0.8013672135373886,0.38239976314343876,0.478261181435397,0.4535313374623663,1.3705028233410874,0.0291666555934082,0.03283742411980723,1.5757311831657033,0.476814300087614,1.3340277387247,0.616355657394606,1.3416146564248599,0.15525677610741412,1.1090122344926518,0.17708499649951856,0.03192817037722461,0.26360013616730676,0.10958329399556992,0.6076465506176566,0.06336344886125851,0.0682433312661821,0.06567012370139337,0.6275889112339187,0.0,0.0
0.0,101.56683502888899,292.15154313771706,100889.7203166772,6.83660427180787,180,1.418165162207139,0.6096814165592668,0.0926174372461714,0.03185768042879627,0.3162754957895107,0.0,0.0,0.9876365678235218,0.15509657479243028,0.8403096063572891,0.3669437376623395,0.0876582164026322,0.029308209098511503,0.09096335135249611,2.468991952416399,0.031401460792316684,0.894812608992726,0.15566850884536085,0.7990526767961935,0.38103875894437256,0.4833241300567323,0.47020063931693895,1.251606259722228,0.030843424699838067,0.03047789162006838,1.4267889739609776,0.4180065124041974,1.3830574617352496,0.5982369293389549,1.3433629146401074,0.15569890092632924,1.1003305917280675,0.18807225284590123,0.033102925430159684,0.23332537209634183,0.10355714115098591,0.6145183311325342,0.06536664627890185,0.07289178690468189,0.06811678881487736,0.6293799088315243,0.0,0.0
0.0,281.6386775516405,285.7837082972578,101130.71442420055,7.767377177327513,180,1.322250923015776,0.6095945050308901,0.0880080439471329,0.03223202543552984,0.3100151419359212,0.0,0.0,1.0592515154391535,0.1552345995174258,0.837447739082006,0.37345314700312077,0.09077557973475316,0.03231861685543774,0.09546777774964373,2.3523894916235397,0.03079052704690404,0.8898210686716213,0.1549284346348422,0.8063823392372617,0.3725181011252129,0.46773227312372173,0.4939614278894103,1.354523547416318,0.03259075158196668,0.033889940938929684,1.4434114126477342,0.4972333440339933,1.424583560921453,0.6128549545220362,1.3738182031530568,0.15581548467223894,1.1067140109879288,0.1761031600031213,0.035387284721142116,0.22904542908990108,0.10966356974040686,0.5566574978991774,0.06648956340206985,0.06890170158727345,0.06892976934827744,0.6480816725281442,0.0,0.0
0.0,71.23240046029859,286.455297530395,101389.99616952085,6.250739199357586,180,1.3758848320359138,0.6065690809282511,0.09046280009374856,0.032904930891043786,0.33010679755622996,0.0,0.0,0.981403833613214,0.1551139767233221,0.838610309140324,0.3716637727917837,0.09786333101190088,0.031639364044889484,0.09059534787001193,2.340270288599261,0.03043509982991363,0.9565354354441444,0.15513610182649465,0.7976608133413635,0.3783297685059885,0.48151223967916795,0.4654451104999539,1.2501674593790897,0.03192813634135726,0.03313365536582871,1.580051819708471,0.48112123159630515,1.377672052629285,0.6254322874411474,1.3302122334487263,0.15518572399417824,1.1073940981964905,0.17636420966500413,0.03274876102630147,0.24418856585087015,0.11462150951195406,0.5673830167954959,0.07156178489616616,0.07144436568882745,0.06774902759390834,0.6381289066029725,0.0,0.0
0.0,216.59544747857817,292.12332072993075,100942.82159601068,6.16675917873927,180,1.4182805923561221,0.6088488925063442,0.08948742086067991,0.029202430291949487,0.3265237302960326,0.0,0.0,1.033021634784947,0.15499394711187908,0.8374220670310099,0.3696272006294025,0.08525875161615483,0.031952073166931355,0.08500288413668337,2.249905671920624,0.032983274707484606,0.9956508914249902,0.1559036851596462,0.79944342566572,0.3638757201990062,0.43461479812538056,0.48537332925583004,1.4026255157097265,0.030962422424265078,0.031595617981833704,1.6078331181836076,0.4701429006563647,1.3650982059033197,0.6625717891293699,1.3869409363109046,0.15570351645383268,1.105670958976318,0.1692827900124908,0.032528572600533934,0.21696929046787525,0.11782070426507515,0.5890520631176404,0.06658543202756043,0.07371229995282647,0.07177575738525077,0.6226552665853927,0.0,0.0
0.0,129.4172156216749,300.63501103923267,101767.31838422055,5.025143529204381,180,1.311611440213057,0.6128720304249992,0.09213479486731102,0.029353673198232462,0.28634282249929155,0.0,0.0,1.0530548088275624,0.15550124465194237,0.8413269232633706,0.40044555152127503,0.0891225392820019,0.030807236690161204,0.09357656573329114,2.386847217470059,0.02922112635902103,0.9354398811803463,0.15561691657083654,0.8011785066570124,0.3800616460829295,0.4567338518465766,0.4632011502324682,1.193991831712571,0.03185904295045094,0.033270612175179466,1.5009693197149974,0.4596915934855235,1.3087095575405645,0.5879275817826461,1.4844442691832385,0.15568297953707388,1.1055489774173446,0.18293342552880074,0.028999457408139674,0.2216802993175796,0.12283822561197436,0.6087436861934997,0.06458349848521114,0.0645421123902907,0.069513523057186,0.6959860860490957,0.0,0.0
0.0,232.35938838535895,298.27980642587767,100555.081198437,9.132832675210537,180,1.3913032094906281,0.6116064282858518,0.09755842453456762,0.033052181692113096,0.320634730074441,0.0,0.0,0.9706398864691572,0.15554096038917947,0.8393273211504816,0.34560342261239146,0.09145187704106306,0.03177420222764583,0.08838969864036086,1.9784047345184648,0.03248416573320762,0.9328197558629692,0.15522173189271718,0.7993153258635158,0.3435306573231382,0.4400368128120531,0.47729660143079755,1.5837021863280736,0.0338811250027441,0.031066287248327773,1.4505849100724493,0.4559073884482284,1.3064018709640102,0.6515655468758978,1.192299491069088,0.1552597930986971,1.1062613711348732,0.17201799367472334,0.028572294711466883,0.23647024510174947,0.11761800587775405,0.5942333440459169,0.06032048353747354,0.0678889926148644,0.06571016510966413,0.6819901607470622,0.0,0.0
0.0,160.28576156550778,292.13952281779103,101566.87683770788,8.472779300242243,180,1.340646885586587,0.6065295332619881,0.08206903121161613,0.03413796593618355,0.3173612745690614,0.0,0.0,1.060656124406134,0.15564678949911068,0.8385189876009005,0.3933242503708773,0.08262831190976618,0.034226950173266234,0.09783409606280394,2.1596916472438212,0.029309425000503445,0.9896425941185936,0.15565369418754274,0.8034288321368721,0.351338906308493,0.4384154933206043,0.3941681812267746,1.3470448865528002,0.029917150189072924,0.028930597973888344,1.5516906003354969,0.43955852211622237,1.4230832802695634,0.6806733339280049,1.3137497373984004,0.15539626283984287,1.1055177691391584,0.1880392791454751,0.031491483148919266,0.22427707711950845,0.10133081514295449,0.6573870677475356,0.07077651806434157,0.07084313941672797,0.06540669604274797,0.6780247480322409,0.0,0.0
0.0,137.4635602224263,300.2026887855649,101172.41346121652,9.265006825265674,180,1.287203878267893,0.6068514344794103,0.08301948135689759,0.03203876531768104,0.2933638787379218,0.0,0.0,0.9741745058780316,0.15556969480967034,0.8321602685881345,0.36050243154642164,0.09955676819800857,0.03285591142331855,0.08384693010736421,2.336502144582761,0.031225785273936577,1.0348826876162691,0.1549057107659609,0.8036020738335526,0.3590556122197591,0.46223563115914945,0.44714354487135444,1.2387279269824116,0.0352489451242095,0.02998702291734073,1.4484387367003404,0.44382746351278907,1.4048072376288612,0.5930159853328525,1.3513703757163207,0.1555589157848399,1.1072848991151512,0.18437761285314186,0.031224158829473315,0.22662033832388723,0.09603945209466144,0.6477736535443769,0.06983286435109001,0.07074279568857757,0.06531609531278469,0.6382142811022584,0.0,0.0
0.0,208.3626000692953,298.8277636913677,101434.74698087596,8.52622301885317,180,1.4133707901326642,0.6097096796303375,0.0900250410061791,0.030806158668444404,0.3018619849707861,0.0,0.0,0.9979903859602424,0.15562855548613153,0.8370964412659371,0.3905599470192384,0.09671475438936235,0.03583329617253136,0.09064916810333304,1.8434226163203515,0.033137042387640044,0.921194214783573,0.15533444460152926,0.8026730016835568,0.36632543950209573,0.4577626708117551,0.44307223577418875,1.395432897928227,0.031992240901553726,0.032932403703347525,1.5841096743925367,0.47604239491243167,1.3483788125748677,0.6862555359122684,1.271408353911557,0.15567737037587384,1.1052789841850699,0.19120719667858707,0.032061763813885896,0.2313635010895809,0.11194223330852142,0.6371079373209436,0.06679549014219002,0.06879897971510167,0.06749839718642167,0.5932663721616646,0.0,0.0
0.0,347.8303073169064,292.3581638993356,101430.91328584937,8.086911790745154,180,1.2768558884278143,0.6106126194282979,0.08957399624247016,0.030096040846931134,0.337500763886918,0.0,0.0,1.1794270336445496,0.15545523807157074,0.8408655524640517,0.35272370529505415,0.08937564427879953,0.033457805302285065,0.08869035030062644,2.124053335930001,0.03176326971662686,0.9761824919267346,0.15543223727815852,0.7969667919350535,0.3481441543849903,0.4653825651357818,0.4759499717786733,1.6133042938480613,0.029963059018192725,0.03208420296301256,1.4951806278924458,0.43258216700130103,1.272858841478449,0.6577162710878168,1.319998869219731,0.15564256985443492,1.1015715597476015,0.1692463954194812,0.03228804488149166,0.24191726807835998,0.11462217121807787,0.6619105988406934,0.06745620093510069,0.06744687649001421,0.06457007340239306,0.6325391616931497,0.0,0.0
0.0,336.30288227595986,297.23354958703464,102021.65681891829,6.966173221821051,180,1.3457159128562133,0.6107982147514084,0.09087113382429755,0.030677431822712074,0.29360244533878377,0.0,0.0,1.0910985155424937,0.15559158975563514,0.8390846577482957,0.35432539777523664,0.09295129642222115,0.03281474797945289,0.09591840972700949,2.2218966052768536,0.032453942117255864,0.9703398729065625,0.15503319212296943,0.8044964789989589,0.3536917003915026,0.46124867845338563,0.42858420894339966,1.695509555487993,0.031756090957786434,0.030889183925747417,1.5955828959717056,0.45519041179841013,1.3556050389843708,0.6320409652386145,1.2973307983314297,0.1553981107854664,1.1039436919538748,0.18959376089805646,0.03111221385656518,0.2334651618520681,0.11287574665656412,0.6283755037555165,0.06922128657075759,0.06984772660851865,0.06636632677263771,0.7166961523637986,0.0,0.0
0.0,334.20681522273014,286.6138353180083,100569.62528985435,7.374153239990314,180,1.380638536971598,0.6103869420525279,0.08717657140554837,0.03143333378839165,0.312114778861465,0.0,0.0,1.103544537061725,0.15522639161273938,0.8407271874392067,0.3691197345986302,0.08921153716404297,0.03200361043475899,0.09766584717219033,2.1035045240460626,0.03206532069455417,1.0198096155677219,0.15531569292266628,0.8026718144168168,0.3632900171296467,0.463923015513251,0.4976745991413521,1.65255261349266,0.030820916306898996,0.03044156305879469,1.5074941633180021,0.4626370029331468,1.3976022442377254,0.6817553470172086,1.5130206789881138,0.15494680284568008,1.1076853888976093,0.16993738685356297,0.03146873629294532,0.25088964037466277,0.10578211863838569,0.6356544979580586,0.06961160518620188,0.05697369583198452,0.06971417361983305,0.6588566113366093,0.0,0.0
0.0,41.7943104312389,286.65150111625593,101732.95325963879,8.809391737965308,180,1.326288143435266,0.6078588786143045,0.08556614704266459,0.02980272667258041,0.3170077761672635,0.0,0.0,0.9597376804365364,0.15552645993664313,0.8371464034924778,0.40172637114450477,0.09273971722117268,0.028922364274885776,0.08620282474340434,2.4812875740892735,0.03158176238557801,0.8851406622408221,0.15587939776559703,0.7989305434382699,0.3648491266363874,0.440449249401689,0.4809246373941433,1.1839978639600737,0.032581417373030844,0.03138162676783118,1.6022948184884307,0.48043950192737744,1.2782772265153264,0.5371764587926801,1.4099252501707646,0.1558510192287298,1.1044215771446195,0.16703058015181865,0.031628638554250965,0.2425661664081007,0.11362477551767537,0.61369909439571,0.06321358247003019,0.06805034733108381,0.06817024915495738,0.6470213422797614,0.0,0.0
0.0,272.3217494524874,300.28977036399436,101187.14497305358,7.647715100821242,180,1.2731331229921299,0.6098047902051886,0.08582518676995632,0.031937542069309856,0.2814646284168411,0.0,0.0,1.0526002215247923,0.15545530720062128,0.8388222259862124,0.3957974008125899,0.09319023933805487,0.032133526717670745,0.09324318652774781,2.4091458093783866,0.031171442606916126,0.9617345366638449,0.15521924379353116,0.7989204150828075,0.35820801108163514,0.49524361747756807,0.5411264419061628,1.4136482143169327,0.03383266825877035,0.031181423519816356,1.5572543072059923,0.48467942296997035,1.375255033543974,0.6196847542721811,1.4021365377988855,0.15506169506739187,1.1072750951623065,0.1707151845064013,0.029138645007596164,0.2591641086754189,0.10517458055781037,0.5680406299662649,0.0666728249509462,0.06385444609808459,0.06694337541152534,0.6148175083608821,0.0,0.0
0.0,181.18874043750097,284.1078876253788,101719.95683075227,8.370679695248397,180,1.3367555667926834,0.6065880479175447,0.0860236868649973,0.03199676270861089,0.2972896915695694,0.0,0.0,0.9585724774266255,0.15536945752195136,0.8417587641244698,0.380026716512377,0.09217456834548493,0.030685989297519988,0.09810775339499828,2.2725333458014556,0.03227378607279933,0.9405799700770492,0.1557111528262931,0.8016238468373155,0.35756812103522223,0.4417505903406136,0.4397007386927586,1.2045054533036588,0.03299658650203027,0.03221247343964846,1.6156681542462596,0.4645404182810199,1.2863699759432448,0.62462143007952,1.2948995673010066,0.1556764135832989,1.105818355181224,0.17997744584341105,0.03153642998127733,0.23986229030511277,0.10511574242032089,0.6066378770244513,0.06745107269031639,0.06937186058263849,0.06322305815927189,0.621023621403858,0.0,0.0
0.0,171.93557639180005,295.568123840877,102197.18713772354,7.2215039376806,180,1.491685625863564,0.608164821794469,0.08969246522933655,0.0333291098869649,0.32038834473851435,0.0,0.0,1.041714688642937,0.1553666775766366,0.8364278010099895,0.3638798472379268,0.0911204044673345,0.030391011999305134,0.09327837947077601,2.241505875238227,0.034872380909926344,1.0192278736115719,0.1555635572424213,0.8029139724532822,0.36947776517509445,0.4831207036612327,0.4851205849350673,1.1948776364274434,0.030954312405446653,0.031090324369371043,1.668383465582826,0.4450840716636803,1.3203478060512333,0.6289996871846082,1.4512853314064726,0.15563569009500705,1.1040259856180827,0.188499966062532,0.03402565522539317,0.2429511776669203,0.10991081541360277,0.622069858840261,0.06618541563083552,0.06416664608424064,0.06171466594493806,0.6032259371439055,0.0,0.0
0.0,62.02998912490611,295.72584050116103,102334.43385639986,6.83298171123439,180,1.3623346232471267,0.609783693116393,0.08265595513162641,0.0294905402243683,0.3153160153365523,0.0,0.0,1.029682542051327,0.1556226510075007,0.8399842668444121,0.3809103732300048,0.09628275605496407,0.03144753842088763,0.08909376508748726,2.1955706123947336,0.03471665921490598,0.9720218025835875,0.15583280823787574,0.7998248286515327,0.36954219047842074,0.46510350007134243,0.46840078191332923,1.5101050000434246,0.030028124009211045,0.031425794202986565,1.427966380180579,0.4660160341036428,1.3260746338862943,0.6460812622824585,1.287937105518935,0.155142938730792,1.1023181925584662,0.16625414462125618,0.03232166847716264,0.22907928760239743,0.10555039728951013,0.6781438498192321,0.06486001938319681,0.0681944761557077,0.06538104328069495,0.6209261235734844,0.0,0.0
0.0,229.81663160042618,294.96784276342925,101683.50225400113,5.309924107030276,180,1.4386358506990815,0.6126361234171688,0.08954396378056603,0.03386988825520267,0.31666946672603186,0.0,0.0,1.011573285087285,0.15583668427167607,0.8392640704400238,0.3708931023850101,0.08913653446231362,0.032273753136755456,0.08576723587248207,2.3232605147724525,0.03186266836412145,1.0236419860258406,0.15552580886794343,0.7992013089092771,0.3826345708789994,0.4597849425858008,0.4556260315431992,1.307982065884631,0.029666965777181097,0.03278833512497387,1.5542771746749018,0.45272574358528334,1.3727162834849884,0.6590548513210231,1.3270120419546834,0.1552327540331784,1.1061343249023081,0.1837583548606073,0.03061986065728856,0.24447713653556025,0.0998721205556247,0.6389160269388181,0.07250262708463287,0.06686093907940825,0.0730502890920435,0.6471832046459076,0.0,0.0
0.0,37.76317035244886,294.77695696261594,100904.51291175932,6.22111058140788,180,1.2739448729855432,0.6089125571508789,0.08924984927882547,0.03153237197764428,0.2910971796263225,0.0,0.0,0.9422348854579612,0.1554931978994608,0.8417146056897045,0.38088950153025863,0.0879356635119814,0.03004289063517293,0.09166858652707642,2.13642724552481,0.030983786413197358,1.0487786033450854,0.1552574227487103,0.8002217673010744,0.36233873462180705,0.48252435011352035,0.4650158956435474,1.5290202746432082,0.030799644714301373,0.03289084031111598,1.5946959831911256,0.5140397050242609,1.3069909460894211,0.6695710557611327,1.3336516383133474,0.1553280167627442,1.108336573800692,0.16683785914930543,0.03193364086601944,0.24832114241333658,0.10229603994396046,0.6348366062814894,0.0687306031351269,0.06893520124869083,0.06939568308615215,0.5931283508344501,0.0,0.0
0.0,229.76844729657572,286.32986857481063,101555.13474878937,6.387127788905744,180,1.3094384845034552,0.6108309958480747,0.08936438842793448,0.03244336873642558,0.293109311293265,0.0,0.0,0.9746596024153007,0.15539853417731864,0.8419292832800477,0.3528878795720341,0.08897601031723779,0.03236669503102789,0.08881255275218852,2.0531914857603004,0.03194340780001502,1.0244369453570001,0.15534993082226378,0.8017394709554163,0.3266108851957278,0.47412660209308083,0.44538103680391733,1.3353137582741699,0.03054705386106538,0.030618067575121023,1.5935963527022339,0.4455398560458813,1.3633043165002316,0.6099173076784252,1.437021907747465,0.1554636367863695,1.107295006788236,0.19204431170034433,0.03378769774354476,0.23007152882257262,0.10249323631490409,0.6010915520133023,0.065891448494212,0.06674441224166174,0.06174456170324996,0.6046250942839247,0.0,0.0
0.0,113.4191739602615,285.83519968143645,100647.68729602567,5.20664508779841,180,1.459423894835447,0.6076718314909302,0.08944185890282866,0.03281973394500852,0.3107840594896888,0.0,0.0,1.048728139003757,0.1554139403571101,0.83828216637669,0.3694373153778689,0.09283579272608751,0.030303547496748243,0.08790985528821144,1.989887195466693,0.03613269130490749,1.0276709007028233,0.1554797142415845,0.7944144802651157,0.351467721017608,0.445048798250244,0.4640590563534353,1.277018793341231,0.03284069813388327,0.034171149487846046,1.5303532473882513,0.47553489542065186,1.392879886475251,0.6173525194407372,1.2843353072363346,0.15583029113952376,1.1041796157853139,0.18081853575212148,0.031341912180440315,0.238518820196872,0.11465016640211351,0.551754649824177,0.06993793576373625,0.07211449800980374,0.0649239032950599,0.6236015942122534,0.0,0.0
0.0,92.27142644945296,294.0732499377429,102457.83361962427,6.967846354971499,180,1.4657464234868125,0.6127132101215428,0.09320541731404124,0.03163561038058056,0.3223195296615725,0.0,0.0,0.9935492789594036,0.1548450323631406,0.8409303494384482,0.3339332770747362,0.08567028403585261,0.030462720004252816,0.08698604547853353,1.7997475697770493,0.02965642671246751,0.8855809870364717,0.15545112561768373,0.8041867415297601,0.34850028666192817,0.4820110307273682,0.49060754466855605,1.3274001583733677,0.029774272214079182,0.03084232004362308,1.3979397399824431,0.47780329342661315,1.3039323064609574,0.6626477748200538,1.3506627931151247,0.15537363809479313,1.1014750829232727,0.189557198108439,0.03252935129945431,0.24122220001990505,0.10398843664413676,0.7221261398157244,0.06875318696161593,0.06798814078707806,0.06689773777915084,0.6347250613778217,0.0,0.0
0.0,141.47092497020458,287.0950119171587,101000.44022542483,8.630225335954039,180,1.481026707842935,0.6101387753668236,0.0932659861142528,0.03236784097659938,0.31466898703946444,0.0,0.0,1.1082575117191398,0.15537178007903177,0.8361116905419084,0.39945360082832965,0.095699015268822,0.029966644014446275,0.09142390981546199,2.208153811050185,0.031194827840273824,0.9893172360494663,0.15539430174259378,0.8029060954119361,0.398241884842694,0.4393278373745203,0.47458715139196544,1.3022121292154838,0.03264994667318081,0.032698592560333216,1.4110732621310498,0.4492942984640525,1.4825258250835185,0.6303329368374201,1.443197520926027,0.1557839378411187,1.1055750503956887,0.19006502060182995,0.033620101651668566,0.23936980506915137,0.09735478527296904,0.6302543077021758,0.06431966103313339,0.06906499236734129,0.06325350184138422,0.5845158730319853,0.0,0.0
0.0,46.581187614550345,284.4575807988169,101126.99253312276,5.14512374229077,180,1.3685942226828327,0.6097140545940377,0.08872624553732507,0.02877130152479408,0.3313794132217488,0.0,0.0,0.9993336941423717,0.15543580783666605,0.8374379222993517,0.3710079518722769,0.08301973464865507,0.03366822596274497,0.09357270450619276,1.9475646903691268,0.031867862578613834,1.0347593188686546,0.15576401246668017,0.8000846785634117,0.3929043923490848,0.42950471499848586,0.4605012174444793,1.2522065613139703,0.03178613469135592,0.028563569615139384,1.5379371729840006,0.49136783158992375,1.4095572677355512,0.6229107826421701,1.3784911601190977,0.15545765093551356,1.1048890724652032,0.17189888916528603,0.0320426891018296,0.25468451673825204,0.10625785668623874,0.6362481894758435,0.06139052603121377,0.07220999889543235,0.06804740770126931,0.6727314170425432,0.0,0.0
0.0,250.056984230449,297.8425337845297,101541.84681404398,7.494716918569378,180,1.4027303605503627,0.6094450158965382,0.0890763354126296,0.030848699471137015,0.32563593297506377,0.0,0.0,1.014774387218207,0.15552320843202094,0.8391389064824903,0.33863885863624,0.09705915186216223,0.03195916261270831,0.08457065514274398,2.505491434641486,0.03371904870410671,0.9526599954222239,0.15579829746236248,0.8031974965824815,0.3851242286274327,0.4384601004426404,0.463664063780885,1.350470627081003,0.032368227733024814,0.03272816432540257,1.6087462627129776,0.4873437454808072,1.4073169779800496,0.621814829821449,1.3649011198966128,0.15571699414454612,1.1037666240345099,0.1725139489102746,0.034014484802040154,0.23947952159328512,0.1135015522464561,0.640885215484858,0.06947669651687927,0.06966648373005639,0.06589438635809795,0.6457566363385019,0.0,0.0
0.0,241.45092256234332,288.56938937873724,101238.4077970739,6.532252028450079,180,1.3484960211699772,0.6083987726050805,0.10005641569534274,0.030537772385626393,0.30502069322784703,0.0,0.0,1.0609676593695179,0.15505435394489514,0.8383584105773274,0.37960126541773875,0.08614644959091446,0.030386282597838016,0.08991131262440322,2.258278375744742,0.03545050021178653,0.9613930533597765,0.15554400868598386,0.7980383045605488,0.33146349862124275,0.4425491384350558,0.4283539827358583,1.5592011710975329,0.030486506505816344,0.031354680691888154,1.5357890335685505,0.4700496942157651,1.3974774721394285,0.6807014436005543,1.323614612638479,0.15551551101804575,1.105967622014062,0.18377440367756792,0.030482978040819272,0.23933265303986237,0.11044538634882779,0.6778369367650077,0.06925997614026742,0.07188213682627519,0.06851742902652454,0.5830114534777211,0.0,0.0
0.0,332.5700242161044,293.80752115006345,100942.14536614799,8.701193768364652,180,1.4143861585582436,0.6090329711956981,0.09787609398241402,0.03036844235650864,0.2971265412812762,0.0,0.0,1.073609509213811,0.15500546791574887,0.8380953646666931,0.35944766159654057,0.08763452100564209,0.03195719784579378,0.08658027021716774,2.0518947326821255,0.031192147386621683,0.9878490334284066,0.1554174433440559,0.7969208352032593,0.363454477009725,0.4757289772228162,0.4701544611823732,1.1815534645238208,0.0318556694313194,0.03280322687186927,1.5574447702265664,0.4815304078611218,1.4192218495152844,0.5593113555917752,1.4187738642024663,0.1554600666022236,1.1024359817731118,0.16048998434423153,0.03330889148077984,0.2300862044049749,0.10984632783605448,0.651993490616636,0.0754715176382329,0.06899486344969395,0.06471573350846717,0.6532088704001553,0.0,0.0
0.0,81.76403360467836,293.03962112484237,101106.09831039676,6.754507619312815,180,1.284675309972207,0.6103374672538691,0.09072355861430334,0.030457737647846383,0.29588788728283716,0.0,0.0,1.008603895477698,0.15499064657490733,0.8358423678070659,0.34568363107632766,0.09116455811045038,0.03369603722852239,0.09565355823279056,2.1793293758038943,0.03159629431917976,0.8917956369737527,0.15509432609488022,0.8018207456178418,0.3739065584953648,0.4621522805507931,0.47445528063272585,1.405526081021826,0.03134997486237042,0.02831546142119953,1.504983700405228,0.46483867598382783,1.3743823802861919,0.6093935941706604,1.2358233986276002,0.15545328532024064,1.10715538604942,0.17117205422174725,0.03112744191283046,0.26209419489353136,0.11055794868424501,0.6160042996464129,0.06600882072637158,0.06491347837515699,0.0654751932219075,0.6521160933444561,0.0,0.0
0.0,349.48469044487274,298.88188942483714,102125.07322240091,5.132657335423607,180,1.35507113444925,0.6086100600701504,0.08516613310358744,0.0346416661238566,0.3009817368144349,0.0,0.0,0.9956094441590184,0.15530742622024565,0.842130809733789,0.37896827553852613,0.09265758921024116,0.029787467389813416,0.08699594425663287,2.504247543249122,0.03344788069716393,1.0104834693645768,0.15533281671519067,0.8010471654832754,0.364901851584207,0.44567837150200623,0.468594208044342,1.107527524287977,0.030354552500816707,0.03475084495279507,1.5420262459669147,0.4448293758659529,1.2676925698445956,0.555535625891302,1.269986933978796,0.15512898778881148,1.1020988741355917,0.18210348852889818,0.033861266300479836,0.24494865693845155,0.10885323674044817,0.6227712388921891,0.07388205999094749,0.0648129318527729,0.06745671866683768,0.6588393101726042,0.0,0.0
0.0,174.95566982408127,296.92453037617315,101223.5493677318,6.31332259498033,180,1.3058549245522928,0.6117651697226761,0.0830689548899949,0.031891415015042564,0.3224517243689029,0.0,0.0,1.015414821851336,0.15547547093328207,0.833695012999515,0.35734592118125375,0.09170574901130975,0.03296949500761297,0.09431020385286201,2.2168303876557722,0.03142639611360802,0.9687370992609374,0.15566936471944992,0.7984501176825215,0.34647310553582417,0.49032538520098073,0.4876904218818654,1.3363354117318387,0.03191281466657844,0.0317041921462251,1.6749308883277887,0.41351752373784145,1.1730895794252687,0.6981114102486907,1.4199262480678898,0.15501565833930514,1.1092194817856773,0.17967332801748476,0.032654941711945204,0.22916839974398115,0.10805779665524172,0.6227546461883411,0.07062425023122341,0.07106081132460211,0.06992718106101224,0.6166826575624916,0.0,0.0
0.0,186.01684149915593,287.9068843300311,100716.11978306931,8.974513276857236,180,1.335572142473377,0.6109085045765802,0.0923905060305375,0.034405096694573714,0.30980333612762545,0.0,0.0,1.1145960827099304,0.1556491203068738,0.8373649544559169,0.36710351711165345,0.0837536739082002,0.03263028251561077,0.09470774643593573,2.3980144637570833,0.03298440987767723,0.9721653308483177,0.15523795441754262,0.804576082387307,0.364479255854984,0.4494691076388936,0.504995594805787,1.3240323025798577,0.030930690256411448,0.03055162186938995,1.638084672871618,0.4475929105586544,1.3815439479617588,0.6665150970781857,1.4413625632631624,0.1557725906638607,1.1042755801036725,0.1626131894089244,0.03152793668905331,0.24114492137028706,0.10367005393371835,0.6510307048647305,0.06409162989720918,0.07476237175385486,0.06800135613555901,0.6199084260823037,0.0,0.0
0.0,52.588839057141676,294.8368519232222,101027.25470179095,8.68564167128739,180,1.364386270468115,0.6085779225205924,0.09537944807842876,0.032373692181370164,0.2953585777819419,0.0,0.0,0.9826605926795456,0.15559548710923476,0.8353140786883684,0.36183154066555306,0.08402503154425275,0.0322181691037972,0.08569630681709536,2.3142407195313504,0.03276207102010138,0.8991152896744528,0.1557001748312349,0.7984217904496967,0.3513852207099332,0.47287702813653354,0.4698741408196331,1.1668622849116344,0.029561998870926535,0.03308830944233337,1.4971997392524972,0.4094492644512322,1.3398375520570198,0.5843917764600303,1.3594947474678307,0.15596190693978607,1.1050233363126558,0.19705831273469823,0.03078014632689621,0.22975505185879766,0.11435431273225223,0.63081447395496,0.06512811379437843,0.06816477280124393,0.06638081604509999,0.6447294853855408,0.0,0.0
0.0,50.53151138398578,291.5962798402485,100271.55871212753,9.765857355379085,180,1.3235283321566418,0.6060366590447837,0.09425243807853709,0.03089581150015868,0.29929250384054396,0.0,0.0,1.0846341726100228,0.15592580868024464,0.8377718067105433,0.3845441682644134,0.0931325314026311,0.033039230893762137,0.08891441368605459,1.9737284954101737,0.031364511064570944,0.953961603416485,0.1551607599599397,0.8005129724661327,0.36017815967649597,0.4753501531973937,0.4758129565738837,1.3834946301360274,0.029963180901696956,0.03281607895944777,1.5469813250592321,0.45968511417894903,1.3412616446986012,0.6250820999808321,1.3225109456057516,0.15602969999722544,1.1045397657070446,0.18912968339852212,0.03317318103624798,0.22546594685366272,0.10873731607923678,0.6056477015508227,0.07331151851684539,0.06714380454154617,0.06615545091601921,0.6208695666054639,0.0,0.0
0.0,18.136790424879617,295.59170481800754,100692.60843288558,5.546326950998607,180,1.412245607996043,0.6123651726829995,0.08711723128274913,0.032821129011297634,0.3011252835968949,0.0,0.0,0.9249927263639484,0.1555356520335823,0.8425832253240243,0.3606608192475573,0.09008697581903902,0.032976288343366245,0.09676086381763602,2.0312834473663526,0.030969582955067933,0.977412554955478,0.15594302235229793,0.7973136697817683,0.3343681355061086,0.5126091622753168,0.46812567956781687,1.0025154222878585,0.029990902861391965,0.03201749076129641,1.5711882567888444,0.41407902659310314,1.4303693747826391,0.6510120110612947,1.248214261603135,0.15556697819557028,1.101502457641001,0.18378559928610877,0.03398804437409061,0.22998229808481138,0.10946687631629524,0.5763595118118534,0.06379168636214029,0.064375685964556,0.06633298344128669,0.670290073079258,0.0,0.0
0.0,136.04322455644456,291.01880986830514,101490.36960676589,8.434348979191459,180,1.4393814468351274,0.6122918591123166,0.0891461455799084,0.03104026920803135,0.35135305648842546,0.0,0.0,1.0476288057541654,0.1553187128410107,0.8400770997932163,0.3712893932059575,0.08995760724286363,0.02853619111425929,0.08356379830766918,2.195823829564875,0.02956299452598054,1.024336495683052,0.15534162068364502,0.7952094106113714,0.3740681461699226,0.47206159181986984,0.5243626061969914,1.2246104594937712,0.033549677905581755,0.032674349048556296,1.5207177139308363,0.47630172413308314,1.416202467420804,0.6222818654126122,1.2238293455166591,0.15528952154402872,1.1064044195044052,0.18314089313003337,0.027338248410639338,0.23573927918928483,0.10363295614333101,0.6031591636705577,0.061201085107727746,0.07007490521635969,0.06839751680823845,0.6327936680368497,0.0,0.0
0.0,3.2068677612963192,290.8810132881298,102040.55712392466,8.95769425207391,180,1.3496567018172296,0.6085539921818058,0.08667394050022494,0.03214305683444542,0.3016409472334891,0.0,0.0,1.0205754967037262,0.15537322367189882,0.8374316739456237,0.414380524365719,0.09070579561299534,0.031940875279000865,0.09286367175064035,2.6142092809020494,0.03218484280127991,1.0570748433109531,0.15558721659048835,0.8009885539413999,0.3778834150507237,0.43652795883687573,0.4585549950174333,1.3082920164059035,0.032528134843776466,0.0312772569191745,1.5762770690916108,0.4671077357350483,1.4201314902623705,0.5742442392743577,1.3503240735645197,0.15599296649690933,1.1076146365375836,0.17032267143031274,0.032502281659937585,0.23927473157248444,0.10405436345893235,0.6419790778511923,0.06787833470114783,0.06935274751008204,0.06679359508241517,0.5953772714572275,0.0,0.0
0.0,12.736867878094053,294.3517795065678,101659.52951634972,9.679430029728037,180,1.3525683203600174,0.6089774643972773,0.08348114236612336,0.03100263656577495,0.3152172136472694,0.0,0.0,1.0049931395260838,0.15518714758072952,0.8405002001799716,0.37256301143652504,0.08722185735188201,0.030801554126753304,0.08613668083172883,2.459055905607263,0.031720749525398946,1.0072036086628844,0.15504452452309914,0.8001492201762245,0.36427643572280444,0.45729301278147544,0.46498651390730483,1.4105419361450875,0.03423885700016325,0.030715197663297535,1.6011726297793984,0.43671097759379507,1.4019069124418866,0.6111356058232772,1.3856042798908839,0.15550158359252828,1.102220695431346,0.17006908042218213,0.031065325921924965,0.2294997106531756,0.10742033669491514,0.6502178404155893,0.06547803507728207,0.06171503366001632,0.07376243550655309,0.6080462368576025,0.0,0.0
0.0,344.7137645498183,284.6051349480736,101375.40131775508,8.326610732900114,180,1.3257073683981329,0.6074418200960103,0.08871941986749118,0.029705202721279394,0.3320975751790347,0.0,0.0,0.9713775583287905,0.15546669170582966,0.8363072493185872,0.36507312603749015,0.09061851293599148,0.03037237876459629,0.08482688882127454,2.742379282252339,0.03314039147551005,0.9404888066825144,0.15569083300233216,0.7972415760161341,0.37906138817830143,0.4721491732964262,0.48124257343926774,1.4101488673037483,0.03528856748086017,0.031526963667655054,1.371322870964898,0.4879197637237221,1.2235545492522808,0.6720008147627698,1.1563357888529144,0.1553081787645778,1.1064290488305386,0.1686814168343109,0.03292393546081539,0.24804512759100789,0.11062777615403101,0.6516626042878633,0.07007650528413233,0.06927826687779873,0.06575258194674852,0.6352019260000986,0.0,0.0
0.0,272.03054000066487,291.7847573313816,101293.24577716572,7.948436684025473,180,1.2876427073780874,0.613115242362217,0.09188675322412138,0.02905772258736066,0.3025616551871105,0.0,0.0,1.0624153443527398,0.1558590149946574,0.8391319010493768,0.3643212319357049,0.08937983956541681,0.0333534854137671,0.08953041956948661,2.8788123207513334,0.033365544127905426,1.170354552862184,0.1553478243208857,0.7967021505348542,0.36073159183160775,0.4812151464908505,0.4822138283466205,1.2393383140742966,0.031152656922590508,0.032344682747029674,1.4723161196514358,0.4761051900390151,1.4173069452480271,0.636800618480531,1.3206227480423574,0.15553907473030196,1.104806812865996,0.18781592765923966,0.0316929170065391,0.22931424033268547,0.11047564479454748,0.6505284784418004,0.062215452746689374,0.06751655205453409,0.06086398310672506,0.6623859625780073,0.0,0.0
0.0,96.83555248053766,290.00539397965116,100974.61975018217,6.202363777950449,180,1.4701491296905966,0.6084292505004756,0.09086410246844973,0.033793776688361095,0.3125150267781291,0.0,0.0,1.0397747780570474,0.15544057638810183,0.8379844323661976,0.3601634511506085,0.09601935272632792,0.03147539740724172,0.08374397491295538,2.521883642955513,0.03197279053254976,0.9013729361574442,0.1554801424301613,0.8015016060459236,0.37738144905653337,0.47461893313185477,0.4863046522005867,1.3454140349574497,0.03100243662473379,0.030413070833539398,1.5561964158676507,0.48726123227939266,1.386959458458128,0.592024732907816,1.2650848649412396,0.1549429705960208,1.1021866145288433,0.15710655656810352,0.02968480712513718,0.23600495445273126,0.109678675399429,0.5665939830134149,0.07019027425749096,0.07066268695557236,0.06518867524204182,0.6429481782937535,0.0,0.0
0.0,229.77652456298796,290.4936149026545,101412.17272511293,5.389042616508227,180,1.351526814478675,0.6085270291324433,0.08323140410157569,0.03228538644714953,0.30863235398858113,0.0,0.0,1.0591268520181805,0.15521307050536456,0.8360612904772342,0.36517174338054076,0.09011052799744629,0.032382862282917486,0.09068861610737387,2.077818096529247,0.03354376883285508,1.003999783758561,0.1554853927786425,0.8006191366146169,0.367593887014874,0.46607920620330096,0.4360285086344401,1.3386612486332214,0.03418282584657958,0.03231209016051739,1.573120865818136,0.4226125750710155,1.3867637934829666,0.6368306069907066,1.3717669475469794,0.154991418688578,1.1040551279254405,0.18207436854909645,0.029910152230387902,0.24999383903628328,0.11205364629461682,0.6492489633698022,0.06869410001269757,0.06760609864531325,0.0747733218908304,0.6022017980976294,0.0,0.0
0.0,17.424826797376085,297.86981442919523,101124.56316418947,9.716029846066427,180,1.3129232429227804,0.606306835924796,0.0865077582229328,0.03359278969129294,0.29491336239894117,0.0,0.0,1.0296228005574495,0.15542427134414186,0.8367872398230298,0.34922325296594564,0.09616544066521386,0.03201227120415281,0.08976689638245282,2.51871140019113,0.029722992233283604,0.9837203597042095,0.15555166664483533,0.802617402775728,0.36098247054338845,0.44023911280866707,0.478302393071109,1.322905252119515,0.028983098106376004,0.029744304091985477,1.7052274904960523,0.44275569536784687,1.5525674083870102,0.6208711536670686,1.3054385498815688,0.15558229607254978,1.1077898912213617,0.17628782241917015,0.03287805982457987,0.25057622906867993,0.11200646744362068,0.6345005148634805,0.06423216960886437,0.06687885845970182,0.06130434572666235,0.5978626417962315,0.0,0.0
0.0,145.4161000642533,301.09292942213636,101321.57494890878,8.08506228671821,180,1.3477995143947097,0.6090720528692669,0.09076419031621076,0.03208843682416565,0.2944519719118184,0.0,0.0,1.0981254910518834,0.1552844282740949,0.8370742754345747,0.3415938222218087,0.08488667492972103,0.032078672315290865,0.08714281724437752,2.3692297556253274,0.029974651274043865,1.0184478506586336,0.15536094224266497,0.8009113761640265,0.37007114088691656,0.47300116843240037,0.40076583292840184,1.6908599405470734,0.03145052854782687,0.030198185753682525,1.4231001161406576,0.4505652977531709,1.363982915764893,0.6528574878852579,1.3656942586041017,0.15566842627049432,1.1054132442003899,0.177413184846048,0.029855952555995227,0.2406126129897113,0.10638508801374442,0.5837559724398601,0.07010305333556047,0.06647922806418642,0.06903738791216318,0.6449209007269251,0.0,0.0
0.0,116.5851491934712,300.74081898026964,100991.14737694198,5.9691691591300975,180,1.29812083322158,0.6083245196493602,0.08514756585674715,0.03302297483961549,0.3265739511461548,0.0,0.0,1.110331156783218,0.1554630333629101,0.8394846642995218,0.34016257649764536,0.08968099183403921,0.035107222942478145,0.08992487826961142,2.7999172960628065,0.031812998095612825,0.952738297944435,0.15506103030825047,0.7997215313242594,0.3713294742770472,0.44700437006150584,0.45139520382449355,1.368696789428209,0.030206605725135317,0.031247209830133845,1.5340025638582335,0.44308540752692305,1.44151794330913,0.6193192413991164,1.4210356056998004,0.15508587959576467,1.10627958425683,0.175330956733494,0.037076320631116405,0.23760045218598824,0.11120511992224755,0.621355465798255,0.06747127052810033,0.06678968105530428,0.06039293400135045,0.6356817552183399,0.0,0.0
0.0,139.3427678399312,291.860059014704,100876.95115939675,8.462629941285615,180,1.279740081918265,0.6103233654593972,0.08848059620762183,0.03506706042227498,0.33061149838395343,0.0,0.0,1.129348562745922,0.15492235154092848,0.8336129562371167,0.40022002718642313,0.09404437303307094,0.030104056107791346,0.10154049416280296,2.251083851364552,0.033656310943923615,0.9616351384355959,0.15548633147450563,0.797813527007374,0.39970291279763703,0.4432710828909277,0.4292598525960518,1.3377133033823978,0.03271997356611359,0.033539828649860694,1.4927359155779798,0.4425652733676729,1.322381937482768,0.5929190304373398,1.2880144363314134,0.1553589757742251,1.106735085340332,0.1718270820203972,0.03168478628763541,0.2429658240813864,0.11752387686079031,0.5804495164997442,0.07212354091851338,0.05999760695864569,0.06603766129003633,0.5775007248924592,0.0,0.0
0.0,84.42026967595214,299.3442685854415,100673.71747772045,7.805878887481272,180,1.3180441787882715,0.6113367818573039,0.08778164212064091,0.032053928721856965,0.3143610997346799,0.0,0.0,0.9712561251437806,0.15539764738758918,0.8337540481382639,0.3543535480348464,0.08525185143722652,0.028101624358797234,0.09325461585443758,2.1783849168209635,0.03089813173045418,1.0309852602184528,0.15538941746439508,0.7979320654269406,0.35291906734231016,0.4672648496107578,0.4686778123110375,1.4515770837383664,0.029661152772129704,0.033339974256829316,1.3333970614805069,0.42966134670675954,1.43582645395691,0.6017556220453882,1.3819594904254944,0.15561928456084292,1.1046478454014192,0.17381212989475753,0.033894542804500716,0.22960258258328478,0.10869334079014287,0.5940947844376055,0.06690402974570774,0.06806350007980304,0.0657307096561647,0.6241735528568593,0.0,0.0
0.0,297.89286975022605,300.0802477669501,101211.50923790275,9.215059308904033,180,1.3685522445581164,0.6097860938509148,0.09943958672061286,0.03133324424388944,0.3334909587482221,0.0,0.0,1.0695576635716209,0.1552782502601077,0.8373794759513794,0.3378333995006505,0.08750525728146596,0.02832131888786765,0.09021115189343784,1.9019179523361702,0.029005299487227208,0.9401420871081406,0.15517132277598317,0.8018730284637652,0.38401491559420675,0.47215270541513454,0.5066536119285618,1.285273305573066,0.03164487699353698,0.032534401302916224,1.5086445768132875,0.4787067206936911,1.314081528383932,0.6415476467106761,1.309684587523258,0.1559101309601506,1.10514098645009,0.16891745202203678,0.03261163474880565,0.2451536718456558,0.1015681735898312,0.6471957593838441,0.07043649260504452,0.06388788597839752,0.07258278798124732,0.6070404295981656,0.0,0.0
0.0,311.6610584797022,284.4055293077847,99726.88052958126,5.595131546580157,180,1.4220943499819876,0.6073228823830402,0.08497919765203252,0.036637097925263255,0.30393410558779266,0.0,0.0,1.123114764461723,0.15489880490371338,0.8362865751723809,0.37542528289488375,0.0954639863233047,0.03355461811376517,0.09168978682189441,2.5071522927634295,0.032337850911579896,1.0081975173928555,0.15530300250303716,0.7980384887321355,0.36067664598896126,0.4545925860004773,0.5041640776663803,1.1323358805872843,0.03403056460283737,0.03456784007821208,1.752573525314817,0.4679220369690867,1.3495919661372284,0.5983424364140855,1.3947599647525601,0.15506961670088748,1.107158846070288,0.1723725908019595,0.031495489490932296,0.24737691099122008,0.11048773624742762,0.6263917556281711,0.06555780667514138,0.06428349097763891,0.0650628969833875,0.6249091292726091,0.0,0.0
0.0,344.0835493670668,283.6905269399722,101669.38450139303,6.141696457504133,180,1.3925418124503708,0.6117869728200814,0.095536098069562,0.032933078302564464,0.3232098879211275,0.0,0.0,1.053811386336403,0.15549774996709065,0.8372738882249676,0.3534164399793737,0.0889335217398291,0.0316079973775521,0.09172838587120238,2.1979751702949137,0.03194359810181412,0.8973111612534115,0.15496754306414526,0.7997195350487906,0.3715214122319728,0.5362718209859948,0.4338763821299885,1.3745030110656242,0.0341454946770244,0.031242911683922826,1.4325499207931816,0.4470772096768593,1.4186414925408293,0.6309338428820567,1.364158973948367,0.15544053521226167,1.10239381214059,0.1883958557497706,0.031925110844512515,0.22523260674559856,0.11194603905733659,0.6344312960517425,0.060663677987717754,0.07453158506609722,0.07118401023753124,0.6516987598881845,0.0,0.0
0.0,63.24891572418924,286.86595959666437,101609.02786154876,8.185783515311444,180,1.4033152880127067,0.6037526436826137,0.0897350463327511,0.03132563002750187,0.3241165151193491,0.0,0.0,1.0181521196853462,0.15564196822302612,0.8356640696012398,0.3510395135817951,0.08333936510560105,0.03139232733084038,0.09205913564652984,2.5568523837636326,0.034153152364393875,1.0240035776597314,0.15486051193253703,0.7989923448789038,0.34222090206164285,0.4626099045701908,0.4662717303621339,1.4405989368460606,0.032206693000494,0.03290354486896419,1.5432491304442872,0.4655815928634554,1.3376399486269903,0.5923828952879168,1.3050304571199434,0.15555166265953269,1.103824580596462,0.19231044067147057,0.029647819377012982,0.24814392997348034,0.11596872428758492,0.6079555364022706,0.0704343257601408,0.07044991565630078,0.06962108979209418,0.5713198419414997,0.0,0.0
0.0,66.11858804959611,301.04811951145126,101522.97422778832,9.809215724881504,180,1.352594368483944,0.6097789181515066,0.08554160739728463,0.030318968973652303,0.3114600672572558,0.0,0.0,1.0345543647564068,0.15560567848493442,0.8422871056555997,0.35757849073681514,0.09647291459156429,0.030296283253001436,0.08716545299837773,2.2117646835302702,0.03172363134770493,0.9081381319961979,0.15571375562282755,0.7956131680224133,0.40204125431228455,0.45201010654917545,0.4742518435075252,1.2049463880195281,0.03506348530238174,0.033315580029247956,1.6304452145253803,0.40868478762515614,1.469158257876182,0.6627749633569714,1.3856715459816,0.1554964640720297,1.1063550770467248,0.18117820548120386,0.03415213675951309,0.23389885895674986,0.11116937148800424,0.5894231390308985,0.07406731164989964,0.06875732758616472,0.06882739967029979,0.6439136263798995,0.0,0.0
0.0,6.572823864608943,292.52195177434766,101511.47774282821,5.476443692138237,180,1.475575746067641,0.6150385196241113,0.08672700161330946,0.030908366384646464,0.328777021517232,0.0,0.0,1.0030409335664456,0.15502545325510209,0.840686208876325,0.33018165900523483,0.10171341976175087,0.031672872646982604,0.08541555276642032,2.124088439797392,0.030615237133942035,0.8913980756577332,0.15574925607342793,0.8016193719940101,0.36700716993666516,0.46864452114776056,0.4328396628947534,1.394160173916781,0.03300365892914571,0.031530558879250575,1.515908370213247,0.4580634565536569,1.4317666251507033,0.570382346788735,1.3730940623134968,0.15547781109930922,1.1066121004061098,0.18326760246682555,0.03192180409109929,0.24333715316660082,0.11375607814389284,0.6397314088643579,0.06574868683031565,0.07072639621123267,0.06805846919698143,0.6282993731562987,0.0,0.0
0.0,15.979272274943877,285.57649293552,101987.09814192333,8.762611686895768,180,1.3632058124152289,0.6116014150023361,0.09076726584398302,0.03221671291257048,0.33568945238550774,0.0,0.0,1.119172245829578,0.1557198653763996,0.8376597877637482,0.356277041389922,0.09456315391140548,0.03156774052491217,0.09185149948784126,2.1879284704447306,0.030484494363228563,0.9901570601857389,0.15564608423756474,0.8019975371375201,0.359457076948841,0.444930026658179,0.5242201167479545,1.5196252469197493,0.03449184168108363,0.03405321544628408,1.4398679095817986,0.463075433275906,1.3769638653432927,0.619868191035583,1.3712986497050959,0.15549687443342727,1.1100366517075744,0.16003393400875587,0.03327509503343117,0.25173128359276725,0.11744503204847571,0.620429706242331,0.0746044707104494,0.06656449617970575,0.06498949824785777,0.6718243048538005,0.0,0.0
0.0,150.06685067273602,285.8234616639132,101345.2269136721,6.379017265805402,180,1.445988037451062,0.6080520945424186,0.09645892567533905,0.034532744851938114,0.2955068011750978,0.0,0.0,1.0625552084687813,0.15546855989384853,0.8375202152590764,0.36368498242233144,0.10040148407571638,0.03280389471387873,0.08762367325825678,2.4113157351035515,0.0309887681757323,1.0506153657081982,0.1556117430977984,0.8023675973794047,0.37432864031528607,0.5028147595407522,0.42947312479917626,1.5482745585098272,0.031579286711869645,0.03036942402040675,1.5252986451318078,0.46399172737000327,1.459370474643595,0.6421069736195929,1.4481415197265803,0.15602179795725507,1.1049443735518916,0.1738417176237617,0.03196994067491577,0.24332927208490293,0.11564913921902067,0.6575111097846476,0.06817284608424347,0.06903293638504243,0.06543394642064752,0.5600411177643945,0.0,0.0
0.0,132.91087756866128,287.75626053664104,101782.69689394001,9.698567965880695,180,1.399579768063207,0.6096383227986768,0.08846501536594908,0.03093884011757041,0.29698225395029704,0.0,0.0,0.9973948572364894,0.15574616341209016,0.8377497033995134,0.3596384911424873,0.08630910360773107,0.03281113909189836,0.0864851671743671,2.0553008976817444,0.031673277057370025,1.0014232390014903,0.15534724148277138,0.8066188325051955,0.34168299256046203,0.4381587969317345,0.45885251483178474,1.6257517089702154,0.03026840007359495,0.030580026702793046,1.5367218162578065,0.46653307797292165,1.268850957493084,0.5858219255298468,1.363318285267,0.15563447024807267,1.107458317511434,0.18654050293178082,0.03323688284060145,0.23847846250536747,0.11794114163742535,0.5778106949888928,0.06749616668107353,0.0716848842905168,0.06685244622799663,0.6234398813867178,0.0,0.0
0.0,57.353680370597296,288.88797617379265,101239.55833867734,6.082894792721478,180,1.3818929476618875,0.611488641707146,0.08804408786430805,0.03167173275972305,0.2775495102811675,0.0,0.0,1.0320657991057676,0.15524244822248742,0.8371401782785794,0.3736954160668875,0.08752701918683489,0.031863735669707974,0.08789730170575492,2.0111369790412295,0.03170765332155554,0.8846966936245114,0.1554822308152056,0.799940661897562,0.33930156006159207,0.47182338642568455,0.47342534502089,1.4709079974943717,0.0289215936411109,0.03143262195791452,1.5153587957150372,0.4698025647630146,1.388030833235408,0.615236781061022,1.4092744258215466,0.15524158955133197,1.1052875876224293,0.16687706951627945,0.03362000552177858,0.24210341290213774,0.1022486686207716,0.6107388544808614,0.06555616800963739,0.0707061483778051,0.06842051697412851,0.5486380149013309,0.0,0.0
0.0,6.076057082512274,286.11224915427823,101951.95708779957,8.060384892710097,180,1.3864096967747375,0.6088722590613267,0.08911627870873982,0.034458724073054475,0.32924124760171064,0.0,0.0,0.9448216422335917,0.155215529768218,0.8385874519571718,0.35401413365454987,0.09235420888581083,0.03001748923144823,0.09095608131814378,2.474007476542532,0.02867569125230871,0.9603539226756204,0.15532594615337786,0.7998339829671527,0.3542752368072575,0.44660074880837997,0.4882940595407665,1.3334137235827916,0.03154111335759861,0.03302298685592024,1.5501294543705695,0.44203792294177746,1.362113615760458,0.66987575562108,1.37831146425059,0.1553189141254804,1.1059062525709287,0.19010066645459522,0.03299815502565642,0.2370756291738569,0.10956307360751946,0.5556054377941131,0.0706331786321879,0.0675640977046521,0.06219146982386114,0.6317322827849612,0.0,0.0
0.0,317.8626303013061,291.39439835196276,101249.8392450545,9.445932416946139,180,1.409549046065527,0.6088832734368204,0.09929641547459238,0.03256071185079182,0.28473236579238986,0.0,0.0,0.9802948086147827,0.15529376923901433,0.8326160558260742,0.3842745590566956,0.09461239174757652,0.033871283483472625,0.08627176456669482,2.4305332434321163,0.03421445285259622,0.9869263403211271,0.15479923710576707,0.7975271841129025,0.3548110339678832,0.4846367446324608,0.46623859400147594,1.4448836184802727,0.035588310789224586,0.030754018496935015,1.4590429578000312,0.421059411160489,1.363476984518773,0.6443402104619547,1.270348215981024,0.1554815829185072,1.108245263108813,0.17350293190067467,0.02880272098590963,0.24902827169823513,0.11796408215814992,0.6449283930255804,0.06952461319549033,0.06449899921774759,0.066239920167343,0.6934322124977476,0.0,0.0
0.0,267.5242799774738,299.41127295772264,102069.50617435903,7.79088820573351,180,1.3187733612105539,0.6084618742147768,0.0859531094135499,0.0320682822528337,0.2913284950952397,0.0,0.0,1.011254098538901,0.15504840404367373,0.8448218233776257,0.34837508256982236,0.08692342785453785,0.03234647825503003,0.08848677638182563,2.4728101232086965,0.03308017013508362,1.000647253420795,0.15536935996170761,0.8007390007727894,0.36758155422177724,0.44668652358746236,0.476602653909033,1.754084886666334,0.03227802989276546,0.029835010536054134,1.5397275680639646,0.4246781546682732,1.493319055056132,0.6265891379188333,1.260581721298891,0.1557057532364419,1.1023856432482213,0.1624723790519784,0.03262786207683796,0.2340968384496543,0.11153192296563817,0.6053265543458851,0.06537826797723285,0.06701269385745154,0.07218445355988407,0.6030039922488525,0.0,0.0
0.0,181.64250063764428,297.2731416489024,101866.46609923727,7.306741907192366,180,1.2830167071634209,0.6073334778176684,0.08986636017226829,0.03281051323366057,0.2994686427076964,0.0,0.0,1.0735732727542038,0.15537798714105217,0.8364582540601679,0.36505441016856416,0.08934618577025198,0.03335031821515217,0.09129803195597062,2.0090235674554284,0.034184021130467014,0.917737694159291,0.15502143128721613,0.8038700454150147,0.38073648269486177,0.4377656624031246,0.4618854299582861,1.361413339410568,0.030721179933596358,0.03228720481756542,1.5468238514375847,0.4636574652008392,1.3624671867199578,0.6499334343263138,1.2924614620294645,0.1555479129900245,1.1030986142274106,0.19822332159635447,0.029884682234901518,0.2358411847003138,0.10597361309205224,0.5987629783534832,0.06769105357191788,0.06538063798169963,0.06578178889937551,0.6384626023596788,0.0,0.0
0.0,288.52799489023795,293.86666294131123,102076.32561169787,7.1832501388158105,180,1.402991625054591,0.6104587556676896,0.0845301509925041,0.030999499525320585,0.305509710440161,0.0,0.0,0.9571723098123253,0.15510409208852088,0.8384801472272517,0.37424018141007015,0.08190119834062912,0.032294521356652714,0.08754044046758724,2.3703270770071927,0.029547858771938874,0.9388940876082171,0.15581827808851917,0.8005767812965588,0.37514481530366034,0.49451848496027523,0.4688437321656728,1.626015632580955,0.030629596620579517,0.03292079196453478,1.495090412972353,0.47317860467473005,1.3269954739411798,0.6577778333470934,1.3429976707026707,0.15586865319821058,1.108245835103659,0.17495946002770382,0.030760330118385148,0.24257323489069446,0.1099479059193662,0.6102903045591436,0.07075094527132153,0.06219641380755231,0.07129802520233341,0.6034490677783737,0.0,0.0
0.0,140.16977937537453,296.0536822829311,101433.9406074734,6.310006808945824,180,1.4393146430291455,0.6072905466995231,0.08470394065284549,0.031595131054395056,0.3010694983386645,0.0,0.0,0.9936727805079687,0.15598763311779454,0.8370175192069498,0.3794558666942225,0.10332373500066822,0.02997119281566837,0.08365844018957294,2.2520843889143354,0.02921082658029379,1.017891425837397,0.15542821107100088,0.7985006194631675,0.3512481908045305,0.46850923828282326,0.4454576511510844,1.167502620991478,0.03153650783837793,0.030717571421767346,1.5245628952692425,0.4945236082267136,1.3261434942213062,0.6212780801030879,1.3844505052786857,0.15555347089846908,1.1040605081892276,0.17436025575767833,0.03324031203241733,0.23593920082740988,0.11512871089375798,0.6387597004076886,0.07072193367275433,0.06685294251247056,0.07005650211832518,0.6350549147593333,0.0,0.0
0.0,80.31819490928467,290.86201331319756,101615.39215971848,7.480161914016422,180,1.4468189845226749,0.606764383454511,0.08899515383704501,0.03290902572916859,0.3042300881033772,0.0,0.0,1.0886945245596045,0.15494065693267384,0.8313710175001947,0.38360823075895506,0.08996459590680415,0.03410698663231669,0.08816215995544788,2.160449997930429,0.03335932289374795,0.9990662457276343,0.15512585791392494,0.7990835583153882,0.3968541926264318,0.4281414016705615,0.460475866426009,1.6415912861704318,0.034379024061504906,0.03159398052755415,1.6178022396907819,0.4542961319079706,1.2904595849849694,0.6220357213817501,1.237740513607867,0.15562836344836148,1.1023525576369932,0.16140276453127028,0.03355585628047046,0.23888820992046597,0.11052524071215702,0.5604559456022296,0.06711985386440067,0.07212382138688145,0.06544276179781704,0.6419397435346563,0.0,0.0
0.0,324.47066754056425,288.1231508339553,101997.10992663867,9.061552662543665,180,1.391060288683739,0.6071873679758008,0.08897340556840828,0.029561410847186345,0.30890994634238544,0.0,0.0,0.9806012467310836,0.15521885779920547,0.8366139659670537,0.3692203112559841,0.09045680203803932,0.032499144603966586,0.09044738444965918,1.9522915521810849,0.033066084287692046,1.0117258071278141,0.15542988349147047,0.7995646327316042,0.37133094192861177,0.4571372602535355,0.46088545322597313,1.524156587151571,0.03246866966823465,0.03362715347852254,1.7610777179068895,0.43929895320961776,1.2908815461730485,0.630728946584879,1.3988525611756362,0.1556423362252947,1.104867241964601,0.17224492131715088,0.03233746831517178,0.22883528955042512,0.09969685555787522,0.6188018003984855,0.06888360317893139,0.06973869470828079,0.058844172644636386,0.5870740445729127,0.0,0.0
0.0,138.18873383144236,290.32977109646976,101204.12259882722,9.229301936961022,180,1.385935093063666,0.609654538492975,0.09420742835578653,0.027821403259951142,0.31694725958410236,0.0,0.0,0.9638305381944512,0.1554718318464319,0.8429426748196254,0.385436679227376,0.09289037687089108,0.03143826167556486,0.09499483999731789,2.4543393432135896,0.03258737355539429,1.0414475816047746,0.15545467788460893,0.7983491348807626,0.38318962477418406,0.44790778687156,0.4736916141069877,1.4852537173279998,0.033342440950986624,0.03170129993139394,1.5945331817777273,0.4575805855273917,1.3142619685660002,0.6743734574411366,1.3094073174262735,0.15520744953775661,1.1026644534181052,0.1648807482317066,0.03077876254765517,0.24372805817347695,0.10530707921463348,0.6651676326488157,0.06757312968698966,0.0674189127820786,0.07604021784409454,0.6569616501232391,0.0,0.0
0.0,206.58162626081545,285.78024484849294,101995.73984906675,6.217180631438256,180,1.3612290677344492,0.6104623033319532,0.0900251772872862,0.031857413870431124,0.3137264927035399,0.0,0.0,1.0873522493769472,0.15529414459373536,0.8394593587467395,0.37335750146176183,0.08177924653725108,0.03235910010831643,0.09353778214853821,2.1915615870000713,0.029329047158841718,0.9826131868305008,0.15577500054135301,0.8001535159487552,0.390944556147837,0.47938461143173366,0.4458139174275146,1.4486075034220887,0.03326929111949098,0.0321795793089665,1.5476526447852865,0.45075400555697975,1.4848068125367764,0.6097082705988215,1.4091015647414735,0.15489401597111252,1.103852295493143,0.16582784941170964,0.032262496426849946,0.22081405833150175,0.10223297812889218,0.6519083957606497,0.06319046823136804,0.06805298813955911,0.07127628866359034,0.6213245430138402,0.0,0.0
0.0,157.77770013535542,291.4703940552304,101068.3189909556,7.980084547801772,180,1.408701222057209,0.6079951303935341,0.08339637334140025,0.030497292748169653,0.32667233496930076,0.0,0.0,0.9565770775632937,0.15544526739265463,0.8379701523662529,0.3800375866621206,0.08844720192835095,0.033197984837896426,0.08264377996900867,2.249834697280209,0.028068391328682742,0.9461416150598564,0.15544362297559686,0.7932589314014022,0.3610890067993549,0.4843626229841103,0.450564554987583,1.2913682715274435,0.03389412358369578,0.030614301506445347,1.4011099181065698,0.4700706033631808,1.4548709442001766,0.6402658892435107,1.4046644798678742,0.1556634205722846,1.1019150789802006,0.16823916775254585,0.03329511859982445,0.23472853414791056,0.118359445754659,0.6189627410629183,0.07253280111683212,0.06973368092041413,0.0686452340359093,0.5583285744034083,0.0,0.0
0.0,355.9611839960126,285.54186935244394,101765.97119151834,5.6417173938507545,180,1.3168922268425995,0.604534792816833,0.08018055284064093,0.03133348142305566,0.31218713660852504,0.0,0.0,0.906051650877637,0.15574929279069064,0.8407128895769171,0.3630937002232002,0.08879916404429686,0.03309769695984916,0.09044393048636484,2.30708645016599,0.032406070799006315,1.027329211676038,0.15545325920524308,0.7999137360751137,0.35101239455344363,0.49156158874282774,0.47141757533111367,1.3479325862083422,0.030742542075737043,0.03188541566550484,1.5566141781670064,0.4870748845118987,1.4030467785609448,0.6320834647437557,1.2910291055456982,0.15540401685178448,1.1031490104950024,0.1863177437114261,0.03183387513484433,0.25403758386376135,0.11397314563623799,0.5671904250084329,0.07250718489823182,0.07257734212812723,0.06933151230901581,0.6409186665733579,0.0,0.0
0.0,83.27153180064911,298.61552350300997,101391.0747081359,5.950867120846935,180,1.316979145408424,0.6068525943759217,0.09254238765174597,0.029448236255956273,0.2999230529279677,0.0,0.0,1.0262395362288796,0.15526144415444257,0.8385655369711544,0.3658770540762818,0.08749811523132774,0.03330562108057288,0.08588922796361309,2.029490448842984,0.032278838700344786,0.9654391615006264,0.15563444873392657,0.8014892127104999,0.34849684345593535,0.49403865845515166,0.425743291289267,1.225165864984432,0.032735667848501786,0.03393923940896413,1.492657616160994,0.4652941221996326,1.2869820643702725,0.644361158782263,1.339904011231008,0.15581733215406515,1.1086669487661875,0.1779504893770921,0.033673520911605956,0.25383466076574057,0.106427102774142,0.6782550089578494,0.078468917862078,0.06614841153708247,0.06802069549537468,0.6703540553661204,0.0,0.0
0.0,261.78887347512466,300.15423558648945,101192.3966147336,5.330466979910988,180,1.365568991214999,0.6097011225155584,0.08221833940740976,0.031517405112693235,0.3055523275962301,0.0,0.0,1.103130855053749,0.15568439301349674,0.8412934727928958,0.36896671595772124,0.09646692381452987,0.03422980617893727,0.08694591076242095,2.5511471264434222,0.03154648490815568,0.9783086848255672,0.15557287584918397,0.8008320901379916,0.3561431816286243,0.4902302287057402,0.46520372154997136,1.3880954797701168,0.029993818698385626,0.03152018421074945,1.5487676890245652,0.4752349923262355,1.3092874059172148,0.6026280382361627,1.3255866004326236,0.15508350513759447,1.1058723203307144,0.17478150439197251,0.030640464735628935,0.2144198256316278,0.10842173486965785,0.5709018612352771,0.07032655000700759,0.06779363124235789,0.06682213927302727,0.5865966426735199,0.0,0.0
0.0,82.96581034358056,283.99566468698737,101302.93627440938,6.035130809577311,180,1.34972216987224,0.6113997840320539,0.0930531468161165,0.030183839990599107,0.3236521194425789,0.0,0.0,1.0288180551568,0.15540503035245,0.8345587528608917,0.36388403232163147,0.08223646027788846,0.02947981581034901,0.08929418209534348,2.3457059420251185,0.029245779086445902,0.951407332972625,0.15542218976306085,0.8002864864955005,0.37850892861963986,0.45625465050688085,0.42539451596065136,1.358856605121065,0.033774655232619584,0.028879113380526348,1.6248869420363028,0.4825677210117267,1.3618903336457626,0.6148583339827781,1.4146285367026217,0.15521786667646673,1.1048181395490415,0.19535822804175315,0.03339440948349049,0.23561767754856988,0.12261836826412119,0.6176321803027962,0.06646553219388396,0.07534042046560568,0.06384854828052033,0.6668439889222028,0.0,0.0
0.0,18.295975559736185,301.58766665968193,101225.51323761449,9.914882045372435,180,1.3392258252531541,0.6102657504782043,0.09150135483683691,0.03304165412752062,0.3080217161894249,0.0,0.0,0.9980265657573629,0.15590899786093523,0.8346541176289755,0.35133684411368343,0.0941762094469992,0.031126823867490445,0.08983011528535585,2.153657418808613,0.032998902856756974,0.9256938819250808,0.15549270632808676,0.8001735170091346,0.35155856825003723,0.45803691811818215,0.45823629205286454,1.3376412340969908,0.028737810592651507,0.029380016928188576,1.4901233067728623,0.39843291617796295,1.4496103552576447,0.5608829695649097,1.4146692956076137,0.15563948450124096,1.1078303070486126,0.191286158633743,0.031020896338325138,0.25142577555220497,0.1146651988772072,0.6055887971236048,0.06452790752345178,0.07071763993726442,0.06804925638813737,0.6692235792269068,0.0,0.0
0.0,244.1268469746537,284.8613093333533,100619.31192811886,7.747047384063556,180,1.3967120002329623,0.6082218357779272,0.08317955187164891,0.03348118366573687,0.2982732437514488,0.0,0.0,0.9952755315619483,0.1561305059507665,0.8389056211406438,0.3574008873969431,0.09698527496243045,0.030025312745432613,0.09116859579896495,2.370687233610288,0.03275791607003658,1.0004783992563155,0.15502418806656906,0.8005152876043424,0.3390861804788703,0.4362871965880451,0.49630272233998807,1.5199300926571833,0.03168137907308815,0.03278664009738799,1.6531645897260347,0.43784280112759116,1.321051587887679,0.6050590447364896,1.3984005549200544,0.1558160556171829,1.1022346715775517,0.18650835547293973,0.03115915517933489,0.21695793271344258,0.11328576237845878,0.6133675368873673,0.06559956408628569,0.06284618647952295,0.066218241752969,0.6106708454472196,0.0,0.0
0.0,353.50058309514066,291.8228281074356,101273.47790428533,7.876424397378763,180,1.4274757835162573,0.6052595572109207,0.08704527368410284,0.0337711101405848,0.3164999501300465,0.0,0.0,0.985377059697929,0.15523631265469523,0.8388359299660035,0.37482595541403885,0.08299692830557259,0.031753648390957886,0.08628706589339914,2.3527447750350485,0.03212246629797929,1.000952805355843,0.15608069100027264,0.7997173708005832,0.3496858613065856,0.45877638932340026,0.4885039707599855,1.3215346914389305,0.034944905668444444,0.03120065631029139,1.5337549824144152,0.45421271922109474,1.4000880354455358,0.6067145582327713,1.344320437247438,0.1555259201623476,1.1036019548895832,0.17788766218078894,0.031490720690745974,0.2474619455381486,0.11039034847499758,0.6367930229697302,0.07235750619259558,0.06599115926633468,0.06590907104443057,0.5887367407383419,0.0,0.0
0.0,323.33756133987333,289.5101649217699,101525.70379274253,6.780960793136302,180,1.3799501739453213,0.6125801961330595,0.09583686787195776,0.03137256432773591,0.34560586251040726,0.0,0.0,1.048684228943405,0.1555002094603181,0.8354175425879729,0.33554587330058006,0.09198484973216488,0.032575290542070645,0.08862291627141175,2.6782374992915186,0.03173879752235074,0.9877678874198388,0.1555298557161138,0.7992558709663278,0.3646386861039737,0.4902265475481346,0.4921859360345074,1.269941691033318,0.032789052610277175,0.030171564547795876,1.528829726522121,0.4568581939346033,1.36391796593284,0.648823123627317,1.2455781158416523,0.15548629398277838,1.1063595759374143,0.1790426911596471,0.03141547750932231,0.23379411477379528,0.10808180895110096,0.6436750604293843,0.06965283845539805,0.06688727151837565,0.06917654950351375,0.6098358886979526,0.0,0.0
0.0,322.21325465061574,293.0765888935433,101751.14814602307,8.92314800578591,180,1.3327818178183393,0.608171345382455,0.09086767552074652,0.03253249618395077,0.28585181314031693,0.0,0.0,0.9664768660552995,0.1558851354980112,0.8394814212883256,0.3783063742875955,0.08561318423999562,0.03081703123015605,0.08770966671677337,2.177932893142799,0.032370014444074405,1.0310202859741644,0.15568271818634602,0.7989537072708413,0.34395646221510207,0.4615085447443761,0.47461968984476105,1.427498833830329,0.03265495002506312,0.03226773696713507,1.579763966481241,0.4116664752922319,1.3758257423124234,0.5777902105777308,1.418007843017938,0.15536899196604304,1.1059802521695559,0.16461540861277785,0.031382191838002754,0.24130707201642448,0.10937493016271478,0.6333874196057137,0.06902111503578168,0.06867430883802311,0.06667662854388921,0.6571607086496554,0.0,0.0
0.0,302.23354398577766,293.5392101655581,101202.40174142501,6.463467603782061,180,1.2896301234228937,0.6113600781745725,0.09698560417182261,0.028470866687622186,0.31490271239115897,0.0,0.0,0.9833323827675385,0.15518347287842252,0.8367041506617485,0.3338822931197055,0.08740836389555705,0.032261845251086184,0.09124876813363933,2.3986052526281654,0.03120370475738839,0.9433631179113372,0.15503642518751262,0.7958186759248562,0.36972679109762036,0.4643513645351622,0.4994429672822126,1.0172042906678753,0.03173545089160963,0.031721357041350776,1.6052941458826682,0.4423124574412161,1.3947437301893808,0.637546878208358,1.3889574074256308,0.1555250524979953,1.1032721430418182,0.18377055513967042,0.030188766031378055,0.24048228536304203,0.12118097285117439,0.6702961602575703,0.06891772008938854,0.06773765738041419,0.06739484284695245,0.6351145859551435,0.0,0.0
0.0,310.9865054070702,298.17931654843073,101056.36563900278,6.605314241484278,180,1.3799171163066088,0.6114536759802707,0.08682759686564603,0.030968410372635174,0.3123977485698273,0.0,0.0,1.0358025481562438,0.15566376646971408,0.8372271730905536,0.37406030426857917,0.09133384897280691,0.03130902083597281,0.08671747826762051,2.2582958400447137,0.03329429541930883,1.0057317062776914,0.15503299878507507,0.7988575540899239,0.4006626330000551,0.45481251518257304,0.47707052441754894,1.3756848489908309,0.03291101069558708,0.03332789139516221,1.475920676361139,0.45336207215503027,1.2992968102065292,0.6199201224531696,1.3241442132571912,0.1551355233267413,1.1045251975890291,0.17579374581997906,0.03211775026108528,0.2444556447395274,0.11202643948160719,0.670207572825957,0.07167870910585415,0.06785304381787219,0.0680412426708582,0.5794807772132676,0.0,0.0
0.0,335.7821002980736,284.2877106119285,101254.64969752899,6.3957929185623925,180,1.4029243062805528,0.6072047100110574,0.08210845757787225,0.031145728296345696,0.3151677978638449,0.0,0.0,1.0329280059255792,0.15508541606282628,0.8407955256701058,0.35280684550022173,0.08835057146869503,0.02912663623467413,0.09350024556745465,1.885235492874343,0.032558224872877614,1.043053902866691,0.15514303645138475,0.8035560555672216,0.35688864286075495,0.4360465682304579,0.4822103013877315,1.189515152765813,0.029749612451536796,0.03441639628535127,1.6200471167842874,0.4564740442115376,1.2343827473467108,0.570524026072717,1.406651356168798,0.15590281094971545,1.1031471064028728,0.16715226554814275,0.03274649376884044,0.23178470225553235,0.11310193429956689,0.6439893746610248,0.06532649474088414,0.06636546631888754,0.0654588573286113,0.6040037606479602,0.0,0.0
0.0,27.615629775664715,288.98750166415226,101639.47160006013,7.232527878225875,180,1.3514545385443175,0.6125150412473751,0.08988006273781611,0.034782504116163494,0.3381124342126419,0.0,0.0,1.112907432126795,0.15515678552903067,0.8384059513277398,0.34387356317221646,0.08875616224176569,0.03199750469377488,0.09200779276258084,2.579792628448102,0.03207822158691721,0.9895484397761076,0.15563640057588296,0.799954392090796,0.33258248572375015,0.4522582733952537,0.46564691093397337,1.3193156845046723,0.028709605938384182,0.03211347949083627,1.454450623289447,0.4640672703341913,1.4047526571008435,0.6047063003100542,1.48415488590665,0.15575849905967337,1.10341994060296,0.18669678164805448,0.030602865420609054,0.23361025310541317,0.114997043771961,0.5886254290391498,0.06942328047777409,0.06275286379995143,0.06684142454143975,0.599191105981845,0.0,0.0
0.0,330.6972363084478,290.72142574654,100973.8649820861,8.032387676141783,180,1.3876941637405094,0.6099191709837681,0.0852972453038169,0.03121300911565768,0.3426615837155741,0.0,0.0,1.0857809617664962,0.15516664102713867,0.8393047782450215,0.34920497490089414,0.09298560626076732,0.034194858191687716,0.08414069255099811,2.4181318908498795,0.03414367141605195,1.0449475943680497,0.15531464562628272,0.7990072203767771,0.3397521703184222,0.4618449707066333,0.4628199650892996,1.4532583083962065,0.030281096644874453,0.033568647682369585,1.5274992953499222,0.45675729575201535,1.3330737995519235,0.6108931017740625,1.368224751510406,0.15560689066837935,1.1040367460153573,0.1682975665401053,0.030706525123495965,0.24103752912818951,0.11514826576720288,0.6186327469682324,0.07194152828200585,0.07164043739660415,0.06833515025882358,0.6494095166741584,0.0,0.0
0.0,29.051129536345442,290.39144446501945,100916.517665867,8.737001563648787,180,1.3926920439589097,0.6071479514156976,0.0848339982293294,0.032848429994630286,0.29072013866644003,0.0,0.0,1.0107890818156882,0.15475935182164352,0.8375704784273794,0.35589827141817426,0.08901011369178789,0.03093539018465603,0.08842144329037643,2.1487262656302764,0.03352836841003197,0.9613976969116481,0.15573660219628765,0.802513891853593,0.382555130771531,0.4395229327100005,0.4716796561133584,1.4377645650695159,0.032862859466412264,0.03310248417146435,1.5145911407437442,0.500518405266533,1.3642077109763733,0.6211748901888032,1.3071786566853214,0.15543463013331488,1.111634378206645,0.18006225241523935,0.03242261086785409,0.2281802313849937,0.10663684339541198,0.6186850536099865,0.06786004669073624,0.06953247052916896,0.06250854550534628,0.6675766473205517,0.0,0.0
0.0,350.5405896891263,298.8616250197311,101812.91322910663,9.17000099919688,180,1.3684077831065113,0.6068525311566936,0.08917916644464698,0.0291781618109075,0.30775510255643274,0.0,0.0,1.0072997003315196,0.15516931634976036,0.8378095640289875,0.3454802703828947,0.09141987068589429,0.029947737918482233,0.08833603970592704,1.849373901073496,0.033199594187366156,0.9305029930625961,0.1555950840929994,0.8019144324892167,0.3976344635025142,0.4784636919355911,0.46926777240165446,1.3043788241393395,0.032098410591262644,0.035468088970330665,1.5777959672447541,0.5058444506605362,1.346156709243145,0.6641650817221815,1.3600826804040356,0.1554038806662761,1.1071953259537537,0.17982310602494503,0.030745563419947133,0.27265396349455867,0.10979532013765449,0.6413972350628729,0.0692210042084987,0.0675854862067538,0.06167120376866754,0.6339880752374535,0.0,0.0
0.0,279.0508493655643,300.82883135946196,100582.77377521183,5.749245316164558,180,1.217721099420681,0.61272788076691,0.09114881591368511,0.033707948888473116,0.3144573823731331,0.0,0.0,1.0351925194754172,0.1552468902417957,0.8319331920196857,0.35770267959846447,0.09098639659430437,0.03348885124309726,0.07901286597673046,2.074722963644317,0.033260749318984005,1.0418893492904564,0.1555229622817896,0.8024719857397923,0.34422170356597925,0.44449275537017746,0.40493143062740955,1.6470165748219574,0.03097481531153605,0.03411970447739259,1.689172463839853,0.46223524761858703,1.29755400156131,0.6189825230652031,1.3028734284258499,0.15537393352633092,1.1075368058322639,0.1898878835372847,0.03012195397634108,0.2433255223655476,0.11005923227736704,0.6050061328731545,0.07249230612801777,0.06844877989515366,0.07160221514444909,0.6091542712597248,0.0,0.0
0.0,230.19290606462516,300.18086894402575,101092.52280954647,9.993991740897776,180,1.456348905527754,0.6065682885871229,0.08812841204367491,0.03190006183367634,0.28182156650359724,0.0,0.0,1.0615808204752855,0.15516385227335802,0.8396355413346193,0.3918255909767469,0.07979846875328361,0.031939637630637945,0.09279564557668978,2.48587150243147,0.030776773100219652,0.95613896349243,0.15557978817587234,0.7991978063549979,0.38043414917346496,0.4738542565634655,0.49135235135658134,1.4524367695368572,0.031871350636644244,0.03032408071982813,1.5667616894340026,0.46881973368429103,1.3562689560412984,0.6041828307514965,1.3606942608453574,0.1558053366825987,1.105375133906374,0.1847187235594578,0.032192104605719356,0.23958649325694018,0.1141088794333198,0.6845242015814939,0.07100579990931845,0.06610390165167904,0.06953499050831459,0.6285516855586536,0.0,0.0
0.0,172.26218927485712,284.9394820521669,100879.21065075848,5.42005476591561,180,1.2765439865506616,0.6072103140501548,0.09423087964020618,0.03013262914284622,0.3236307955744017,0.0,0.0,1.0270994634649606,0.1552065444974493,0.844244135330693,0.36203754318558573,0.08721676438716043,0.0302512547596171,0.09594934935259919,2.43844282792623,0.030606371045627627,0.9721946659509418,0.1556445255340945,0.799217347329128,0.3617837149655656,0.4701816310884132,0.4417867217021388,1.0270513324543333,0.03262175615443337,0.02979324343706741,1.5678563442247846,0.44358412951499426,1.32518490425227,0.6032610811610176,1.372482655845596,0.15518644326573547,1.1041262598985258,0.1754887938074942,0.029848487608757385,0.20781160161270593,0.1059866296021039,0.6309935547353832,0.07252967293390965,0.06767509362739361,0.06666321331646669,0.5846742996479608,0.0,0.0
0.0,130.06058649204482,295.67798392293787,101558.18247682157,9.177617873164449,180,1.4911564434313973,0.6095257068272446,0.09185438079180767,0.03145985592669667,0.30644727027204083,0.0,0.0,1.0744461278042416,0.1554565659054022,0.838157294620513,0.3470965105935384,0.09158010464633136,0.03235469323716671,0.08879958931974354,2.2853099092886846,0.03367550468219234,0.9979158299826467,0.1554574170230931,0.7974104030882196,0.35992731324062605,0.4344453276832074,0.41789050291893176,1.2118608253431296,0.03232380100308267,0.03225663857338139,1.542910066797814,0.4407189062772964,1.43550668453485,0.6020140494767989,1.3976171250556415,0.1553920381257497,1.1011928742088486,0.18827983187714795,0.032074854861237366,0.23756182230132394,0.1096652464636586,0.597260952544273,0.06397557505902217,0.06705508848117875,0.06689130974544466,0.6468724194485751,0.0,0.0
0.0,238.6467922515481,289.04649070236866,101161.06286300051,9.428136641637645,180,1.3447494142453553,0.611215874962013,0.09563057191844415,0.030833784608046227,0.29206998187038374,0.0,0.0,1.1352902587043896,0.15519382982071134,0.8374835992100061,0.37345091369918904,0.09290477042070296,0.031411500745267454,0.09448786040062265,2.413911378086501,0.031906838709411425,0.9537502981111923,0.1554131392943241,0.8006772395590764,0.3839133492641601,0.4612275264612089,0.47835128939160904,1.3666889371664304,0.03105367092427491,0.030997865107088875,1.5113392950454436,0.4662962950307601,1.4752105394083863,0.6252350741566559,1.2781981853696018,0.1552944160096181,1.1075920660575758,0.18537663293042492,0.02899147837393333,0.25117409969132415,0.10668946968468015,0.5908311876442169,0.06993591151120623,0.06580939725181355,0.07024271892803453,0.6446782265648048,0.0,0.0
0.0,153.92039597627007,285.37616727202294,101649.15016654696,7.3933155013983125,180,1.3326376670189954,0.6079019203828021,0.09433202311030188,0.03178108280315732,0.3028112785203329,0.0,0.0,1.0722504195669489,0.15537529857512675,0.8390303675329758,0.3462706913921853,0.09062932178493509,0.030537283786844092,0.08632374104159932,2.33871194768661,0.030245533303543095,0.9415606479476444,0.15542283728485762,0.8007110978943583,0.3326964905524949,0.44520295393741754,0.4275584015839418,1.4861022325030366,0.03279928453618683,0.031230115262799747,1.6379497335373845,0.46481479079272464,1.4188052057644647,0.6098906909430991,1.3119318320526925,0.15536157146453294,1.104995026023429,0.17774461303788772,0.03004713209483539,0.2282005058165259,0.1112051203284819,0.6035763559910106,0.06412057692931773,0.06366234534916838,0.06997498799582513,0.6073259824828836,0.0,0.0
0.0,148.90037853449624,288.6236499548884,101339.74495356291,7.253862023683827,180,1.3109751406726082,0.6092048828685082,0.09854444872685524,0.03237120915815663,0.31217382403395316,0.0,0.0,1.0150711013003069,0.15544199524237204,0.8357685496584253,0.37407889977845393,0.09011124972874725,0.032000235392398144,0.08709590609019442,2.580549700576386,0.03376471637948931,0.9837852037131631,0.1553026314913831,0.7978062501554434,0.38442452485316636,0.48448762626604536,0.4542678593657245,1.3211589871163023,0.0319501341324638,0.03286176918764737,1.6204406722877305,0.4202733291387247,1.3667703135706089,0.6367311427107338,1.4179321753336043,0.15539387292467352,1.106307496466787,0.17803315263569627,0.0320681498183715,0.23263076542974617,0.11328486516712928,0.6035350385022185,0.07297738405412577,0.06279584711011331,0.06976869129241012,0.5817186468425715,0.0,0.0
0.0,74.62113485422095,287.11172300517853,100923.46068799833,5.2850223024329495,180,1.4298609160466709,0.6082254573693177,0.09422133995526319,0.031530190508626724,0.32166406911642453,0.0,0.0,1.0291755793648456,0.1556527028703398,0.8402244814740801,0.36882737050946346,0.0914478323053189,0.032328286876622404,0.088247208670795,1.9070535982499612,0.033133704490982005,0.9436781487833225,0.15598301633010314,0.7985479012587762,0.35082288621419816,0.42722914788224947,0.46669751301641166,1.615652769203253,0.03089095285903559,0.03422208975276962,1.461595958663725,0.41005813867529106,1.3315938905843807,0.5922120557107945,1.2474416866090254,0.15491608546866775,1.1001032874610988,0.16646386812251815,0.03227977641317613,0.26138858205572174,0.10435791282781781,0.6226068505461999,0.06852470722937855,0.0646759156621913,0.06720889134358142,0.6312583090939596,0.0,0.0
0.0,325.603153459885,290.56145895967643,101149.23453917218,6.095607550913029,180,1.2872114854082006,0.6126803506239915,0.0910163730753702,0.03247628431411572,0.3062427522323707,0.0,0.0,0.9721116992132128,0.1552187384475539,0.8370776497776253,0.37324796305148916,0.09317878950685023,0.03076351333038733,0.09470964785930602,2.1469096326213566,0.03196940602979527,0.9649165249925782,0.155882982797034,0.7969049252205739,0.37891357087873606,0.4340011409395436,0.4216518192226703,1.6790116511680901,0.032169766551476645,0.034117679180143516,1.4836943748742106,0.45765388598433915,1.3947701237727055,0.617270356989971,1.2918098999915504,0.15542071970157478,1.1066935286178936,0.1587722907320447,0.03078585176393913,0.22664123848446047,0.11370141505489353,0.6194255973231921,0.06788658716628873,0.06965992331401656,0.06831309785965006,0.6113558273780436,0.0,0.0
0.0,304.72730146154294,297.83695834053106,101046.09219553859,8.687981176316814,180,1.3507751442976357,0.6055809154791926,0.09466742452076984,0.033641458559485506,0.31900592456334004,0.0,0.0,1.0216218237228993,0.1559476176790643,0.8405800333710067,0.3729123462351914,0.08058950074736461,0.03240967502335335,0.08474317337327666,2.5875770087230383,0.030668904639115833,0.931365935932417,0.15503263238566295,0.7975955204887918,0.3665366522540126,0.5068763131737776,0.5146755059203559,1.095639119209211,0.03427104081914799,0.03236259823457348,1.439765870975969,0.4495925439466396,1.3178840659669173,0.6340607198908289,1.259341880976225,0.15566681568448273,1.1058778385717754,0.18294463326658877,0.030761387652113274,0.2201266556812279,0.1138640678023838,0.5757977658627669,0.0723863163175694,0.06747442623082929,0.07136125069153382,0.6659324668023094,0.0,0.0
0.0,216.38166634360218,284.7098269950118,101179.27366118121,9.093469580366392,180,1.2471303728745247,0.6071265508396847,0.08976000334080371,0.03203093666450971,0.322592291664372,0.0,0.0,0.9833433713263642,0.15558243142104627,0.841417968165374,0.34694837943056844,0.0871461214917284,0.03323816062866675,0.08564768953108291,2.0579577619753975,0.031561242649299236,0.9900429477948979,0.1553256361875407,0.8041770760489034,0.40154036890074407,0.4738204100777697,0.4809556372185654,1.4039213956458774,0.028808621459997314,0.029506291719095856,1.4717093301419353,0.4601756468091797,1.3910498522358983,0.6532899390429925,1.4130639463314718,0.15520470185619262,1.1040964646279865,0.16335277664809705,0.03383090574668216,0.24158883130165545,0.1016436103032769,0.5929946014828403,0.07016154978281582,0.07016877386947852,0.06811851285405832,0.5901407689478709,0.0,0.0
0.0,72.86688182183337,287.150553646581,101209.39366481945,7.565576361856666,180,1.3818307325187538,0.6114952935228793,0.08847413716716537,0.03178719852212804,0.2824947896452809,0.0,0.0,1.0700060091780483,0.1557409658847424,0.8405603157760919,0.36088843337787485,0.08836557171930069,0.03435084571413429,0.08398391708138621,1.984054229826722,0.03173030891593248,0.9361654840378971,0.15552215926445584,0.7979030545592036,0.34999637649068477,0.4675097511299038,0.46555417921559306,1.701091341920838,0.0339429172341785,0.027714317407114605,1.5617391310872093,0.4704005815216033,1.3374309334505365,0.6013755088885246,1.2957484420007301,0.155688520523128,1.1034005790821566,0.18355021991002873,0.03142340486526302,0.230984093407593,0.10636108721592527,0.6341979783504834,0.07322489330332911,0.06696687839066298,0.06452653053892772,0.6243337720593763,0.0,0.0
0.0,41.605288764810126,292.52236917459805,101080.928239255,8.926407242358787,180,1.3849281902759603,0.6072527288270398,0.09403248797384012,0.030534986811215522,0.29712047141586906,0.0,0.0,0.9805637630061077,0.15552230184342958,0.8381481695856012,0.34198460536037234,0.08660961971737499,0.03209881889127077,0.09081409391394203,2.1978221276736614,0.031241304121663274,0.9785213154301508,0.15545325584923655,0.7984935778723177,0.3589544513595826,0.4778107763745813,0.4857574294390538,1.3400197224276384,0.03172148420788712,0.034458299107494615,1.4631822156645418,0.44560995784904134,1.36578589863805,0.6259973987859625,1.3102451215297295,0.15496977301942563,1.107394659697132,0.19363587055332768,0.03324816588039736,0.2432308497235607,0.10881339789000324,0.619463619150645,0.06584619808789496,0.06710914082956515,0.0682342079593756,0.6383981629169241,0.0,0.0
0.0,98.47727203344927,287.75893881665144,101251.6084037226,5.291965963424193,180,1.4656116095437823,0.6093793819527765,0.07839275405596668,0.0317734215371796,0.30126057051945926,0.0,0.0,1.108825252166486,0.1552887928358544,0.8399089001773798,0.3797579497077234,0.08832896926259422,0.03242626355773704,0.0919175260051024,2.7717526173714426,0.0314729593662139,1.104469540869409,0.15546885158558113,0.8009170790262953,0.35725822699246873,0.509383381499118,0.46016175830871037,1.4859794148119458,0.033008531833899915,0.031584869668763116,1.636708584124998,0.44443833083073225,1.3541811071580656,0.5628059501220096,1.3312300154134127,0.1553255192469998,1.1046638304132803,0.1918565723972737,0.031888606198607304,0.24973448563375056,0.11417976888629323,0.6333940771087325,0.07196570148836204,0.06986724273468717,0.06792535099157004,0.6218118985065232,0.0,0.0
0.0,245.23894675608966,283.05394890180827,100940.7419762928,6.664627206431358,180,1.3150175030635727,0.6123410172286788,0.09194118135994059,0.02639877293793491,0.31430305456472285,0.0,0.0,1.0599525282073805,0.1552281662203894,0.8335241883770671,0.37492873039705815,0.08961759076597234,0.030467574768797415,0.08613296736592155,2.129404724617468,0.027197794345785217,1.0091946850071416,0.15550962970339804,0.8035732367526961,0.3533059733385408,0.4308278853273664,0.47826224580153787,1.4295929479748235,0.030145430363122113,0.029526634486370378,1.6901119612269686,0.3993034383026159,1.3537677864797377,0.6386625159950767,1.3634894798566461,0.15519660972438942,1.1075052013336497,0.1744516078844321,0.030182441106433207,0.22581946394531238,0.10693445655884923,0.6462678235255899,0.06812545541935165,0.06728202289381692,0.06944536811526049,0.5857636659115492,0.0,0.0
0.0,46.41304678179259,297.1597047477893,101608.19044435922,9.61338888373255,180,1.3117815945630533,0.6061752891000797,0.09586967695275465,0.02955773978768877,0.30048916149854366,0.0,0.0,1.034388686474846,0.15579250304984052,0.8337616907337404,0.36109022392694856,0.08961029281694093,0.0314643615147972,0.08394814748574926,2.2424682150906947,0.03354647687211928,1.0190191574896974,0.15559141616810276,0.7973259343024167,0.38569499479847663,0.4416522764839607,0.44438526505020315,1.3705658555811895,0.031843309121162976,0.032986159103126925,1.5550031731831762,0.434447825346317,1.2692520797139004,0.6564009273520834,1.2574053614728065,0.15553521160261374,1.102047863585444,0.1939119857743254,0.030207393027037885,0.22450954849155086,0.11121776810627358,0.6163858599564359,0.06689513083363814,0.07136290950348302,0.06677185324881982,0.615248029738942,0.0,0.0
0.0,251.43155614856025,294.09193471500816,101582.4108561541,6.986167550226324,180,1.4377204386945497,0.6078076743226228,0.09264211587844146,0.033453183458193404,0.2923819182557803,0.0,0.0,1.0468306200056312,0.15543486035524878,0.8355559983579324,0.3742336934326194,0.08671596605855875,0.029861074572636082,0.09354285670796622,2.2066681701730375,0.03067850023915055,0.9604614723628656,0.1553834002469883,0.8013947913921909,0.35427680346049795,0.44173353611529864,0.4813588338917932,1.3595281172288156,0.03255333355612958,0.031514311440061095,1.6023961047615567,0.45986715984535553,1.299060469479262,0.5931811311014984,1.3408844171124403,0.15570600386822037,1.1060822612318424,0.18506640778707692,0.030962222168295077,0.24256022786772485,0.1072756400390533,0.6429958268819256,0.06951391889281411,0.07206723156198985,0.06274566939648145,0.6198936915119015,0.0,0.0
0.0,27.331002043031496,298.5959899104326,100762.7253827525,9.638217449222209,180,1.2701488936695882,0.6111458050006329,0.08398925852616812,0.031066257292987533,0.29702983036371333,0.0,0.0,1.0073133750890828,0.1555258422801714,0.8374018463977844,0.35318794103070367,0.09100646988761137,0.03135913240043336,0.08972351721387331,2.260239339901511,0.035575507486609294,0.9636390790493924,0.1553915661814402,0.8014527145699211,0.3709189633118616,0.46203196814590286,0.4582361380778986,1.4438703220839655,0.028970541094479434,0.03198098745912507,1.6575097443302904,0.41483509634438537,1.3869629176387264,0.6418918499482998,1.504086618138867,0.15596126222309362,1.1073100901523099,0.16088581079153577,0.031974548498011846,0.24753173232178197,0.10621488375730508,0.6313843627304603,0.07014918945803064,0.06571638890391164,0.06320847534142149,0.6362926870570369,0.0,0.0
0.0,1.93465211756235,299.81842723535715,101562.06986531224,7.233522489780099,180,1.2799526961494039,0.6069646257184439,0.09065454230003847,0.03168215837252987,0.31020982230349436,0.0,0.0,1.057937771680408,0.1555610941200342,0.8398374016338322,0.339248504015479,0.0847789982253776,0.031883606267598334,0.09404301182690489,2.473928807239825,0.029744691612136897,1.0334970461151656,0.15524645334567505,0.7975431309689323,0.37726686888372485,0.5050741230610414,0.45165251276581103,1.480282516812003,0.030872420153924857,0.029277840822481374,1.6314034901237149,0.4850289112914606,1.3349138322749554,0.6095240916850171,1.445852256077056,0.15549850631317935,1.1072468396931938,0.1947984194860706,0.03355417990433277,0.23175773402165784,0.11427035058498465,0.6184642281935147,0.07274423679906578,0.06912711373731634,0.06982541048137712,0.5924390887885932,0.0,0.0
0.0,66.66044202326252,295.38535667358855,101183.58322397538,9.859419841017086,180,1.2040713726440306,0.608503693789983,0.08899020389958438,0.032844229665944684,0.30711737088181984,0.0,0.0,1.0296113804618865,0.15564476498580337,0.8332439154778463,0.36879201525762145,0.09153582892120533,0.031147453933627497,0.09714070116005392,2.035511197915658,0.03120935449351439,1.004939558307259,0.15548662208201283,0.8021200059869285,0.3738392278540479,0.46053632973122627,0.47128660753746426,1.1195533808037883,0.03250654994226144,0.03219244940270716,1.5410539321422956,0.5014089955594132,1.3852158484052468,0.6005922085032589,1.3383073039787274,0.1549440823332518,1.1065198647466252,0.17158111660025835,0.031770433742002016,0.22041779352353127,0.10890941086963195,0.6301657275313693,0.06647387274288082,0.0666345393211992,0.061116530031687225,0.6253041508760899,0.0,0.0
0.0,313.9870805268611,300.95103133268503,100854.19826197233,9.220343352042288,180,1.2728478279213926,0.6136275842791895,0.09662887290976888,0.031869768687986855,0.3313396130794612,0.0,0.0,1.0475448991425027,0.15552507585256858,0.8387890729339168,0.382416449706134,0.09059287191467369,0.029666581203903943,0.09102020587242424,1.9861869802845045,0.034281044978105545,0.9425273500485779,0.15525938472131637,0.7988447481238014,0.3769755132385292,0.4802608437687351,0.5048766934694006,1.073840165508917,0.03435567617928148,0.03127592486394253,1.5931270950113066,0.4481763583627163,1.2412772219788457,0.6081208952962579,1.423133706428991,0.15570090588284174,1.1073484450095303,0.17231998762289075,0.03199911827797388,0.2461469103784781,0.11946926795824535,0.6465605578027912,0.06955574357507473,0.06591415900967562,0.06627200592873589,0.6285565411745211,0.0,0.0
0.0,52.858470215427715,295.59628363810214,101575.46308830996,7.416055259833899,180,1.3486535509258537,0.6085072067138741,0.09099869437621501,0.030484397794623513,0.290133798441747,0.0,0.0,1.088280067911429,0.15546482675218581,0.836288990301693,0.3523230117568427,0.09572690757860443,0.029582299988359997,0.09347146773454644,2.3290142833912357,0.03282689565097253,0.8917115232247651,0.15546589830388777,0.799816332403908,0.366929179964498,0.4679887466491444,0.4800834406976115,1.4949397952023329,0.03080464205303572,0.030301745549998337,1.5175468683717517,0.4330922067338943,1.4717144275084715,0.6578039024241884,1.3813473749128273,0.1558466503323981,1.1108581808290698,0.17083244094374375,0.03320926670521706,0.2508640547897025,0.1095587101132773,0.6052178514265487,0.06411503355954734,0.06877721826631665,0.07410963964580872,0.6548548300637151,0.0,0.0
0.0,19.631046214191265,296.9709307454136,101749.85460348977,9.032156781214878,180,1.263254769506924,0.6098188023574823,0.08546521327416942,0.030683483639863094,0.29860745114404846,0.0,0.0,1.0461180953163889,0.15557529118635174,0.8376209741432346,0.37591065487960784,0.0906729733851457,0.034335034938592156,0.09558127113623392,2.1464246088051757,0.031863489812244176,1.0200811335947246,0.15532080123224076,0.799007869040245,0.30955259407147195,0.4478265831263392,0.46267038264739296,1.2299812067631015,0.03542341857765029,0.031662207978329374,1.6164276821865802,0.45708661833076286,1.4527879353738709,0.5896266167088537,1.3516675095973498,0.15546323195891298,1.1046087958398598,0.1771533520576337,0.03239468088182241,0.23090351863123945,0.10933048236920187,0.6933948117111175,0.06751224477375017,0.07015059310323024,0.06714125645301677,0.641494197749934,0.0,0.0
0.0,5.084383429871546,292.07205168154906,101323.82691794362,6.7416502703272405,180,1.3995123198386488,0.6045143566471742,0.09689868725550174,0.031750935025604866,0.30799364345021996,0.0,0.0,0.9763522934012514,0.15557284422770024,0.8372546231897391,0.3499499055423666,0.09479720818406065,0.0311475158185537,0.08833813361382983,2.403836162433763,0.032528784211854365,0.9066450864425862,0.15547208288869085,0.7997754990686246,0.3516326249295897,0.4859124036142798,0.45433131826343204,1.1939019222258551,0.03263730652403576,0.033316199266865604,1.435648132865386,0.4486950389645862,1.2570347194461504,0.6120092355458516,1.331467798134023,0.15552903217860414,1.103361180213779,0.18041084027254062,0.02980009220010203,0.24832636555899054,0.1122329814356697,0.6134677456686686,0.06138929310249206,0.06527272076619393,0.06122468373839205,0.582711682612126,0.0,0.0
0.0,339.0245508153046,294.7593269418143,101749.81432215149,7.5812534463620365,180,1.3074412032427427,0.6114414723286655,0.09271107342594799,0.029903649153993694,0.31310013131562525,0.0,0.0,0.9825545284460901,0.1562790829363825,0.8389698072744514,0.353829632411861,0.0870260680764146,0.03032229942123751,0.08254447669206501,2.061452242086053,0.03167609301601508,0.9815320651689003,0.15542777355846354,0.8010785878264279,0.40631566465956215,0.45728506782183703,0.46310640463931296,1.518396404570984,0.03138461865074091,0.03254217020375001,1.5262950986182282,0.46755697311448097,1.3502528218215633,0.6352344780035065,1.3137327490655761,0.1553390545348931,1.1110669697326119,0.17710723136270526,0.0321562724295274,0.22160573038359416,0.10193380247126152,0.5878463883325495,0.07087872461328823,0.07384235985710766,0.06718691936365848,0.6153671831376925,0.0,0.0
0.0,169.00794769694625,297.73155807092684,100608.71214290186,9.907803090919817,180,1.325014627007476,0.6123666692487492,0.09288440787562996,0.0315741244530815,0.3339074749426965,0.0,0.0,1.115696079976276,0.15506955732835417,0.8384731474838562,0.3698505530042723,0.08211998305072461,0.03421700036040002,0.0905137156443015,2.346084233239582,0.03460927313718543,0.9180502438738648,0.15572386428837617,0.7951306674645803,0.36873726546525765,0.476722000610417,0.4772303789857801,1.34676605522381,0.031217058987026272,0.03179177874704533,1.4933719347842016,0.4473539754487142,1.3079745468460584,0.6120985858916063,1.3761862876511857,0.1553868095413789,1.0988261053151684,0.1853230039857188,0.03157934587289079,0.2306670961812868,0.09661181779486562,0.6115237148691021,0.0658327159037788,0.06802365054381343,0.06159979740017857,0.6866263089509467,0.0,0.0
0.0,353.5567076358721,288.0656233766908,101503.59080766629,6.976880977016748,180,1.3879317205053288,0.6103997214806203,0.09542890487593526,0.03154637511279564,0.32249866271326383,0.0,0.0,0.9795081133392332,0.1552894912186519,0.8365865492260128,0.39290385764073676,0.09271596283094755,0.031274584037777865,0.09410302053338146,2.341472399820693,0.03269648639362475,0.9440403886911324,0.15512333578411655,0.8070753971000144,0.3903617598617431,0.4457232602501047,0.4706989606056383,1.4213273303631464,0.03308159034720653,0.031100081000304525,1.5481671298884054,0.45493569485441737,1.3775208375272,0.6000822462628982,1.3005030603790813,0.15517114003578222,1.105028888334156,0.1656264842068829,0.03223393511498829,0.23407779119858568,0.11093676178449537,0.6801113129911358,0.06838038521548663,0.06668425636728208,0.06967706526418156,0.625525236021273,0.0,0.0
0.0,219.70026665100903,301.4173253948239,101346.203544625,9.127952749104413,180,1.2597751570436606,0.6077076868036598,0.09760476929077541,0.032404697304045514,0.31475451881435956,0.0,0.0,0.9873292902281426,0.15536529254539616,0.8404032285873894,0.32412793495796566,0.08905204700204755,0.030660702772255733,0.09135443422814002,2.2819866353725344,0.03149508742424215,0.8957887017992117,0.15513106918694375,0.7993202928737603,0.3600459589010133,0.522354810582107,0.4641500222193957,1.4630568631161538,0.031260113177125105,0.030659713073176015,1.4632747971525788,0.4411126710000213,1.3252661046994272,0.6023819414146098,1.3356871017660172,0.15566519959398362,1.1083576325458955,0.18602016662193746,0.03346391667432579,0.2400952315205613,0.10524577840162852,0.6252379835119654,0.07077186570536692,0.061631979317937596,0.06757385879097612,0.6652227015366731,0.0,0.0
0.0,99.7980263989706,292.02660842403264,101652.92544162525,9.596363168286125,180,1.3560040433114122,0.607539965922738,0.0915746590244983,0.033151871197672114,0.3042566390304464,0.0,0.0,1.042629376994386,0.15549925365344616,0.8373434802933546,0.39004335890725905,0.09569408558407007,0.030378124036731912,0.08856098321288763,2.3383946196808134,0.028741940049396713,1.0877753348025578,0.15547106440636319,0.800991744272237,0.3553373262963064,0.477038313553838,0.4735817006308196,1.266688526982236,0.030022383700906992,0.033627850714358934,1.5138905571197252,0.46852526566709235,1.4431534205429306,0.5875286910529264,1.4754761342072136,0.15580775772408986,1.1069831313523226,0.1747945871831019,0.032832947978827715,0.21767184984134047,0.10348972852032857,0.5830948188790572,0.06741661700755065,0.06643169510783851,0.06986814901265745,0.6138562798571574,0.0,0.0
0.0,112.45957177429476,298.53917205939445,101725.28670405167,9.602173119272761,180,1.3635828168730177,0.6102723547631895,0.09367641992844718,0.031456918399893605,0.3104934569535518,0.0,0.0,1.1105479375095644,0.15486138825142087,0.8388628864067068,0.4024909247480481,0.0835428041505578,0.031080112492952415,0.08926414246694306,2.393682485944864,0.032233389751249585,0.9678683465258268,0.15537628620738347,0.7987275234584792,0.332826792373896,0.49656424085410433,0.46704091717871227,1.6029292707568987,0.03446119449794653,0.0335568774224051,1.5302027203606734,0.46976804604559286,1.4619152966852431,0.6769684554096375,1.3227204725718458,0.15519497096685542,1.1078534563860032,0.18828149067506117,0.029995640901852954,0.23006482179896523,0.11962292271270691,0.6164023582494736,0.06953574842207932,0.07090672877229588,0.06137141950212408,0.6002633921630087,0.0,0.0
0.0,129.13604724023685,290.681739861995,100878.15540097453,7.2528478464329975,180,1.38708196937618,0.6066201724092405,0.08864072421580417,0.030261278099569598,0.3178819909571506,0.0,0.0,1.069550298712878,0.15525582376641825,0.838189493150056,0.3475076108901186,0.09676448281238788,0.03158382195640221,0.08325751425753847,2.284822486890844,0.030523173955508152,1.007155876274986,0.1548979175146772,0.803590483144642,0.35973499479306315,0.4707238583253612,0.4777260453956213,1.4358875342390438,0.02862358447479681,0.032327682035153245,1.439775789559895,0.437303754882025,1.2781164884309553,0.5962231739954036,1.3886263907015142,0.15521066342597636,1.1035059645630516,0.1764748872452966,0.031135275817259594,0.22499589275774587,0.10498789867345051,0.6290319233613495,0.07302532237984818,0.06298291541270817,0.06821044522186227,0.6014032084290706,0.0,0.0
0.0,216.9050240921859,294.04076246465246,101108.2623331394,9.069350276848878,180,1.3964556710345624,0.611038981426697,0.09565661605287912,0.031150291992446642,0.3136774515765982,0.0,0.0,0.9686229275169748,0.15559072965455628,0.8363892660805251,0.35962638151541876,0.09043673304129365,0.03225862826383065,0.09590091255867499,1.8644816367485253,0.030049169301382787,1.073996311924183,0.15546062552916162,0.7964795620121442,0.3749305993711377,0.4389251495069933,0.46129520735965795,1.2560086465603209,0.03218533075780296,0.03204746720902492,1.7451787929356344,0.4775445752459041,1.154726767244071,0.6394740266417341,1.460838631572287,0.15580957744383594,1.1055351264275848,0.17741441016147663,0.03302404816309074,0.23058626398954685,0.10685870699126054,0.6103917853111646,0.07096798438482216,0.07292490053850051,0.0734150948562965,0.6053426637130956,0.0,0.0
0.0,359.9844332061607,296.9446640115544,100788.73634288007,6.277955486949963,180,1.348967781761418,0.6116003177649766,0.0852974769574467,0.03128200620237355,0.2927484612394517,0.0,0.0,1.0056323615941754,0.15539027340490502,0.8373310833607663,0.37659784974890276,0.09977869300040704,0.030493925788446487,0.09189070544164121,2.3725043185017776,0.03167324248195445,0.9109102272377133,0.15547894730468306,0.7969670625566164,0.3501708764660347,0.47473039282426616,0.5045054706206262,1.3189356628813258,0.031003911600048437,0.03302286384237182,1.6666941952385292,0.46273689125930173,1.3034925962509,0.5411626036837363,1.3272208696070174,0.1554818403452178,1.1045881671326359,0.18548860522854593,0.029963358283109955,0.2529116372390088,0.1116645376263012,0.6163586515641762,0.06311661292855414,0.0714905722468961,0.06972596184056463,0.605122864686769,0.0,0.0
0.0,258.85622541126236,288.39874547121417,101722.48174525934,5.149599281990543,180,1.3927808637440091,0.6124721004622844,0.08964760703985279,0.030037652597408915,0.35518400617059176,0.0,0.0,1.0854782972334929,0.15508112860723386,0.844654741259606,0.33737491023757044,0.08851919753801649,0.030703602072241296,0.08979762637292264,2.3331039789516277,0.03198588756890413,1.0475354133471633,0.15518021057745313,0.8021642832603408,0.36831403596199275,0.47728492221077123,0.4755793550625511,1.3383697438758955,0.03164742239758592,0.030787318120618586,1.6252342541062972,0.4544505242289948,1.418240212427485,0.634243603089933,1.2789763096308147,0.15570524155347995,1.1003154079076323,0.1841113800456776,0.031311738117479046,0.21561501627362528,0.10987996120168701,0.6781502070369971,0.07233778577945171,0.07562543114421642,0.0684008398564228,0.6401068619100097,0.0,0.0
0.0,355.54130673815365,286.14290718842364,101961.07472466657,5.927303726152817,180,1.390865642988941,0.6073704335181617,0.09168609693392066,0.03134874222719161,0.30475079203027156,0.0,0.0,0.9953707754299119,0.15541360531116719,0.8380298370318915,0.3562079513248315,0.09328293394548921,0.030768298333903873,0.09340150828726694,2.3454311857321444,0.031342709003225624,1.0449913788150549,0.1559485773796216,0.7963311367489493,0.3804420351729937,0.4849290846951595,0.500359371904123,1.521970811395782,0.033795109634969414,0.031120504664949426,1.5698747880028756,0.4628060645123061,1.3006991804400292,0.6488974464169744,1.4745445718375128,0.15555738178492226,1.1079754215323754,0.17624343563050682,0.03116562235287449,0.24455142708214234,0.11333377557231232,0.5884067446667856,0.06498271132549585,0.06472582236201378,0.07016232744047932,0.5734844233857275,0.0,0.0
0.0,21.14207752768021,298.380015944867,101143.64044530358,6.529480893181457,180,1.3653125206559373,0.6116427530438705,0.09015910875076213,0.030165906335398483,0.3030313984630997,0.0,0.0,1.0503246857674242,0.15568522592172812,0.8394827924502031,0.3741916916218636,0.08811037064370807,0.030355510641100023,0.0916951588694379,2.4247993813174453,0.03195915534880702,1.0464691128853874,0.15577708524734152,0.7988463507406321,0.39657011614349297,0.4923443733117569,0.46444535394286296,1.30954497830238,0.02839881169466109,0.03247697744819712,1.594892821450703,0.4482140550586268,1.2701630131670743,0.601257114359842,1.3430608289770485,0.15534642378218547,1.100021217772271,0.18614127920205242,0.03162411428465316,0.23080533445716284,0.11529808734317323,0.6398357377502165,0.06663971366329594,0.0682433835452753,0.06664055891928605,0.6483318906776689,0.0,0.0
0.0,98.90824552713286,290.7195030078236,102027.21234093577,8.473369252371347,180,1.3951198698944418,0.6125429187867014,0.0906321516895438,0.030082123891433315,0.3058420761869822,0.0,0.0,1.0308508374515621,0.15544738097380204,0.8431196553911006,0.3693298303073379,0.08683031023890292,0.029843266341511968,0.08433101621968578,2.1202997044880787,0.03302863407065893,1.0420604082353546,0.15498963182114617,0.8011498864238386,0.38031601259273784,0.47547631386930966,0.4432961214029673,1.4563817404544872,0.03286259626344583,0.033159246999496225,1.446961130474027,0.4497610456666013,1.4501997345942543,0.5894108089292145,1.2802558719339385,0.15498973115328749,1.1015231380088402,0.1853544596314103,0.03281249892524158,0.2119045691482209,0.10614278433158562,0.6269932689260315,0.060615130424576495,0.060559835362402274,0.06277663802609193,0.6437752886413121,0.0,0.0
0.0,236.7714736210014,289.1599532105417,101245.69083581859,9.057353412991786,180,1.3216446098840293,0.6125372357507818,0.08774162744611626,0.030833042866861515,0.3146885053126633,0.0,0.0,1.033185236782391,0.15573207929487004,0.8389906200373273,0.4065685268256156,0.08953744170127131,0.029844492751511298,0.09372015757706935,2.2090876158593327,0.032119819888235514,0.9334120095292219,0.1555403990354427,0.8022737759082544,0.38540091796095355,0.41991952073450495,0.4357576060232652,1.007032097403038,0.03194835434893683,0.03466147803276173,1.55659604783351,0.45740301789625387,1.3600928227519422,0.6551134329477439,1.234432344565795,0.15526058256498815,1.1038404356587606,0.1787028263426484,0.031904109595992304,0.23364170873579096,0.11299985527902145,0.5956850176713869,0.06301217936700071,0.06606877897711062,0.0649017317969855,0.6316178616568089,0.0,0.0
0.0,346.340423736109,294.72194116358594,101676.85723440789,5.87823596434523,180,1.3674062400515172,0.6101164487739782,0.08698275430677453,0.03392867818864267,0.3096109376738612,0.0,0.0,1.0631123056912544,0.15523978300391628,0.835693419148031,0.3683926414538545,0.09610691243810471,0.02954613900361089,0.08771516472617442,2.4225258474535063,0.031439116920909206,0.9776303383366128,0.1555364938785439,0.8015011738468911,0.40205159726968015,0.5129837398993409,0.43597154415222583,1.2190524714347968,0.03350051405786719,0.030841211482156187,1.615057824641903,0.4351443855987533,1.294777440174597,0.6506576041727509,1.4238254389271656,0.15564323114918555,1.1091101874702345,0.19137239207918463,0.030863017532895734,0.23912626606420928,0.10783860306586465,0.6285221172124212,0.06358970785516739,0.06943666255589839,0.06830413557697432,0.5889958205435653,0.0,0.0
0.0,137.89326855709197,289.8563040305943,101056.03992516559,5.249729298604184,180,1.433981163019228,0.6087777284780191,0.083965656702457,0.03134471096986103,0.3236775489776943,0.0,0.0,0.9461583774498021,0.1548926414196023,0.8375560331356737,0.36507467015785766,0.08339438338382929,0.030363244269046272,0.08936834093024365,2.343008106760641,0.03129644428861159,0.9500510160048183,0.15557864852740472,0.7984156348003504,0.36657773206390454,0.49483946474166823,0.4592420908460949,1.407139785975084,0.029805077160799352,0.032399760090005274,1.5107652533880818,0.43396608042524065,1.2921638264965936,0.6057180740563008,1.3597238561826066,0.1555484921331079,1.106324067402365,0.1844444600045594,0.03289933437781242,0.21869162623044353,0.10595775665988211,0.6650245649878259,0.06246743833380347,0.06314774490640496,0.07070321977837922,0.6347079851559225,0.0,0.0
0.0,39.85757147538969,298.5685649534348,100621.43525039428,8.322443398491984,180,1.3581899555459807,0.6095889193414997,0.08357825881618137,0.03302621913636806,0.3190418137633185,0.0,0.0,1.0253390128964406,0.15507643521927275,0.8441160585650749,0.35739172473084985,0.08912129016182496,0.03132609262618697,0.0862805377938437,2.076346053737511,0.030625966924377326,0.9241131784114117,0.15560857087578878,0.7987113426616902,0.38035044917392985,0.49044511793317086,0.4817394557652563,1.2100211514486303,0.02976012211577561,0.031192879391404416,1.6902182385120244,0.47441764477582427,1.353900048784605,0.6596324802431276,1.3970760514863692,0.1555751748117072,1.1076211045062474,0.18632626007664418,0.03044340410104457,0.24096808656906213,0.10802132268192847,0.5770704208144644,0.07540316393450969,0.07428955273808543,0.06101360325800083,0.6659893417063845,0.0,0.0
0.0,302.0188029330008,294.9244066084532,101775.74514204147,7.743506625336961,180,1.310446150906897,0.6124253107107128,0.09260970636096777,0.031856897652164186,0.3129215530363081,0.0,0.0,0.994907131562584,0.15600881701003452,0.8394460995572188,0.3649310455924424,0.09047667570256565,0.03215299444960877,0.08608111328489232,2.300513392922027,0.0346892618878174,1.0077146807964994,0.15591303543304966,0.7998061755071274,0.37911334507002264,0.4899818348099449,0.4860717184296523,1.2349439293186981,0.030729287888176707,0.031486397590887796,1.6150794445760634,0.46063712575713583,1.3395647959716317,0.605298519911096,1.3859120575748787,0.1554703753090726,1.1060475589874477,0.16804765394371804,0.03158848019324511,0.23937873016796932,0.11094940103369208,0.6110173148070946,0.06446992109767136,0.06612554766244572,0.0654681263728824,0.6477232491446587,0.0,0.0
0.0,334.70226487727626,290.2142673789149,102516.6447490703,9.926119614684438,180,1.3555068826161043,0.6151423876021644,0.08538022802575806,0.028857533943314854,0.3177775065270818,0.0,0.0,1.087401699424379,0.15582148090748896,0.837408540148748,0.3831848846766012,0.08976550436689275,0.03114821808705783,0.09259249761404782,2.0650282337333032,0.03346361589630567,1.0330928622063886,0.15580462910808937,0.802513183872206,0.39759304923738975,0.4381427470455398,0.46080271145876994,1.4057371049266723,0.03439442437075256,0.033513626782081495,1.5039736223782494,0.4596598104366036,1.3938407985804475,0.6991639094483054,1.3693143198067512,0.15529780017051337,1.105121613722162,0.18107282383600978,0.029454654746308283,0.24487072168723595,0.11209021595158197,0.6341531238579057,0.06942179847382811,0.06557162793424688,0.07138849296827887,0.6038111570045748,0.0,0.0
0.0,145.266955851722,285.3579747512527,100890.4105250148,8.257359297805749,180,1.2684902565445075,0.6093221856497267,0.09924475438398582,0.030579141623132376,0.31625977846673275,0.0,0.0,0.9124560398179018,0.1552328033264301,0.837752409241468,0.33277783453878657,0.10021881585118053,0.02931708990282499,0.10327259973034937,2.330032049560121,0.03301878875083247,0.9165375615188119,0.15493858601513946,0.802649317340318,0.3822858593486105,0.41641443443753867,0.44407753072712697,1.3399784795942415,0.02996316529523492,0.03681112050236915,1.4572364692284259,0.4506384772417975,1.2989514524839292,0.6013911237461999,1.1503261212378615,0.15533133714946562,1.102909886957626,0.1809601159877064,0.03302242428052236,0.22474087130908696,0.10952271934846093,0.6354070685756548,0.07505213726702231,0.06626394399031116,0.06170729826509249,0.7032496615509519,0.0,0.0
0.0,2.704113010059439,292.91028364745,100880.53531791299,7.875041146008827,180,1.3470664754309976,0.6096368582980103,0.08830585673144459,0.03313710063966563,0.2972174539465219,0.0,0.0,1.080720199297883,0.1557326300286706,0.8360885010515233,0.3544385850059131,0.08939148567549754,0.031823132804271015,0.09660187667705605,2.7359574179728923,0.03197222374933824,0.9498779991555006,0.15539872080289743,0.7954079475110607,0.3991370101284793,0.4423263932236345,0.4717927516853672,1.5255358179915037,0.03262510368685441,0.030773847674354177,1.4723036246760546,0.43823181358956587,1.1864525444146738,0.6032595169931981,1.3040849758403437,0.15571262903546135,1.105405361956168,0.16623139681410204,0.03308312457534294,0.22623442562128065,0.1161480664957377,0.6027230170219662,0.07105556909657247,0.06406634763416416,0.06787792179396118,0.6897105246968515,0.0,0.0
0.0,49.37274296853823,296.21464961421833,101253.56573896809,8.320098276392564,180,1.314809033810505,0.6087738779273653,0.08521388429180625,0.03405885480258312,0.3087944059112483,0.0,0.0,1.1259917960243297,0.15494537846356382,0.8348684829368027,0.3674697029711352,0.09445577910592493,0.03199768724712282,0.08549740693938139,2.468622824099193,0.030458409866253523,0.910043463791471,0.15524756523202454,0.8043378441216574,0.35816306518285357,0.5089604054105976,0.459040735990687,1.2985509188003792,0.0335868248892185,0.03351464651293435,1.4736120186838906,0.44852649980733755,1.5646986623352652,0.6212573356229224,1.4933537070275127,0.1555868888367993,1.104797222116797,0.17336692440214801,0.03314466407625411,0.2103219637654045,0.12529150464420347,0.5885022279371795,0.06267105889923795,0.073412263643934,0.07042302956752305,0.6199856169917684,0.0,0.0
0.0,292.7730693719227,298.73761161335597,101300.69641920694,9.83854490098452,180,1.3409035224920018,0.6124476694181645,0.09133158545750515,0.03250386449018383,0.315063151807519,0.0,0.0,1.0583265333174592,0.15557038805233783,0.8389904717480232,0.3573632881684722,0.09462279947345516,0.032190544168055946,0.08029492203556207,2.4277939806538247,0.030761231329559383,0.9195078208659988,0.15612158418947975,0.7990299993275878,0.35327241056253644,0.4609651092426527,0.4580151422590035,1.4009931269699685,0.033025706866041046,0.03118604428360477,1.4988377591643316,0.3809370449081994,1.3543486964867104,0.6504329413937012,1.3025309549058883,0.15516345503072262,1.1008568937000673,0.1914970517322373,0.030059542597287433,0.2323604776127422,0.11649900633790287,0.6047618415472651,0.06676400461176694,0.06302159034022335,0.0746603843805816,0.6725405486552565,0.0,0.0
0.0,238.302920452244,287.16145079926787,101392.37864654558,9.712782403435899,180,1.3845438307429287,0.6107660366376173,0.08443099484555174,0.031084031751540838,0.3303421006918242,0.0,0.0,1.0168306537333303,0.15559923537697146,0.8393302842986348,0.3392622453075338,0.09054625086213713,0.0313148510932983,0.08888193512635513,2.3305949441554885,0.033145530891619014,1.0379939860369616,0.15523670125066555,0.7982683464900683,0.3450333988318398,0.5208604798229287,0.4874181275009114,1.3947244571222606,0.03190302995706133,0.032681235775545735,1.6183006061360963,0.4473635972927754,1.3580498256465514,0.6165135075559169,1.2494497653230763,0.15581432594273414,1.1068076921049241,0.18566926607060075,0.029675418701701563,0.23964534462058398,0.11105055230083001,0.6315730215023887,0.06846210384444261,0.06820013789965292,0.0720800935668721,0.6379145226603112,0.0,0.0
0.0,246.16513981353887,298.01894676483636,102943.98786677627,8.091772475242621,180,1.5311080805104649,0.6116868507297242,0.08684577075320284,0.032215924104379755,0.2905798051260533,0.0,0.0,1.0685154255667084,0.15561445262981,0.839935582645823,0.4057707968703441,0.09023742332092659,0.030844849261961318,0.0879556002943069,2.0798171946382973,0.032129155190064436,1.0178036904448018,0.15594493583587576,0.8002223300727515,0.3762774568179696,0.4684013138805807,0.5029359596225927,1.26905059862703,0.02971705503585094,0.03240752725675621,1.5283419373583134,0.5003685735341153,1.4129153850671108,0.5692838768506469,1.2845705586296479,0.15573435852311604,1.1057524951852447,0.176812566278335,0.032334118174901914,0.23762958388078023,0.10652396286753171,0.6705824371083114,0.06845711103143105,0.0686590857329682,0.07255944473811173,0.6542070220039866,0.0,0.0
0.0,90.13474295694613,284.6478734382341,101326.5490421976,5.609351024308388,180,1.3119133498009785,0.6139906489666133,0.09228055320131955,0.03233949381571546,0.2739986862336854,0.0,0.0,0.9678571355822388,0.15559879795101345,0.8367856633221391,0.37009309037024746,0.08835096592253883,0.02957852447377445,0.09176746641811809,3.0001605111449487,0.02866955964900644,0.9573199637865889,0.15573067704392976,0.8034342697579914,0.36234687443183705,0.5020020683647869,0.4644140787072177,1.3829243793411834,0.031151481354252976,0.029499058652965895,1.425309567399932,0.4673903525088432,1.4382960275006662,0.625492331186051,1.281505224180826,0.15508176890033445,1.1020026222228976,0.1771519948635764,0.031247365202777783,0.21627875246208422,0.115522023611663,0.6171377141745045,0.06723515360151623,0.07161178271173572,0.0688280409166282,0.5375260382888445,0.0,0.0
0.0,285.2371188334062,283.07254020284205,101486.86584745704,5.980452315085966,180,1.18590164454967,0.6058816997402411,0.08550434754258533,0.02904526195482863,0.28763488837057655,0.0,0.0,1.1345109922515433,0.15549317176581828,0.8416771091762191,0.3981994851341334,0.08350660910761581,0.03089699014946844,0.0856479234090389,2.2010643083055754,0.033351223205646596,0.980788078022399,0.1556417702576816,0.8013201282188182,0.3356955157531489,0.477259216830513,0.4818528447929383,1.2173152769314095,0.029375244668736398,0.03215232690250081,1.5196194553691804,0.45182387039733857,1.4410396477501441,0.629804000466452,1.3888190143416939,0.15546156682764675,1.1075262776161792,0.16961577270924072,0.03248308729289419,0.2623895335634733,0.11002601329059697,0.6041392239696511,0.0660317403910969,0.06054182426061503,0.07310195936291417,0.6232231680165734,0.0,0.0
0.0,273.0213667693483,295.3409717949471,101902.87006841792,7.148996610419953,180,1.324523598110841,0.6068880320140191,0.09503845959015235,0.0320229813199667,0.3394032581560573,0.0,0.0,1.0626320828205074,0.15592717298287576,0.8386848990660974,0.34797812763854596,0.09000795320146418,0.03580281747813623,0.08838392977011966,2.194322207718171,0.03187732128623661,0.969944414700738,0.15561347506244844,0.8016474522966653,0.3549146382771174,0.4567387578262319,0.45425356509154974,1.2792144400676846,0.031367623111833505,0.03396044325133443,1.542103115184456,0.45078950435118786,1.3940608264401606,0.6344880587620003,1.448323919598577,0.15545374640662946,1.1055219400485559,0.1654673360849809,0.030975191009470417,0.22819439320285456,0.10503401275380747,0.6162345302316826,0.06549718055042898,0.061567733864918824,0.07068661054285359,0.5834915356266365,0.0,0.0
0.0,112.30273225268611,286.6422265774663,102097.95205877467,5.640654216904817,180,1.4882360037789182,0.6110603562944861,0.09061593253648505,0.03244801020911836,0.33310988888698334,0.0,0.0,1.0601781088259594,0.15593394849826153,0.8408855260513352,0.36477524713889026,0.08628225740641866,0.03116817914694717,0.09400253261518304,2.2070478133899094,0.03112946828009603,1.0199267695500187,0.15541451345369647,0.797829959894523,0.3607629704318406,0.46551470030294545,0.45839438719747705,1.5053708587894226,0.032789207911588715,0.03298578754496873,1.5158212222322656,0.4584201349517512,1.3934005918918082,0.5776691348518915,1.332763309489259,0.1557570153244289,1.1048002393993415,0.1985004317324504,0.031221038850805932,0.23940512781395293,0.11355976206189894,0.6466335358777888,0.06612511825551,0.06713537661657358,0.05904543398022555,0.5785848651492385,0.0,0.0
0.0,187.8336755364755,291.363106378036,101425.54321419835,7.198525492082913,180,1.3968630155788377,0.6124669599309185,0.09661754574021392,0.029301742455506104,0.31082392949797605,0.0,0.0,1.0193290201286045,0.15518347730328222,0.8366523391029879,0.36879020240940075,0.08449081516979125,0.029505799875869217,0.09820904506814568,2.3740348239296796,0.034410203020616356,0.9481148843897244,0.15534548907816892,0.8002584870331213,0.35065525277448834,0.4171901524651257,0.4592148359977636,1.172325317559887,0.030073126493807507,0.031471957684526174,1.5750882295013586,0.45953788202025164,1.4494818520896922,0.6458202333585095,1.2881656393230685,0.1552671378324775,1.1073236312085708,0.17418852971689366,0.03164393528522612,0.22769796450081306,0.11444076277336097,0.6374567852810382,0.06660297703699318,0.07393450812676342,0.06409465606770014,0.5893666293957787,0.0,0.0
0.0,21.63948481972788,284.1276027473976,101239.05042895126,7.0347654542621365,180,1.4313030891984924,0.6078421026382209,0.08502401629410122,0.03206027235738407,0.2906513517082544,0.0,0.0,1.0575978408592863,0.15531028596321314,0.8388317645607737,0.3594629313737479,0.09292158610429273,0.028593136297194597,0.09331635269256812,2.664058010645849,0.031236955389594853,0.9713818342382232,0.1552043563825832,0.8041175245653578,0.3513046171821227,0.46918379991058856,0.4803128198912976,1.3879184823887407,0.033070853731357125,0.03263444023604886,1.5924246670606987,0.44602943493303293,1.337259983406365,0.6470054210369179,1.4385068467976585,0.15538336456136959,1.1064746906062097,0.17768331427231698,0.030665853566212497,0.2512828648652361,0.11797611260791989,0.6678228061253337,0.0630238535509883,0.06751249780699006,0.06554593098593761,0.6088398130640101,0.0,0.0
0.0,14.689946171430073,297.644305037026,101362.04119712903,9.718271202033598,180,1.2849738787434581,0.6096405351826667,0.09619437629171385,0.03161574656818955,0.311251698588287,0.0,0.0,1.082074285740114,0.15535464204729743,0.8419177160468531,0.3543250120034757,0.08477998246712133,0.03279607116107492,0.09338901721988115,1.866863069015662,0.030589449068327428,1.0439156604228208,0.15545493365298255,0.8024835051138972,0.386674657555007,0.4779216014773579,0.5076840354316547,1.581282765956206,0.03421762241285955,0.03217411578954109,1.4348715094417608,0.4837129990414281,1.3246447303325604,0.6078424356435322,1.3031901126594692,0.15593753525016357,1.105436283766878,0.17827075038244325,0.0329193190168838,0.22949852915508615,0.1194721959023767,0.643283948688984,0.06589205772249249,0.0722867713764561,0.06758669392129439,0.6299830277027453,0.0,0.0
0.0,112.66983130369998,290.407459113996,101824.89016006236,6.838299420739796,180,1.4092526080677459,0.6157301286038201,0.08627651210598433,0.03270365892212347,0.28978576342102214,0.0,0.0,1.1414382704058068,0.1556070717617628,0.837669398624585,0.36671527137861104,0.09409864388037698,0.030994244265248886,0.08970476857812798,2.6119921565283524,0.032275790134046786,0.9809083265758766,0.15555908339742192,0.7997464619417051,0.37197700253092264,0.47413236122556923,0.4991591950331422,1.376383331129072,0.03112193457449944,0.031909057416348176,1.557117062362004,0.44787819449144106,1.3345493780319608,0.6586715433538429,1.3041832516431744,0.15539246475058988,1.1025109201468346,0.16522738622836552,0.03187894653684524,0.24153637920362317,0.10698484422395281,0.6227920682767608,0.06546999977703657,0.07116961199960034,0.06758833286992859,0.6248137100343726,0.0,0.0
0.0,260.22449120414103,287.3313797594992,100389.79786382172,7.137258504489647,180,1.2815374749206003,0.6094951815276335,0.0849318139927634,0.028104784316812133,0.289652352160878,0.0,0.0,1.0977789172376842,0.15547139336731855,0.8382990780565488,0.36845883405650764,0.08537575360841594,0.029662535595928147,0.0976048704831563,2.009927402484582,0.031952270214300686,0.9292550268137733,0.15538983716390062,0.8049450358873784,0.35913926236533367,0.4500546195853349,0.4852325165243726,1.6514257232781009,0.030835148275337246,0.031307440007587645,1.460632756828792,0.4094971997512594,1.3350711740568308,0.6420232886297113,1.3579975460387905,0.15572969789922103,1.10793241412811,0.1785945782406576,0.029578844298177556,0.2323820325843231,0.11012937002577054,0.6685284399316936,0.06548281189809299,0.07062104394327853,0.06960088697242849,0.6326392324810765,0.0,0.0
0.0,232.34709858464606,283.650411129695,101183.21981135117,7.000673752720062,180,1.2787668417716325,0.6097665968390612,0.08395366868652188,0.03219178109192717,0.3187808164384633,0.0,0.0,1.0616137279413822,0.1560679492952155,0.8403549267972511,0.35835504429410175,0.09231175076993878,0.029923263747572815,0.09498288829018156,2.301735331048146,0.03166997456359508,1.0162401118658635,0.15539906419471386,0.7976555962808639,0.36999382067596437,0.4722138475817217,0.4593823011788508,1.1413338678853646,0.03162232773177736,0.029505572749479656,1.5430119919041665,0.48449731511984256,1.3285277333486087,0.6255364274101974,1.3114877282179447,0.1555290025396022,1.1043151030683356,0.18453855008453052,0.034683754105470754,0.22798897509371116,0.10624577638478445,0.6544573843160737,0.06770542045641581,0.06834674696673498,0.06751089480653397,0.6501153710027205,0.0,0.0
0.0,94.51681199571867,291.577110322031,101723.1584102931,7.035931981357096,180,1.4944944770103399,0.6113264517921988,0.09607447229935465,0.029003530994287492,0.3053937818783017,0.0,0.0,1.0882797526779666,0.15541855761773019,0.8366515721191127,0.3549610092072258,0.09646725849054506,0.03131235653770731,0.08456497831637248,2.4503221920960687,0.03289804164535112,0.9570605337377363,0.15545270922674986,0.8062257432644906,0.37291044371701537,0.44454010574578995,0.5095638562768121,1.1978264394489015,0.03259126494524561,0.030433240685541648,1.4196117951026443,0.44217813062690997,1.2693041780869003,0.6416603858720134,1.3909895242781394,0.15560579880527614,1.1011598674170848,0.16969329777611233,0.0310144222976596,0.22925725210996828,0.1128872516437626,0.551269593560641,0.0722356402375052,0.07120782912212026,0.07040371864617245,0.6515048592264647,0.0,0.0
0.0,164.41984731156532,283.9601309419952,101622.20872215649,9.599620376295192,180,1.4398415022700803,0.6103291244732116,0.09469566790445597,0.030191361677607702,0.3086391885771837,0.0,0.0,1.0949896183951604,0.1556146469662083,0.8399337309793949,0.34756156233063107,0.08882779881097543,0.03154267235109091,0.08839357056461072,2.3354549283016697,0.03349481092950575,0.9805425417913933,0.15568817251711767,0.7990576377441201,0.35341129391600734,0.45618982569481,0.4218918450675034,1.206012319489691,0.030467922485165687,0.03147785450553916,1.5614383881556577,0.4444185063411289,1.3804910249986424,0.6097204988716446,1.2965931245786229,0.1554216224688646,1.1031360326180077,0.16802536988645905,0.031175511251140542,0.23628251590005184,0.11728723171243205,0.6020683540210073,0.058070493604028495,0.07223481384687747,0.06553220076442424,0.6758425033466974,0.0,0.0
0.0,319.28276577870173,283.26530648295085,101168.18699259323,6.230147323856273,180,1.3556034414586757,0.6079272458925576,0.08942572140819799,0.031119581992428536,0.29000969540381144,0.0,0.0,0.9469518900962163,0.15517293430329027,0.8391183546599832,0.4082860089005357,0.0943578532785876,0.03178577106276387,0.09025207207598854,2.1922315970038118,0.03610025235628685,0.9172013674907622,0.15542542952477423,0.7990637093125326,0.3514186562644002,0.4782491490508714,0.4553057318233609,1.3847572648502398,0.03323227928100898,0.03205495677906661,1.4972708363841798,0.46866253608283404,1.4404910644122249,0.6165137311652503,1.3471741440083946,0.15495544691663998,1.1033986713845645,0.18505702085794706,0.03229895664213665,0.2057613330901035,0.11330129915674896,0.5547082450742128,0.07259966078968297,0.07101390093451886,0.06855454375728427,0.5992859958673014,0.0,0.0
0.0,154.57343040668837,297.773360202933,101173.36642828085,8.009227717340023,180,1.366359622955477,0.6086671280448148,0.09169566169680894,0.034808966104398084,0.3235510916270382,0.0,0.0,0.9982001763361485,0.15532110485766357,0.8392319427994573,0.3897778836144893,0.09033300251761336,0.030433439489658185,0.08734094374443616,2.6360517724436856,0.03196184776542262,1.0280321621978097,0.1554205489604084,0.7994347903248513,0.3573544414739211,0.48112602898942275,0.4536920734142449,1.5984316414300346,0.03235223971757357,0.03276855240759003,1.5643124462224316,0.4361034173683928,1.342257634184572,0.6281411704323501,1.3584131872101586,0.1554587873767595,1.1014506084591154,0.18335384364765267,0.03283140817567986,0.22696983061939588,0.11294326507299304,0.6061660899826464,0.06521516976748795,0.06121149737695672,0.06313789337793425,0.6007656336324343,0.0,0.0
0.0,269.1240629038484,289.8389530200629,101580.6352178206,7.633566404654544,180,1.418013008528504,0.6125025231725356,0.08854346096074218,0.0304327495888777,0.3006624794631483,0.0,0.0,0.9816036300473905,0.15575703649738487,0.8366408073179286,0.3481724390170431,0.08308899188796964,0.030185186242376996,0.0850538610338381,2.0101406540699296,0.03360599813054966,1.0672743018733448,0.15539536524032171,0.799045528032524,0.36749506827432443,0.4533566652010518,0.4485978386117568,1.4615394169146558,0.03162960739829829,0.03148255289156008,1.6456022723622712,0.4919320345637671,1.3853752475227459,0.6788889634800838,1.3627611290453343,0.15519468754988094,1.0984709600756843,0.1740497830274509,0.034515523704016705,0.24661576225667095,0.09814699838787114,0.6458009060878895,0.07290939895093995,0.06397806428173893,0.06132340820649789,0.6283786837579076,0.0,0.0
0.0,58.86744307771068,284.58536779053895,101897.1038537786,9.804767124053804,180,1.25810821578731,0.6086364882355207,0.0909509921085683,0.03254861900864617,0.28945631683053774,0.0,0.0,1.0298791941436582,0.15565462567906796,0.8355792571758879,0.3824052485416816,0.09123011723223033,0.034274741612926755,0.08130610206734327,2.424250704017037,0.03272189901774869,0.9240408726549535,0.15555594682142118,0.8047861269485388,0.36940450613304987,0.45663776069836665,0.47500188286482453,1.3132970697185715,0.03198644173511601,0.031114270151939433,1.5501968938591497,0.4771364516809399,1.3774825394961543,0.6095654051064492,1.407594565784718,0.15546796583255912,1.1078268493288121,0.18214472329368706,0.03487296266194149,0.24450941823005035,0.11019104184289376,0.5987429601045666,0.06982941079736525,0.06444847791684673,0.06463252902937044,0.6050370006669405,0.0,0.0
0.0,145.02236919280637,293.6834538803575,101218.32108479549,8.775187556347387,180,1.2249377894963194,0.608866283457704,0.08989608396535359,0.031439612867881425,0.31226331661622125,0.0,0.0,1.0087622919917008,0.15540459476826413,0.8399597350779267,0.35509990502628574,0.08729576065139999,0.03320595296682066,0.08756514822227901,2.0884747118448947,0.029706613989458116,0.91147777216093,0.15556049450802298,0.8016357129837546,0.3615302965057275,0.46905897719187345,0.4333353677837399,1.5602484884965038,0.03126130258413543,0.030952007222914444,1.6408570844414718,0.44594633779687154,1.3742723286321303,0.6149861995774447,1.16405145601712,0.15550023447308964,1.1077155287764238,0.17646075615794132,0.033185418444685484,0.21680104056741947,0.11185224872817308,0.6482324332289051,0.06849872497879744,0.06944554389158562,0.0592703500370991,0.5773315371894744,0.0,0.0
0.0,19.568431834173516,292.9094071328589,100785.09501055894,8.382469976182403,180,1.3862812542933196,0.6091721697540636,0.08717794869797321,0.033210493237524036,0.30664892709393077,0.0,0.0,1.0168946966424959,0.15537179188268938,0.8390697997134156,0.3852321464451657,0.09545898806202636,0.03303433342578789,0.09320135894831821,1.9242909932254963,0.03378144241256337,0.8876256856276955,0.15526943353404307,0.7958255019595316,0.373640406481885,0.4748942050460591,0.49378846351697486,1.3624767563769655,0.03145070885694791,0.030399744033379705,1.4356781825552505,0.4506817973773672,1.2969655487283442,0.5922247928988775,1.3153483671382589,0.15560849369912375,1.1014120838304988,0.16113386079403544,0.029848913880241756,0.2500299961039604,0.10364551733944014,0.6455003690387738,0.06699891030054304,0.06533236899353038,0.06535262011097542,0.6112371834292558,0.0,0.0
0.0,342.14671267364565,289.0805782319178,101269.35587970563,8.537474256609235,180,1.3122624439312667,0.6081256954323306,0.08499004682309483,0.03062173640011531,0.3198655812038728,0.0,0.0,0.9911770845101986,0.1556223444307787,0.8422385213049733,0.37224880023701756,0.09189578659248401,0.02864513714013164,0.09053951476442337,2.378370522221719,0.03179004503363524,0.9566003997255028,0.15556321066623924,0.7959572986260844,0.40028566757693335,0.4665578430857405,0.48771513116232174,1.6260173248268135,0.03532297536611577,0.032706784609117086,1.4604536242176311,0.4636563679579673,1.2614876046218915,0.6615759485951219,1.4184250900075903,0.1556416475287562,1.1033742400667925,0.1738198647426294,0.027384540187407123,0.24423983967849533,0.10608619369703932,0.564996024113387,0.06355090042207936,0.06954345033276277,0.0730534706605672,0.6469884741121679,0.0,0.0
0.0,340.9849634665879,294.04737099512676,101072.58378033408,7.299713874062699,180,1.3082556249580526,0.6067025138277764,0.08984187320966933,0.03264798382733903,0.25955985513148255,0.0,0.0,0.943086541610082,0.1555311314574294,0.8389711921492766,0.3560422573826655,0.08098292881185769,0.029902496986115024,0.0901226300011465,2.2884904587154513,0.034127922727712603,0.9138612483117555,0.15567347884026567,0.7997747775152051,0.33376240621049236,0.4550770767903691,0.48467935795655387,1.4519431082677832,0.030731443340243858,0.03054604886116887,1.5760553448886148,0.43889869544603755,1.3239912664000955,0.6389036232560666,1.2456559272521393,0.15545249402506917,1.1032832068582263,0.16909763689194302,0.030978988746625382,0.2553577271790523,0.11103216743948796,0.6097354049252219,0.06631418625768074,0.07076079491191535,0.0760322806463865,0.6350365130791726,0.0,0.0
0.0,215.072521959322,295.28416520812345,101973.26717658556,9.639280331204787,180,1.3567179290717095,0.6097230132118695,0.09209746032776725,0.031183122708100582,0.3061339309694351,0.0,0.0,1.0178121567861143,0.15576145003618552,0.8373154195127211,0.3479933348550985,0.08813107960768252,0.0317604074758814,0.08197291252076365,2.4658103897866153,0.03210063057021033,0.9465519254041893,0.15562817994872016,0.8028787827796304,0.3569192678360772,0.51002180766853,0.43801657751043377,1.2002881263025,0.03329999152826022,0.029489348622343457,1.4455121890917744,0.4631762740358544,1.4446516813847476,0.6220572640884751,1.2748032373560148,0.1552780831809542,1.1036468872434175,0.17859384542263088,0.03304226850672575,0.22637804689608046,0.11278856872391498,0.608275346160223,0.0663687043653258,0.07018454406436156,0.06985611841497236,0.6706326462023328,0.0,0.0
0.0,125.24616159487601,291.26862546837845,102068.59098825841,6.895568321972802,180,1.2639319880850066,0.6131573370868091,0.0855794247409833,0.031689097842218794,0.3124031583044325,0.0,0.0,1.022019748151993,0.1555128398953356,0.8396374764750741,0.35375501563654227,0.09103410177206023,0.0303593259471176,0.09405850512875133,2.590200828210563,0.031375742156222956,0.9455639795145689,0.15503338131938166,0.8036760564781158,0.3685081268277634,0.4545945925496919,0.4795620557882311,1.1798254561546913,0.0323109990131827,0.030381186801493834,1.519838299452233,0.453956522017987,1.3124877969433444,0.5771590364641884,1.334010667803465,0.15560307387258626,1.103464210380685,0.17373449576481284,0.033369340618259476,0.23782839159203426,0.12490258781032577,0.5839431950789924,0.06579477938380476,0.06800364095691587,0.06695957855647025,0.6224277335531806,0.0,0.0
0.0,149.44725922262336,283.6842602477989,101940.34907913663,9.715594126288481,180,1.4163449882140142,0.6101511170036256,0.08818946727939103,0.03222269055913739,0.30324780421090575,0.0,0.0,1.0133004993211403,0.15550886196574287,0.8352507888811416,0.3275004999343449,0.08523558634894494,0.03360538698289595,0.08992712101180057,1.9542742744362025,0.033255084375863816,1.0104571663329343,0.15536080262218374,0.800721616664984,0.38234149019666325,0.4395510296623018,0.4750620989076619,1.345197009748037,0.032498941528321564,0.03135945311685632,1.472121386903945,0.43825522329648725,1.211414258075875,0.6579134164038286,1.3133303629849282,0.15492599380997385,1.1042942980162942,0.1835478967071013,0.03155656979116678,0.24922339558106332,0.100420635064858,0.6281573318330121,0.06583541678305878,0.06574066316698238,0.06736654056562637,0.6646707077352981,0.0,0.0
0.0,112.93272234658761,292.89777217983726,100948.1809045924,7.104972415659298,180,1.3252217659510788,0.6139652922999699,0.0893453491478061,0.03248735464347657,0.31061676144248956,0.0,0.0,0.9968867497691641,0.1554000148588608,0.840245342160379,0.3803026342242592,0.08543261967725069,0.03427538313003057,0.08697846200710306,1.9550519660642591,0.03470091869825343,0.9498289981405142,0.15541567067073112,0.8021859278859409,0.3892196540927396,0.4945686895365765,0.47920725353268456,1.405015223293223,0.034188992053579004,0.029940042903319627,1.4821531358511981,0.4662891690012928,1.4538274835490006,0.6362821283305187,1.2922667801813568,0.15526330401069852,1.1049932348415379,0.165486592657122,0.031317770753405354,0.22966574126670397,0.10894226246880793,0.6468423581897672,0.07060350699512165,0.0659444322445566,0.06128969473535138,0.6689706533376077,0.0,0.0
0.0,258.3516667769136,297.73321629939994,101109.28462088227,9.939621450266165,180,1.359037943879351,0.6095637262796668,0.08846961254038244,0.0316408170022157,0.3236329316510153,0.0,0.0,1.1004809173644707,0.15543447515407458,0.8395924103586715,0.3646642085790657,0.08504459636671557,0.03459582419124959,0.08777604577131141,2.179578746254569,0.03317467984651319,0.9194119103934629,0.15523501518095453,0.8045793444718318,0.4284007114229517,0.45597011202911136,0.45809129587607467,1.2238158884555692,0.030551033885095547,0.03154176266081891,1.5836820690363482,0.45713211879841836,1.3741375681609238,0.61159415926312,1.2996855564248273,0.15518156350754442,1.1015139193149377,0.16094111661244231,0.028419722814235167,0.23466371312982331,0.10692892129837037,0.5869815330030206,0.06751445357376047,0.06511841140656599,0.06732409522314751,0.5970474984142484,0.0,0.0
0.0,301.2881941674381,288.72374430966886,102157.7834710821,9.755058503886818,180,1.3187306375656038,0.6116779541686596,0.0842393341958842,0.0326866050131023,0.3095533605436582,0.0,0.0,1.0730096307365682,0.155466273311509,0.838179252874287,0.36210695943693977,0.08917225174514312,0.031862508197661156,0.08772821190384418,2.218789639016688,0.03397850516122918,0.9430908752500156,0.15595817431334424,0.8014178692936634,0.3415006579177266,0.47872318826585947,0.4388537056278126,1.2978645590156048,0.03356890462745472,0.032015159449273405,1.525761061607426,0.465997284793985,1.4254905984840256,0.6439286348648732,1.216626142814556,0.15531891328674113,1.1069050686749375,0.18115331296845563,0.034448789184099236,0.20995899134837762,0.1156841817067973,0.6527956907836707,0.06616327835415386,0.06266909337109389,0.06220847366583993,0.6488549036150271,0.0,0.0
0.0,185.2841191560608,298.83685940839035,100815.21854702085,7.784255833402211,180,1.341331718381498,0.610860670254911,0.08396156351744127,0.03237470626615307,0.3185063752407475,0.0,0.0,0.966274359605063,0.15567121367802667,0.8324669184204537,0.36190939748547035,0.09126308688666293,0.03203786862912413,0.08968368429664665,2.352232633183766,0.031317846388901956,0.9787001535978709,0.1556433399863233,0.8027634287866303,0.3693502966768804,0.4676241032311545,0.4956004944461073,1.351923431271087,0.03184091324498036,0.03106121017934624,1.6396152517890565,0.4308995867435624,1.3737880114924332,0.592828589191725,1.3639560244154048,0.1555475096060645,1.1023142531896968,0.1789881035943147,0.033311431699380896,0.23524178376903668,0.10506274803752119,0.5954532413771865,0.07308149720545647,0.06718878040337502,0.06926432278255241,0.5951151867187351,0.0,0.0
0.0,83.90711509842245,290.56144144435115,101645.45183011997,7.362131282376564,180,1.5349774517916368,0.6081096147707048,0.0811375727842354,0.030371117523113386,0.3017749774018672,0.0,0.0,0.979146941746329,0.1555722720087148,0.8373452021559653,0.3647472811090307,0.08748332566394879,0.03319299491317024,0.09340741163254204,2.0256392121698545,0.0324272502072311,1.0068642382362725,0.15525641377158408,0.7998493144187963,0.3688369727517974,0.48102105384211563,0.48705436184610185,1.3444234609417578,0.030837053317362195,0.033390398025765655,1.6240914420787729,0.4915237165915095,1.3715600635100833,0.6702344729918075,1.4293138602861015,0.1558709883327975,1.105078998950912,0.18024541614140618,0.03507214582246509,0.2197280480912738,0.11402435351695804,0.598786545174644,0.07167411374831406,0.06909128164861973,0.07286293849269153,0.5845745975733961,0.0,0.0
0.0,284.04165439325783,300.8155326783021,101313.8954497575,5.649625287252018,180,1.384708076923405,0.6089944907018976,0.0874679433948286,0.03105777577248891,0.3296266365613683,0.0,0.0,1.0817500167029244,0.15583359665877256,0.8374112153270798,0.3919918016186732,0.09460934955558842,0.030335146393215783,0.09215173934347963,2.4208419814900424,0.03253683031462536,0.9964799809712502,0.15528557136464524,0.7941951976103129,0.38394629375791167,0.47664989632935684,0.44486343745929946,1.4175579505413622,0.03280566473027096,0.033122695728336114,1.3452962101430903,0.4811779625220493,1.3086235513935316,0.672833964026804,1.4430537324999566,0.15537646115101011,1.1017977590729584,0.18218258999976458,0.032424429197929205,0.2414311279962907,0.10232039844909552,0.6416061696538344,0.0718147817338479,0.07418763595209894,0.06415256148737859,0.6311974202176275,0.0,0.0
0.0,236.5355243634801,301.8438811221819,101775.21444595265,5.985408492186997,180,1.4328889608772706,0.611728872954757,0.08595899350133819,0.0328705764405028,0.33366306221773606,0.0,0.0,1.083443339072361,0.15521655611285107,0.8381001745708269,0.3472385559576054,0.0918100903901565,0.03250209356569754,0.08757977051437615,2.300000615930971,0.03157837211558665,1.121736134012531,0.15560558499189145,0.8014116602290683,0.3759625886523345,0.45680071060755834,0.46816241259151997,1.2009123238374972,0.0317520388531612,0.029202084760955198,1.5519719672610826,0.47507969070721934,1.140822001962805,0.6430150532208655,1.3002283017912766,0.15562725333921565,1.1082348956714267,0.1699342353809706,0.032622053776565144,0.2369342979189651,0.0986161532313372,0.6278011526681695,0.06634185888327847,0.07108983934381835,0.0659113507917492,0.6663427423341671,0.0,0.0
0.0,324.6072394259967,297.04248583740605,101188.83059614997,8.158770282179168,180,1.4310862730442413,0.609686640134465,0.07938605197665592,0.02922148426131506,0.322940074842418,0.0,0.0,1.0631617773470519,0.15561529532931634,0.8402426011007305,0.3755209874687442,0.08611018387304738,0.0340120805492203,0.08810050000831433,2.0797197538295498,0.030413288412737934,1.034479878061578,0.1551137992358794,0.80082257887218,0.361879422449047,0.45560056263135523,0.4909309891755193,1.417581827664339,0.029589050723764197,0.03231576809646526,1.5248344378490954,0.45555133938385034,1.4638767747839443,0.6571737416007298,1.4056374209774685,0.15510973179474705,1.1038551052012113,0.16912590949617895,0.03189521492663558,0.23012523943623403,0.11497885480172652,0.6205364662637646,0.07184161410354153,0.0703438069308506,0.07344595320036011,0.584506973644125,0.0,0.0
0.0,86.93747074734362,289.35603530042675,101740.30366228151,9.59826687028989,180,1.3473712640690032,0.610798594712828,0.08405277625862378,0.030589306520689388,0.28261759289840244,0.0,0.0,1.0761554591388531,0.15576201987875332,0.8391870857036252,0.3988914674187929,0.09404051686465653,0.032727478766538295,0.08133700435060139,2.140874736603062,0.031200033021140664,1.011415172118072,0.15568431493947052,0.8002028357197636,0.37312136363360043,0.4655811805427997,0.45408900386207207,1.524083552225698,0.031515526941041344,0.030756577897363618,1.433984180197559,0.49737672162803215,1.3343158040426861,0.6239117451079074,1.4527592826094164,0.15550919410514624,1.1067596402689306,0.18057203211307682,0.03255399533319864,0.24408738485368728,0.11255893586875866,0.5888004797341773,0.07201575258201191,0.07082357728953192,0.07576717467368316,0.6155640478310725,0.0,0.0
0.0,227.90297416552477,293.4938351781136,101521.01411969887,5.910545886046714,180,1.2897824768274226,0.6059492330186085,0.09507085082258311,0.032239260991637486,0.3126237884841955,0.0,0.0,0.9682000866859365,0.15570394151003333,0.837274881508252,0.3711489591044274,0.08885813151144749,0.02992903837095788,0.10169649689172171,2.1480124484379832,0.03210840104773617,1.0216218214541395,0.15569993670260818,0.7990144698594109,0.3608645071303469,0.4542790678103534,0.46738427066325894,1.450930926481401,0.03056948751723551,0.03176522459437243,1.5255347131712054,0.45368478476228546,1.4005669721002945,0.6402150711889852,1.3438939744659117,0.1554385536311095,1.103281645336789,0.1812931474866481,0.030709203800796378,0.24676375022812716,0.10972144246604484,0.5956106041270429,0.0649930322041799,0.06523931393245767,0.07540878977066026,0.5720282486741292,0.0,0.0
0.0,28.020581182638526,289.4889653545719,101277.81210129357,6.9745736361020665,180,1.3578831673351939,0.6060438306558696,0.08875820418917056,0.03112251346576166,0.30247124464900654,0.0,0.0,1.0508436257448925,0.15539611029794215,0.8408487609618702,0.3674366552279547,0.10192386333017983,0.02930143884163851,0.08873391265414475,2.2026136297503225,0.033661216660802,0.9565981572258696,0.1555711304651115,0.8008595492669454,0.38908277754923387,0.5016657227433815,0.4676807160020062,1.4403315744479748,0.03225792359094661,0.03273764985570516,1.5332905080753265,0.46488689461172966,1.2963716861061887,0.644742791504789,1.4467695905477,0.15543683629896005,1.1038858793082489,0.17533742520010184,0.034380136120268946,0.23950057788163368,0.10851215891603087,0.6096024924252005,0.06505828031847333,0.06882071672016941,0.06948479722038853,0.6442610999632457,0.0,0.0
0.0,76.52218649521427,288.47117403810756,101679.54403320655,8.708197414124605,180,1.3329314307171536,0.6101996062373863,0.08533978960930323,0.032072628863922495,0.2844604549630227,0.0,0.0,1.0014933910509183,0.15623614483246262,0.8394836739369943,0.4055668341464736,0.10038768995448868,0.031560057502560745,0.08757594630964241,2.180939406453318,0.032345880693539296,1.0025002527757427,0.15495387563475121,0.8019366587421811,0.34235290709409405,0.44113924121853026,0.46923849986990906,1.3007788490203214,0.03302065181517855,0.03295900833409603,1.492522034714738,0.44910366730152856,1.4183510108626227,0.6444403574126847,1.298584858672047,0.15533257578923054,1.1051342807232347,0.17624267585661843,0.030533839897891088,0.263252364447009,0.09551498341992501,0.552528438671599,0.06261651242883501,0.06285950941026254,0.06817081716542796,0.5952187295937622,0.0,0.0
0.0,151.019933271801,298.87350657668986,101480.3006122051,8.738510006807344,180,1.4015258689162182,0.6057409920343633,0.08555829074582043,0.03148856256561491,0.28812632867864973,0.0,0.0,1.0054345666250681,0.1556479701166788,0.8377372387503385,0.3990853180432687,0.0963030977946724,0.03167433725423855,0.09185139137231481,2.5200344783799338,0.031314902733314755,0.926314433892028,0.15587887539161088,0.8021117224261762,0.33205946162763833,0.507661754928439,0.4853164699383457,1.3041196710026752,0.03400687184492904,0.029129099991432945,1.4984410149137608,0.4685235527334515,1.3613059506967642,0.6808194962416082,1.2631117789303097,0.15519079198555188,1.1044409479462332,0.18085207801629438,0.03526033747904641,0.23689598403980097,0.10351032928255006,0.6124217238721174,0.07068194936778302,0.061316557644289976,0.06989021916537386,0.6006542603683896,0.0,0.0
0.0,221.02618965749713,295.51715301043726,102037.0835930489,7.974227197549973,180,1.2420105955044038,0.6079870936046501,0.09573645555118496,0.03357407707838115,0.32813394724650047,0.0,0.0,0.9894916137762906,0.15520467784914566,0.8393783660844695,0.36529850066776737,0.09693598110020549,0.031907840485019864,0.08815222874425672,2.880386378644125,0.03256484274643766,0.9610057232275202,0.1556985951521558,0.8022598089121095,0.322558101090585,0.4886390257842612,0.48581485118830325,1.3492096960551407,0.03197233454993183,0.030913717196322094,1.524523569008914,0.44835835631945153,1.4253685552346573,0.6449194973828055,1.397755591166123,0.15579887177706966,1.1046488189513977,0.17849250389386045,0.0304523317753784,0.23126750203222357,0.10882216292073146,0.6274975377222024,0.07180008082731094,0.07302037813678586,0.060677809639925265,0.6109921417399441,0.0,0.0
0.0,160.74149932069764,297.4798453818719,101384.19627725927,9.25428132211417,180,1.3982323067854214,0.6036604231484878,0.08997757304247062,0.030723305382718828,0.29059272701551325,0.0,0.0,1.1676634371656545,0.1555970458701248,0.8335308603285556,0.38684832727368,0.08688861298838164,0.034092397091398975,0.08833920663017808,2.1590489255880474,0.032347730443867746,0.8922580141616495,0.15512721176736916,0.7971744084437846,0.3641127321012511,0.47278573966533344,0.46185957410204914,1.2008580794096777,0.033733318442460386,0.033884164043290664,1.5688243625093057,0.47246827357125426,1.404383887269229,0.6041870247482712,1.262920659566255,0.15533459006075848,1.1042894707311421,0.1598030746177087,0.0336845974522442,0.23277461811158318,0.10861299001698271,0.64272180184985,0.067668594902398,0.06588666354729047,0.06308479215413483,0.6625205870401756,0.0,0.0
0.0,299.19492447513187,289.8310243343807,100171.77382230952,8.365861175135507,180,1.4550135972484999,0.6099874327929727,0.08600450517902951,0.030360093402988675,0.3165966548768091,0.0,0.0,1.0249226241228382,0.1551625517229349,0.8356593403398469,0.3926946075874275,0.08661816673381881,0.03055867844732928,0.08752397306295034,2.529848798672162,0.030825272955942683,0.9857960631706698,0.15551567033425398,0.8054976868333865,0.38521543994818164,0.44342967580700965,0.4482488488330161,1.477313028154051,0.0328110555248123,0.03162978000387824,1.5176947035517825,0.46031113824689573,1.319634415245161,0.630048539723229,1.4089363586572659,0.15527546680980095,1.1084952446269285,0.1847334745033243,0.030363761617732056,0.22695819661931993,0.11497104256913217,0.577088164806611,0.06966602208643341,0.0633968083548009,0.07026574503794746,0.6558716458290609,0.0,0.0
0.0,138.62232805837363,287.49829122305215,101058.34003503462,6.5866961185416235,180,1.307702928266876,0.6067736265867553,0.10022194564656893,0.030780002496274435,0.30053235876030626,0.0,0.0,1.0097009583817298,0.15526771639558665,0.8413250433139524,0.3313665302120352,0.0949277891770439,0.030249825672203513,0.09243474282692722,2.794503034155515,0.03135476420658245,0.951589590277832,0.1555007050478982,0.8012902586939012,0.3629302059317276,0.48991233631504694,0.45247677376006745,1.0863347534337013,0.029877384495541733,0.03188835834649063,1.597442145907836,0.4568158570497082,1.5443098704347624,0.594874592001672,1.2336895499840403,0.15529695437764063,1.1020909165141746,0.17385370711470868,0.032043161322316424,0.2329514217233135,0.10926283460204562,0.6487200141115465,0.07259144501131125,0.05918297717477721,0.0613192202690993,0.6785110806977397,0.0,0.0
0.0,318.3005699276991,296.84275649598584,101995.54565101593,7.20484255658488,180,1.4923249421684224,0.6077511827758564,0.0863818887858675,0.033186706899095184,0.27922726251645325,0.0,0.0,1.0106341435992656,0.15567976251432603,0.8400682101606273,0.3577113502906724,0.09143957961560015,0.02834470034808195,0.09156958008602252,2.5268519859130008,0.032007872159391965,0.9443352969193499,0.15597285084458407,0.8007482760443739,0.37062604400327465,0.45527320387904774,0.46810505585791407,1.1669811412177575,0.032345068294001356,0.033437225715000365,1.5151226580277577,0.43889948507155563,1.4077550701025086,0.6625092126279897,1.3943555607654938,0.15507989080797743,1.1042868581560314,0.17940379613881116,0.03194584209479585,0.2603441777620905,0.11658962461344273,0.6337347133233643,0.06761038649119154,0.06528772463196066,0.06295558154732596,0.6251501771505172,0.0,0.0
0.0,197.8987508082893,295.8208323437062,101782.0787874414,5.6720755885411585,180,1.364280728988718,0.6081413502880656,0.08885971975948373,0.03023323879354841,0.30808754403480637,0.0,0.0,1.0277224751703553,0.15569239206556448,0.8394320376931912,0.3604216519369986,0.08972633937322341,0.032974339225232824,0.0920245127617223,2.263849173143261,0.03347379186459615,0.9563026868319745,0.15560217272573734,0.8007604267382356,0.3193500476846855,0.4748320502319746,0.49433584279948384,1.3265035690547178,0.03075954186946858,0.031729582297146626,1.6056702163568377,0.4191737688588842,1.3300341429477829,0.5845450528575447,1.4083552998751678,0.1555354590906333,1.1000325282128336,0.18443769810060187,0.02989425615481764,0.2575059863877348,0.10802906483863052,0.6140036405261415,0.07288719618938544,0.0750385394541431,0.06862622978866259,0.6294361874311485,0.0,0.0
0.0,108.4719646489015,294.1740845252612,100986.50659109533,5.922485036743067,180,1.2652132726940093,0.6109420487792357,0.0890769063923101,0.029678244188599174,0.3028797342776582,0.0,0.0,1.0658016958566099,0.1558119250749467,0.8384898844366409,0.3642468403886829,0.08412027942897347,0.035694415792209264,0.0886517885634162,2.2266004877492462,0.029202959427335487,0.9641533672703753,0.15535842339114325,0.7966722958347067,0.30895771751912393,0.45346895024758893,0.4487718409249765,1.0630362987016,0.032215094343437244,0.032985729476203374,1.590313942850519,0.4983605092655832,1.4012699591281776,0.6252656243969925,1.2773390196690377,0.1556817950603292,1.105056520955134,0.18966328865066495,0.031455142487859536,0.24505384147803355,0.11535882379347595,0.6148408482154415,0.06897141804066774,0.06375079867099921,0.06570115614602227,0.627736012325561,0.0,0.0
0.0,261.14750592932467,290.3605341008286,102190.26188092542,6.695248805689463,180,1.2709056005260728,0.6125114062732206,0.08620004260792442,0.03271584310973009,0.289166818945234,0.0,0.0,0.9280149476833146,0.1547549999108158,0.8401572519457124,0.3717071773230618,0.0854710547141912,0.028523029514910495,0.09322521156597302,2.4188879124668055,0.032593423227644136,0.9896093861851637,0.15521273551271492,0.801139224708239,0.35513960543801076,0.44552231609594933,0.4724774159861059,1.320048083008144,0.03415064821273155,0.0336455037785201,1.5295897253952013,0.428734037318806,1.2462421905051075,0.6613298950929619,1.3985907717388226,0.15550756789387385,1.1036858596572332,0.20349354768928776,0.03465226094283715,0.25425621410595034,0.10619044861638968,0.6261900807096658,0.06200453662187492,0.06714328880590285,0.06278567634310227,0.6242724931849474,0.0,0.0
0.0,145.54136613900698,297.5539258951172,100922.19978611903,8.738099894429384,180,1.3721758241368358,0.6105727932543621,0.09293557351699286,0.03287653379706848,0.3124819096953723,0.0,0.0,1.0227701418412445,0.1555751991777841,0.8437355745386464,0.3761845737519692,0.0903203150166861,0.02880970471411127,0.09133984223525123,2.023638135629912,0.03466127697963737,0.9838553732608027,0.15524553347631082,0.7968307285402434,0.3559309642742766,0.4639935516329922,0.4686914857012415,1.1400270518292963,0.03378361615627768,0.033378166896338456,1.6197976972734849,0.41346880517518475,1.303198480669827,0.634954083171447,1.2809912918009019,0.15565796617305636,1.1055208507639622,0.1770316953128932,0.03232510662828174,0.2438155638414311,0.10793180903233549,0.5860386118404993,0.06714911533174339,0.06604174089471769,0.064713592082256,0.6566814133396824,0.0,0.0
0.0,235.46407535592408,297.5159888300093,100263.97298846213,5.276629085033298,180,1.4313021485475483,0.6084852521222942,0.08401130072449055,0.02961683527042748,0.3050769677696746,0.0,0.0,1.0275518194269868,0.1554061731838446,0.8378576492902834,0.34690536868987004,0.0930865658752028,0.032748240345212766,0.08929267234025169,2.2279148567019385,0.029123895002383486,0.9734848496416977,0.15524984486996077,0.7999454452400745,0.35401199729931554,0.46991248762317067,0.4748903910417055,1.5586025281997198,0.033679281324459555,0.03398968526875739,1.4081325651465746,0.4371829487334966,1.4200833392577958,0.6171839190934396,1.2584871751175344,0.15598044038972375,1.1084561707820122,0.1773866164663381,0.030526763454509335,0.24913265352706046,0.09750276196395316,0.6047305018963722,0.06862976178807403,0.07074431727447095,0.07185249478722407,0.6219345540214778,0.0,0.0
0.0,176.28750056799024,299.8497118597317,100945.9103602094,6.45349389285384,180,1.52487127050781,0.6093806435471119,0.08322607471557264,0.03250695284547554,0.28143616875551236,0.0,0.0,0.9304025873618038,0.15521360833220652,0.8373301858754464,0.3532036205993112,0.0928035342868171,0.03129197151457583,0.07939789747768523,2.169043704138805,0.034550219170505006,1.0040411135891067,0.15532243857946607,0.8043471208047739,0.35931962872642537,0.46905971760259296,0.4885020596047369,1.2964910746264489,0.030752754956623735,0.03541034862462836,1.5656208941179017,0.4735579815244651,1.3838735398621225,0.6769135412417125,1.411565699390908,0.15510821988694237,1.1014092199420733,0.17713124142354872,0.03333096857407624,0.23081634368194287,0.09954003223238032,0.6394177534273198,0.06916269515275869,0.07140404784878966,0.06852414201120481,0.6148678805187616,0.0,0.0
0.0,303.26149430025913,299.4627682548756,101557.59671854065,8.22622686309802,180,1.2905472230689428,0.6102351223448097,0.08615963972974411,0.03297654398753229,0.3074211163432007,0.0,0.0,1.0888272800266205,0.1554654683099612,0.8396067232655479,0.3662242003877802,0.08598085366923677,0.030878159687255605,0.0853742759823163,2.162036614424881,0.02934244927089708,0.9242484075850478,0.155480768031356,0.7971758138235016,0.37853175947643686,0.4943441615341079,0.46974161271333337,1.3793964536852488,0.0292282096152147,0.031183119818401023,1.6643447988745623,0.4478874972995036,1.3729307073201973,0.6259531394121528,1.3595962404920945,0.15517729504569466,1.1027659838277672,0.16384285203631418,0.03228711768884767,0.23305965704305628,0.11360576017383282,0.5705910059702107,0.0664902158283736,0.07091225590453519,0.07085746632519029,0.6760635201305658,0.0,0.0
0.0,255.29628254146107,294.3860881270434,101267.77880125763,9.91497684175111,180,1.3655618555359796,0.611221727400821,0.08615169364947167,0.032694589585441476,0.2974134221462943,0.0,0.0,1.0624245557611751,0.15539786291454188,0.8352216728768417,0.360219635826542,0.09244953427724334,0.029117699856991947,0.0853545893319736,2.0092337332815955,0.03367512559486137,1.0402819585463112,0.15557136027408774,0.7996258804111444,0.3552682909694547,0.4761926456297925,0.46769411759688967,1.3405736962304635,0.032914634850197876,0.03200227880133281,1.7103940598345022,0.44386835532304036,1.1965062295360447,0.6617537884591539,1.4965192852198055,0.15541146647150772,1.1029466642223542,0.1726662744929974,0.03183426734873349,0.24036988687550803,0.11237446814097633,0.6035161959369615,0.07215157586610534,0.07114828456121461,0.057704335595856984,0.5984553116450555,0.0,0.0
0.0,199.72602575190777,291.6448621522266,100839.77548924924,9.791077846585292,180,1.2804256310400566,0.6070877984935507,0.08212740363839027,0.030654795024293705,0.3199294291188416,0.0,0.0,1.019061945469416,0.15558783229329903,0.8392388907943049,0.36883265933338394,0.09536895858045132,0.03261515551147461,0.08230386700563437,1.770318256511137,0.03311544115425503,0.9496446386390928,0.1554751408860096,0.7997688263386151,0.3783244392573222,0.46342605608785925,0.46838010248626744,1.559969053281064,0.0309829599394986,0.030495862372876784,1.517651287958843,0.4445462413920007,1.3601026960945277,0.5890042795403272,1.4379344799694886,0.15532629387061286,1.1019179388631797,0.17585381605964143,0.03235066045539137,0.2370981903184491,0.10470583445294224,0.6137880312537405,0.06580366560690494,0.06806475805702787,0.06421504437779856,0.6712660693660343,0.0,0.0
0.0,262.0660375453021,288.3550979752561,101087.25481187533,8.766079633426688,180,1.3919669874019573,0.6067142334112314,0.09030448143816257,0.029373696874430616,0.3192161374820285,0.0,0.0,0.978169069590392,0.15547693098424403,0.8368858986670613,0.3826810878183655,0.09654895353019259,0.032787229844911836,0.08909413134211548,2.505037201099581,0.028097539567344336,0.9478124988942025,0.15542065818693315,0.7979410101402228,0.36291505213632475,0.46029013795423385,0.49160998613490225,1.3930472547746826,0.030599445439906187,0.02996624670511178,1.5547781871533477,0.46664507584344844,1.466475078666834,0.6232293571742432,1.33021530100898,0.15565152197194276,1.1042898311801244,0.1752053346001778,0.030160455390616167,0.2380642658146574,0.12178874507313239,0.6207372065545376,0.06658238022606103,0.06575581100073438,0.07364198891596037,0.6724319879644701,0.0,0.0
0.0,53.8026553114684,288.9967472854168,101242.09673468591,6.693916744083464,180,1.331161418224326,0.6131307447857631,0.08635393230435151,0.03293343880732733,0.31491275703866817,0.0,0.0,1.016518812467168,0.15567577765913965,0.8402375492835152,0.3695312129768267,0.0894682398627227,0.03202723062103509,0.08832491219657512,1.938453122536298,0.03271841675408209,1.0757985939120813,0.1558491232031227,0.805468371106025,0.36272460172897736,0.45226566402485857,0.5015675196875207,1.3771548791089496,0.03363591130699915,0.030533401076447985,1.522808985535837,0.4752422352476717,1.3031856043018442,0.6513990119735992,1.3723363684931982,0.15574035619888493,1.108233488660919,0.16477397415617862,0.03220956341565527,0.21912373530185572,0.11819739454190432,0.6092170061455536,0.06827957400885368,0.0739454152006615,0.06275755898794118,0.6587772125806602,0.0,0.0
0.0,141.98744757806762,290.8610955251765,101329.27418678353,7.38243484276087,180,1.3306815927459004,0.6107356653404116,0.09637359665237802,0.034009613219010616,0.2963377619732139,0.0,0.0,1.0011184470151477,0.15591949444466813,0.8414435333364195,0.36302941463316385,0.09079404332494412,0.03099592400918241,0.08798354334982736,2.2513290408472675,0.03012860640740223,0.9757067782055024,0.15554765737534051,0.8015222955402822,0.38630621216909805,0.4642262160702849,0.4675686670514768,1.2017699165469256,0.03171064943299404,0.031712596086141416,1.5563972070521106,0.4513467226932993,1.3160150740293866,0.6160269786901003,1.265195756208581,0.1553199819654203,1.101557433593149,0.1760396801082311,0.029072047525084164,0.24565617922394337,0.11100672730068009,0.6117880470183477,0.06522208123179883,0.06491120769381413,0.07144300909213044,0.6590440026609673,0.0,0.0
0.0,179.69282612052092,292.335784327527,101563.9326254902,8.466705875516821,180,1.3663879544172928,0.6028477901732149,0.0974338766837665,0.029816215593111553,0.28328630479843947,0.0,0.0,1.0678387398060412,0.15569112885426314,0.839862614262743,0.3843569638993946,0.09246095963528472,0.02992014109268202,0.09055627849179948,2.085303871512866,0.030420653834041068,0.9733216723490892,0.1557025489567616,0.8001156155291113,0.349163382087072,0.4693890878222419,0.4781840389518666,1.3052389418645405,0.0311979274954592,0.028848226680508873,1.6971482560398135,0.4348052907830382,1.3813455346779682,0.6841537221751475,1.303630869217408,0.15557366488298813,1.1044732833660755,0.16308115385408395,0.02964587981985774,0.24156807706663894,0.11249399304174718,0.6927655409785798,0.06542916104878767,0.07431095756561586,0.06727951147009058,0.6389274280689424,0.0,0.0
0.0,155.1430577367663,286.64633888964215,101222.68682958391,5.4990905135855535,180,1.304478214372072,0.6103578986199235,0.09231558626143842,0.032393679457563496,0.31508312423358176,0.0,0.0,1.035099653848872,0.15532359758169578,0.8359050670534489,0.3657835045715197,0.0896564405774029,0.03308680117448171,0.09119937483235721,2.212640024356401,0.031468875315552064,0.9290777125206866,0.15550171747428312,0.8025000833498738,0.3820825384130419,0.442163242427723,0.463780584224601,1.4649971840252876,0.03211768626608837,0.03043567552967621,1.4693125016354007,0.4617134890397078,1.3297717511793048,0.5905019210466409,1.4987091890533566,0.1560656998594036,1.107533732182852,0.190436180857022,0.03185897054543664,0.24020995006139584,0.11508796378373333,0.5839490937295313,0.0661448992762603,0.06089280108827916,0.07369119761857998,0.6087159759383709,0.0,0.0
0.0,215.00374592905467,287.9836568480549,100749.0034328049,5.561470152191573,180,1.2767948782046152,0.6109505309580531,0.08501300749315309,0.028499714853864242,0.3200524917713937,0.0,0.0,1.080961169962791,0.1556616461519677,0.838553126636094,0.3831104709521953,0.0912318805378642,0.034076319897660995,0.08885980096225292,2.8407339235274867,0.03211010148875001,0.9941436049164087,0.1557271319935201,0.7999735142343243,0.34425975879746123,0.4616530922485018,0.43939236472200194,1.4149343556324925,0.030502488183682477,0.025602318586440895,1.6149323310588284,0.45487665447576947,1.463978595753588,0.5930778397420794,1.3469441672524873,0.1556680042865384,1.1068060934557735,0.16195369922997943,0.031166813244400807,0.2636652871422485,0.11227477270260898,0.6204039971094019,0.06920810849896597,0.072308414078776,0.07003069196170582,0.5741966653951132,0.0,0.0
0.0,67.88792069814642,286.4131696503292,102042.21014820693,9.667906702509296,180,1.3534411508318454,0.6068150583461738,0.08289219208459808,0.03273075681187875,0.2995855161319297,0.0,0.0,1.050383941060845,0.155138407705727,0.8422414155149184,0.39916356015419996,0.09191199046874203,0.02958048616616931,0.09688869538196268,2.5234051551229775,0.032279321797813454,1.034957379967642,0.1555782520669727,0.8013392932865743,0.36294949315217717,0.45706315124102426,0.495507361227704,1.4624743320053541,0.032870689107142456,0.03131387901018828,1.459136388625842,0.4488386069475043,1.3284959724948227,0.6821192847116183,1.3432991184097949,0.15548526902742596,1.103559240064561,0.1815919176435208,0.03358083238146355,0.2479215863749832,0.10875924557720924,0.5993244495768383,0.06845585660994047,0.06946223963385534,0.0653814236322634,0.6206225666684944,0.0,0.0
0.0,155.07764544286115,295.40102343227,101371.95681236613,5.91585118845179,180,1.4423227870869528,0.6102269876374906,0.09125452284568175,0.03390200057222016,0.29956290206017033,0.0,0.0,0.9301535104222054,0.15553671750202228,0.8380668536896629,0.34771903643428037,0.08581581112067677,0.030250728683836717,0.08989403022027274,2.630337547023905,0.02886617444853204,0.9632862502616015,0.155502396886152,0.8003852798334814,0.3452938163972093,0.45184139050159144,0.4492745711644721,1.2237143713571697,0.030742460651591516,0.03380576621365958,1.6245747088060747,0.4354844342906425,1.356722581044887,0.6164978768504605,1.3817511125503472,0.15572992966453736,1.103723485556155,0.17382419746027158,0.03171256639344505,0.24050717041085037,0.11008384596218221,0.598593882579887,0.06670119607913146,0.06747536867516547,0.06568336416675892,0.6672760012915671,0.0,0.0
0.0,53.08018982811377,301.15367649630514,102398.20506414287,5.581065217694757,180,1.3261871515216923,0.6070169993009044,0.08819312968250362,0.03352376602367357,0.30268885347195235,0.0,0.0,1.1009964884792,0.1558528006989268,0.839089344572198,0.35076723254397774,0.09029220350120123,0.03221834227377801,0.0889378480880099,2.6466642556510847,0.033574241526500424,0.9320905014497979,0.15548019499277005,0.8035296366579944,0.35200466725066154,0.47028304914556385,0.49407746274025677,1.3078308867388309,0.033600988210205594,0.033206219112220874,1.4877757205081308,0.3869647876034222,1.2368917983638987,0.6480363441472369,1.317019565741106,0.15600889971323414,1.107702906955799,0.18140141640365157,0.03206239796525003,0.24230094533129748,0.10010242249994339,0.6110335449033039,0.07321599718969682,0.0717661772027757,0.06721824756110088,0.6106395737177288,0.0,0.0
0.0,11.572561367255911,294.62922957512234,101456.56252700421,6.567236726457529,180,1.3964439465346221,0.6085664200307772,0.08561655056871029,0.03008093894905063,0.31819604080866826,0.0,0.0,1.0583899323782966,0.15522093262024061,0.8380116189762606,0.3664503691457105,0.0879325290902356,0.030399370619567642,0.08963337010235999,2.164695196205442,0.030371707718427735,0.8983330148588204,0.15509144563730923,0.8011638029809736,0.3683842319907993,0.4670826831290515,0.4605454708262889,1.3777116046667697,0.032421855327336484,0.0314308093948057,1.6014801888128396,0.42883991146021755,1.290922709090816,0.5977509790063363,1.243769383492275,0.155576222771917,1.1046258995667915,0.17101408019837247,0.03096323530466076,0.2277829706073128,0.10962226165084558,0.6077689087800858,0.0627268893004324,0.06652513415698359,0.06497267514254712,0.6453085655395233,0.0,0.0
0.0,243.5152096867634,298.6635700155408,101704.73640563346,6.70947095146461,180,1.3663031138647677,0.614164451114088,0.09266511645930349,0.02954191076386881,0.2972427741709938,0.0,0.0,1.035279103913658,0.15563347865988245,0.8380474187774856,0.38332579842512415,0.0918617041956309,0.03453874471944504,0.08564245470668347,2.416614973509026,0.03133602597209945,0.9167361609386686,0.1556038600108293,0.7997976549015329,0.37987135160374175,0.4674215974048785,0.4336484622458464,1.4416792946523833,0.03181955365530245,0.03421385620725896,1.4627134634536276,0.4550932816437984,1.4497351914859216,0.6311663829190384,1.3970701112233648,0.15553175050185566,1.1094050398249014,0.18445937420494812,0.03193389742631873,0.2421350889388073,0.11679782483522297,0.619864099285536,0.06945309063220673,0.06712034118196385,0.0680992286531631,0.5856250959441001,0.0,0.0
0.0,314.4151256462511,285.1424654131169,101197.20055617848,7.71126392412469,180,1.4188525853892848,0.6068247246180289,0.09287697519897765,0.034306603480437854,0.2955841279872769,0.0,0.0,1.0425952556062428,0.15590723332023554,0.8415016133694467,0.36373286668212146,0.0934008878902648,0.033793451676613774,0.08701512791530952,2.5973516781677564,0.031637403985344384,1.0178982207373606,0.1557549237276684,0.8010334897039114,0.39269731680956,0.43372851704900484,0.43300895833282077,1.4253223814961296,0.030283990145016787,0.032440446546864586,1.5847603382150763,0.43447393919556493,1.231867440575416,0.618015657695286,1.24011806207343,0.15581515032164808,1.099760973905198,0.16581012034210366,0.03199617966783344,0.23660075274085113,0.1138974015642314,0.6307975615544672,0.07247567193057051,0.06278937200806642,0.06338923301167894,0.6843689602946146,0.0,0.0
0.0,64.25690385864773,286.8583698923458,100935.79702327745,9.206444564986613,180,1.416846715699948,0.6119517964809142,0.09314164393624766,0.03282275274181842,0.33227442121737866,0.0,0.0,1.0496671584983448,0.15551376584798934,0.8386556845732918,0.3538158265882855,0.08823599035827401,0.03127673553136378,0.09251784983211925,2.5959228784435164,0.03244863744288014,0.9426573023152605,0.1557713515598908,0.8023517800555559,0.3800647356547799,0.4731435208035876,0.48866782915887175,1.1632639078435059,0.032063238540784245,0.032392300690139764,1.4702283154208171,0.4347647456574828,1.4378630991879173,0.6785198813043479,1.2742631056058964,0.15516249952674527,1.1069492553642784,0.17150225386517623,0.03009717885289653,0.23183715435472613,0.10456685944017655,0.6161364314466894,0.06380224974123443,0.06283519314508433,0.0706175921614899,0.6481283538417448,0.0,0.0
0.0,239.08965613225433,298.58726992141146,101077.26080218486,7.937231556896297,180,1.3640248966934487,0.6072449432515713,0.09098752849005927,0.029631464897059003,0.27716647715087983,0.0,0.0,1.0105584813614943,0.15561017478415445,0.8358917880177703,0.3566589525651241,0.09404378065466272,0.029354021971066954,0.09681100971314635,2.6415341340954996,0.02999117777660972,1.0164743073276292,0.15567227367348696,0.8007590289824694,0.35351015222401855,0.4702068807495911,0.4575087255501051,1.495443749856582,0.03187224487495539,0.032369612451431475,1.4706698482716651,0.4473415502430084,1.3323915104587114,0.6599480399691615,1.3031825136619593,0.1554047409525308,1.1038132316936005,0.17700711567919514,0.03212786516044364,0.23075164293589473,0.1124933598632871,0.59599118612899,0.06885049927107142,0.07066257367703592,0.06862708044966467,0.6392732929947489,0.0,0.0
0.0,273.60236862093757,301.7986365936224,100812.9782828317,7.924048837043177,180,1.3347145141231282,0.6096024534493336,0.09153719900762601,0.03183925577066394,0.33193769648618104,0.0,0.0,0.9968028655637733,0.1554633586641599,0.8345168104609693,0.34980282224766135,0.09193058319415692,0.029785750179682543,0.09052099928354827,2.5686619466454825,0.029463725831873185,0.9565254024890308,0.15592012929707064,0.8002671977803019,0.3593356186993491,0.47583597475661166,0.4592828893420678,1.3574728578056967,0.033462539579693404,0.030561391340963112,1.5458769210161798,0.47003947800323986,1.3029716840010799,0.6251869183951442,1.4078786614705403,0.15550401197449848,1.1060241048191204,0.17703392279999097,0.031038794798785047,0.24943700625618173,0.1105305226318293,0.6085029851868425,0.07123382913594607,0.06841297075749718,0.06886643573350106,0.6385663917619602,0.0,0.0
0.0,275.1567119633294,288.95618708207536,100381.17962397977,9.76783732323629,180,1.393612821328043,0.6098291302296706,0.09194490541521212,0.029473629326880083,0.3211521813478575,0.0,0.0,1.056695498960588,0.15547834580731548,0.8430033245912758,0.39976197949134634,0.07764568886569533,0.03137060278839899,0.08775655651542048,2.3747883786607575,0.03153214554180103,0.9521955550414027,0.15550134151285364,0.8018578651850485,0.38708894426783796,0.42417656305009793,0.49147172931928806,1.0865031715374929,0.031703427932555414,0.030019875219033838,1.4359204281652007,0.45889896030461597,1.457980323105971,0.6517776842231255,1.3133035896186331,0.15602046411870496,1.1046981108531349,0.18517728124339022,0.030520274396879158,0.24561060433232643,0.10865904105314438,0.6458664026299179,0.0636024090721451,0.06476269631197834,0.06800068354397068,0.6386210835452608,0.0,0.0
0.0,282.29884291189927,284.1339002333656,102199.8550264148,9.910829407889064,180,1.3984245702303906,0.6106143453678008,0.08650983766332193,0.029951043053702595,0.2944421952692631,0.0,0.0,0.9764199583666157,0.15598365929108454,0.837790947458202,0.35067432702537604,0.09336736562952974,0.02966896836225191,0.08006193831255198,2.524577088017901,0.03332540580048406,1.0212244275948903,0.1554827461745925,0.8009461101553992,0.36830961183199207,0.46170954865510366,0.4651172653112608,1.2849277955166027,0.03179136654901195,0.03168074679986078,1.3578937494575505,0.4552140510419955,1.2884623721809796,0.6006797453036581,1.3162885561472268,0.15501887021050967,1.1025416900704774,0.17224150598394145,0.03155465237313225,0.24279936160665078,0.11179579024018715,0.665035520736581,0.07068952971060066,0.06524214454015481,0.06828415252306308,0.5988497549108804,0.0,0.0
0.0,320.0394146530175,300.1872833260672,100647.53946059584,7.258388126430876,180,1.41009326691192,0.6139100785882615,0.09339632922718831,0.029482490689994898,0.3114514105574685,0.0,0.0,1.0872393813284833,0.1555784473282475,0.8356588489756123,0.3678432565896589,0.0870586532010091,0.031212653944241237,0.09263302516656885,2.244423937047531,0.031727735825722074,1.040399532662804,0.15591592195007906,0.7994063758701283,0.36897205316775195,0.465485899558917,0.5020958616493947,1.5232379673551455,0.032571498331273804,0.032635378377038955,1.4397106821623853,0.43423703308202166,1.3533108930021693,0.61057884510289,1.3940525554430951,0.15530526045294119,1.1073901774875243,0.16819339564011646,0.02991678092980397,0.23902593980595707,0.10419284839799568,0.6264948696659107,0.06737558192018132,0.06616734707986324,0.06529459648720785,0.6101208263518058,0.0,0.0
0.0,8.291481151351721,286.692202293069,101371.79111910422,7.375469663065313,180,1.3965561501525008,0.608764608969825,0.09693309348482614,0.03066894770757132,0.3074091042301686,0.0,0.0,1.1173833252019176,0.15554848397695742,0.8384850292235853,0.355402931808648,0.09848050083546334,0.030023821654067695,0.09107540637491655,2.016775283570792,0.032915066382014434,0.9654282575257593,0.1556052745982441,0.7987691833236586,0.3677057068016208,0.48565847022822417,0.5060518650598729,1.2999960070840424,0.031026565955059954,0.03211340073969668,1.4485472778258237,0.4399886577947564,1.4279727873263488,0.6113572842682627,1.3042135686204306,0.15594369570863312,1.1041441949873454,0.15393055004471018,0.03479781967814997,0.23899228161805247,0.10652236156337723,0.6433880292129326,0.0677603520179329,0.0687966937451065,0.06882094793411982,0.6348087868495829,0.0,0.0
0.0,189.86258624060147,292.76122203825514,101777.85243587296,7.568998281966852,180,1.2381048979689189,0.6118391755472063,0.08943477015390287,0.03143069461593874,0.29826996188835553,0.0,0.0,0.9851226071667676,0.15535665759034392,0.8373007591892222,0.36155630559957674,0.0930271939938207,0.0313731687839675,0.08945099440893937,2.423768211002708,0.03129322456173071,0.9846631017591042,0.15545296875785225,0.7993083892542443,0.3750428287046777,0.45170952180400703,0.49566550776419666,1.124296744413454,0.033871940206362104,0.0326306743995236,1.5535950996909016,0.4823146324342616,1.3066124397455914,0.6245572374379101,1.4836161478574401,0.15546958493447438,1.1074023748469801,0.17968044406505862,0.03160346054029071,0.25722480681672005,0.09973599526426614,0.6470447848407592,0.06344987153670631,0.06486528765380122,0.07195935711825505,0.6444831138830879,0.0,0.0
0.0,30.30331125059362,298.99452966431625,101857.52664597976,9.723784577102201,180,1.4460010553306901,0.6097993863892338,0.08326768821001634,0.028311871966464914,0.3123406459481601,0.0,0.0,0.993750150035063,0.15550399306615598,0.8358110623907807,0.38403833669720566,0.0855730540950252,0.03411601892800302,0.08421994507114228,2.0058226951764597,0.03135253007011275,0.9603418994202526,0.155680185114727,0.8027080918528886,0.3679257835687459,0.456632811939231,0.46541707359600915,1.2500143191927886,0.030465971104382254,0.03343190249109656,1.3881321880720972,0.43644550515222624,1.4797212464118725,0.6324020989929668,1.3340418564031955,0.15582338761905282,1.1006505138301732,0.17076866327638507,0.03242333013517899,0.24385965033815188,0.10963397779714937,0.6400248296700886,0.06525004350755112,0.06791014970442108,0.06179356869618059,0.6531187745432245,0.0,0.0
0.0,261.8603888585834,291.8338805671897,101177.7946751612,9.172024077235982,180,1.372480075155113,0.6076177748865015,0.09752634186162724,0.030815967411853374,0.2940967037966056,0.0,0.0,0.9532217841414384,0.15534925055773752,0.8396161103525888,0.3834103372945586,0.09598235136348486,0.031706141788979195,0.08417832525962116,2.0321265618002657,0.030222854453535446,1.0081129743579467,0.15497909765002177,0.799532988291102,0.3903496202248124,0.49057770320422134,0.46335640084547147,1.3886630175782817,0.03284283700335955,0.033423742923117686,1.5936044225872346,0.4475685356040735,1.2722798617156597,0.6004964013528937,1.2872019674491413,0.15500337464438288,1.1035652159211993,0.17232738149789054,0.03351049609445767,0.23229125165834236,0.10877275954558832,0.6132355800538597,0.07306540829739605,0.06543062660871567,0.06802071792441733,0.6223797981566773,0.0,0.0
0.0,141.14622421583624,294.2023158360516,101469.0783418278,7.185905210389453,180,1.3694724874963455,0.6140829417375303,0.09435000427227071,0.03046481170633518,0.31857857766871894,0.0,0.0,0.984872861264486,0.15543623137542367,0.8389089522657213,0.36554359230812977,0.09138349752379313,0.030882966865377833,0.09287414975496955,2.1581872502806667,0.031936321096508874,1.0258256993307937,0.15569555347204087,0.80012303673975,0.3698664910214093,0.464103536234185,0.46733532188068766,1.3119295084150644,0.032375556077535186,0.03129869152269652,1.5482558737889534,0.4486368399030085,1.4066291644402786,0.6059152396018057,1.348676556004632,0.15569361430783382,1.1049399877326491,0.1842527396823315,0.032690896492149644,0.2433843046153965,0.12007949547773136,0.6035683349014735,0.06208556700361861,0.06701164394239675,0.06961059559841888,0.5566349080913272,0.0,0.0
0.0,48.84514206716148,292.7124887884806,102159.68125868807,8.50736503713892,180,1.306060447256718,0.6110212879676898,0.09520740042138949,0.030031611692506656,0.32511862820376686,0.0,0.0,1.084762606648404,0.15565029397356164,0.8381448875151434,0.3843624347382685,0.09003397683871689,0.03052964551081531,0.09724945863161007,2.259119229229311,0.03160532505669182,1.0006190084168656,0.15579645633447975,0.79800337459952,0.3539255328654589,0.49157228223230437,0.4487815721027469,1.3551471505324304,0.029677392436493682,0.03049272305341097,1.6375559953882446,0.4483253424767406,1.2619450394524696,0.5971477140496126,1.3619863693326766,0.15593597886475816,1.108336746448602,0.17481069179363778,0.03264872463655122,0.24165333597813626,0.09929278372605965,0.6458286153912172,0.06838162964719313,0.06590892122747752,0.06780376657222631,0.6397231366891015,0.0,0.0
0.0,142.48487200763645,290.6093318152067,101564.7085533042,9.35404875024931,180,1.325660278724669,0.6103933829995455,0.09156268170760712,0.032489467411747554,0.3255637118583159,0.0,0.0,1.1383668614080094,0.15579959677879104,0.8344942829005333,0.35986141064404337,0.0896771441214374,0.028851172765714733,0.0836005925916416,2.2936471185882525,0.030787120345236896,0.9775818517389642,0.15531290171309184,0.8019152100780212,0.3333649877303023,0.445007614189848,0.4525513020860356,1.4018556213808524,0.03577114135341484,0.03140312515281825,1.5137352346806388,0.442372361103097,1.469953291654198,0.6533530623451208,1.4408238198393062,0.155487750192403,1.103690589793112,0.1694521111378749,0.03271488643238872,0.2506509006725129,0.11031547326885367,0.6208153616087518,0.07045224001719567,0.0674347773400056,0.07155799367563061,0.6186072306650825,0.0,0.0
0.0,81.94741562071373,288.340612086308,101180.49188256841,6.321078908607124,180,1.354558337775106,0.605131093185079,0.09425549274458139,0.031133989339251152,0.331579818449834,0.0,0.0,1.0480540052791334,0.15525945160339769,0.8401773810381903,0.437289930755483,0.08848908794003184,0.033064343413843754,0.09061486750902961,1.9442791186005586,0.03211920465806193,0.9120322672455419,0.15524429032811726,0.8025343562189241,0.3297194606725578,0.4616908106023084,0.4848677800964843,1.4531956722771162,0.032332905712382606,0.02968755478150529,1.4629069093220597,0.4335732076105484,1.3780170199251427,0.6602517920954769,1.2532219900034125,0.1555070059087288,1.1049681893965446,0.18231936196391368,0.031507808621791755,0.22755777319038187,0.1041350368313791,0.6423075063135802,0.06595129088453197,0.06357257385584544,0.06705307860449854,0.6450581550419326,0.0,0.0
0.0,270.9239567575168,283.9423241826663,101229.08170399276,7.979417831251861,180,1.3263681780500394,0.6081545509452643,0.08991250608460465,0.030049443065311987,0.32028095967728537,0.0,0.0,1.0434105496732757,0.15544460904767535,0.840599250846085,0.3804768767622537,0.08469909040550987,0.030072435237486816,0.09344690644998827,2.336453950447977,0.028849906868512465,1.052612683120333,0.1551947799260815,0.7973686545675609,0.39673072609422677,0.4730803315394596,0.46817183154064956,1.1672260085784834,0.034954331122585704,0.03382267834993574,1.5914542880477758,0.4511465440304523,1.4043114333058155,0.638205696438822,1.3136287026725946,0.15539044377749128,1.1094701999579013,0.19356121321593212,0.029228378421062934,0.23002112095002383,0.11027972204642238,0.6344914114357203,0.06790654681927047,0.06866363742075578,0.06493361050839021,0.5836462853099285,0.0,0.0
0.0,234.85033433899335,297.0179543710713,101251.19016888588,8.631253556865246,180,1.343783921494569,0.6097522353167198,0.09800053122563587,0.03035088232992949,0.28642762530936977,0.0,0.0,0.9734315906076596,0.15499378806141703,0.8363286587493971,0.35061041126287107,0.09409168563076271,0.03265222534252863,0.09591255794423681,2.388715847346656,0.031432272381072504,0.9892061199812875,0.15506224616132755,0.7973295816626862,0.3589623578196619,0.46634806827548314,0.47545094614271755,1.1266846393036816,0.031224057867263268,0.030434914867618755,1.5284891652344563,0.39521628925138014,1.2871244123021512,0.6506739934185676,1.3639719469163831,0.15513341166114697,1.10599929144298,0.1691999088096881,0.02974438261334554,0.23951588390323025,0.10718565259948654,0.6144271448250345,0.06657385234904906,0.06664448065262255,0.06850833797628696,0.6670053209711121,0.0,0.0
0.0,327.44966793741725,285.34310127435737,101628.82258553171,6.831002958659568,180,1.2236616509478213,0.60644279468723,0.09378325943745779,0.03355272162429996,0.30672423621830835,0.0,0.0,1.009665582727744,0.15573316007655366,0.8393744703054862,0.3710371758124747,0.08823038286011835,0.030273401416643385,0.08746994231821795,2.602926187582532,0.03034913397646043,0.9486662666463861,0.15566603394645787,0.801604554572312,0.3514797596933028,0.43642293095719525,0.4563815358528857,1.5401318645910744,0.03155579264691675,0.0340009157940581,1.5478514015229403,0.41960816039216337,1.2625327820910681,0.6241547613946477,1.4572243044885327,0.15521914535694084,1.1077780410229914,0.1716798622600984,0.0312963464812543,0.22192599097970936,0.09531480834216373,0.5925380588840228,0.06700930484056679,0.06700525759170282,0.06863987235612184,0.5562783354735065,0.0,0.0
0.0,54.01747499400285,283.5273914850056,102210.30457599353,8.664004272000389,180,1.4012211692795933,0.612060927105769,0.08364420477897351,0.03426445441774955,0.3131800505159384,0.0,0.0,1.0601289033193924,0.1561353350086569,0.8386313038016677,0.3691530040643386,0.09578029483295268,0.032500856640799075,0.0894828859121934,1.789914709503487,0.03324257905218138,0.9507746963816355,0.1551607341762999,0.8047136448938853,0.330494915433968,0.4621350225525849,0.45004406674731107,1.5485058179714828,0.03061078066617963,0.03151658966059726,1.4671139847074877,0.4072111272564436,1.4449196762918843,0.6407196060433298,1.3495890822619543,0.15505187550456076,1.099087100775012,0.19227574761004249,0.0315403881262017,0.24158611950241932,0.10609028072079842,0.5768782510191823,0.07175401914968449,0.06664282330417498,0.06676434408244937,0.6804244962742554,0.0,0.0
0.0,110.88200897658767,300.3283899981236,100942.53236760563,7.904370003962536,180,1.4066562829280929,0.6094342703912311,0.08555474231348659,0.031062514509089572,0.29170915612896464,0.0,0.0,1.034819222073598,0.15515905822398776,0.8400132912119018,0.342303669236697,0.09019331278349377,0.03344526883904065,0.08812501775744612,2.008563765076955,0.035408409505921765,0.9358807985511498,0.15547156471892348,0.7981191026906993,0.35812078807012665,0.4613684251622126,0.4365320031399659,1.1202601790896776,0.02964311662765315,0.0336562980529584,1.5788438075885913,0.4507762083345108,1.3533028708000567,0.6154298840708937,1.3257325167191978,0.15522913554280024,1.1033010229657203,0.15518466274993667,0.031922042038056236,0.25504887625126027,0.1155715908467276,0.5980017714486705,0.06521947121968896,0.069751116473353,0.07412623433729378,0.5950114299615576,0.0,0.0
0.0,255.85558921590228,299.6917647185141,100772.25231294933,7.634675348115238,180,1.4328307679671053,0.6091556187320785,0.09807960775214472,0.028970557995733295,0.3047647171752036,0.0,0.0,1.050278897953341,0.15516405885148846,0.8393428685412203,0.377083471910824,0.09426856211153715,0.02900667210154402,0.09570543172103584,1.9798995571633047,0.03355230941900956,0.9973196344713371,0.15546382799146197,0.7983197253907321,0.3294154205485924,0.47043543061046406,0.45411391778626875,1.4087893018234898,0.03421166033793376,0.03308032364092016,1.4918275579974634,0.47157067180681933,1.4437894472289372,0.6234268470077077,1.4592014387966148,0.15568905135984767,1.1001534966142112,0.1633812907182561,0.03303544795844059,0.24950324085654282,0.1131952672454835,0.5886202887766849,0.06536707602502984,0.06822884779079574,0.07390996203790524,0.6156324026070187,0.0,0.0
0.0,101.73176270554191,284.8636890993338,101851.33111329007,8.067395917277233,180,1.5092075123053847,0.6112395357710494,0.0956328619980947,0.030204895698671127,0.3157682131225671,0.0,0.0,0.9553468526759695,0.1559173074647543,0.8356735296881098,0.3711956722264896,0.08860544148467361,0.029912137104416064,0.08991601545693696,1.8783011647514012,0.03353049720520435,1.0169869071378013,0.15561101489191628,0.80241410951693,0.40485553771159283,0.44448358686874534,0.4635200662245631,1.2585900377374086,0.032589962612047295,0.0315575638695733,1.4661171128877752,0.4764371282482733,1.364528469356628,0.6156230787460344,1.3441272852825341,0.1554693327518832,1.1009127234857532,0.1813676642293533,0.03428285107912046,0.22674515035323006,0.11840101569874242,0.5588456468414207,0.06591695413723461,0.06582375426322586,0.0646391356674601,0.6700561641768368,0.0,0.0
0.0,292.722061910583,288.4053541380616,101189.6446773382,5.95898972312459,180,1.3663188066141494,0.6125327238838585,0.08208819759091324,0.03508234304387774,0.28940609540755863,0.0,0.0,0.8798598765413781,0.1554062918951029,0.8390826730070156,0.34586385300122713,0.07952669102637178,0.032727517115351906,0.09435750027972205,2.084570425444703,0.03198239413181567,1.0212493009807972,0.15530405211604714,0.7977104086392395,0.41131899524327326,0.4650231481800368,0.4610441312516365,1.362062761420924,0.02922388859372867,0.0323765706467346,1.5189623503416447,0.4707813381870562,1.3055585351293657,0.6865726402867552,1.3851891009283837,0.1558542708722182,1.1055295806704595,0.17444735454797872,0.029561403374819082,0.23654654428178182,0.12178554597279956,0.6045676458270609,0.06761275542552132,0.06488970081090237,0.06837683440401617,0.6543205074582068,0.0,0.0
0.0,213.79964432905612,289.49646513680165,102020.61398361847,9.599981815790855,180,1.2250981043391609,0.6095889273402602,0.0981054523550098,0.030047396360092245,0.29757593328908216,0.0,0.0,1.0167657354409843,0.15525866188981413,0.8385773470187357,0.3593444271689825,0.09716520169831644,0.030848527414103967,0.09039195089575659,2.0053797927714134,0.032767678163637494,0.9579311442654703,0.1550989472795718,0.7999200061509767,0.3481338901018248,0.4567379685019441,0.4385150091296056,1.526502269544975,0.034179347758573994,0.0305378784361505,1.464393930831757,0.48297265169941417,1.4048133672822485,0.6286560139341851,1.4748103984408896,0.15561338686015774,1.1035357776500847,0.1697247858364704,0.02738769112518482,0.25886594889524334,0.10868102941021997,0.5793234049662926,0.07118071077964444,0.06863693943091723,0.07075396243724291,0.6507032455194417,0.0,0.0
0.0,63.98065567052899,295.2063249507825,101168.74673634293,8.700379535849528,180,1.4546552861933189,0.6058604046299849,0.09730349038102135,0.030600983497987445,0.3330450937010366,0.0,0.0,1.0355269114412637,0.15546700060531746,0.8371695553849506,0.35922626593319956,0.08886247642177673,0.032268870682879064,0.0912730014772041,2.374683183262132,0.03398024571687013,0.9542719013575515,0.1555721050721147,0.7999323874104681,0.3469561322870243,0.46532489394169585,0.46785744225341647,1.1943225175724719,0.030718855538654735,0.030234986009196024,1.522671527668663,0.46912128803343556,1.2746261475347453,0.5782497373171094,1.3091503331840326,0.15588320412687665,1.1074804110330079,0.18422806114745235,0.03197998317395632,0.22592823646013116,0.11000013637428623,0.6254478148902668,0.06664547136614261,0.06257062576496192,0.06770605190705027,0.6013281885927265,0.0,0.0
0.0,108.82949196790503,288.8906469411309,101882.85992145876,7.005413879907165,180,1.365986178269705,0.6115680723131698,0.08532446599183521,0.03351739499723417,0.2980817309270095,0.0,0.0,1.0437494603366004,0.15530771719601105,0.8360579586086344,0.37391688320923505,0.08534935267929977,0.0318118102119308,0.08720920087642053,2.220480443773006,0.029926107391500638,0.9959017776982519,0.15542426660732,0.7982313739866501,0.36116570579858703,0.4678733911726915,0.4227376147915992,1.3827291079780915,0.028306748313951597,0.030509205336923483,1.6252695523712335,0.46419723082312664,1.3156996490373838,0.6081126507343463,1.1899468437527807,0.15523879203258564,1.1032599516631199,0.1763706937249217,0.03441802942917168,0.24863181034968662,0.10456775290864154,0.5864272110631853,0.07071551650454569,0.0682984210624821,0.07488285600766843,0.6242194931138514,0.0,0.0
0.0,42.94985020295671,297.6507866907243,100988.43718627689,7.253749629950765,180,1.3966404966515773,0.609257977879427,0.08594787273424216,0.03230139185539999,0.32356891018671063,0.0,0.0,1.0344574407900118,0.1553473085906265,0.8405240265970592,0.3530083874322764,0.09006050935513132,0.03220554696948685,0.08702143498514847,2.139483108793142,0.03305529021050718,0.9568968567818498,0.15543954410136396,0.7976004824160857,0.35604409567566336,0.45874889128968954,0.45216358116796884,1.265607907584537,0.033554129700814214,0.03416959224593199,1.405687893344261,0.49442411384694923,1.2780211638358752,0.5891135469687285,1.167647958687076,0.15551898644728623,1.1050490493559195,0.16814927897596998,0.03245933680555031,0.2472037146963453,0.11603649069603604,0.706928010533968,0.061712709395319185,0.06898886872280309,0.0700974874259953,0.6397811033009501,0.0,0.0
0.0,196.56580091570092,286.26168587333353,101505.79406996073,5.135028798376105,180,1.2066472222740026,0.6129172338861576,0.09936138813197624,0.030066395061070082,0.30759565303924125,0.0,0.0,1.0470039984891766,0.15560402764629636,0.8372218542288156,0.39119633706577545,0.09944016540565678,0.03204634812929301,0.08635838356723571,2.245695896766155,0.03451843613762784,0.9937859314361794,0.15562440837292196,0.8028167621438101,0.3742243138300563,0.47818446834314365,0.45394565852391955,1.3277013128197273,0.030887439022186883,0.030022999565307844,1.6096636998148577,0.4273557122776265,1.267264065314098,0.6256580882532182,1.361545411170524,0.15515941009262862,1.1073924289172812,0.17647292686706625,0.030417924104525484,0.21739583701591597,0.1002669849174216,0.5822799376963794,0.07135239944421955,0.06822450767907397,0.06943912195510477,0.645588632103041,0.0,0.0
0.0,31.734063593120233,287.12365040322175,101107.22311970973,8.737787531292032,180,1.3036137680635442,0.6073181093300862,0.08664954957054251,0.03225801712757507,0.28412915803872446,0.0,0.0,1.0119366160953909,0.15482178034276914,0.8399836688071887,0.3738131943921911,0.08534801816595056,0.03330148981673227,0.09270477728057251,2.0481532811005043,0.032593170216455296,0.9821398191983226,0.15562018321429302,0.8003226612899558,0.41257565102535737,0.4685191138126098,0.48832190674975245,1.2178640776260303,0.03223447819583161,0.03492747191678664,1.5508014545875097,0.4386940805797427,1.342524751431123,0.6193068557331816,1.3199936355952508,0.15532520426130747,1.1030259111060343,0.17683962728362565,0.03194171846014128,0.246886035586276,0.10605527343116564,0.6985720494971319,0.07206141569510795,0.0650254779463203,0.06082656774784335,0.618637041446626,0.0,0.0
0.0,48.75704839833597,296.4428951534142,101168.36794736703,7.654832124287966,180,1.2776169691563664,0.6096357687621832,0.08946939537221892,0.03225447886114742,0.3131627016203717,0.0,0.0,0.9925875950837756,0.15524465685244754,0.8385759409535273,0.3855949155190233,0.08741274599573225,0.03452956871675854,0.08984955424281943,2.7848805081938317,0.029090412577267032,0.9340540936688725,0.15497805834089676,0.8014592802701032,0.3472497934195954,0.4883645052617039,0.4535668469331596,1.227133643231164,0.03015703363934681,0.03062505776949247,1.5725148475267168,0.4260023865369063,1.3570226035922193,0.597401011455453,1.4630803895892524,0.15582869612772185,1.1036816064848025,0.18666159346987343,0.02969550118514278,0.2383697670745146,0.10967078033585292,0.6428621963269275,0.06411969537395044,0.07388916645420625,0.07294370195617157,0.6225450673840061,0.0,0.0
0.0,213.72930805762476,292.2509948886972,101096.51107196629,8.196457921416815,180,1.365252920946891,0.6062571890498067,0.08926303277145642,0.03152489867236145,0.3169446908748958,0.0,0.0,1.1208163779838876,0.15532257618330805,0.8380610382602485,0.3467464042028938,0.08959749746126261,0.035152385465261726,0.09139574113520005,2.0236113170010293,0.030311993132763785,0.9551096513175306,0.155263624516761,0.7999471777472444,0.3771602182720509,0.45140129851599203,0.46372839824108947,1.5355805426275777,0.03080492799354175,0.028962872175624207,1.2800076854674625,0.4269584556773399,1.2878351692656558,0.6161042494152202,1.475719258164244,0.155137807018035,1.1038273966718735,0.16389479969658208,0.034302844475724424,0.24394298626292513,0.10676874730425541,0.6370368979075309,0.07074254046736728,0.0625360734222839,0.0742874733338946,0.6595270186996645,0.0,0.0
0.0,164.57921555942056,290.82761225468477,101897.35078930642,9.944613821442104,180,1.2512853450666193,0.6149677465942749,0.08680528280108236,0.028487800558341804,0.2934662798316814,0.0,0.0,1.0321942237990798,0.15519660101196206,0.8383798377912178,0.38653675061882564,0.08872503247522766,0.029132729061467976,0.09167136667729785,2.3917700494728518,0.03387011123348413,1.0245350743141257,0.1559063198551185,0.7959614621939654,0.3578980326466928,0.4802083706250509,0.44498913391891365,1.3389825396382489,0.03155308871014416,0.031069692361183156,1.5518679365292436,0.46161479880373246,1.2879289854242892,0.656278537892262,1.305818424890397,0.15523896439991713,1.105161623798716,0.17252544964764424,0.031640546962317835,0.23498607056379997,0.11126670137620809,0.6248295849716282,0.06941784777288142,0.07056408731250761,0.0643645384843921,0.6144915912358508,0.0,0.0
0.0,91.48164288506221,296.16250100051076,101486.12742014337,7.993220020552571,180,1.4411294044941247,0.6116562978908701,0.09342978597430113,0.032902626578502986,0.31880559773184136,0.0,0.0,0.9497730843840928,0.15588670730150492,0.8375847934092346,0.3590464181432061,0.08329631011299478,0.0295068611005848,0.10136316162190329,2.5396267112827666,0.031721413955610976,1.0242587849350397,0.1552991474144413,0.7961344722750655,0.3822552696878947,0.47333188086534617,0.5073523323061389,1.2326469260223971,0.033958807947645074,0.03241962565322347,1.5049124123303277,0.44541649276694556,1.3297658325679265,0.6610845527811996,1.368940221753896,0.15557908631252534,1.104521123955287,0.17378012774273008,0.03172580120183122,0.236707636561494,0.10995452260282752,0.6559281811855385,0.06981668233091304,0.0652289396196565,0.07514969407852656,0.6059267636370271,0.0,0.0
0.0,88.12680868153977,283.770839913721,101576.27101126987,5.769457677210375,180,1.4207779445491633,0.610447914657696,0.09065305489007516,0.0339830308104136,0.3245559073057453,0.0,0.0,0.9591563639427599,0.1555951258755715,0.8398345037786791,0.34271511784078573,0.08885249388392279,0.03176498638375569,0.0905899754267087,2.3228788497332444,0.03235503778159747,1.0022892626502835,0.15507085378387145,0.79999416426577,0.3515080982000367,0.4678717265948483,0.4960752975509092,1.4226696389010174,0.03358343652428619,0.03049702651111082,1.584324190440722,0.4760545737922578,1.3620990299565714,0.5946591074004611,1.281880102088502,0.15567678604933946,1.1086848320169063,0.18305406579475678,0.03148332739548017,0.22637925399267939,0.11320482970578641,0.6046154238939488,0.07119018669290443,0.07568220582038634,0.06684755228389981,0.6532169736059007,0.0,0.0
0.0,240.87129242019316,285.4931930373169,102287.86448679608,5.506127692291354,180,1.292631722710341,0.6097823574480226,0.08900759648653035,0.02957319396515071,0.30509879069290063,0.0,0.0,1.015567690127168,0.15553686066072375,0.8386147609681898,0.3760916075545159,0.08711671463029576,0.03269247653313996,0.08919194130077254,2.4712368626209527,0.03113912304051369,0.9143856957890898,0.1555705968163987,0.7991161784216823,0.38106825007420625,0.5004472432275183,0.47409955287844363,1.2888213684067868,0.03408088926710886,0.032107297469615874,1.3905711595921586,0.44394434768745095,1.4020298525035213,0.6443649831138222,1.3257263027153592,0.15547966273622535,1.107012773339743,0.17498999209102944,0.031795360255419604,0.23703509949345186,0.11938939242005718,0.6199301201149877,0.06948306598933653,0.07177927088973181,0.07346341160363101,0.5928431933494922,0.0,0.0
0.0,93.83951964932614,288.58403994834043,102236.47517943321,8.627552822545454,180,1.2273587747137482,0.607849885186853,0.0946580299186136,0.030315921105498352,0.3169804325459987,0.0,0.0,1.0700874764565895,0.15549197324133227,0.8365314610178191,0.33011325247345735,0.09694963246004194,0.0320676525472687,0.08589332902678001,2.4213057203180623,0.032096599392878414,1.0638163719965048,0.15564033394714769,0.8017299959041404,0.37112356309205113,0.44274300349654644,0.45072061763216387,1.1786812921765455,0.031244071916828074,0.03421405176071419,1.414070011108717,0.4215533836974029,1.475053362611028,0.6285521710969826,1.2886762428952456,0.1553521144631758,1.1073516863071622,0.1845792315261082,0.03192728726069746,0.24840406392616243,0.10463333368265637,0.6282951793397065,0.06559487253391211,0.0702758895642202,0.07146429345596259,0.6458536995588787,0.0,0.0
0.0,73.10051191748089,291.7756794109548,101712.47676087315,6.71606635994723,180,1.4514807539100845,0.6058591757664405,0.09368515612063245,0.03303251553522163,0.3150664405316493,0.0,0.0,1.1148629601590707,0.1554314278896268,0.8370327818369918,0.39566921257704585,0.08678602917655255,0.03287651212676085,0.09043469144564643,2.3784853175906737,0.034794067942018884,0.9926337978327742,0.15537123595568947,0.8000324540334077,0.37594804615766625,0.4684369897182082,0.48584843196041366,1.5413724079585165,0.028890259148777922,0.030011486755081102,1.609083483490229,0.4538433888052383,1.300626666982685,0.6031377462797309,1.2194203770799845,0.1559726644470237,1.1066138793766709,0.1846696666155422,0.03190035415685606,0.24476594738040017,0.10467843719473442,0.6239363155834949,0.07300499263308595,0.06537213695366118,0.07338881576582648,0.6505474748767094,0.0,0.0
0.0,196.06041793321165,298.8192366463401,100379.10207907161,6.513739088624154,180,1.3479362355280151,0.6063721527013223,0.08150573802230858,0.03272537758724291,0.29260992276795916,0.0,0.0,0.9302529528070163,0.15542816863987324,0.8348791496490242,0.374043490294211,0.0903356258992799,0.030826789437838634,0.09315010622711763,2.194942142681682,0.032359766616642666,1.0107400626457594,0.1553801034904818,0.8008499280359299,0.36935433199710976,0.45734558251897034,0.49431344399655813,1.5823957044697188,0.0333774634874401,0.03430332635403368,1.4596342641845323,0.4752824510834533,1.3427887036140402,0.6370189554063443,1.304988943488179,0.15553181386869164,1.0987907058211015,0.16569313234615554,0.034556353663757845,0.226586034256995,0.11280660625712763,0.5700609336377419,0.06942916488750124,0.07489893231788147,0.0648056714443967,0.5768197596607887,0.0,0.0
0.0,62.87174183472518,293.33627182837273,101295.17217373122,5.14776953936796,180,1.3088267882302076,0.6065766949365666,0.09323725532486506,0.03281215806047874,0.31249272545765905,0.0,0.0,1.141036183476783,0.15577939370191293,0.8328964737261797,0.34524927344657064,0.09944350698952248,0.029401724093943225,0.08894924399300529,2.4499401303255195,0.032740297000275365,0.9329277869685454,0.15548169185692642,0.800724518291326,0.3649221780936358,0.4891524356097173,0.48691227331852344,1.5621800110438413,0.030061218480303017,0.03242315543708747,1.508915153281956,0.4734082040087553,1.3897332279774703,0.6318928465326008,1.482012502360109,0.15498502114834506,1.1028718129171418,0.16283514158490262,0.029944950920236017,0.24742863941790802,0.11223441341453431,0.6430551834844755,0.06925668952862643,0.06721313802606893,0.06624788316094873,0.6713324444176653,0.0,0.0
0.0,107.14757402929368,300.7981506077427,102283.39506012978,7.109344923798594,180,1.4577579772929738,0.6151273689990864,0.085131874198437,0.029251743001317835,0.32632670765165284,0.0,0.0,1.0953593448378827,0.15536206176332681,0.839484928217642,0.3740738905397183,0.07985857777752665,0.03345188325951837,0.09409444663151917,2.033893443315253,0.03414224239706599,0.9471424095923274,0.15562963339158506,0.8013467990829408,0.37413251909800754,0.46081448031952416,0.4579469384043484,1.4400975217397414,0.03175248950519503,0.03211571912492197,1.3461097787891423,0.4737986421602837,1.2834444597536705,0.6218529223924929,1.381451864252081,0.1555994098100582,1.1016955970012832,0.1884383580455934,0.03238201468586848,0.2294020978803142,0.10814984356969193,0.6466100865301372,0.06483286701969843,0.06241539218128532,0.06599193303420126,0.6605723822005966,0.0,0.0
0.0,19.925782720134784,299.3701623222339,101289.4675165255,7.841715506358001,180,1.3380789973529104,0.6089497427098399,0.08323425672774015,0.03225296057239483,0.29075941263852584,0.0,0.0,1.0028545838061538,0.15608710467884843,0.842747081477977,0.36614287891399605,0.08210750182249306,0.028579516029295298,0.0917775355740369,2.082668742202314,0.03367977855899486,0.9536473900991257,0.1554324334025268,0.7996681839054905,0.36776748361287687,0.4525494741862154,0.4823227777289875,1.3753537144338697,0.03619704159410912,0.03254798704592458,1.5422640467602513,0.4709899091200624,1.385101926042965,0.6393065977591196,1.3890150963726542,0.15494180768882096,1.1076220696677583,0.17565320241645546,0.03378603106895007,0.2286324792763131,0.10665196646923789,0.6524210531924878,0.0724594058166114,0.06720737540309142,0.07281359519167335,0.659567756319585,0.0,0.0
0.0,185.01046026746744,297.51095500176257,101461.15454803362,9.476476888961564,180,1.3463757169649695,0.609465908612436,0.08897370074626547,0.03071515984568792,0.3015856033721576,0.0,0.0,1.019363906097104,0.154967698021072,0.8409347860662101,0.35455836292808135,0.08827312110299794,0.03064796993710449,0.0854873684015061,2.6043290822234453,0.030893602002018097,0.9775004357429478,0.15535727420204345,0.7987888751869522,0.37353883809362526,0.43001079878384724,0.4690905797361256,1.2318480423413791,0.03332854448886037,0.031037907695184185,1.5088535918818196,0.43635689289557417,1.3091760905637593,0.6633092486270425,1.271013899547995,0.15510515953483633,1.1044783476402313,0.1843120350212961,0.02972790342173671,0.23790629999658894,0.10854287967026983,0.6257384736602104,0.06614900249645334,0.0640676862693528,0.06642773472464196,0.5939404784238856,0.0,0.0
0.0,256.55692446344267,295.22642205776106,100856.91615782847,5.667539169670356,180,1.3652066785438108,0.6087591161727104,0.08822567754594723,0.03323087181022065,0.31253409999415643,0.0,0.0,1.0666280612565666,0.15542405341148466,0.8382165459314002,0.3600139795465495,0.08336792538376041,0.030804430786767235,0.0892090300773195,2.5793522405102864,0.03135929476864811,0.9714769016726661,0.15542958381582864,0.7984688128437417,0.3798543798825398,0.5110706825465402,0.4702549019296602,1.2378828613864639,0.03408892575609862,0.030901569178611213,1.456372428781069,0.43667271754402603,1.423558945606464,0.6224399054763252,1.291627530898712,0.15516226984228973,1.0987605395431068,0.1895848414407978,0.03312718804820013,0.24093301773711792,0.11148476810970473,0.6250627381555482,0.06552133551641727,0.06767161372977008,0.06442385360675845,0.5963744980572631,0.0,0.0
0.0,144.68426763058244,300.8499904638132,100135.56952210239,9.798676001714194,180,1.3287184498463858,0.6073707787725035,0.08823324149037125,0.030198076092922937,0.3027986824043869,0.0,0.0,0.9306059312416664,0.15551761474274706,0.8408414624586295,0.35960563893230585,0.07818808865931612,0.031742661960733866,0.09160469833187207,1.794718031576537,0.036343546115061034,1.0014027830195031,0.1554499239650312,0.8012195991030924,0.3599812972196726,0.49402571185212596,0.4711020092642256,1.3213747442886083,0.031173014876021983,0.02982961866471839,1.4823292007453814,0.5009949229661464,1.420943445452807,0.640016409935065,1.3182317189981934,0.1554584003617996,1.1029939913094657,0.16775461712084114,0.031137444938364695,0.23577085863384686,0.0999207988684283,0.5799931842309656,0.06689145999213052,0.06580183215376584,0.06968043499762153,0.5822850746232635,0.0,0.0
0.0,97.07564782090071,298.5101093277104,99797.0938777989,6.782537860250079,180,1.4860640365645332,0.6105122094998949,0.09862179845221933,0.034733069101173165,0.3013617041522357,0.0,0.0,0.9885928935807602,0.15508245873483992,0.8373517198024281,0.38700454671224377,0.09192742580223225,0.030338125684635477,0.09249178962788697,2.3597957369158618,0.03350442661125091,1.0032640748958586,0.15532923753294758,0.7982085149308553,0.38294016943036413,0.4205204942683807,0.4673602557410034,1.519360764033732,0.03344948638457873,0.03167925667007593,1.4146167378799233,0.41542606019359246,1.40431495047907,0.6385414084079085,1.2579534025479644,0.155757395196215,1.1069843464663003,0.17564378265681854,0.032974237416447866,0.23284871062301143,0.11083935160859049,0.6332076595143433,0.0705286680856503,0.07184085680136862,0.0721356109353354,0.5488876142611459,0.0,0.0
0.0,175.18500448316928,284.1006523308825,101056.72411829782,7.024866459459444,180,1.3483090006868699,0.609415241918709,0.09451529002463442,0.030329206632317862,0.3241794292178961,0.0,0.0,1.0111013245693985,0.15504013755308219,0.8359071041974921,0.3453315170289504,0.0958076694528863,0.030802578768596243,0.08414494728375244,2.3614281160611434,0.03307785110969996,0.9797590676853903,0.155578280208617,0.7953418686809605,0.37303354912542036,0.45010090028815575,0.4623066737606817,1.5635446135172542,0.029245301027131982,0.030610644273475752,1.5341390254103207,0.4293294648238066,1.392180523541744,0.6549140113206107,1.2950404741392958,0.15535390790779377,1.1052165289133264,0.1737826113193012,0.029439565219593775,0.24143606870864415,0.11121073982235685,0.6449930555980634,0.07165974442527487,0.07274539773826089,0.06103786430417817,0.644926336173412,0.0,0.0
0.0,240.48853584761565,296.7628007663202,101547.14104691533,9.656729227366096,180,1.4785615602739433,0.6081052622186689,0.09361789623925172,0.029442973833736535,0.3204438635039198,0.0,0.0,0.9943501050513477,0.15535573806876027,0.8369591161790948,0.3550222130733491,0.08879954072037298,0.029105046232916248,0.09496907774722113,2.3096687226382584,0.032948249856211094,0.9856642242533926,0.1551970974667041,0.8000404594824243,0.3663453935405886,0.46457736843734604,0.47201124672405925,1.2921384004259893,0.029973475245542964,0.03350154203092023,1.5165724307223964,0.43862682548512355,1.3243845773827303,0.6199614443044392,1.4050426031800183,0.15559100654355212,1.1058374837124159,0.1680940624173644,0.032887109696995015,0.22881448902359028,0.12000298829368156,0.654410468586107,0.06596209947267806,0.07252242537777,0.06654424694063436,0.5878863944471096,0.0,0.0
0.0,307.9233368332105,294.8371793981473,100591.74393758946,8.23449180308918,180,1.4320799815019951,0.6115223398904605,0.08663495681466737,0.03240842538086829,0.2891075372826413,0.0,0.0,1.0467169317531833,0.155272055400395,0.8389521852554689,0.3409093209576233,0.10176682812021096,0.031672791581527825,0.0852044165832723,2.325672117802366,0.03083637922462938,1.027078009057278,0.1554003885933859,0.800645386224084,0.36387981771207567,0.4808820744131403,0.4531628480415099,1.0328091693099979,0.03244458557666088,0.03242879941288645,1.5099749947603769,0.48326378866915565,1.3867737892613383,0.609122380726318,1.4454261985584478,0.15515978784296441,1.1064247016790167,0.18997177405197913,0.03246655572429637,0.2184072329965054,0.1162107475027084,0.6149013520635672,0.07051306885126632,0.06766730977791133,0.06618192888006603,0.6697395494896778,0.0,0.0
0.0,3.5066606471854245,286.9807755117515,101639.83940143223,5.724609175605176,180,1.4500946699585255,0.6083598960046971,0.08945254610262841,0.036270468541421005,0.2910895775499993,0.0,0.0,1.0244717158076313,0.1558671564477225,0.8379035575950403,0.3681911366721332,0.08753727912685182,0.03195703958496854,0.08838196932739706,2.028863366173105,0.03212725384046095,1.0487357533025725,0.15577097841376492,0.803095846951261,0.3785675923993865,0.45287629908295857,0.4752552804842414,1.455176630107951,0.027498854402804838,0.033365043605018775,1.478341548611037,0.48525350174925347,1.3706664803648825,0.6217536024364941,1.3114044236674565,0.15540916177119432,1.101994256299535,0.17737603656677295,0.030115474344844656,0.2506230094849072,0.11599548150201408,0.6108872750638858,0.06395177133726967,0.066977646398871,0.07290360923851266,0.6261395738110381,0.0,0.0
0.0,1.6579682288428454,287.0911166462421,101605.40702117664,8.339250089460819,180,1.3410577865434257,0.613029900243859,0.08762369940219807,0.030548319490672493,0.3118209794711862,0.0,0.0,1.0331085018097952,0.1551812224012639,0.8391733961666695,0.3757017833666876,0.0915061797579464,0.03141152381798691,0.09455644257082738,2.0191867522703895,0.03402738430742327,0.9629255899221064,0.15583567403340556,0.800308544201749,0.38398685416636485,0.46792029667264046,0.4386106698864229,1.2917134779839976,0.029876037675615436,0.02873618587024174,1.5906959179259097,0.4124399607016039,1.2678799734483703,0.5787976042461085,1.4227807774816221,0.15561841250483296,1.1064426742772369,0.18787457408193178,0.03342234855443844,0.24027394478155106,0.1104596785705413,0.6131888276669368,0.06736819694875303,0.0642690952082003,0.06970934751964859,0.6483992306873355,0.0,0.0
0.0,78.85875689350605,299.55671756274387,102330.38326848419,5.383178734169196,180,1.2570545178225763,0.6070277625288836,0.0827159145632696,0.028957317861869163,0.3403639348545643,0.0,0.0,1.050233206611689,0.15533126937837896,0.8425016482286972,0.3638071725298564,0.08390402549230501,0.03158612804521325,0.08307480126181033,2.019893539272568,0.030574861382359052,1.0331634694186775,0.1556388331620664,0.8007333218311933,0.34444054117899614,0.4196074621001346,0.44438326257851624,1.5505967400418228,0.0313927939969618,0.028935783685543528,1.3771849921250698,0.4170878919119553,1.4365235540000012,0.6648520093154441,1.4043392563777197,0.15506795030309345,1.1058021686960646,0.17300056266166355,0.03133489205239327,0.23150495808027252,0.10970884597884803,0.6527655635354032,0.06849706218214201,0.06954030828922923,0.06866988303671648,0.5860149675632643,0.0,0.0
0.0,324.2213216311716,301.4673416800568,101606.5002419165,8.409871851678107,180,1.3406180792848483,0.6078126791641356,0.09753240834342526,0.03262053875379654,0.3227586311514186,0.0,0.0,1.018219976381971,0.15559960996150737,0.8381109074461115,0.3522175990161844,0.09741783152227851,0.031798524401913233,0.09860977215073138,2.237551703612102,0.03132629456352939,0.9036574603180217,0.15511641828103936,0.8006073212779637,0.3688293366067806,0.43957853714246364,0.4590287391875587,1.508623725933987,0.03358247493036643,0.03199444442778997,1.6623500017013566,0.46296502469931683,1.2892926721609987,0.627294752306341,1.2907705979411352,0.15557679311797723,1.1070583005101338,0.174795812121573,0.028586893350349495,0.23382657284964836,0.10578939489492686,0.6074959114890356,0.06490244157861493,0.07052301032858574,0.06769051959032185,0.6490925075157241,0.0,0.0
0.0,197.14913619160882,295.0718180602928,102259.98938438077,8.717494752855774,180,1.24156901280068,0.6095866499282118,0.08864603139855974,0.03316344896998929,0.3105033490970119,0.0,0.0,0.9667907991321357,0.15549977243921917,0.8368746586605166,0.38165810531790184,0.08950628261713822,0.03496547583519206,0.08664962843670017,3.02505429087718,0.03348730226925334,0.9882478617465416,0.15574609126356004,0.8067435593833681,0.3508824941907385,0.46541496807711386,0.482697800058938,1.2699995214479545,0.03164770540209016,0.03180136602509168,1.4652103150715419,0.45940410692161526,1.373277713917254,0.5940910630164248,1.452982534961055,0.15580230863343736,1.1050272619885613,0.1737988954825769,0.0313855680875846,0.22673798372377166,0.11942449258166424,0.5004377778869878,0.06670828558218986,0.07240740436769771,0.06847404243454877,0.6093673491236897,0.0,0.0
0.0,17.537044244133817,287.99603911866353,101045.45064044275,9.221819085627963,180,1.3673334019908523,0.6109522580878488,0.09193999565776419,0.03028995316148638,0.2848284498480507,0.0,0.0,1.0180367907915324,0.15545177920476452,0.8407003982119657,0.3577227522056499,0.08567803946705449,0.03220016230025278,0.08922462322843222,2.4120490476533467,0.029957643671260317,0.9306197269834021,0.15526235987654408,0.7987593577762757,0.39687615543152543,0.48284837814795534,0.4870457490021722,1.3146300982529853,0.02958092642087488,0.031765909379003546,1.5708046486612885,0.44283232646413906,1.3044575610250004,0.6329904720701511,1.450691633252817,0.1554446808463548,1.1053668544886777,0.17592297984310307,0.03015426927716032,0.23275565754724203,0.11091900155771826,0.6026705115113944,0.05892742164845372,0.0680473753309151,0.06689435799107671,0.6040162632084771,0.0,0.0
0.0,25.796984254930727,290.0636912090175,100827.32926487367,9.401988127333178,180,1.2713443818605068,0.608288123553356,0.09131028553418676,0.02854014864848677,0.29180855471402506,0.0,0.0,1.049829224969344,0.15527030478916004,0.8398302411760971,0.36728495906241543,0.08875496359905462,0.031783648480863916,0.08628763964042505,2.2478447999003692,0.030244422196841893,1.0444210370019336,0.15570743081208435,0.799773331087004,0.3572967851983613,0.45711312250502995,0.4441670559799181,1.6153824309382452,0.030548774785943193,0.030546876647718324,1.5450415359086906,0.4879164516062885,1.255098231204702,0.6247362574211561,1.2558493679431595,0.15545666366263974,1.104245657688366,0.19053348509017054,0.031184478011175333,0.24741733301420124,0.11082922926286476,0.6527536394517452,0.06909626626307273,0.06500373005162773,0.06381486372778748,0.6477350266046463,0.0,0.0
0.0,303.4689760880048,295.1720109459623,100776.33280158411,8.279932451882377,180,1.3036660132512559,0.6106550066876977,0.08833107068767813,0.03207179470520487,0.30110528247861296,0.0,0.0,1.0234442166373041,0.1555725312577017,0.83763037482476,0.3602733801969128,0.08850403591292397,0.030604300033856505,0.08692378686703857,2.72271622192488,0.03480207162053206,1.0032143115068433,0.15576686308032017,0.8022301726138483,0.36793226441330906,0.4676554480675264,0.510817728588156,1.3187501907750125,0.033266040317342246,0.029267754803594673,1.5169043105946527,0.4431940684071017,1.3215129802626482,0.6423636743720108,1.393306779722647,0.1551385390311442,1.1032365034814213,0.1814904962413027,0.03355851993577949,0.23162458194438507,0.11822841629310268,0.621952477383157,0.07185211830714698,0.06749841831985733,0.06584809311057394,0.6262766920521086,0.0,0.0
0.0,341.01032326698135,295.865486727983,101128.38920836496,8.553322915470355,180,1.388685527399523,0.6063119839868754,0.09064115450552494,0.03057271983383836,0.32116002334860266,0.0,0.0,1.090292014170261,0.1555678490918339,0.8376700121034307,0.36293875339553844,0.0931919181422114,0.03055325094685668,0.08629410945979274,2.347353709755368,0.03323815771445618,0.9415763859973394,0.15546950231947043,0.7979361126491049,0.3934420117703979,0.4585730307298126,0.46622253254758694,1.3117260866161093,0.03363889356170525,0.029956664531702447,1.4685093195499397,0.45838268000784677,1.4623746631034862,0.6498134992559957,1.3678268178737882,0.15541359571609084,1.102434592825902,0.1693492038514886,0.0330014123196765,0.25671049430925125,0.10457400688108008,0.6242668816659868,0.06893793952801179,0.06460778011570456,0.06727108315818091,0.6374105012649187,0.0,0.0
0.0,276.398618012152,293.1362511896594,100894.79197422098,6.096040067516645,180,1.2580223495164309,0.6105670619329379,0.09294667202694859,0.031970339126954773,0.29069251278376096,0.0,0.0,1.0163229778937204,0.15543404248522313,0.8368724650279471,0.36360633019883304,0.08376947938971661,0.029497190202917054,0.09166138315466239,1.992936280160755,0.0322234875474588,0.8592523201420941,0.15592995757017017,0.7989308857810966,0.3670285515085291,0.46700048336941163,0.48335671885450476,1.2280133191345755,0.032547002953278545,0.028690122958249038,1.4955884260217724,0.4369875055444764,1.2488045250977127,0.6124485671097306,1.453981811330603,0.15581113861223247,1.1050112248983381,0.1711208173902808,0.03402083985387605,0.25303960529890396,0.1081423618119439,0.6464797745572717,0.0676270839097979,0.05795941318907438,0.06432812120340711,0.5763505986949631,0.0,0.0
0.0,320.5415473249771,295.8294830646732,101181.68273390816,5.480220925057083,180,1.3795247373130117,0.6133693610146705,0.09182127345713949,0.030163429486720305,0.30812678530763565,0.0,0.0,1.039429575601122,0.15484447020921732,0.8357044208783899,0.3598436648099808,0.089201653708749,0.03157615564287109,0.09164689809730736,1.7954136740016997,0.032732010681445496,1.0582265971284104,0.15572384301454759,0.798999420474841,0.4127102203499577,0.4761690332957447,0.44068232489447506,1.4566120931649444,0.029733260961740032,0.032949557893435885,1.5484867997875666,0.4719843344113797,1.3548091279356926,0.6659722529048988,1.4143281433427366,0.15538897139776023,1.1058703628663091,0.17355237937088216,0.031082692494387044,0.24303880959585325,0.11395657379820413,0.6023960439673197,0.06319889158189729,0.06738999735474398,0.06628152285801144,0.6108612325172252,0.0,0.0
0.0,323.32536105472354,297.53869785014746,100826.42751912681,6.971080322024738,180,1.5298763709609915,0.6059302448598952,0.08459456770853471,0.03001371354077981,0.2908084298598457,0.0,0.0,0.9866399745471857,0.1549622471592156,0.8388242358068154,0.3791030628474065,0.09028598614448288,0.03220318808470468,0.09648942960748978,2.3014460213756704,0.03030472660440098,0.9816076201175223,0.15564240360654352,0.8009925724382071,0.36914879839283177,0.4495797441452759,0.4502327603744843,1.3715696151085373,0.03486562493462444,0.031771795334677666,1.645112015398341,0.4315121428298995,1.432703047841664,0.6301532005459688,1.2885251973319636,0.15544602899561605,1.1051834013210784,0.17597944363099194,0.032050666360315325,0.21789225708856214,0.11209289288532424,0.6168505119286647,0.06972059399046229,0.06911391683587102,0.06410384308878533,0.6299014444439606,0.0,0.0
0.0,43.31626542001021,301.8823821834761,100830.13431300844,9.366668802764941,180,1.408493408523896,0.6076774911949396,0.10069161388756219,0.03173210006765287,0.31167176623273,0.0,0.0,0.9364870506325863,0.1551384596835515,0.8392648420862561,0.34143420931060064,0.082550391922289,0.03123544534631027,0.09757169083013188,2.011155887244946,0.02892085538186286,0.9401985875321398,0.15618053225340078,0.8009855493620602,0.3660255380295052,0.48069150246013903,0.48466777565048974,1.4996969109706957,0.03046802491029894,0.02981501124737582,1.5010202315784136,0.49533915154372865,1.3283305997935226,0.5916556581778913,1.3330469873104438,0.15547941022375308,1.10511555731242,0.1758080645852154,0.030716838617850056,0.22503907741465656,0.11511225076278284,0.5997566127601442,0.06743732293069012,0.06190633514672865,0.06266614621348357,0.6299191108412393,0.0,0.0
0.0,191.24958032922586,299.3760460091879,101103.0656517896,7.547507803156888,180,1.3212479884192445,0.611199214765646,0.08760049310994276,0.03205403157542571,0.30256932493440264,0.0,0.0,1.0533353758434068,0.15534452096306656,0.8396048063521906,0.35836488698934194,0.09077888416623535,0.03110506031693517,0.0919752098921443,2.1791672124050825,0.029099009030882195,1.084309932885457,0.15580779476802215,0.8000830138956787,0.31768203295707104,0.4472494129005576,0.4771481688907156,1.4702595190426453,0.031187146650718322,0.031547419829641446,1.6022527868387577,0.4073046755565365,1.414698202276611,0.6041375107070265,1.468281049227878,0.1555803627388849,1.1026806035454932,0.19584763215143716,0.028614003504862616,0.23262050132042122,0.11317192728179636,0.6520917254400959,0.06617376783711233,0.06774766361347086,0.06542283057671494,0.6280175453160979,0.0,0.0
0.0,86.8661550617403,298.43663749367,100714.85822737434,6.536001888595394,180,1.3408487234742477,0.6060275790922423,0.08573237868362311,0.03192750694728368,0.3147174119714766,0.0,0.0,0.9512007907199708,0.15527015290235893,0.8338314136552308,0.3425068118631391,0.08730703080766311,0.03245739107986321,0.09518203242816804,2.3576626623369594,0.030510278322934795,1.0482385150882174,0.15550415935356457,0.8004812182966853,0.3843817929930568,0.42111039515468085,0.45932387967956295,1.4132582918024128,0.03143831153533582,0.030964827737704,1.5731673210679287,0.4714273551034464,1.4556169210024388,0.6135027243618809,1.319945051350855,0.15542829841009673,1.1071503150383475,0.18170440517634562,0.03214472685430993,0.26741408550319046,0.10614625891210845,0.6097047025972634,0.06728524652897268,0.06516289603833855,0.0691114842063912,0.5638955480213538,0.0,0.0
0.0,291.3220584580919,297.47949328977734,101365.54813846183,5.099170352010513,180,1.2796688865756887,0.6053152081397358,0.09534060703407325,0.03397721004292821,0.3019999019784976,0.0,0.0,1.1176070903090076,0.15572919108583735,0.8379585835455857,0.34811224024382387,0.09021623040793057,0.03290096401133223,0.08815925155059905,2.4558866467900975,0.031294076785033376,1.0154742016538831,0.15553261776467364,0.8043377589230573,0.3743936717796614,0.46602990290080765,0.4485580065486858,1.5138451649019344,0.033794679149973916,0.03194470518381676,1.5066745747372527,0.44659168527006926,1.4349996730127743,0.6633750795229103,1.3307098375359687,0.15528106591213744,1.1065893316436493,0.1890265841719495,0.030135210429351262,0.2444413212380894,0.10420569763257087,0.5600651266208493,0.06941000866630198,0.06722170732526679,0.0596921555053864,0.7072308252522698,0.0,0.0
0.0,276.26608464614463,300.8199432818029,102109.19211687944,7.671749148725977,180,1.3457534409788885,0.6108067594631706,0.09185294092480105,0.03193488013754753,0.3174343237047953,0.0,0.0,1.1271798195410556,0.15538948019185783,0.8407909514686078,0.3364829301238644,0.09346166739026227,0.03358517679871975,0.09420226831208371,2.2438835415797036,0.03145395001085475,0.9496306481094641,0.1553279267081502,0.793685569084168,0.41248390647703104,0.48623919061311555,0.4437729488695026,1.190003559027703,0.029173549862658445,0.032742742912981855,1.5969635261185398,0.46290072923931064,1.3798644714021713,0.6133612349045909,1.2884327521663708,0.15557004932690316,1.1060603271727594,0.160931874643811,0.03246973186987939,0.23209539838683574,0.11690406439724653,0.6509308122773982,0.0715161052559601,0.0638752926786132,0.06805878346909398,0.6599294508248588,0.0,0.0
0.0,125.6679607198777,291.62866508203876,101893.4796512048,8.996730413581519,180,1.5021844088406884,0.608779616595753,0.09573434905342405,0.030297950811985164,0.29488307510148287,0.0,0.0,1.1036825663189729,0.1557586306566198,0.8386747580843925,0.4003186512026685,0.0874479692638489,0.030936099254846628,0.09200161398297933,2.1811211072770855,0.03122641375147578,0.9870180608867373,0.15531095912664805,0.7996294475572516,0.3551225393494257,0.49080039209074955,0.45274585198421113,1.383797049339876,0.03154392144701628,0.03378519881212342,1.5156487783432826,0.4420432222016527,1.3616462491973715,0.6199717367877202,1.2955994844502052,0.15554764872082907,1.1013185436012838,0.18283627280397788,0.033196143456455746,0.21342641478023952,0.11048860235406943,0.6941779189819672,0.07304937831552023,0.061792643470384274,0.0703678122999374,0.6566900535062554,0.0,0.0
0.0,108.01338756605871,295.2102235993181,101207.31220501765,9.963506457599005,180,1.4112248325165366,0.6095022685759305,0.09299342149618153,0.032668072116064206,0.33941701262386925,0.0,0.0,0.9317952638889363,0.15586332722731908,0.8341659574656795,0.30832468826059345,0.08716012467581474,0.03249169804112355,0.08960639225711169,2.3672075159982207,0.03050130141502327,0.9537164859700151,0.1553725616275721,0.7960731426132917,0.3516519990770051,0.44360445382335684,0.44493672140924956,1.5805147585721313,0.03376655541236829,0.032465387932694,1.676054294157511,0.4312706462743978,1.416221335721307,0.6246761747802901,1.2840521469352506,0.15532409574925216,1.105573292789183,0.17558621933199484,0.02956982162806081,0.2339218673732623,0.10464113566422918,0.6107430692746935,0.07010284791363698,0.06654269541363836,0.0670979493339574,0.647010171189268,0.0,0.0
0.0,77.57831930135187,287.0757221938627,100735.31630465011,8.975136880293258,180,1.4137551093235954,0.6093915382460231,0.0921340276946139,0.0297345159469021,0.29628561522857255,0.0,0.0,1.0375711837223478,0.15565591298745934,0.841239639825949,0.3518522069872474,0.08860886551834739,0.03288468951661767,0.0945918712709866,2.0481646796972055,0.032690327558125586,0.9981427500928801,0.15596502672283863,0.8039822603936027,0.34368351798806096,0.510735882565268,0.4634533117804346,1.393067387309156,0.03418474962868123,0.03029037700702063,1.5716597088938795,0.4394361220423619,1.3007909315220036,0.6388069619997849,1.4208272718600297,0.15527120992880586,1.1007607304394076,0.1717203970859229,0.03327512731054239,0.2372312828416741,0.11160406183118786,0.5754441740913577,0.06726643667322718,0.07053884877340788,0.06423109074509041,0.6729357878311047,0.0,0.0
0.0,140.2108056765276,291.93354904332716,100851.90170737966,7.339999402800275,180,1.3394453766238283,0.6066585351464094,0.08933391316174877,0.030400056135679712,0.3025210729157411,0.0,0.0,1.047797567884855,0.15569925810622706,0.8387731220578263,0.3734039036072519,0.08885891807479863,0.031740705094268476,0.08533575462272855,2.3325485885984647,0.030807098419201723,0.9339617617698198,0.15498946442882688,0.7946262004314263,0.353309459286058,0.5168774522928442,0.44268110544959977,1.6274056285119123,0.03135046247391324,0.0323004241090395,1.6347694492095632,0.45355590952408864,1.3233292313592249,0.6203302534026556,1.4061875257434386,0.15535187562357392,1.1052789078377954,0.17512868663578338,0.03026171317835868,0.2427799579460153,0.108233959499729,0.5922055510539312,0.06955457339882352,0.06510471316465798,0.06869486215821173,0.6370909124407008,0.0,0.0
0.0,207.96015737002492,291.898783207186,102295.30581909379,6.570429851207441,180,1.3431597514985334,0.6055567583191737,0.08690895858998739,0.032338419345986205,0.30801255308914555,0.0,0.0,0.9839781326321436,0.15579889971709424,0.8366911184797569,0.3898929932144046,0.09325000151700476,0.030698302321315023,0.09481141643014467,2.511171734664376,0.032018741330422575,1.0078067266953452,0.15486692442025152,0.7994117649803054,0.3623390934655024,0.49854949593595727,0.48926977981080993,1.640891971177381,0.03261245789260757,0.03328267871879311,1.6816026200891285,0.4802972924503484,1.3135929831025634,0.6256496284702748,1.3172813967135752,0.15558237193635116,1.107662604487803,0.1789439415222127,0.03306555410931223,0.26149356352237707,0.10872879433538819,0.6419165411499304,0.06247379479133424,0.06801417564750556,0.06376048268247703,0.6696159284574346,0.0,0.0
0.0,240.8249387819516,290.3602697577407,100700.39301809917,5.634765561833342,180,1.5928851860519107,0.6087487727616445,0.08310438750296413,0.031270127867934754,0.31380474653438023,0.0,0.0,1.0296678874995915,0.15527276167966875,0.8405319482741231,0.34403832247972654,0.09595781033758552,0.03339203565677805,0.09588794052663017,1.8701818452498828,0.03203000735395156,0.9594555969461088,0.1555042671440319,0.8006492162355279,0.3962613557381426,0.4945679718649964,0.4601480378983438,1.2290873224300272,0.030402725041736644,0.030863517642541385,1.4678093229254017,0.4639425697383331,1.2957401347675435,0.6369078989697533,1.4326490851959426,0.1553031351199633,1.100229040227149,0.18484060700287155,0.033231259883133926,0.24153668353950114,0.11309793556690115,0.6473297396105732,0.066685303305694,0.07222589654735408,0.06802994746583407,0.6098586552017422,0.0,0.0
0.0,338.0944843039544,283.57312099956397,101440.2795547446,5.252004103242313,180,1.3986331347785796,0.606369117819167,0.09372186150684618,0.031126206612711135,0.2923669658264746,0.0,0.0,0.947476163191029,0.15508250277018323,0.8404784647341595,0.3510360467425412,0.08176041504478257,0.03344424370282685,0.0931558090539897,2.5265758895156143,0.03211417829824355,1.004620578453726,0.15531851948817377,0.8019288411038286,0.3985399447301737,0.4701107550341153,0.4582915141701558,1.4186898294187844,0.029416917432229562,0.03375942930459056,1.5205816219760415,0.4545089100442304,1.342146455012328,0.6070925573095229,1.3272484414879009,0.15500025245386465,1.111307216155314,0.17746577238993685,0.03162457751519516,0.22281347666028156,0.11339492137874353,0.6503168529343369,0.06847684234380295,0.06940700742518674,0.06714339237741487,0.6145898212518704,0.0,0.0
0.0,106.10625676871548,292.5526659623154,101297.11064403676,7.640432885944585,180,1.3443067135577715,0.6142346547918955,0.08641612341476487,0.03307988433536293,0.30390099725887465,0.0,0.0,0.963505771711921,0.15565351141804953,0.8374169353896574,0.4014994771388558,0.08741847085986043,0.03152301262511322,0.08440775865349709,2.317575138207841,0.03018782298846029,0.9436065836066615,0.15504613397999664,0.7954040851125265,0.32638275199122757,0.46733063144256537,0.48409531727760347,1.4847770256373218,0.030444788435448098,0.030171354967116315,1.4521375556877723,0.453142743330888,1.3105902744268094,0.6214355164257691,1.430876812187979,0.15540105327544984,1.0994269415064488,0.17459609460386852,0.030750747010190458,0.25142006051733384,0.1047667599412395,0.5706528294618354,0.06697443475062637,0.06729404114266206,0.0708711697690497,0.6430231291609744,0.0,0.0
0.0,169.09509379366406,283.0087551681211,100826.20968697748,7.887441343011852,180,1.4334496646933146,0.6114369664159364,0.08951199032257294,0.031298847830035316,0.28515764662231496,0.0,0.0,1.023745086254324,0.15542941708753652,0.8312047247061735,0.40956694609874794,0.09063099769140276,0.031415639634223294,0.10426468435806402,2.103172805405808,0.03221705083266267,0.9374194435974698,0.15570997399891168,0.8032756253115056,0.3634772109667911,0.47327797557942636,0.4538947450948797,1.2625152806990307,0.031570405144185826,0.03333554508409503,1.588201115954031,0.4273186247784876,1.4362707968267328,0.5712630813371298,1.3433291490580015,0.15539917645656182,1.1001558086878778,0.17668058827096203,0.03130450735985473,0.24333457357073063,0.0996755561031245,0.6392418322551768,0.06501099951710197,0.06255812032382996,0.06888385822570049,0.6065995398769616,0.0,0.0
0.0,323.15492969940135,300.66555208524187,101299.27762784365,5.483510540838098,180,1.4060177308754358,0.6141228713989194,0.09136133579429181,0.029952082598399484,0.2896909267634138,0.0,0.0,1.0711699853875671,0.15552216777688996,0.8388783311307237,0.3841430573019026,0.08175074758842676,0.032723781461875684,0.09121850854805319,1.900197365515945,0.030511821818674685,0.9669414857502505,0.15577098901532405,0.8033179837391291,0.3810015488975903,0.452670600715187,0.5093345727168692,1.3242862503115624,0.030036772084690612,0.030662595510805607,1.3491284707283033,0.43520890785275446,1.3768952136688382,0.6285692457059123,1.154375342801469,0.15549425874034994,1.104140874601516,0.17171245029436832,0.03225652233211311,0.25173794406317945,0.11342570623632783,0.5530570749132216,0.07389429264776144,0.07049018895399421,0.0702542676037273,0.6203458866810412,0.0,0.0
0.0,123.47190861061252,293.8849336336857,101244.28445467527,6.209957920364578,180,1.2704645592849835,0.6101363954452723,0.08933352448463738,0.033007206770476846,0.3193503947471347,0.0,0.0,1.039434792797607,0.155292198889187,0.8398507033222393,0.3482314433320882,0.0847869445694812,0.03185285685432963,0.08820037994770513,2.384413900173591,0.033323888064273735,0.9737138792414269,0.15551043930768496,0.7988080345559726,0.3693088831115927,0.46534350390681234,0.51582718968172,1.388224912543999,0.02956880991752611,0.03230987449789995,1.4926124653521544,0.4758427735470291,1.2390356000255707,0.6382669579039614,1.282944063950128,0.15561500721254343,1.1059152398330938,0.17921563802467835,0.03197396830943498,0.25606274505751414,0.11063681717205583,0.5943553848579565,0.06515849243756378,0.06485184918294609,0.06876679314617094,0.6133294416865561,0.0,0.0
0.0,207.04706132991112,298.44210257072115,100679.60585587344,8.750927650957138,180,1.4797061289577855,0.6076225570550602,0.09160453557773558,0.03151161086176753,0.2848139685607703,0.0,0.0,1.001904799447556,0.15535438315637254,0.8445896544355573,0.34618358772144275,0.08951358651407972,0.03034999894061182,0.08796062474027665,2.1986482404686507,0.030656562686697128,0.8639633805270017,0.1550706282658432,0.7980524017932207,0.3830341686410514,0.46907308842955914,0.45784542863324257,1.4101888064634454,0.02995544304480524,0.029243124746452485,1.5507638061251456,0.4137603851640059,1.4565556254680305,0.651529206425609,1.3114402232542008,0.15552560321717881,1.1056351641194262,0.17903718011992203,0.03169969126854081,0.23794666135478318,0.11701248821668957,0.6065880572424129,0.06937900458248045,0.06681845874207336,0.06620114635213328,0.6330707233786499,0.0,0.0
0.0,279.9059176871745,293.93663548210253,101232.11445862142,8.137475612639559,180,1.3789630268854312,0.6072030657756116,0.0919187178089516,0.03125889399687707,0.28177087723439176,0.0,0.0,1.0412748091671489,0.15579670485221062,0.8334766230295272,0.3850095316083907,0.0886262290655442,0.02989919961591147,0.09219316636023409,2.336826188417566,0.03037310153867118,1.0002189492616986,0.15568496088504213,0.8003011087677058,0.3784248428805852,0.49221901903132165,0.5005409476327297,1.4151554557376853,0.027071454070407168,0.03301844236396694,1.4646330596686048,0.43384566050987755,1.3952922844233566,0.6819944723074782,1.2808424863248673,0.15524581978823723,1.1040855668813205,0.18783101866105478,0.03180158184168852,0.24616152028509913,0.1100347911349992,0.6089173042614303,0.06629387107628411,0.0686055790501099,0.06723215331560026,0.6397461590541695,0.0,0.0
0.0,108.94885685999947,295.39339041292925,101420.79301637081,6.878472255756385,180,1.4044818334567972,0.6133443025783121,0.07844109999310889,0.03204436548366358,0.30283319599175196,0.0,0.0,1.060218878180832,0.15578156373278465,0.837252926796661,0.3912547575587201,0.08969146184341198,0.028772165393095357,0.09659533520059145,2.138592370770031,0.033074891447622566,0.9930102977098473,0.15497826333918846,0.7995348962436065,0.37882996428654325,0.4761973110036413,0.47975871974358586,1.2717091150579383,0.02953955843471467,0.029007837230018204,1.5644364535797621,0.43488573864317115,1.3380671592003124,0.6693092999857553,1.3333237768869073,0.15525828327879085,1.1046622609486874,0.18093004360682527,0.03204181313835334,0.22535184872566993,0.10622052185320369,0.6241500260304987,0.06070661184562759,0.0673360752586928,0.07118121899962841,0.6078645573027252,0.0,0.0
0.0,277.44022756775956,295.4471515681478,100869.23302593833,5.632037249684305,180,1.4683139183823135,0.6124179044337094,0.08499564196825606,0.033754726558263136,0.29774810953527125,0.0,0.0,1.0023025997762982,0.15531469046808702,0.840590820781694,0.3680007004848421,0.09192575299515657,0.035038180531645535,0.09281419909140284,2.453481343049562,0.03633652288503198,0.9707558461215956,0.1556274264034971,0.8020284582337089,0.3898535699410585,0.475184000356787,0.4480308274714627,1.5590413578815907,0.03261015357584771,0.030037642702729957,1.614329725684699,0.4283519150104944,1.364951613307361,0.6880672566424705,1.2459060187285682,0.15581257675722182,1.1051832506499506,0.17557005366304562,0.028611459149289774,0.22830494669432003,0.1083060810660579,0.6124434788792861,0.06936615338433204,0.061554004938860006,0.06941355377805612,0.6597986740363706,0.0,0.0
0.0,239.45082410894378,301.1946762435117,100740.59725866292,6.39173634368961,180,1.2801601297237106,0.6101163655086973,0.08770741891297935,0.032823363253994355,0.30896095827358633,0.0,0.0,1.0273432117989143,0.1551343163361995,0.8356961072799802,0.3329034691204557,0.09074996236830665,0.03145236964930776,0.09077674468253388,2.3842216776670986,0.032113486242980376,0.9390673909269114,0.1553976183626494,0.7970139840541525,0.3978387628631195,0.47647885812083934,0.45608353926928263,1.3437439697397666,0.030893704547080347,0.03308006882356623,1.5758626991415476,0.43269005384407855,1.31415682063934,0.5966563087684993,1.4772376673951728,0.15552551875752585,1.1043304521682638,0.18950128618524423,0.0329132614228198,0.229984301506321,0.11125373920268805,0.621230229723979,0.07187066049047197,0.07281766072438037,0.06874062666624978,0.6463697529394359,0.0,0.0
0.0,275.1730157278677,284.32586791906186,101542.1467948472,9.515074066252296,180,1.3755872957848374,0.6064300995496614,0.08627345387626119,0.032748309770892554,0.33354873563993215,0.0,0.0,0.9647811998354995,0.15507423521186453,0.8398510524541075,0.36142538832114807,0.08981592469707823,0.031191969069986444,0.09444896722537112,2.4059499102635886,0.03198343700645482,0.9750734412751308,0.15531313576548414,0.7970158750120022,0.37493489160499344,0.47061392182605977,0.4403306220245676,1.100652694594849,0.032931189222618736,0.02921551599292854,1.4048320600219315,0.45789686163106985,1.3628360751362905,0.6435831359757687,1.3340779771997935,0.15533468863703778,1.108843799060677,0.18366510381389015,0.02846539715797899,0.22265420587551346,0.10349254345704394,0.6264980210059523,0.0674862629063912,0.06917348452462169,0.07008170096904115,0.5723888500042806,0.0,0.0
0.0,11.44033491907328,294.60407973707646,101713.47399154631,8.171268554656622,180,1.4079727566632645,0.6116186872960487,0.09269316109721348,0.033018566730367384,0.3070339789355866,0.0,0.0,1.0239054263915155,0.15482283831774812,0.8391868733539546,0.3670062134634504,0.09627089594439965,0.030737560702687766,0.08680334875379046,2.109969446339065,0.03097410310018993,0.9881222257042194,0.155165988321859,0.799364450433407,0.3285230666696353,0.4364411986582234,0.4646902114631776,1.3395217107618853,0.032631840536915764,0.032445111217942905,1.5373777722444681,0.4733116410151344,1.3307500530491758,0.6356053781099834,1.3899712821919712,0.1549786697317282,1.1088198969948169,0.18386552842041143,0.03154770296186525,0.24957865613814995,0.09938753243194219,0.5894770853454006,0.06930919871016036,0.07148238560212052,0.07467610566158707,0.6354394535363186,0.0,0.0
0.0,222.0719133824237,297.09784660609085,101316.5880985047,9.818451783123876,180,1.423687740285146,0.6098063299462165,0.08317844943341951,0.03206242888490758,0.29415311413355905,0.0,0.0,0.9943064271465915,0.15562346909985728,0.8379233805204876,0.3682766584897624,0.08348565198342732,0.030687795112471866,0.09076962848246342,2.0827065860857696,0.0335761178643063,0.9782149213981763,0.15503519390881362,0.7967109102184436,0.373386932484627,0.42238175219918656,0.45671988587962353,1.3191469665371711,0.03293189070783116,0.03408719921537796,1.5719395266682203,0.446140599808963,1.3851462968907011,0.6691635261070262,1.375583526089322,0.15550244086821144,1.1016020623995133,0.17481888105790166,0.032288398276461,0.233462485706572,0.10666413468453188,0.6227416657858796,0.0719633224304448,0.06262758109413127,0.06588142669871455,0.5712251195336596,0.0,0.0
0.0,139.46990403652435,288.8111610245518,102032.50729896716,9.106355470497714,180,1.2527181025906302,0.6096558644730892,0.08774590182757164,0.03256832391305946,0.3171495100582226,0.0,0.0,1.113850432126951,0.15512496040904056,0.8379289901494268,0.3573799932678013,0.09646015369159455,0.030849672167450725,0.09223336978852728,2.0262270089767513,0.029052184226421675,0.9834785442565552,0.15592661905819327,0.8016618862335372,0.37436174959483115,0.47903580465747264,0.4712621356857965,1.2258392614910822,0.029867184796500683,0.030816171581806433,1.5701731186077805,0.4039925626813724,1.4248400043586587,0.6066860110899828,1.4219689205584434,0.1553669756402481,1.1037568395903439,0.18680887671518595,0.03157249008565799,0.2234813680192295,0.10962810981436719,0.6158107004034146,0.0663891983861132,0.0656869826505382,0.06487253371953022,0.6329710139775443,0.0,0.0
0.0,59.567436665274165,289.7725332286028,101510.80556525056,5.049102847539698,180,1.3736615178370732,0.607772152161562,0.08629239264475441,0.030565269002540495,0.305956223675796,0.0,0.0,1.0372011696446262,0.15523153777670412,0.8381494324072656,0.31779698603425055,0.089893540934976,0.02996668822894146,0.08282851670242491,2.471440192930552,0.029779216285447826,1.0699806974979051,0.15522135975839904,0.7995265715078747,0.38539484377207067,0.4670612403607358,0.4372205583180357,1.1997484895613606,0.030465118306992948,0.029564897423331384,1.5327390258092546,0.44524225089677444,1.338790405132524,0.6197758743081542,1.2025614544973793,0.15564147280047974,1.1046078719021724,0.17171844455166904,0.03329270604198493,0.23848625517693994,0.10891629834688402,0.5809903701425915,0.06622554394150332,0.06791308654156165,0.06271795644156913,0.6009374286779124,0.0,0.0
0.0,323.5892231760128,297.262536282989,102062.49738862351,9.935467697724865,180,1.266575365580712,0.6049851922564727,0.08752634312793336,0.03252101151753706,0.30224481428310834,0.0,0.0,1.0268585182574668,0.15549106105337868,0.8386312664406088,0.32907305877778575,0.08959334219799922,0.030274959153000065,0.09348120023547256,2.4944236805420137,0.028044955831076412,0.9260690673289551,0.15530212814112448,0.7999202469291368,0.3608590411146144,0.42767623796497195,0.4640412390379842,1.5849726614081359,0.032921473583500005,0.031149753036721742,1.567510898915397,0.4173705498920189,1.3870164933148967,0.6502025892188413,1.3004861205036367,0.15506038223937954,1.1032303801107533,0.1913182191904801,0.03401358526970079,0.23825206965169704,0.11181868286736393,0.6100323656439948,0.06155513711511876,0.061976478389805134,0.07135132811422179,0.6008951837882879,0.0,0.0
0.0,23.175921617671605,295.8883645198919,100670.67516959395,9.299008219607357,180,1.3644956249145048,0.6077641481437414,0.0792477562370624,0.033125068067538524,0.341976708026417,0.0,0.0,1.087636350189256,0.1555749290852177,0.8380202933175697,0.3909364828090527,0.08447075858343811,0.030190441287645624,0.0907623315163619,1.906376023770959,0.03349720443817007,1.0259349391515664,0.1549992741493379,0.8023214109987008,0.3580393581926794,0.4700292090932331,0.4998182676811767,1.1531870326403975,0.03295427131829695,0.0325556374241043,1.5856056238292704,0.4518005014197683,1.3652377075395659,0.6246141393549566,1.4633454733608553,0.15520140803575147,1.1013767723868644,0.17569156082925858,0.03243201214406124,0.2337379038656035,0.10857020219084576,0.6600557795479746,0.06843750693197485,0.07312809013995557,0.06564567472652234,0.5784143352980736,0.0,0.0
0.0,73.05730521459124,297.99178272431755,101635.2838818045,5.187964997272058,180,1.3702402454799352,0.6062051977382206,0.08577189914566642,0.0300413993395036,0.3332649265925569,0.0,0.0,0.889963988408338,0.1552387643380821,0.8382754982534644,0.36661718263156173,0.08915011282727116,0.031404116818544,0.09627309261903168,2.026339293432655,0.030869364211830376,0.9812487036726129,0.1555836161535939,0.8009560844913475,0.33886406326061436,0.43553751934885104,0.5043965021979429,1.4038451458762797,0.0290951195162822,0.03085591038847932,1.6345544231564848,0.4674858553317868,1.4798031506113025,0.587448930327749,1.444367215386941,0.155820023890672,1.1070305641321694,0.16650726459041018,0.031052857054396258,0.22810102703808888,0.11511013482155912,0.6721091636749775,0.0641970208902329,0.06741934780165351,0.06469750841573035,0.6471649015684738,0.0,0.0
0.0,225.15471808553008,296.5311818492547,100632.41558291983,5.413656766729449,180,1.2744341586567531,0.6124825973643945,0.08398618052526793,0.033089543926218025,0.30324363151554456,0.0,0.0,0.9909333458338757,0.1553482755216247,0.8403159720080875,0.36775649580737524,0.08964277455972397,0.032601923432687654,0.09131959928626958,1.9664815497671246,0.03125019629610411,0.8988485232217717,0.1552077984714494,0.8006837993394876,0.3388463544655007,0.4513140264000672,0.4678173254061806,1.2337803996024534,0.03305686992038293,0.02924664781368631,1.5749766975793764,0.40976117058823935,1.3880698383870491,0.5811626499713585,1.274443639299304,0.155228279575337,1.105964260548934,0.17660768140194863,0.030348276269337962,0.23551480558634869,0.10626595370734558,0.6606765404769032,0.07061034144522597,0.07306870889870098,0.07371734133315241,0.6539832895211921,0.0,0.0
0.0,347.7105242726613,288.52789383945793,101352.39854847542,8.396531315984507,180,1.2969312058187148,0.608928158323694,0.08393461074488746,0.03023151011239983,0.29409007202097387,0.0,0.0,1.003899055181036,0.15539159864625748,0.8360314272080872,0.3648916645133185,0.09035375783578568,0.0340620936436429,0.09040744222163559,2.520553077723668,0.03250721176270674,1.0443105545608646,0.1553280392748578,0.7979116732216719,0.3773483105357221,0.43111570403981553,0.47976147484333465,1.3060627837028003,0.031972421287465275,0.03145534809179401,1.4927036032469552,0.42660082289989004,1.3271385108944878,0.6640021657616633,1.386259109677277,0.15523036035947613,1.1035749169954447,0.18509205249876276,0.02671071680962917,0.24418051559663398,0.11286383336869238,0.5436984913493876,0.07022799010164903,0.0673469453948178,0.06357387532094777,0.6277557623562624,0.0,0.0
0.0,84.8055095027976,285.9005745656428,102647.10325604574,6.4960917918754575,180,1.4417864858879472,0.6079838021796533,0.08266411196167187,0.03143793602433228,0.2727556238540307,0.0,0.0,0.9983407273187428,0.15567187849326825,0.8400231328457457,0.38162513821583866,0.097525553573074,0.0331837435739193,0.09123832324901285,2.254800095102682,0.03134818294940597,0.98673526307939,0.15571919463978726,0.8010401375924615,0.34831647051263775,0.4855611462670698,0.48786163347203637,1.2720229394741218,0.03034799518505783,0.032542729765297436,1.5407141999735823,0.4395651083912569,1.316939266427275,0.5738423821889377,1.3415935762124922,0.15522093433890932,1.106114194159877,0.1874989767214546,0.026378136293598767,0.2306406022712947,0.11505785337475294,0.6513299465408129,0.06408487148048411,0.06955287444457106,0.06702878577016409,0.6466765491422705,0.0,0.0
0.0,338.6570527487802,287.70640706468924,101923.88938903066,8.61419713926217,180,1.3455413186021348,0.6053549217355284,0.10163513420417485,0.03180061759115348,0.3251306730377619,0.0,0.0,1.0380584828875818,0.15556131094979764,0.840792051298019,0.3512668694798212,0.08206554452036137,0.032336467934697986,0.09284285239164615,1.9233653720414734,0.030303148323976736,0.953825975080354,0.1549490654483237,0.7997181818632336,0.397639712929156,0.4931985153425752,0.48129624697380385,1.3383745472109885,0.031158121436631395,0.03343171818249938,1.5722053270143375,0.44502494756902833,1.4135834588115184,0.6755879069144912,1.2730686750505742,0.15568526127574472,1.1029187397219133,0.18160645233881106,0.03413129004723381,0.2338764840618903,0.11358424874201796,0.645024733085481,0.0658460613011842,0.07113322490311431,0.06874737633138,0.6563728756750192,0.0,0.0
0.0,98.56577367441717,286.62385732136045,101443.62879595655,6.868162581270623,180,1.1997330784074611,0.6089843889777922,0.0957971525449364,0.035437182417166556,0.3180906529544085,0.0,0.0,1.1434077651754289,0.1553429331336954,0.837031074021063,0.37129251699117716,0.09056994563426068,0.03146117335443961,0.08920854819140459,2.3287127745521254,0.033877622544083975,0.9383805881987921,0.15562904031204333,0.7973848141242701,0.3645519937059605,0.49176856841369354,0.45811263623898224,1.2138026241489168,0.03109870900863748,0.03198926734576956,1.7177131817154572,0.43319693807601833,1.412502817003192,0.6491580027866678,1.4088188873131586,0.15586154844834535,1.10328664576094,0.17404577687471925,0.03091496702801736,0.22672164966654204,0.10385276042482233,0.6540143338312177,0.06699875677953679,0.06456314552785816,0.06245638942134066,0.6368546604300157,0.0,0.0
0.0,119.08233130490079,291.6169974451669,102153.57365922321,6.596280703146804,180,1.391829027525747,0.6067056513363219,0.08947656153249293,0.03016701810527143,0.28775402830227986,0.0,0.0,1.0221738404412977,0.15517176970477575,0.8367686647006619,0.3695727547138873,0.09017390624537452,0.03535020984690286,0.09756477697744471,2.1564948328968874,0.03261020268335886,0.9964252770502118,0.15534842847085228,0.7968693631087976,0.3572455134829719,0.4542520906700032,0.47174759114996623,1.3199113277728647,0.030127441060753313,0.03147372418510042,1.473337095052436,0.48157997555186066,1.320585410415643,0.6312130717858102,1.2849170892040418,0.1551992718690435,1.1035080065734055,0.1805913259141291,0.0337072988758783,0.2381294538436545,0.11603597440034308,0.6067995064875453,0.0651332050782166,0.07139038724523182,0.06158632863957896,0.5717556703850386,0.0,0.0
0.0,333.3911385767457,292.33304358584235,101969.39080029617,9.547164732222633,180,1.4346851374563718,0.6113692451776241,0.08503954719896188,0.031634004366565265,0.3157554201258211,0.0,0.0,0.9765084470662522,0.1552962175970867,0.8372520818985492,0.3418301548762542,0.09299129229834835,0.03225590097466813,0.09502115635862847,2.484549920134151,0.03199192262918382,0.9446596774169326,0.15559931376139763,0.7985755897233064,0.3366492231431253,0.44032420167098957,0.45401103880573346,1.2731615394148084,0.02909897554499068,0.03162386148104181,1.5272631904140483,0.4523146171114247,1.339297695281417,0.58712630373228,1.5122614811551403,0.15533469825966512,1.1064921538960002,0.17474215942723947,0.03324361700302489,0.23632311288629074,0.10117683795709816,0.6481073886341467,0.06783166265737944,0.06259575712585932,0.0673204529085297,0.6160754888496845,0.0,0.0
0.0,212.42907924536786,294.8041372767415,101687.57017711627,5.951546257208494,180,1.375061339961555,0.6073630033700337,0.0892422319468007,0.03024462978643173,0.3068845444588646,0.0,0.0,1.0549326345578802,0.1558444639041538,0.834229569708997,0.3393057787030438,0.08737022633440052,0.03402483808224707,0.0909984887083744,1.961652108225801,0.0320854276801535,0.9866634950183734,0.1558997849780207,0.8023705362802883,0.3471595440094346,0.44432186176331595,0.5023745977070397,1.4117796815614958,0.031416207974697095,0.033334201943542405,1.5959847464282246,0.43744600198508643,1.385504758643442,0.6474855233258228,1.2968791968473647,0.15558394273679374,1.104682178658875,0.1844209059245946,0.03417558275631501,0.25469146734552034,0.10598757447990341,0.6358813672138851,0.06879400061415804,0.07086340074965013,0.06948836256261061,0.6221147761873174,0.0,0.0
0.0,189.43750609636012,290.62381946564665,101948.47255692119,7.449813042659171,180,1.3765670639372956,0.6161176624096374,0.08778407753989836,0.034652261466509314,0.34077650348777017,0.0,0.0,0.9660277747281658,0.15559136340478086,0.8392110527754775,0.37080346081650223,0.08510488444771984,0.03327214942140045,0.09091199599077451,2.2867757711901455,0.031990393716582466,0.950684389893475,0.15540422638466114,0.8011101116610355,0.37243235782834605,0.4723966033155844,0.4669842281202825,1.2528060151453102,0.03267632435787319,0.03189298452139742,1.5150287029045035,0.4262969431469343,1.3204370937692822,0.6232957130565909,1.4419120576983584,0.15572282694157538,1.1025462340326255,0.1664711321589877,0.031160298387290262,0.24407750660296829,0.11078646209643693,0.6272307307972311,0.06571877633094607,0.06427908524486291,0.07445091055074368,0.667407156024224,0.0,0.0
0.0,119.87035528887141,301.35052279654474,101004.9513706562,7.304904308075059,180,1.213896952702076,0.6084585300729312,0.08590736443698034,0.03278415610110757,0.3096873490900018,0.0,0.0,1.0058130253588717,0.15540585169305324,0.8370657019502626,0.3365663007027857,0.08991740563987313,0.03293365909675815,0.10372404105919085,2.093745536883134,0.02925935405575247,0.9610231221431659,0.15539887076487183,0.7996310776277361,0.3904628815225385,0.45641601531467246,0.5136916782807439,1.1126619061400096,0.02960397944161655,0.030365916600480894,1.4669200024233322,0.44144649219310617,1.4436100193695056,0.6219717377816794,1.3020247042274289,0.15516988798443002,1.1062487317412253,0.18665846405441924,0.032698638341921986,0.24492134659000722,0.11420968217053662,0.6011593345899097,0.0715103662956056,0.06540895559774182,0.06887504126516922,0.6260686514452843,0.0,0.0
0.0,260.6426004019616,301.35374884555415,100446.74996401313,5.372447483459257,180,1.3448405697260886,0.6099533277808112,0.09031480829623467,0.03316425686256944,0.31528433943988937,0.0,0.0,0.98170516601321,0.15560634476857457,0.8407618694840217,0.3540710346893149,0.08725148875022774,0.03573543022813577,0.08843897666311859,2.242250333654997,0.030153591800930264,0.9972973211343003,0.15532313116672844,0.8025979624439673,0.37577864160072205,0.5180385407022464,0.4680589145742185,1.313896416399572,0.03353129360206282,0.031133417816461256,1.5808920319837858,0.45425066246623247,1.3095064900685318,0.6556504730302093,1.372386882101292,0.15545110696759265,1.1051433824418748,0.17018869169321385,0.03303735202986153,0.23381525679866677,0.10516094485196142,0.6929535605673846,0.07000002804054761,0.06608211955378614,0.07461995484976908,0.5898758589809378,0.0,0.0
0.0,9.575393024559196,283.02012680893273,101698.18620401771,8.044490004725395,180,1.2941770515737645,0.6121139421138873,0.08127043823882843,0.033226741388289856,0.2985819933555927,0.0,0.0,1.050652448018157,0.15519937577922138,0.8388838539785922,0.3833942209629019,0.08793252280088781,0.03185064766823208,0.08269431150837281,2.374520755471174,0.03158784469743044,1.0406248203341832,0.15546488768692945,0.8015123958560985,0.36001701875893005,0.4514739085698716,0.47760292467361937,1.475511566174759,0.03094269553726281,0.03023913423024202,1.3551541487566352,0.4581991875327019,1.3773952805574645,0.6393367157110014,1.4421726110822215,0.15528149036259076,1.1019687206915132,0.1852168951885065,0.034827272880650094,0.21265885146508218,0.11298379131508869,0.5737214037492732,0.07045583362798588,0.061718971666723285,0.06603721264869417,0.6290119864652016,0.0,0.0
0.0,245.84943232229287,295.22699521879537,101741.04236123626,9.896220465923955,180,1.2869951252726697,0.6084329377751488,0.09199157096405908,0.03477267303857842,0.2969847373372052,0.0,0.0,1.0258699928156858,0.1557586010537517,0.8345985198985394,0.40323400883690097,0.09479407288951612,0.03265518681711972,0.08032795660871633,2.267747542193162,0.03357595512659553,0.9650983813544608,0.15550987291488172,0.8028863428981761,0.3615890018750482,0.4824374999065072,0.4397140066997651,1.4539907930351597,0.03348427492316092,0.028669376840292034,1.469133568988727,0.4603871510977777,1.3888467589979752,0.5704285936287415,1.4114277797401171,0.15554645214251153,1.1022140506956049,0.16648730801088887,0.03098299066010704,0.24526105239359017,0.11447846780890969,0.602003788187153,0.06787803730044659,0.07423439067523478,0.06399595675926546,0.6568371653214963,0.0,0.0
0.0,223.52996784155388,288.20222754525867,102004.81214923259,5.917303273463565,180,1.3245164872028652,0.6067808812517719,0.09873354203950933,0.032885921342262536,0.3165199689263201,0.0,0.0,1.0586587006137018,0.15557788088015187,0.83624018801746,0.4145810806126763,0.0920274502402896,0.03316885901754237,0.08663313228028045,2.3283124602088194,0.02954626443212143,0.9510235042621823,0.1552832027760709,0.7998812741908438,0.342152589188942,0.47198188890059933,0.5010303682525201,1.3294417866936163,0.030305051088566588,0.03039107960498464,1.4643736042437694,0.43719999951310734,1.3407114368852826,0.6502004843216206,1.3488116016644218,0.15535562124604047,1.1060785059003242,0.17814502666427867,0.033880277571618725,0.2380066103379595,0.10808357749841838,0.5676307699977614,0.06997577368240929,0.06606784016707423,0.06850438553809732,0.6159318419195754,0.0,0.0
0.0,75.97480751119991,283.637614366231,101828.54279651755,8.44176421305338,180,1.326555861247375,0.6075117843991442,0.086295915938409,0.031859105506611154,0.28863672374024013,0.0,0.0,1.008592882623989,0.1555098499909253,0.8361860894969217,0.35730812346282914,0.0872399714997886,0.03227422513429757,0.09137668607424217,2.4228625142633873,0.033899108627948704,1.0031737347219987,0.15540435036938482,0.7981068606218095,0.3794743817724117,0.4486165215880352,0.4429755899981012,1.448878054059522,0.036311603887607215,0.0316102872111817,1.483826285174054,0.4413359512148536,1.3793309232295885,0.6812078993600762,1.3962620042884595,0.15556134385001955,1.1067824517852052,0.19292549464695669,0.032515510643959085,0.24630955544999178,0.10386156144803532,0.6193247506737399,0.06875400865644803,0.07480932347967224,0.06396840248349978,0.5939775776788212,0.0,0.0
0.0,354.63127236313915,294.9447634688546,101975.33690405695,9.105189149646232,180,1.4055545134300507,0.6121629209998003,0.09286063179662837,0.030498690140432612,0.31521275266120746,0.0,0.0,1.0711686236036297,0.1555922697949182,0.8395016574254343,0.3899501143013366,0.08521854321636325,0.0339829832497433,0.0889790714186009,1.8741822455252455,0.030856386540614754,0.9268060633303093,0.1552759293397522,0.8035452032249671,0.3537582666638387,0.44720228716429117,0.42288950300041356,1.2967825696353374,0.031116257316268377,0.03009359354547079,1.6441120543766778,0.43064977073278976,1.3101215912203816,0.6827132433866717,1.3971295391076326,0.15530350099686036,1.1017373605066103,0.17795167863213096,0.03424435055713338,0.22341633286037113,0.10845484350243424,0.612681590611487,0.07329508263098074,0.06563573654894352,0.06501205057834498,0.6460027163674754,0.0,0.0
0.0,50.80848599176863,297.85051414202434,100769.8342208897,6.721698791167538,180,1.4025262616835183,0.6084763315241252,0.09101256761690722,0.031696988601118845,0.31256782964020596,0.0,0.0,1.0696960833706437,0.15554723733744097,0.836959872307601,0.3491341030710722,0.08760501266770701,0.031644107169002095,0.08804822303918648,2.4157757549340277,0.03218112430210215,1.019292624128505,0.15550036407246687,0.8037437099591879,0.4016190179905041,0.4827263706021242,0.4439873992902265,1.2697182870992838,0.030970039009344655,0.03259926576390637,1.6175095162830433,0.5019844645644085,1.347353060830288,0.6358544082155213,1.3870193187866207,0.15549883242374893,1.1048856890777063,0.17296787112860132,0.029723708743814758,0.22088878881229743,0.10383173676974082,0.6344807855051211,0.06773161438209069,0.07118825407121986,0.06849410932166582,0.6669977679569126,0.0,0.0
0.0,14.6688561026758,300.7164057677299,102325.03864296727,7.315497983897844,180,1.533995045355909,0.614131543152658,0.08289160398234242,0.030162323489654544,0.31493452040079545,0.0,0.0,1.0557932480680359,0.15532554689537845,0.8380465570480994,0.33002575127631084,0.09515697553250671,0.029768203577326992,0.08969182136772752,2.3590733115278653,0.03159997762099293,1.005600101951474,0.15511364181616266,0.7952848180586469,0.35576358998714197,0.4348946152500774,0.46252575523495865,1.3275599869953234,0.03266646529723395,0.03149007580288531,1.358206670613295,0.45312984202794954,1.4326791030760853,0.6197755749324287,1.3122659786771356,0.15548070067508982,1.1051513600325074,0.17761113439933723,0.032504352926920776,0.2401052211206984,0.10783498741527273,0.6507410202023942,0.07187418839822399,0.06858840607993863,0.07725268883089503,0.6500331671280184,0.0,0.0
0.0,147.37614189842682,288.1722995622195,101876.77919894716,7.290683222727649,180,1.4046622140879355,0.6089885862979664,0.08984426205810378,0.03283033004404408,0.2856879117504359,0.0,0.0,1.009141069661192,0.15539013406433627,0.8399790975765505,0.358744297965876,0.09509816105991736,0.031908680117402326,0.09395631779215545,2.3210075277113256,0.030345475331147675,0.945677585216329,0.15538665904400745,0.8012954004198742,0.33148210030839975,0.48268571339510363,0.48243853281493226,1.5275875787756066,0.031745229798385496,0.03041720874671871,1.6601391920503614,0.4282410453828726,1.39073887043296,0.6403298643185171,1.4002059651628165,0.1553756329800069,1.1062028445899343,0.1813731643697293,0.03041708970995623,0.2326528546731592,0.11075617309306367,0.6312625950949912,0.06770780807423919,0.0665536737820738,0.0672799851902058,0.6186212176039332,0.0,0.0
0.0,96.83025451331008,295.6843250501198,101888.20220817422,9.713848334403595,180,1.2578390997123106,0.6117335790177992,0.09233007948762732,0.02961635452326184,0.2944913339500222,0.0,0.0,0.9962544078259091,0.15573351498760052,0.8369890899424361,0.371839579391408,0.09439306990314925,0.030001411630572798,0.09724517624916172,2.3479926464697862,0.0313653870471881,1.0221188329204567,0.15547197698086926,0.7999787275744498,0.38819832897209566,0.4221322300309078,0.4691692679983704,1.3494913567048887,0.03058265763434931,0.03139838013799183,1.4575303925668526,0.4687384139198051,1.363521535650847,0.6516788231001694,1.434832062969018,0.15586712054824317,1.1031002720003429,0.17628479089254342,0.028046136761602846,0.24686563362099456,0.11730625017641297,0.6109628850432861,0.06801633293375044,0.0658792634186136,0.06056476739523876,0.686121291148065,0.0,0.0
0.0,201.337001674091,290.8925272179223,101715.81418018135,7.0805895135687456,180,1.3529590701472272,0.606698383871427,0.08893686015504723,0.031491550032463546,0.30266577235501174,0.0,0.0,1.052090026390317,0.15590375287965116,0.8419186549660501,0.35075736965911736,0.09580598334124985,0.03343198226380697,0.08754711337157935,2.305420422298771,0.03330182910540052,1.0382817115118779,0.1557412164814994,0.8031709874472004,0.3937460196703925,0.5001333374722663,0.4446747621203313,1.4233871653469452,0.030710891283176285,0.03237778236430371,1.501572854944655,0.46959765805268067,1.3307696490236547,0.633335526459014,1.2806819736561579,0.15572159336375252,1.106849623756438,0.18048909612924738,0.03421427030138386,0.2513961870375761,0.11155892267469894,0.5869125877461506,0.06368654565083187,0.07420893844533191,0.06734548698942892,0.6737499220193869,0.0,0.0
0.0,176.06970402996052,288.1685773154962,101270.4585429538,8.379423724775823,180,1.3545041292982696,0.6079573625089005,0.09229548933061718,0.030898667521082286,0.30698513437337543,0.0,0.0,1.0443792672754948,0.15553450373543312,0.8376868617914075,0.368450269300624,0.09176862908565557,0.03178749834449409,0.09119330860163868,1.9652696191817922,0.030608080769550967,1.0010661967840868,0.1554519858391934,0.8007538769274366,0.3538263672239469,0.4256513256970704,0.46673242480017624,1.185843140852846,0.031539559176602505,0.03282140759514468,1.4805485732787538,0.45754436777157825,1.3312703452562833,0.632051042722564,1.259200209725589,0.155409050053848,1.1018370890345401,0.19464735254447574,0.03242942178255869,0.2430026321047108,0.11104928101059652,0.6142485312004331,0.06912872887655638,0.07013624948612647,0.06477241262438975,0.6019345806526482,0.0,0.0
0.0,94.89895678886113,293.5090280931427,101082.96042436063,7.9804255730638864,180,1.4026984126054176,0.6187620112756499,0.08136072383183268,0.03240790113097699,0.2883902192056348,0.0,0.0,1.0238156100479843,0.1555607634544893,0.8419939463694827,0.3743194116109042,0.09767317426105704,0.03185390425942932,0.09104948689098599,2.0497342506306393,0.03126638569999202,0.9100403487837841,0.1552998297713983,0.7963269933361281,0.3689384562611579,0.5035063373850595,0.4860308612036568,1.50918989659102,0.03227532702584698,0.03334784057321123,1.6109519136215797,0.4541902615306628,1.3457432348689382,0.6124460252988569,1.3455836446887024,0.1552625376397332,1.103970666756488,0.16169460786326031,0.029938178368954325,0.2419125132182488,0.09637761581271982,0.614652237263364,0.06836944914729354,0.06652269366402246,0.06441948680011188,0.6392397692204482,0.0,0.0
0.0,192.80892475170762,287.90686994148086,101851.04959478161,9.366384177163207,180,1.3811724417701128,0.6132230931325602,0.09038305322191387,0.03030273955289017,0.30437453318705715,0.0,0.0,1.0329927158056842,0.15555620114387145,0.8405150770063616,0.34998646375111064,0.09231698190107959,0.03335812161565836,0.09345148210109845,1.9486189400060412,0.03232097282124896,1.0233450850620602,0.15530856481373237,0.7998344902534268,0.3497041488714648,0.4608648644936637,0.45568877434665495,1.2015725841350677,0.03219848102340928,0.031649737234129484,1.5269089200427832,0.4485150253246704,1.324644451031846,0.657795489960882,1.3826694717596903,0.15570020893229114,1.1059902883514219,0.20068251818791624,0.03120787899015844,0.24636037131371888,0.1083035382227197,0.6585339161579343,0.06665016037536575,0.0689400003044065,0.06567896673315694,0.6038210904236411,0.0,0.0
0.0,301.850348968846,290.867569587367,101801.17139285138,9.246598626663268,180,1.3483380259884112,0.6069428366249345,0.09350912006679915,0.02929604635431513,0.3263454451303383,0.0,0.0,1.0339042491431698,0.1555186171274148,0.839225314810591,0.36564614218893293,0.08235440286907367,0.03548948493689837,0.09087409746959094,2.40057655295849,0.030072909040570632,1.0606875302473902,0.15544350814270436,0.7963584001994871,0.3432845842452011,0.4539403917132206,0.4913809601837175,1.3733356009702178,0.03018551163569097,0.033943226896159015,1.5732048197569277,0.4520947251670242,1.445761470877537,0.6005955174442197,1.3978670043273878,0.15504209785225756,1.1043228395125926,0.17281277360955427,0.03186467293039952,0.2571070803220383,0.10990207605007525,0.6015268598378322,0.06486993203778309,0.07139430137438436,0.07130880455822364,0.6322677367929489,0.0,0.0
0.0,251.21686794005132,292.8638496769082,100583.94141337887,7.078122163228732,180,1.4165096988311459,0.6117574104532938,0.0858400072474866,0.03433149187007889,0.27945763805749896,0.0,0.0,1.0091757516554987,0.15561020453579635,0.8373306436117894,0.34873128980481366,0.09484149308242489,0.030969737622747566,0.08735833592990801,2.5627667572394826,0.03230183002571548,0.8694575975020074,0.15596410813830738,0.8018724850925243,0.3879230515027329,0.4823566791579452,0.4916354391087323,1.4787953043006863,0.03149501692032503,0.033900908457543226,1.5681129725728156,0.45432388106421734,1.4268534926143839,0.5836297444710727,1.410877088625486,0.15537834365356654,1.1076269535734709,0.1717866856287897,0.02877429854024429,0.2320728999342378,0.11326895321943668,0.6396226962281791,0.06786724280119827,0.07006653978017587,0.06568593803153497,0.6855538427450764,0.0,0.0
0.0,78.54796876442475,286.6104897524579,100971.95818893956,8.39471548745422,180,1.4501136305104854,0.6047501715162817,0.08832116997084417,0.03313193039175913,0.30906553536220616,0.0,0.0,1.0550463708117255,0.15544948869951825,0.8339410157048929,0.3451984239209223,0.08905877438813123,0.032274453446019744,0.0852076404233632,2.154783488905654,0.0314956082033754,0.9575798269116089,0.15531598464029,0.8009918619043801,0.3546143516812788,0.43218862643807143,0.4821363693467198,1.581367352430954,0.031256075248025365,0.033534197567572,1.5418666690055889,0.40146833883417665,1.4250682402794903,0.6410539059609025,1.2096766350993362,0.1554647676358462,1.1032342190015894,0.1867859382662017,0.03173845190779508,0.24220233973493407,0.10726861196321319,0.6337261586873436,0.07219274179558198,0.06517890150551131,0.060248931420835795,0.6252839037206548,0.0,0.0
0.0,223.21989149582495,299.26764399426344,101423.77493028156,5.1939809513108575,180,1.3693911511939962,0.611127576069469,0.08335678090616253,0.03322977411313401,0.3350938960832422,0.0,0.0,1.016054228084952,0.15557616771447152,0.840050623411622,0.3929797694063356,0.08592166924944984,0.03059799348726226,0.08640774443803469,2.1601843414572803,0.033528275020031355,0.957040266651342,0.15525304678047966,0.8026905564511014,0.38168564737031546,0.43490376493516286,0.4816876635097775,1.3832965023018984,0.03129161109020238,0.03442953203004254,1.4998662579285316,0.46121643688994346,1.4175884493526003,0.6637417771158022,1.4757233541569612,0.15568411534151175,1.1065371523310574,0.17940715603648782,0.034126160008973803,0.25992274737513976,0.10742250429902118,0.6008000456931714,0.06620048076091041,0.06068090369169092,0.06562994108295665,0.6287667852434307,0.0,0.0
0.0,293.6718278912374,296.0726707743243,101951.43408092314,7.8102229827107115,180,1.286913345441038,0.6071289036048463,0.09450168560574324,0.031751632750576804,0.30945540672591154,0.0,0.0,1.0670000695311694,0.15536412088679974,0.8409283642496704,0.34605646531831913,0.07711824865045494,0.032176784684356155,0.1017093356202823,2.0545233903485354,0.03185366458198849,0.982412976436196,0.15576534591699281,0.7970274092569126,0.38042539910649803,0.4528339753201693,0.46451274819677557,1.166345131754405,0.03276877861409689,0.03341795609844904,1.5052113899192783,0.4719228353782202,1.3001422442447244,0.7157246205002257,1.2541305978238781,0.15567133478626866,1.10375108538309,0.17543260947277464,0.029798067305215052,0.24487075354046042,0.10665768946330338,0.6362421862487174,0.06608441751574183,0.06522665471967992,0.06432824057762777,0.5724416415344472,0.0,0.0
0.0,279.3224476692969,288.63482063289814,101408.7041296426,6.3858866659992115,180,1.4949331206534924,0.6059358993549552,0.08774061973459184,0.035015489311819754,0.32485794745390734,0.0,0.0,0.9913801801984066,0.15547313481102623,0.8401591855338201,0.35119892569958006,0.09407516314730915,0.03190376249708354,0.08748684177943832,2.7405429893114928,0.03271459738425057,0.9389750806658502,0.1551973345519692,0.7986835331376084,0.3814336710426182,0.46920911979804936,0.4509923360407538,1.2850652229655881,0.030199967052349574,0.0319975300982714,1.4862392770497266,0.44227486497335194,1.274993050985967,0.6416657700883063,1.3430116761648456,0.15569646852063795,1.1011631778386657,0.1895096277098268,0.032091804643143367,0.24091731620811443,0.11961834500974897,0.6543809855199056,0.07140639224512084,0.06174058816385148,0.07142386552394948,0.6138338323833797,0.0,0.0
0.0,205.34916429386888,286.69490328038637,100638.67242263988,5.489337970129718,180,1.27242733481947,0.6076807114815772,0.08735039513218175,0.031590437282534724,0.30049180353900684,0.0,0.0,1.0282233267253966,0.1554322318889225,0.8382131793779501,0.36025793148522706,0.0815842576815355,0.028297346474898462,0.08494666537831211,2.477930259373328,0.030107045370019972,1.0277258727186716,0.1553287900505345,0.8002324194067802,0.34913237036508915,0.4897428633737009,0.4969206337070822,1.2027959173163574,0.03290275888630927,0.03155994368936102,1.4989260970598777,0.49033749491988576,1.4509597033064932,0.5324219165739776,1.3474923422231788,0.1555967280951931,1.1027429275814302,0.17682236955466607,0.030797691680676444,0.24214154708133714,0.10356389159364238,0.6122664378805552,0.06757809440606559,0.06686428007027659,0.07027518995494647,0.5693537621556544,0.0,0.0
0.0,274.59368412873437,296.36043787888406,101707.9128403901,6.9882475880199735,180,1.475716421929894,0.6106208042175005,0.09958743814974204,0.03207733567289169,0.3121971047098273,0.0,0.0,1.0265682695742822,0.1556113886030656,0.8409792535360212,0.35094626079740476,0.08350447794484775,0.032497800752182046,0.08359895073977439,2.141333914298885,0.03133736124406097,0.9652640750499099,0.15543633144124652,0.7986344141126978,0.3405061117535893,0.44026791741897675,0.4935620221820045,1.420939870039528,0.032468014047454696,0.03273558415197822,1.432179673659863,0.4743626803782611,1.4476546967363582,0.6729249019854161,1.3211543249477906,0.15536118427296386,1.1041169656141119,0.1866184581356098,0.031466907419801855,0.25539288908484536,0.1090067634971174,0.5913826946157593,0.06863552618534384,0.060621735483456535,0.06680352477205219,0.6340268986428483,0.0,0.0
0.0,171.4612772777895,298.2823269107222,101582.34355735574,7.237708548728484,180,1.3746773351631025,0.6087653384538194,0.09023620662227086,0.031723683687610874,0.2679413141128086,0.0,0.0,1.0432783402330457,0.15561129083912958,0.8393267026028347,0.3824857216729714,0.08523078876392887,0.030192049814359138,0.08293729375958155,1.9139969321553116,0.033197059702008376,0.9837363718224583,0.1556793874862912,0.802741476790786,0.3742564472563458,0.48103608350822036,0.4517436444829601,1.4914918196672058,0.034185587083672406,0.03263850560740527,1.566974965637268,0.4548187413223423,1.3280665785529555,0.6395824019186906,1.3396666798938621,0.15557934768524898,1.1021060982154023,0.16981105380533582,0.030927804124574354,0.23666155286906,0.10730500278063859,0.6412419225402634,0.0678213469975581,0.06891578117712253,0.06623341577300232,0.626627961032766,0.0,0.0
0.0,46.38467830399876,293.523728730275,102031.9734651894,9.585603887392743,180,1.46613004740802,0.6117354543164915,0.09216441981225411,0.0319033127855955,0.28426221285314457,0.0,0.0,0.9579771669114457,0.15554185467053872,0.8435555936880288,0.34933535250444386,0.0956503828849502,0.03288928929484705,0.07810590454700976,2.0469222230370345,0.03458933978427394,0.8911718617973632,0.1556714126377875,0.7927765110499132,0.3493677332276948,0.4431353451732366,0.441328350911973,1.3171626392459894,0.03272808198030668,0.030109421230516138,1.5796117031393544,0.4803375343026064,1.4813028508651669,0.6124020269690946,1.3901011401717667,0.15552390737966923,1.1044586656542816,0.18237808637107927,0.03238999639958972,0.22607854134631167,0.10647856999753784,0.6058761599497418,0.07025347985735121,0.06723323058785662,0.06838389201572904,0.616711205867117,0.0,0.0
0.0,119.41921462651185,284.61816283246844,102352.73462271386,9.430502348049577,180,1.2969435960843145,0.6070087565735381,0.08881806008385845,0.030877954800372115,0.32267124168551525,0.0,0.0,1.064651780356426,0.1552322111793823,0.839202876353737,0.3820115884362718,0.08521865146620407,0.03156235326650628,0.0850570246702907,2.2484177360976734,0.028991602634907174,1.0147440850451057,0.1557609341365856,0.7995244514777483,0.3381433589227976,0.4899479532573505,0.49237800400866943,1.468159559643738,0.036426542604815766,0.0303846747570053,1.49519808364047,0.4481087920185048,1.4029662100789764,0.555720392778736,1.3337466577150408,0.15506039032659344,1.1074247336717564,0.17232431598455067,0.032849333829372614,0.2287229647185996,0.10858137323784706,0.6293188377870863,0.0682465329700579,0.06221668703181186,0.06831864164487687,0.6170703627686521,0.0,0.0
0.0,67.00819661515489,301.73821291359536,100861.74355465636,5.712741146314329,180,1.359272287775465,0.6078025274388312,0.09454809569512264,0.03220029628628228,0.3115202152921752,0.0,0.0,1.0535909463379027,0.15576842784545122,0.841416132026756,0.3527405615358601,0.08762006793579485,0.0334337651531779,0.08528672560002541,2.111006321175768,0.03193460520230279,0.9458212795025639,0.15539424873675783,0.8014570144508854,0.349463159030847,0.4429545558853844,0.45840220664890435,1.2538362647789754,0.032830879369105906,0.0330500244443267,1.4134188949187276,0.4700379375035059,1.1855714762130263,0.6190053479047934,1.3155962685774074,0.15513916339300515,1.1015662516022455,0.1843821729455769,0.030867534368340742,0.2677451884449832,0.11282535125767529,0.6641440833955844,0.07132380640032875,0.06903405879025352,0.07001333885165645,0.6214214695186866,0.0,0.0
0.0,333.7571823944644,298.9165499220786,101363.72442195137,7.720300225612484,180,1.3607508194453102,0.6094873532590417,0.09103883860488539,0.03114705715581447,0.294668674919399,0.0,0.0,1.0072741094224884,0.15559606905294943,0.8411336018376686,0.3696208033471206,0.08168055149652544,0.03345484061365848,0.09481414112467854,2.2151966344120075,0.0324057429137305,1.0189012641203328,0.1556633348836273,0.7969053496565602,0.33462855125851204,0.460489054630629,0.4726230210432422,1.6002787578886137,0.032966847334586116,0.030091208791333642,1.5366783325557727,0.4650536354598713,1.3882558125895434,0.5854851798015911,1.3600419216145365,0.15510888174338705,1.1088972418187282,0.18506655031147606,0.028988062701497935,0.23748851489620934,0.11140354258970288,0.5957042290795305,0.06633284566465719,0.06256873425550953,0.06356437623236849,0.6284687154020592,0.0,0.0
0.0,143.14335139681333,293.6562078687307,100994.36069734523,8.480471126057486,180,1.451780038290976,0.6072649938616521,0.08815818913406431,0.03457892598451764,0.3004570132322646,0.0,0.0,0.9948904445297471,0.15508873061556186,0.8364377843890575,0.3505181533011667,0.09098343940203842,0.03282109879725713,0.08880833252198173,1.8215656848664261,0.030811882977013646,0.9932402816377272,0.15541271394655445,0.7991495108532043,0.38824873849658237,0.461565543666325,0.4657072028293471,1.554579792281332,0.03150662525851456,0.031231817282032913,1.4408848780225005,0.46515265447793397,1.3597305997196576,0.5972518603953849,1.3077693840947697,0.15545717076615154,1.1090258214392827,0.18552207805800092,0.030736816593194594,0.23285707420105406,0.10932111545453058,0.624770983140098,0.07026946302737322,0.06876832202954597,0.07191158991946339,0.6378857012045084,0.0,0.0
0.0,308.6006488010469,299.05860516045476,101874.99268266874,8.069848688241704,180,1.4705152880836234,0.6075531501321321,0.08956702512830103,0.03127599466763697,0.30836491610715416,0.0,0.0,1.0526519168532873,0.155033790603364,0.8399904944930326,0.35728917803162724,0.08895559431855174,0.03084373975536739,0.09566857703895257,2.3719916116780624,0.029789108777953082,0.9558487806873741,0.155559604937946,0.7962689229490791,0.357797170229238,0.4293242116489101,0.4713921529247351,1.3467925013615223,0.029843532680743173,0.03157404845067268,1.6155224540866917,0.4094795035747301,1.3580446762373803,0.5917016479755304,1.3439020225109446,0.15514200365550068,1.105783984846108,0.19181738921448155,0.03547557794221672,0.2445558197705477,0.10439126965942583,0.6309610210032363,0.06542537133164558,0.06799060954839001,0.06617038412682376,0.6326487222335662,0.0,0.0
0.0,352.6090711037265,292.4432864616909,101048.50757303451,9.65082815291766,180,1.3892648760976907,0.6107149120600578,0.08106257215127119,0.030543717110799114,0.2915970085003044,0.0,0.0,1.0282910291857525,0.15551522240095783,0.837195021608683,0.3533259311992688,0.08973546722545689,0.034534298714755836,0.09562573653204079,2.0349557382235957,0.030231042760538434,1.0373185195469503,0.15535855269156065,0.799240380963558,0.3593794667529638,0.47560709096700826,0.4585735479701141,1.6348538064896574,0.03439143942775426,0.03315118087256772,1.5465306635554446,0.4621806214025061,1.3888260045684295,0.6890193566106715,1.3549275866225552,0.15538652623766122,1.1032913752151872,0.18234990861950579,0.03224339733301347,0.24540755075963483,0.10943990336172953,0.5667994505926409,0.07167388189143115,0.06449249469743402,0.06685100791917178,0.6382395193613435,0.0,0.0
0.0,206.11757375825454,292.3367546376851,101852.02163419753,7.657727673954536,180,1.1366465014668539,0.6097204230489609,0.10011627454181568,0.030270069653165418,0.3282826486924563,0.0,0.0,1.031742310306614,0.1554699547863289,0.8342798353031031,0.347447311105635,0.08374878625337973,0.029759982632169907,0.09191809267679864,2.0501654241845477,0.03173975451747622,0.9571815346750325,0.15552762950395146,0.8013162808304922,0.3703699740407434,0.4811912478167486,0.4911647856419665,1.1478801501326326,0.03137629918802973,0.02993071566996101,1.3208366694473903,0.41077371547741504,1.4492112470882414,0.6766791812339433,1.3973143143056121,0.15591008694040379,1.103029103180282,0.18525983151001496,0.03142661911887896,0.23358452797718132,0.10655208354448137,0.6453225949362142,0.06421866591509076,0.0634674858927214,0.06665652505964402,0.6792669668083033,0.0,0.0
0.0,209.49125306325158,294.6158917532586,101142.88079189416,8.36059073675005,180,1.3942016950134655,0.6074774103124121,0.09090546957203459,0.030129486487282246,0.27810345687697197,0.0,0.0,1.0742436505316306,0.1555534619519564,0.8415087811771226,0.3770148811139383,0.09285720869746046,0.032281045910188946,0.08472133753648563,2.002809688319917,0.033726859363295766,1.0049290349075153,0.1556706294141275,0.8029812418076367,0.3679524770926776,0.46822460948060285,0.46702722776882916,1.624751951052003,0.031772312462295525,0.027981721505851268,1.4165019059373447,0.4898045845484443,1.4175630871296212,0.6025098397350082,1.3086262771604433,0.15525196312327766,1.1044687150164754,0.17444571524375188,0.031447237504890924,0.22650695497405418,0.12244078142343162,0.6313242067841159,0.06966006610914434,0.06859356164406868,0.07128499273364342,0.634315896144077,0.0,0.0
0.0,307.1885824666127,296.39915649751833,102230.87252077687,7.648114388097556,180,1.2995081362992424,0.6125358294034201,0.09071805643528706,0.031058610510870346,0.32176795536351893,0.0,0.0,1.0293648646851001,0.15571247328223067,0.8404871123337716,0.3603138409604658,0.09104210048376335,0.031033207891484345,0.08819691167443401,2.400616827007829,0.031010325737917854,1.0759646368654616,0.1552480339961897,0.8037323799154064,0.37294731235138623,0.43864033981613776,0.40886023457824894,1.239121521994564,0.03185658360131884,0.028917111159684313,1.6776762664676619,0.4767327603904736,1.1741594067165073,0.6330137166523685,1.4685209611107386,0.15535065506617302,1.104651461762142,0.18029285845604143,0.03408071629700836,0.21141846145199195,0.10808988706420772,0.624955403005619,0.07097937425151092,0.06639896805110479,0.06937669847704815,0.6021871271996259,0.0,0.0
0.0,27.615296368304392,297.0527539864096,101067.38734104714,9.80821841054947,180,1.3138666269356902,0.6095216144011852,0.0895662646482152,0.03378385412880504,0.3231311490384242,0.0,0.0,1.035936901347606,0.1552832543543132,0.8347619047482686,0.37758275237552485,0.0918403003249714,0.031570863161646055,0.08849779480663873,2.4984301740367756,0.03231132496725516,0.8750786411481184,0.15531280686479298,0.8032665604070252,0.3910536805026261,0.43405629234142784,0.4471603498417029,1.4263006780087246,0.032831505413280546,0.030158742673410517,1.4359038787682035,0.4443216599214052,1.2597110915470187,0.6118771458851857,1.4109207315369727,0.1555286830033458,1.1047233818914097,0.16993409451557467,0.030882183547774698,0.24487768957691772,0.10288443085548814,0.6482888215572862,0.0662458477161341,0.06305328044446061,0.06818331478342077,0.6383202313888895,0.0,0.0
0.0,87.886242526174,286.48937029669435,101247.2840097923,8.483720503183214,180,1.3075624354127373,0.6088488850404815,0.08611032820448049,0.03373690691093135,0.28974348570785363,0.0,0.0,1.0285368850588228,0.15509829765656344,0.8425697479914028,0.3610356256110153,0.08651628152553201,0.03143543507273148,0.1008536979546762,1.7037567012570212,0.03172797770106384,0.9837236679413051,0.15549183343550166,0.7992068635665232,0.35981499065047357,0.48378300879704117,0.470983521701888,1.120141309790904,0.031851448486344455,0.031157656563264118,1.458095273491767,0.47175167401412393,1.4022172901859322,0.6040811880101423,1.277464465007279,0.15527988474040505,1.1017761469658245,0.19232147311376177,0.0305987467314909,0.21908516233173225,0.10609944370227699,0.638525935724086,0.06702731286413334,0.0637095850789705,0.07225563182322363,0.5670600055275226,0.0,0.0
0.0,276.07970518234333,285.02319053760186,101091.64838763399,8.795688254892225,180,1.4610611034598346,0.6117223995736054,0.08781541845929253,0.029758741658868815,0.3098799787182457,0.0,0.0,1.0130870910475382,0.15553504173724664,0.8349495019561244,0.38590338855214557,0.08759639934624391,0.03053740445531638,0.0929405162717048,2.0847217912232834,0.02872466678507781,1.0362547668246478,0.15582478323886187,0.7998251052808162,0.34264719207736977,0.4690955956713075,0.46370884160679876,1.5646869517469664,0.0315803334625526,0.03340336784140948,1.5196084071174616,0.4165585366966455,1.3799997759094411,0.5961852145806497,1.4226036566821563,0.15525134760646842,1.1023873863946423,0.17470620677975876,0.03188805900421666,0.2300581635066401,0.11294360707343325,0.6114114712554964,0.07345694896648813,0.06330801234455526,0.06644230428881485,0.5659892418539471,0.0,0.0
0.0,233.54341117329702,290.80302322581184,101018.45087905451,7.290329193833493,180,1.379941356948192,0.6087908575147016,0.0878923066515147,0.03145272164046397,0.2858736652716562,0.0,0.0,0.9954569015463228,0.15566082208700732,0.8382074680968717,0.3404347354696302,0.09451325648850292,0.031850786519771364,0.09714130397241665,2.252072869827904,0.028269678847047435,0.9514627223564869,0.15588119829850977,0.7973572999926816,0.3797177941189277,0.4729816141240984,0.4773977059153977,1.3174027875176817,0.03174132141439994,0.03467314850459764,1.600025078205434,0.41718904817341024,1.4041153821510874,0.6120373176949366,1.3177438910884753,0.1553127861208599,1.1063737169687198,0.1733456836029282,0.03384575025172738,0.24081952742681687,0.11584519844569276,0.6508587334596925,0.06457180671875777,0.06640498231216853,0.06986898654288373,0.5997613079984533,0.0,0.0
0.0,344.56920641844584,287.1942759026693,101281.1753270738,8.975782215242633,180,1.3014087684071716,0.6128504298537663,0.09037961021126283,0.03488506019732405,0.2879152836187627,0.0,0.0,0.9706695089831194,0.15527331956085222,0.8404334628164863,0.3740712874082157,0.08735022005833869,0.03172780718472797,0.09553528231363925,1.9801160426766105,0.030421660999623484,0.9719073576657902,0.15549111269530316,0.8009908735529411,0.3605985851402004,0.4480170726966408,0.46698379660826206,1.4863004374425575,0.030429160311607584,0.03067790744415861,1.5777416205522896,0.4116447243372812,1.2926697803425864,0.593048132629567,1.301632533605782,0.15534682876015876,1.1089192598943238,0.1830223857840228,0.030191672547208656,0.23407633127883304,0.09647872593719035,0.6015892607572841,0.0640619365785496,0.0645303790338645,0.07291495192377158,0.6479895868190104,0.0,0.0
0.0,58.96760912233043,299.4179088491119,102068.50013926375,5.177513754767941,180,1.2416374311846612,0.6109357140279847,0.09069949768672055,0.03161357097504879,0.3432024836060187,0.0,0.0,1.0417583110779223,0.15513670863621443,0.8372361795082996,0.37098913367933584,0.08613728197202564,0.033676041376817595,0.0853901072890393,1.9710545144232954,0.03158646822595301,0.9838580540192525,0.15525580767552336,0.8039083228689429,0.3991320104226872,0.47341903252702355,0.43469866273871943,1.3705406220200396,0.029369626521188748,0.029231722298237547,1.6368064096034658,0.4646796935141197,1.4615189172062042,0.6274231888203545,1.4213891632494244,0.15583739735882113,1.108353181006509,0.18394966747960598,0.030902018083860713,0.23210945868800265,0.11743282939006397,0.6101027187762817,0.0678018296260619,0.06583909837072481,0.07293008950987433,0.5685648453942671,0.0,0.0
0.0,265.1522081184151,292.9564920445145,101743.19415144123,8.493055420664232,180,1.2545265719822123,0.6074861411781177,0.0915728437215493,0.03128657402843576,0.30971335817976664,0.0,0.0,1.061870478798395,0.15573695968877033,0.8406947134403392,0.36341668345978045,0.09438425643453889,0.03346064643214771,0.08950228840808062,2.2150367285624433,0.029494025970097343,1.026601175786046,0.15521158996224305,0.7997908755561655,0.37376820521288273,0.5029894758116633,0.454300501384957,1.2273109598737189,0.03183607607028525,0.0290460894928552,1.538801642890444,0.46054337014063756,1.2905056096745253,0.6420142895396971,1.3751796500656492,0.15523006291908462,1.1043513460455372,0.18251916893728795,0.03131672681642636,0.22917787886041813,0.09710852790445576,0.631783724581459,0.07237573460532554,0.06574023103567499,0.06926675724946917,0.6281716393568334,0.0,0.0
0.0,317.37167542255384,297.811462952758,100858.03554472042,7.094652991702828,180,1.3781706272860585,0.6151077867588057,0.08575871926777204,0.03334298013384841,0.30470143990727394,0.0,0.0,1.014313098611103,0.1554387144062014,0.8366530934430658,0.33158562678233194,0.09151163822378278,0.029191364891793976,0.09286232187152574,2.041542801897708,0.02830122181410109,0.9350584552120831,0.15509906210029853,0.8001608833976388,0.40091374454189976,0.49898530977296796,0.5091796770380146,1.170700218519916,0.028634139636782577,0.0310980394511515,1.581957274982543,0.45651039666815235,1.343875774113519,0.562659982488178,1.2841140286633357,0.15531578653571979,1.106045359302191,0.17829780880555246,0.03157714929289656,0.24440676960127172,0.11806227096588728,0.5549593224451124,0.07010312328941726,0.06252734237256179,0.06834351802714202,0.6542519972303563,0.0,0.0
0.0,235.86657915662775,299.7334550875827,101241.84471053087,9.002858423469842,180,1.4134167427699191,0.6134244141462972,0.08796374371928714,0.030692982324141336,0.29436751088155955,0.0,0.0,1.0723815183444692,0.15552604722336688,0.8343947293439833,0.33353020546878615,0.08807651170833498,0.03194517171130717,0.08452599105037949,2.2256936615819507,0.03384597465659421,0.9419228409801357,0.1560984715800151,0.8032209405124932,0.35088406522540017,0.4164126214182709,0.48485949909598663,1.457541192173471,0.03420422121648527,0.03272808295423066,1.5392187522444898,0.516089917775207,1.377675441277388,0.6304417193246372,1.2518481377933879,0.1554367787429103,1.1052437700735602,0.1808515686369477,0.030577318798597077,0.23646055209547043,0.11185471022427422,0.5646789867957076,0.07140377368850558,0.0648383605965203,0.0717329043895695,0.6674501088152796,0.0,0.0
0.0,249.22212420583054,295.1711658712782,101392.90662833882,5.719141595628563,180,1.3866963804550942,0.6078958652581694,0.083172790004534,0.03154039013410103,0.32062280751425637,0.0,0.0,1.0194930347500388,0.15543595244235214,0.8397323632515505,0.36954790041184626,0.08696551485940664,0.03176723852154429,0.09503892527884497,2.528980156424066,0.03397822763721347,1.0669481618860577,0.15506653006685256,0.7980132194132235,0.35599862652807873,0.48692304900909944,0.46026918737212263,1.389772566441906,0.03235943684311215,0.03391006217766701,1.569262120859922,0.4755231993036794,1.448826585874435,0.6367611790396703,1.3040942231791028,0.15579380205704663,1.1050715481732254,0.16381747661309135,0.03137519746852852,0.22897887048470003,0.10607212855494627,0.6577202006256365,0.07089197624817399,0.06940011909563255,0.07110779297186036,0.6209443224292476,0.0,0.0
0.0,228.55528941354137,301.3081155899173,101523.01359570415,5.670058542367206,180,1.3602701852467383,0.6092819007021655,0.09475142708813558,0.03363744717774547,0.31400382598971976,0.0,0.0,1.0999740536615252,0.15578231614255655,0.8381021675656478,0.3872886637343209,0.09813785915833208,0.034524247573665255,0.08478763603607731,1.988290627782768,0.034125103081493635,0.9700443204559892,0.15521087098978698,0.8014682999494653,0.3738568625887861,0.4494807115609834,0.4983652039479259,1.350602194832742,0.03186720499853337,0.036126595467998644,1.6507251050235874,0.4655790076708385,1.2499911713632825,0.5893786290088173,1.3547911318913066,0.15472479699568936,1.1070133976830556,0.1766157157725587,0.03217362977942727,0.24321021272992718,0.1091559292248468,0.6203236072432909,0.07495487470010549,0.07140349747237494,0.06815541840797863,0.5499824055955838,0.0,0.0
0.0,312.6849036767123,301.0673544179564,101393.74928252095,8.524362573191189,180,1.3252147689842186,0.6093638996481098,0.08675733136689234,0.032718733426474786,0.29786036778623515,0.0,0.0,0.9462559261353801,0.1555138237837473,0.8395177172096172,0.3720673599670175,0.08613038816047516,0.03255733329224569,0.08673873835004356,2.245283412131375,0.03201129197811587,0.9852833076061062,0.15551509382017692,0.7992472063319987,0.39117621838957484,0.4773037089386127,0.47723491602109436,0.9913169839980115,0.03201280774172978,0.031202086940290634,1.4823734105066073,0.4227964663019151,1.2656126233320697,0.6235476108260369,1.387723900531862,0.15561374063479422,1.108028490991912,0.18721640074706164,0.03368874992203085,0.2641165659690152,0.11391182359974122,0.5964603659723317,0.0640841975327351,0.07035378565450648,0.06707560973623831,0.6398911242618842,0.0,0.0
0.0,272.4705669985837,286.2773173003417,101049.26606941895,8.781839869420129,180,1.329789267458658,0.6122550644312525,0.08797978435056156,0.03211399068619335,0.32224670711460235,0.0,0.0,1.0708086490913076,0.15584059471373124,0.833510889868927,0.36381171277602353,0.09328184479905817,0.03304220172695355,0.09211848702411016,2.4098864954306567,0.03359897229465889,1.0381587728441366,0.15522037883167275,0.7993126397552933,0.3557435769667534,0.47544833953790006,0.4596669305585965,1.3494134299422216,0.029724374290336877,0.03279730931596322,1.5175029885296207,0.4404515649616935,1.3560799438685704,0.6338745742297266,1.3565004789358672,0.15557826209817377,1.106988153778522,0.17758876788039843,0.028695184700624016,0.23115256932343295,0.10381925454036758,0.6422353112650877,0.07047817891531297,0.06756889504541776,0.06429708371053125,0.6412084143168895,0.0,0.0
0.0,88.27880818246534,288.75664770702355,101880.90725526778,5.642862264749123,180,1.411085576486519,0.6056016508933306,0.10090125971071212,0.031944924842924376,0.29815373760706876,0.0,0.0,1.0106754175528516,0.15556889337313534,0.8383472882805595,0.3506549002940096,0.0947325184258395,0.030990959639219672,0.0852738396465088,1.938240057676273,0.03281946964139919,1.0148507355405285,0.15543580783792657,0.8013635756842171,0.37711078385145047,0.47871566174401076,0.4974552390377471,1.374397994782612,0.03043149364979808,0.030231591691894395,1.573108731251428,0.4213872300583599,1.4017693039977563,0.6160320493870605,1.4381065428217885,0.1549918877864583,1.1021887406468067,0.18640787435325382,0.03232257970109101,0.2546005357059898,0.11321034067255428,0.6024007071808902,0.06725540989756013,0.06796632316418201,0.06976001480669894,0.5868417603205396,0.0,0.0
0.0,48.60733267020591,288.8262066307401,100745.78886259686,6.692420315154261,180,1.4238910430551988,0.6125822140533287,0.09314749973766734,0.03260263269588798,0.29066319949584235,0.0,0.0,1.0627716607909816,0.1553672194815941,0.8365447191630891,0.3843095602959915,0.0920481450223442,0.03024269577828993,0.08449484056979573,2.11638513545378,0.031794996475907354,1.0279791948541948,0.15548021494493192,0.8002563309450575,0.3687829655980855,0.44694317045625165,0.46641294405421707,1.1598729312394978,0.032184965449366505,0.029536819591171912,1.5704065373556233,0.44065059203213963,1.3505662899411695,0.6092417145673751,1.3065421780579671,0.15549819051377956,1.1025686301150333,0.16526334853926555,0.03137512542314079,0.24925284047680632,0.09856329681546594,0.6203747023002512,0.06330646906811348,0.06538784121045262,0.07173839843917403,0.6292551784962991,0.0,0.0
0.0,250.84482966454362,288.1576184365476,101651.76658281288,7.32247069691995,180,1.320338475425511,0.6123879957371133,0.0886845392056127,0.032518539222463234,0.2880795418113155,0.0,0.0,1.09181914329598,0.15523240924121823,0.8396473669519582,0.3537606494640191,0.09170568675267075,0.03325068689964631,0.09103250100270119,2.6631772858380796,0.029506181331932873,0.9503538652498048,0.15546434824631555,0.7957607507594933,0.35492605280855194,0.4666145806634626,0.40751546039621805,1.4213774108514245,0.03259669320548349,0.03073823813997748,1.600299657506293,0.4362015771706457,1.517916133057808,0.6803659912683868,1.3745528615239124,0.15555697196388876,1.103380519559698,0.16016942705112686,0.03374845838457723,0.21988073400477345,0.10958389334205322,0.6037048809275603,0.07284390572172858,0.06838368686225418,0.06880754797665892,0.6430318669340721,0.0,0.0
0.0,227.0950195928586,286.08133578561853,101510.52404417904,5.445211762187988,180,1.3657418128698122,0.6073298205125777,0.08666837568703827,0.03280554875054163,0.3076384455320852,0.0,0.0,1.0315501431517102,0.15487590187162925,0.8381571475720725,0.3724641882667852,0.08693501566706607,0.031004158526710127,0.09492143987422749,2.2459070890000414,0.030336644590197435,1.0081469509706615,0.1552545637669095,0.8013013857184369,0.36437666335578234,0.46176843985040633,0.4764717124702364,1.442980105596854,0.03234378569580796,0.03227659483630644,1.603826610409257,0.4659697073009436,1.2808953234031069,0.5894505134313888,1.2806942448846046,0.1553677847796001,1.1035142597296492,0.18855040467080314,0.03398284630131373,0.23973283413517915,0.11666736642031053,0.6087727276194057,0.06506675780745198,0.07403565293130812,0.06697384293319718,0.6229197846780616,0.0,0.0
0.0,11.485719908514902,297.1822131962132,101211.28745097431,7.069103193640936,180,1.4625569874537683,0.6092052494943759,0.08777121904265428,0.03534324344156054,0.30637557404683297,0.0,0.0,0.8999123772877043,0.15534612329076736,0.838762052919937,0.36836692087657863,0.08811279332402513,0.0318246981286249,0.08736364405893375,2.2319383680860008,0.03500490170933651,0.8631075827368963,0.15581696738387868,0.799034695061529,0.38693459195591423,0.4623525279393722,0.48712876041953446,1.2067024334352787,0.029904484673762596,0.034784347829110183,1.4201778138389853,0.4753034090789836,1.3809682858543015,0.5921020188822806,1.4596897849694281,0.15566278652974325,1.1037422032277626,0.17936719190023226,0.031010490893761435,0.25555171289406964,0.09871538705727752,0.6100791472173189,0.06999674819328675,0.06627176665391947,0.07426785610876446,0.6184022575892356,0.0,0.0
0.0,109.7346319338448,291.0225341815874,101197.42156688738,9.661295712456843,180,1.4294173069410536,0.6093861421937374,0.08916342915600815,0.03047865990692724,0.3006402241525824,0.0,0.0,1.0325988983925238,0.15542495869958006,0.8364239532361867,0.39313705280245614,0.09125195376120246,0.029888734388085782,0.0924231423658931,2.2800690723757655,0.03208519641595027,0.9960375475902657,0.15503476962164744,0.8050341485838918,0.3676418807204123,0.41032185765643836,0.5046464113801694,1.6044023050836038,0.033654038454909996,0.031331149659093685,1.4911768170579904,0.4727496729133187,1.3644159466563617,0.5885106169635623,1.3969812097182075,0.1549614252765546,1.1045322747697177,0.18770920650824588,0.030931945572581904,0.2397119804432107,0.11047248957380973,0.5972411890646587,0.0655127194982467,0.06568624624879964,0.06869036521836308,0.5931343996606012,0.0,0.0
0.0,330.77945211042646,290.6848880497547,101464.64864870516,7.407242038830042,180,1.2532303045439792,0.6063693612574198,0.09186314959809605,0.03040578825947193,0.31776705462371,0.0,0.0,0.9917895705140221,0.15520324739264818,0.8405279704321598,0.3907163126266434,0.0836287699324732,0.03474921538522961,0.09565172302846052,2.271305188716687,0.03328716430781782,1.0179585107974776,0.15534770588602176,0.8011198003545336,0.35612323935705414,0.4716725598661631,0.47524892782060973,1.440840119835042,0.03254544812209756,0.03312737247125723,1.6246971624302293,0.48430565362405514,1.2563770622979764,0.5820281679402288,1.377928480615494,0.1555378882833212,1.1076505867222934,0.18133028685038285,0.030921947214540876,0.242677258659637,0.11198173446804913,0.6206299635767525,0.062362000269748245,0.06305989678480499,0.06548272309697702,0.6098671042931849,0.0,0.0
0.0,338.08168367658624,300.0566400365179,101119.39809690039,8.48060650506709,180,1.3495733733303057,0.6071428831130535,0.09003155218870984,0.031071324970255262,0.3196406715381148,0.0,0.0,0.9786758863660082,0.1554369563614082,0.8413025356893102,0.36622872552443386,0.09961761311057281,0.028724458350062626,0.09380360458780565,2.3703053736610857,0.03283510843436138,1.0496014793506412,0.15579137564356701,0.796019604696955,0.3739358074305872,0.4582931269576626,0.49156130791348024,1.6256613191250815,0.032844460869690326,0.027689445724826917,1.4801736214953705,0.44063509614559393,1.4646679160386253,0.6433300294317794,1.3175689587248747,0.15545370451790172,1.1038349815859376,0.1794203962482207,0.02825961469274613,0.23324223682477227,0.11413647108666151,0.5771665867513698,0.07110636599452592,0.06690406445250528,0.0706281280491686,0.608333378477931,0.0,0.0
0.0,35.86442661139239,284.4832207662189,100648.38421157851,8.783048089928013,180,1.3942697353242808,0.6105524142537363,0.09075466355165748,0.031216232014624357,0.3134600478325925,0.0,0.0,1.1186622004747568,0.15531073599090595,0.8384729470390262,0.3641043954853783,0.08989557757890265,0.031295171867947814,0.07938275951423963,2.3349792339203117,0.032092798397969906,0.967574057223345,0.15516699956395613,0.7984279397220595,0.3468177724980808,0.5035443979636449,0.45494382072818546,1.518208037422275,0.03210420711286738,0.032597842532510225,1.4736135588345292,0.4637290859146795,1.398374095710203,0.5846856953974678,1.3243020314663108,0.15508122689383735,1.1066297629324044,0.17899504099627397,0.029107032243019155,0.21826606327559167,0.1100790551865366,0.6335573990517014,0.07190065682575038,0.07033704742929794,0.0630891882886553,0.6344834877275527,0.0,0.0
0.0,142.69826078613252,289.2988331703871,101452.72280570195,7.934302148197042,180,1.4549747239143607,0.6097832094389735,0.08872390070460617,0.030858881111143863,0.2990995114559521,0.0,0.0,0.9604139061130769,0.15526852224969995,0.8359490197535016,0.36244590653264136,0.08955803608451234,0.03126083895517533,0.0829545930905108,2.317750278319676,0.03368035125742008,0.9555954766454157,0.15514426878038784,0.7939128754454289,0.37321470706342985,0.4423520655919836,0.45282714328405094,1.522895615769847,0.032201349966189265,0.03014539689563764,1.5810204842997913,0.4582578080286196,1.326233311044734,0.6428766108124057,1.3450654658476857,0.1557607615267899,1.1041614002061986,0.1782402928479343,0.03341150764928098,0.23275682959626812,0.11477183091179423,0.5991797624514337,0.07211785413601303,0.06418257775870066,0.06239119448210798,0.6182956785323483,0.0,0.0
0.0,308.17655338077225,297.27055339628134,101414.7253003652,7.294493659132862,180,1.3550503059274357,0.6065595840503387,0.07879985334600995,0.030021575668811397,0.29578366668446227,0.0,0.0,1.0113125485145702,0.15551996108526797,0.8371565497777337,0.35120953794239207,0.08936985169942538,0.03251206598308064,0.09407215296544001,2.079717417486088,0.03198652034691078,0.991518221486096,0.15493461713476822,0.7989279099534476,0.36036980043290046,0.4716408630467989,0.47527984271673435,1.5179041842694878,0.0314897313753473,0.031671750793278976,1.6752478815822565,0.48340658749119414,1.3429708897823536,0.6289808845069327,1.3816988926828802,0.15508526745728138,1.1042409887398328,0.1753939901083889,0.03127435414877432,0.22896442334399134,0.11527154301637292,0.5987388560096855,0.06394472098209854,0.07585080160194099,0.06909431539607966,0.5825182784638794,0.0,0.0
0.0,197.84226793384101,285.8696815676714,100558.846200974,5.767496271409453,180,1.2684052301444595,0.610257235601851,0.0831124199306907,0.032379363841486486,0.3388492445695833,0.0,0.0,1.0775392726626003,0.1556145497950755,0.8365202137114497,0.36996249905126233,0.0848339804421363,0.033309645326496815,0.08816144402278434,2.194653516664805,0.029144338310240984,0.9091135653111811,0.15560814251691035,0.7985626931451862,0.38084447722698794,0.4754020808125912,0.4864802785528629,1.5969841109011964,0.03258801983983722,0.034244700899416496,1.611382615952755,0.4678920717716452,1.3817992780360842,0.6127731140194964,1.3246814076017346,0.15540689793572945,1.103389517939015,0.1780568841520165,0.031023063710680605,0.22509490953051983,0.11034321456240836,0.6004119131143381,0.06557187530479333,0.07355390690084554,0.07229093240794515,0.670426263360085,0.0,0.0
0.0,317.2973991608024,295.9315332900276,102023.59541107212,6.5370887395585395,180,1.241771615830743,0.6086559650160192,0.0970470766828508,0.028176588450579264,0.29550783076291753,0.0,0.0,0.9749457408311084,0.15504579053534817,0.8351485316085963,0.3469412835600616,0.08762401528505712,0.032148339087450975,0.08600305900959261,2.3559914445284953,0.03071036349086746,0.9455227788769381,0.15558277864614392,0.7989170500727855,0.3649939770083406,0.46281553124510355,0.4700833085548214,1.4159644540323109,0.03139314254066057,0.03268434870561796,1.6183755369239703,0.44562458807744304,1.3809568226367974,0.6223138154222548,1.3811721745803485,0.15523146030857968,1.1054318347612637,0.18576345373809322,0.030006970264291978,0.22236533754626345,0.11070992601765577,0.6256560549933343,0.0706904051704993,0.0705674060861147,0.06188306365020572,0.6331307438144909,0.0,0.0
0.0,122.55951266541967,299.70391606020956,101432.62923295195,8.820085000661518,180,1.4097465150723516,0.6122539252434591,0.08793778939011365,0.032220895454937455,0.3075142050045387,0.0,0.0,0.9966181798451724,0.1550666186130363,0.8342897248042503,0.3614757882602015,0.09020624975965974,0.030996755422586914,0.09391969769765515,2.2739713748221204,0.03229508816794041,0.9865587592850675,0.1553629661573055,0.800665598159208,0.37159006233062114,0.47179948852050424,0.46674127899863344,1.3747522315692613,0.029836592012271766,0.031176114487195393,1.6113650676873654,0.43272046652472157,1.4804974605882826,0.5832502196856976,1.346042977696093,0.15557500330200455,1.1106929008934565,0.18009342145572607,0.02899867956800719,0.24839969077159527,0.11243392641293813,0.6190703566665124,0.06693283389276136,0.0638789648471794,0.06701884358163909,0.6337935231628574,0.0,0.0
0.0,48.78346004928735,289.82399088919937,100526.3506142967,6.384597890671698,180,1.2391254473802977,0.6104659253941856,0.09193220687680413,0.031018964506264346,0.31717626838923063,0.0,0.0,0.9449031528236087,0.1552301011156291,0.8412491256214443,0.3935473484100297,0.09686153650351703,0.03459780844754982,0.09820300609261598,1.994013511064757,0.0327864858537242,1.0315325086303337,0.1552318497039212,0.8025593725150425,0.38146855122650103,0.4747608935335148,0.4865263473484434,1.4356632183054858,0.032782637569457776,0.03133311560507512,1.4701500810156798,0.45167680963358864,1.415066998750182,0.6340751380583177,1.3952713216846178,0.1557406977885545,1.1024821161274758,0.195553210288511,0.03364409594944082,0.25721191227038603,0.11547807082060803,0.6425290897035042,0.06754965173677448,0.073827435877696,0.06982029104330402,0.6177478281105939,0.0,0.0
0.0,136.3805812005424,284.59914272718754,100895.23861929303,7.599022216520508,180,1.4286468803361447,0.6085066082046203,0.08612273993683425,0.032282451026626025,0.32332897959898005,0.0,0.0,1.068009663237078,0.15549607719423114,0.8346425677253543,0.340142566155848,0.08605840254830224,0.033591193476133784,0.09113027180713892,2.3277306797930373,0.03062078275811322,0.9419683725840895,0.15550086661954385,0.7959309522601415,0.38184273711389927,0.45531158466744287,0.4439607027241081,1.668296531924859,0.03042147745419767,0.03131731522008257,1.598055476391198,0.4708845042763308,1.375030705108136,0.5863117889032049,1.339091160188923,0.15554685640529176,1.1065565723313706,0.18112405015006908,0.029235609774297008,0.23363364313715324,0.11897156627970701,0.5474131046366725,0.06446570601880831,0.06834747077978595,0.07164369955280168,0.565167695572811,0.0,0.0
0.0,67.22735511326741,299.16761379437276,101642.59224577094,8.451891375969577,180,1.4487846694411175,0.6083994908681454,0.09420317492836165,0.030810831043819632,0.27811480511544745,0.0,0.0,0.9329072932362411,0.1557266635631338,0.835784904271475,0.37823687010339957,0.08309296293140675,0.032359272008106496,0.09423405881235239,2.402720323775338,0.028373829692012485,0.9099646299019507,0.15533132681324915,0.7977999370537153,0.33708107971164347,0.47422941264344437,0.5108352584382535,1.368001039695853,0.03324727454661744,0.026048464725903487,1.5928618441588573,0.4345890981309448,1.3364757525989197,0.6250583550827722,1.3730750635492353,0.1556098435144874,1.1035600634964398,0.17414392296848344,0.03330104468571691,0.21991422507836433,0.1156887450529159,0.5632303486542807,0.06721751262030631,0.07153198892404754,0.06817377391145187,0.6542002848168225,0.0,0.0
0.0,312.7296112299595,296.7524958392998,101600.0133180436,6.288469757392327,180,1.3854920318841326,0.6139424574219319,0.09791417831805735,0.03038722280508469,0.29276698224667747,0.0,0.0,1.0394165335202548,0.15527600969454253,0.8378083572214695,0.36084854524082327,0.0918526887392917,0.03288220835805521,0.0900131169102312,1.9754980404255025,0.02966599405957298,1.0421726206490685,0.15506580690759528,0.7976126253643039,0.38261820512518047,0.4632207018828967,0.46734757018165246,1.5937065509715596,0.02885819558103436,0.03418608552878408,1.622915742273589,0.4759727363725482,1.4039797468375799,0.6267175976448774,1.2740157416385847,0.15534177150301431,1.1028804070751332,0.1680325004484307,0.03318087923708872,0.23291688633440935,0.11804268840877499,0.6095676911930533,0.07204706951126415,0.07119865615146333,0.06513546038340734,0.6732570827142205,0.0,0.0
0.0,312.00017466913766,286.24075922804724,99849.70388537644,8.89297385826992,180,1.1897292036515303,0.6055898366191185,0.08657114995095787,0.02968454037101298,0.32783431353154435,0.0,0.0,1.1685018155831095,0.15559209757261955,0.837728250544847,0.35224175487369547,0.08435902522189659,0.032333794956487125,0.08789332342593154,2.330477602678949,0.03288452721119468,0.9668783094649228,0.15501479316420855,0.7988528398945225,0.3728971129727736,0.45859027430148264,0.5018504061971815,1.5805435075149372,0.031143405137173296,0.03226444563546561,1.4448004750546264,0.4821261453922721,1.3867112114051698,0.6561445915980328,1.284454344033962,0.15500137697659722,1.1062717853682924,0.1870435206597564,0.03130095468537687,0.24111255072740637,0.11502586145786857,0.6077701806242434,0.07059262510948751,0.06549771379130169,0.0630677198286021,0.5855637463187419,0.0,0.0
0.0,3.5277847277467878,294.4267056913898,101478.3296107857,6.747489127110693,180,1.3425011141401664,0.6124114260087601,0.09370408024239156,0.03093294929417049,0.28107193903312866,0.0,0.0,0.9506186071433891,0.15587327351795066,0.8430764312952456,0.3693240505868884,0.08880356308145178,0.03305128275948613,0.09010496636177652,2.1300994724486966,0.032251279370434836,0.9642539459676657,0.15542147729816363,0.8023199865286661,0.3751100144471965,0.4813891976846627,0.4456074165368384,1.294183698416313,0.029598009446454094,0.03205958669708862,1.4863740561783945,0.4903364893648789,1.2698908853787942,0.62475105922536,1.3652782642062111,0.1552345438668854,1.1072418897051803,0.17353933677162808,0.03533887244443076,0.24370803576794656,0.11366502195218295,0.5990756639615165,0.06819592634844583,0.06801349364959514,0.06638809566515498,0.6174531229291298,0.0,0.0
0.0,248.3700627713173,293.0479259776606,100368.83890270688,5.302785870673665,180,1.46936115112631,0.6096399667511951,0.09103701645231588,0.031801484916309894,0.2665900051409024,0.0,0.0,0.9621522610172848,0.15564131417518148,0.835901885792145,0.34738428515461783,0.08468385414707301,0.02995944738927681,0.09060887079894772,2.0259135589368973,0.029866191547984398,0.9464928717538903,0.1556547188768985,0.7999420312522408,0.3795223945115729,0.5087129094952999,0.44702629625464935,1.383807145682952,0.03407225686358274,0.031756412924806215,1.4455489720872081,0.43168672300307626,1.3637643833049025,0.6028171719010841,1.3829663151066203,0.15558142171236955,1.1039495278294098,0.19152519962234418,0.030183950020168243,0.237985715794019,0.11103293230380858,0.621248897525284,0.06744152506635245,0.06718363451423466,0.06539746774474414,0.6008984550818531,0.0,0.0
0.0,206.13672327936015,290.1261238871064,101654.58545375617,9.823837397505367,180,1.3167601409622192,0.6130015667696305,0.08877631752734838,0.031021163450831536,0.3121522875788969,0.0,0.0,1.0013444550654234,0.15526545156259,0.8330938297222175,0.3900941246544024,0.08972343173081232,0.0332189159197083,0.09932645109357467,2.5796757860403994,0.03390623200266574,0.9852351353802822,0.1553648838163991,0.8029268542605451,0.37909368843534363,0.44648770597672766,0.44550724304951766,1.3735084073516983,0.03237377243547151,0.03212138258495477,1.514783842317293,0.4559890232289241,1.318125691507573,0.6239533975093307,1.232080322824979,0.1556599050613447,1.1027145526448754,0.16376703160170167,0.031654820638617506,0.2524479043622023,0.10889598793898746,0.6608519067678498,0.07525059957422398,0.06900378749816248,0.07078776850836836,0.6634827984561842,0.0,0.0
0.0,263.46102475557626,290.607410073109,101126.97486749243,6.166699895494533,180,1.3092389886696492,0.604179687429414,0.0895843130035052,0.030456672858720408,0.3129919731106071,0.0,0.0,0.9682085170922788,0.15548303741735892,0.842811974027801,0.38594207782792783,0.09382059197409216,0.03326672290780855,0.08985056917382454,2.793915854519846,0.030122924318945324,0.9910375294113106,0.15534713148337623,0.7949869690335973,0.3454683742380491,0.43561578720982286,0.5342489971810588,1.452080127499881,0.03383846108994257,0.031021465541514713,1.5386827851280032,0.4594712476666721,1.3151005145230878,0.5784318458946353,1.3254257585764786,0.15521598663835035,1.10472603999219,0.18093105745402577,0.029484460146373286,0.23608921216224726,0.10477230078549322,0.5840035228730057,0.07412481308969307,0.0671670784720218,0.07131936676653755,0.6578694774888585,0.0,0.0
0.0,18.319807734686883,300.672545154437,101465.47903587211,8.888066057546693,180,1.2943063316595835,0.609870150976264,0.08886063184366663,0.030106574712130806,0.3209201454811511,0.0,0.0,0.9500474897391473,0.1555144929520672,0.8368884830713694,0.37298185450735655,0.08030478204444605,0.031115724090637877,0.09213013785111043,2.521489441273896,0.031212491481698815,0.9875718081486623,0.15583880986913418,0.8040427364252097,0.3750405478576417,0.47527254343804526,0.4521384109825571,1.3502024968415187,0.031574167174643175,0.030908412506210164,1.353537236039867,0.4221713060096255,1.4099224299013076,0.6389209325544947,1.394910024711865,0.15567302205164757,1.1089598941757477,0.17788395738027768,0.033559952423337626,0.24922890380892584,0.10904295090085826,0.6676125395401774,0.07115650943299984,0.06877115456976583,0.06876387906146957,0.6376046379133578,0.0,0.0
0.0,177.19085601569915,289.7107706647493,102371.47040945949,9.70045401074624,180,1.3743859361373187,0.6116181914547515,0.08435952621107716,0.03297177494278913,0.3038489206958945,0.0,0.0,1.0302937797046439,0.15561787341650637,0.8396308015783881,0.34956985389057543,0.0848895429855808,0.03180945322070586,0.0882405447077153,2.135110488664408,0.030172018158346012,1.0415749523391082,0.15540989339499137,0.8012863686254118,0.36287682047365477,0.4427693320718753,0.43423392545880846,1.4585935446265734,0.029242746741065567,0.03228546378825403,1.5815665784499646,0.4509152583551262,1.3583083468140371,0.6112618967746545,1.3761877650918268,0.1550066401519675,1.1045505229538828,0.1822380961874916,0.0323272651473243,0.23887552979022625,0.09570329468460692,0.5898351614313923,0.07042705936974629,0.07028441212145327,0.06957420640708378,0.6382127519801052,0.0,0.0
0.0,4.396868524144866,291.87115009808264,101333.94932824928,7.2977580688630175,180,1.2849387397683054,0.6106598378548064,0.08588799616933272,0.029983679859764755,0.298033070403324,0.0,0.0,1.0495996323263872,0.15537060489267365,0.8369162643745269,0.37016265975605206,0.09225537907873413,0.02864329906813556,0.08278185874805066,2.3314565865930734,0.03175877255624348,1.0277542662481638,0.15542492532727656,0.7998917171294987,0.3334187900317488,0.47467082766781143,0.4405303948696946,0.9777219650722203,0.03355046664728411,0.031854356813286036,1.6104526482454027,0.4330015694701309,1.2522026063405238,0.5978058327992528,1.392761000069886,0.1550697447297574,1.1058571676888689,0.18720155829953217,0.030538530255487334,0.22716203864319828,0.12253457252145952,0.613882927876825,0.0682319865837071,0.07078780166901504,0.0636965264099909,0.6463590015325165,0.0,0.0
0.0,210.86725769900826,300.34066858528877,101040.37527523868,6.4282604345917855,180,1.3501320188961796,0.6077100380646497,0.09106592822589374,0.0314273463421282,0.30140065569304997,0.0,0.0,1.0715418973122643,0.15552955273728344,0.8368567886956851,0.3685172595627078,0.08480799803656042,0.02884186349994723,0.08208468042477239,2.6518036638509415,0.03216134954872404,1.031505251058667,0.1550766132673574,0.8024574680486494,0.35185526766167746,0.436838115398211,0.4841704396594634,1.2222450785638017,0.03131840098368046,0.03130177081077217,1.4229837478726801,0.4455634632980208,1.3142057457069256,0.642759755543635,1.441572869040923,0.15518165042714877,1.1058914537755842,0.1765811642016369,0.030810839509240413,0.2397079335174857,0.10178548400034236,0.6086509193998156,0.06872217384897883,0.06733452658725574,0.06955070406345391,0.6458661338565856,0.0,0.0
0.0,199.7550233088828,299.10481780415773,101687.27237544565,8.946779752843689,180,1.3118487468713065,0.6073664667845,0.09218988500196473,0.03208610899154072,0.3131053536071868,0.0,0.0,1.0084095571439615,0.1555919167785037,0.8372815095417175,0.3701554499597877,0.08183991725008087,0.03188748538920043,0.09411630540164145,2.5420677907676623,0.03042684380160746,1.0023896002017483,0.1551037567809357,0.8056269000430634,0.3660196651119787,0.42183154193146044,0.4472691348935754,1.2102727633150747,0.0320723647998465,0.03368603953962971,1.5339929940663646,0.46054325032961135,1.3996832125886496,0.5877536517724464,1.2782991023214458,0.1555223529627266,1.1104109500544637,0.171276356131563,0.03417357254613068,0.2403579521264473,0.09651510877340021,0.6208494158201727,0.0714003760827513,0.06906489126021506,0.06988514415075237,0.6236240523712463,0.0,0.0
0.0,54.589911346023314,301.8229172890127,101681.09466067905,5.6228353472674,180,1.4197972756636037,0.611461400449124,0.08873597031116634,0.03118979868866699,0.2854922687014503,0.0,0.0,1.0414865932085369,0.1555125772664482,0.836720611602567,0.3689839464684104,0.08747697548565478,0.034038329245499294,0.09034567946421017,2.325863894458756,0.03436690634609355,0.9615835889233635,0.15562019425327558,0.7991298002477889,0.36500265411780397,0.44747792500360345,0.485710833500874,1.4723434643486593,0.0316675508998242,0.03081814314530754,1.424889820905117,0.43442289001008644,1.2736909722144016,0.6437826387749143,1.3875155207168428,0.15530707039467906,1.1043852020415659,0.17592655564411272,0.03413101335481693,0.2267228081259086,0.1066473467940241,0.6306147381758486,0.06671286690472032,0.0642320604617419,0.05976826006615105,0.610797067748229,0.0,0.0
0.0,119.12825575548928,290.376565589771,101871.46612343905,5.856905155942533,180,1.4077557705386798,0.6036566237450876,0.08763069504782599,0.028765573628251672,0.2771242585024815,0.0,0.0,1.0095461783108162,0.15556156928421042,0.8386133244557925,0.3616715865641744,0.0864360301187141,0.034204620036785156,0.0873873352391837,1.7453706593215097,0.029269563898170252,1.0348079905629102,0.15566527924938137,0.8001746102643753,0.3697969555803315,0.43012816273864946,0.49084225748776117,1.274081295433423,0.03210476451983837,0.033193908741582547,1.5460259089666146,0.42931249450902204,1.391151246242794,0.6655126362131918,1.3734484259417628,0.15538156694212646,1.1032768826707031,0.1778470852557958,0.03234778095534187,0.23672850346816968,0.10465957538082026,0.6689186387991889,0.0694430049958125,0.06494673649280858,0.06584929665064597,0.5976086738321021,0.0,0.0
0.0,307.03313560829514,292.14249333797505,101471.9762174424,8.203155090956512,180,1.4198684699894826,0.61355701978858,0.09590152681493047,0.031824209558097276,0.3063757274790175,0.0,0.0,0.9696501820482308,0.155397283378737,0.8341681493714492,0.37000180437226643,0.08641107694629883,0.031232955925162106,0.08622006031220653,2.3731947463128877,0.0332466497621202,0.8637936815604502,0.15571601627665757,0.7974061199204112,0.3757481044548503,0.4717575425926101,0.43891788890835726,1.291767239854973,0.03076650761650937,0.031081848493953287,1.3835929365332755,0.4747650553972243,1.2502393761619295,0.5939511399056895,1.3611094193745983,0.1550337324590668,1.1040323925928892,0.1798834720927597,0.03358673154107258,0.22402015536356815,0.11671402764180452,0.6475878620047684,0.07152831377124913,0.0647046393028732,0.06963910801955926,0.5891207487804186,0.0,0.0
0.0,244.07655414126998,284.3137258464319,100969.65029195433,7.361883918126519,180,1.3801359839311622,0.6083593654994336,0.09618631331472202,0.032406018277203436,0.31476083593788834,0.0,0.0,1.024548821878663,0.15555373084760293,0.8381969054418922,0.33856780561411653,0.0839315060084325,0.0322951376823549,0.0955476028068031,2.7236725418285284,0.03173581832665137,0.9738566515223418,0.15520602215802543,0.8076436732064356,0.3812312315529827,0.49988591490281026,0.4601690487214372,1.1637251247805718,0.03291176661184209,0.029326969234567603,1.426883277179669,0.4588620487438447,1.2246798139828066,0.6260273637478335,1.332432547176648,0.15497953781896395,1.107713390360304,0.18202439519221994,0.031893611808740695,0.2566084109763474,0.11495960031033191,0.5804952085817199,0.06535372540556461,0.06668473001455491,0.06435912942616692,0.6265026240638609,0.0,0.0
0.0,254.52882364873665,286.7882987533358,100632.69490142024,7.730893766292199,180,1.2839476932179998,0.6084635254817152,0.08894321245400039,0.02947959890261548,0.31091183392208166,0.0,0.0,1.0162087854831758,0.15519525045876786,0.835130222723219,0.3486220286702101,0.0913930088970685,0.03430821670324546,0.08706927926648393,2.0780736352684888,0.03194854395751826,0.9215311591635761,0.15504961383448493,0.7988827756087463,0.3895186687554377,0.5202549967151696,0.48394179423413075,1.3784597456026944,0.03285410572907847,0.032507408665077245,1.5671963748022955,0.4232597053740403,1.4078889493122264,0.5880365431993732,1.2592991267014957,0.15562212684470958,1.1025976098437373,0.19376875491988216,0.030732830522075493,0.2296779017422417,0.12051011731718761,0.5993302945538408,0.06581683053828061,0.06226096058977062,0.07095966728887204,0.6273629375402763,0.0,0.0
0.0,97.86733393012462,295.0266487118688,101903.76478565372,5.916703325655685,180,1.4402466826542453,0.6062359004943335,0.09301742242463043,0.030785940127418105,0.3013295475545913,0.0,0.0,1.0258444185062006,0.15539398857570988,0.838021852613123,0.37968414585235827,0.09637043314467499,0.029265369959003116,0.0903671740275882,2.1599066474456663,0.028742764466346625,0.9492271648296124,0.15552254435759752,0.8005902810816694,0.3932507052262548,0.46741868188655766,0.43994220657413663,1.3302917365453548,0.032415470027605406,0.032579419830963297,1.5806223733361924,0.42715265177828526,1.282304700605162,0.6374516306974116,1.262207624455049,0.15569203803718248,1.104374840222161,0.16946924756351409,0.03394975667708363,0.223917734761947,0.10906120630290143,0.6225964577987947,0.06327120879861245,0.06665892896110924,0.06332924036479165,0.6137131839808376,0.0,0.0
0.0,161.54526488610517,285.9760147573305,100999.82116071881,5.82312005493764,180,1.2896368015860462,0.6046973685391674,0.091951196424562,0.03348500950627831,0.3139742048781047,0.0,0.0,1.0918035200082854,0.15543489329908286,0.8367134432101289,0.3673430714469415,0.08020037826678054,0.03139132078685404,0.08775568602932501,2.6006175982569713,0.03165828970293074,0.9754745816679856,0.15569974340800824,0.7983071961539487,0.35464651086260485,0.45035241172268,0.46028824171765453,1.3679952460111322,0.03342274547583287,0.03311530035724808,1.4541046098795833,0.47088982162308857,1.3314661109775192,0.6285533078648813,1.232970189804434,0.15549509707543385,1.1030482459672342,0.18170957146736755,0.029439491148147603,0.22014960181877546,0.1103101473035218,0.6307013298759127,0.07002838867625054,0.06557723500332066,0.06397940349616117,0.617748187927434,0.0,0.0
0.0,45.869749678310924,287.49242744972327,101648.25697570683,5.731914510760873,180,1.3574785124448865,0.6077340405926374,0.09389701373402226,0.030101277279531775,0.3224392140142321,0.0,0.0,1.0741197729320355,0.1556164230454826,0.8359553494510295,0.34871172334225176,0.09278305746088136,0.03136830870057559,0.09022771434427065,2.0504814388376627,0.03396968737368743,0.9743773007224864,0.155607357982572,0.797955810995434,0.364882880133851,0.4828713359779059,0.46797259519230533,1.2836331402581356,0.03249479079658418,0.03202283086151467,1.5714768831725576,0.4645388793290149,1.368003829112439,0.6490687541269111,1.3852250116175164,0.15544612676299666,1.1024641641707003,0.18086144420825936,0.031047007552380258,0.22564896814607904,0.10913192026624242,0.6367798657092739,0.06579206049464692,0.07135709741518007,0.07134357184982583,0.658483042268544,0.0,0.0
0.0,319.6547107679679,293.74764913376936,100762.8878203514,7.36111192839618,180,1.4656468184531766,0.6056199909674371,0.08234629876989832,0.03199147439436958,0.3396582255736757,0.0,0.0,1.0224135487171462,0.15579711766950347,0.8367874421434613,0.36308633957420816,0.09243162117698155,0.03535601762738981,0.0828546829984969,2.2568867483129735,0.03222477093153791,0.9026084057018426,0.15542350271736954,0.7990175783341649,0.364239012849922,0.4730517872605153,0.48407767921483263,1.2425674834053577,0.029687402817917704,0.03504399729678587,1.5804624996472818,0.4612081726649334,1.4257724627998951,0.6189344865812751,1.3675142493853731,0.15523474693826567,1.1061332247544247,0.18459621613762742,0.030483748283914352,0.24270065017631146,0.10245270934334255,0.6933132829992842,0.06585887867952288,0.06960599961243309,0.06776072246811506,0.637443447611979,0.0,0.0
0.0,148.11501283126236,299.0466604812459,101129.33020566103,6.552960797750688,180,1.3930780793213473,0.6117126648988455,0.08724657117740128,0.030643892137800444,0.31650750836285274,0.0,0.0,1.0460663208642758,0.15590843281055175,0.8425243034866692,0.36818046368641166,0.08310817271009978,0.03627568501864554,0.09551828270924484,2.1083504842864613,0.031827110718338256,0.9706338888129938,0.15515179073251742,0.8011865354417649,0.3696642342191792,0.489029489028515,0.4760984765802376,1.5628036832572105,0.03103143837542732,0.030667972726186796,1.5729964457506012,0.4692553148034575,1.3595523877476012,0.6232266554761993,1.2675900163443075,0.1558803995741075,1.1021936016098017,0.18819633504395525,0.030903235033694673,0.24868622751855757,0.10163956823626698,0.6129811248864845,0.06686610550066262,0.06705508093840724,0.0630209445234701,0.6411046897113605,0.0,0.0
0.0,248.46013152715295,293.6220901882241,101638.19904173948,6.676425935149586,180,1.3560359225684206,0.6069033632533629,0.09051224503484409,0.03254493658027099,0.31222456360715606,0.0,0.0,1.109273179699493,0.15573268249039976,0.8350329087327143,0.35109448858998815,0.08606870102515647,0.030142476494151887,0.09013211621265123,2.364612282747744,0.0303271914459206,0.9842800701923967,0.15573228275616022,0.8028060835235447,0.3585258236661738,0.47675896661839523,0.4698978060869629,1.3953774544410502,0.03391614183415512,0.031192321021237025,1.411589144310961,0.4492957173364661,1.3964986367943355,0.6072931241921286,1.4326821654360171,0.1552185897826076,1.1061044685456594,0.18173878886198397,0.030061989050715797,0.2385424540192287,0.11411065525966374,0.6584913555810947,0.0667562851989957,0.07206207884622554,0.0691279447699863,0.6913915347121778,0.0,0.0
0.0,305.31625839377136,292.81348102515886,102201.51743509315,7.9140478970425105,180,1.4265743976426684,0.6119364076756677,0.08963533522302061,0.03327503497998653,0.2916296385664328,0.0,0.0,1.028566945673869,0.15544862896719744,0.8399589780117419,0.3712585943585025,0.09576860172680723,0.033488781354919436,0.09521849528661072,2.4562976217503945,0.03292593534079362,0.9804571414462181,0.15538696176751507,0.7958851070327357,0.3621309541694548,0.445524651056038,0.46894732259146515,1.1827983811244407,0.032978442390481644,0.035368576402000675,1.4975165375336517,0.45366525606810576,1.3719714994807992,0.6175546325069783,1.2955178699839647,0.15594892697913773,1.1033269904955463,0.16981006558711634,0.03243074733076468,0.20619508202683423,0.11500552073211426,0.6352959766816517,0.07173112770090721,0.07295870366526215,0.059991822902276615,0.6186919144567901,0.0,0.0
0.0,333.8866849680787,295.3832236092443,100649.94210601872,7.728530053747814,180,1.3567324198726574,0.6094441063700494,0.08758337357498125,0.02909546621323331,0.2911023101417222,0.0,0.0,0.9963391713805363,0.1552915988966024,0.8381020199227691,0.35955665328212255,0.08363898772753946,0.030852533880808237,0.08939961354640963,2.2579303557087145,0.0315869754844823,1.0210627031705386,0.15547325448602756,0.7953543458425483,0.3859331317312321,0.45901124399033766,0.4613632100933795,1.4676811309795823,0.03078611139159842,0.03357072255060539,1.5363490545014247,0.42861327707630487,1.350145094348172,0.6438460689635802,1.345204173331209,0.15585908890556294,1.1033385853755993,0.1775947927398248,0.032157834660182794,0.23641534178646656,0.11221017749561747,0.6003909715924375,0.07566241792657755,0.05834950817906896,0.06580957740895804,0.6470758034340325,0.0,0.0
0.0,0.815693125037229,285.8823832527367,101099.6696513147,7.932341484127004,180,1.2673521455865744,0.603998364305168,0.08531181573451417,0.030558205198620503,0.28973315892998525,0.0,0.0,1.0229585663462526,0.15542332186359506,0.832170195313562,0.4144557820778175,0.09296123414337126,0.03247675299939538,0.08998320808939689,2.1957227194408837,0.028859522811191484,1.0323895716814142,0.155615286757996,0.7947884398921823,0.3978184674581302,0.44659876559087613,0.4657649167857014,1.172108745971024,0.02809282312516197,0.033482157704782134,1.5748474921689881,0.4676999323479492,1.3842073025870472,0.6255091813430105,1.2801733071200074,0.15503847844318658,1.10315493222786,0.16760299133681902,0.03175981370231805,0.2665993726916223,0.10962047762260038,0.5740985660790411,0.06779675598714921,0.06492587114371073,0.07104479218780835,0.6383331957233003,0.0,0.0
0.0,321.5483657054665,285.8972292684758,101164.9915158801,8.975957521707373,180,1.4009620042535749,0.6089962920581068,0.09023457566253039,0.03636191325631381,0.30669843594865137,0.0,0.0,1.0009748745805176,0.1549889137033416,0.8429012502971512,0.3728110485838146,0.08732876370806897,0.031752052871687204,0.08750922851059158,2.1638652590794485,0.03484698301039356,1.031369873620287,0.15546208200997577,0.8031226060447894,0.35672050631989183,0.4742733489593159,0.4884644681592803,1.202314104233762,0.028671472835425905,0.02903643300750538,1.5101405227074227,0.4438347314032113,1.5330732661950839,0.6225395019414258,1.2881150880539893,0.15521093859479934,1.101554258935571,0.18487202722567986,0.034214241010904686,0.23433026501196005,0.11910385310533736,0.6619304866990641,0.06714742304555466,0.06917431745148778,0.0662495775733369,0.6351775830007217,0.0,0.0
0.0,264.8142044175994,283.3811239517272,101688.31760454303,8.360563088004836,180,1.3084820560691797,0.6116397028585469,0.0895850602830228,0.03379750570230355,0.31433364395753716,0.0,0.0,1.0959718067324236,0.15549131574108188,0.8343976723463281,0.36358898949458,0.08376609764768561,0.030041836819196872,0.09163248428090501,2.27481820412294,0.03101392147801189,0.90365473523269,0.1555780786291871,0.7998357103538674,0.35619679234646867,0.47896713858125717,0.44004635210196624,1.4254080670081077,0.03052396938050205,0.03393433204362517,1.4780433702792592,0.4514364591766185,1.4208478471964119,0.6135807161688948,1.3115855336788138,0.15580060154997424,1.1054297273725653,0.16874615201462115,0.03131902918494184,0.2497174897998175,0.11098651498419364,0.6596259303915498,0.06581057839896443,0.06482110925452043,0.06678525707216477,0.6026566854707462,0.0,0.0
0.0,22.946283542169667,293.31287983612583,100451.3528076207,6.423548003018592,180,1.3076247405014403,0.6096100302857279,0.09543937177733848,0.033687769292505734,0.30196609413909065,0.0,0.0,1.0016294197506108,0.1553124914960417,0.8391336477198281,0.3655748609936332,0.08351408859545123,0.031843229351222566,0.08745489834310968,2.3691824031405586,0.03090398360305475,0.9486492236278999,0.15558493360955697,0.8022339375426878,0.3779118191431686,0.4464915501257987,0.48964673461947594,1.4674541771969343,0.034305729993381356,0.03387900595374951,1.4372592245245237,0.42443847534998747,1.3797153918547163,0.5822772955884594,1.4442811739739294,0.15556352326841802,1.1089687043250318,0.16200056019045322,0.029873044451599245,0.2468424534970683,0.11337179035804573,0.633123286183354,0.06879707715765668,0.06962584702405429,0.07028469179639345,0.6388796737105794,0.0,0.0
0.0,238.4939877982236,297.3186051965853,102382.37889203081,5.34725290933255,180,1.3448805622057856,0.6059800089864182,0.0900107737648791,0.030434543655629958,0.30385015678742056,0.0,0.0,0.9959663770426964,0.1556507885379341,0.8392433266570797,0.3893200009461147,0.0931544907923959,0.030391665598263916,0.09429193634682888,1.9596510901236504,0.03237684305539461,0.9474842059807655,0.15549245606417436,0.7998124904294819,0.39261001198550705,0.4543454895073722,0.48550555806025536,1.3161418970774397,0.0308758927568347,0.028436279189674885,1.4305644115279785,0.4625718085935312,1.2976440016092972,0.664249542813326,1.3596003133882775,0.15528769115342694,1.1069594744651479,0.18546027866442022,0.027953692479809226,0.24829165170173031,0.1085416536706993,0.6665609925931402,0.0674517875950461,0.0668770638178784,0.06484330931454078,0.628277568933248,0.0,0.0
0.0,1.253258838330944,283.5537325006971,101905.89850923297,7.5207035316293975,180,1.3503864489693522,0.607648396939172,0.08900592345100851,0.03118812460059345,0.3047460993417872,0.0,0.0,0.9827464754164502,0.15555211389222548,0.8363649376407309,0.38823158389840035,0.08430233454182466,0.03337329272151393,0.08898710335508991,2.364523618284055,0.033286707417606864,0.9578575212323454,0.15554532726961612,0.7968640765365537,0.36885886777298077,0.47854502018304124,0.5002549507291192,1.0671173722710254,0.03174855565932049,0.029005932798480707,1.637299588464766,0.4871553667042786,1.4445915144824901,0.6061462218877256,1.4222060777166463,0.15555354506537464,1.1067564147156863,0.1580648761252741,0.03208488251991986,0.2354361887090321,0.11981719365430543,0.6347331401416172,0.06881004789731467,0.06309435130969496,0.06769805477838936,0.5922406029102738,0.0,0.0
0.0,321.35714048361484,301.59420058978856,101322.09891591735,7.971190274489522,180,1.226133192472224,0.6125950969624556,0.0910784977746535,0.029202157094791004,0.2895162566157124,0.0,0.0,1.0508468665320971,0.155805953625391,0.8394116653815469,0.39160225884558936,0.0911010158609218,0.029291889871405477,0.0949765579272731,2.195815235671519,0.03264394914581162,0.9567113615843164,0.15535890919221973,0.7971566968016509,0.38869253895249284,0.4497095537019614,0.4181338412275797,1.490726309071095,0.03360901705201902,0.031080535606712905,1.4686374628252397,0.4314285817286242,1.422525453353461,0.614802796165098,1.315462608981267,0.15571301121863448,1.1075130455425264,0.17843145625097503,0.03339817377943593,0.24924825045193053,0.10510017955749477,0.6226834830107388,0.06508691685032791,0.07294198913197152,0.06667519287591264,0.6242681557431696,0.0,0.0
0.0,143.01646766771324,298.06530599006425,101019.04627709145,7.235099050647459,180,1.3891966581888504,0.6076811614742076,0.08974374431123266,0.03248783828784598,0.32091107394322266,0.0,0.0,1.0272308997121158,0.15553043703198316,0.8392751336897876,0.36515086103107164,0.08640936517951797,0.03383998880008783,0.08117531689975042,2.1696594266889564,0.033973688276011944,1.0234275120158167,0.15513815017050667,0.799262177353372,0.3713052510358237,0.4406379663604629,0.4887041745754712,1.3185870126697188,0.03340103333824899,0.02875307305654243,1.5716085187662063,0.4636652747947771,1.3847624122234012,0.625232512847222,1.2883911693665333,0.1551899704699012,1.1052372811121578,0.1784794232626907,0.03072696925931155,0.23692385687316406,0.10997396601579565,0.6264879550712997,0.0665625278962771,0.06881565172979774,0.0705222750288801,0.6583272890816697,0.0,0.0
0.0,168.2412965746496,293.4554103014127,101719.62822346878,5.078132757670843,180,1.3084880600496704,0.6065804425982032,0.09511268067794154,0.03161248150701467,0.2964241353451287,0.0,0.0,1.020628867543082,0.15541127833282894,0.8403716709559728,0.37109885967013995,0.07918807313548558,0.028312219589794105,0.0904950549920129,2.21117858789458,0.034765243791069295,0.9522439911859901,0.15510783917252582,0.7960973588021136,0.3891670738969328,0.4831816333983678,0.4717940435625801,1.304356030919427,0.03062614250469331,0.030018335816181987,1.5698289530081029,0.47260147314113854,1.3852999916433981,0.6152508528546521,1.4311739449322227,0.15572919808749147,1.1035868411724334,0.17980048950202301,0.03294711590409684,0.24360927844243513,0.12273108456077723,0.6696061675538579,0.06743127628091118,0.0737743504079021,0.06865983670314549,0.6093412609024839,0.0,0.0
0.0,318.5696795918163,299.1964197913075,102102.55421939616,7.59114631326331,180,1.27993703525348,0.6091805915583162,0.09316772064532905,0.031811790153406294,0.2942875530344409,0.0,0.0,1.0551183389351548,0.15524706133703314,0.8375151941328501,0.3804233647568391,0.09420780145789362,0.030762780884596552,0.09239669189518981,2.173751768469701,0.02947561692074096,0.9888909451598389,0.15528910744627838,0.8034735398701344,0.3482142500925709,0.49391030790397034,0.4997848882409175,1.2569266242492811,0.03147673137227981,0.03333820617504819,1.5635138886594704,0.46566413922786554,1.5310762383690506,0.5723314805581998,1.303913802963089,0.1553797374473304,1.1049206767020783,0.1771428031944234,0.03233110250656033,0.24414683422887692,0.10325227559820918,0.6071593579780974,0.06360208689257531,0.07278642878792818,0.06442320562800141,0.6505311037845565,0.0,0.0
0.0,234.2337051148271,298.9615545538609,101111.18278774915,5.168811144306409,180,1.4159863580601042,0.6095947885634069,0.0894195493823053,0.030722303707302886,0.3203756900010803,0.0,0.0,1.0035605749755145,0.1553192599786995,0.8396205182047575,0.377910963817974,0.08133225934474164,0.0292794346744568,0.08828936092001397,1.765777379317476,0.030910912182260074,0.9717102224218268,0.15560788929681918,0.8032744660452218,0.36725889120469996,0.4788937015673238,0.4546312411621644,1.5027415985966108,0.030400569384828127,0.031780858756133026,1.5331413541137762,0.46727841129699127,1.407830220390981,0.6231199587335581,1.3717041791659585,0.15527879120067947,1.1045947194090693,0.18353191027282476,0.028529890412562632,0.2558615128600737,0.11144950670795988,0.5917602286071093,0.07066634235332654,0.06835704857490657,0.07220302034177932,0.6690668815168852,0.0,0.0
0.0,86.22208043684286,298.0384220689607,100707.27191936647,6.387709670927807,180,1.4225199090186869,0.6066117478186203,0.0857013469663617,0.028847449718098057,0.2919950927361576,0.0,0.0,1.007570076504283,0.15605428483411854,0.8416913004442521,0.34631215107006913,0.09124051321301398,0.031132318821464763,0.09388828448756066,2.4577657245663,0.031750897039825775,0.9490555621759471,0.15549944627672932,0.7960771857044991,0.3431508561219319,0.4423295331445434,0.4893972846745322,1.3743391271569518,0.03034240587989935,0.03000446138058878,1.6387750370575591,0.45624770328763736,1.2520178919108864,0.5825266463790966,1.3386842880832102,0.1555264368580046,1.1057560859416737,0.18031369888500867,0.0328127678633236,0.24282555986919638,0.10586779015440037,0.632108748920173,0.07217926468665706,0.05908250402856582,0.06621232685601285,0.6534023005246419,0.0,0.0
0.0,183.90318269993688,299.5361242015553,101132.1107853314,5.330213772613252,180,1.347212831416533,0.6141683215058872,0.08855197625319541,0.031102149211553503,0.29166537297665013,0.0,0.0,0.976182234304429,0.15553190403716263,0.8431701715982697,0.33746206893273134,0.09130904681311207,0.032496826407217995,0.08864798684326831,2.136068419367371,0.02980089594635374,0.8996818919659937,0.1552167120048318,0.8024108185351845,0.3921414633493116,0.4532710583237923,0.46432120070666627,1.3623458146133063,0.03202044857770255,0.03352754606065574,1.42553062569393,0.4373307245990602,1.4563854968548122,0.6650926856556512,1.3526701877466285,0.1556183772110671,1.1047375059867617,0.17059283549822185,0.029165194047561103,0.2332718344987469,0.10939868941535164,0.5940465889739623,0.06443037316222834,0.06793036009410705,0.06630831985042608,0.59341230428819,0.0,0.0
0.0,148.7979140832418,293.01097395967554,101495.12881646497,5.237020772720858,180,1.3986458121910066,0.6134437672566715,0.08747556460002347,0.032794147654894766,0.33151095925648766,0.0,0.0,1.088850158501735,0.15544848149940604,0.8351911139596356,0.40792585651230767,0.0853358281630543,0.032318161684533935,0.0903963194775742,2.307158095877704,0.029898565676919214,0.909869546831886,0.15552488354332633,0.8014360110866767,0.3883438420063254,0.4512881394887626,0.4684496198797272,1.5659694754861588,0.03378509228645537,0.03195211231909835,1.5508132753632522,0.4686201449125758,1.3815370075333429,0.6468310580382006,1.3987064680267742,0.15552613537197205,1.1079637648294975,0.17641634699871908,0.033293762865936924,0.24431864248781682,0.1057887179673511,0.6217504855788251,0.07033502336198293,0.06909259019797442,0.06595741628003084,0.6554143138672959,0.0,0.0
0.0,173.61359716847028,287.5056757210907,100884.92045668293,8.997286359111637,180,1.4160248467583019,0.6070209104509549,0.10014116537275819,0.0327460199391451,0.3207557133866359,0.0,0.0,1.0614094008734782,0.15547288855678995,0.8353439914747812,0.3812317942146314,0.08977184038226155,0.033131570410332156,0.08868456654207237,2.112342129317954,0.031370589064289814,0.9895564767218888,0.15526060791115,0.8027224078976581,0.3575514281853825,0.4845091683924556,0.4673606486504083,1.2914652769938073,0.028233931101869874,0.03325844037832084,1.4420469094002086,0.44864142036727056,1.1946008555713483,0.6058404288485431,1.2906586109123626,0.1548595539830155,1.1001222382861071,0.18380570980345637,0.0322319742031087,0.2607680261915368,0.11083008305758334,0.6013795940484908,0.06589469449398722,0.06903549917817933,0.06622083280102041,0.6405158862140079,0.0,0.0
0.0,159.86080965883704,295.68456104082964,101718.99584123217,6.522946133232912,180,1.400937502998213,0.6053807805376195,0.09094188056006047,0.034046541250176254,0.30913316463284646,0.0,0.0,0.9889797066542944,0.15580670997445306,0.8387073963782429,0.35139098580894246,0.0873499500765627,0.03390553646870778,0.09099752244562165,2.2050542222306517,0.0331826194028924,1.0483717246467177,0.15539150558083875,0.7996497030408997,0.3509113426098788,0.471875988664142,0.47592817140531013,1.3538813825320366,0.031670972333726496,0.029831590780122652,1.5445854847117204,0.5058192539630455,1.37866269831659,0.6327511719139887,1.4023729788134374,0.15528471258502752,1.1051404902916326,0.1721395301674049,0.03416901813925575,0.23214755097536896,0.10649061650926983,0.7087817364554342,0.06741149635518226,0.06887129524148528,0.06544111298094571,0.6812197829440698,0.0,0.0
0.0,28.607050479544426,283.15137380369504,101158.52006305488,7.83892109987745,180,1.4457517946907332,0.606046699312003,0.0903688602606371,0.03241477222847327,0.3339697432878851,0.0,0.0,1.0743640186708896,0.15589071826662781,0.8409468544330517,0.35634010038924996,0.09712269336422139,0.032563792622455505,0.08065830866952782,2.39310029475693,0.030243956765801102,0.9286551870929524,0.15579394689466627,0.7999532963457134,0.34813992475475874,0.4728360009240634,0.4969003216803075,1.5828358549848651,0.030241222568505467,0.03186826490739745,1.543117904859451,0.42068051262861017,1.2853445572639213,0.6245299364827437,1.5025245265586833,0.15550477085613443,1.102118068910792,0.15781410023357723,0.031683904472337515,0.2392211722724799,0.1108045209334795,0.6124483812088384,0.06484916398826562,0.0640804313846317,0.06896602299548052,0.6474386985275798,0.0,0.0
0.0,19.934629160896996,290.9772724784937,100972.00388791203,6.966024278975002,180,1.5151206268149209,0.6072804029237412,0.09614511103110975,0.030608002858538878,0.301338062887154,0.0,0.0,1.0739379300583147,0.15496915436830622,0.8449635839103669,0.3715056185844312,0.0882076362504864,0.030916156127623266,0.09381874359551637,2.36055345089901,0.029559726588697408,0.9816429708301678,0.1552428789543799,0.8037428808044595,0.3627326749605441,0.48544517319894864,0.46412363721230876,1.591873357699633,0.03000670976048984,0.032622929208160484,1.4896701029672204,0.405703370791056,1.440864796033783,0.5907005036174575,1.3468886547249748,0.1554365435145023,1.107164082982943,0.18206672477517108,0.032097370084663714,0.22477596396873126,0.11315012163082472,0.6107475929559444,0.07476837533202461,0.06843743875207711,0.06839874776466781,0.6766851807389404,0.0,0.0
0.0,150.21715756802396,292.7804126740104,102314.57802598827,5.7468637131958715,180,1.3075099427955876,0.6026356161430745,0.0940664732558286,0.029159387865338927,0.3105154664500328,0.0,0.0,0.9750771443848472,0.15530712431754892,0.8373665815721404,0.37904868803506986,0.0927928084934341,0.03085290632693429,0.08446699618565139,2.2627049296424264,0.03235272466941713,0.8877196290247141,0.1553665115887864,0.7993570973975285,0.4070647194684147,0.47314430390168216,0.481079403022693,1.514462685359244,0.030433464320343405,0.0309474479938283,1.5059731465827555,0.44784804622829133,1.3585405198525844,0.6895818140935386,1.2729857450552808,0.1555231160361083,1.1015097328766705,0.17662652251081,0.031170913739939018,0.22117730462625795,0.10343166795802142,0.6016841040746511,0.06871992409466077,0.0626206534397504,0.0665482445498062,0.6772317054954423,0.0,0.0
0.0,33.774946745587926,298.7537364482955,101851.52650728915,9.167353060312774,180,1.4068154447686385,0.6100462091238362,0.09391335628501042,0.034944826730190476,0.31293038799194056,0.0,0.0,1.074008113030745,0.155104374111271,0.834579400217969,0.3714528938133005,0.09073530882855285,0.033384390008694524,0.08255912226713139,2.316914268054285,0.03250181217594763,1.0583417385520846,0.15538868739840347,0.8023912730064225,0.37854072205360434,0.47256040046593695,0.44509027000737394,1.454942444119171,0.03246555227417779,0.03238154317859443,1.5992987119588833,0.4392755720588058,1.3606332729094255,0.6534688601909812,1.2705760345264634,0.15506981955682866,1.107217607312753,0.1692602765552961,0.030678981802578643,0.23216034974695915,0.11225288817995777,0.595362213976227,0.06903538689826794,0.0722361560570161,0.07059362444708354,0.613154138285128,0.0,0.0
0.0,352.0051921361419,284.06168149448774,100654.08729881753,5.131681912519504,180,1.372541129144127,0.6080793232372397,0.08783334089390576,0.0279344985565131,0.3250635895301075,0.0,0.0,1.069740839312319,0.1553066430739006,0.8397892689289816,0.36818934293277333,0.09296960874920321,0.03234995207382126,0.09106201250171239,1.939576814742758,0.03317377948306551,0.9646938070294816,0.1554594977847998,0.7992634910853404,0.36269408451496377,0.4448882095570304,0.4758759962409218,1.3330570543518794,0.032236041843982856,0.030237206016098014,1.5652287435609975,0.4507574847490573,1.4823623183827135,0.6254874129286763,1.464331634578245,0.15542452619619812,1.1059878056243087,0.16966657531495727,0.032052006593995236,0.25742052698594126,0.11063157590424372,0.5880393362812838,0.06599086420124808,0.06678223860639958,0.07151486597317264,0.6343301500082296,0.0,0.0
0.0,63.86662869030871,299.63351044177165,101722.40934267842,8.80273417177136,180,1.4081874400150505,0.6134675550955092,0.08947037071820935,0.03156447413714069,0.3114353470866206,0.0,0.0,0.9893573084369831,0.15579163187336253,0.8360981718533186,0.3941764233850465,0.08696686075682696,0.0326895225929496,0.09478067153059005,2.1543826767577015,0.03282454031021316,1.046417454855402,0.15542114544252628,0.8000925362249979,0.3815175091530646,0.45633978165825007,0.43764441382054026,1.567607610082592,0.03498848848084915,0.0309158123891493,1.4840562270877031,0.4486045632894735,1.38347488223498,0.5962850369778808,1.3647606508202064,0.15527871996426865,1.1054192833815608,0.1793360559421917,0.035445761694073645,0.24169307138459592,0.11000753714675383,0.6201824225802152,0.06512806093330113,0.07106722117903731,0.06694191405112371,0.6176144647176048,0.0,0.0
0.0,32.424106084381826,292.7635855816677,101453.51916058968,6.84287909042335,180,1.3036704472487157,0.6074308124568133,0.09571266737861271,0.029711662535345833,0.29192954577265573,0.0,0.0,0.9552069020178461,0.15553258768092001,0.8414751710828242,0.3557336065120914,0.08704437974726079,0.03416542382961207,0.09334611569886764,2.1134998369152664,0.027240458569885537,0.9360416748524636,0.1553688579509862,0.7998721877653326,0.3820333590407774,0.4775959441573186,0.46780874246288806,1.1672397389836662,0.030914011372785,0.03185590553363752,1.4540800628316959,0.4717964962581384,1.4314382366473324,0.5997156426673709,1.2954838982192387,0.1551972588253647,1.1042619851422804,0.18331690708889023,0.02970931106066545,0.22879128117880532,0.11497498867109114,0.6419960292768392,0.06872721491864114,0.061094310181923656,0.06330513103925725,0.5574266909458885,0.0,0.0
0.0,234.82642097089624,289.57729871253986,101744.47170447506,7.500065252798198,180,1.2850633316029416,0.6106834386371285,0.09419872572559308,0.032242541794184156,0.34496286950614913,0.0,0.0,1.0558004150135458,0.15550970528763752,0.8374421619295809,0.373064901694995,0.0829982035778665,0.031088697681584888,0.08237402201594755,2.3710733182016037,0.02971392644378744,0.9116149995583086,0.1557378082186807,0.8002737508861464,0.3565799320293243,0.4929530295176806,0.45372189354692644,1.1184025036985368,0.03067141959280383,0.03144904382367688,1.581060881501641,0.4613524060577912,1.3621784981134166,0.6994810460444318,1.4543110282240197,0.15558617315656625,1.1075752622407005,0.1805244590217893,0.03225311508966017,0.2629343545788395,0.11214920694623877,0.5953636209725376,0.07140228753413565,0.0715312510006975,0.06599958941050064,0.5840856112950316,0.0,0.0
0.0,265.34506547574284,296.2814072501612,102195.14154714673,5.124757642888602,180,1.3442268449948283,0.6043627939601096,0.09202273652350405,0.03313579001934735,0.32673325079083454,0.0,0.0,1.1092311748993977,0.15530731951343174,0.8338663906193744,0.34801638562989434,0.08521278996723222,0.0340437859511682,0.09141835624761602,2.3727305367167015,0.030050717973846522,1.02969848178631,0.15544440350156027,0.7989781005902876,0.3556104628819673,0.45372647747670913,0.4656183255452861,1.3713186758835398,0.03059137656206809,0.03237538040525709,1.5888940466457104,0.46698971840264447,1.4128837677068387,0.6329882896307413,1.3840015731662128,0.155019208833154,1.1039995085151209,0.1779279186749383,0.030545554742277985,0.24757276304457612,0.11465620071468573,0.5476287534416716,0.06010389884609395,0.07018140921495353,0.06450722420384682,0.5884154736923054,0.0,0.0
0.0,165.46081906167424,286.5061878951808,101514.38977131045,7.8782245979887975,180,1.3543433835583194,0.6067520566635208,0.08956272368421903,0.03282602767913297,0.30902676062883727,0.0,0.0,1.108161885218587,0.15540456572190212,0.8341628413070215,0.3618247341526455,0.08652235992079561,0.028775255151324355,0.08920256534882193,2.551396532306162,0.03140042947780144,1.0122872355981836,0.15510528654862446,0.7978288395422966,0.3960132296862446,0.46587651757040943,0.44507999386617225,1.2313041825183844,0.03420760843567713,0.03179208271575235,1.5798518539493012,0.44767893743486664,1.3037563194985544,0.6070607514947476,1.3933362700692362,0.15562800098841098,1.103116095476561,0.19291044734523372,0.030795325376924514,0.25398188654412673,0.1122438898644026,0.6392526844001729,0.07193602301115751,0.06963035624980995,0.07489424305071624,0.619477296263237,0.0,0.0
0.0,352.1857429985076,296.89337022616064,101425.18382704067,5.7484842215504575,180,1.4200515749680018,0.6116763668418146,0.08771075145450476,0.034775571429974124,0.3058536648287467,0.0,0.0,1.1089629760436537,0.15525985833167058,0.8435330333977802,0.32323802664836615,0.09152133205574102,0.03218617291862019,0.09544954914898476,2.25968481149285,0.03055451140938863,0.9371626530918726,0.15547549682192155,0.7989881859960966,0.3628005457032764,0.46387489547658417,0.47036818201985475,1.3826788733714592,0.032050195537187055,0.03146633006723441,1.4330045831236324,0.39967170653598977,1.3075157846472298,0.5881288830600185,1.4238619085715845,0.15490746101528427,1.1004657113211322,0.16620253671821344,0.0302176457888126,0.26080161754633685,0.11883333108757865,0.6400068037706715,0.06853177084588148,0.06840361281132537,0.06897788790866428,0.5840065864839542,0.0,0.0
0.0,268.21702369633607,287.9466759656847,100150.35310047153,6.187453820692528,180,1.3312644186605047,0.6066120009791409,0.09770738495454363,0.033837047231445046,0.29313032710435666,0.0,0.0,1.053838683826929,0.15501031068827012,0.837953425337034,0.3721065669990703,0.09109718509575475,0.03255598114830484,0.07872567086628426,2.1047363486274433,0.031029672632663895,1.035616882805537,0.1556119787014705,0.7996534635233195,0.35180257026387857,0.46069151958014287,0.507440502952931,1.5105211698370407,0.03131920502973228,0.032658085699390695,1.5549644635807318,0.44079381716764837,1.2919816922822027,0.5895456857800981,1.2822706881362513,0.1551359791684876,1.1052226633494378,0.18225134427721304,0.032978290466209335,0.24672970180854478,0.11472838369290599,0.6150404065362627,0.06843135264234491,0.06746343970779022,0.060911840681544344,0.6219419579062275,0.0,0.0
0.0,190.30137847057813,288.21931571515864,101523.44684497769,8.266937057744679,180,1.40778324873472,0.6078628499216437,0.0935426823917646,0.03309171132761482,0.2988694149403158,0.0,0.0,0.9915393432456973,0.15507380154233863,0.8400998383541214,0.3672074502217668,0.09289237238258362,0.029424998323290194,0.07791740596010452,2.2902371553381644,0.03050145715382367,0.9511337872430915,0.15522052215257767,0.7952831946859803,0.36784587132283814,0.4589353151109852,0.480868548065228,1.3653431516372643,0.031007913548635094,0.0326641014212459,1.4637106315328172,0.4142352935489623,1.225529055895322,0.6656708445949572,1.2065503234043289,0.15573712793804573,1.1059544403694819,0.178926626192675,0.03161007838049394,0.25771385571592825,0.11776455668566252,0.612013659578732,0.06434794503918137,0.06654077205149975,0.06999546576434708,0.5878942596767305,0.0,0.0
0.0,140.12462739847916,295.0353906830258,101657.94119821538,7.418656964027324,180,1.3931626517918991,0.6077533776376255,0.09539009818894924,0.035615815185890694,0.31842322489107194,0.0,0.0,0.9973807006895873,0.15540493084380602,0.8409194234064892,0.42472514143598267,0.09343483125955708,0.029158309752868528,0.09255845320275652,2.7136118228079273,0.02973792831478641,0.9183791903121329,0.1555527228067821,0.7982942444479734,0.3875979030685513,0.48543970627026545,0.4336622367665042,1.2861679263509014,0.03238104967155791,0.03173748452146321,1.4773420424774895,0.4909365956241949,1.382736811930665,0.6208641998004948,1.4456666852544493,0.1555209483787745,1.106059548056721,0.17927756613354223,0.030546307739769994,0.23755483146050865,0.1109226794836972,0.6614958399151473,0.07087859050919856,0.06506849776113098,0.0668443734165954,0.6563565299316332,0.0,0.0
0.0,134.49014920364306,292.4592259638313,101160.81702834039,7.904683146502243,180,1.4159627446039749,0.6100662763650132,0.09192783816270823,0.032128629287631556,0.30222793233538975,0.0,0.0,1.0079899806212151,0.15598718562055086,0.839563252488486,0.3875975088254697,0.08264368699481275,0.030837097937488903,0.09028684197011153,1.8799759355940988,0.033542898398505674,0.919037842546581,0.15578004996914457,0.797282971696532,0.3557092790979534,0.48815992452820933,0.46126484324605466,1.391027856405413,0.03119900762291035,0.03268289471960314,1.5149335885816329,0.43958451365047074,1.4537325408354231,0.5648358666482691,1.303336727935509,0.15532947804899744,1.1031150544779527,0.17014595023444812,0.03246335676644187,0.24554501012546617,0.11623250501023712,0.583201953578603,0.0694643296382737,0.06689708707907295,0.06340279981800268,0.6070841867731367,0.0,0.0
0.0,141.81431846105716,298.52056931579637,101738.29656822539,5.913309386022394,180,1.3514774530967706,0.6082454135131725,0.08343856547028553,0.03085592864026788,0.29036897019108737,0.0,0.0,1.0471991322418726,0.15533472134946957,0.839727151847131,0.36973498415359396,0.0949861288156882,0.03287029821597976,0.09057974523075894,2.434592879855792,0.029243311290519314,1.1121221012405358,0.15581857342174213,0.803634164383978,0.3972502449069834,0.4674815259714209,0.4915655430596988,1.471960444979969,0.03246956562647526,0.030732643263727804,1.5262702060690576,0.46608248628454635,1.3263490113711582,0.6790536378701785,1.3723464585881424,0.15554819574785006,1.1075838763357702,0.1848971009566457,0.030524698247171494,0.22182917339150848,0.11080289114626374,0.6534023615910071,0.06231373663692897,0.0755913041542482,0.06359018864414458,0.6399861097396471,0.0,0.0
0.0,330.6162636470217,299.72094548075927,101334.07127898787,8.892937023475579,180,1.3057027110739494,0.6097574972512851,0.0913295168339465,0.031116091266470032,0.29806621921471416,0.0,0.0,1.035012478845927,0.15577305963275892,0.8371088416640378,0.3673780104299319,0.09057069902301922,0.03108737532664892,0.09298343809895528,2.394615898936679,0.032111472679018954,1.0138889957319572,0.1554760564835737,0.8001046408495618,0.3452902463705172,0.4550632012068471,0.43932344787732935,1.1583530480518898,0.032477525033499446,0.03271815232702313,1.4129654598328723,0.4737434928903406,1.3575524054461774,0.6377152481360523,1.4357078843849111,0.1554762028774444,1.1046382016261629,0.1641869360512397,0.03160671283019898,0.25577019028766934,0.11864643698717178,0.6290528516566042,0.06910036059883283,0.07139768707698069,0.06826818846665755,0.6636587555807475,0.0,0.0
0.0,75.8097716727296,293.1031800264957,101579.11861731252,7.002804673994891,180,1.315752239197159,0.6090959376552788,0.08286168897018667,0.03121764593977889,0.307934115423753,0.0,0.0,0.9840785313276519,0.155390959294358,0.8407671871978983,0.3826264886048558,0.09244829797057047,0.03235282683270474,0.08577856921699319,2.292028589910511,0.03103086413392517,0.9890374146218522,0.15552917354315357,0.8030871861654406,0.35482084091236227,0.4584221564149514,0.4761690756298528,1.2465093615067766,0.03228121488922938,0.029966726265351587,1.5353852623039024,0.49988303175108306,1.4216928538803693,0.6206001883083854,1.300903359802333,0.15570010569880005,1.1055743184360975,0.15951337776070126,0.030897547303765795,0.2544769839896855,0.11341476011432916,0.5991984618327215,0.06425911029881723,0.062856166787249,0.06809620703307956,0.6539324011815654,0.0,0.0
0.0,60.9912314692339,296.78372730718644,101347.17552328149,6.179238960299203,180,1.360142956352587,0.6125736242650658,0.08839425495559315,0.03208324768974521,0.2899797425125683,0.0,0.0,0.976189859826167,0.15550175161936952,0.8381389192758156,0.370153181748291,0.08773520607261971,0.032766438245690865,0.09328181083080743,2.204048902618496,0.033885922567347036,1.0105935204109768,0.15516791345896502,0.8031513116327836,0.390241203151057,0.46624747421417156,0.4803017042012752,1.22253157749803,0.0312038242703698,0.034266759508551306,1.576862577552793,0.46524711823524956,1.3907356805244333,0.6221079595957041,1.2138123363346416,0.15563434357470315,1.105842656560218,0.18427738123432663,0.030474290679001047,0.24266976930014272,0.1054245883593905,0.5878722272155528,0.06711805303877852,0.07326456453330966,0.07142258844603964,0.6418822291716297,0.0,0.0
0.0,266.557734496963,289.46550948067835,101557.10045903454,6.422030722906751,180,1.389917223747335,0.6135850554971565,0.08922321358356697,0.0321221484029719,0.2744256516742906,0.0,0.0,1.0305873219822201,0.15591332825636012,0.8362231323218082,0.3305856001584069,0.08674241683908096,0.031821284259988154,0.09629527920723688,1.7563117243216946,0.029569761312093414,1.0754203471903823,0.15509471973984573,0.7980108612977959,0.3487563703419331,0.46748414264909255,0.4801460833214753,1.1582662759378075,0.0316088865148303,0.0312731983606884,1.5825454516965158,0.4170367895802663,1.3437414147350404,0.6349350349956177,1.3933317482000864,0.1551851462914534,1.1063159443798554,0.1697066641813651,0.03221836906699625,0.21850817375070938,0.1109797926594095,0.547245383410871,0.06436471675249114,0.06613437020309339,0.07024126902440439,0.5999137493132796,0.0,0.0
0.0,141.7140568785542,301.2384300024732,101248.83978166078,7.587016306356472,180,1.3806078486987923,0.6119111279591638,0.0907303527482369,0.029675720778873312,0.30448232178018253,0.0,0.0,1.0026523645886087,0.15515448055915076,0.8373886413565562,0.3432843003586809,0.08474798359915504,0.03174419905650247,0.09784910857024541,2.035871304114912,0.031116445183136648,1.011629965467002,0.15573919869019584,0.8013975079395002,0.3976470884563785,0.4373488715697249,0.4982712753766229,1.3540682377392814,0.03371844807882718,0.03220874471219981,1.582018899335147,0.434511278769877,1.4132340315862713,0.6455480505127213,1.4491031712384628,0.1557563568222144,1.1058780492486433,0.1820197687645401,0.0315834110400633,0.23295037390895512,0.09909234682999508,0.6738322396073536,0.06563687612871115,0.0671784771092084,0.0688594124064533,0.6597547829744806,0.0,0.0
0.0,324.19454282798006,297.25180945957845,101456.93783945701,5.102239998010665,180,1.3253687156320368,0.6087962450309923,0.08734860042382761,0.031170735334170207,0.28147556497258924,0.0,0.0,1.0061364602381,0.15525185544840248,0.8362139378101469,0.35853206482230826,0.084392954330733,0.030829152404348727,0.09285824078490727,2.319322406143906,0.03261748159521248,0.9816228325153223,0.15565871262764155,0.8016902358878049,0.3715921536021857,0.5163057810075404,0.4716705917602327,1.1467836891162226,0.034216822637006046,0.029815742821883685,1.5644789362649638,0.46164149738883326,1.3751143772373207,0.6098629878322641,1.366424780524495,0.1553224725213703,1.1033066907551643,0.18096504878854808,0.029471952491299427,0.22840403881512275,0.11481568789746022,0.6637989635890892,0.06991908302315471,0.06187495793914752,0.07112328314754042,0.6433173658490554,0.0,0.0
0.0,120.5848075157491,289.8909704339365,102389.91262704847,5.536249506619837,180,1.4550417806282268,0.6101924510206992,0.08634414275530773,0.030886318138917415,0.2780428077521982,0.0,0.0,1.0500322869068381,0.15529010706227636,0.8381174435929861,0.3474906736500157,0.08880996010176458,0.034402404033817155,0.09567162695720541,2.354398380710333,0.031351179333177485,1.0254292072085796,0.15559438504632653,0.8047020705422173,0.35512053887218786,0.47683938807718346,0.4518790680573292,1.2485970359894123,0.03185034277349004,0.03258014142349819,1.5175142984819754,0.4128385702353285,1.3457883942192084,0.6099438668644404,1.3501201734416841,0.15583671486225698,1.1036107796426897,0.19176775476334726,0.030627180102170876,0.24864867871542684,0.11059365040772827,0.6574524845389933,0.06555124028295903,0.0672288205571828,0.06374416922258704,0.6667017752744538,0.0,0.0
0.0,31.819517615544726,290.95019713159974,100970.14887453172,8.526506272056013,180,1.260656332589543,0.6089783036417232,0.08881471072625459,0.03339705939828591,0.2817721471109303,0.0,0.0,1.076121284653121,0.15550882770216667,0.8375361306759299,0.3688959669846231,0.08860067718146324,0.030770663091917366,0.08888822978412839,2.2957687943208342,0.03156557962113633,1.0091213259218423,0.15577509394428862,0.800355834914937,0.35830221296435716,0.46399638140071814,0.45125830593847066,1.6484314877816106,0.03192442094453766,0.03265927466407373,1.5999594161748911,0.48163116830967256,1.3397996950376239,0.6244112798585622,1.2533501497079393,0.15533871216579603,1.107578031090177,0.17506061105725657,0.03447538267732024,0.21062959697466796,0.10929010765530853,0.6048375954484195,0.06583016474772954,0.06705940539331183,0.06426556843701528,0.650023013146268,0.0,0.0
0.0,24.92478824840456,283.4931483759201,100928.25648287436,6.280454908505284,180,1.3748730372456357,0.6099832052208296,0.07811477014887926,0.034776496441336215,0.30920115205426585,0.0,0.0,0.9273499174536719,0.15506126640133075,0.8385879223248971,0.34098916039875055,0.09353488832023514,0.03364065263873514,0.0897415644029617,2.3033813552011297,0.03055634700262148,0.9478449687945192,0.15555846295192752,0.798843675690697,0.37699645298245643,0.435410727261288,0.47293492419429184,1.4321553086401597,0.031512765200348854,0.03044607808786117,1.6981636636875193,0.4483941301535762,1.344652347131107,0.6694467799513861,1.3457051445835966,0.1553514192487743,1.1081121539588308,0.187548732719589,0.0320436136223358,0.2507080365578812,0.10264529308195566,0.5949781375917541,0.06820773376432086,0.07231989042808393,0.06669136537124835,0.6150914339425471,0.0,0.0
0.0,131.07692388823082,294.31026975614583,102137.32526050064,8.693991405636059,180,1.3259282175106302,0.6112260646645248,0.09252937677838612,0.029256527842910086,0.2940787490483196,0.0,0.0,1.0832966835919235,0.15558631422682578,0.8411531200543736,0.35723211817637457,0.0846646245191772,0.0313304635963008,0.08675532951764242,2.065061841471148,0.029866261417948164,0.8509971023029967,0.1554040258064887,0.8001354234303818,0.34710846034449927,0.49776305469470056,0.47188975467298006,1.4104916011913242,0.03255812083004848,0.03447873554608642,1.5808444177247793,0.46246604023222654,1.3782589569160348,0.6095818265429617,1.4456551490639757,0.1557724632249917,1.111640974683765,0.16662465370174664,0.0306998570344044,0.2302104048551767,0.11135415393106111,0.6239386448276706,0.07365728590653323,0.06299949135067065,0.05734823261894281,0.5855853748224058,0.0,0.0
0.0,304.67604649985526,298.0944139146848,101426.43986665556,8.68074481989926,180,1.2275822879989493,0.6119554275701387,0.08850138336803101,0.03147395333014347,0.2921786553766982,0.0,0.0,1.0849649793801917,0.15537882194668762,0.8415803534954004,0.3805292725658209,0.09256020615913586,0.03111693865603238,0.09082405405239347,2.133303341850346,0.031046478536519494,1.0035175978110207,0.15506790109948707,0.802581819677573,0.36667447830241295,0.45680279910618043,0.46416156096337235,1.5338497319274944,0.034795931193714616,0.03160299032287887,1.6736330515110318,0.47593453739735003,1.3262705973621833,0.6182147784895664,1.3733628140639753,0.15546397336831427,1.1053838094090878,0.18829515513696085,0.03277803395266179,0.2420145356436529,0.11578997484506853,0.6572684379619995,0.06214830203387743,0.07101216078599358,0.06529305159563412,0.6523317992780197,0.0,0.0
0.0,265.9315047280375,297.054764450086,101046.76571205065,9.938739060045025,180,1.4273529686254984,0.6112545464836489,0.0835329978586123,0.03215145464879985,0.2922342600822532,0.0,0.0,1.139986820688822,0.15599427643714006,0.8371563258540207,0.3665410032425803,0.0886521476608377,0.03040821820896458,0.08728379378731818,2.4317452138416007,0.0313710167550208,0.9315801762953506,0.15517844642554002,0.7980298335035535,0.35689328479438387,0.4927433436349661,0.4424951496800852,1.2651313993515236,0.03353012005675167,0.030459753273580338,1.5174584729755776,0.45072578295901655,1.4033555790833152,0.5882697056751248,1.3482874332956412,0.15549722351505457,1.1086816357190648,0.18154221566047485,0.030138712562668077,0.25482585070641434,0.10313756698925362,0.6177641969185707,0.07058894632726603,0.062439975010763406,0.06441980581190085,0.6329082245936994,0.0,0.0
0.0,159.0705149912422,291.40389097005277,101405.37327865665,5.237058764368935,180,1.3891115920686063,0.60718957089871,0.09071360307475955,0.03178526446164361,0.3208036306586386,0.0,0.0,0.9467511731310259,0.15556195536713094,0.8393362346054214,0.36182379976694773,0.08535107421383503,0.03440212874863433,0.09357345756923585,2.4360404260953343,0.031280749756007496,0.9718835461142199,0.15585769312004205,0.8037690550792506,0.33539596961844653,0.49756832017022845,0.4605730634050857,1.3297043430222741,0.03018670779991309,0.03156031479399283,1.608473700553534,0.44343041476884065,1.367463342440995,0.6051922870362104,1.293909598557333,0.1552506541501693,1.107655075943684,0.18271949073281005,0.0338423716759702,0.23108331036451027,0.11622226287994984,0.6478002981579033,0.06782983036509363,0.06280769740683016,0.06060832597560439,0.6372113459541809,0.0,0.0
0.0,123.79312765822532,290.8777192341273,101247.35163330812,6.47005312527912,180,1.29398964143585,0.6072041135973159,0.0852728447215519,0.030458599740995268,0.292335266732412,0.0,0.0,1.013468205121382,0.15536181195431156,0.8418509868772358,0.3558782057251825,0.08630188449176432,0.03228344004655428,0.09476834083059713,2.603767757029894,0.03182918957352316,0.9576006465321846,0.15549283365087851,0.8031912311458625,0.3862500252264038,0.4422495348042335,0.4621480201634334,1.4688303596453391,0.03478977807055963,0.0314038845404112,1.6318106032765956,0.44157230753651366,1.3057376173932276,0.6328129608795057,1.2676527897094474,0.15524363122347978,1.1055674362944763,0.1853069648168125,0.03346266270803372,0.23623058098267302,0.11847946039128032,0.5990437733273768,0.06948298264961586,0.06954047850401078,0.06570997524903735,0.5749915438398736,0.0,0.0
0.0,35.249076959379735,284.40690490898936,100466.43269584024,8.737440716245182,180,1.4338880042779332,0.6071047442762875,0.08517369836012252,0.030370303066037222,0.3067258588474433,0.0,0.0,0.9461465318677436,0.1553786373813701,0.836689761905049,0.3444808278060747,0.10210756743468578,0.031369110054044004,0.08811641778397426,2.159817362944684,0.03288278430400599,1.0042003849579553,0.15568213592391036,0.8009764375218974,0.3558061807468562,0.46584738181692015,0.4640079570118641,1.558729787811538,0.030799962435342946,0.029364904253435107,1.452266061023092,0.47828157496094775,1.4226537145515399,0.615265445249883,1.392460174746026,0.15575264697585667,1.104069578562298,0.17166887630955194,0.03355794937485515,0.24020385708447697,0.12235577591698753,0.6301755526801988,0.0684137938537861,0.06898217133673785,0.0690158434321252,0.5297108031567503,0.0,0.0
0.0,91.1374252175521,296.2355267165551,101507.5183265905,6.1491883017586115,180,1.2902985399268614,0.6065967725633987,0.09395940622433496,0.03159312148682485,0.2983154803060246,0.0,0.0,1.07324596345127,0.15508024298368264,0.8398282653639702,0.33790692622803825,0.0835713830868781,0.03270084812456134,0.08964678483533589,2.26253273900533,0.03173770591377499,0.9828077049573689,0.15552459185103007,0.8024777139922029,0.38017562570932256,0.4564026260410972,0.4411229522218997,1.2097716998117163,0.03050171884356467,0.03251007718161692,1.5577545336058807,0.4157331811292193,1.3436190418226726,0.5989781185339081,1.3600432842510592,0.15537385484365723,1.1032065873185162,0.1823818913737349,0.03208308538492978,0.24098512115296475,0.09648098034806478,0.5972556038273724,0.07089051215358451,0.06714890469219989,0.06780785308061037,0.5834146925588461,0.0,0.0
0.0,3.945249515119471,292.2907986700206,100685.49547104788,5.579105150813763,180,1.3050578733159068,0.6093497666561402,0.09389199066994437,0.030269246141039714,0.30902207293145845,0.0,0.0,1.0788853703971075,0.15584069163956352,0.8404639456490728,0.4179170286130855,0.09111498630170958,0.030254510833147997,0.09704669646991118,2.1053201427029937,0.031137462033375033,0.9191516529792741,0.15553562188164063,0.7974469448211969,0.3928223310404128,0.4360219130212267,0.48181646370998027,1.328053010904618,0.034074646600467294,0.032074155410416735,1.5239131080728665,0.4473640542863045,1.2776667742660055,0.6148080200906935,1.4079484718087487,0.15553591611432677,1.1050638743716878,0.1631719650961857,0.03324281352352771,0.23368125081821564,0.11290845012100713,0.6478489461534401,0.06375080286683586,0.06611184549869312,0.0655673002787262,0.6538635295120396,0.0,0.0
0.0,212.84564004134762,299.7893736430542,101393.7292529698,9.948998500754618,180,1.327467977802694,0.6164314815732804,0.08772277371498406,0.03100723364442173,0.3290868534858362,0.0,0.0,1.0580047303618818,0.15511014974358348,0.837838552928253,0.3502521264284622,0.09182400696389403,0.030392226991185753,0.10240876423798158,2.1825387339712496,0.029276192681062373,0.9777576555063381,0.15511584670005563,0.7990502933577864,0.3765327506113623,0.46273505275479493,0.47372272113472547,1.2792402638709985,0.030101946519826017,0.03227417849260235,1.4927328422927335,0.41906174887040903,1.3629293976476398,0.6130513560680257,1.22906956907371,0.15560082444594042,1.1047974420315005,0.17857572247962886,0.03019610703656408,0.24143204451390976,0.1050199643696186,0.6116506320333418,0.06322517176913194,0.06648844571279493,0.0648668481075201,0.6244008419395441,0.0,0.0
0.0,6.551110985427839,286.60458695378486,101370.60877778003,5.050004836498886,180,1.4127650636008655,0.6063738640485132,0.09101974837697432,0.03297450913674291,0.2917582619930809,0.0,0.0,1.0460977755876675,0.15548791025021635,0.8426205241872441,0.3698244190695082,0.08901168266511957,0.031250007521189685,0.08932369547217718,2.033026493426002,0.033919198506689306,0.9149682509321087,0.1549933603043764,0.7980201915389736,0.36959805725818745,0.46470934258000784,0.4768883074230218,1.364242028275396,0.029375790069627376,0.03148830838457367,1.3992022304953466,0.45871333313446094,1.3566195809125743,0.6685141116743596,1.4093899026676635,0.15542768427532577,1.104394239036123,0.17905912602875929,0.031781251094906836,0.2062828087179161,0.10385230457063142,0.6440810041080358,0.07186679410932105,0.06787106131376314,0.06863690004925337,0.6005339902571493,0.0,0.0
0.0,7.670149167919784,287.2741945662362,101658.75703931393,7.070365991723807,180,1.4008250966303057,0.6070987758239994,0.08889167937174637,0.03276689975646313,0.3155698133683448,0.0,0.0,1.0602538188161055,0.1553094809721517,0.83833629442803,0.3451689874964251,0.08507639946257109,0.03478051936764448,0.0914768310197985,1.917806533053931,0.03381547679466241,0.9724752025945491,0.15554183488606158,0.7982040414944005,0.3739573950683977,0.46776740663061317,0.4745100090028383,1.388489817908156,0.03220257561033997,0.03328290838969937,1.4053743789183957,0.41577512398682814,1.2762440484343276,0.613429941078269,1.4266737534770022,0.1556589270903605,1.1037374166149636,0.17794439816931867,0.029853681004876315,0.24205138391653402,0.10609821348040645,0.6550420168247796,0.06742797703795178,0.0653849187426873,0.07136396598913276,0.6383358999690718,0.0,0.0
0.0,154.25075702042272,286.5226161852794,101802.45724502952,7.031085803675635,180,1.3924466678905223,0.6127612688484781,0.08670507216980329,0.031102985054075986,0.34314983705932833,0.0,0.0,1.0352266611503622,0.15568448834241283,0.835556607215546,0.36621929282697213,0.09010129732894775,0.03482138733211027,0.09368553264814948,2.642306694624493,0.03234951106204089,0.9176797573817788,0.1550411040110861,0.8013435665284114,0.3920479169404,0.44289253229502423,0.45293666427529516,1.2440665577803292,0.03393609036272546,0.03283942474022566,1.678071806033072,0.4483221987660206,1.386453631620191,0.5530510719172228,1.3946712187770642,0.15571043622575795,1.100473904324176,0.19031686161376338,0.03246467052798377,0.2536689612089576,0.10504563624975467,0.6329429734063337,0.0703189590281782,0.06536608445155488,0.06910854310213696,0.5781890353242255,0.0,0.0
0.0,145.56861290403984,283.14774376062854,102174.48664359009,9.544626787478334,180,1.3731294419571913,0.6125215126570615,0.08833716186122788,0.033798771191847,0.2942718509304201,0.0,0.0,1.0110432098003734,0.15577571101672835,0.8383663369772822,0.3387785898249193,0.08667716320682231,0.02966712477489098,0.08591206093493893,2.37126285103344,0.03115099161895067,0.949214066907145,0.1558721161960008,0.803699619687208,0.3780365056187026,0.44367221957034675,0.47518951352842276,1.2249134561667319,0.03049659146224253,0.030121532246826028,1.5649191902155526,0.48234041112938225,1.3857735208583466,0.6140221122288082,1.2657057032163732,0.15528459022363456,1.1029334573169314,0.17546253865697506,0.029942811681299798,0.25067158937202033,0.11230408236052604,0.6269526780724994,0.0727517381784375,0.06131053033510775,0.06698899945990286,0.6668273170410491,0.0,0.0
0.0,131.64518837895247,283.8038206885282,101281.19918251563,9.739117917244677,180,1.39277936825989,0.6110201980568847,0.09025395808137819,0.03330581736937751,0.2824574787325995,0.0,0.0,1.0131062285077173,0.15547566770900254,0.837381922456077,0.31331803298742794,0.09726426739979907,0.030196159271175846,0.08991051652123314,2.369588446552638,0.034710730683875514,1.0260330244254465,0.15540778897726662,0.8017370353299146,0.3393571405273335,0.45335113141020444,0.45749895708725136,1.3725132490244787,0.03247727764133046,0.03296128902541854,1.6013768685612144,0.42472400458836285,1.3161413006577283,0.601206294416961,1.347466089018788,0.15550093134408915,1.1060172994659805,0.19093683896850064,0.03345306944222863,0.25406370225170694,0.1158342047135398,0.6304574740186324,0.06687238393097254,0.07121123729551758,0.06586420876095408,0.6205470032435175,0.0,0.0
0.0,227.16366499325616,283.59880920563234,101044.0295586235,7.290281175197209,180,1.4051756914505735,0.608965646557068,0.10217149447269369,0.03384313113342469,0.3208807024004291,0.0,0.0,1.0004704500494912,0.1555979734539566,0.8368164384487006,0.364965365208889,0.08970069510401997,0.03071852580009452,0.09138980911013107,2.498472527565972,0.03373741437997725,1.069601099199955,0.1554076491756301,0.8037312012775459,0.3588095047246969,0.44853109814225445,0.41346226147244486,1.4807303824293458,0.031020185836709655,0.031542800720744425,1.485303060122002,0.4715625138963998,1.2374658622033776,0.6180845981026989,1.3714622404868413,0.15550116590368188,1.100577649463401,0.1809193007109576,0.03327109479212594,0.24805214772628478,0.11368121846267394,0.6277015155380408,0.06395456363937077,0.06758588660497877,0.06534137046538792,0.6447086734688057,0.0,0.0
0.0,270.19055384628973,298.842248751791,101742.05355426493,5.381679449150363,180,1.3657943256767002,0.6075651666555767,0.09623685529087353,0.030989974124707453,0.3156825270758621,0.0,0.0,1.1194178664395924,0.15550286513392544,0.8363950634547154,0.3489317076974889,0.08931869260746154,0.03373421569051098,0.08867529853225542,2.003057420807035,0.030322281866084044,1.066136800426793,0.15516306378675515,0.799296162185413,0.38403432318513386,0.5059833439274254,0.4766816920884647,1.185013665053224,0.032714321373676324,0.03201226408568051,1.3968710084844953,0.3993152788071208,1.3975666201089747,0.6332468243053054,1.2734401359789993,0.15542274926555064,1.0991292940138024,0.18362023149433093,0.034936758588600764,0.22108614019235995,0.11661029871602713,0.637814466147838,0.066779744802802,0.06861824349454758,0.0672180844580236,0.5849560749317336,0.0,0.0
0.0,142.78079338696466,292.9292036708105,100661.19225521907,8.433439588974883,180,1.3387551726895333,0.6086639690713523,0.08557285809938449,0.02932700688878341,0.3194586253469843,0.0,0.0,1.0301818162085348,0.15557472537978212,0.8390963632876445,0.3863989355069686,0.09309432867574986,0.029721518079187437,0.08860207974627995,2.1706489610275392,0.03088527898059797,0.9181054957292293,0.15541126788120044,0.797885016066822,0.3675737739854574,0.46329858819146064,0.4753912802310826,1.3602902523387166,0.03111451324604548,0.03080780567649217,1.5555016617393926,0.4458069110064951,1.3460765033411806,0.6609143700731209,1.388442943901624,0.15544628484727194,1.0998009225580383,0.17692307416268982,0.03368592844102342,0.24205130396658472,0.11892213196235507,0.6398526058302589,0.07334031364189485,0.06225111279388581,0.06541276484396848,0.6084268870022114,0.0,0.0
0.0,8.984021247881518,288.00948342984907,101085.08418961203,6.546913583797984,180,1.373801169876538,0.6089788625691217,0.08850137040219573,0.03042927922935091,0.3376485274586893,0.0,0.0,1.1170161078242369,0.155733093138935,0.8401213713137912,0.3731024143201669,0.09169092477846198,0.03553677872346517,0.08670062362808563,2.2989257286130047,0.03474682336601872,1.0012634226053228,0.15522713504669086,0.7971630453442582,0.3692162383362732,0.510304931857181,0.45804088775837304,1.0968602171769195,0.028789938539917966,0.03329544227554035,1.6322486024777298,0.4720930477109642,1.4106440961353623,0.6495647132217561,1.4457214303443016,0.15551276352081836,1.1025297488832282,0.17920423793669488,0.030219485740451597,0.2538443537041662,0.12248912412765649,0.569225165851361,0.06485191403802226,0.0656117715320612,0.06182805562274735,0.5949057106377033,0.0,0.0
0.0,133.12039019210934,291.27588949391645,101164.53192659075,7.125526950822401,180,1.298299360319255,0.612303165105289,0.08986594132414061,0.03538294976836198,0.3207096424027242,0.0,0.0,0.9761604359253827,0.15522335783295932,0.8398294016087702,0.3404703530304997,0.09304867076744282,0.03197938123163125,0.08978700855715294,2.086680158422431,0.030778298131412696,1.037114584908235,0.1556906540549845,0.7992132808985261,0.37825568572165974,0.4689306618918701,0.46730224991909486,1.3123404417623705,0.029968535374641003,0.03294564270781904,1.5837970582411058,0.4840834129887313,1.3587625563419141,0.5857476385604662,1.2620202563609124,0.15521958569915528,1.10425390483555,0.16897352339449376,0.030065113583142584,0.22439531738234678,0.10557746551480343,0.6111910204298602,0.06314442855977044,0.06680984165339168,0.06639971638689464,0.6375241771042391,0.0,0.0
0.0,298.70962889338705,288.83490470477693,101045.47868452854,7.151485328575002,180,1.5047799236825106,0.6110848386835657,0.09033941291431012,0.03363314180707042,0.3039713195882975,0.0,0.0,0.9491967604278876,0.15564402641379024,0.8390469515781961,0.3630790637359919,0.08998387385450185,0.030946870716040027,0.09323597659073452,2.098647416152248,0.031034390554153617,1.0053823659895322,0.15517239274642644,0.8012108737162486,0.36488952445006756,0.4765904630097398,0.4777540591138133,1.4645705217051455,0.029317214389538958,0.0346814669769138,1.563984408020063,0.4526243467543887,1.3251580481290786,0.5681326489497722,1.3889639928740214,0.15537433624579272,1.1073096450208804,0.16463460204962277,0.03197542828627847,0.2604447408706239,0.10463246432839701,0.5690637601487029,0.06982939923685762,0.06856363141145798,0.07302669403612805,0.6387803747130523,0.0,0.0
0.0,77.22348948775331,289.6727689133205,101380.72678891719,8.248425142028365,180,1.287814109155054,0.6071868051120898,0.09472320381644932,0.029121242528900658,0.3086908616165418,0.0,0.0,1.077155606478753,0.1560702891564665,0.8401039951321292,0.3844104496170021,0.0997415656263286,0.029502109208428162,0.08351947477936343,2.4682546915359493,0.03054151586987501,1.0342237415702595,0.15512136940948773,0.797718783661697,0.39641645100661593,0.5269924355524814,0.4508967444526257,1.3271247265602968,0.032867369992157454,0.031779367609390485,1.5311221282906085,0.4660751496810513,1.271724840643488,0.607035890282978,1.249569484860993,0.1551490342484727,1.1034496260973434,0.18655475328859222,0.03283528588835528,0.23112574117747345,0.09950073025346111,0.5887338562635472,0.0680248886931278,0.0672823192717127,0.06463342175669576,0.574214284130713,0.0,0.0
0.0,91.63407092178628,284.92773493749144,101961.21315738591,5.919952628097913,180,1.3919635445945395,0.6087871655238927,0.079779951514317,0.0321105911353325,0.3021643624890266,0.0,0.0,0.991776967029006,0.15562162741425914,0.839809326077489,0.3842782191858278,0.09285860110302603,0.03343360455979533,0.08434537889996144,2.4346152818742395,0.031700289474238454,1.0180574004050795,0.155323851034003,0.7994637261755244,0.3647262136352013,0.4339444328149024,0.4728218840558698,1.4188873255421788,0.029727321911835473,0.031012460182315207,1.5545676855735802,0.4619362863451165,1.3863232653032793,0.6448067976714074,1.3725320613707532,0.15546906707684285,1.0995129166357211,0.16080483890188577,0.030426204754865488,0.22448076082182278,0.10762766975014565,0.6614217486530795,0.06785420941955983,0.07206725519444662,0.06367997037005188,0.6552514278385361,0.0,0.0
0.0,317.6798307440251,293.4139091258772,101044.23464388378,9.359600282609174,180,1.3684138737049574,0.6118973490956409,0.09239947376172283,0.034144165363132646,0.31587700155177534,0.0,0.0,1.0540160812046746,0.15539397010110328,0.8379808994158647,0.38999779897212344,0.08931996546029508,0.032866132082063564,0.09588299064175503,2.107312022725665,0.031067493684102797,0.943261144151755,0.1556472530576033,0.7965201832711388,0.3639220852171281,0.4487282204338181,0.4550291956840959,1.0230345286229305,0.031924225027565964,0.02851322298279018,1.492834373668493,0.4686144234407722,1.3686651533067438,0.6004077042890993,1.37837807426362,0.15575324872932123,1.1068016403314096,0.18969352781946125,0.02952719194879741,0.23443481848993303,0.11077284745669896,0.569991831793463,0.07018571082667664,0.06331061274820297,0.0714678752491321,0.6485144247202688,0.0,0.0
0.0,78.520814398507,292.1267684394646,101125.08537946582,5.9894228753314716,180,1.3619899600890015,0.6080443333608051,0.0810833664203442,0.03165339925444461,0.291621036317205,0.0,0.0,1.0665068657537016,0.15527306520570502,0.8422049335354956,0.36534332388159696,0.08816389540706769,0.031811234473741824,0.08950283205802997,1.9728731480210635,0.0343198780385938,1.0602506688668356,0.1548031596601391,0.8034061727079572,0.3499849334281418,0.4806236963880818,0.47403621497331455,1.3741324309101217,0.03200236790828873,0.030956913321052413,1.3629587931381268,0.4920116671636506,1.4268592683597061,0.6167299931325673,1.29107599270459,0.1556335238140854,1.1013101449001024,0.19366451724113024,0.03185264985474512,0.2142411679448455,0.11341802000963883,0.6798621164953526,0.07155980274489818,0.06837773283903924,0.06515416987704993,0.5823846535686583,0.0,0.0
0.0,142.10948519925495,299.24718727252247,100840.97650927235,6.831243168161484,180,1.2980711486233105,0.6070054564749718,0.08993305430893749,0.027971466761136373,0.313339140749195,0.0,0.0,1.0232615429337613,0.15598245591565646,0.8410123828812515,0.3684269623342567,0.09355155405020843,0.03389623024763622,0.08599662621570135,1.9459711984525538,0.03330432719089879,1.0258831323652235,0.1557550611347534,0.7998049453160045,0.3384047412058069,0.465764828098294,0.46793379340716307,1.3894585385393852,0.03299756797787618,0.0320268444584494,1.5023803501684556,0.4208835052671009,1.2928722790516955,0.6503267871097623,1.3952467581873762,0.1557823625646776,1.1032162192629251,0.1714474854452521,0.03333490224380821,0.23293207191462137,0.11011911417493152,0.600374610645471,0.07023829680094185,0.06294933070412913,0.07123656524206164,0.6237721781581695,0.0,0.0
0.0,191.26746477442614,298.697573675747,101047.6534088942,7.332242071195657,180,1.3157036507215096,0.608977202614735,0.09143142448524068,0.0325053647804099,0.3055445995158825,0.0,0.0,0.9869254113719895,0.15574663958009569,0.8358114343762799,0.33987730961557233,0.09228075438082757,0.032487846793934,0.08985833553939668,2.2389307175144375,0.030710163741399333,0.9930070876266949,0.1556380458763212,0.7997575865615094,0.3722081585572591,0.4647844437274727,0.4103729150550988,1.2917124346298872,0.0322808284768093,0.03239327955085085,1.4973236630098867,0.4642739221552028,1.3280028911390147,0.5758295374116911,1.3991204918198052,0.1551817262350889,1.1076399019969148,0.17341486363694883,0.03147630897559607,0.24249960135728474,0.11409273617004843,0.653313510682863,0.06291685939174867,0.06504962852895509,0.06462012039839148,0.6000876470726868,0.0,0.0
0.0,85.49264793475018,284.64424163574904,100617.07249734396,9.133756506474333,180,1.4063187627163847,0.6083456544624116,0.09128834025653368,0.029370059239017674,0.3036642935161193,0.0,0.0,1.1161376584342666,0.15540225152496842,0.838018803573645,0.3639743403539737,0.09105393157703395,0.029931617918725832,0.0885466672594896,2.595210148653799,0.03292113084230236,0.9975432908666217,0.15558816008602291,0.7973865671246835,0.345350818907721,0.44478299744205396,0.4927876634517177,1.3418421609263973,0.032677895989319736,0.03171287007914237,1.5173011760112336,0.42233844025304806,1.2605366852524535,0.5852988964287114,1.3319086742144457,0.1550351509565986,1.106420966407511,0.16939542587183315,0.0306777630524456,0.2287906500964342,0.10423732170196091,0.6471156168951507,0.059286800979299226,0.07209313066410786,0.06796974287785976,0.547006532112332,0.0,0.0
0.0,130.6690016925007,300.6805627034274,100875.67069824082,9.267901489849592,180,1.2837717085916716,0.6049722266087085,0.09192527679946344,0.033239816187354214,0.3067065631962786,0.0,0.0,1.0761677277208155,0.15552760205815092,0.8340405048251966,0.34731905455715517,0.08858774780517699,0.03245585815843506,0.09059985155819263,2.789482015270832,0.030863505392724904,1.073495149092322,0.15599482257684164,0.8006888326582785,0.3453603960970216,0.5096077422366413,0.5243653510498145,1.3881301447521557,0.032805980837974834,0.030614676284209146,1.49875473071711,0.42992119559014585,1.4525264392493953,0.6121550748109206,1.3866636673616397,0.1557972541786778,1.1043682002298782,0.17319132816578603,0.03180528875841245,0.22113145561887262,0.11394811844165753,0.6369324945060431,0.06611982961751828,0.07274866676333323,0.07421228910910709,0.6499465216553699,0.0,0.0
0.0,165.03202741653735,284.5581482084562,101532.56136202294,9.88727014870379,180,1.3195869054705016,0.6066803256626541,0.09794578364951127,0.029262158847558783,0.2989218018548866,0.0,0.0,1.018992604561677,0.15549973917225826,0.8400239601954846,0.36839653985735943,0.09095430364304058,0.032971728820085866,0.09691880517641356,2.1733515067098303,0.030583782322613745,0.9842675349826185,0.15558809454085973,0.8039020272183862,0.3486706328121634,0.46678652790418396,0.454208038652967,1.4128918861536126,0.03213861072233929,0.02927045389640745,1.5480079484717855,0.4743936504297529,1.2950790246692243,0.6238745152049677,1.3900090833494538,0.15555840483592742,1.1057820511262904,0.16630491609821643,0.03161309492603049,0.2399789497640726,0.1050988678453377,0.6208158150464681,0.06469414343879071,0.07923303200040321,0.06508982623176571,0.6244650595469513,0.0,0.0
0.0,17.02125756583186,288.0602378444081,100779.16510326933,7.090042322193433,180,1.3460071096830508,0.6046673972465816,0.08992877941413273,0.03200826609882953,0.3062580868690632,0.0,0.0,1.0372539596650145,0.15519319493114378,0.8414257620004442,0.3295533669223156,0.09435642073889886,0.03229030461718948,0.09025869498533795,2.197016961993175,0.0298530766799146,0.9823254031980424,0.15528063684103302,0.8018754091532749,0.3772970711712446,0.4911686433815823,0.4904709122186542,1.3644638040818375,0.032124836029696395,0.030906010630748274,1.5021446331573196,0.4390496514926886,1.302812509328309,0.6046041110539498,1.3815285562202213,0.1550248755180482,1.1034466814545445,0.1673805462082521,0.03154046702860112,0.24512585944737206,0.10688534640404117,0.638072475835957,0.07371437018564259,0.06537276920915851,0.06348433307673083,0.5904845530760939,0.0,0.0
0.0,202.11743467885987,294.25780649746787,101331.42510983582,5.939112549586042,180,1.3508862308554757,0.6114790707912828,0.09165254459232244,0.03339362568645985,0.34464587719247614,0.0,0.0,1.0261884068815423,0.15571827192265003,0.8351668596557148,0.34444017703310054,0.09353110072931584,0.031111042064947383,0.09280080388262976,1.6555100033549919,0.034742580798308845,0.9882015486334573,0.15592756182120932,0.7954959119465157,0.3748404218723646,0.47458673028413456,0.4956509715615497,1.4451785625273552,0.03283692991152446,0.03174798154793483,1.5908999159200718,0.47215098702767605,1.4008207928603644,0.6290234324300236,1.3490517591707332,0.15527086705352292,1.1094638299102344,0.1714412244165802,0.032203290257302716,0.2366773959703236,0.10985879408087945,0.6063128616957151,0.07459160955752688,0.07004963942482838,0.0681700743627305,0.5791718197602256,0.0,0.0
0.0,317.72419095046763,285.67079956037884,100794.90253255102,9.212139640349267,180,1.3090414064743345,0.6144923971748021,0.0898732721537931,0.03191217758865179,0.3183348491410115,0.0,0.0,1.0344418776537008,0.1553699344635035,0.8390726804757074,0.3260190600668452,0.09226330310659624,0.030521007330935962,0.09223906261374784,2.0834917263011183,0.02995436153792815,0.9671781694176774,0.1550485911529746,0.8017525200346153,0.3607794913205133,0.46072689348834694,0.4754909026506844,1.1951145691756364,0.03125222723642259,0.03173532055916708,1.5740457852857195,0.4546377131600064,1.2866894836229963,0.6177572039485797,1.3306590823990119,0.15518118125458308,1.1034644151576294,0.19074864218179852,0.03296162488289911,0.23638061190984452,0.09960126404679355,0.6112462502139526,0.0644837011494512,0.06918063476464549,0.06843225510337653,0.614530306361623,0.0,0.0
0.0,19.136035052921628,289.0360967311756,101475.22424304252,9.318800053630344,180,1.2659819898607303,0.6111625079135137,0.08865698815866224,0.031435493179623616,0.31060042213132116,0.0,0.0,0.999870418007132,0.15551930527838256,0.837301099369235,0.3490115668479303,0.08595675095326695,0.030745640269260723,0.0947501618203308,2.2710284443638873,0.03065181289944897,1.0148951236108676,0.15563582569521664,0.7989362617537284,0.33613448216610914,0.45327509549772904,0.451711312263597,1.3581393621920383,0.031184476785620075,0.03257531064632573,1.5033268170917724,0.42098893624243977,1.2508959432037332,0.6598689656165089,1.4041020074034885,0.15511210438323267,1.1019038276108648,0.1779248046469201,0.03258791418319628,0.2513929391858544,0.11309935234832152,0.6375332206317997,0.07317072341375681,0.06751069035269494,0.07042290295361026,0.6153014333672557,0.0,0.0
0.0,288.4853777843264,295.9686200201339,100998.39177022423,9.770547939285983,180,1.2738475379039491,0.6085590580101385,0.0950902992041559,0.03182621647055906,0.299165709841103,0.0,0.0,1.0286957471107108,0.15537177535001423,0.8384351798076957,0.36714761043193467,0.09090821305938218,0.032237279168226364,0.0879118351614847,1.6705470448929833,0.03068354666378855,0.9331519762385615,0.15554530774703004,0.8003357613436242,0.36641634982363813,0.450399133299435,0.4646639722968812,1.3322798145353003,0.030788959947004556,0.03187354482259718,1.5103535032568525,0.4387800792654445,1.220261788019948,0.6176809760547048,1.3856109285625409,0.15526983038895334,1.1034180840638503,0.18204001212949458,0.03104555391765546,0.24258821969982775,0.11516241124870452,0.6729146917488922,0.05907493736480968,0.064879932602823,0.06794353245307659,0.6234753070170256,0.0,0.0
0.0,58.174529215483574,290.8918018081545,101637.44716019295,8.521734740251633,180,1.272417330767138,0.6132225757204055,0.0848729087838332,0.03362712259733366,0.3272491441305505,0.0,0.0,1.0373381770207253,0.15568274423171496,0.8405100860791724,0.37994314776552096,0.08175482373600784,0.03386967023672127,0.08846725893467276,2.235081359646684,0.032046594252785006,0.9834976815698572,0.15583032059734497,0.8001824800188909,0.36191994190662324,0.4751961005166548,0.4615770300933307,1.6626819821615435,0.03353980685576657,0.031355613979901796,1.500878807435773,0.43201867992019233,1.4349451491670009,0.6559980202026753,1.4596940567998744,0.1552491674879244,1.1099442560165165,0.20103188510164224,0.0324149538964396,0.23479908872301541,0.1137297581884305,0.6494512826912779,0.07124729694915503,0.0701857060778413,0.07055425696281185,0.6291558774826659,0.0,0.0
0.0,23.830228426363384,298.42682584688106,101577.16073824604,9.680212448046946,180,1.3624356573009755,0.6085880731963196,0.08681002292155768,0.03163913586095994,0.3184397367024673,0.0,0.0,1.0230712348501851,0.1556984539266152,0.833247462898563,0.35204928716210565,0.09303970659120886,0.031091004623538386,0.09500501602021114,2.8143385383494652,0.028438583781179604,0.9284059337722195,0.15529323322686409,0.8026659059090752,0.40071339046987325,0.4920279826731401,0.4684499753625437,1.4070026738523143,0.03214699813764811,0.031646041789315606,1.6175312672495772,0.4068270520512526,1.2799982716089593,0.6363576976136015,1.335912283250432,0.15580608615471042,1.103530261408385,0.18531899270435262,0.034251839577886745,0.2439051077397302,0.11541494522687572,0.6578749348376541,0.06841747506178535,0.07126528380255728,0.07002284708150149,0.6062022559735858,0.0,0.0
0.0,165.84764543172312,285.28939393926777,102222.35320882792,8.37594059157702,180,1.3684133519263848,0.6101859668021026,0.09374743134082866,0.031874096724497904,0.290139583637449,0.0,0.0,1.0430346434119764,0.15553875083299354,0.8381991609121476,0.3781547503542595,0.08641941128152135,0.033306053996107934,0.08724739620233599,2.3945997221715785,0.030375687805064406,1.0838953759247776,0.15535308495899391,0.800286447764651,0.33576594938161364,0.5141684859076905,0.48071453619580107,1.737555444605946,0.03358312734968961,0.0330546962793489,1.5676454307113306,0.4706228841291359,1.408372350962505,0.6026889092177151,1.3090039909401125,0.15545744202568407,1.1061590241241253,0.19618844779698918,0.031658488223459076,0.21656094589203242,0.11159826279767761,0.6520756202952606,0.06640345133714894,0.06751134040558728,0.06598911612228327,0.6050833669243313,0.0,0.0
0.0,350.4601511898973,287.18301038495787,101469.91424460468,6.7560774415129945,180,1.3535162245219168,0.6106638980219201,0.09437463319373382,0.029176499647519817,0.29789937030818997,0.0,0.0,1.0569969840846312,0.15530540806320628,0.8364580277072611,0.33241214923933426,0.08226894782336422,0.032057166017909144,0.08921135470426013,1.7821627195590888,0.03307349377899387,0.9679264149714049,0.15574942464079983,0.7998751749651223,0.34931495155034925,0.48620011912780625,0.4810410545967878,1.3514355946067138,0.03232247099648483,0.03315176838407402,1.5813901727337543,0.47929108478254545,1.3646330130019755,0.6688213490123317,1.3689242000967874,0.15536341041674448,1.1029981476622592,0.17569173044404218,0.03308841041977255,0.25209021088751304,0.10682596798681768,0.6047131576760376,0.06892857870344977,0.06675751213564983,0.06468900727493802,0.5945639045704008,0.0,0.0
0.0,144.1978039813089,283.6184677392257,101939.51043424626,8.632813601828108,180,1.4621036770153073,0.6101271206532322,0.08715073771343237,0.034537662597930056,0.32318204809181655,0.0,0.0,0.995551070819285,0.15590845862185546,0.8348618976822404,0.35825860743026955,0.08730658216603775,0.0320116882268827,0.08924910962413164,2.209229628677928,0.032023405139772046,0.944509464351223,0.15540473799506066,0.8028273629933519,0.373344700421179,0.47586207201602115,0.46437271883277453,1.4048540938991811,0.033455964790488124,0.03385735982479249,1.4038835785694548,0.48181087235985315,1.3116231152258961,0.6145040465632686,1.4002968428050204,0.1556426556095149,1.1024625620105644,0.1877546273550093,0.032665666118987406,0.22218526170144168,0.1130363223380835,0.6231639540946105,0.06858560077461513,0.06901159077030722,0.06754317404387622,0.62087959421642,0.0,0.0
0.0,26.79336066262327,295.51881745750075,101235.84628199994,8.56635299216024,180,1.4161476393436496,0.6086438200072394,0.08981755196008247,0.03246421044910772,0.29959178010679427,0.0,0.0,1.067218852186759,0.15524191154850256,0.8367735119397463,0.35211090805605716,0.09418879470193957,0.03094676754952798,0.08804444994791269,2.2300514586583904,0.032126192904027163,0.9233508174940027,0.15548344784365298,0.8007149364021927,0.3719848400594025,0.43366945820307995,0.450078028277409,1.3061396155875438,0.03225224850933984,0.03206604607721088,1.5090276147297828,0.47696397690792164,1.4048085104252577,0.5836511065449874,1.3420177215802644,0.15524362736041575,1.1015218503332342,0.159791357754342,0.033097727624824706,0.24947932513287185,0.11117066259110867,0.6387167200413462,0.06448080429542175,0.06629832086794998,0.06829808371446504,0.5804328025073319,0.0,0.0
0.0,277.49654113424134,285.2585097206342,100306.00064319439,8.73242665631231,180,1.4393379953019638,0.611302036052502,0.0953422745311816,0.03201977708928551,0.28165806556116846,0.0,0.0,1.0582207236705896,0.15541656914018356,0.8396926096576982,0.3535019568959534,0.08209804175924271,0.032967541885415154,0.09165311015942053,2.2352504712814483,0.03007111203297504,0.9958561722565068,0.15524530574033665,0.8023615091171362,0.36834036759504896,0.4558008484227005,0.44964359563822204,1.2178391535799127,0.030368141891612924,0.035438135007598924,1.4677814562505695,0.47214395972218176,1.2584692543099103,0.5518541962115019,1.458368617556452,0.15523266320757417,1.1052205847626284,0.172319178726641,0.03246788461237384,0.24112571931517526,0.10725405898770467,0.6479126213861943,0.06012177515052705,0.06994676646725674,0.06673636537838623,0.6445256116705068,0.0,0.0
0.0,234.84648388749406,298.5820330870207,100138.68107474937,6.5099923327582685,180,1.3789647991901135,0.6112792941863707,0.08031354323765959,0.02767493260055119,0.32602839960787217,0.0,0.0,1.0566539638585977,0.1552856980897337,0.8365556679010424,0.370595055195277,0.092651490526368,0.029822432390539423,0.0962987878236414,2.7411387763381563,0.030590969901059074,0.9895320130654891,0.1556476953362507,0.7954816391227428,0.3860617850164315,0.49933288528201036,0.5101581220401444,1.587948137979186,0.030694179479640846,0.030400502033332368,1.400382490766957,0.5074753388148121,1.2325439859278793,0.6426997313010295,1.3727806807342355,0.15539590349976617,1.1061385102927754,0.16916616589767422,0.03167219598134627,0.23991719332254233,0.11634383465919321,0.6325155458569923,0.06848883515261224,0.05985641152692156,0.06725755080938069,0.6262045494471399,0.0,0.0
0.0,23.49689617350126,298.11370568703717,100543.16730822231,9.54126304764516,180,1.3904207036976635,0.6091223085875569,0.07829034760114087,0.03329242532070776,0.30402884084358994,0.0,0.0,1.0250877037991377,0.15526472500735092,0.8369626974684691,0.3368603573147067,0.09132266660448445,0.0272533955905098,0.0927371933511472,2.3431408511479153,0.032124346686022515,0.9930659211783152,0.1554471330634295,0.8008244191448604,0.369306717450924,0.46842199722245226,0.440314157802652,1.3608115841302053,0.032865169888568205,0.03202224905508833,1.5648856631692907,0.45663071374903735,1.3787337660879648,0.6425637479674613,1.443673782612902,0.15550749481748893,1.1030791085352918,0.1902864769375907,0.03256710200564581,0.2155218925422447,0.10490082905492758,0.6399154245423185,0.06937325364633774,0.07119202103696927,0.06656985749646574,0.6522200523776157,0.0,0.0
0.0,234.18745572421685,284.3074193476724,100786.18928496586,5.1928572679166685,180,1.4740834720403886,0.6083692240827248,0.0922978713142238,0.03342682157398161,0.3290754853388333,0.0,0.0,1.0770228338631693,0.1554153056319433,0.8408274351386817,0.406225556539492,0.08930401372029739,0.031355263838532106,0.09041126355416051,2.288850692728711,0.03366648409574618,1.015455704701193,0.15539595030663084,0.7997837880069856,0.37507674694385434,0.4454338752041516,0.46283702778479757,1.4794863651474879,0.031653663742354655,0.029108750287853372,1.5598298382924678,0.4543242695845435,1.4664631234256973,0.634810583649173,1.2917410484536016,0.15515283306939598,1.101801584348137,0.17132599007139335,0.029973181578268723,0.22863035566796988,0.10742861118445882,0.6228236923896759,0.0643898532325149,0.07035048527776509,0.06606889049475168,0.6255048208507922,0.0,0.0
0.0,212.80401693912341,287.21951636440383,101365.41886878372,7.641340695087757,180,1.3836655877995687,0.60742191836962,0.08945328386216553,0.031049857142016975,0.31660274114471004,0.0,0.0,1.0689820988093566,0.1553691234444303,0.8412686492693577,0.3956261897049787,0.09552693623903159,0.02991136856116308,0.08836008096388487,2.2179022991885415,0.03390459806558375,0.9992521822881318,0.15564553134210257,0.8043362297378699,0.3919012534084151,0.4652387649411468,0.4713790191817677,1.2628684344371592,0.030467333253935587,0.03339274049664714,1.4355176074323914,0.4746794732746346,1.247193019364907,0.6188028093769761,1.4005687014790758,0.15548176028676214,1.099570515225491,0.18270676599685678,0.031075131547784674,0.2520502447732844,0.11438926960044368,0.6553351620279868,0.06239192629211958,0.06847803927041303,0.06541700679916539,0.5967738100318095,0.0,0.0
0.0,81.47496753980609,290.91906471305225,101531.17802016027,5.229789742528997,180,1.30761318000299,0.613114060717243,0.08982873364298674,0.030882944420728135,0.3121160331032537,0.0,0.0,1.007302361684584,0.1556609256421793,0.8344651759891084,0.386002575300511,0.08971013665752155,0.029676747948086304,0.09224590178741959,2.402266131927386,0.030620407766218057,0.9822322925161074,0.15532182307955075,0.8004347372825388,0.384386767245951,0.4354845340208821,0.4468906621929067,1.3076040731462455,0.031143773380833333,0.03130428055312606,1.4641385810958503,0.44600070517435203,1.3485294547269084,0.5605671242409952,1.3008492161884115,0.15520760383188711,1.1065479465282753,0.18590547211981856,0.03193945464527487,0.2255143069290975,0.11321163652752708,0.6591384153112554,0.06867544342509675,0.06764488514824724,0.06487882161250079,0.6300086327016365,0.0,0.0
0.0,293.24270915211036,301.07740551386024,101241.45386778923,8.485508872278677,180,1.216608251916538,0.6108335090112597,0.09341056743098503,0.030921672923660753,0.314978567947666,0.0,0.0,0.9562063190356047,0.1556060205657317,0.8412857762904965,0.37063841924677876,0.09271012328783368,0.029925795636167245,0.08387626582710012,2.1451428886397643,0.030509171358388022,0.9866824581315078,0.1553161158502849,0.8067381925071712,0.4061653747172344,0.5056513553539359,0.4791771131904738,1.434284210277956,0.03444074774590434,0.032593319300065225,1.5371179901797618,0.4322653430854488,1.355427979629625,0.6684132031175573,1.318116539049495,0.1553312881724274,1.106699419818059,0.17159241508449527,0.029984601022743036,0.22924214399597856,0.10166744297509428,0.6554804262934804,0.06638802336690251,0.062461364761411155,0.06748136301266482,0.6333250369453637,0.0,0.0
0.0,342.9565343268797,284.35543541343384,101880.70775803152,7.286064484136933,180,1.2810574466390736,0.6099666209717298,0.08634795928901305,0.030035910755897986,0.3099527195980117,0.0,0.0,1.0385820108856467,0.15508931771144943,0.836934611350694,0.37414272171365304,0.0864240451818569,0.029082146060984377,0.09013240324280497,2.044233366574091,0.03294547205430272,0.9367253063253201,0.15553340277906083,0.7983224147116877,0.34998392613423074,0.46103177653319116,0.47387514572068196,1.4434986180755647,0.03436571508607567,0.030489823622496033,1.3867130943910888,0.48416553480743896,1.2383675787791357,0.6249303351983284,1.4093478961796295,0.15565921691418072,1.1027156768554933,0.15790598969272426,0.0336073899928412,0.2239746342539773,0.11296298803272384,0.5772607144349491,0.06354475875555175,0.0624897369918996,0.06814787633022894,0.6628140674480382,0.0,0.0
0.0,156.83037685102175,298.8604602832718,100758.68443830754,5.403846791709061,180,1.3735536153331778,0.6092081478963853,0.09217611407484397,0.030390441548017372,0.3153136327132927,0.0,0.0,1.007327937304037,0.1552225594419798,0.8410469968610814,0.3963797774902163,0.08759376865146097,0.03347810787282945,0.09416867811786579,2.218106950170873,0.03318668029319867,0.9691650560885627,0.1554012262820585,0.80483433139558,0.36964299685129726,0.432863364160056,0.4857504769616743,1.3711930620823691,0.03103395557198361,0.03461645879650054,1.4397477558323508,0.42594384009428055,1.3993678795008475,0.6037245620021182,1.2834012029502784,0.1550892072770064,1.1018512065820611,0.18349258910911506,0.030631214841786523,0.23276492224212203,0.10971693795711676,0.5892407214844256,0.06536942443806164,0.06794310463498705,0.06861665958747008,0.6285629935740867,0.0,0.0
0.0,125.25908494081904,300.91968741947,102151.4387909755,8.987512742059872,180,1.3804302321446535,0.6104379050844456,0.08845905928180636,0.030256527349656753,0.31370367753729933,0.0,0.0,1.0671639906815074,0.1552096409422557,0.8385588237153221,0.40337584253189807,0.08801813923483229,0.032670240032171616,0.09603414767798364,1.8659907561236857,0.032273914997354325,1.067496974907136,0.1553975297530596,0.8013922623134138,0.38537563814021036,0.484114536992669,0.46312570613463216,1.3711792634171867,0.03312312213703818,0.03480220799500718,1.5590366803308306,0.4510460768626385,1.4793772685051538,0.6711663901180502,1.4063918123291435,0.15542463691822905,1.1044878445786632,0.1769771320392089,0.0308799485016645,0.24903616664125253,0.11106808452673578,0.5997530009152765,0.06842647686427594,0.06759363160780732,0.0676583446685997,0.6172136770496411,0.0,0.0
0.0,43.65964605972549,293.6518496803375,101538.53127057587,5.7367486118311914,180,1.427781302881473,0.6090185353146083,0.0938985118612951,0.03172498274492915,0.30709440386045334,0.0,0.0,1.0269008695662745,0.15542680386061178,0.8370925523835072,0.3666040779265961,0.08924434805504011,0.035791765333025104,0.08773523511141401,2.3761993357141877,0.03474957071677087,0.9759943499851178,0.1551997391058522,0.7976641803838062,0.3426320252841661,0.46337545231909194,0.4603849977694217,1.5090081346327253,0.033132082530357446,0.03245474076023862,1.5680015573336257,0.4752828937406738,1.4547488739653083,0.5976580227425832,1.3157824357894206,0.1554002359596189,1.1037673812802293,0.17803611549212486,0.031473913089157514,0.23699001633497743,0.11246679358719955,0.5859681273753136,0.06500105077435073,0.07437784931236285,0.06768048253998854,0.6107824514006182,0.0,0.0
0.0,230.2498655679229,285.34193478922253,101133.84808156916,7.425348300263964,180,1.4146648318346824,0.6152936735954089,0.09040310126678396,0.029783263379709962,0.320862942653521,0.0,0.0,1.0347178580124425,0.1555110481683038,0.8418507246576092,0.4119309315062939,0.08937952429050758,0.03077562379798798,0.0876074203487986,2.1621901149351173,0.03500788798081683,0.9760813783219546,0.15576887183661614,0.8000870843879926,0.35758471766277583,0.46981158621590385,0.4808034754743682,1.573132301184087,0.032387178043906624,0.03059863301025654,1.671996835194209,0.46242406349376275,1.4678733604114196,0.6296113832738881,1.3761298414867786,0.15543180789130667,1.102588176289736,0.18151318649019357,0.03350486438089084,0.24220033831592763,0.10616732435182948,0.597242482696026,0.06510317540137411,0.07083065180731574,0.06894152605361209,0.6563537213494678,0.0,0.0
0.0,2.223610820613584,301.02867469769666,101387.52517203326,9.698788896344858,180,1.3755880889373469,0.6089003018188712,0.08087072977941738,0.03387132236514523,0.31203982115491324,0.0,0.0,1.0693039413245118,0.15574282629982672,0.8337775455587396,0.34777843258551205,0.0919744003101562,0.030016249657257344,0.09119952818791453,2.2851332190428733,0.030936878014182326,1.008353325308554,0.15556079899313066,0.7988051664543132,0.38111260967634614,0.4361206192542072,0.44126738473476657,1.3887783039851025,0.029621324656100245,0.03056068641928058,1.452061523194286,0.45939775499431645,1.3566183296626733,0.5628892186919389,1.3280080553800147,0.15572517980336223,1.1049161848357751,0.1854757478538736,0.03421155868915082,0.22797824716849863,0.11086126782695614,0.6391719327347946,0.06825004220440392,0.07314235749469006,0.06890119935060637,0.6560249712494173,0.0,0.0
0.0,106.21764706794859,287.10563223405785,100635.10295808635,9.360384080603424,180,1.355269135171566,0.608707468445307,0.0887527626094227,0.030354360989530167,0.29495810834027425,0.0,0.0,1.0426270337347285,0.1555746622745882,0.8384663554366288,0.3406604666504666,0.08752966935771506,0.0335918439273136,0.08259925790137053,2.230930829566717,0.03113293199505872,1.0036660539788933,0.1556416592498533,0.7989532320597319,0.3622103635922619,0.44504737545981726,0.503242252467855,1.371578454480946,0.03303746130811337,0.033001073061072306,1.5574829614449783,0.49073496490152746,1.4109113844538856,0.65819145882014,1.349607674612341,0.15524143737364646,1.1060548187357404,0.17674284115533898,0.03265282023837312,0.2545089912989498,0.11196737670694111,0.658785047338247,0.06723050570309785,0.07105899624469059,0.06982454570529521,0.6400189775937053,0.0,0.0
0.0,311.56329564103737,298.2674037479428,101239.87346270625,8.945066005292686,180,1.3576817468740472,0.6117841314784852,0.08729068385647064,0.03160259824091925,0.3181485625372581,0.0,0.0,0.9788739210791699,0.1557563023474848,0.835671002417261,0.3690488124896709,0.08279045979613975,0.03316093740288726,0.0878938769000711,2.2425409022160636,0.03190004831412394,0.9948494317722179,0.15563299647150367,0.7985393347955058,0.3701470583099412,0.45446854081467913,0.4729530032671778,1.5028487333913814,0.03288085859456963,0.03131832804584374,1.4653041763693186,0.44157185369422597,1.3515246291981322,0.6179127606677116,1.4151605688482585,0.1555987298816668,1.1036810160581993,0.17034790258304142,0.03268540576068878,0.2210204265989439,0.10687560179823312,0.6125344595830664,0.06782100101646205,0.06424630463771987,0.06288564034852351,0.6234127981984714,0.0,0.0
0.0,114.50904848588904,286.24171345765984,101486.17150212746,5.946544140065258,180,1.3174111108335915,0.6110253989317977,0.0909259702276253,0.03134940357887296,0.30275823073788866,0.0,0.0,1.077059907102534,0.15536545813486774,0.8418801750357302,0.3676292677940961,0.09173436752440138,0.027579115184869985,0.0851745488633586,2.035479726431304,0.03158529642890853,0.9800576220200407,0.15540502498367503,0.8037249985579368,0.3597946377099123,0.4340122867315808,0.5003687914234382,1.2971751217244212,0.031374469269437384,0.028287862096801293,1.585360969276031,0.4700530265854216,1.402133197711179,0.60540429944855,1.2705248118715433,0.15520662751617828,1.107850726891268,0.16714389168742805,0.03228517475749419,0.2389232080766605,0.10726363364775837,0.5857074569434166,0.06816136947671662,0.06642223701384725,0.06599789900573172,0.6215606887904247,0.0,0.0
0.0,343.08133525570616,297.86213122485054,100777.27303880522,5.969074712266382,180,1.4084106496134414,0.6078187231569078,0.08952559239881605,0.032424584163738314,0.30714528982685013,0.0,0.0,1.037602656646101,0.1556462084651625,0.8409936015197166,0.3631825772285327,0.09531558699138017,0.03273107756416949,0.0966900934812594,2.203520799800501,0.0352411142458237,0.947558686318582,0.15547366385434216,0.7967753767127942,0.3678311191353527,0.44509628546064234,0.4758482224312223,1.4368991493484646,0.031301209649895904,0.032549499947382,1.5803566263968694,0.46172728127315793,1.2502042053929137,0.6121615983976613,1.2139825526837311,0.1556005528855865,1.105139984391149,0.1694713598062875,0.03184435576137373,0.24872151625950212,0.10450047261102277,0.6567251126402205,0.06412608673118568,0.07004332779719935,0.06586891919667465,0.6378737755031897,0.0,0.0
0.0,16.647442594398278,290.0512589356753,100606.04062456264,8.515539878038787,180,1.4497382995645722,0.6122167207798194,0.09061301104470415,0.031850592539005816,0.2906931837733027,0.0,0.0,1.1011528032483262,0.15556572014938552,0.8379139150896591,0.3596898134527678,0.08865549353733322,0.033065513326816835,0.08937328007660374,2.405052028308257,0.03200212300558281,1.0441668894959855,0.15550842349536803,0.8034008360254946,0.36305243701418755,0.5155045219588287,0.44072513501647415,1.4847415561282353,0.03228772851481207,0.03064133945731195,1.59337579107463,0.4569751870994437,1.295495968280493,0.623460245417616,1.3470485048016958,0.15550570010491213,1.1001361363139734,0.19520410791016046,0.029152921551376342,0.2352721352605802,0.11196799356279448,0.606846915081461,0.06903571622775438,0.06795401190854285,0.07218745221759966,0.6378042223760467,0.0,0.0
0.0,237.09132460644923,283.48733002367715,100801.64412822161,8.074686767735818,180,1.2486607168176937,0.6102693192195896,0.08601567057091834,0.030881079982688107,0.32194513236780903,0.0,0.0,1.0191012874043637,0.15550169645739856,0.8341349649398395,0.3626794290369201,0.09415887273214277,0.03273332305742334,0.09085049048333092,1.9940966352178795,0.03077117731496481,1.0895926546310224,0.15521877760692257,0.8058362468629926,0.35800219096743024,0.49411668463243025,0.4964349597684856,1.3523915177774046,0.033538421591702,0.03371061807110694,1.6059559326584745,0.46187378330707435,1.4272408235594978,0.5909974117858771,1.4515767242014759,0.15550250726131234,1.105995784151704,0.18698308802323302,0.03383738503564292,0.26461054530960854,0.11709466933532763,0.6132727800565074,0.061793812137986,0.0681419693977254,0.07365501537964773,0.6335536798247093,0.0,0.0
0.0,8.679311634976248,299.2849865569688,101385.95716337205,8.450575492519997,180,1.2746823221551673,0.6090224419682371,0.08698001034079048,0.030866625538950265,0.3318155721947732,0.0,0.0,0.9672815454591558,0.15519463973097722,0.8432926475257223,0.36253643315413436,0.09099368838392917,0.02920143346622536,0.08857423161709256,2.23050683500254,0.0367241318991553,0.9372774354485768,0.1555019999115661,0.8016088247562616,0.3635057783606333,0.4294624375260317,0.5018933124543743,1.2298895629230047,0.029060676124791646,0.03309381241540504,1.4461760733277482,0.4761085513727952,1.3503931075062,0.5901613184550374,1.2224907795515176,0.15549275227813456,1.1076674828988173,0.17742192766939247,0.030807712852127127,0.24483911364063102,0.11523299598185385,0.6640486260618769,0.0689300875054776,0.07127278255216621,0.06374420331243874,0.5842397658183214,0.0,0.0
0.0,107.98033371391243,289.179604052904,102079.30105980729,5.337695633083428,180,1.2907751804764276,0.6090474703386716,0.08741862673097134,0.030677257182694647,0.3241235418262216,0.0,0.0,0.9667321409492114,0.15538364945364683,0.8390549342212371,0.3370423995580726,0.08847665410129235,0.03341564535110167,0.09242573079843187,2.1865883733916864,0.031400565741955315,0.9384450977992111,0.1556015711013762,0.7968220359354207,0.352756700815747,0.4835116991562152,0.4683082688013182,1.3860134761254754,0.032283022534175594,0.03014686979653743,1.4789119197666505,0.460847742243528,1.300186887996102,0.6787761231441575,1.4384126077939954,0.15504962066142158,1.1051026831784192,0.1718586698988206,0.0300314927909306,0.23371940207463276,0.10801722049177157,0.5833611903883843,0.0647935065310734,0.06962631321021283,0.06767047472425369,0.5854088027844517,0.0,0.0
0.0,294.7548613320253,286.4688748944961,101788.38230893295,8.707284576593553,180,1.3698064524341975,0.6072204318965723,0.0889001186805997,0.03328049479861391,0.3083843168991482,0.0,0.0,1.0291056499291271,0.1552889270269996,0.8383786249339271,0.36256455276297406,0.09147964798841307,0.033746592958513434,0.0898950378058274,1.9918038467086172,0.03045447807523283,0.8209159339321235,0.15603520761092407,0.7974405626929086,0.34282811489376946,0.4756309415327651,0.46297710868097247,1.4082552929573326,0.035272209172353346,0.03375305011281387,1.5306084715259123,0.483606315232495,1.4657909633278938,0.6331943517066597,1.3733214916058398,0.15535133728593434,1.1075182926277403,0.20138974178865635,0.032523058111312446,0.24185639299580144,0.11065944682861975,0.6649126107637855,0.06974192841773304,0.06885747537061052,0.07467617109206251,0.6695188829980379,0.0,0.0
0.0,170.4397076294088,293.2163282390942,101104.50764780359,8.531048945121187,180,1.4051522139037615,0.6113394068507471,0.08797724638063432,0.02868036923193803,0.29643954925432825,0.0,0.0,1.093134984726741,0.15507561273554787,0.8405460367386356,0.3591154834848827,0.09253713198117289,0.030636023856272534,0.0926218303746004,2.073018249956044,0.03286746899769167,0.9567570674384779,0.1553039114047731,0.7971610407882092,0.39220944835483745,0.43808070002776733,0.4635932400138144,1.3884648698071473,0.03166074721540871,0.032593026496916526,1.667571916903992,0.42788166214644946,1.296082947525442,0.6401035868705728,1.3314324416986116,0.15551735245348902,1.1018274850140866,0.18219428083813186,0.028788704718637464,0.2097873470666814,0.1178212697754748,0.5840012739432109,0.07007323165677798,0.06850455847681705,0.06437143350696695,0.6355353495585114,0.0,0.0
0.0,110.54983797412146,296.4664800187304,102360.77399819065,5.165105957898962,180,1.3717409264632898,0.611222403920166,0.09181662811610201,0.03302162916269419,0.270568102175573,0.0,0.0,1.0018437493863632,0.15561297556607703,0.8318310565907826,0.37132265987354923,0.08888827312838539,0.030866148766678824,0.0901968316399115,2.665373167003122,0.031208779672309072,0.9823320441911592,0.15566887028374496,0.8014856114607022,0.37975916134478155,0.47634391644401225,0.46546111690901576,1.5263960879978629,0.03168798577309022,0.03319137628679278,1.5392048858208076,0.44563737878257753,1.4803524422817114,0.6133078636971179,1.3229476884420714,0.1558039059991225,1.1049611879393653,0.1772985112303765,0.028512637933095622,0.24031233223204113,0.10083900241612435,0.6327451637845851,0.07121714920151122,0.0661250192392572,0.06901049120362725,0.6744552853499514,0.0,0.0
0.0,20.90948783584301,301.8097477623814,101823.901076306,8.946139198200079,180,1.3605881398741029,0.6110182415390302,0.08878995190557956,0.03420371385609906,0.31465505633758806,0.0,0.0,0.9549206470503384,0.1557097073479005,0.8362830944135458,0.378977638361,0.09085877916809786,0.030343031299506416,0.09473128411014567,2.295409791734322,0.030671749418375506,0.9509869289475056,0.1558971172817431,0.7980494340911024,0.35272071145745565,0.481623912300952,0.4279966281533623,1.308276700247961,0.030168544026785565,0.03211636796252488,1.688416346794012,0.4574891666419761,1.363312292329482,0.5811859979882193,1.273080511023674,0.15563387336990464,1.1051427759683154,0.16895732645201803,0.0312864789909562,0.23589714676376974,0.1137628357660769,0.6791910970746227,0.07156614161897278,0.07241401175145162,0.06360422830501584,0.6266902075257021,0.0,0.0
0.0,239.07295355255974,284.9085484556758,101343.32169188485,7.622197031094281,180,1.3112901750521666,0.6097982837521074,0.09063159247496523,0.03242564727651264,0.3077965863647815,0.0,0.0,1.0353643015553005,0.15556634392929566,0.8383849687275533,0.378929711729174,0.09518924223063012,0.03110672437670047,0.08755342186172368,2.724241421820603,0.032555040703300654,0.8310020110639444,0.15587327553721178,0.7974722599177495,0.352334469036373,0.4810496609322888,0.4982511385526033,1.4114930840040685,0.03206009100514458,0.031837489301409415,1.3544386455216235,0.44433028650313233,1.2857272509084048,0.6208297481274289,1.3525302883971475,0.15571137633008975,1.107923359509849,0.17977418710655915,0.03193760407249857,0.2534185600426709,0.10767163943619626,0.6596600930063449,0.06851193919949916,0.06712564381316452,0.0680867410917338,0.6161821622472426,0.0,0.0
0.0,222.90157992692528,295.19252390631726,101078.3288302437,7.36839461682738,180,1.4834286528648477,0.6102577006198576,0.08945488363366787,0.03364042009974783,0.3150106732998649,0.0,0.0,1.0505163000483018,0.15552967614965266,0.8376682898327557,0.40337000135887124,0.07974076904878352,0.03234263319574005,0.08768105334530626,2.4020696011519034,0.035139960713118146,0.981592231277703,0.15536703428152765,0.7960119152754032,0.3724216168602501,0.461879923222376,0.4386110490805781,1.757430527214366,0.030721628781377637,0.03456366452980505,1.5915299818546527,0.422268672514844,1.3358091778187813,0.6191704453757503,1.4072793792520821,0.15502813734550988,1.1032217754082223,0.19158607848263445,0.029751239027972255,0.23157174107332526,0.11865723429233156,0.6412844410111377,0.06875828730524197,0.06963623686795056,0.06903960957814352,0.6424068051369546,0.0,0.0
0.0,282.45406700467277,297.27742057046873,101403.90979101432,9.212345712258605,180,1.3013052200527522,0.6052558901116838,0.0904361634159375,0.03147202516671774,0.3189455595119833,0.0,0.0,1.0139305741769162,0.15580836655553829,0.8403949317510864,0.328077822913324,0.09009780628241183,0.031771360180053686,0.08189018367182219,2.2041424605579505,0.0330285717269881,1.0248455731374329,0.15563762481161597,0.8027503147110091,0.35035365702863785,0.4768877508631236,0.5267870483414241,1.4760791697638502,0.03305034155487631,0.03254122012006038,1.5348258515403141,0.4327043512429923,1.369157186249963,0.6180258475607431,1.2856420061574525,0.15496105050288722,1.1074752763810278,0.1824066825066744,0.032105593292352234,0.2452120531384632,0.11325812612022224,0.6044532954698425,0.07349348767052771,0.06961846367759165,0.06555788006076178,0.6045806647292901,0.0,0.0
0.0,91.47511314501362,294.0152384998292,102103.7077473765,6.98907836939383,180,1.2799517643010496,0.6084966786769447,0.09847929661303732,0.030543739590178413,0.3098094957276478,0.0,0.0,1.035406744300416,0.15561587806353372,0.8378898329044907,0.3944745058464505,0.08364347567653037,0.03367640616459454,0.09827620300073622,2.352677746086617,0.033858253905675276,0.9467463922827694,0.15514877800300975,0.8026354667905354,0.3802223874623348,0.45010474537456535,0.48526339500214455,1.4674850910358204,0.030723382450173423,0.031308277766832524,1.456380771093521,0.43938132021970794,1.3053901536531765,0.5999419038774237,1.3603728921155018,0.15535263265320054,1.1069333918491324,0.18682057620884565,0.031167620273445176,0.23621674139295504,0.11039524449893855,0.5983779061090864,0.06636672219041148,0.0622043269615056,0.06625143518135099,0.6375920429929389,0.0,0.0
0.0,123.81365891444338,284.9060213315256,100792.09073601487,5.345706872077646,180,1.3731156747194544,0.6122447405133167,0.08951640629042805,0.03196656686896028,0.3180326016207441,0.0,0.0,1.0792775737822664,0.15535302366795697,0.8405449614118532,0.35939406317431416,0.09250022524662303,0.03402626245151544,0.09672946377771198,2.0863524603574537,0.03323710331706669,0.9343504578279069,0.15491720089269032,0.8023342484069619,0.37911037956342186,0.4539756401393893,0.4639758884722325,1.2890636301756742,0.030841850279709444,0.032159008571208576,1.5353565082821268,0.4178446816091259,1.3322200837537845,0.6265660129131817,1.3350655761191292,0.1554189816541689,1.109436873194003,0.17970073222524763,0.033375634077153674,0.24104351601561352,0.11219944288287403,0.6643494176909576,0.0662339032665767,0.07055439262574686,0.06777953351871192,0.6219756335440428,0.0,0.0
0.0,325.5444781639757,301.46203737967556,101356.48068385986,7.218836779718865,180,1.3631777067279054,0.6118211061182446,0.0938259858943544,0.03385297406936109,0.33454283477366487,0.0,0.0,1.0198583764628861,0.15579969974363056,0.8417023880621998,0.36583190484955236,0.09217185343114234,0.029352244717363574,0.0852728068564949,2.097798258197286,0.03258259415471186,0.9571114721187327,0.15554538072364293,0.7976737252685039,0.38378017466944786,0.46029354392433497,0.48111850408762685,1.437882659419001,0.029752907332346444,0.03139376553512551,1.6232408218085759,0.46222159365649035,1.3088118875403563,0.6342433311768102,1.3952924117316148,0.15579299560948512,1.1048322493546698,0.17199036561993702,0.03272107935395183,0.21331895318782385,0.11000848006005132,0.5997990450125594,0.07267864175940783,0.0625759059611214,0.06489317682732122,0.616262703683635,0.0,0.0
0.0,343.0606285445606,284.89412609222666,102111.53079572231,9.540842527761132,180,1.4638611824278065,0.6096683889289887,0.090348221759189,0.03490531382699831,0.31564104960754136,0.0,0.0,1.0141803787638004,0.155461278801853,0.8413414308901284,0.38589252472542296,0.08805995060929715,0.03298652629247989,0.08729482449229911,1.967153957758022,0.03233131807602469,0.9818570867735925,0.1555720389999291,0.8020397284711,0.33686157754015655,0.48329338932803306,0.47107251708317344,1.2547852108028044,0.031449151217860925,0.031102448633355245,1.727884170277723,0.44525208094313096,1.338126907168049,0.6376964837724465,1.297598132504319,0.1551934186316598,1.1037826698201954,0.17493814871643065,0.03144582662109642,0.2484819470273119,0.10006265265269157,0.5625089929729741,0.0654718450506204,0.06886819901870068,0.06963064787507342,0.5545570417092693,0.0,0.0
0.0,193.45188033296765,292.91445284759584,100963.99548096194,5.322011020315317,180,1.3070212234865386,0.6134736986790351,0.09569302218031282,0.03469951858578273,0.3196675279285495,0.0,0.0,0.9565375510203321,0.15522558888366278,0.8331092763528024,0.34422244745156255,0.09088980311843012,0.030785020312622372,0.0855282060525065,2.2779249252258467,0.03170370942094116,0.9444204399896462,0.15520217243065734,0.7976672374794271,0.34777853224724203,0.4644275549513894,0.49956445917392733,1.5392855271404158,0.030157940067639027,0.03394064609205895,1.6512555872023609,0.44356203579392095,1.2974623729751635,0.6510945865807467,1.2512717933487738,0.15557790169466787,1.1088832546016116,0.16846264857758586,0.033811517256196744,0.24977767371739593,0.11100469564011126,0.6069663245781074,0.07331818231307623,0.06883781636799712,0.07081217618182795,0.7073497591598039,0.0,0.0
0.0,266.499063000505,297.38763706461214,101860.6580607461,6.719980073688557,180,1.2672720055686377,0.6089758320406491,0.0889281286663869,0.033004699165008936,0.3152685940437323,0.0,0.0,0.9831955638595933,0.15567732905758333,0.8346188595559025,0.35781956504546814,0.0845142700315521,0.030978910672943095,0.08235483844984044,2.1869596769396953,0.031099914632090296,0.914482991622685,0.1555690806435634,0.8032137269963532,0.3644292173122239,0.44995819694213895,0.4667015382983039,1.5147836347938177,0.029783668724929917,0.03146450465087562,1.5246788485427347,0.4304113688796579,1.3799775728563213,0.6044367079975578,1.3707351953026803,0.15534887155167598,1.1050628981075923,0.18322030518166865,0.0320780407399146,0.26050891372946405,0.10341204008980258,0.639601617470167,0.06792350420714996,0.06377017833444648,0.0672372186389941,0.6095817701959703,0.0,0.0
0.0,329.1100292626841,298.7865704660753,100884.2756666782,5.8707419150569,180,1.4207866044786512,0.6081808397990623,0.08784118394092144,0.028145477162653254,0.3060161893657547,0.0,0.0,0.9939814598440373,0.1552102326828066,0.8391091133551861,0.35170658779364333,0.08809648669944804,0.03010266898915103,0.08834287848480409,2.373503244616299,0.03322709262234271,0.9553692854613173,0.15502200870215757,0.7965391843167122,0.3732592410405517,0.46443973027200797,0.4517443166536642,1.1797784089366752,0.031027624954960604,0.030851540308257996,1.407242765970954,0.4193551971784051,1.413758118581606,0.6127275236286962,1.273558251225694,0.15545767307098543,1.1053593288868346,0.17497823406195098,0.028631213148852412,0.235839888901026,0.10278802139423256,0.6131005017771144,0.07103409600777835,0.06678796029916868,0.07037257360229368,0.6550668999446407,0.0,0.0
0.0,335.3770354752669,291.16789219356,100930.02894215191,8.331798119069104,180,1.3525167591183995,0.6065508452584136,0.09503290612903775,0.03163958807258158,0.3006370266427015,0.0,0.0,0.9623104854083612,0.15534659546589713,0.8385465975865896,0.34029431722789827,0.08645447119499962,0.03254039226316826,0.09174042602550356,2.1531272086451354,0.030875905807255674,0.995315456344797,0.15558993958696032,0.8007312321056189,0.3449769765392889,0.45497348936952753,0.4849949883468087,1.4409480529142937,0.0316537958745761,0.030576702396090352,1.4928536635636098,0.4345142408787141,1.2816378512951512,0.674885672723185,1.379840835346258,0.15537331221804407,1.1024858192411722,0.18310492040384466,0.03221300656790393,0.22224958096860783,0.11644485740717936,0.6112279806941081,0.06508907312106843,0.07003536689712576,0.06609150083741036,0.621413535127712,0.0,0.0
0.0,218.3711008807415,299.7080758499123,101250.49970002138,7.42534781547165,180,1.3533317507892555,0.6108751108019429,0.08548068208414736,0.030926307286819138,0.3139256297782776,0.0,0.0,0.9796351449105252,0.15540469372202048,0.836153944509824,0.3656725377671054,0.09359250256731075,0.03355703131586303,0.08847346079974391,2.2813252677765674,0.031120121140572863,0.975064158486248,0.15536747281070906,0.8005812314071165,0.37960393851192176,0.4693957756144569,0.4589172582369124,1.3193728524920623,0.033221319345896116,0.031068681981927082,1.672945327457039,0.4721879104750031,1.4210479697411673,0.6066617849439616,1.2138334000346438,0.15529720797498756,1.104023571572806,0.19148231006353025,0.0312331631823818,0.231600261653275,0.10286529153615337,0.6142733878221919,0.06584030229284452,0.07361522593083375,0.07050890113387526,0.6019655857395882,0.0,0.0
0.0,113.14285813752636,297.41549444744925,101383.06797182417,6.143605663516708,180,1.3810628467538137,0.6120369016436497,0.09209065659971472,0.03116254585423652,0.28553988439516925,0.0,0.0,0.9748552619439586,0.15498854455711747,0.8388120625195249,0.3780500631628209,0.09095131448460815,0.031657225983149594,0.08624446106461292,2.126226654948388,0.030129615533789463,1.0419038049498617,0.15610428504679985,0.7934838125746067,0.35727886165076583,0.494546494854285,0.46839779642095736,1.3701777765864973,0.02768305299625749,0.030539934255166743,1.394439867646926,0.4655652321991077,1.3652259983064645,0.664461065007244,1.3278955336753766,0.15509518015697302,1.1033924621325455,0.1758948021299811,0.02957781989462796,0.23884936333256757,0.10059123834879913,0.5778952863254647,0.07069163189362504,0.06790977426804905,0.06422836547872694,0.6289115346270026,0.0,0.0
0.0,249.5884357468103,293.9764728101457,101105.06349311602,8.294816134014727,180,1.4950596931621354,0.6127226166547026,0.08303787517236787,0.032344368046841356,0.31072500373058015,0.0,0.0,1.0993986605164108,0.15526257400735116,0.8406652944815532,0.3726709223516066,0.09582737013281542,0.030949591099498047,0.09258012226483263,2.2832435139364677,0.0326788736345393,0.9702153956696815,0.15553061698450818,0.8046212774025058,0.3722287028262119,0.41913045093065227,0.4794665635395651,1.4250037730491427,0.032083636921825726,0.030533410615012916,1.551642426410885,0.41263643793591875,1.436142098352196,0.632654493437972,1.4411275876854512,0.15558986984329762,1.1051861903248648,0.17424251150477452,0.03448562317629836,0.24181611692898014,0.1116985225586429,0.5601158425710381,0.0662995069575381,0.06624270169429751,0.07014509801367842,0.6269866515806455,0.0,0.0
0.0,25.315016409798375,284.793915248435,101311.8941328174,5.723727358476879,180,1.4043617999227476,0.6124555178368112,0.08892720717231017,0.035241510263360344,0.2984120239648342,0.0,0.0,1.0870306392759799,0.1551272078758524,0.8371647356849061,0.34851140118419205,0.09466771276157308,0.03192071471121514,0.09151984688322835,2.4631397033692872,0.03212577001860345,0.9448271252514719,0.15585724452042887,0.7962354721180187,0.3383934379397441,0.4753324944273998,0.48071977266338445,1.3418829650881896,0.03452826805513404,0.03334799260854001,1.4662511265447369,0.4334212812066957,1.4155652189965873,0.6569483382326918,1.3515327406032343,0.15548234783893095,1.1027803545921775,0.17882558725100176,0.031131360554833846,0.23345783099206424,0.11325531007196235,0.6457306460254719,0.07339010950111899,0.06647898721535844,0.07650235413154245,0.6138867856595023,0.0,0.0
0.0,250.6812228344661,300.13310671623924,101162.7017458872,8.123671957114848,180,1.4626343776930981,0.6075928667737381,0.09341515738207777,0.031026028114998227,0.3195311981045471,0.0,0.0,1.0040781685146385,0.15560035200724057,0.8359471705352242,0.3704225764133391,0.09567924999600434,0.030437109966629152,0.08426519127270309,2.4476685900102306,0.030305708089061998,1.0420685229590572,0.15511277079518715,0.7972515147311933,0.33398365647739264,0.4498810629317767,0.4448223575722796,1.4007632508949612,0.03235536863806392,0.032339822696442685,1.4797549135719854,0.4570851365882785,1.4683607460607226,0.6710157357418917,1.42882263417417,0.155243437673304,1.109241226634723,0.1905597005478008,0.03296945980022962,0.23718136694203257,0.10887238695727885,0.6696875004067643,0.06551122410186348,0.0680257678354435,0.06890712283539598,0.6237472818436273,0.0,0.0
0.0,215.37004098840413,290.07455287494497,101620.86586475174,8.501548246501297,180,1.424889382600991,0.6056728711843145,0.0909023788163451,0.029833330245231583,0.3147063340273469,0.0,0.0,0.9891136564900799,0.15534280950634535,0.8327693949470599,0.3850975553903432,0.09077638255602476,0.030781385699751043,0.09136260850645914,2.5856325492835475,0.03172942438538143,0.9716933281871274,0.1553601225814169,0.7976746176317824,0.4041700213975964,0.47911327734346354,0.4520652877833512,1.419861989706264,0.03302967615537987,0.032435065370283844,1.563714101400767,0.4208872480590716,1.27760749798117,0.6005344082823036,1.3855576876631612,0.15540415164990254,1.1091031657853097,0.1741413407106605,0.03446194399884573,0.24376843696645759,0.10596427121091931,0.6009854520958624,0.0642732868045063,0.0620880695901513,0.06346324549274492,0.5769888769200964,0.0,0.0
0.0,299.1376568752696,301.3878742245611,101233.71221935289,5.136453328106004,180,1.3218401322878393,0.6085864479196957,0.0946147516841002,0.03151833282117125,0.2988948294694081,0.0,0.0,1.0669882364222443,0.1552663718905229,0.8387278319128898,0.3492340738901221,0.08365462530266601,0.030021544274903368,0.08314460982735941,2.2940101683234717,0.0316697023563503,0.9790369654939824,0.15529697049899013,0.8011758364379828,0.35937669300529834,0.4522675855858504,0.49140021139102713,1.5539520106735758,0.029854003284371926,0.03387386253087525,1.558213424422638,0.42042873343207104,1.3283401983130798,0.6351080991828258,1.3965137465360487,0.1551446049816014,1.104312386228188,0.16441081164600801,0.03248709699703671,0.22139725349653955,0.1077626085086466,0.6353933217003903,0.071087530002032,0.06724346546827027,0.06959920279310988,0.6559902040681598,0.0,0.0
0.0,14.800428508263668,298.68847209180177,102231.99992871942,7.725007590859675,180,1.349123164821535,0.6100326525353,0.09138012933067925,0.03397303227811436,0.3160811215170508,0.0,0.0,0.9700903211816487,0.15548549997439973,0.8422340294807734,0.39056473411151654,0.09331239378740264,0.032689146758193406,0.08817098697508587,2.758073292348966,0.03446700205943961,0.975017043662655,0.15540845170404163,0.7986701755585732,0.3616443645015732,0.48309485231488336,0.4359114205093322,1.3778690267326188,0.030086163912244106,0.03302566513047308,1.563766034453998,0.42630395016189704,1.3323321463446856,0.6167877070933809,1.232284958007485,0.15552967719754537,1.1064122149267817,0.1790931831721692,0.032331133797011455,0.2627190364594727,0.11545445442869019,0.6721334058567469,0.06176888118018785,0.06875841515049677,0.06267328202186755,0.6219780816556757,0.0,0.0
0.0,93.02208839119945,285.8163048640311,101334.81366578788,8.254872223881422,180,1.3245450010233863,0.6093896691898426,0.08594367397748091,0.03216091478861695,0.3110608851954757,0.0,0.0,1.0725077060190604,0.15556022548911633,0.8374722985512779,0.3631588311646472,0.10018575626018612,0.031468212388238256,0.09264896582205903,2.2537820038246887,0.031008261648765953,0.954401072962923,0.15583439035348098,0.7979836972939205,0.36532159854142027,0.49064708494644294,0.47789249713250376,1.3819898682308318,0.03431907866113095,0.032925780047125895,1.512979736991318,0.46180456773968787,1.1985063932539464,0.6752149316802852,1.3488583310744893,0.15535349750811464,1.1029710469967386,0.176950532338753,0.028850322760279774,0.23450427875130417,0.10854553111992928,0.6087857961131736,0.0659248252779652,0.06999043792186267,0.06504613085887893,0.6033919765345367,0.0,0.0
0.0,235.12539253363747,295.0979036164069,102065.27309927355,6.36223053634264,180,1.2959227525038608,0.6075938778689244,0.0988668011109101,0.028687959523313548,0.30620122283148155,0.0,0.0,1.0741077211366417,0.1553703972840169,0.8393516563065907,0.35647529801618,0.08599074929537973,0.03131751095488819,0.08750612800452842,2.3206548792532753,0.032528988376962574,0.902765221890367,0.15512941145235054,0.7997701596335275,0.3863894533117268,0.44373708815669616,0.4797231562683211,1.4706717105499496,0.03412440807022764,0.03251128466036011,1.5722464379686492,0.4685023941786375,1.4141664929568738,0.612936666723343,1.3522199405914885,0.15505940723466746,1.107270758486556,0.18413946444999857,0.029878076441270038,0.22961076427506744,0.10501445401645519,0.6409886829385116,0.06843525985073842,0.06871077524617687,0.0651763338568711,0.6302225048546126,0.0,0.0
0.0,193.04022122451943,301.88219949344267,102024.99814245697,6.119478404673693,180,1.3547563825538202,0.6093596327366682,0.0877209992695022,0.031496732875210404,0.29558160756397145,0.0,0.0,1.0224339044395974,0.15526855560379732,0.8360301541362006,0.3919254049041272,0.09305804438045692,0.03277757744580221,0.09776487048202365,2.114155919131233,0.03086271310750214,0.9413295443027304,0.15529593678726086,0.802111444250702,0.3850137601173871,0.49207138710279713,0.4780319983494428,1.36090542630814,0.030576726676644697,0.031090815671111535,1.6576747301387234,0.41596149583276865,1.187424823355992,0.6441512845685303,1.4102728260987807,0.15523572915990347,1.1082298359115625,0.17200796683924188,0.03133214568928065,0.2119608123232706,0.10446195379125008,0.6453490343647615,0.06195899027107241,0.06454981872590726,0.062107176009223934,0.5987984909913914,0.0,0.0
0.0,292.0264657566814,290.4556405170349,100863.20192483126,6.710151804431304,180,1.5274421132065548,0.6117429825312771,0.09377625117311947,0.030397267838392812,0.3005793897315536,0.0,0.0,1.0317044694212054,0.15527171434542159,0.8360741626601895,0.38657123623568035,0.08848765498019556,0.030824560965823054,0.08753044985399668,2.5532305475205064,0.03179769737601139,0.9666360399768449,0.15560850924783887,0.8000484119476932,0.34792703577341294,0.47835399986465194,0.4945837601107475,1.2789565993775915,0.02871910613874759,0.030122324885661293,1.4069716015926492,0.44026573874686786,1.3512874341575098,0.6291522410204982,1.4948061740286318,0.15540018390562346,1.1039083291300371,0.16371082844176507,0.03139869041147905,0.2237339852135718,0.10284501520835737,0.6352350112196696,0.07098411675435892,0.06988661275170147,0.07315652851540655,0.647004115532103,0.0,0.0
0.0,184.8210251790005,297.1143482379726,101451.22174693884,8.66702917321537,180,1.4708420277912426,0.6129389869049854,0.0879222951824926,0.033424000181422005,0.27440900840287535,0.0,0.0,1.0383961856350106,0.15548306727878322,0.8376410081837614,0.35253727894729114,0.08445475124453816,0.0308825896744636,0.08660682987924255,1.963625520389889,0.03326097334649494,0.9991782502862575,0.1560619104549554,0.801333588928266,0.3391132953765083,0.49484703382894185,0.45549120447891034,1.3691138739415527,0.03149764951576841,0.030508335352375335,1.6301252886241953,0.4544344304231164,1.3310747097507951,0.5752426131384144,1.451214172222279,0.15546957775790926,1.105472404205794,0.18054980423306588,0.03302422208798453,0.25583375618728277,0.11938755319565358,0.611301074932932,0.06959034449236155,0.07071415932185697,0.06664783494647897,0.584088091002251,0.0,0.0
0.0,198.20046971673747,288.3379707113946,102437.2763267681,8.276469719677767,180,1.3480276918849305,0.6086247978076069,0.09786611794062391,0.03143956264372206,0.26588110574876517,0.0,0.0,1.06652241633231,0.15562124620800402,0.8392506104852474,0.3330083091704726,0.08939586315538074,0.03360502758142866,0.09743202112997149,2.5687760847055072,0.032807333317012424,1.0053416698013289,0.1556223928482832,0.7962868121471004,0.36127940830673666,0.4658395405581934,0.4538979906340059,1.4202120068062103,0.032140678342692665,0.03235730581942979,1.4767384454635213,0.4956246579249252,1.2496545422608905,0.5495931595938554,1.3863215431752236,0.15519657422781005,1.1015553958625945,0.17019913752892687,0.03228755117483891,0.2418972675814996,0.11021829353238105,0.617512162714755,0.06860879888008983,0.06377018029275137,0.06968199701846052,0.6223140225989247,0.0,0.0
0.0,345.19613791188203,291.29926283402875,101118.8106524255,6.050165531165782,180,1.3635526356629333,0.61347157042449,0.08756578715927378,0.032815951381169016,0.3024220394124859,0.0,0.0,1.0305563771414674,0.15564504161147888,0.837795170461358,0.3572561572859513,0.09289405002011226,0.03512749087373584,0.08955063649740182,1.980955565654485,0.029953587590750765,0.9382658622786763,0.1556867519281495,0.7983408915394925,0.3650542234286912,0.5146992890643763,0.440513667051884,1.4398866987346546,0.03225276304935679,0.0329675313514971,1.4772500836033182,0.4532689131892243,1.4207019587755239,0.6269497326420213,1.2675445794462712,0.15552485802932425,1.1040860747872203,0.15349647510220996,0.03173184767357507,0.24003713041136424,0.12111391477583698,0.6138259377816137,0.06445327310186492,0.06678700507891273,0.06935081690335666,0.6627892936981415,0.0,0.0
0.0,44.72444892700584,288.89367272712883,100535.92304853468,5.185930120401849,180,1.3379999573959236,0.6070199359289428,0.0917706594621628,0.03194347416444526,0.32216497115434295,0.0,0.0,1.058860755070232,0.15570276696325253,0.8365094261570807,0.3850779010333125,0.09201429368265328,0.029750072656632827,0.09023024578315153,2.379497643220705,0.03375775403034472,1.0654327383999327,0.15553217232145441,0.7989004909184256,0.386221545758037,0.5082168335541501,0.45641601982020846,1.5198510337364877,0.02974835004785284,0.031984411788260836,1.6181001480433108,0.47756800348704304,1.217541790837102,0.6506597841374718,1.3084862861803472,0.1551928439089526,1.1044348332565292,0.17762334933863577,0.030162925176017482,0.23920671640031102,0.10810454043627407,0.5856856482718492,0.06829524001047019,0.07588469381995544,0.06428900648003819,0.6364945943203928,0.0,0.0
0.0,269.82590737491415,298.37158256460964,102095.86970070783,9.035940805329494,180,1.3935390399799277,0.6047935121952557,0.09207201667561428,0.03156366985896877,0.3076509512678984,0.0,0.0,1.0354614095742827,0.15568919720794247,0.8393508228204849,0.36636226145220263,0.08559281269587792,0.031220815356117117,0.08603349471192448,2.5799013885960598,0.02966957769863564,0.9752161397590015,0.15540249186663566,0.8000746600242209,0.34717583255858186,0.47155004661121647,0.48267462538121636,1.4285195062590197,0.03238846164500058,0.031114456139127108,1.482088326540302,0.4551543490151831,1.3121223526401686,0.6412079354687381,1.3626453100202196,0.1552465649661479,1.1031826934828988,0.187561227305554,0.031048697402952175,0.2191622982269388,0.11476351355788167,0.5936599417535195,0.07427556134648336,0.06574577400695857,0.061525264745692525,0.65469871863091,0.0,0.0
0.0,271.121218422678,284.2754740059751,100752.75559964775,5.441142826262611,180,1.2797980471567525,0.6120296545134163,0.08694494386373022,0.02937646287399067,0.28839188724033077,0.0,0.0,0.9815797918111026,0.15561519936797194,0.8387066240919346,0.35814207969625983,0.08820460344482951,0.032202066352909765,0.08989593440827234,2.6554963513592487,0.033640825191467355,0.9632096575920612,0.15525344851475495,0.8034046860463451,0.3756653535016236,0.4708781533231598,0.463838304331957,1.3944947712946574,0.03013481766520311,0.031233922636775387,1.4401120483895136,0.431468915603126,1.206845688293052,0.5801506696118767,1.3911440293987993,0.15560831479173554,1.1043372698819114,0.18326365619721283,0.03058553139406694,0.2197830002041748,0.10685699868585055,0.5902904620781791,0.06869800493825584,0.06976444800528846,0.06870755275670569,0.5834645511471357,0.0,0.0
0.0,168.19637178870167,300.12373646304,101240.79853501834,8.375829113025832,180,1.3396771543152752,0.6091150685765722,0.09531078145601914,0.035341715567622174,0.29447778703675764,0.0,0.0,0.9991300418741514,0.15553972824300058,0.834879117785197,0.40025437447159706,0.08736173822351309,0.031209063829112576,0.08374669617998222,2.2353912095660227,0.03373189113286549,0.9340293796871756,0.15578956526854265,0.7993956974021628,0.36343389198759524,0.4686253988752536,0.466733303941475,1.4683169082581575,0.031048418589204842,0.031483890589891796,1.4183509428659462,0.47137459034600215,1.3692802437853893,0.6417668220982445,1.2608392748595951,0.155525005260255,1.109141373361254,0.20479297608330638,0.03529822158999435,0.24297085374709612,0.10787417447509055,0.6506231408360218,0.06671565332699894,0.06052518583701184,0.06945351247456119,0.6253804982299181,0.0,0.0
0.0,111.28608773463864,295.3978533573838,101189.04097116592,9.815466325143348,180,1.3552884946419421,0.6089512328161483,0.08798412816595876,0.032441015755758876,0.2990038912029478,0.0,0.0,1.051106072397579,0.15564660012671222,0.8347227066336687,0.3749507560343925,0.10047706504298028,0.03250088200104473,0.0917032053388541,2.3349912637836505,0.031189579558634772,0.976883804330589,0.1556867522717982,0.7990081644396756,0.38481851818984375,0.4915312195455763,0.45062539092054765,1.3136978055834505,0.031150092192738527,0.028870129795972258,1.517231850074759,0.40335596192266354,1.271779576461224,0.6517095133493178,1.2981910989675005,0.15584253829146683,1.106052017028141,0.1722797013300904,0.031225071039182536,0.24390594013247793,0.11990517158401462,0.6114021648785567,0.062444710676499114,0.06809202949916632,0.06880295953715182,0.6166418417195622,0.0,0.0
0.0,182.86318687702607,283.61961815074284,101416.7468512573,8.80430120429932,180,1.3405753024117906,0.6087189497896676,0.08750286838281958,0.03211528201110805,0.28951827228553545,0.0,0.0,1.1048367910634667,0.1557802534194702,0.8362562672721299,0.39604812436939113,0.0925534864880348,0.030522084739062493,0.0876491476035627,2.679844680437206,0.028847915905904183,0.9839887990396602,0.15567756622516654,0.8034775492522128,0.38499591108586384,0.4613464281604139,0.4551586268411377,1.3879004687506786,0.03201555913055381,0.031207864670439612,1.6647700851211549,0.47063630007711815,1.290859440814934,0.6068955662201774,1.3770798907277138,0.15545038699124952,1.1021276162954892,0.18123346662862333,0.030131636769419046,0.2456581678324893,0.10244170087388146,0.5858281129974643,0.07015370921257275,0.0671855538670558,0.07084619544422309,0.6225441840612654,0.0,0.0
0.0,141.51038064873364,301.65781487104084,101260.21773202483,6.209104174565785,180,1.325337506197602,0.6109248535814196,0.09458949127819063,0.0319856123409738,0.28334304369817065,0.0,0.0,0.9713026788963557,0.15515675712832336,0.8378085703158192,0.3791409858005836,0.09115297092737373,0.030210348749338155,0.08996679127897553,2.587913282369577,0.03184283030852576,1.0233871574642301,0.15561832623454316,0.8021073976847506,0.3814100572204595,0.45036026806769786,0.4227055096948159,1.6206621736912652,0.027693009325691718,0.030310272005210488,1.5611487128880148,0.4801517363297573,1.3834182982746575,0.6184496358239161,1.2453739656744334,0.15527609960736422,1.0988018109788618,0.18698620348230136,0.032772199564532624,0.23531477092462805,0.11406916457227467,0.6072890626580358,0.07109959989398185,0.06368067804136363,0.06736302640650833,0.6084420898513776,0.0,0.0
0.0,37.14995462212799,299.5767919417965,101654.57075230614,9.553693139309207,180,1.371473827860976,0.6124840848848728,0.09193753401393262,0.032342499562524385,0.28149090959865136,0.0,0.0,1.0914958982090055,0.1553537471076885,0.8389449239327976,0.33984151352490793,0.0899733933111766,0.032355703533165095,0.09906018068060063,2.2330655073953856,0.03043132892185449,1.0024678004851932,0.1560064697021988,0.8041911895141374,0.3593860593047946,0.46470800167045984,0.4784964488980927,1.313780152453765,0.03148316801253707,0.03332251582972603,1.4807580948950323,0.4546938021008561,1.3472528339791299,0.6425177583526197,1.3457081569659912,0.1558368046610702,1.1006602460891488,0.18702368456147275,0.032363531818502496,0.2347204124081131,0.11597803778791041,0.6188001482284236,0.07126477067401024,0.0716789491566099,0.06363544876789122,0.6091094270991766,0.0,0.0
0.0,244.3870601479045,291.05813558873933,101057.8278078797,6.310718927814893,180,1.4019079924164506,0.6154878595483652,0.09310649260100921,0.031132241075461448,0.30904633713560153,0.0,0.0,1.04959069194943,0.15565205331893692,0.836825483729182,0.3533812733588325,0.09455309827765744,0.03371339063405101,0.07279974252848567,2.3892776309860624,0.031137085031946198,1.058130011348607,0.1550715309968095,0.8011460968028309,0.369265856829656,0.4419679341141894,0.4532995163422508,1.2153396660440747,0.03294187507190304,0.03193715932317469,1.5887960845648335,0.4810820254073785,1.3346535649988842,0.6594977961275491,1.3547088960944214,0.15528719476234645,1.1072732485865102,0.1836884033086352,0.03336043263001842,0.24486404999808803,0.10530779654262024,0.6048852500839248,0.07041520500287539,0.06333633904039582,0.06097145107134808,0.6399934107000061,0.0,0.0
0.0,351.7911300759607,284.42880917838437,100496.93928606708,5.667264183231777,180,1.4025967683159548,0.6131611232816012,0.09420352613011725,0.03215803774555058,0.31249975381599093,0.0,0.0,1.1136542790363222,0.15533692541297253,0.8357446660319576,0.3653291036751942,0.09216291025704931,0.029883447955346226,0.0848370861438176,2.275565096161318,0.031685034994652826,0.9754139016130301,0.15571605413323672,0.8039219809673435,0.37467864345804147,0.44541683505509955,0.47400614175823,1.1240903890790273,0.032072541223500214,0.03019850649691674,1.5518192259502774,0.4385770331586676,1.4842707894041567,0.6451190318249066,1.4842839351388124,0.15546815855193538,1.1083228950319535,0.15640471754343654,0.03472357418797193,0.24882287786002102,0.10668948314747874,0.6293424517133446,0.0645983233403683,0.06333708428348611,0.06680593885063113,0.6427846030008479,0.0,0.0
0.0,160.18885478164356,291.1821771452655,101147.37815240308,8.833168210013831,180,1.3749504151281782,0.6117362084116678,0.08689678293909504,0.030890846352287882,0.31287076082500626,0.0,0.0,1.0854803154348804,0.15570328445818654,0.8369030069754658,0.40117889379481936,0.09006639043328496,0.03260385879002704,0.08808583106958086,2.191008732938162,0.034750247986868085,0.9241505257774356,0.15542228876639214,0.7999935742564,0.3675422921243831,0.36427217927656075,0.45749950679322793,1.2763165673111065,0.02920482636725758,0.031303674641943925,1.7102510947488598,0.41595457240653655,1.3480572624183258,0.6145824873805555,1.4086358725521777,0.15572230020482875,1.1052563833631235,0.1919299828209202,0.033855170438016495,0.22444169864477262,0.11572618507142139,0.5531571813363343,0.06992067587136379,0.06815956974402639,0.06530298796580375,0.6430572466330815,0.0,0.0
0.0,19.728164418965267,284.6573250345792,101318.35744804789,6.5378881513727265,180,1.2903549124650557,0.6113404987428896,0.084777389291193,0.032085902135219835,0.3236901462045218,0.0,0.0,1.0491881322672467,0.15540758143614455,0.8388216141118802,0.36466092984125126,0.08746493155827903,0.03223190291381176,0.09237228355158772,2.3972877794261933,0.0315201160264117,0.9424674570332021,0.1555016634155263,0.7966627412299203,0.3804041218003347,0.45769690216357484,0.4913704015031678,1.544578873102601,0.02990224789975962,0.02831354135363684,1.4846189731106882,0.4691435313427405,1.38115168911849,0.6752332567321022,1.2644871730936238,0.1550467729872626,1.1042217227684956,0.1824377313966038,0.03200703896830459,0.2398403546275754,0.1059379590031431,0.6191932434482461,0.07379774402068465,0.05754471111898297,0.06479718995505741,0.6029906709908566,0.0,0.0
0.0,294.17509197822665,300.1885982369096,101739.7897301534,9.602497449596902,180,1.3997084837673714,0.6074230914810674,0.09667825150480017,0.029529595877353664,0.3030581955024208,0.0,0.0,1.0433770542051433,0.15542235536276608,0.8389042252217016,0.3617228624894555,0.09202582654645536,0.031159867715712896,0.09083445947498853,2.845960299186119,0.032789457530282215,0.9100178514122641,0.15560234997010874,0.8007175873166055,0.3629946927153805,0.46340301484450386,0.44820016958885706,1.3905268495601908,0.03134458038368996,0.03241856791740916,1.5351339452620782,0.46644863936910347,1.328506131311277,0.6198676170281107,1.3117430131053884,0.1553712447479661,1.0995824539354382,0.17387583044748584,0.03161821424186997,0.23757711976074739,0.11155847505620747,0.5764931778896117,0.07132136482182341,0.07471825724188644,0.06726398653165232,0.5669514074568425,0.0,0.0
0.0,156.3708912929712,301.30888183285805,102351.11518848888,6.201828097281271,180,1.471299344987786,0.6088655561962338,0.0868119232816476,0.03452358735637353,0.2869759292473032,0.0,0.0,0.9404832651384811,0.15566492417805755,0.8346805741447634,0.33604204121074155,0.08924583620903398,0.0315591380456792,0.09229894224048649,2.3643099334869913,0.031201756564075152,0.9464056007997427,0.1554940100490777,0.8038826996065906,0.3691831851263506,0.4921926519669245,0.48033738200225984,1.3975079025361001,0.03302410395917206,0.03425496103694822,1.5405102061510547,0.5097207210036901,1.3164641976716054,0.5839242528267239,1.3534594932809745,0.15554987954152819,1.1086235290353004,0.1732789292835685,0.032572254793262305,0.2704180461158929,0.11861072332255439,0.5879016484721015,0.07401917930638145,0.06689412792332086,0.06631656817261634,0.6244360905466626,0.0,0.0
0.0,325.4539874745763,285.11031791544036,101015.79841308063,7.392210878963096,180,1.404716971911645,0.609713185044073,0.08718312788356504,0.02969126383227995,0.28441826469803566,0.0,0.0,0.9525401012137545,0.15517471538029365,0.838203821361393,0.3620525313745798,0.08790109782446044,0.03145276615817351,0.0946794122948333,2.125057641349999,0.030425320399690165,0.9826355013289358,0.15567413752929726,0.7928422393043614,0.35862678309953117,0.4417790897084832,0.45893828756676647,1.4330444533019286,0.030157215039894925,0.035375769709055774,1.4686754412502008,0.4710689445543421,1.2633263704053515,0.6291003408554463,1.4077147047694183,0.1559417104691589,1.108009515268974,0.17001635623914596,0.03389937122138233,0.2436243878160933,0.11465463364370891,0.6194474172134752,0.0738447477502701,0.06988062695184685,0.07008204729984852,0.5806854468637024,0.0,0.0
0.0,319.34784103845465,287.82383002259064,101341.8270623519,9.092521531914175,180,1.312225983211189,0.6083130877450053,0.08665731276667364,0.03134980990561957,0.29740667939006016,0.0,0.0,0.946170928335509,0.15521645684558255,0.8361833395984238,0.41279036780548994,0.08652229149151977,0.03172237462235497,0.08893942205249421,1.9331619415717254,0.031992097420047994,1.0080697601278306,0.15574917949880757,0.7992612891699062,0.37858475148903753,0.39673082643633667,0.4799858750793864,1.4368533969807766,0.03243749769102935,0.03208228119313802,1.5505094653794635,0.4589750323824607,1.3621628215935937,0.5885287045337493,1.3551657982116072,0.1551766331192249,1.1014658220082911,0.19444392667105842,0.03158365889972166,0.2450338468074232,0.11514793040733592,0.6356701843850785,0.07359545580815482,0.06469414017767788,0.06853131291968781,0.61572793889767,0.0,0.0
0.0,238.97485099531468,293.840044744511,102077.2631053928,7.4926785826117035,180,1.462249358103542,0.6081389605628786,0.08701344893362552,0.03088157514786086,0.2834450699304523,0.0,0.0,1.0906175121912665,0.155330576481181,0.8394728793863376,0.3265975819920423,0.08848474044359439,0.03239556927757919,0.0880748738087817,2.3909815627341757,0.030150233653765995,0.9459496148503869,0.15555548075530976,0.8021845894078009,0.406208257655899,0.5256130384090298,0.4730794055455638,1.5068686852884339,0.035376907381933116,0.028796985582984214,1.403050242355897,0.46935708707946994,1.3559101355810035,0.6254316898917639,1.3776020292199904,0.1555075755798044,1.1037293653440037,0.18099898202694953,0.03086770559317455,0.24473948453851604,0.11874077412270612,0.58076783459272,0.0668969947562801,0.06905955614752578,0.06331277633572913,0.64446161900621,0.0,0.0
0.0,238.6703747129614,300.99165423988813,101550.68778532452,9.225496144252725,180,1.3414486008435647,0.6132443749842319,0.08743778652805163,0.03207990550639546,0.3232311666709803,0.0,0.0,0.9353848723439272,0.1552551664131953,0.8386017889382508,0.35707889083695926,0.08553243556285885,0.030473078272213457,0.09289411239928352,2.4317034133717383,0.03159606793795852,0.9773653965962931,0.15529206248070662,0.8037409891483659,0.3328544854483298,0.44433495068911927,0.48943378571776613,1.3343844687695654,0.030372734251917277,0.034150436220991724,1.5779126815336602,0.4456627875660805,1.3799795506002157,0.6242139481600444,1.3220792684600648,0.15530237046738699,1.1093931076957468,0.18909662263073984,0.03347413877262648,0.24012275068422495,0.10628850427953804,0.6486490068148105,0.07334505428105015,0.05716820983843494,0.07521411833664285,0.6237400660519479,0.0,0.0
0.0,229.5621915846862,293.00331623068655,101267.16679090694,9.421968873377116,180,1.34271426862599,0.6085890318693965,0.08948254279430144,0.03159533019082743,0.3108137688016827,0.0,0.0,1.0127172262767168,0.15551063778477026,0.8333199751120709,0.38279139099415305,0.09273766599225279,0.02667120835495744,0.08609387288507864,2.4426679009809726,0.03259567327990395,1.0158480699825887,0.1558155081611517,0.7994390587724626,0.37362433507822923,0.47800046516925987,0.452595066024296,1.3509601356593288,0.03070832316391753,0.03222820484206268,1.6010915788340379,0.45402369743062077,1.3469378784856887,0.6234908714053508,1.3579778384006103,0.15529219253829613,1.1071535657185403,0.1893567145410098,0.0372387507339146,0.23347263853110567,0.10709319976039353,0.6568122126009361,0.07054749620960651,0.07113579180256782,0.0686673288613092,0.6036471363251807,0.0,0.0
0.0,173.8378143773913,299.1625961906807,101400.33805701337,9.080384433024106,180,1.354678951369687,0.6074787885787566,0.09042199329785573,0.0307562910207285,0.29462476907016266,0.0,0.0,1.0876725009494193,0.15589616019115038,0.8373958137923725,0.39507151726079165,0.08529767671986059,0.0316710085486261,0.08132729791640113,2.503568307431394,0.03362325499349241,0.9313698437679238,0.1550956343663543,0.8026573014763257,0.36980327512024924,0.44890937239717493,0.46456255708487054,1.4395737704631943,0.030721749635446036,0.03176267458711254,1.5056218843861604,0.4582470375419987,1.2696886742485967,0.6136234134272778,1.2326789431925116,0.15564239363688573,1.1074494428178503,0.1723585972953969,0.03150457301518483,0.2289607010172134,0.10410479213839081,0.6330043899506612,0.06832476409626728,0.06493622117471279,0.07397075936194696,0.592009690863074,0.0,0.0
0.0,17.711207636703673,290.98579293491565,101712.41201918441,6.28271771598475,180,1.2918327106717384,0.6126101428306322,0.0790551772969289,0.029431634007477944,0.3232835848606574,0.0,0.0,1.0480304691881892,0.15541878598005907,0.8369191440201027,0.33696175758760666,0.0944150025654317,0.03394190169148184,0.08899389949358363,2.5620138741499807,0.033565344390440524,0.9701091206497785,0.15533998717264544,0.8019780666001832,0.38076228493341885,0.4502753968228723,0.4926720420462416,1.4326309944652613,0.03440496319444276,0.03293566522788998,1.4425342989934822,0.4447597627727283,1.3561916929193274,0.599999006123248,1.4253836694722868,0.15543566138986062,1.1068485922547648,0.1892738985427517,0.03234652125122302,0.239826159643777,0.10981491654893497,0.6326537948967784,0.06175059557718377,0.07333815762251261,0.06696085253796889,0.616060442446537,0.0,0.0
0.0,193.762942768008,292.4742928518343,101974.52015388878,8.182623327496122,180,1.4810644290113955,0.6144836493343737,0.09830708523837196,0.03014787024684157,0.33322560226383213,0.0,0.0,0.9879877345232265,0.15491152071451655,0.8382132066284395,0.38261931287484346,0.09774523544240596,0.030708227459483935,0.09225497389666558,2.2351265906362103,0.03058996759229652,1.0165033051494008,0.1554361546184528,0.7994269866361075,0.36480294828059545,0.45324429996419663,0.4597478483662757,1.425330347490848,0.03182571091282348,0.03074477770369069,1.4720872683850277,0.4337450040423954,1.3445447134668702,0.6881875389660495,1.4021421935081386,0.15571043648252725,1.1030530554764113,0.18780325762362832,0.035167898786877476,0.23791021975160065,0.11921208782881679,0.6370287879528219,0.0681274974529592,0.06766828771516173,0.06387432796587453,0.6355897275287518,0.0,0.0
0.0,227.7561560007628,283.34360292309765,100833.33039378261,9.10897384343426,180,1.4019308265184731,0.6074760924314776,0.0864849736231237,0.03207340864155247,0.2803318973588697,0.0,0.0,1.0477235108178014,0.15508533131746502,0.8374368281610641,0.3844900302887447,0.08685873471433884,0.0318871905544654,0.08696964965513533,2.7902874882681012,0.03333896864163487,1.0141741904296322,0.1553233543345128,0.8009712088099952,0.3517118649679008,0.46130545846918136,0.44284585389053416,1.261932213121306,0.031092154264590454,0.030536699393136867,1.5684475242513352,0.4817176876685319,1.3540580433192164,0.6214780977725648,1.3153628209598567,0.15588660038779037,1.104666394319608,0.17760689280926162,0.03050116869833165,0.24460120479800174,0.11376549646070086,0.6054766140485591,0.06707786619305074,0.07515203647997122,0.06889242304172376,0.5805138890015145,0.0,0.0
0.0,211.6217157548993,298.4289701231797,100246.9004486045,5.859711158708808,180,1.3699253837921466,0.6061380076548684,0.08910193875027037,0.03205640557652305,0.3144109549055861,0.0,0.0,0.9389152942933403,0.1553394326259016,0.8375728306257808,0.33951085075413534,0.08949459850480593,0.03279812178789565,0.09987684856058102,2.280366379479862,0.029700437059080424,1.0467193887882482,0.1558845278031242,0.8028020595219636,0.35813569632876474,0.46027975615184175,0.44458227829225777,1.44875552066927,0.035429394343798964,0.03256753920084651,1.591981790497672,0.46050261945687426,1.3059897991661462,0.6057543023867862,1.4462827419999822,0.15533503695021283,1.1023337302401695,0.1657015200648357,0.031182769728325798,0.23737140562498346,0.10861559217321286,0.5854295918258674,0.07410945583254828,0.06829389588873032,0.06947816215538256,0.6074484175312873,0.0,0.0
0.0,262.4014616271312,300.73784982495596,101360.98960096383,7.069498442144093,180,1.324983850160312,0.6105204471867876,0.08609609382675942,0.032818447391369236,0.3144677524203527,0.0,0.0,0.9598842924746823,0.15505606410816697,0.8394305164641025,0.36522108157182576,0.08462349294623991,0.028312081216911474,0.08748735162676308,2.356504362981085,0.02951686912300981,1.0581303273718714,0.15547191260435111,0.7993236489583756,0.36898005169939657,0.47998269871379506,0.4533492697590849,1.1896651801875264,0.032658667543851494,0.031884463759980344,1.5144183848365549,0.44783345033626265,1.330117522137948,0.6975520289703867,1.3467922264983558,0.15531597107312461,1.1025887975099926,0.17102640585161422,0.0293788640875158,0.21851197406765996,0.10753971479146733,0.633218077253202,0.06127117610850306,0.07028233187606922,0.06366392576750086,0.6057870260916421,0.0,0.0
0.0,181.6929823917385,291.81211669441177,101390.21462431445,8.876707451617724,180,1.3422307936566584,0.6088883604648829,0.09721352990498505,0.031111753718776825,0.32215054971504503,0.0,0.0,1.0330344433210648,0.15525521273674053,0.8419348254779221,0.3665076881931847,0.0821217413792368,0.032969979097049344,0.08833848463555988,2.2734639088569124,0.031659224759798335,0.9735427011650161,0.1550652265371082,0.8004051241088443,0.38683979474363517,0.4976024415825541,0.4718498778073994,1.3348751835252843,0.03165566180047636,0.028427326929114333,1.5676688541244972,0.4197542191863988,1.345144848295942,0.6157312844361171,1.3685210279138131,0.15551495599362367,1.1040030966375067,0.16153083416460098,0.029973204007727246,0.23081167003831674,0.11098375880723496,0.6284579425051651,0.07112122080152819,0.07188371909461319,0.0702031695816098,0.6527560985756232,0.0,0.0
0.0,341.16153780172965,285.39681328838657,101486.79955105406,5.19949973461558,180,1.3787353482958087,0.6122608786445688,0.09193727947386582,0.031798192058509644,0.32007483031659084,0.0,0.0,0.9935616217869865,0.15544309786281102,0.8363721865997199,0.37752571442253163,0.09187032355549425,0.031875079330903895,0.08615562552591313,2.3216636751154502,0.031020369849667457,1.0067509819462788,0.15536999354671066,0.8021237961379947,0.3601682635974896,0.4707032280540397,0.42711648900704785,1.439612880867382,0.032820382456007144,0.032416975537257725,1.6924639282870524,0.503362174075827,1.31667310266538,0.5896691708042885,1.3768362328116788,0.15522251877308302,1.1034896609318716,0.18350412083803333,0.03063330384956102,0.2323978170453808,0.10226505558446021,0.5949875325545247,0.0654295625182106,0.07511462007517859,0.06902564251340346,0.6647623270096775,0.0,0.0
0.0,242.05162429021323,296.7186530639942,102145.40803954023,7.981483887492787,180,1.413107756372504,0.6098842515221956,0.09380851418215753,0.03180495927700375,0.2889681657180076,0.0,0.0,1.0017320642174858,0.15511494123790245,0.8420846647383486,0.3634807779423186,0.08571833647187271,0.030721404945218418,0.09390462063305559,2.4613918036106206,0.03390979130697392,0.9794188019024517,0.15545495987836933,0.8017080726647546,0.3722905081893411,0.47535426862121716,0.42899144240574477,1.3343092712273306,0.03470836526994702,0.03266855013402762,1.5319347071917522,0.4500996497341845,1.3281920374221143,0.6765751735750758,1.239620349031922,0.15562347998901238,1.1051867319210962,0.1771972086037104,0.03175842676908468,0.2410578834067016,0.10796141347825249,0.6302859302413149,0.07283292566938798,0.06860811947007696,0.06827500731455755,0.6494533354316354,0.0,0.0
0.0,235.51325886805532,299.39967812902506,100878.84400188058,9.829299291166604,180,1.4261226351943639,0.6063673136242765,0.08207726251417624,0.032166215430895366,0.2898789878775109,0.0,0.0,0.955513179876574,0.15531681528776325,0.8371503516093334,0.3694703933866511,0.09104713383967912,0.03047894137904955,0.08931139470939309,2.4621348205095543,0.032835299180547936,1.0159304245418876,0.15524754106967756,0.8034689252679342,0.35034120491294773,0.4460472628462683,0.4391799143963729,1.1352861487995234,0.031032320811798998,0.03148064133503072,1.4219306635747204,0.47476775640521524,1.4188237452372043,0.607536066246174,1.459018674404321,0.1557789484534615,1.1061540517499195,0.18805979038630385,0.031221863620843483,0.23786406658550463,0.11392949785365525,0.5858749012185094,0.07187594525463621,0.07007999768301298,0.06539135701949376,0.6229098269519188,0.0,0.0
0.0,28.834926260103387,291.26977617802913,100978.66669044668,8.11257243768432,180,1.2908911642721195,0.6078555614719447,0.08995080998637064,0.03308448509250115,0.2868328095657966,0.0,0.0,0.9405378670941986,0.15524448176372585,0.8363619729590829,0.3890091732934655,0.08826882189258368,0.03292869748382415,0.09401746115858096,1.9264507238120945,0.028565255219485657,0.9398337730151503,0.15528986630944605,0.8009973366551684,0.34148187431750876,0.45961547405100694,0.4322199462849413,1.141068585835685,0.028695895597605575,0.03318349484090345,1.4701357600144562,0.46061900573211745,1.443551276876989,0.6100063586259157,1.3120576042291543,0.15566885811852985,1.1019492541836833,0.1716930735811828,0.03149274192993725,0.23815443324545307,0.11073374420173132,0.6559595030470095,0.06443186984629433,0.07310069126969379,0.06269872122433563,0.6391761430329175,0.0,0.0
0.0,213.21260645875572,286.2572562965787,101051.40836358164,8.979741756981568,180,1.4693053703172978,0.6081867280384976,0.08997460114722626,0.03016563719835391,0.3330677840924766,0.0,0.0,1.0510418807121782,0.15545205546879115,0.8420612880829296,0.36268375971354155,0.09187046860730902,0.033127222800698235,0.09157889552671669,2.402654906444024,0.032744168824338005,0.9413582200918315,0.15539777845744368,0.8003112732466142,0.34819155750284914,0.46161101524463094,0.46458083168573705,1.3906172313087697,0.030908152378063984,0.03144886646896654,1.7394181386272194,0.4140562149989511,1.3242861410086773,0.633247774424505,1.283085671733774,0.1549516777157353,1.1079370272326294,0.16361477044699568,0.030626927215819843,0.23802594140504882,0.09923857316073974,0.6405058578483194,0.06412502122800481,0.06341219136552051,0.06729940677264583,0.5567534507333217,0.0,0.0
0.0,295.4474719957614,291.0024339371435,101587.03025912773,9.206712845104345,180,1.2228659230549856,0.6058931269951524,0.09095168119397326,0.03248927198179348,0.3052774279146898,0.0,0.0,1.0744876451072953,0.1555310543075515,0.837628813948368,0.4283433933928442,0.09782071666704918,0.031001105260625685,0.08961901280310897,2.5107712962600957,0.03153166165123718,0.957204640290601,0.15563618591124584,0.7975998327546885,0.36484038570386396,0.468864058152241,0.4460017051143202,1.362729140100361,0.03235603068065644,0.032696615086356594,1.5872836604108562,0.4137425000976771,1.3532749803741417,0.6621354734024026,1.3095219865215517,0.15563827840404895,1.1058569564773122,0.19378836957726214,0.032702728978216494,0.23203799199357877,0.10720845033742389,0.6513463700436266,0.06813791741290114,0.05970536869902062,0.06685403791133367,0.6506267281633994,0.0,0.0
0.0,43.144986564779984,289.42324082540034,101145.88355477297,8.503936067113433,180,1.485757680002995,0.6043438291562485,0.09124555754388816,0.030371148002613313,0.30539430569192655,0.0,0.0,1.1153441257641485,0.1552981018723509,0.8366039516698852,0.37531832067978105,0.0857770316134407,0.033047916434943245,0.09965841228712582,2.160726757363406,0.03378605604702404,1.0167165675637437,0.15550985450696356,0.8033130695330543,0.34862201639986184,0.46508333231407617,0.4503853433175101,1.274727092400487,0.03296601926564703,0.03366261980128192,1.584862532820168,0.463470008628377,1.4729031730887965,0.6543523890278403,1.4318494016449288,0.1558990861912606,1.100960530270492,0.17161463407105024,0.03126840142078023,0.2519385219543848,0.12091742253129917,0.5809404276087642,0.06193334906752046,0.06642313315191443,0.06659521386187199,0.624162518237388,0.0,0.0
0.0,187.72886248412834,297.32635459908926,102003.80447011585,5.558483597904779,180,1.4300986069768415,0.6122362516579255,0.08297757693343986,0.030910482775588024,0.324768530096863,0.0,0.0,1.1285126118522557,0.15651730750067308,0.8355077769974391,0.41252971393512755,0.08577299154439598,0.03514648672063929,0.0898724630828438,2.541458455692383,0.03144346549360412,0.9245758464181376,0.15540374479404484,0.7977028586485042,0.3335988233980598,0.46511876274311686,0.44988286239498215,1.2935108816761665,0.035363144694536476,0.03151838070919992,1.4955966958196827,0.4387271153345274,1.4049757963080167,0.6433389531441148,1.4289956175334053,0.15530983254258765,1.1047401907412568,0.17957019873015276,0.02986729409515911,0.21731019508736088,0.11580014191554176,0.5686192047974574,0.06611535879476732,0.06833764363263548,0.0690141971086519,0.6677587545396577,0.0,0.0
0.0,292.01320345915235,288.90444923377873,101537.08775391971,5.519654945224334,180,1.3758681267276038,0.6087565611182222,0.08801353550928731,0.032998376096560054,0.2980110439205363,0.0,0.0,1.055851805913572,0.15521666400882114,0.8405616042574269,0.3705665808755517,0.0880054343402596,0.03323981578114799,0.09602364940611573,2.5718623066134447,0.034974753543475616,1.0856672954517939,0.15548116186881158,0.8013623816218787,0.404716035413511,0.4416233593870877,0.486374304671212,1.593330040055642,0.03159529100785278,0.030042389062248986,1.4459123056075036,0.4812483883375704,1.4931622522854917,0.6657697977759813,1.3615383102765946,0.1556676428356958,1.108644902366606,0.19101418445663196,0.030669256683214192,0.25082925585781934,0.11019239306077386,0.6228815566083543,0.06946766517393069,0.0654485482691427,0.07230910959115204,0.5898830494844408,0.0,0.0
0.0,267.3318311456028,288.6767183261568,100543.81484327163,8.013720602434226,180,1.3477317416930579,0.6111031759364938,0.08550296083169963,0.031028862124490523,0.32533470276631604,0.0,0.0,1.0605273318778572,0.15536550190892656,0.8409755513192185,0.3804430629358583,0.08636334554713357,0.03158750978698261,0.09234224563503478,2.4620399332897644,0.03531553983844313,0.9635947367325707,0.15525870128069164,0.8016174359580249,0.3717182001021329,0.45095069962831064,0.4568017055236971,1.536866262608288,0.03263480514651916,0.03165704519662972,1.5152892032598988,0.4639129159713394,1.3875811972484458,0.6135719879139402,1.2648530829040256,0.15535346378564888,1.1016009704979801,0.16906762618442184,0.03143910897140239,0.2521495735920819,0.10720290593719625,0.6021808197640234,0.06926635618879463,0.06139938287082438,0.06357385057852105,0.6081663166447069,0.0,0.0
0.0,344.7308391397314,292.01029545339344,100650.75919468742,7.6102411904243015,180,1.3539134291401975,0.6112987533191823,0.09118440021704573,0.03315860823809551,0.32042381246886253,0.0,0.0,0.9649626291359358,0.1551447238205325,0.8386717286954799,0.36982397841495207,0.09530196391013578,0.03445817157964943,0.09568755126491497,2.4497648962888134,0.03272178068842679,0.9970683450637149,0.15586951453646816,0.8020867778697037,0.36427051385209247,0.4781516468932811,0.4611175768922863,1.3636088547278233,0.03261821385760395,0.034365328286669904,1.5155933178644025,0.45344912618582733,1.3336572139321246,0.6665466253212912,1.3176330368729219,0.15550454662556476,1.1034826572322334,0.1813117755339379,0.029700369065985343,0.23508517063586684,0.11276393661822674,0.6345719082651421,0.06592751247860822,0.0666075295617349,0.0702464825834617,0.663217474418662,0.0,0.0
0.0,212.2981454590014,288.92974914124835,101425.97975448438,8.109457988399804,180,1.1868807418343823,0.6106999805149517,0.09041565551507005,0.03339299635690805,0.3148057342228314,0.0,0.0,1.0713043541811471,0.1551303442129631,0.8423369496732921,0.36617966510104066,0.09815408598327464,0.032518734643749624,0.0924844387353834,1.864676478857167,0.028561322709082137,0.9715475796084481,0.15530321720938048,0.7963825366277375,0.36961290096602295,0.4592492609026867,0.5374334386360997,1.4355497920471165,0.03270387163264469,0.02839715529432334,1.5304280886906965,0.4616179626728401,1.3393370667325906,0.644120310731622,1.4192085642519157,0.15541481863559622,1.099931591169751,0.18290084210649898,0.03378362416981909,0.2515073103619903,0.1194663999289181,0.6405232137840887,0.06641824873453063,0.06034233878055951,0.06557984380309623,0.6762555083086333,0.0,0.0
0.0,93.91212090026896,284.2713686770863,101721.93675388015,8.025906131484438,180,1.2872023830392811,0.6114682892233186,0.0964032974411464,0.03214104955084835,0.2977928815141755,0.0,0.0,0.9564260889198661,0.15504461312667972,0.840341592651756,0.36465771621146986,0.08939029595103411,0.03165129141621444,0.0907695066108651,2.338188206309704,0.034306875116777526,0.8746097261041278,0.15541714772061505,0.797219831801127,0.3725758421447338,0.46689557222047867,0.5276740077692853,1.424905163105719,0.03170189037283833,0.033288205454462476,1.6453784430213603,0.4702386850669938,1.387865672348651,0.614773245470772,1.3921215248536025,0.15575982164374916,1.108198110501032,0.16716839724243165,0.03354104451281828,0.2415718401310107,0.11549702953072612,0.5910170403420669,0.06919910365510122,0.06287033415662684,0.0624542773355217,0.6586344898432713,0.0,0.0
0.0,233.96470373784618,283.7509235297708,100887.64261547729,5.067352734801266,180,1.3530773376848286,0.6109931393459571,0.08819322297122355,0.03285473098676623,0.3048282493290476,0.0,0.0,1.03726338874472,0.15531734615674975,0.8352597043881534,0.3542958618901452,0.09092112550452087,0.029065524914218068,0.08416280756387154,2.1851149902204674,0.03245022877861011,1.0431613284882992,0.15548720418883988,0.7965505134385297,0.3512484286332463,0.5140961888010369,0.47514126082487107,1.4232940331944055,0.032768535540078934,0.02986651982131792,1.5854114114954423,0.4306990213092366,1.4492313852022554,0.6279584892522215,1.2735827939464994,0.15580952135655218,1.1043495444596756,0.18538257600353542,0.03223600569289097,0.2532570966686295,0.11356602877728356,0.6416329085046006,0.06527151543919579,0.06158988395082254,0.06742907884857195,0.651056360306778,0.0,0.0
0.0,286.1977664764671,298.00335178405504,101266.14566566909,8.508824734025767,180,1.2875832459049175,0.6037760563291656,0.09243913565017343,0.030044990421711628,0.3103889790171494,0.0,0.0,1.0559683972637561,0.15497639704324181,0.8369221462014564,0.37822260708984523,0.09371186704179926,0.02963417654125292,0.09536312670201144,2.584600067495436,0.030706696047452766,0.936599606497817,0.1553895495193113,0.8025350096725633,0.39148459142561226,0.48238900788307054,0.4617803608196227,1.279217267403928,0.031228933492866578,0.03542525466025616,1.491866946114797,0.4459745269013071,1.3754592828763887,0.6442997207789172,1.4241500527381687,0.15607227510503058,1.106923562961902,0.18011516154044563,0.03208686489457695,0.25772016048169266,0.11097441415476417,0.6019336045756598,0.06810819829330136,0.06213389947264002,0.0683736049464135,0.6708183805638458,0.0,0.0
0.0,297.91558702985714,293.6576928964517,100764.54414493933,5.487508305995653,180,1.3567197911758115,0.6080042234402371,0.09009591069627337,0.03157343660728406,0.29921347388010605,0.0,0.0,1.023362397704828,0.15570105755818342,0.8414381690298586,0.3544740705963026,0.09143458894216179,0.029812691630686283,0.09189448014985219,1.7133081577748568,0.03231170414309142,0.911105761831549,0.15560923307172317,0.8009339207139168,0.3703051250325688,0.47798100752568906,0.4467725138399543,1.386317264261067,0.029254026258471195,0.030181096887875434,1.5984859231513415,0.447531367264237,1.343252786550642,0.6578475873799644,1.3751111120912232,0.15557773193701602,1.0985907036269467,0.1983782034506459,0.03114530966648578,0.23116213852536732,0.11442438733453913,0.565945419669734,0.06533187272249694,0.06606960083202205,0.061801939744117,0.6542328475280084,0.0,0.0
0.0,336.7091655632801,295.84868015709475,101351.16628177132,9.116963516433161,180,1.244966335606439,0.6080891200772989,0.08933503363271861,0.031257747607842105,0.29503051464162927,0.0,0.0,1.1042442050602717,0.15545963214594005,0.8382110270932099,0.382107917915778,0.09795824980198188,0.030412229192928752,0.0897499037957569,2.0910527349681454,0.030013133990858733,0.9975469766577929,0.1550194029168753,0.7969639064194121,0.3833008219170953,0.475809574753877,0.47895060991367755,1.3936067629827378,0.030989701547150115,0.030433349503427156,1.5683713237851105,0.447491021132498,1.3405452482551898,0.6421263919770767,1.3600071336159183,0.15519151405114484,1.1070479561826185,0.17799833240035057,0.03269635222719856,0.21570823800115335,0.10871964164153107,0.6314211883069183,0.07212830158685964,0.06605168238291428,0.06703927040335408,0.6138926130141578,0.0,0.0
0.0,228.63788515441772,291.0136246357366,101322.62840212088,8.119191878525065,180,1.402313345225315,0.6116373081469488,0.0839940102704934,0.03474120775956134,0.3085792664327024,0.0,0.0,1.0889917538310805,0.15567795826115238,0.8378582477072329,0.3775015825372806,0.08906147737364856,0.03352672765448284,0.09012673211385422,1.8914161505583016,0.03259822679663969,1.0149305594156433,0.15546425210764991,0.800608146102204,0.4014989627729266,0.449389075784456,0.4829803118255614,1.246249566204377,0.03231046135436655,0.03489503787124326,1.514597871197234,0.4428507759851809,1.3245688311147608,0.6531038529286614,1.3713140195352622,0.1555269982989899,1.1044684874181578,0.16824211030130484,0.031522407145219866,0.23740250036119884,0.10285114750264368,0.6358697845531252,0.06427220810460549,0.0682305032748953,0.07318251839638695,0.6110226658549264,0.0,0.0
0.0,212.05695316921143,296.98052624023745,101463.12080476485,7.0860479004196915,180,1.3473303982168134,0.6115042728575891,0.08907042338890911,0.02987311965891995,0.320388258067134,0.0,0.0,0.980706810742884,0.15516354119570375,0.8396600512440987,0.39095515260399205,0.08847281782029622,0.0317045570344916,0.09359525830981541,2.337876554791189,0.033418741228492546,0.9220303015795106,0.15561003676018292,0.8021806491634209,0.3785940471299555,0.43838167450709464,0.47533318402845615,1.4385589394801233,0.0307194014832106,0.02921281179262625,1.2772887735169502,0.458639354984663,1.3834614120237003,0.621764166900694,1.28970651063306,0.15552948045418455,1.1013674881075322,0.17807972599571154,0.03223392645635596,0.23834250388740227,0.10771850589759013,0.6278658656591859,0.06980947179968483,0.06148724484805998,0.06759525686683103,0.6549391110928506,0.0,0.0
0.0,44.368929886736424,288.8816962572707,101393.74294643091,7.073228956841043,180,1.3770463344889878,0.6082688461700807,0.0935885775107641,0.03208338261702264,0.3007155337404733,0.0,0.0,1.1034256227168595,0.15546864710639868,0.8375191332947722,0.3841601374778828,0.08929618633766272,0.03128038517649972,0.09520011469793196,2.1745324867379727,0.033649165173733224,1.0282778687279346,0.15542648764528227,0.8005946138462969,0.3703340714860355,0.4459060136808847,0.5101071773136896,1.3695018817941857,0.03122549018592505,0.032884690039092355,1.5610005897363968,0.4778873567071036,1.3477782603887414,0.6645309778098631,1.319716347818379,0.15481479523519692,1.1007902800412483,0.17677121275733437,0.030567215401943515,0.22007118243114374,0.1097254048388887,0.6097989298174173,0.06890640909017996,0.06697927366834998,0.06584127661769658,0.6440425356466923,0.0,0.0
0.0,339.8869413689238,300.5950603377334,101743.07167995612,6.997490646706643,180,1.221293650223521,0.6086069987084242,0.08481926402923333,0.030837241304344502,0.3343772540862766,0.0,0.0,1.031481906373747,0.15549992102518348,0.8410902113514324,0.35118071371704324,0.09110671499548657,0.032706364636945276,0.09628181466563557,2.2556770279478204,0.03351425272774534,1.0096640027057633,0.15555614973735876,0.7999159050646193,0.3480371549773602,0.4587713009790483,0.4685829340881331,1.4364607306201158,0.029731817225281388,0.029308411071562207,1.4129773256668243,0.44100236334170795,1.5040476106123417,0.5899573180045492,1.3835286738249535,0.15552989381412355,1.1035927190022397,0.18076710333156465,0.031818498906291695,0.23764178140837955,0.11001466237836215,0.5995410518217179,0.06924897418289262,0.06700142131587819,0.07746174156241792,0.6760376806771659,0.0,0.0
0.0,158.91994592518176,297.9624724486608,101529.83430751861,9.169213273852932,180,1.327298484717206,0.6108358772161901,0.09040291479730844,0.03112362188723501,0.30767482091902015,0.0,0.0,1.0886310720745016,0.15545953017764894,0.8372561815561339,0.3177648894725475,0.09704452511342704,0.03081942176427664,0.08299460878193998,2.233625923306377,0.03484097219193832,1.0354665846624977,0.15538730477529483,0.8007145078269294,0.35929717886183354,0.4924885278714524,0.4843533503004411,1.4799118365353607,0.028669352840163937,0.03131688609689197,1.6107104394665557,0.4803065646362819,1.341171045451121,0.6260586165407107,1.384159008139405,0.15554107254641167,1.101065961852257,0.1814538554215465,0.03067273658841365,0.22880102820308898,0.10505468968556403,0.6266911372748453,0.06942169129423466,0.06909545282477692,0.0708923716335621,0.6676997925480004,0.0,0.0
0.0,295.16125732006,285.61772806109695,101257.41628081501,9.385767672545422,180,1.3012741978553792,0.6102983370945547,0.0859725456556676,0.03181553023462986,0.283319594368671,0.0,0.0,0.9871347681467283,0.15539918352122398,0.8359955525097325,0.3637773403390529,0.09172029149598376,0.029339141476442936,0.09431496512040523,2.1388743733995823,0.031119167806023904,1.0464410692096917,0.15520597310065426,0.7993709661778612,0.3766015001040528,0.4869786039563425,0.4653968214162675,1.3686786736366874,0.03171353651497937,0.03231586226198005,1.556215989990095,0.44782508256740805,1.4480623457563073,0.6722671247351654,1.2912173832839793,0.1558814883577899,1.1055742899390006,0.18440532419188807,0.029494470725091433,0.26367267816951895,0.11512263873789776,0.5198423915337685,0.07000383171444116,0.06385881397461413,0.06957432451333989,0.6269594105979337,0.0,0.0
0.0,310.84624037818054,293.1140297206348,100905.24243629222,8.04896623197449,180,1.313731976686707,0.6124259685003645,0.09034438430253347,0.03190707587050081,0.3232360894824589,0.0,0.0,1.0039448131575548,0.15559701428707048,0.8383294249746024,0.3944743028524465,0.09902897834305255,0.03270105342145364,0.08860339050932144,1.8445318583640382,0.03143552962504991,0.9868299032246403,0.15535434905157106,0.8016556430620191,0.370564418145111,0.46112395437231835,0.4846663240243171,1.3309362689201456,0.029351224404526016,0.030411824987663226,1.4791088456595887,0.4811989579446678,1.2711923024779517,0.6331527914894958,1.3510825359018406,0.15520650513466427,1.1055724830050493,0.18924002997709535,0.03024478801900733,0.24817153283336246,0.11360021780928192,0.6366757862119692,0.06664753042230671,0.06410157520155078,0.0703302421240529,0.6280556390664018,0.0,0.0
0.0,223.8514113011098,299.8557795652158,100791.83897227957,8.711801091234705,180,1.3461337315538242,0.610059905891242,0.09368809736051976,0.029724852828045323,0.320128922994278,0.0,0.0,1.0908066515801214,0.15483293937677475,0.8400577994295828,0.3306908476279494,0.08988451948632128,0.03171710260946032,0.09078416948914242,2.147216443496723,0.03262852900836576,1.0454040992033937,0.1552102114029954,0.7990863534077355,0.3361630122296687,0.4599532587120588,0.45222904447279294,1.291600266732097,0.032391834156420385,0.029743986435516664,1.4266915218532839,0.43774929780726785,1.2913193615160254,0.5548138378046776,1.269982180270103,0.15575347852026294,1.1079781974917375,0.18008926774385892,0.028025003188508098,0.24358052824081658,0.11040459801500407,0.6071197158224615,0.06654764308870988,0.0720467362666998,0.06927942863497878,0.6315973661155699,0.0,0.0
0.0,259.65081112087927,285.5719025690547,101072.67533127536,8.186851772581846,180,1.3484315709947832,0.6080061672175452,0.08670839640681953,0.028323821414241543,0.3209187252758391,0.0,0.0,0.9604118245525791,0.1551811382756756,0.8389551671492628,0.38432116893702417,0.09334996255950585,0.033059701291371694,0.0821076833580181,2.198119833029837,0.032123751314888004,0.9600244719224276,0.1551144287097478,0.7988006939155105,0.38618910604429885,0.46135245169698735,0.45800879772919734,1.2413176925906824,0.032737981093107396,0.03221773493355543,1.441980862292348,0.4864421541539766,1.3929265087651896,0.6880436567425012,1.332683874824986,0.15541066607132686,1.1079511488314882,0.17918240110844316,0.03299295875313375,0.25430958086351146,0.11239582993571197,0.6296308964706708,0.06977055238701517,0.06782723059087126,0.06580589732201371,0.617836212095719,0.0,0.0
0.0,26.799129712426346,298.39820047224316,101504.16155699428,8.772362428128558,180,1.31115352709968,0.6097379845559231,0.09439269015248142,0.03332734598450791,0.30496948885279884,0.0,0.0,1.0630125660465541,0.15576415995398754,0.8387425031296754,0.35453508147155977,0.0849975358949672,0.033755702654563575,0.0908779559961239,2.0466520910310364,0.03368945321395897,1.002591068869024,0.1555749304206708,0.7992883198787426,0.3671342640761771,0.4936480271183359,0.4742557909603035,1.2605993059298763,0.034134479820336586,0.03442494981987526,1.553592114476802,0.4391691159318636,1.2905018463884346,0.6739994136072437,1.1521380618776131,0.15542361945536945,1.1011941474859426,0.1798065552238285,0.034288042060046056,0.23608615280545622,0.11506459622925268,0.662264189136182,0.06794897738203712,0.06719215474109581,0.06445262424145114,0.5951620705436022,0.0,0.0
0.0,339.90391058795853,289.33296873509363,101337.7446180053,9.212941313842745,180,1.412046146131614,0.615675756769649,0.09307371649856028,0.031253327876806666,0.32148016092922693,0.0,0.0,1.060132608681165,0.1551940728336409,0.8362886934259085,0.35220426846911423,0.09330637424421397,0.029818111334936136,0.08139022456840823,2.3587056268643036,0.02900216451413384,0.9763544915679757,0.1553681138628364,0.7977727451459942,0.3835169593400265,0.45650196091753564,0.4296156065235163,1.4418927698628903,0.031063553109275614,0.03359704623296224,1.5787238710140685,0.4619604660361252,1.283062872577452,0.5738356718443154,1.4316060062796032,0.1547474830447601,1.1050799189518061,0.19242851872374037,0.032242777765196275,0.2246219977061622,0.10570773827471547,0.5993267054070015,0.06766717334258965,0.07136354015725775,0.06688442488684766,0.7002059755853215,0.0,0.0
0.0,260.9648897702223,284.1320321108859,100892.97204234921,7.885078885352033,180,1.393330926073985,0.6139521450959917,0.08442748142408482,0.03354457006580907,0.28817881170657406,0.0,0.0,1.1107230695271397,0.15541152512197828,0.8338865339431281,0.36979729722040944,0.09195323524746783,0.03270384094560351,0.08970969167351454,2.388904066629192,0.031197564473576956,1.0246395139447808,0.15578480682510704,0.8011961104380885,0.3944006797513329,0.47832870794422405,0.4757040947195736,1.6110595041794573,0.029233888475057316,0.03131946886689643,1.3649709672973598,0.4656858352149384,1.4021973488421133,0.6490856144954121,1.3757520233906537,0.15531161044231062,1.0991565888771273,0.17974791088182107,0.03473461988653252,0.24604464488167738,0.10765242692112338,0.6318750929713247,0.0722779039259689,0.06489979045718143,0.07008369021411551,0.6349052750513096,0.0,0.0
0.0,341.73953131535404,284.06119880854504,100753.95417130449,7.78522592019473,180,1.3561421894435814,0.6103474931688389,0.0871619646809981,0.028719338800694282,0.30766192143603754,0.0,0.0,0.9748927763928668,0.15541918103086103,0.8378020535422488,0.33606866529016666,0.08850686021338913,0.030388325511138785,0.08114658664231823,2.597813868437618,0.032777376729052836,0.9615940609037165,0.1553326083679617,0.8000788630800054,0.40919053836188546,0.46482861506025747,0.44020725587620224,1.2908410041157945,0.031676686385341817,0.031178396642033573,1.4879000551318196,0.4677584400976554,1.3439896154213502,0.6878878805759439,1.391885308050367,0.15581679036331064,1.1000697407495037,0.17704873151837336,0.03049166578595477,0.2113594365372792,0.10384602127521246,0.5837574713509072,0.062283467343339186,0.07203878616957334,0.06840114427419439,0.6552560033138853,0.0,0.0
0.0,353.5040400320812,295.43721152434756,100359.5994584378,7.330119930233137,180,1.3421693516079327,0.6091745218983177,0.08793327023132282,0.03139917449465965,0.2990685867784383,0.0,0.0,0.9662624486425727,0.15540701353539976,0.8375852267100109,0.3462928179957741,0.09120187902168089,0.029234349663606322,0.08533566728111135,2.591521141846605,0.031113926311432342,0.9464691831717601,0.15550790084283567,0.7996482559143877,0.38410522048560175,0.48440156105801635,0.47613205885018417,1.18398874001617,0.03489593684189476,0.033636542539265915,1.5959857479024482,0.4276377758674511,1.3062702240318562,0.6613047809711342,1.2847582295884816,0.15531226624605896,1.1082397366404162,0.18073334330991087,0.03195312633933942,0.2404181901434121,0.09948793166156222,0.6143130006470721,0.0689544028291402,0.06906074000091152,0.06310184678531859,0.6396285759672266,0.0,0.0
0.0,100.63532936256891,291.1843175910464,101184.37231235283,5.279131995493146,180,1.2873211497574568,0.6063747603329986,0.09111754661560437,0.028463618104602375,0.33390748336572174,0.0,0.0,0.9557948645624201,0.1555705791431451,0.8347959936360764,0.360399519834038,0.08792287867819916,0.02937495436843382,0.09265506042749419,1.8959598906378876,0.03536933657200942,0.9685215681614128,0.15513222765261853,0.7999084450836951,0.38445364928316045,0.4644392849511901,0.4717787616472095,1.541787979781889,0.02945140049069711,0.03295375980965288,1.5084628403485494,0.4522243187269628,1.363540506950015,0.5644416345458426,1.4550153153863898,0.1554773927263753,1.1065655500781977,0.18600624618129927,0.032864391777581804,0.23094959124189382,0.10888490539688878,0.6006709637670409,0.07299070638760091,0.06727337012724209,0.06973626966475842,0.6661910217797633,0.0,0.0
0.0,336.3914450389589,295.8667660575705,101911.7313720202,5.560660592551719,180,1.3543003001682228,0.6067792081255291,0.08777159268832098,0.03361229480225916,0.32429752698795794,0.0,0.0,0.9933975908145867,0.1549464385380804,0.8360821102727415,0.3608040699725201,0.08326982593891938,0.032834631744461,0.08625943058477457,2.1400640096654207,0.03062427395612587,0.9604925216471968,0.15521988580007756,0.8020457763368993,0.36397674800461716,0.4840535399823993,0.460138881678886,1.4106688507811425,0.03168566711687813,0.028408620697720273,1.3407570783304505,0.4386828504219273,1.4281914622326786,0.6016840464597983,1.2871094762518156,0.1554736652663342,1.1077806506127075,0.1781038525743129,0.03312450572017549,0.25331490718327937,0.11123462345343305,0.6038825503857576,0.06883935542459889,0.06274832011682532,0.07517409185879385,0.5829414733318292,0.0,0.0
0.0,291.66883671079114,294.8726992251218,100598.22050705983,6.771841777467036,180,1.4548480691063113,0.6091663264515316,0.08735039441778987,0.028268661726684553,0.3241751292675094,0.0,0.0,0.9935130038604607,0.15567256763382534,0.8387160989318705,0.3629540412504111,0.09230386150063205,0.03201641140834357,0.088516704574509,2.5050733688041196,0.0315960063115183,0.9872551460104148,0.15548202713056022,0.8009062405287202,0.3835854568004373,0.43153561720591277,0.4655951027638712,1.4507085272190752,0.032033968390701155,0.030713241183906254,1.4425959071905738,0.42111664592909426,1.3712616470301353,0.5998103181572694,1.4989103426751658,0.15543966196752235,1.1047539133099957,0.1931384365876531,0.03176756845103968,0.2587244381499297,0.10261740381869139,0.6131500171005598,0.07491242605362051,0.06548200653220176,0.06555592617775852,0.5998374577824732,0.0,0.0
0.0,22.582053348000755,284.5047210949583,101966.72886419558,9.43015116008658,180,1.3529514998972816,0.6085011883526845,0.09333010109607735,0.03350998679549506,0.33040059230379565,0.0,0.0,1.0490181380703651,0.1556474171108139,0.8386777105322377,0.3597518367234571,0.08650632458475566,0.032111889957690806,0.08578594259407078,2.3643718097457755,0.03313249323507802,0.9539710288494838,0.1556098725302203,0.802097372812399,0.3588828213654185,0.4443638059296898,0.45810678139707817,1.456169854395918,0.031280118109364874,0.03116592577738149,1.5856908364373534,0.4797873059221369,1.3386169353245951,0.6565951104128616,1.3437617898023975,0.15519395166033448,1.1064901942524616,0.1639290470898098,0.02874218932108668,0.2602985559665394,0.11011763545959481,0.6235920311859636,0.05922348312821996,0.06734255206778511,0.0672617458972755,0.6051870341384965,0.0,0.0
0.0,357.4767637876861,285.0201248706869,100448.25184787792,6.674756688224209,180,1.4203097566976348,0.607868752543892,0.08912264816904024,0.030703855165232663,0.306032284127816,0.0,0.0,1.0048121079043426,0.1554343582221553,0.8371246505249164,0.3621325158815227,0.09142792021005086,0.030815240553758436,0.08982469712313178,2.1869143905016646,0.03557432335816889,0.9762156931340942,0.15558062569197784,0.8009453156955921,0.39106635056666483,0.4647814156892583,0.45681244105857943,1.3473141401921842,0.03203118788838422,0.031071070877579016,1.4049354474560416,0.43590405856033876,1.3151858709859345,0.6411008547933885,1.323739912555493,0.15515598236807587,1.1054242581219844,0.1683338359479178,0.034954178404479654,0.23098040909192227,0.11241303123875594,0.6441229608685224,0.06989187752744687,0.07139250432449284,0.06761132542936593,0.6285188744091401,0.0,0.0
0.0,41.76138319115101,284.02217812930456,101792.58618932778,6.921343011036619,180,1.4113999263066894,0.611024037470909,0.08500254182447947,0.031507383685323784,0.30328100195930113,0.0,0.0,0.9763268497627224,0.1555006367343927,0.8352785854560871,0.3672139109668843,0.0891705522906375,0.028704108877738943,0.09051691062312885,2.0254276176740325,0.030776000379124074,0.9181211164128888,0.15561984050051925,0.7982202444671225,0.3944694065143966,0.4526980335989597,0.47882644974381566,1.3371074945787027,0.032376586520990555,0.03348259292256196,1.4901605639441706,0.438379759874099,1.3908886322617897,0.5528890782945665,1.3876786695834213,0.15568515042217707,1.1037387522895246,0.18399817851808067,0.02975742961635663,0.24467648374140066,0.10797383612262851,0.6099283600716449,0.06365794491157542,0.06615773704020946,0.06440118094099312,0.6172130147994234,0.0,0.0
0.0,233.41027863820528,283.516440706828,100974.40138074284,5.7274064878674364,180,1.3737580303487744,0.6083291615945443,0.09065620284965083,0.03409965985486059,0.3400891983610054,0.0,0.0,1.0599838629214506,0.15541182667587788,0.8379504759243394,0.3723220788083929,0.08212857217089219,0.03087732674003226,0.1012536985971619,2.1856452232848813,0.03259211855198326,0.9564083174034573,0.15525312236012534,0.8069181934127719,0.41084202282318444,0.4539319097327837,0.46495862010758704,1.434182585947856,0.03246598966737376,0.032929749651341905,1.6021995496645771,0.45094529926361665,1.4402209209798074,0.6467744820178041,1.3829335108700689,0.15565099335040775,1.1077430127692005,0.18656280903825231,0.03379429755625313,0.21902896946957529,0.11922692442533252,0.6564644109261997,0.07065161833072894,0.06904784428611341,0.06498278784394589,0.6880190798190259,0.0,0.0
