Wind Speed [mph],Wind Direction [deg],Air Temperature [K],Air Pressure [Pa],Launch Rod Angle [deg],Launch Rod Direction [deg],NASA Nose Cone|Mass [kg],NASA Nose Cone|Length [m],Bulkhead|Mass [kg],D-Link (Nose Cone)|Mass [kg],Nose Cone Shock Cord|Mass [kg],Ballast|Mass [kg],Ballast|Mass [kg],NASA Forward Body Tube|Mass [kg],NASA Forward Body Tube|Outer Diameter [m],NASA Forward Body Tube|Length [m],Forward Coupler|Mass [kg],Payload Aft Bulkhead|Mass [kg],D-Link (Forward Coupler)|Mass [kg],Forward Bulkhead|Mass [kg],Payload|Mass [kg],D-Link (Forward Body)|Mass [kg],NASA Middle Body Tube|Mass [kg],NASA Middle Body Tube|Outer Diameter [m],NASA Middle Body Tube|Length [m],Middle Coupler|Mass [kg],Foward Middle Bulkhead|Mass [kg],Aft Middle Bulkhead|Mass [kg],AV Bay|Mass [kg],D-Link (Forward Coupler)|Mass [kg],D-Link (Aft Coupler)|Mass [kg],Main Parachute|Mass [kg],Main Shock Cord|Mass [kg],Parachute Bag|Mass [kg],Pilot Parachute|Mass [kg],NASA Aft Body Tube|Mass [kg],NASA Aft Body Tube|Outer Diameter [m],NASA Aft Body Tube|Length [m],NASA Tapered Swept Fins|Mass [kg],D-Link (Motor Tube)|Mass [kg],Drogue Shock Cord|Mass [kg],Motor Tube|Mass [kg],NASA Motor Casing|Mass [kg],Centering Ring 1|Mass [kg],Centering Ring 2|Mass [kg],Centering Ring 3|Mass [kg],Drogue Parachute|Mass [kg],Ballast|Mass [kg],Ballast|Mass [kg]
15.0,233.65404498511126,293.7553038182512,101393.20790860058,8.828092744867986,180,1.270330162636735,0.6087464872946966,0.09088945814002822,0.03028533070934618,0.3175393143736652,0.0,0.0,1.0072795521655586,0.15569530552075378,0.8365383312771245,0.3757748289593032,0.08920004573679124,0.030113437555000802,0.0920366773156433,2.3882820660685513,0.033527422445088884,1.0036768948658075,0.15515734328314318,0.8010042627517039,0.38741592991464174,0.48102775470116654,0.45246799318951164,1.0891405729681536,0.03216779810276735,0.028845509224202075,1.6528525833425365,0.46338389628105386,1.3383781227363296,0.6581504762412017,1.2318848766213581,0.15534279717217783,1.106875734094587,0.16681682383356902,0.030360889191950232,0.22925391997732897,0.10881379754312218,0.6257967159848331,0.06988238378095538,0.06812153542519274,0.06390417023201425,0.5676587180350744,0.0,0.0
15.0,88.2873273290151,296.6280876477783,100932.1525823174,6.862063076270174,180,1.3727972221557063,0.6096170712846163,0.0995000613173923,0.03454462190689911,0.3015505207519194,0.0,0.0,1.0603724207273513,0.15539521503356427,0.8385280548848241,0.3475582994613871,0.0804432050304384,0.03169433604299849,0.08859270212684313,2.582728378068493,0.03426771547102576,0.9573872578051364,0.15561837771493678,0.7999568427695045,0.3788355906652586,0.4747281181282852,0.4334221530544715,1.3235240835691502,0.032718277072863976,0.03125111098716905,1.4899891272799124,0.43058596079729355,1.2596807708548403,0.6915292037169961,1.312166185805577,0.1556264215066836,1.109164142439314,0.18003626752119845,0.03375199341870941,0.25159206708523274,0.11299345231801045,0.6484188539212148,0.06026252259784796,0.06526724534851189,0.062251907183294895,0.6254617134642481,0.0,0.0
15.0,136.99129816759176,288.5862262913006,101373.51125238315,6.2118806673731015,180,1.2875113720619586,0.6057755499105497,0.08279196399707522,0.03500447524434392,0.29631375041626795,0.0,0.0,1.0740243480154115,0.15568897915198615,0.8340094900049846,0.35833165904383096,0.09563017700144566,0.03173348676356706,0.08743153638451016,1.8699358653531803,0.02974872455475619,1.0180826355390562,0.15551678704255018,0.7980886245270933,0.34362661747057155,0.46945072348303607,0.44567068762177564,1.4217652040784656,0.03227989149789231,0.03246324787154917,1.4744755516126316,0.45602597487407004,1.3258723299753397,0.6620081936299205,1.3261778252523568,0.15540519579063836,1.1051611348932664,0.16784869563320798,0.03258695675645349,0.24610838112450467,0.11523082667891071,0.6566800398808432,0.07068696597855702,0.06839356411358236,0.0602069260229665,0.6496463576455249,0.0,0.0
15.0,98.35301708484846,291.11829368795486,101460.02969480141,9.004196372866492,180,1.3303233004290982,0.6096022008575916,0.08682286047580678,0.030185221415868588,0.3088157817157241,0.0,0.0,1.0504205049169724,0.15588523291041265,0.8395214109988588,0.3882158616876497,0.09196131275248312,0.032902602157896685,0.09105808236070906,2.146844188533508,0.030153055553280614,0.9635377723074595,0.1556721568366406,0.7994618782201636,0.38480605910494026,0.4958155003687336,0.4468672792678551,1.3285061165824057,0.03070444702430181,0.035662311108062984,1.5726466467989384,0.44069006215048323,1.382338618917647,0.5774816509854853,1.3640094372678626,0.15563869363850014,1.10498974114114,0.17793771520424895,0.03175783700100332,0.23914654609384428,0.11023162943965335,0.6348587846876245,0.06851388041877769,0.06566710859167338,0.06893390932035831,0.5851478326192859,0.0,0.0
15.0,26.516853132061048,301.6356252480977,101481.7095272797,5.818869072042727,180,1.3583226572920835,0.6093438914865034,0.08947736334822896,0.0296844563352564,0.28852341639359264,0.0,0.0,1.0383609595234897,0.15562744913322912,0.8400187613224251,0.39217022987604616,0.08961089560245754,0.031226889493820555,0.08578524205021598,2.235960850981401,0.029488681322040834,1.039933949390407,0.15561629084764375,0.7955111216308696,0.3854876657780617,0.4320822126660484,0.4716944475962933,1.249421005443305,0.02990146387018371,0.03137709338456356,1.391227293790799,0.4689249083633737,1.2980211618317834,0.6651100775644145,1.3900433293730114,0.15534012740726486,1.1089257511826882,0.197287929572091,0.029884239284192225,0.23471298115823244,0.11577691053400624,0.627883436211071,0.06662179139056959,0.06531785203282697,0.06399709896636939,0.5681074065980206,0.0,0.0
15.0,324.66267952445827,296.20850253942075,100832.98976716053,7.435951772431794,180,1.3119943108097063,0.60842442190403,0.09133507092876529,0.03303400104610134,0.29775666801718365,0.0,0.0,1.0705375856208035,0.15518888866774708,0.8406578565720574,0.3847664179510933,0.08845138292215571,0.029102002754882755,0.09266514683374673,2.3064836604620504,0.03269343587023489,1.039008119857557,0.15538807506804292,0.7992164543208268,0.38604380619506473,0.4705556710488184,0.4896550855746281,1.4624173321832825,0.031157887797927778,0.03396019415465936,1.4329511609628722,0.4521436521465558,1.3849816540419504,0.651391378568851,1.3818681953996819,0.15554294578510494,1.1054906989325017,0.19331146637975297,0.031817122845195264,0.24856585406389609,0.1244322485278353,0.6149837105690662,0.06709403707055656,0.066250738234238,0.06545257694531627,0.6063516881520078,0.0,0.0
15.0,211.75998256831713,288.1124085658175,100463.03791497371,5.814610797249592,180,1.279990293052372,0.6078272761744595,0.0922553386796834,0.03299381148449574,0.30428407503828414,0.0,0.0,1.0440772620180427,0.1555360640579524,0.8343157522522835,0.36470575624098855,0.08924109949108681,0.02981921458972835,0.09796975931863174,2.4589449079290815,0.031401520643694815,0.9893463359362537,0.15567373104001603,0.8051764914657717,0.3673709454843245,0.4735715492538818,0.47836864775354454,1.3576590639221204,0.03241432564406874,0.031543944544623705,1.6046259238636122,0.4471583080206757,1.4048427520955529,0.6220419772680391,1.3516794917988564,0.1553453247113661,1.1057059749253566,0.1962004353115548,0.028485611507561345,0.251515765522825,0.10090077206561478,0.6909684392005369,0.06668143621897187,0.06890904697124174,0.06315196082927535,0.6260441655425522,0.0,0.0
15.0,351.4445515477264,287.3628038741403,100987.14592125564,7.923570560233525,180,1.4064604715502813,0.6076527856602226,0.09121447959635978,0.031997030842651424,0.3094722009338087,0.0,0.0,1.0104787901862058,0.1557860643257209,0.8339187998740458,0.3562845985778241,0.09115303312781327,0.031936885045960685,0.09206485900254148,2.249254953685127,0.032077965552325415,1.0163053630675924,0.1553128554266839,0.7954748895850546,0.3492735102853762,0.4851800447053488,0.4646303533277156,1.270787601893685,0.03128963568140639,0.03159490971449313,1.4064472324905186,0.4880908734278849,1.3590554684054168,0.6569853643052154,1.4205322625487826,0.15516856386001499,1.1018258115969235,0.1759612918701541,0.028578079290135786,0.24482253581558722,0.12166790050939359,0.6030868014401264,0.062337391879280356,0.06823384994270619,0.0664816717314281,0.5785689848893679,0.0,0.0
15.0,101.24040785952701,300.9997739115143,101433.39843350458,6.034205605514425,180,1.3678731380539813,0.6110411892258804,0.08923071428775557,0.03149942445154605,0.2675375283728385,0.0,0.0,1.0794304662826613,0.15568157933870155,0.8378069900931282,0.3889610610277868,0.09038912474979532,0.03247458896678428,0.09192774550595256,2.345754129099228,0.03161312257859161,1.0512046404977544,0.1552587110126586,0.7973552605999958,0.39310831118094464,0.44731912293460474,0.45806269352671863,1.216328953773315,0.03190132852117033,0.0319496295011223,1.530602415850756,0.44141086442902805,1.4863040911285987,0.7000811636827989,1.3353410544833626,0.15550504913143995,1.1043326906779165,0.18503286677664976,0.029451537131824503,0.24647799964097591,0.11302639371381876,0.6277614163049201,0.0685742856776839,0.07169702870368784,0.0696606569910911,0.5873184438370154,0.0,0.0
15.0,194.20201285935875,298.7133718786986,101061.80813903363,9.105888403925956,180,1.355572778311262,0.6093281931458014,0.08693502956124363,0.033430175554786654,0.3148787493204534,0.0,0.0,0.9389753806683939,0.1553210934573821,0.8322016451862136,0.3587599101583269,0.08858618788739402,0.030340468106775115,0.09042540069572778,2.4692844086776424,0.03101879256342424,1.029391813631471,0.1557586363808226,0.7996659493349376,0.38092569500943574,0.49905222716105846,0.4441420989841349,1.3793374933113358,0.03185576710398007,0.03461695307939166,1.6845545094888321,0.4695648548354663,1.2836087143243162,0.6403368420093589,1.3351260169415016,0.15569047606409311,1.1062765754716803,0.1679099852993977,0.03196410493333674,0.22581173901656693,0.10821654585315832,0.5969604533048822,0.0677153640456721,0.07133946698024762,0.06338281074364013,0.5965733442046144,0.0,0.0
15.0,56.95914089091123,291.4439142536327,101368.19757779974,8.67743198719254,180,1.2505409335739721,0.6057905165359188,0.09195305176972712,0.033290069653282836,0.29176542888880935,0.0,0.0,1.1083551653703283,0.1554137891601324,0.8398432146582577,0.385802843517147,0.0946641190198806,0.030394987184463446,0.09003175553070057,2.208559469850619,0.03117922788150715,1.025197124625371,0.15517167234543094,0.7978728325716113,0.3644622536053667,0.44567313021283234,0.4216697952303176,1.3794739393388362,0.028276673634153066,0.033227712297153524,1.3818604283698483,0.49995257462178716,1.3125530264028429,0.6559477741080838,1.3571399452289086,0.15577302733584703,1.1059407223867244,0.182345717005989,0.03347119155604768,0.26055834321174126,0.11809799666360142,0.615950626755416,0.06427277306837595,0.06402493271370106,0.06452746189426435,0.5794943636359361,0.0,0.0
15.0,351.5893803524053,284.1807921149748,100925.34154474194,9.479599708367369,180,1.4008641232595085,0.6050745513674003,0.09099248426344905,0.031191333752177076,0.28897287302057617,0.0,0.0,1.1266745857247407,0.15600125269473622,0.8378396255306052,0.3503395502789941,0.08115245585706289,0.03165944991001998,0.08878400129279394,2.7330863857790315,0.029082293283149208,0.9575995172673317,0.15525969160244724,0.8028553638190398,0.3636125660055277,0.44973657597040545,0.5061297385714688,1.2701997151570892,0.03266445827353177,0.031000477624284203,1.4136487416689487,0.40259656477201006,1.3722747391175367,0.666159631025133,1.386320123213921,0.1553414567948362,1.1066921798919989,0.16569101038654696,0.030645739321524208,0.24511244667240387,0.10588639284586988,0.6584269051344597,0.06752715132027172,0.06822395898634585,0.06828668559013337,0.6160275304560057,0.0,0.0
15.0,315.46800621965224,291.44304420067886,100299.37874961681,5.517363967159149,180,1.2016849966139538,0.6098390761689048,0.09607630959580214,0.031369343134637184,0.301903448610581,0.0,0.0,1.0848272935266055,0.15577301464651722,0.8337575356864291,0.4085449761548218,0.09797623541433816,0.03264876503852116,0.09122382759138949,2.1823332388208354,0.033978224985531616,0.9109284431007983,0.15565788933479127,0.8008899550976503,0.3722262026999603,0.4525899009087965,0.48054632864303515,1.218250813920825,0.03278814057853557,0.03200546682877617,1.454142528892085,0.4375825059411806,1.3027147224851219,0.5644018814074281,1.1925535893473918,0.1556401022066599,1.1056283790451527,0.17295947060616526,0.03164194025379128,0.21905187695885636,0.11764032052982265,0.5998539070997541,0.06775436126067846,0.06485774873720021,0.06648299238256719,0.6528494332848981,0.0,0.0
15.0,297.4787086734437,287.9244733917671,101197.09654404658,7.189699787350342,180,1.4370343988352356,0.609785500626813,0.0848764310710308,0.030421106281409833,0.3275702010865303,0.0,0.0,1.014498180415093,0.15639366531358115,0.8412750398024851,0.37416436397253505,0.08657893279192767,0.033043196323291245,0.08805910905142623,2.1801465698495464,0.03259091657954183,0.9641327900756217,0.1553793921934649,0.7977501703339637,0.38638710940215,0.4448807514962563,0.4769318823855803,1.386840383469225,0.03300997148900541,0.03259393678524785,1.5050497355550925,0.45175898324860275,1.3204849193116341,0.6578152715691024,1.3841082857066171,0.15530220972561798,1.1041100687995586,0.18084110018991942,0.03501345131764463,0.2240799994661116,0.10532810785503877,0.6236939824873515,0.06431541307970055,0.06879113136900752,0.06460074254865912,0.6785666456271957,0.0,0.0
15.0,140.78921523059145,283.040057795918,101116.9088448851,9.822893267618227,180,1.2548683797064357,0.6149337649594268,0.09117673428762266,0.03022437239646451,0.3129466812091328,0.0,0.0,0.9504453343342709,0.15517231601610618,0.8394729383298778,0.37718862697124783,0.09492294904749304,0.0315300177989103,0.08928729233443315,2.291841161386004,0.03532857198708295,1.0398469889989057,0.15528471569122804,0.7997623921486899,0.361328470516365,0.49243808921575655,0.48235975587432983,1.2314454353983584,0.031232138629478864,0.03277659846739243,1.589622283046164,0.44778674427759596,1.441573397527208,0.5711465161962378,1.2906022215358715,0.15486644060367596,1.1041844010923065,0.18157360422650867,0.03373260531280026,0.24432887626500135,0.11505107967843282,0.6109313374726677,0.061989794585620865,0.06808415188285072,0.07050360081006588,0.6629527170694207,0.0,0.0
15.0,150.27710512990203,291.7889787971901,101483.21753101751,6.31927633546164,180,1.4296692216123668,0.6057513183459863,0.09192155194109192,0.032605713657876643,0.3328370190326407,0.0,0.0,1.0368043885872347,0.15517431245813254,0.8384402701463542,0.3668169737506354,0.09022077496092216,0.033868147796588643,0.09081656800465744,2.539083828207817,0.03403576550956811,0.9673189430024038,0.1554516061541285,0.8028672721498883,0.35678444630534617,0.47212646107325723,0.49119888707110754,1.341044296823943,0.029376421017539324,0.030426703828332582,1.4990826421381684,0.39895783327538814,1.3001387928064458,0.5721413827225925,1.4555451022172385,0.15605354288750592,1.1057347297964846,0.18253095439701184,0.032642681135417295,0.23599133453611046,0.10739912054329907,0.6584956707378286,0.06732367969401112,0.06898340052443774,0.06873784270253205,0.6307949012563501,0.0,0.0
15.0,177.84264219051119,291.7666893729314,101654.741404572,7.345467976763727,180,1.2889158803624055,0.60753115333104,0.09922194626143171,0.030852079417942775,0.3042852913513768,0.0,0.0,1.0238549765530636,0.15501350611905104,0.8404067815514508,0.36160824551905185,0.08803825507285697,0.03440437760323483,0.09050896641588091,2.2365654162436983,0.03542969549462531,0.9582493988832766,0.15534993543596975,0.7976624058327036,0.36676013731284807,0.44638313511065936,0.4422590158594848,1.3558737568381465,0.03161728398585566,0.03163422715211315,1.4087632523658224,0.4707250979321918,1.3230472572494008,0.6459922900703094,1.2526447150494102,0.1556783921164251,1.1060319462587471,0.17751428692538757,0.031646384871358194,0.24123068282581653,0.10545106890219848,0.6264474314383739,0.06689677331716207,0.06622852445654363,0.06640955259958856,0.6745003998497562,0.0,0.0
15.0,320.30079664567637,300.572355466228,101760.32341039767,6.197242625420393,180,1.3765043108531283,0.6113649928242387,0.09150110894114345,0.032686679034095986,0.306128337337569,0.0,0.0,1.0679998367111685,0.15592284748781968,0.8377997996079086,0.37820985305580257,0.08582787788530306,0.03265621776323236,0.09320558988695171,1.6886630808246634,0.03151143725319764,1.036119197631201,0.15542360932087507,0.7960859027147769,0.3447160965575211,0.5409488175907057,0.4378608999971862,1.1833529603486836,0.031104158966771087,0.03284167506456971,1.4351948871556908,0.452726771993372,1.3408441596043141,0.6401000167263162,1.4163402307542952,0.15569501632593494,1.1027466331601283,0.16992399460451751,0.03280237284886629,0.21103735419263028,0.1142797008653235,0.6205931021274266,0.06422040084015371,0.06867392265238087,0.06441120449389133,0.5705361562761555,0.0,0.0
15.0,30.606810303689052,300.9968643590081,101437.77706712644,9.192350209584234,180,1.4655282634997024,0.6045237188565941,0.08641272800828866,0.03042019501951881,0.3160468885062102,0.0,0.0,1.0010167778510812,0.15560916407205194,0.8376712740470349,0.343336550506367,0.08974530310524433,0.03204213917975605,0.08084312899016571,2.563976895584146,0.033793869677021644,0.9549438625209566,0.1558971490192141,0.7987044896112067,0.39083316860109246,0.4800250022006778,0.49434691039979967,1.2671369835265738,0.034923348062462604,0.03182454728152173,1.4520289526006318,0.44049225032924927,1.329710640455178,0.6531627586917801,1.2996891400781254,0.1553761315229668,1.1071857569225114,0.1822795757931273,0.029589937550673844,0.23756090523884452,0.11041250378344614,0.6303021282465072,0.06608691066667578,0.06649960503605595,0.05974321557114665,0.6451404557028445,0.0,0.0
15.0,207.17564399575522,285.488776123861,101704.33215162277,5.866049815924754,180,1.2966253811940829,0.6081155208855449,0.09347467092618925,0.029191929703088905,0.30529744400205244,0.0,0.0,1.0609597567182072,0.1557822543719791,0.8368302116772204,0.3806526998323787,0.09034045643113194,0.03230553114530707,0.08473261142192481,1.9980480923034705,0.0329625481819621,0.9633693620524844,0.155498259409617,0.7983705208708737,0.39318398662707077,0.4877816498337693,0.46882590855911765,1.3087471851840498,0.030833138204278406,0.033001404210275746,1.5064189547052715,0.44090951567548015,1.2881037407589624,0.6385990060287572,1.3716845346551605,0.1554666453991623,1.1059038328084163,0.17812297041507327,0.03316614851667053,0.2335325148765507,0.10693385617935548,0.6057640870930635,0.06587729725999282,0.06728977287627103,0.07105068942428944,0.5878110511848338,0.0,0.0
15.0,15.843013402057098,287.1875247037978,101591.75218047082,7.143744741902872,180,1.2716257801892976,0.6103494304390944,0.09833428235621396,0.028916928187449887,0.3532758300626725,0.0,0.0,1.0589509735217117,0.15608333009394196,0.8386198067118059,0.35197559869752776,0.09333919811133606,0.02767123697006328,0.0885026089939199,2.610340502286907,0.03039623633510894,1.0850492462404242,0.15545845480598056,0.7986836853582491,0.3248615665817796,0.4802778239129027,0.4740983622762276,1.213079294987994,0.03215598171724635,0.03148505497239417,1.5662717543752402,0.4591684297695362,1.3276046747708241,0.5842905987108948,1.2780313095440707,0.15491040633164974,1.1050083905409827,0.1683154621763027,0.03272097920320717,0.22262239147135948,0.10256488182346467,0.5774375009867802,0.063935803047361,0.06383499669802258,0.06241663670522018,0.6770783220398551,0.0,0.0
15.0,237.8768370495627,287.28785564154515,101203.9967204611,9.407904430123123,180,1.3848847066378736,0.6033014943100852,0.08426112347638592,0.03052358193108672,0.31513483839123063,0.0,0.0,1.0334873128316913,0.15534093570254656,0.833608319510401,0.35560028065664256,0.08976567558676125,0.031210456821259874,0.08735366438465532,2.1579693434761236,0.03257444755940592,0.9432425186932941,0.15496165962827604,0.8012192558093781,0.4047547909753698,0.46483685421662635,0.4614049247449286,1.2086749412375595,0.030715016649273754,0.03079965187273201,1.602172685163198,0.49126662155199985,1.338716388250935,0.6245567694107352,1.2852815846882135,0.15569780138082498,1.1041140043878483,0.15982416431674684,0.0331449145649002,0.22744713852318668,0.10780850826539534,0.6289726155707861,0.07010377593343929,0.06088967187216486,0.06645106838164914,0.6000186169399707,0.0,0.0
15.0,146.2671214541088,285.20790516690494,101018.35814605643,8.794945800094041,180,1.39341679478761,0.6112290818531491,0.08848658233452752,0.03079783195622453,0.27734915954701667,0.0,0.0,0.9962687245162709,0.15557936941321338,0.8433091762307765,0.3703626411231767,0.09627498114560451,0.031820566556912504,0.09281884739188503,1.8584333704451492,0.03309054088168005,1.0020106338749046,0.155767866461242,0.7989645529478836,0.36224402626986685,0.4592436055299833,0.4610483890338052,1.4188698907939643,0.031044941803084265,0.033784799767856956,1.484662611107199,0.4632971959036463,1.3291243453782746,0.6367334523860245,1.2949430846287615,0.15531837020962747,1.1003196657105385,0.19332576769916904,0.03179305169941028,0.21883757928055553,0.11399456192860419,0.6425948173613536,0.06291025625198021,0.06904468540302323,0.06701812024422006,0.6564336903814583,0.0,0.0
15.0,343.24776856146366,288.15626537828103,101735.44795520286,8.887763601222169,180,1.3393648172011599,0.6148055655222916,0.08913705932100895,0.0347291133924822,0.3081691793714637,0.0,0.0,1.0085679962375187,0.15535964608736194,0.8361184286962525,0.3960566743644436,0.09299001529341881,0.03158145630349196,0.0933600787706108,2.2302775740641794,0.030079086940780785,0.9044259481367484,0.15596173704439642,0.797060988523977,0.35319486946745926,0.4567190013126919,0.45908367464368516,1.3291734309511292,0.03305888416871169,0.03343592355002747,1.6792589028274338,0.482773975233889,1.379212593318782,0.6113732051810908,1.176620527568182,0.15532492283647575,1.1041248592215167,0.17900932962233246,0.03170611223660089,0.2452967889816332,0.11376383456797248,0.6547876735077977,0.06502500296639438,0.06307639975865405,0.07177801084450393,0.6206326585772823,0.0,0.0
15.0,266.30208777057095,284.328566235454,101924.79773142177,9.268616601283354,180,1.5428783608164567,0.6097507418164794,0.08997876149307689,0.03189780841103705,0.2871468832530012,0.0,0.0,1.0159484519574846,0.15565821446029304,0.8388327049795768,0.37626369857522646,0.08772835154205592,0.03476742333608323,0.0823579382606434,2.4411109067747376,0.031934452518162675,0.9721912457628074,0.15516911565571107,0.8003363040007628,0.37683626723583735,0.4736019378735598,0.44879204768827735,1.1818793711676898,0.03181734219866377,0.0318376162375386,1.5731469442630412,0.4342856979249929,1.395805893163077,0.623490637319717,1.4191144492591663,0.15538432779000355,1.109102518569474,0.18093025070291902,0.02998620960922681,0.23162759187195725,0.10955219958508552,0.6082984967212575,0.0672834770473769,0.06692510641005645,0.0707894480086634,0.5868498484027553,0.0,0.0
15.0,206.09709977996522,284.24523707841826,101470.76057612337,7.421816667560222,180,1.3641544080455055,0.6103592347859552,0.09189468351407934,0.031842666483933885,0.3090380086338535,0.0,0.0,1.03548241314227,0.1548534419783571,0.8381988958788613,0.3843706413612278,0.09148607928123699,0.03172218516221121,0.09049651507315778,2.402236400147173,0.03349190428247596,0.9959499463532497,0.15590756492651198,0.7997467769071425,0.3430755900676605,0.47335607171996263,0.43924804749098045,1.4417049871015801,0.03264102142959505,0.033228399122170536,1.457407923122662,0.5238017133867066,1.3341165874162735,0.5956188392841784,1.5015021538976634,0.1558495537733635,1.1071005318131089,0.17641692893686767,0.033072867206325324,0.2303242536739514,0.1083917925355228,0.6645856720770275,0.06367364752627423,0.06392943985348934,0.0645214769674241,0.6197516338392052,0.0,0.0
15.0,200.6236770070602,300.48630983289615,101267.37231755444,5.626806960027835,180,1.2834764615865957,0.6106864368946207,0.08983556814810029,0.03498466068555085,0.33097230978420483,0.0,0.0,1.0146495993121427,0.1554900656662279,0.8391094184651706,0.3706247662907243,0.08353708690973063,0.03177231493640861,0.09069459009934593,2.320857506913884,0.03367446471976836,1.047320531877675,0.155601252678625,0.7955055250853346,0.38921950192098864,0.4548599996897151,0.427939466588882,1.4116792840709218,0.03274888969066386,0.03273254735611524,1.470764244942848,0.43680608387051667,1.3281313751827337,0.6108119514632971,1.3629151481283062,0.1554422665960813,1.1046682097062632,0.16488284355725305,0.03356428928364617,0.2590531856414136,0.11903945038989149,0.6399356212844902,0.06567785532403739,0.06560988256931745,0.06903649052765809,0.6051894327024233,0.0,0.0
15.0,341.72428326217874,295.192340571927,102059.89916367082,7.456698505823027,180,1.4328504627255751,0.6121603608675238,0.0930831774688238,0.03132420094860022,0.3108562793436128,0.0,0.0,1.0156842177540755,0.15527066093420386,0.8375714320896871,0.3803010349589671,0.08916338939927448,0.03318257522557991,0.09476484649869531,2.05425103272496,0.03309673396446044,0.9849546299059104,0.15566207375449376,0.8022140710990199,0.3888359570557557,0.46771761997898414,0.4532328393836267,1.4330838300697815,0.03370114999698019,0.03301599217458542,1.4920765697063254,0.47208417873173797,1.363421448735739,0.6359582864336325,1.269687460154321,0.15535082484124,1.1041822486316681,0.18875761641862532,0.033155178529405006,0.23197925678445755,0.10969748196494608,0.616251356300059,0.06501714884310532,0.06750133490159607,0.06753717402617643,0.5775986748315874,0.0,0.0
15.0,167.73848004347485,299.2111968071552,101826.06103731094,9.32407579568772,180,1.3877525312478098,0.6079811261153716,0.08896400916775503,0.031789946380164434,0.2897082633752346,0.0,0.0,0.9667185533764645,0.15540736982440392,0.8397848111579693,0.36621869849637767,0.09842883558245273,0.031519413329869794,0.08708201810707535,2.016391712087199,0.033438726135802045,0.9712141925235754,0.15555913331572258,0.8033103414246519,0.378234700998809,0.48751649265664265,0.42957775520400376,1.424454701822975,0.028790948188224554,0.03133659201443006,1.4792577196864467,0.4485072170070201,1.3708496555849832,0.6584859480278632,1.3751896606108793,0.1561028942479798,1.108112866504523,0.16987911929996843,0.030232203819724426,0.24519485271395747,0.10895894968084652,0.6014446397071872,0.07034145068851828,0.06544093682170216,0.06843716318177555,0.5858081352403803,0.0,0.0
15.0,279.50994348037835,284.73384747312036,101010.07713132171,7.352891030561046,180,1.385580693087102,0.6097476788870437,0.08584126771763483,0.03151641108320916,0.305429372551458,0.0,0.0,1.0181519270707495,0.15487602899547595,0.8362746555124152,0.36901153559311023,0.09454926638817754,0.032661604435058104,0.08798738657445809,2.0197029414043657,0.03324515358798734,0.917651846428594,0.15562448324590022,0.7969881048655028,0.3398445871921592,0.5058205196010263,0.43378448191833624,1.1192314090644113,0.032376595342856036,0.03280928583674235,1.5247160495516963,0.4471139652716328,1.4061374941373042,0.5815144287910549,1.349141445441172,0.15557405735660423,1.1034308622957998,0.17628274151170892,0.03177773748675089,0.22260096887833566,0.11155564486270152,0.627576328389409,0.06614814676875116,0.059169778916316106,0.06720868280866445,0.5775143486680357,0.0,0.0
15.0,27.19164334129847,299.7523648498358,100971.35077497755,6.202008526648694,180,1.381248873630987,0.6100314585164621,0.09648077175424327,0.030940863567187903,0.3105252901418786,0.0,0.0,1.1545881955238366,0.15586050442292793,0.8357222311554476,0.3700420604013372,0.09168277868157229,0.035349827117260535,0.09007558086437953,2.567233537728764,0.0327407448406418,1.0100213936568452,0.15562580328192074,0.8002724301413571,0.37577456321105246,0.4796847077242963,0.4864268053411885,1.2235406829762523,0.033267534438962715,0.03106785147329355,1.4804035001867601,0.44564572231066135,1.3944589403351255,0.6219280978398858,1.334197958426143,0.15531182860178003,1.1036812751260803,0.17967097174609606,0.03334281641284215,0.2541283962745473,0.11323187021287745,0.609376174927121,0.06825513267084168,0.0660862655944596,0.061945759821934246,0.6569903562531728,0.0,0.0
15.0,250.95295818040856,295.06003103749845,101139.94625460541,7.656573359720063,180,1.457601571855556,0.6058376754929051,0.09452467389441178,0.033923930082832565,0.31933916755171143,0.0,0.0,0.9961618260331695,0.15541809599703532,0.8391366368756948,0.3871159742559722,0.09399610538427618,0.03151093623628056,0.08618958118914967,2.367755430374516,0.03346339759355534,1.0510332774805224,0.15521592366815343,0.801469440656151,0.36518360870523464,0.4654630543724009,0.49153691478039574,1.3026326004870452,0.029756720519906247,0.03233006805880866,1.5068767083952082,0.44703234728969515,1.3733327649927771,0.6633837276115471,1.488122013413954,0.15615219405801273,1.1007610137832557,0.17090436949420185,0.02996006630933869,0.22752317650188345,0.11037192002936887,0.5729049299739708,0.06376145756836964,0.06591689231086312,0.06762906149532952,0.6649569350658514,0.0,0.0
15.0,336.66378398728034,299.688524076587,102002.60829475003,6.61144674235061,180,1.3109708511562335,0.6074648378514026,0.09198671312804474,0.03231080432971535,0.3260799395260464,0.0,0.0,1.0659228647123407,0.15567253499761147,0.8376628040839346,0.35607265072503697,0.08488659124183527,0.03624624273212522,0.0914098463107218,2.268384108444497,0.030564318556226825,0.9886344342177981,0.1554601533928796,0.7993716527287544,0.33916750485277825,0.47359336836932464,0.4519060218112109,1.0111745498250184,0.03146452794799681,0.031123982336942364,1.5239165817376288,0.49959029123045157,1.4493417463462648,0.6196649165654697,1.308386753441333,0.15537986056904868,1.104692240046357,0.17792789457584632,0.03169979975223168,0.24507064677538895,0.10887904581155201,0.59981014012719,0.07189573343369819,0.060239617368635735,0.06206995482911568,0.6736308683882617,0.0,0.0
15.0,276.100330659336,291.55669075955075,101317.54583016905,6.4700084752580125,180,1.3234834810583591,0.6075914464790915,0.08861567144895943,0.02962697826909769,0.314888678900507,0.0,0.0,1.0027688681441,0.15532600906144012,0.8386246310844326,0.36520749495717403,0.09422303745803307,0.0314175381174143,0.09900106053537053,2.455092849737949,0.03265314773394004,1.074588237789161,0.1555335425580502,0.7981240532092642,0.3800034907011435,0.45849958539332425,0.446394071476455,1.2700553648283075,0.03066222109648739,0.031743739151041714,1.5526142196529613,0.45057980171318246,1.384401243834716,0.6555445315278368,1.3245246686414096,0.15498769109829216,1.1086977196141015,0.1712746694714618,0.034972604611155776,0.2418699457570098,0.10976862947769911,0.6420617398073363,0.07400400505782018,0.06749104056427917,0.06720926909312312,0.5814928513864782,0.0,0.0
15.0,324.56516538513233,293.31348212285064,101126.42503065693,5.259502723574819,180,1.2772368801457419,0.6059002872315579,0.09036988643298678,0.030101128484255803,0.2956399829955185,0.0,0.0,1.0040911946835547,0.15552761474827073,0.8392509575294186,0.36009015269322386,0.09016133775596455,0.031936071453401604,0.09329390323029382,1.8227355386355777,0.031242592561494042,0.9845057131284852,0.1553103285123476,0.8017623260824965,0.3681980646305397,0.4064743204881815,0.4687898895934126,1.1346512525876673,0.029874002186862716,0.03007070727023207,1.5159345286716301,0.4369984240803547,1.3717788632007801,0.6294221996885806,1.3264399189670693,0.15519738079218184,1.1017003586133824,0.17787615486317654,0.03276576740345174,0.23010231287804228,0.11251324310351156,0.6794784074944451,0.06468942237466686,0.06878965067779223,0.06764885398633602,0.6229691111647293,0.0,0.0
15.0,25.99814931066081,285.36339524259336,101884.87265927395,7.1752418296018785,180,1.4481450889124987,0.6120054537735301,0.09044142148927505,0.03245070690010284,0.2928502183489625,0.0,0.0,1.00643110687649,0.1554575600218162,0.8394276473107988,0.39126229529804724,0.08947635455918042,0.03337902957238726,0.08000614968016219,2.197436237750895,0.03291200258655153,0.9875780305344865,0.1554570619691842,0.8012692122585454,0.38793539358638524,0.45698486072546757,0.4337614703780725,1.2568540275383473,0.031520759135797195,0.03017489882244368,1.4944552123960313,0.48036579810033586,1.4585734156968553,0.6488963551481471,1.3140939392329587,0.15540016436933496,1.1030398766356986,0.177768798056729,0.034664230742653734,0.25011368889276836,0.10918729981849251,0.6037682905351205,0.05895300015736646,0.06338989026182884,0.0654123547869375,0.6137772715374049,0.0,0.0
15.0,89.12574948402067,298.1002996419026,101214.51679654847,7.462017996167046,180,1.473244675677056,0.6103162906204368,0.08746282089325629,0.03182910099273605,0.29328323100559683,0.0,0.0,1.109466053788214,0.15558647511618598,0.8423263214240961,0.3667155344490167,0.08467677601770207,0.03106094606968794,0.09019200356631048,2.3017932400572025,0.03133784859522467,0.9946362575617241,0.1552248439290714,0.8054161590757699,0.40645725936645816,0.47119673655201644,0.4613157358051234,1.3361777799414385,0.03288553699582195,0.030472722685279386,1.4720751952677598,0.4683891958235971,1.263229036518831,0.5342981813888583,1.3327176122466002,0.15553303603674656,1.1063929040209195,0.16861525127534605,0.03301872118278557,0.23378147356048526,0.11497205960506245,0.6079028836327872,0.06613982346880966,0.07148993955427793,0.07074717014368549,0.6673433664380487,0.0,0.0
15.0,260.6982344026947,298.2429754191606,100776.24954946297,9.351489705879684,180,1.2525671578232265,0.6085963902938476,0.08819470035170682,0.03218300891910705,0.3105129884517239,0.0,0.0,1.0934731363113799,0.15567288011243435,0.838128389039306,0.3785430194654406,0.09387813038325135,0.029492797294882658,0.09081487321859297,2.1803561100517523,0.032267341052526766,0.9384481533244161,0.1551840653344621,0.8028321803828777,0.35506382864883845,0.4973679952000624,0.5144463726071324,1.3279489118516563,0.02893869428398855,0.031125377099318955,1.4623494545195068,0.43904581114224983,1.3633336245232688,0.5884904645340033,1.4369427028085588,0.1556560249828281,1.1059472012632903,0.1624907224764763,0.03129162898607394,0.23425041514834835,0.10675918732110476,0.6147126157386008,0.06629778193671784,0.06781454395967468,0.07126066304337611,0.6195161904094191,0.0,0.0
15.0,358.29209668764844,290.4730132630164,101478.0429914001,5.256060016864681,180,1.318564938233151,0.609168910680807,0.09221143760262016,0.03075925787985461,0.29962773533597176,0.0,0.0,1.0420359198566558,0.15509697461263733,0.8359166620868441,0.37128539222458506,0.0936657950979194,0.032824743197194646,0.08704984253683751,2.3190112356572983,0.030308656765254804,1.0344699140546512,0.15567789903238147,0.8002547033330736,0.3854541094436719,0.46210018986392637,0.45887935297542004,1.2869288401824956,0.03246917230948074,0.029004643531554637,1.6559234433767254,0.4491239690292241,1.3544177651190084,0.6205428463536645,1.2873505540664618,0.1554903578633403,1.1053385783661873,0.17601867600068946,0.03316065298451845,0.23627650744647685,0.11698450740751092,0.617438409773934,0.07220693048718689,0.06452099286404535,0.06798022985560262,0.6132028976222309,0.0,0.0
15.0,328.7964760703374,300.14729438462143,101457.44245637314,5.212726167851088,180,1.3186681568223857,0.6123978838706932,0.08698672331079864,0.02993071706157962,0.3047795962475839,0.0,0.0,0.9986933393911581,0.1554914389287051,0.8389093743205109,0.3800040103895421,0.09451742478698114,0.03134188421384574,0.0939649754191417,2.4071753530408353,0.03125990422908286,0.968832299559236,0.15564794212622546,0.8027109874574799,0.31596221425102244,0.46141459173229965,0.4375978616068475,1.5061262379867602,0.03080628536968993,0.03385690614450253,1.4098781792714088,0.4496537249435326,1.3543094023778057,0.6080449372150234,1.305128719009423,0.15584337068958654,1.103012812530117,0.18714835654538614,0.033604168336181246,0.20801507089597235,0.10956910603937514,0.5588860513595264,0.06443310321352651,0.06961009033432118,0.06692966189643082,0.6637466895157038,0.0,0.0
15.0,199.13187535003388,287.5970038978873,100855.10470302824,7.7117549771654135,180,1.4549163008105324,0.6126345344118809,0.08930055536078675,0.03409452459762515,0.32254132626376153,0.0,0.0,1.0929521157398057,0.15509354526110466,0.8397998373413111,0.33597120668938746,0.08949819114495566,0.032066919959001225,0.08856322543380031,2.243732790453884,0.032871310105565724,0.8807597702774189,0.1552835755543686,0.8038909107828175,0.3587008225486384,0.43573164715978974,0.4710634911796291,1.2606111283043944,0.03181081450798074,0.030894292858565587,1.4437991688289962,0.44851457315168325,1.3054522831235706,0.6060251124322831,1.2992602547933583,0.1555948851317188,1.1039577302403398,0.18618128905169615,0.032175256521198015,0.21869106492163937,0.10905589259148815,0.6536162575915434,0.06604839629405439,0.06786873122074369,0.06388250199049686,0.6545836586192205,0.0,0.0
15.0,76.05415968100559,293.9240012386785,101841.57633858007,7.194762839556674,180,1.2413336161785427,0.6077296882276153,0.08431205989764361,0.03265308962247941,0.29737027555609274,0.0,0.0,1.076120631592303,0.15574436706884806,0.8390463482438616,0.3743667317814395,0.08915161669531511,0.03383917225265045,0.09350743999719127,2.506098242084957,0.02873131653695033,0.9612764596620671,0.15546710274455308,0.8023399585761956,0.3512043807682135,0.472537657177473,0.45816357302480387,1.364504747929247,0.03331694631978257,0.033536426393503654,1.684633248182807,0.43509979382010666,1.3784010162941536,0.6456596520357051,1.3453551585742867,0.15517794030837012,1.1069967802046894,0.1975560956069808,0.03173597493284321,0.2384200434786288,0.10541035020821138,0.6158070071654188,0.061772876783616405,0.06584266331050691,0.06719913856805886,0.644167944708539,0.0,0.0
15.0,50.2620543214008,289.0648333272818,101384.0699994266,7.946616007761516,180,1.4381741889441997,0.6043525223759099,0.09052823920109629,0.032088375545391915,0.31083996580857914,0.0,0.0,1.0408102902900573,0.15563714710131266,0.8379670021738467,0.34972964643379284,0.09088827044721656,0.030508481579715925,0.09349982800619094,2.140478794383918,0.029626873767127904,0.9056208207946682,0.15514829900137642,0.8005314628067324,0.385350582707446,0.479338283692009,0.49119738937412183,1.3848787707676393,0.031625285010853,0.030660043574373148,1.466081502558418,0.4895432281353498,1.3270161501130715,0.6034495297472195,1.4000387983435183,0.1561401015909029,1.1028081445384932,0.18135475118602118,0.03248481037122413,0.22032511824758153,0.10642448294559384,0.6495502413269975,0.06127713391080092,0.06731973314554487,0.06535113486878645,0.6023465963089076,0.0,0.0
15.0,74.9985737338609,301.27710482850165,100897.36999091471,9.71480137697343,180,1.3733554175536764,0.6112326960191029,0.09345777831467555,0.03223472591569994,0.3019402950817997,0.0,0.0,1.0268594284369277,0.15565386949806956,0.8402734759807249,0.334226581109803,0.09036779750897873,0.03090315659317042,0.0912557926419074,2.2884356258160206,0.029080489975658638,0.9897055971282226,0.15503948391871294,0.8026780920428521,0.3632527948948118,0.42833451992729327,0.47557201590865944,1.2949705061108017,0.03076545741124417,0.03225831573479073,1.5664861966174313,0.47376987577947205,1.4390261459484255,0.5894863445098852,1.2812806084789903,0.15520404502417642,1.1098823583933655,0.17023412910868713,0.031957108678122695,0.22839185529794714,0.10666634435916944,0.6180533018109874,0.06416215473568468,0.07210562877621152,0.06891686517823095,0.5951987858999607,0.0,0.0
15.0,302.0722286360073,292.21623819162755,100918.48081140924,7.015624452945986,180,1.262040163625831,0.60968247561044,0.0976710954123423,0.034697749411430945,0.2863650479802421,0.0,0.0,1.0211599274975671,0.15532109730886864,0.843306404496873,0.34924024991965874,0.08196675149899124,0.03469703700024801,0.09211208391471219,2.069170822517974,0.031102920863691458,0.9436769893131771,0.1555506406962397,0.8004296791028136,0.38763592132999675,0.4683512323138838,0.4704759782911414,1.0687210845989346,0.031174259265398838,0.030191932107543448,1.6178451881125218,0.46035737945631516,1.3344751437196685,0.6468412898335725,1.3755753576269096,0.15577242184170842,1.1021990784395808,0.18908041236413975,0.030681432839755177,0.24012760042644904,0.10372569763709401,0.6318050636444402,0.0656029298300441,0.06732943519738226,0.06749659008499924,0.6728632738660728,0.0,0.0
15.0,103.16375614433629,293.4323226297447,101821.11443709322,7.80099947094217,180,1.433174651822702,0.61177220243013,0.08747276517631407,0.030621495560614023,0.283241821940472,0.0,0.0,0.9769139209070677,0.15531850384754328,0.8357789582555495,0.37202619854500146,0.09017694064094825,0.029185480458233007,0.08748120324337837,2.0736153755978424,0.03110246260274536,1.0303885087795734,0.15533016042028885,0.7994380381614775,0.37525051198864157,0.474629559049695,0.45469564867306955,1.3155866810288948,0.030012277808771214,0.03166882370274126,1.3890611508387989,0.437274548671771,1.409178140526613,0.6433518250026956,1.4092606725380297,0.15579991384264474,1.1042814977896116,0.18639363998070574,0.03037323625509087,0.24705089296107485,0.1104142717827825,0.67384930586881,0.07077714335456822,0.0678154831753641,0.06631056725556592,0.6024165283818879,0.0,0.0
15.0,36.31566039383879,290.6766591406786,100863.68630708405,9.409549081015943,180,1.432271098789905,0.6088919821303865,0.08904190668327908,0.030648589081685676,0.31391132661507853,0.0,0.0,1.0567773685081936,0.15539745115986334,0.8360380295544619,0.36936481800703946,0.08318776909513732,0.03269249465483894,0.09400406459560635,1.9300638588819394,0.03174110119835594,0.9903044474595817,0.15569496453477785,0.7980270503268122,0.3672549537992884,0.4993744460501077,0.5021151194389495,1.1946813555928686,0.03056104096161652,0.03311214365046288,1.440247191267494,0.41106346453209225,1.295719448053455,0.6034214035377657,1.483403443741264,0.15527871251021905,1.1071686156009015,0.1847174168360908,0.02998010645055265,0.25236879861776457,0.11282454015552787,0.6324417432574078,0.07105970074323631,0.07192878241748482,0.06934953530112965,0.6175446910307518,0.0,0.0
15.0,145.9446687219036,288.2501661840789,100953.07976394662,6.109948018203191,180,1.2332741291217342,0.6080158801366996,0.08611148009867278,0.031197892917441763,0.3052643080262622,0.0,0.0,0.964244546983762,0.15504765466350928,0.8360091954522739,0.36312270688661813,0.08542326722584745,0.032973011028580766,0.08942839038255024,2.2842032259297698,0.030822607737768577,0.9975505087868437,0.15533343460285193,0.8016615692686557,0.37328785894645927,0.4647461460199785,0.4748304551665783,1.4962250590434962,0.031265950232843225,0.03013525961537284,1.4862687121796778,0.48498984728506617,1.3552887262340219,0.6551284412290767,1.439446156901155,0.15520207841240577,1.1020939303844797,0.1649821744335589,0.03311135339066244,0.24245235016769498,0.10869945116704825,0.6175516135323268,0.06689583821395506,0.06746518166332759,0.06687901402266644,0.6012986750525539,0.0,0.0
15.0,208.31934786106726,299.4068311745787,102139.74845519978,9.574189973797088,180,1.404695257264487,0.6099579028987864,0.09763175090762256,0.02914448935441512,0.28594340886884806,0.0,0.0,0.9803557029688477,0.15568024243210113,0.8363019968633695,0.35495456179597934,0.08803695090020518,0.032365625368719196,0.09401525281922386,2.3050855651775026,0.03417977383827233,0.934278478266619,0.1554499901012427,0.8041821785789366,0.36832945757825997,0.47567805313581335,0.4696330547400674,1.4631345224443166,0.03302568500717411,0.028361860577495967,1.574742143972039,0.47856748257297954,1.3258393593910534,0.6409944495333103,1.2982416556681418,0.15535579469675412,1.1056893882942918,0.19309184154874948,0.03124169005895637,0.23709851843886112,0.1202498295876672,0.6372209479936014,0.06995403059155324,0.06764947930989597,0.06520751989368605,0.6119881141733416,0.0,0.0
15.0,241.32449797392536,300.114256530151,101618.51050455132,8.66779297085769,180,1.3466897053639806,0.6103675789935656,0.08520644467202763,0.03307435899129828,0.2920680837604263,0.0,0.0,1.0427355244099519,0.15527215604518188,0.8413795611523611,0.39282254765425534,0.09009818950977684,0.029244674188840226,0.09833459745724468,2.335953335038508,0.03331437543020132,0.9952651791314322,0.15571782897304762,0.8004259542546552,0.34917543451268807,0.42945174635493605,0.45813110813143637,1.0883054236490712,0.031243149721375346,0.03228404487370895,1.5848404274118515,0.43089353935280467,1.310762436404258,0.5686389114756583,1.321200707917983,0.15538472183926003,1.1057843215259295,0.17289963249601134,0.03398551125405728,0.24293810894623552,0.10914060921014104,0.6615360313216376,0.0685855301776324,0.07005968253546002,0.06884218981892211,0.6278963729322039,0.0,0.0
15.0,202.88918550486738,289.79854052972865,100730.78740724048,6.922629205342568,180,1.345986544789,0.6101570343077685,0.0884732098504839,0.030254071976955826,0.2926575410599262,0.0,0.0,1.0578420125311006,0.15548011666634107,0.8387973814437163,0.326595178695733,0.0921326064501179,0.033606983365759055,0.09094237708479509,2.2265571570159435,0.03425725921650492,1.0770370967786635,0.15531556520075704,0.8027329265832438,0.3780269714620322,0.507178772920514,0.4246392133550514,1.205718675154004,0.03287346598282627,0.03380929118261567,1.5906311512288405,0.48496104833327136,1.3163007774192483,0.5620512617415101,1.3413222462710048,0.15525352048494828,1.1035565073265503,0.1755379956224485,0.03224738140978963,0.2524548594218582,0.10938132496068903,0.5962374822784511,0.06444839487348906,0.07236969359797596,0.06761402281457478,0.5937516186208874,0.0,0.0
15.0,38.86288920394159,298.09283794693965,101325.1774051053,5.939757910975298,180,1.3604473665751617,0.6081053439979195,0.09183181318088374,0.02993944150760601,0.2928426560521616,0.0,0.0,1.0549824729557413,0.15541729475073596,0.8378503290545777,0.38141000384109536,0.0775924437256167,0.028632409356481918,0.09074222110175138,2.133978042670511,0.02934706176789144,1.095133480083052,0.15558730764874693,0.7985040488531225,0.3520823284902208,0.45787221016465934,0.4652631681430359,1.3144836766894268,0.036038743395872326,0.034779383137814694,1.428233102330428,0.46626555092840644,1.3532659288029116,0.579788033845337,1.3895724250788188,0.15487471561076033,1.1098359788956629,0.17945436361048261,0.03214844517648984,0.2390345488309054,0.11202803569099852,0.6184975161000441,0.0644858595079205,0.0690264231674897,0.0679706253270711,0.6225308011814462,0.0,0.0
15.0,157.39484629514143,289.8600375365233,101375.54746020344,6.250853317376791,180,1.2921734492357606,0.610099561990346,0.08865936667514082,0.030939628672244576,0.3393307641004529,0.0,0.0,1.0754341222440194,0.15530124378938182,0.8362621226221505,0.3605728792663454,0.0866042354162905,0.033836157566046715,0.09044008178832082,2.4373041717476034,0.03347756444701279,1.0060180547155813,0.1558355768408823,0.7943754459807576,0.35423530366325534,0.46246033416813154,0.4726195839293813,1.1886317145363026,0.033003375472820166,0.032217762734871,1.4912088945979787,0.45719117196918796,1.3554013569086756,0.6318542201752726,1.31407472204517,0.15509252853668348,1.101125969492922,0.17746833590786695,0.02903166989187285,0.22748957540193598,0.11375915834093275,0.6435182882979158,0.06582957762893388,0.0644867428642132,0.07324472404481133,0.5945609357918694,0.0,0.0
15.0,100.8004364465954,289.8370419714218,100691.29490347709,9.410732956155424,180,1.3361146962693389,0.6137620759181414,0.08183090888163534,0.03050663573726657,0.32225140320353435,0.0,0.0,1.0044338461456683,0.15510010936632587,0.8389686524409905,0.3544046759927109,0.09612442189056894,0.030740417535829616,0.09151868516742775,2.2046666658713754,0.03193358953642991,0.8596868132674277,0.1553895107469197,0.8028220726684376,0.3677191689624407,0.4584979366050544,0.48530005507212254,1.403826369196184,0.03145362182044493,0.029789652332367363,1.4978587013599758,0.4324482368022882,1.4648636907870092,0.648880308658297,1.4725999547627526,0.1557026786186369,1.1036846718571047,0.18429162805670488,0.03401693002151208,0.23775217880277816,0.10924104572545808,0.653041860017397,0.06602535676156263,0.06637571194699073,0.06926539251629146,0.6576044234825482,0.0,0.0
15.0,357.16180419035874,300.53777074468144,101296.42854805493,6.568824115298496,180,1.3879420060467749,0.6057903403445258,0.08660350124813342,0.03223058869657305,0.3260642910707629,0.0,0.0,1.0480457194565358,0.15541879719929533,0.835396738411255,0.35388190370926226,0.08753612021508558,0.031164182341847108,0.08603006379368754,2.261632145300094,0.02914354304644937,0.9520430158659718,0.1560475067490083,0.7966138439489377,0.3567246214823419,0.4855116372982293,0.4158387334753821,1.1970989108804602,0.029410249773065406,0.02959689451930495,1.5228991275334616,0.495948074381479,1.456032045201163,0.631190894150498,1.4427811835625401,0.1554215280156874,1.1052641267578343,0.1885278443970165,0.03304309378924289,0.2427356471775923,0.11180293107250765,0.6097857880387777,0.0716031484311766,0.06572622323230565,0.06910593488018273,0.6387043853806771,0.0,0.0
15.0,226.06393955370797,297.5935431393837,101237.1174677535,7.317128098269198,180,1.3722214921416387,0.6095072542988313,0.09116111294477829,0.03249524893319063,0.3046559598981233,0.0,0.0,1.1062834642063444,0.1556828970165226,0.8413851593620609,0.35518073038019177,0.09065019885035275,0.03313584610969036,0.08424851659684658,2.1976622247975803,0.03441785840460321,0.9710239208868917,0.15530149597699971,0.7937837654560004,0.3380616012128847,0.43445896455281435,0.49903532832636804,1.1731202716986249,0.03296760080381207,0.03149872488185458,1.57962501699116,0.42900433159957296,1.3336593987288288,0.6421071228777128,1.2231129077265233,0.15538370923649636,1.1009905343410609,0.16665408596535375,0.032931131714894306,0.2310491659184292,0.11266823840264195,0.6272598747199574,0.06556806821277163,0.0709225261315962,0.07040677598025018,0.6685496207809905,0.0,0.0
15.0,141.12392773996984,291.4496433880055,101819.9875772501,7.981125250916713,180,1.3644494980844575,0.6093982637874081,0.09533864822448113,0.03116177119560043,0.30241191799103845,0.0,0.0,0.9697734067676641,0.1559890728503904,0.8438261869104421,0.3712359877381887,0.09553342393118144,0.03155753275050984,0.09139980555045948,2.1856849189019525,0.031965520830481126,0.8790142313034582,0.15512369187632624,0.7970124885345033,0.37334431944738095,0.474886683514317,0.45515515828364167,1.3462398902520134,0.03473086472874168,0.03091806195750337,1.469705227370231,0.4768674101632555,1.4436742767269835,0.6319298628468732,1.4238347803626237,0.15522653882471393,1.1036470333483648,0.16712955996981677,0.032153388306630476,0.26407525459617937,0.10975550413860909,0.5822275277957056,0.07740421544469187,0.0680639021912778,0.06835929772011345,0.6244543261532238,0.0,0.0
15.0,68.25815001487301,299.8679409265939,101614.80528907818,5.481341918629333,180,1.3008016374188627,0.6124192937918205,0.08206309461002441,0.033627727802325064,0.27749072313458645,0.0,0.0,1.0971790113603512,0.15557093548525802,0.8379170094602238,0.35252565407695946,0.08160656342749228,0.03226159096589715,0.08367735116522769,2.2110425949360346,0.028001332049823992,1.0041068859134492,0.15505003042860174,0.8017690849284834,0.35856653276301453,0.43220691231892144,0.4457034963345003,1.2050695749418945,0.032270478755885366,0.03168980693834362,1.5606594861879022,0.4403243180543377,1.3483634999993594,0.7078621651704745,1.4631934748021613,0.155463257678926,1.1020811132895312,0.18083480658139173,0.03236605408438902,0.221708884619961,0.10522812166415804,0.6189537644943792,0.07361198591419202,0.06594134486786025,0.06601363623067699,0.6161197564163311,0.0,0.0
15.0,340.70640430964124,289.3492450464523,101011.35094676021,7.569066607585613,180,1.440033139695308,0.6093120111492479,0.08209492935259216,0.03238276477794041,0.3340502380098894,0.0,0.0,1.007730364237094,0.15563207856931746,0.8355855431069242,0.36486394260644234,0.0966672622206259,0.033005398221569074,0.09062511824337298,2.5630555708841425,0.030955127888649705,0.9586918001096913,0.1550763075974225,0.799225799856224,0.3708819638396833,0.47633673703400625,0.4994203347087819,1.2679161766197902,0.03195332911819801,0.03150254148288168,1.374711117316915,0.4086213963619866,1.3614229346426465,0.6529339007163107,1.279786846851601,0.15550190799969088,1.1062946089453192,0.16099201992428278,0.0330744293518481,0.21077196866797032,0.1186190761348088,0.5870978536986481,0.06994706024124737,0.06491198198632374,0.062055620267231285,0.5675792948699139,0.0,0.0
15.0,95.16699553729043,298.2783968584261,101390.61989664534,5.124260804804713,180,1.4594875047014433,0.6112761338586594,0.09089605118597736,0.03306904291344669,0.3067806539332188,0.0,0.0,1.0466109025201067,0.1553903105716729,0.8369709142472413,0.35589234122648944,0.09022674197895521,0.03331217049264388,0.08720143700934908,2.5146954607464274,0.03296793969096847,1.006056365361017,0.1548605816118319,0.7975205405569741,0.32898900747466686,0.4489258612085687,0.5042738288302533,1.521954798274356,0.03279525682048357,0.03279071248489872,1.5506997172874653,0.43831221190475356,1.4782272288521003,0.6701138590396237,1.4102454279151504,0.15522693544702365,1.1032087289349917,0.16997806573268306,0.033371879053467626,0.24569303262495362,0.11725185180222744,0.6013835509639295,0.06584995225359554,0.0664134034184436,0.07604786677407728,0.5910298481842797,0.0,0.0
15.0,236.96727434599813,297.9298641101471,100620.29059566006,9.726972213545883,180,1.3064034932583866,0.6050505271990605,0.08982881429417051,0.032661944614737114,0.3370243358493581,0.0,0.0,1.0016284277611882,0.15520781933237274,0.838050972663278,0.3621415727871034,0.09031394371615735,0.03093838492264881,0.08739331281230647,2.620969728405514,0.031085416880640933,1.0023323800314947,0.1554012755547149,0.8008892702368229,0.38634049090087197,0.4911971671249836,0.4814238075256058,1.4601209727990336,0.031925762427724526,0.0293186684310124,1.6184333875980044,0.45300722990822145,1.2933795930575338,0.6548037744330617,1.2075362076262277,0.15522624333220372,1.104729886211735,0.1793634008762508,0.033326596184871805,0.2480236134857545,0.11586420133948484,0.6551405318330994,0.057758771859691735,0.06680037171015055,0.06401955880617509,0.6107517408757661,0.0,0.0
15.0,253.16551365142166,287.9354755305041,100614.27286011536,5.8961027846129195,180,1.284163882598321,0.6090279445623785,0.08434894108004008,0.029715766931629715,0.30541801620170267,0.0,0.0,1.0587482668601707,0.15559704627685358,0.8384022956465393,0.3554778953845726,0.08465742687409515,0.03236821007132914,0.08549145014569838,2.36817712433188,0.03141010526707568,1.0357250986339512,0.15544204568032857,0.8006374042594526,0.34853066105025415,0.49634896187809546,0.46351327577315377,1.295996358772805,0.03127250211058207,0.033203496010015175,1.4945785395630948,0.4795445557000636,1.2600075294382016,0.5759289939708241,1.2685254220444209,0.15533060760512613,1.1086006487946696,0.1786814785061132,0.032549253418194674,0.2327232393070384,0.11715766532945139,0.5937277260903456,0.07138798474057977,0.06332527614705992,0.06409743446886049,0.6594219446201286,0.0,0.0
15.0,269.54109639836673,288.4484860524279,101169.47073541884,7.242077894445445,180,1.39846373640185,0.6086630024627645,0.08921743409908005,0.031122285654423033,0.280810252563532,0.0,0.0,1.023691753522691,0.15532791044480143,0.8401847277463231,0.3541528150980474,0.09250373728925897,0.03182590786072235,0.09284902538797479,2.382531682629177,0.031017772616206626,1.0260259530226838,0.15512494295032933,0.7952392533369341,0.359810004721762,0.47033175858319076,0.4807137594777961,1.0909945235680285,0.02967790274973355,0.03249775298588199,1.4611699688414501,0.4312061560159573,1.3776126044509382,0.6180620181727701,1.2332731841645697,0.15555044134836082,1.1048959257527733,0.1949781434534316,0.030452582940495552,0.23846121391276603,0.11148947325259805,0.6207825113035771,0.0720464640325576,0.07493199497312372,0.06810652015403158,0.6663734996471569,0.0,0.0
15.0,315.4748185229513,284.29360598725344,101629.8728836899,5.409468271979282,180,1.2569083291539256,0.6087980782027533,0.09261193366119062,0.0328842944217693,0.30155253664616616,0.0,0.0,1.104416700754548,0.1551855702800142,0.8362048162571118,0.3984413982507242,0.08764163532430594,0.028665809093091788,0.09418141095565298,2.423047010609102,0.03174545850321402,0.9822099631558482,0.15518323065141507,0.7969200683349437,0.3508232867869798,0.5019824574801074,0.41486965163008416,1.3543732193310574,0.03199736191964903,0.03390333331788019,1.5849681202640324,0.4433528526665131,1.4123879207871575,0.6553514107937538,1.3785716471380518,0.15532532312417985,1.1062309651477764,0.178636132857785,0.03002451265402148,0.24144047169309088,0.11178770929496061,0.6988131772700013,0.06517623243313268,0.06113429108155895,0.06650746423545813,0.6311761472615776,0.0,0.0
15.0,315.6958265935282,301.99949629240837,101067.22934119584,9.164486038166164,180,1.4759571988549647,0.6077025241037095,0.09312739331381528,0.03174440099664835,0.3166124165490605,0.0,0.0,1.1432213686388828,0.1554677897744372,0.8385960858110897,0.3532941755283879,0.09446550606169661,0.032587773026906776,0.09134347355892214,2.4007221926142357,0.03011887961764844,0.9922300906986057,0.1555883569821057,0.7991677037306152,0.3361938591828652,0.46646055600740066,0.4684355678620401,1.3946097770555808,0.03300130782839437,0.03225250220903313,1.5003224655373464,0.46791182521290714,1.4999433591831441,0.661883562676913,1.2757746876872873,0.1555362305481364,1.1021919741198942,0.17670219834439715,0.03340891542397556,0.23866246963609022,0.1141687875542756,0.5931988155109034,0.06560989423204762,0.06500822964586886,0.06445913848340183,0.6281750049493952,0.0,0.0
15.0,74.12927407835016,287.71010856033377,100484.03460517398,5.228279940451881,180,1.261889712124465,0.6092837537678242,0.0883136530573773,0.030907445120861708,0.29482297369311805,0.0,0.0,1.0216510181096556,0.15544511068692202,0.8341448917320072,0.35594991666130715,0.09578165826688569,0.03587662688098929,0.09726557026726738,2.4949344648929133,0.03217454912559634,0.9905834646447784,0.1557888724908031,0.7999838218075681,0.355134476241701,0.47037120771171753,0.4472109261988745,1.1661481397264328,0.032361510453514486,0.031408620351952736,1.4443526354025424,0.4675472001892921,1.4791264676243694,0.6376593761047807,1.3304873520988014,0.15481810362671472,1.1059962526800946,0.17972862383052549,0.03217580496107335,0.22188564847203573,0.10487257323779087,0.6395523231721981,0.062487826656933955,0.06589557269118615,0.06645253428917959,0.6083152003376525,0.0,0.0
15.0,220.48820132844548,301.36396860669464,101587.22552871837,7.418718773911385,180,1.3303103999766164,0.6061468270291055,0.08956195849112514,0.033830195757428384,0.3025855878505199,0.0,0.0,1.0689229612010789,0.15539186978169778,0.8425146089629185,0.34874698430727125,0.08513020348393371,0.03088159289212996,0.09975658034324886,2.637562236089038,0.03220461533080273,1.0050785320677744,0.15490528400880246,0.7985162529531319,0.3865696837593647,0.44682022983735936,0.4649728803862381,1.3921226843139871,0.030718573417144245,0.032000829470734155,1.594658972403714,0.4440997052438715,1.3880933373912487,0.5988740788978788,1.237495566961376,0.1555127484714285,1.102425489664113,0.17664495426535806,0.03219786703531737,0.2552599603015792,0.1047273387919181,0.64356422071363,0.06565608201690579,0.07320358612704503,0.060752068656967376,0.65811694858451,0.0,0.0
15.0,65.47138576595285,299.43929620846217,101445.09703072651,6.176019599127429,180,1.3413687705922857,0.6095041029524598,0.09981532473508983,0.032768506959837414,0.26722959231200677,0.0,0.0,0.9206546005013241,0.15593134318231536,0.8350919278178426,0.38253496027948014,0.092841285581291,0.035447055458452836,0.08697990117671184,2.32134527537535,0.030805662242116134,0.9062457444985487,0.15554901103174354,0.8019146253039192,0.3485304799694794,0.48458928585905214,0.45414462789845644,1.1817999919230702,0.03156638510007272,0.03365558159319038,1.555690004172676,0.4568125318239113,1.380016391153995,0.5796180087939711,1.202294125360333,0.15526395213975744,1.1049760774654136,0.17980411607781574,0.03239324668679933,0.2463576066011575,0.11972928690702644,0.6760555872066468,0.07132094426400813,0.07067278474743666,0.06494876772984197,0.6015619641214356,0.0,0.0
15.0,313.9816060262388,301.136709906032,101533.21804900366,8.890866605485284,180,1.3370693975556571,0.6088837516766946,0.08745512683383158,0.03145704513285199,0.29111326483458416,0.0,0.0,0.9881899468552683,0.1552657662702844,0.8356584243086975,0.37419807147126344,0.0887425087877457,0.031081663500176264,0.09126247702694436,2.4715184254170826,0.029469560695295133,0.9349531683513155,0.1557139961657965,0.8010992176376617,0.3808645063935406,0.459068332379458,0.433262788819313,1.3266047849031597,0.030898361538902425,0.033094623932732166,1.5388999871106546,0.4579581973132382,1.3158036747069664,0.6541252842500723,1.3473413852788083,0.15525482544414804,1.1031389656709079,0.19961135778545103,0.03251532904767128,0.23578497947141688,0.11531569610709913,0.6473937164820938,0.06673956216539377,0.07163829438836639,0.06388151301191543,0.6392622305541656,0.0,0.0
15.0,114.03439275631182,299.5505167973869,101384.38869449418,5.357600358719691,180,1.4077288061920732,0.6098252374721872,0.0925946792752064,0.031249415717492676,0.31893402775322394,0.0,0.0,1.0161765593035867,0.15568430179161125,0.8378450334568803,0.3526589508199308,0.08285572539528369,0.033906343095466154,0.0888169173838515,2.306487851915233,0.03497935716976586,0.9240956483757838,0.15525765720118787,0.7993475241970563,0.4006214453762141,0.5040149364486222,0.4504887652517769,1.4451340892921207,0.03222360411524995,0.027147427270353672,1.6265999429128395,0.4490062337696743,1.328607203969528,0.6524662964036884,1.2596430152914644,0.1554577646391803,1.1016952677951455,0.16931913623619474,0.03229874876632667,0.24242914279742503,0.1165938118011887,0.6288753067485858,0.06485863964845787,0.07425410157785663,0.06535011880231797,0.5950837714574441,0.0,0.0
15.0,147.2545849210651,295.1579062827355,100970.52501649225,9.64210758443876,180,1.2977232238085825,0.6115360622131464,0.09566644305538678,0.033172642491744786,0.3145970395952453,0.0,0.0,1.0579100283420932,0.15536769306346032,0.8360039729982409,0.37054862521253146,0.09199300881661546,0.03281573169166044,0.08917551407393418,1.95226700068838,0.02999633316469183,0.9610314054048977,0.15536909673442176,0.8033873934092682,0.3778521140123918,0.4686810033358355,0.4992993962471409,1.0740670532199668,0.031936461869893976,0.03090967624414265,1.5153499976666598,0.4227320149446172,1.4144501211454383,0.6319022096927728,1.3817012842640934,0.15545607201962042,1.1033369636112158,0.16918358820895488,0.03125935061550276,0.24542981142071532,0.1131472338102289,0.5743025732352535,0.0680712124559903,0.06554676371793135,0.0743663984940433,0.5906900255703195,0.0,0.0
15.0,245.8283454146978,291.7130832421621,100632.58545328597,8.733908624527025,180,1.2414440451926358,0.6078524180278125,0.09284179949839437,0.030787674506478246,0.32432006058972795,0.0,0.0,0.9843790670978293,0.15525716150617638,0.8447518826612638,0.340626830415508,0.09086112655807126,0.031081288871204253,0.08912208028655139,2.3125784850161293,0.033078346251240745,0.9895944737214805,0.1550872584145434,0.7992664330767263,0.3901565026562283,0.39400719394359246,0.4981569665615518,1.1900820764864426,0.029845565295884603,0.03160402033008096,1.4824804709597548,0.4192657951608215,1.2814836452207579,0.6566942589235614,1.3001110360248709,0.15540287815686624,1.102450953300526,0.16782006961661788,0.03207813658032583,0.25073226948626537,0.11093229351447466,0.6287623366211399,0.06895675887096951,0.06763112959714489,0.06778755004967377,0.6197969063601633,0.0,0.0
15.0,272.2448261027564,294.28832412874624,101822.49398640344,8.133882365158401,180,1.383176709894487,0.6137354818660552,0.09195083456575663,0.03224889957090727,0.3108424508924854,0.0,0.0,1.059791207305145,0.1556747377062326,0.839228256680551,0.3431987695359266,0.08968555789852663,0.03173525744565239,0.0915099913824971,2.2039073154493143,0.033666743780764626,0.8527602174275818,0.1552046340869139,0.7981966961567367,0.34641862284921426,0.47701521243409,0.4216841418799552,1.4160915789204902,0.032284800830588635,0.031041337637080463,1.5516216448497853,0.43709773961224496,1.4337164945537868,0.605231151140644,1.247672720962869,0.15566162685466028,1.1004438468266098,0.17561882791043548,0.030049654479729647,0.2372576366968439,0.10924977735614493,0.6577916543349008,0.07080004164660343,0.0650261503126202,0.06688043572913616,0.608347604026769,0.0,0.0
15.0,187.8307167876673,299.041363402494,101915.96849887718,6.024608827116391,180,1.236452094419932,0.6086534607256278,0.08675518710707335,0.036433254056422885,0.2876057734285495,0.0,0.0,1.0089497740697415,0.15475373495232045,0.842266241352628,0.41073343997464407,0.08949374267362334,0.03369826596039413,0.0974731598684558,2.629688542942368,0.03133226951856876,1.001261194582562,0.15567116917740048,0.8009676518896417,0.3590769195714183,0.4709470911298183,0.5034819539429416,1.2314081809698547,0.03083672268882859,0.033976829639991345,1.5156906946952162,0.45133928559597913,1.3000143273646534,0.6254836919423428,1.4509369514959605,0.15552095070494865,1.1027134410791446,0.18790867073417675,0.030881893240679834,0.24556552528734027,0.12268529354581423,0.6361263755240325,0.06654119451052502,0.06788914264397344,0.0658527782280771,0.6089028301071108,0.0,0.0
15.0,314.5314949415385,296.0063764695096,101565.14568466667,9.507579803749874,180,1.334488499307104,0.6102962639894511,0.08472665388275889,0.03092849588494783,0.3371553086401286,0.0,0.0,1.1066777079139312,0.1554700199540343,0.840772414538749,0.3444413950273812,0.08871331694854769,0.031069854810168343,0.08694114832085602,2.4643031434214335,0.030299349840610383,0.9667552936113326,0.155486981654913,0.7992364449093515,0.3741075760213098,0.4532711696405847,0.47103092230766225,1.5495720934889767,0.03252468423550353,0.030399131935100316,1.5732200658190179,0.44594724333800256,1.2859762559242915,0.680098745851962,1.2869537932097652,0.15525342882345078,1.1055038081193125,0.16256783727331683,0.029484337256818486,0.2427452344936044,0.11172953572508301,0.5859103459311927,0.06636070554374318,0.06440483837820023,0.07463169966603389,0.6182529829996648,0.0,0.0
15.0,241.06949520240963,299.3677958567207,101251.85125791504,6.004450383495587,180,1.3674120244202685,0.6084380975883961,0.08569603290028424,0.03047536514070915,0.31893413019035444,0.0,0.0,0.9982904432549867,0.15545480585653038,0.8389140243593914,0.3588487708622817,0.08892967725943064,0.032379522725689426,0.09061644247433284,2.2507387301104678,0.03142282671421854,0.9489230443960548,0.15544137080944076,0.8021169898280638,0.3735984466950978,0.4753315123503772,0.4422381242098073,1.203207237787004,0.03322129532592355,0.032409843986274244,1.6323214571508609,0.4817541218687039,1.4469509398204212,0.6147401842479074,1.2315727112635595,0.15510699774954073,1.1071606073553144,0.17398627686241755,0.029390902643594383,0.22743672273622237,0.11137044246832553,0.6635313499847907,0.07103240658320359,0.06338638187949991,0.06482592952379224,0.6417049582864889,0.0,0.0
15.0,219.49243718188993,286.21332386376446,101032.59884368561,8.253348103279277,180,1.394779578920734,0.6060231430524792,0.09002972745393865,0.02848356247340831,0.28713164614372905,0.0,0.0,0.9919839079145046,0.15539819911747468,0.83993614834857,0.39012041131448744,0.08421553452625634,0.030862865770046675,0.09004562799822445,2.6764114401803436,0.03343404076233365,0.9363970488362443,0.15519230509847995,0.7981261825457829,0.4036572813019708,0.4397444042733324,0.46187834361650565,1.5123153014159336,0.03497518282293688,0.029907532112241793,1.5139903531467982,0.47874075335791416,1.4633086427389288,0.5927491019125025,1.1869882223390331,0.15521900519625467,1.1065781877971448,0.181327699241245,0.03074984513677139,0.2299042392970959,0.10684582664421649,0.6299791485531033,0.06283993003071647,0.0665947913572241,0.07175230817626337,0.5966355863471114,0.0,0.0
15.0,229.8157763907277,295.2690265496393,100846.64843731174,5.526506499709129,180,1.3618470981403807,0.6145545178805154,0.09516063194643176,0.0323742330360885,0.3285168652171542,0.0,0.0,1.0754089766188575,0.155575626865112,0.8356546886727909,0.386511192132586,0.08829076446047,0.033186663001635,0.08750910566288547,2.160859800737305,0.0320862292540019,0.955358021368923,0.1560088939756606,0.802258075032943,0.34140101336271456,0.46976482472783093,0.4885020707170027,1.3643713977902499,0.032870664639126086,0.03173963139173532,1.5881247734930732,0.4266342667536638,1.4622590247557288,0.6309416186188579,1.3436236551108358,0.1554889090645303,1.106548556775737,0.17492322155471535,0.03103269521239163,0.2401570740944788,0.10686005765616556,0.5908143165842872,0.07361917072212677,0.06372035923299414,0.06545204395793516,0.6116237627924451,0.0,0.0
15.0,290.5642643733708,296.32464318793456,101267.25687878836,9.627015951847046,180,1.3268832643241868,0.6097510909700407,0.09469185421698106,0.03039264534070579,0.29966128297662564,0.0,0.0,1.1281128224560686,0.1552821275016538,0.8386855849293088,0.3822510003506272,0.08932137848349665,0.0330298457371685,0.0897095871796151,2.5051011269205206,0.030318873847705242,0.9258735075913515,0.15498240158070933,0.8014184650089903,0.38377751367549867,0.48407703358058085,0.5013632041141008,1.4944481393033227,0.03337146973446172,0.0328387960402282,1.5419574128212659,0.42491681961663585,1.1566682590091453,0.6367221709501673,1.2641826030566004,0.1555040354403996,1.1075424616751135,0.192051024357898,0.033610594832166885,0.23501639888229525,0.10369395099580148,0.6865250249183085,0.06852177267143857,0.06127433971234749,0.0639620491376604,0.6437052081549481,0.0,0.0
15.0,222.85055029245015,299.76691236374717,100548.5703120117,7.959701156093464,180,1.4555657163347204,0.6111288927887764,0.09406588403992922,0.029395478117153862,0.32785189142943605,0.0,0.0,1.0660802085657928,0.15541237159621085,0.8380356091239255,0.36594843917231984,0.0994615791721389,0.027875380320904773,0.08829453030558897,2.362042400447417,0.032535835632455296,1.0331022311744986,0.15541928253679305,0.8005960722499262,0.35993197635110247,0.46800129399391205,0.5420924678295634,1.4632449930544476,0.03359098958141169,0.0329206147865834,1.5435013639987318,0.4477590820283693,1.4509009968314794,0.5976216034772878,1.4237716389960622,0.15523310675840493,1.1062032456695625,0.17432267716153765,0.031314453093285996,0.22576468974405894,0.103998230486855,0.5855453825872027,0.0715210546830829,0.0715747926095639,0.06574928320384399,0.6217057712282064,0.0,0.0
15.0,159.81562423808631,285.3034347208067,101818.66623494047,9.900311634862753,180,1.2488264869609957,0.6123107828003638,0.08599339637417173,0.030566965012415334,0.28527752617598184,0.0,0.0,1.0396939785780268,0.15519131860447097,0.8376203833224527,0.36986783703091664,0.08845545935475553,0.030940571407089154,0.09100602690881561,2.062774580834547,0.031373164832891653,0.9332256790466013,0.15626459194430667,0.8003839298854298,0.37645503747989445,0.47287240570652755,0.48324647978799995,1.4800633045603981,0.030148501281096553,0.030969560219534138,1.415404182553561,0.4616249547754433,1.4365771029798842,0.6523604804021536,1.4092996111166411,0.15534877922417606,1.1069074139959227,0.18548269757035843,0.03408704026126055,0.24811463396963737,0.11356624406128128,0.6427364289981709,0.058451179820487496,0.06568407564572976,0.07001270773995814,0.6940584597455062,0.0,0.0
15.0,97.50818235687915,291.77847208688956,100740.44635720814,7.508285425722247,180,1.254793847422697,0.6120214912268865,0.09373673089342933,0.029330818515539793,0.28301325033699315,0.0,0.0,1.0035061513565662,0.15580702913114353,0.8369236579441726,0.36928558890006863,0.09154012074045086,0.03218625847386268,0.08814444184174344,2.3420030802343876,0.032677269387701324,0.9364557566373463,0.1550590033895006,0.8020839462970446,0.33333396979294433,0.48357276201807375,0.4636137449305222,1.1575546793523919,0.03192425822581965,0.03062042298140986,1.586242413882255,0.49512506424619235,1.3517289579265248,0.6391812319021823,1.2957328400988821,0.15547049595093043,1.104048399542502,0.17929368024334408,0.03140563648468641,0.22531280834930997,0.11016055254700237,0.6486761681354701,0.06872728783602071,0.0649808638116617,0.07208007829026687,0.6160812969809891,0.0,0.0
15.0,333.3279766058933,285.25938096878514,101531.06430063567,7.686857596191,180,1.386171978840667,0.6087187044844241,0.08505254362718594,0.031647192324174435,0.30382039266694255,0.0,0.0,1.032187797845734,0.15570321691234645,0.8370814148011189,0.4096154905156592,0.10027210545434428,0.03264923199147894,0.09354521479438153,2.2776142750087867,0.031158286393369365,1.0260976906529033,0.1550806602856606,0.8022726263781822,0.2848993173843181,0.417986291499708,0.4336437676877639,1.405132929679297,0.029614194980770538,0.03130623758701585,1.5930882017661374,0.4594868983892431,1.2711709413303984,0.5735488736851743,1.247676401065915,0.15527381506896734,1.1057806704638198,0.185690035381392,0.030487218357270317,0.23143393885258146,0.11233443078778926,0.6092479109750844,0.06627575879655744,0.07434910419350306,0.06583197794565053,0.5794599421872259,0.0,0.0
15.0,234.05956660066659,287.3894566439231,102024.77559999432,8.4519143394803,180,1.4717201012461003,0.6100581747730051,0.08698231607378946,0.03384986843195457,0.2864472721276279,0.0,0.0,0.9867845225012882,0.15519991085756754,0.836019472354752,0.35458012832692504,0.0788228974370131,0.03254967747803083,0.08814293847897266,2.325466175576602,0.03200295261350036,1.0186767660375542,0.15539082901567083,0.796002793577766,0.3356083736123379,0.5081354954406244,0.48903982434522314,1.4093765420830155,0.03405368682335515,0.02998789553473606,1.5510441632147234,0.49396041226854387,1.3705250081226197,0.641795881874448,1.4338927162865343,0.1556882985013935,1.1086173359868674,0.1725017267770108,0.03119214853844946,0.25850501977418694,0.11176784278386508,0.6052629005682335,0.06677753113746061,0.06442793792229798,0.06314983282928778,0.6591812742457032,0.0,0.0
15.0,49.91142817899674,292.9642047917381,101758.75920627663,8.53966687917656,180,1.2320076136445908,0.6079226742053206,0.08825547457007744,0.031954937710141955,0.30323441897396725,0.0,0.0,1.0240547736303793,0.1557318834225902,0.8377118574375161,0.3865198906998838,0.09306391748994502,0.03232804355743826,0.08653144130969824,2.6212962201815393,0.031682213572493886,1.0047507019391846,0.15563753968061023,0.8015516388673435,0.3928688838196354,0.481912576406924,0.3947516859154879,1.5174785050825552,0.030302902300298383,0.03207926339950764,1.648757822709951,0.43911459107188927,1.3784268067232925,0.6377840460858215,1.2913199457178197,0.15499310657096071,1.1025918307554563,0.18159148963160968,0.031641701547803,0.2465534769305237,0.10782707742262984,0.6070453606473811,0.06895295900354852,0.06952002340823153,0.06403326329003066,0.5936616283743092,0.0,0.0
15.0,336.39519115453993,297.7334372021979,101647.72708860875,9.996187824944851,180,1.357168801122889,0.6107048491079302,0.08405756835137503,0.031118893083442775,0.28057472995792093,0.0,0.0,1.0875872655699026,0.15568990280865705,0.8408966441704092,0.39198382218034783,0.09271993018462554,0.033853872726896654,0.09354563693069867,2.3512682256171487,0.03217905257813719,0.9958086071580937,0.15556318194391605,0.8010521586960985,0.34409315027085524,0.47579203146485843,0.4848775867797525,1.1744290277219334,0.03234427897274414,0.03134356802856649,1.4693918289945391,0.47040874406749716,1.2904962763446763,0.6276642643040246,1.3666261365970116,0.15569697112905612,1.1071988688332886,0.1649156510193316,0.029133527222799455,0.24288263445023195,0.11686031945101341,0.6050024515439322,0.07176676643047006,0.0704529472850375,0.060854940854382034,0.5683771446894179,0.0,0.0
15.0,279.70522033714917,296.3624653232065,101635.82085289161,6.131587540839659,180,1.2800081074164804,0.6077523006345701,0.07757966264239068,0.030953296252235606,0.29746014791435554,0.0,0.0,1.0606700564342393,0.15552530021282723,0.8375477825896763,0.35537722160132873,0.0947924443207809,0.03346181448847767,0.09026845136646282,2.4147713371219215,0.029572845641465274,0.950367895325601,0.1555567476272405,0.801066568691519,0.342293036750997,0.46743474578451016,0.47701666607063786,1.6434693932054938,0.027910588379722424,0.03333098886983858,1.5394190729691484,0.47994152928236233,1.4400718389267044,0.5997991692884906,1.4144472151215681,0.1557858273280194,1.1002729787489711,0.19181966952413473,0.03039823695605166,0.2252306977607904,0.1122179381320337,0.6187860725227246,0.06147601327169034,0.06370307552641886,0.07222035391867912,0.5798112671657959,0.0,0.0
15.0,244.49429330979274,289.95373468883815,101094.3293343616,9.037059151917603,180,1.3151812874988282,0.6064412824698722,0.08987322936774592,0.030187503454022768,0.3006071634352535,0.0,0.0,0.956312288084571,0.15506701569265616,0.8376912545483949,0.3833466389920179,0.09801269909468881,0.030278552522473537,0.08735929767211643,2.2843987478636096,0.03379123818865605,0.963634354235458,0.15539690887610627,0.7967706174863043,0.3660844192564865,0.454825958894772,0.4627250694023325,1.3707676364410342,0.032506132423258526,0.030987954078314055,1.5116414000174108,0.4557704981781757,1.2433746119387379,0.5978529921042306,1.2957051091878151,0.15570493240492309,1.1052498407700146,0.19380163286954122,0.032690860763751814,0.26761594572913777,0.11343721922737607,0.62487534469817,0.06437132430573705,0.06627020604703698,0.06463918866541427,0.6205626870483435,0.0,0.0
15.0,299.3392042224054,286.2083966132045,100886.93617686465,7.3406388693755185,180,1.3640237190323912,0.6141177239871092,0.09236682932947583,0.030388727777900623,0.30622202307620094,0.0,0.0,1.0087427620431837,0.15534535185022008,0.8370768977203488,0.3500841707188337,0.08971348912296645,0.028871196712070897,0.08491824609876183,2.1109669923725596,0.031706363572620994,1.0310766638805378,0.1557467828802259,0.7975638184909472,0.3858984245977248,0.499323463927991,0.4465493558132563,1.3735264430852065,0.03214261079267733,0.03362954659686995,1.5154992068482176,0.4430109053806695,1.3639506359049758,0.6175239677875168,1.3547805298368898,0.15558207480694303,1.1039763110603802,0.17010942332230658,0.03148979950228631,0.23080364881130236,0.11027474478902131,0.6039150837192598,0.06463599502196744,0.07196151601696725,0.064871437306005,0.6525449504397388,0.0,0.0
15.0,230.08996408725346,301.9156017409893,100724.6027078697,7.796956885095601,180,1.4084492830566513,0.6061832900615379,0.09769778115805612,0.03175123482233711,0.3213088888965662,0.0,0.0,1.0508743343112805,0.15540807560868372,0.8364658794195633,0.37483465251495274,0.09291858459642281,0.030290754198544906,0.0866522149893611,2.690917268983482,0.0340718003876361,0.915627208714799,0.15509503196424457,0.7997514145959919,0.3981061926447358,0.4432027858568545,0.4366515913749802,1.2925619444469811,0.03156695627749317,0.03332166625876134,1.6369808827887686,0.42848142039727677,1.2552855953576834,0.6908630751297931,1.3688442869646904,0.15581701104178852,1.10696274784264,0.17937306694012906,0.031480163505489676,0.23991781425084022,0.10732278629241328,0.6020571789481366,0.06305634210187513,0.06417969473102397,0.06172403500840289,0.5916229007118011,0.0,0.0
15.0,27.943390903608808,289.66281206716604,101146.17848436943,8.603946741276802,180,1.4396650312925272,0.6129307729595885,0.08322395625929449,0.03236061519588551,0.29890066736629334,0.0,0.0,1.037267107298463,0.15530721739047598,0.8409452627961399,0.3851888416021901,0.09639210507151624,0.03072289388295459,0.08458176585748844,2.168448320683506,0.03221376645499206,0.9622591017879614,0.15564605562837858,0.8013767832521116,0.39630381846367996,0.4388174492971373,0.423559479338356,1.4609479466759454,0.030709433009738656,0.031400561629047745,1.5260861041075457,0.42700512536852614,1.4510958926569577,0.5977659259684278,1.3981765611507735,0.15580960097917787,1.1071388852697035,0.18983911136752304,0.03365371890245371,0.25723415237539504,0.10433634986109425,0.6158240314713712,0.066411539578668,0.06263102974304353,0.072884722035611,0.6598081176699829,0.0,0.0
15.0,301.9891255932418,299.9224969254482,101948.09706023557,9.610359844479236,180,1.3583920254761361,0.6142194314572675,0.09652836715419555,0.03296783447615225,0.3051704093478407,0.0,0.0,0.9760493924674201,0.15538064907293642,0.8380577864384202,0.3707349428828712,0.0854258850962894,0.03156471237136874,0.08983150948231199,2.5420364878011763,0.03183484460176968,0.9539798209243755,0.1551718390145979,0.8014572568377837,0.3849559158490359,0.4745356938581432,0.46474704012332213,1.1839420708437203,0.030731975736987698,0.03356300822752741,1.5996899201287507,0.46899965139095645,1.3909684833085334,0.6209000634628888,1.3722638436881671,0.15544158766936195,1.1011841992285962,0.17460164886571597,0.03150799659300907,0.24111338413938074,0.10941217880400728,0.6127706434318454,0.06704509461159713,0.0678508069834119,0.06524940220471874,0.5709302329694574,0.0,0.0
15.0,161.94966499844995,283.58087195978675,101038.64457820219,8.221071727568773,180,1.3837797946445818,0.6047153644616619,0.0865247010256036,0.030491387833038133,0.28784964686668163,0.0,0.0,1.106050179694764,0.15552675846259587,0.8431006446638187,0.38360881498917004,0.09238068562809622,0.03451374992218226,0.09818655405189543,1.8096125058967505,0.03518443087319441,0.9090943578725954,0.15512933543976262,0.7982024285535919,0.37049184273507746,0.4753293182123607,0.44771951195299015,1.4043226505089335,0.029846729523990805,0.03382420243315335,1.467963617581985,0.4346930709663608,1.4557150989003036,0.6551002825081108,1.3954640442989696,0.15538257156281046,1.1077747721812663,0.175105862867565,0.028844344831672933,0.24318563409902685,0.1119357292552155,0.5775617292509616,0.06263795526297417,0.06896261063351522,0.06357901939709759,0.6264347111107256,0.0,0.0
15.0,125.72519859757597,283.53119997218107,102014.43557926829,7.98851055187345,180,1.2826293042926509,0.6141417682998239,0.08339118693797797,0.030443327214762568,0.31590647697609253,0.0,0.0,1.0253069404257058,0.15535531181460605,0.8395317839144181,0.35316847287406833,0.09241410121492417,0.034027501613243354,0.09383913295040947,2.4538318333784166,0.0303890170764555,0.9659573413806299,0.1553529606041547,0.7987572159943588,0.37153849529162064,0.45521168805500856,0.4630592020564474,1.507814635769924,0.037091917815764965,0.030981484211363267,1.4372679128134735,0.46305800388846285,1.3466593854022506,0.6726741812353656,1.3112261603042912,0.1556158270045689,1.1019113430683616,0.18343228853993906,0.02910031935267877,0.23258170337691214,0.10972522839810216,0.6496461383817246,0.07078247328423298,0.0708936658219187,0.06400797437432432,0.5945516214366549,0.0,0.0
15.0,93.89605028963597,286.89800073734006,101428.99183324282,5.502035095323324,180,1.4665896167539434,0.6097622475735145,0.08785478204201974,0.030340184496712882,0.3285788670113208,0.0,0.0,1.0978186138348192,0.15518203291068852,0.8384440188363681,0.3545288369391415,0.09164187984320367,0.029083129285069086,0.08909612742676498,2.3159831451250916,0.03232719157414475,1.0230042286597159,0.15563355166876927,0.7973150273940002,0.383247666664389,0.47444799344533306,0.4599687393429518,1.4810941696239954,0.030650089148575727,0.03225031073487282,1.511327313494444,0.45557412301778966,1.3178813278747177,0.608116355296266,1.457925316462593,0.1557504415271865,1.1075371232039684,0.17542170304335714,0.030674808796894344,0.22897167176711158,0.1071994824365299,0.5998226232894246,0.07539592926178766,0.07612403573491172,0.06473585032791246,0.5534432025816868,0.0,0.0
15.0,41.253487365643,298.3979022829281,101385.0834199949,6.173414501543744,180,1.3308410462107532,0.6121690918255486,0.09176840132344258,0.033387246703511994,0.3180039005769546,0.0,0.0,1.0138039074876308,0.15494458821402615,0.8386704489703688,0.34594029216112354,0.0907674799207898,0.02825080208518824,0.09029988790062596,2.07485221564872,0.03230823233279758,1.0073741437818267,0.15578301561560282,0.7973560816423483,0.3891089193587962,0.4424007903659184,0.465293874295032,1.5122497696532546,0.03093652676310102,0.03348737772216272,1.6411597807848881,0.44373831769527955,1.4217879253961556,0.6387656004012906,1.243671858700473,0.15538058364905938,1.1058027334527962,0.1884631367610967,0.03280638976486507,0.23971239666000424,0.10993812344646735,0.6710556010936269,0.06674708558231526,0.06277343120063072,0.06451892556026731,0.6118772923284576,0.0,0.0
15.0,354.31824626299414,286.74768954170446,101609.51138298263,9.747729045183535,180,1.458061292443146,0.6120338304917743,0.09064109283637248,0.031197054958686344,0.3228117071924937,0.0,0.0,0.9875859402389019,0.15563407099096685,0.8394260172294109,0.388396544569055,0.09812450990906064,0.03131464298733653,0.09127432721293018,2.1963251960254477,0.032197787136491005,0.8962205882623283,0.15540999775239198,0.7960009209058284,0.3600087821681511,0.46725343707343125,0.43525463002440307,1.4208114187474974,0.034580864756115624,0.030264271462331616,1.6044845759019515,0.4514162651769493,1.4606945027639993,0.6006190471805851,1.3362786051882518,0.15529045256496624,1.1047136646529845,0.17922394265880282,0.03305247908570622,0.25970471457712413,0.11601042640576008,0.6333583685656277,0.06694483457107675,0.06534806238989853,0.0673864716789531,0.600255386864123,0.0,0.0
15.0,321.64028124878405,287.44533149521664,101350.8572438551,7.807784629641775,180,1.3461013265919364,0.6132472074919961,0.08881544042118729,0.030938352974874357,0.30996877059939976,0.0,0.0,1.0331595923238226,0.15563205720996615,0.8428096348558524,0.39581325334233813,0.09104699267461787,0.03168112814935171,0.0816845334838817,2.1005351823986125,0.03299108954718417,0.9684820410881595,0.15584427308055868,0.7998214661940892,0.3644734238071406,0.447620634092183,0.4630822096853224,1.4258705019537088,0.029969402436535182,0.03219573700292036,1.5124241038478041,0.41955520102297883,1.3491600662278336,0.5546243918797745,1.2128021382260927,0.1554183253312298,1.108487744807167,0.18097326807835293,0.03174432620997767,0.23293371602773413,0.11572342436868845,0.6450204816318025,0.07090132913637309,0.07088797479557371,0.07332857204507419,0.6199898133896284,0.0,0.0
15.0,196.79781544289682,286.1470976977883,101676.65462494442,9.748888837784863,180,1.3687232810125405,0.6104917318004286,0.0911727757342915,0.029183361006722284,0.31710337189003795,0.0,0.0,1.0686115984688078,0.15553496616138837,0.8381158336310867,0.39873864286029476,0.08967438481378114,0.031143242251228293,0.08635844687609148,2.4479444869097544,0.03199052029159808,0.9753026146919284,0.15559816842257942,0.8020388076153351,0.3531414678397517,0.45812871194942917,0.4974009443920622,1.370601383813221,0.03389910482269257,0.03433924678174336,1.6835515307089806,0.4481416192084445,1.2874791697317962,0.6040003938064962,1.4666279812161638,0.15533491751530434,1.1043093899649956,0.18092065610951133,0.03194767254210294,0.2473567757781561,0.1118041295710359,0.6538352922406513,0.0669862178675362,0.06816490821003741,0.0657056837859034,0.5790268024099254,0.0,0.0
15.0,192.63923522345954,283.12663201342946,101066.47021900871,7.669134654690823,180,1.3653709457644105,0.6064809801030121,0.0852822142610475,0.03160405199527672,0.32706157772348726,0.0,0.0,1.083840875351001,0.1553020749360452,0.8416815752626579,0.37510629621956443,0.0878586797749762,0.031877069784253115,0.09057385132208302,2.2297599036674156,0.03414834773084669,0.9502829242380001,0.15560468405568195,0.7992533480693201,0.34230105602298516,0.48220601768087723,0.45734576322039155,1.4714261425915316,0.03013727471811985,0.032709286456293715,1.5106053685984273,0.415242404988572,1.3585070451355568,0.6174449446192241,1.4340774830819183,0.1553975281276908,1.108946382930195,0.17078199825457893,0.031573149063452516,0.25276250760138885,0.11093116072418725,0.6226408234515051,0.07087916665948064,0.06372246637340274,0.06455831496988784,0.6845225700822002,0.0,0.0
15.0,183.03160725775552,286.36802840709066,101056.51025473462,9.767939542860464,180,1.2680291645852642,0.6120163482032812,0.09159341374401042,0.03313458293496675,0.2843189151676467,0.0,0.0,1.1087918489309512,0.1552632152827252,0.8429539040678768,0.38102150962110204,0.08316289567959469,0.033063529716216976,0.09150511510548956,2.203598226364188,0.034295803589975506,1.00456104823504,0.1555348387145725,0.8014392920570075,0.3452367496118597,0.5266837236462827,0.515312049625349,1.39425077724994,0.03250054235008633,0.03141256093537222,1.5337703968389733,0.45435228312167714,1.3462427039751175,0.5621541332214395,1.4344593236009155,0.15575354131836158,1.104163983996936,0.1728105569132416,0.03159078501442695,0.2434513423783409,0.10838924449074253,0.6295219366828185,0.06530854098089398,0.07283761445370308,0.06682279284482902,0.6368221125341762,0.0,0.0
15.0,57.37044931052649,289.0088248487653,101808.21856807052,5.671873932025042,180,1.3872234798045633,0.6080638430195383,0.09170088379244447,0.031135775999954044,0.2955839255214948,0.0,0.0,1.0865532802336015,0.1552795264461133,0.8400588830826982,0.3841998157622849,0.09875354579835219,0.03229528059069604,0.09021344659758124,2.5714949665287503,0.031801339763397954,0.9501890776090224,0.15537799242262865,0.7960611692256113,0.3948773622753804,0.4827444450280621,0.4817712152929046,1.167801634094839,0.0314372635508971,0.030278805311003323,1.6046256103673278,0.41596669660366575,1.3072741904271263,0.6058409260858971,1.4423491922978873,0.15545500506220106,1.104507800126308,0.1727494581927612,0.03223663154870012,0.22710758942316006,0.10910987201814916,0.5894493703350835,0.06980376588571774,0.06518676201683721,0.07024749513182249,0.6550402276664675,0.0,0.0
15.0,2.3138844705259043,297.590347134894,101280.13738550506,9.63229387868637,180,1.422191823701971,0.6091240630101655,0.09343394582330168,0.031858741408755345,0.29515375010768674,0.0,0.0,1.020218033374613,0.15600015498301537,0.836452583430572,0.3443096686397524,0.08650866639915997,0.03494077918648492,0.09158643884998777,2.184061081953232,0.030774398475952064,1.025757468623189,0.1555341033506903,0.8005355989266935,0.35696237504579315,0.47024467462307484,0.44773755406063537,1.5102751004710404,0.029935251657609425,0.02893348432628208,1.4170610126674887,0.42384524493626996,1.4064202744173064,0.6636199562072624,1.3959978807344129,0.15543718403011675,1.1100004044640743,0.17394701616666838,0.03154293458260884,0.23729650142383624,0.11404441862077645,0.6720896203772576,0.06506041167896465,0.06458996603003779,0.06754215999469379,0.6146515211769512,0.0,0.0
15.0,115.2395908198205,298.3716907857133,101950.70317730287,7.898528826298962,180,1.3306089696642047,0.6079665313718918,0.08556425633710307,0.03215508197786896,0.3204198924661997,0.0,0.0,0.9992988373843754,0.1551173530122196,0.8365876962366089,0.37823756520704027,0.09454230053338637,0.03346482948352663,0.08851123429167712,1.997970982738916,0.03260074032765866,0.9529565955506206,0.15549220534206573,0.7962551934994004,0.3362229279343216,0.4808591666680252,0.4465821897294662,1.3540544418305007,0.03469592599048235,0.03286024420484067,1.4702679733448927,0.4877119411043722,1.4246148160799146,0.6050900356533173,1.339375816685151,0.15540812029291606,1.1086459943498577,0.16976332357704543,0.03185056088412516,0.2000249383768507,0.11276155802533104,0.6272470375898237,0.06691194859143267,0.07058705852726081,0.061578475918011494,0.6113257106916063,0.0,0.0
15.0,53.82105326422155,292.1255326839293,102227.86277988313,5.523232933035615,180,1.4037667349368415,0.6078465657249398,0.09276721006650492,0.03164754158038579,0.2963675639002894,0.0,0.0,0.9203004097487347,0.15547383356092576,0.837457015384407,0.34465588422216326,0.09392820291455463,0.031079890746814807,0.08775527958750488,2.4390309311385403,0.034620290109807925,0.9684053984829267,0.15533936890055494,0.7966862533553997,0.36454872336417693,0.488758310208194,0.4914358582264385,1.5753292079902959,0.028482359351186762,0.03477594437388122,1.604544277954991,0.4548952658591888,1.3531983840866832,0.6337727715069561,1.2912449152314676,0.1554851530270455,1.104896748978952,0.1882936344128551,0.032149790383661864,0.23278471849855145,0.1059509409293971,0.6234218843912134,0.07147648479211315,0.07006890023506201,0.07130083974837217,0.6132685872008676,0.0,0.0
15.0,300.7185859438458,294.35809162556995,100848.54156607098,5.893775928597074,180,1.1599094949099258,0.6141739412460923,0.08847243861087735,0.03164544114971242,0.2993425340180007,0.0,0.0,1.0345465110829801,0.15550156285251232,0.8397446940469158,0.36064402143540863,0.09075998691251046,0.034827995970777306,0.09049822867707132,2.017845861774754,0.03248809509382511,1.009384972846882,0.1555636700585967,0.7985569089282281,0.3637712072916582,0.4490332051390572,0.4523787233602299,1.3060993877016824,0.0322178358310056,0.032438238841055546,1.462395049635727,0.4374398339517903,1.3353402918864308,0.6388152448660803,1.4625272456832599,0.15513899468036396,1.1057218118418293,0.1795145214831703,0.029883193900855465,0.2512170333110719,0.10745099633551292,0.6251533425089848,0.0735778231930324,0.07003957050188248,0.06729300653100231,0.5936180947177018,0.0,0.0
15.0,76.1429952661681,294.5581979093042,101903.07447902396,8.195863808640569,180,1.3593094596849338,0.6059602190692686,0.07918493015365383,0.033151163316753225,0.3036012531128349,0.0,0.0,1.0245968046265193,0.15589747295010223,0.8403570841374746,0.37850224519926523,0.09308639380288201,0.029577221173505027,0.08507690276383333,2.2907379380244843,0.03330926355464097,1.0225490760851512,0.15565230060063814,0.7959995386806771,0.32706913716966707,0.4963428720695422,0.5103785954102277,1.4220883146302727,0.03489139133452135,0.03124092757092233,1.4750732956765489,0.4774090534577005,1.4270243547443595,0.6309372199155479,1.3018464032820662,0.15452948507896022,1.102854440893507,0.17439876371389118,0.02891967698870167,0.23813962748761083,0.11219411519137407,0.6174933420015328,0.07095560157731085,0.06850449179121577,0.0675744188063356,0.581174825857121,0.0,0.0
15.0,46.639156789169235,291.38611038355197,100832.80169874908,5.817941903157835,180,1.3508245051470762,0.6116374525397432,0.09280698404299277,0.032338344872568564,0.2815821076391314,0.0,0.0,1.0336137502171,0.15546714900955552,0.8354687448879705,0.3899317303292657,0.09215932185585242,0.03043267442963697,0.09230181798953063,2.2050944290855883,0.031532304387947,1.0220663832058177,0.15540259173182583,0.8017710021938397,0.35284361060576075,0.47083686855593276,0.4862270260387024,1.2305430606243457,0.03468516560947308,0.031529570958749635,1.5359061342288005,0.47154356692187566,1.3086146118685043,0.6505793542251705,1.421263350947906,0.15558228544753602,1.1063319280126105,0.18676699682645764,0.03283391819259685,0.22228814214248063,0.10715805665818198,0.6325853873207138,0.0666424864590683,0.06117898635608575,0.06770978964600712,0.6695328637795941,0.0,0.0
15.0,349.48514362378876,292.9019846860302,102766.83715746517,9.023220850948602,180,1.4241181994002026,0.6073705525032026,0.09156899571799906,0.03196119697207479,0.28424073504623204,0.0,0.0,1.0247109752778119,0.1558682792493483,0.83527221534117,0.3615770813927536,0.08375712578296024,0.0307374302785632,0.08651403283269338,2.255378167791696,0.03133728183310463,1.0244084534774016,0.15523013991810047,0.799286516122326,0.3616839454527778,0.4654380184938308,0.47894977281495493,1.3787848819004107,0.03401167093236318,0.030606760983601138,1.5340830834746764,0.41630385438549505,1.4499504899513334,0.6419024025057665,1.2359395459834996,0.15572665250390358,1.1043223329853922,0.17139390088189158,0.03425482757784254,0.24746285651729238,0.11349437593838324,0.6186347583930153,0.06891509329173066,0.06471466674011914,0.06324943626902375,0.5994562147104113,0.0,0.0
15.0,134.73125074574105,284.84304151121955,102334.75554446687,7.1998823658315985,180,1.373821200880735,0.6103360319351299,0.07990733636710898,0.029503176754794733,0.3087935136830357,0.0,0.0,0.9663474300076815,0.15516779909135248,0.838292541522794,0.33065144492755,0.08288660763900098,0.03213805696230548,0.0866724939525457,2.402320776868527,0.03265053053713523,0.9999551932841247,0.15549028310032947,0.7977849225720128,0.34950158740486703,0.5046706579176059,0.4840010046809289,1.441367719609257,0.03264409958858968,0.030820920483705303,1.6241920329181345,0.49088654243444957,1.4078483360420042,0.6513575516476564,1.4143816233533104,0.15529425172703964,1.1009560947887453,0.18415557927866125,0.030127216379760617,0.2432659122733989,0.11164251455941741,0.650424903144564,0.06850860868843735,0.06942120801307779,0.06993039343935716,0.5716494133764868,0.0,0.0
15.0,280.29234726533923,299.7523730579806,101088.88789183626,7.412904938791345,180,1.4935819997736086,0.6149223601627514,0.09029945233033171,0.031679175560082005,0.3172124761664179,0.0,0.0,1.0504994581588358,0.15515563522098091,0.8350684036121695,0.3576538474176589,0.09147609074874623,0.02903477886854149,0.08890757011808352,2.420242301806418,0.03228724889936438,1.0216069800369896,0.15552189262643068,0.8002346920686015,0.36586906119893225,0.43716606776137057,0.4420138847286964,1.3137020128922126,0.029282986667537807,0.032221334458009974,1.4655767064345602,0.4547990808600553,1.4583001526198718,0.6292334838670921,1.2964552451370412,0.1552368506673017,1.1061113137662917,0.19451736077110676,0.033932984820982996,0.22874820375413193,0.11382469510472834,0.6165354431205515,0.06771178295621626,0.06838401431323816,0.0623616753714405,0.5795718924381577,0.0,0.0
15.0,348.6092903338972,297.4263533834258,101036.14003818478,5.346671712825393,180,1.3185432061484883,0.6078813630757245,0.09508121343198887,0.0332826974408789,0.30205006910253673,0.0,0.0,1.0798084442089735,0.1555659199815455,0.8351600732869515,0.37227952670797887,0.09174680744881178,0.03368750958701986,0.08668050938180469,2.321692627029593,0.034323520133532875,0.9860227690827159,0.15574289123406443,0.7975467563327517,0.3452751342393026,0.4390963999350936,0.4741949946287138,1.376733849269326,0.03158591903776803,0.03042435845558798,1.4085381086064215,0.43843471185449423,1.3790145101362914,0.6157027419824127,1.4652873674886497,0.15577586564458673,1.0987872837028967,0.18182604011658124,0.029306584407893507,0.2282573466693946,0.11420102399975553,0.613843192026271,0.06351952751127693,0.06590115299011814,0.06509891562743064,0.5891161074473357,0.0,0.0
15.0,46.66661866843536,300.8496393601997,101708.75421776767,7.912092815357764,180,1.3796105678809574,0.6101797448711848,0.08659960308394521,0.030595357375727324,0.27742403142557626,0.0,0.0,1.0848750478717883,0.1556532331339075,0.8402100782678316,0.34688530818800367,0.09152639953242978,0.03326838089928877,0.09232225964964547,2.5140596671473894,0.03183330046765476,1.0279099764804704,0.15577235637940798,0.8016171754953125,0.366580066132223,0.4769248756141959,0.4845119202186921,1.4900879625532468,0.03323667498581705,0.03290555818961038,1.442031389375896,0.4561709813972152,1.2951909412912497,0.6218969194380166,1.2897813925295611,0.15518997548303826,1.1067482790134384,0.1709749968496061,0.0316948025787717,0.23377124094103746,0.1116467587096228,0.5954722800713061,0.0690536876131481,0.06776217562081165,0.06906606668324707,0.6600832431730557,0.0,0.0
15.0,208.09090856156675,298.9583566005797,101319.18337401838,9.483730130845341,180,1.390836730749349,0.612275136263369,0.08914751920394161,0.033450629421891476,0.30078518777853314,0.0,0.0,1.0162394221258766,0.15519726639881312,0.8331232204578028,0.3371114875573929,0.0850485140063597,0.031103173713528172,0.08389383405949213,2.290359442788197,0.03138817771963887,0.975364451163091,0.15601876560216354,0.7955748187053266,0.34675232822110746,0.4931157266621161,0.46938850386700176,1.4624163429969272,0.03196927525431254,0.030735287955171005,1.459048358648287,0.4850493034941428,1.4278806365240397,0.6772083407509584,1.2588726245467934,0.15494744059358614,1.1061541308384983,0.1951153366983668,0.031029725308113293,0.2347779482656522,0.10813801145600818,0.6509356400403531,0.06340189469153354,0.06614469398899986,0.06500453731908033,0.5950636319899297,0.0,0.0
15.0,128.71620135139528,300.36395019339545,101068.61372056283,6.951245625994034,180,1.268633858064091,0.6109054519623341,0.09024308793815126,0.03188224592803629,0.295225083697934,0.0,0.0,1.1044806441021506,0.15539755391983692,0.8402914693369704,0.3855702583346232,0.08933542017341842,0.028501360919358662,0.0950795177773739,2.294016518924521,0.0299385603232467,0.9570348649016613,0.15507561791164598,0.7959295243887299,0.36750582600762693,0.5075106392687149,0.45045580603365015,1.4534351206256437,0.031912515394001584,0.030715753014034838,1.4085639996814927,0.44308679019807645,1.2574323598056003,0.6286236352684387,1.3499836345835792,0.15508732119354432,1.1072682543667973,0.19075406285811575,0.03326305154108232,0.2531884829786406,0.10666021771417905,0.6474748016108947,0.07355906193084027,0.06734338105490799,0.06408603481167355,0.6310597158129556,0.0,0.0
15.0,279.19620874371435,301.630802929954,101518.8503504973,5.8610000989869,180,1.242065619147856,0.6128190854343022,0.08876160602250067,0.03171222226786376,0.2947330700107029,0.0,0.0,1.0591163522725127,0.1556147705010763,0.8364547732898543,0.35293065824401654,0.09544375622228513,0.0301306325335347,0.08730619196571034,1.9359767818979674,0.03265794660795079,0.956027329037603,0.15568862660085214,0.7977496279994103,0.3431690467035342,0.4128348292780161,0.4668870897721671,1.332292928362999,0.03315024290503407,0.03174867352334064,1.4954329642645303,0.43439655367547186,1.239292529681881,0.6364849292772443,1.3412313121545927,0.155909839326986,1.1028116433093742,0.16620465879358637,0.03216619986470533,0.2326185730770019,0.10864753331037769,0.7124655895643197,0.06610199298547557,0.06455466345510906,0.06353376963632527,0.5565566543984826,0.0,0.0
15.0,293.0891796568533,293.38669641191757,101752.42311675914,6.673949209873144,180,1.3596797472849658,0.6100031995162134,0.08567018659467233,0.029430208781035652,0.3355020731769051,0.0,0.0,1.0663619008124987,0.15550274774022105,0.8421842087760788,0.3436976742625297,0.09613965352911051,0.03311536190660733,0.0879672053281736,2.4103236066725247,0.031749467282248915,1.0327405629703055,0.15519895385021212,0.8030755740979888,0.3536860790578838,0.46887598076168074,0.42861791125722554,1.4934317490137456,0.03172119900157799,0.02970424410415384,1.6234268346183856,0.47670467931935523,1.3681307106412108,0.6142469715091108,1.3459155980942037,0.15502028158988784,1.1077396182848498,0.18958504938929743,0.03234224986550757,0.25452843401017666,0.10395843990294171,0.5935194832098637,0.06407535758242845,0.06421139293977145,0.06550266954157315,0.6148875065497913,0.0,0.0
15.0,178.9972103509347,294.699367657921,100904.11975364361,7.405507705098083,180,1.3716137623827194,0.6085052347864394,0.08786051703621083,0.03386646127851445,0.32082907452704634,0.0,0.0,1.0213134777483583,0.15511481468487634,0.8413263913125282,0.35477107020760024,0.08821269516455377,0.031832702733130123,0.08463355461576931,2.189328181433221,0.03121891045860323,0.9920430164125995,0.15547115379159462,0.7979663147948565,0.3624443936444325,0.4539513410991457,0.4771224882706693,1.3697333384688033,0.03038714398468335,0.031204486860590994,1.4454736077626902,0.5008456731378345,1.274014326674527,0.643175749181337,1.3413564657420978,0.15538377745199547,1.1028001414667796,0.15443758398735152,0.03292145936384073,0.23257786790986393,0.10343073597877685,0.5906900198524381,0.05921330564929214,0.06028668736229863,0.07050729139810506,0.6185449255354586,0.0,0.0
15.0,193.21458771398844,295.2091525643976,101663.39600738903,8.949518024955747,180,1.166036624926952,0.6094723988668728,0.08765572633222561,0.030516830318771723,0.33070104622131447,0.0,0.0,1.0762690552714664,0.1555236716610125,0.8377080266707196,0.36404187836471563,0.09121134534214655,0.030734002356927838,0.08660278376055036,2.4803589351585584,0.03108352362177578,0.9922464697499803,0.15527570411320968,0.7981938003113527,0.3365255191418511,0.4393910884231965,0.45827648682114414,1.3691955705638714,0.032104810852902524,0.028298601876584808,1.5199833384424983,0.49881601407175646,1.340694653880356,0.6373628886052017,1.3933319978579148,0.15523918006652337,1.1054080979615726,0.19051508452363852,0.03158434112740036,0.23147917323305156,0.12365791071926864,0.6469138335368935,0.0617856683773763,0.07294546174476703,0.06335829598864627,0.6398660992738027,0.0,0.0
15.0,331.86516991945257,287.50634701150733,101263.17560941559,5.681942668895931,180,1.3597028318889341,0.6112400398859748,0.08887802053590113,0.03214035630151553,0.3135067669839376,0.0,0.0,0.9008139627720902,0.1552195814396648,0.8372121740697647,0.39470812463758015,0.08918593489867462,0.03273047386259447,0.09208736379067312,2.1791491461322376,0.03151870489427407,1.0694862227371613,0.15591751147013302,0.8004557140378592,0.3595682351583151,0.49493640260287475,0.48606890625223304,1.3845371013727932,0.03060561856096205,0.03225235244901313,1.402285231523756,0.42639161788215946,1.339719821636667,0.6181246764816644,1.3430194855662387,0.1554253828274554,1.10501219674062,0.1765775232431406,0.030376774730256646,0.23761231433403682,0.10289157487193502,0.5991765007742951,0.06451012108541503,0.06686390640550033,0.0632358050811645,0.6493205374979135,0.0,0.0
15.0,293.07682807863216,297.7292603297478,101394.44191455394,5.150661568705165,180,1.3468673390591017,0.6092493557829745,0.0912795725599215,0.03226937476138173,0.3223471936212544,0.0,0.0,0.9668856094190652,0.15559937677842067,0.8350561412953573,0.3561730841297793,0.10139857760944918,0.033512336865736916,0.08989529614714496,2.1151692568967673,0.030718031280800598,0.9463675339509772,0.15555888610811783,0.8014805417934889,0.3867109663558307,0.47107926211827017,0.4870995712014702,1.465400369370351,0.02864359380882198,0.03425333598573694,1.6448550830591935,0.44347801144988047,1.4823265614571735,0.6152433389510951,1.2567117574016617,0.15572287971418614,1.1056046486511086,0.17416850418269972,0.032135922531223646,0.22709991385237702,0.1078379003021709,0.6196844156013133,0.07439297692288965,0.06673240182372442,0.06737442052805762,0.6155366500149134,0.0,0.0
15.0,86.44382821448875,288.8924901036804,100792.37948108783,6.805013868572456,180,1.5053914606638596,0.6066501883904994,0.0905613005033583,0.031021986268058535,0.32450757241494793,0.0,0.0,0.9485016936954306,0.15543362726474877,0.837109845804721,0.3614668694357532,0.09068478738456605,0.03056153494488481,0.09073227009558683,2.2904250176351337,0.029922091302856155,0.9513023089351641,0.15477815979477547,0.8029636468683341,0.3721597229850664,0.440651159801689,0.44437958995613364,1.1964410516738955,0.033430866152982935,0.03028157390814426,1.51130678176307,0.41163072439861476,1.3638985556040784,0.6253082639603492,1.3290041231836884,0.1556553799284092,1.1078606005939657,0.17931357790650204,0.03341982612549534,0.22799724070379113,0.11794763568819915,0.6732610298929718,0.0652567509102068,0.06551357703017001,0.0736152204580288,0.6591487682898303,0.0,0.0
15.0,130.1754774395563,297.92303289841993,101103.2585822161,6.529498224355095,180,1.298746805778679,0.6077628649588073,0.08012889668956238,0.033332750718432114,0.3094201615895666,0.0,0.0,1.0400773261790919,0.1551948603446805,0.838646280772894,0.37930907958272114,0.09207579952820502,0.03384315470372179,0.0953108019162306,2.008360940466576,0.030165910820304526,0.9905771021010011,0.15546366476246595,0.7982821794003406,0.39499420375548544,0.43925694730814846,0.43885071355065974,1.4356485782532191,0.031813627006869204,0.030794612547406303,1.577730266566161,0.4352527608998953,1.3085395717132804,0.6259612212528471,1.3447863427855655,0.1555595952888219,1.1060506663203975,0.20046573602680184,0.03407229117695013,0.24504310671466525,0.10632686894506146,0.5993087980108366,0.06916220018914365,0.07142034469367756,0.06921569852233247,0.6267396381833253,0.0,0.0
15.0,64.35721105669855,284.02871316137725,101104.47308516366,5.43718267142025,180,1.4136718705945717,0.6080263064772937,0.09460738448277647,0.03237208061903723,0.3227474573957287,0.0,0.0,1.013334752011681,0.1553784915315537,0.8355308929612222,0.37978994008576666,0.08933641179541506,0.030358360830847857,0.08638627908370324,2.1555074239842065,0.035007752598047025,0.992064959972342,0.15537318564809915,0.803141174471199,0.34805645396970564,0.44743083084294855,0.5012590191428474,1.3741704388017206,0.03178754636764417,0.030818286555099824,1.3780543975412116,0.45564056370738887,1.3557207029836202,0.6397664372377496,1.4490129575978632,0.15592214612819877,1.107701753258668,0.1707715205822147,0.03178055955303932,0.21859160983104248,0.10405199460461803,0.69447131781419,0.06795172941154336,0.06972351591248013,0.06694970072173055,0.642763152346918,0.0,0.0
15.0,214.6149560249539,285.8994882653264,101456.63565110242,7.939801706885171,180,1.379175381770361,0.6096913323821495,0.09872398141990074,0.030047818243318977,0.31321776475498053,0.0,0.0,1.010596969356501,0.1553017490546876,0.8325136614113565,0.3772435959785634,0.09204887321838479,0.029054440250087674,0.09456238829760252,2.464622791282832,0.0321338124666481,1.0100999042113639,0.1555310372854046,0.8004810617097369,0.40442779204557666,0.41317244261332003,0.4839295694317477,1.4332217589762581,0.030807292200978297,0.03199907613110881,1.5682482816109622,0.4278197375067767,1.2985368197220084,0.6758456963922914,1.4026715991624557,0.15535061262875505,1.1049163832136581,0.1643816646135005,0.031046873153958883,0.23911333598192766,0.11606060265413827,0.6370241103782136,0.06704581085556678,0.06548668745290905,0.06483418093757466,0.6567759335181973,0.0,0.0
15.0,3.727935238582214,286.26749993705704,101176.12500233785,7.360191233261059,180,1.3695893101179784,0.6054723902852358,0.09036676759906581,0.032378656525251674,0.3000979183522633,0.0,0.0,1.0842870732988967,0.15541176070060309,0.8397094465000531,0.3472239471810408,0.08568674703693868,0.029702872414418217,0.09138828858946177,2.0179752359975263,0.030477411707011307,1.000203923608939,0.15569330958103336,0.8043855613091643,0.3530093049160311,0.4543579705122021,0.4730994891263041,1.281430996770133,0.031058122725606725,0.029961034213657117,1.5474061992782586,0.48604063577155776,1.3845658444000923,0.6055172528856112,1.3980945060645373,0.15505741439251558,1.107786545953966,0.17740121833496938,0.03047126302826237,0.24014663239344614,0.1142459608995261,0.6368334690659868,0.06459299245292645,0.06590359029515613,0.0675155304920856,0.569388403470558,0.0,0.0
15.0,350.196482575959,298.3572410051051,101452.91853577673,8.54613900023088,180,1.504963873889894,0.609689131089904,0.08641712869111684,0.03229494620501846,0.306553335763114,0.0,0.0,1.0143302296040884,0.15508494551901703,0.8321138218382788,0.40558263106583997,0.08356327355322528,0.03237818301410874,0.09661990119647793,2.3592391859068815,0.03267812458730365,0.980808690960315,0.15580665823266457,0.7973030650058934,0.3745573102191334,0.48915886850776324,0.4983955701003311,1.4764988446564091,0.03366313987368358,0.031043813603678597,1.4214737287804062,0.4589264656634596,1.3153020180891148,0.6197877266406165,1.3051214202298884,0.1553345686333558,1.1045156282599031,0.17859892569703958,0.03375152938845858,0.23523128140585475,0.10974901552344055,0.6116910188838971,0.06531489938359139,0.06399429049235686,0.06597750549071692,0.6683205074917153,0.0,0.0
15.0,320.61069601569193,300.2369743618609,101822.08751642698,5.924981742839366,180,1.354583693985233,0.6127353588781977,0.09445441596950976,0.03245184576304815,0.32314778871782723,0.0,0.0,1.0817503263994992,0.15569880087567245,0.8418099182118555,0.3259039970323894,0.08554688990783647,0.03244751624235334,0.08846427030116158,2.530493757651468,0.03139159831256956,0.9611147222258996,0.15530826628254046,0.8005362414781674,0.37545592435011343,0.4853106843444155,0.4559979180583872,1.5815228615439816,0.03071986237580251,0.030821072107847892,1.4789914506140187,0.4347824601387727,1.5212214318990127,0.6907289954241407,1.3611304233748218,0.15548399339776794,1.1090839916492279,0.16748374319095793,0.031905372297195096,0.22289580117410718,0.09869077708943375,0.5973674178103758,0.06739284914139121,0.07142404834845245,0.06310550119801836,0.6762195676714879,0.0,0.0
15.0,324.5230232700255,297.9402779817112,101366.56923921524,6.540191084451031,180,1.3285718138334666,0.6063380327159895,0.08098781049035297,0.031111893163351438,0.2989241970203465,0.0,0.0,0.9447840852868217,0.15536884808835455,0.8396510812778967,0.34902978603850915,0.08606381846554563,0.029336803868431686,0.0867474078589458,1.5704751134334192,0.031149666421635278,0.9150495839855782,0.1550447809760146,0.8019227827052939,0.35618270418172593,0.4535534334637605,0.42248725928933734,1.2911324610699906,0.031685369833415036,0.031285540943930296,1.566618743437866,0.4571724671523025,1.4448360342104567,0.6438659364385371,1.3290277059402835,0.155210155871082,1.1048348627370654,0.18043830370640185,0.03494668385231899,0.24740449960018102,0.10629063682727795,0.65623699119176,0.06750776204440757,0.06407142026263965,0.06381832252113744,0.6349556934761678,0.0,0.0
15.0,293.83836806937245,295.2607011168057,101163.65560700094,6.859876500706809,180,1.3182394288127999,0.6106387138259335,0.08561153007290952,0.02999417006701454,0.31719749551461374,0.0,0.0,1.1280880710210948,0.15562333727132116,0.8325844380674347,0.3313900428417584,0.08732111852138279,0.03212673723632327,0.08172469565214922,2.1133396709730885,0.03156830408193895,0.9487618148338881,0.15562344177269735,0.8000335040833201,0.35337458734314564,0.5163402916309698,0.4792780663626089,1.5721218267687527,0.02939677326046976,0.03134615047301401,1.514164526191304,0.4437762154604872,1.1496031846411703,0.6470240608437977,1.2652786568367758,0.15551891579673985,1.1084781634441503,0.1758071157385443,0.033179580580487214,0.24461191198560864,0.10588648225909295,0.6867324856846584,0.06676281792078383,0.06964606933326108,0.06108125568951226,0.6451925255087297,0.0,0.0
15.0,219.58499162867895,293.01578859673003,100606.59659966033,8.474783243019008,180,1.5135190314631004,0.6114912466928607,0.08817284323889561,0.03070715405954256,0.2934794116536175,0.0,0.0,0.9846411744599274,0.15527565914099678,0.8401270931695604,0.36179576870479835,0.095677680124812,0.030965317204468136,0.09560269165244126,2.2582285621085805,0.03318156298043147,1.0007797492503587,0.15566080592027748,0.7998950091660154,0.34216203368975967,0.537380308306686,0.4870808999966882,1.4326024578982142,0.032522729492001835,0.030418353066255992,1.5151057434619235,0.4578103285412979,1.3354278985830423,0.6378363446751696,1.3778795072003505,0.15558252091172786,1.1050312528035733,0.17832996893298952,0.032173260999346615,0.23457128507712896,0.1061820910746947,0.6158744199665421,0.06656099630722705,0.06853130792090095,0.06164909454478841,0.5728185789490963,0.0,0.0
15.0,101.73416191300214,294.7808011527096,101645.91661197602,9.892959464974483,180,1.4502879117006129,0.612298404619431,0.09124362355419698,0.03707176262671866,0.2977620257244903,0.0,0.0,1.0628490873258547,0.15544852919220115,0.835576965145517,0.3573218633801213,0.08795911308713579,0.027802795934905197,0.08389123926461416,2.0148602905656863,0.03154934743143531,1.0402328829647447,0.15540098302248562,0.7994597541471116,0.37210134243803256,0.4481668937515985,0.43790578742538094,1.3647780191994003,0.028773644235058505,0.03317309057560678,1.48860045543008,0.4586355176846292,1.4323272645980385,0.6693787308155515,1.2731600588884628,0.15561831858169217,1.1073574954283771,0.17904286317317644,0.031190743248660408,0.23583193238305314,0.11073320448379836,0.617934942357525,0.06973632375688624,0.06962960012874753,0.0690072052243654,0.6097880317298658,0.0,0.0
15.0,70.42675551912916,285.8841463961356,100868.74254819992,5.301509853395533,180,1.326325917262983,0.6099975501039403,0.09139367338760675,0.03298653863219697,0.29779647322894154,0.0,0.0,1.0627798264032655,0.15561191932014798,0.8405873643266554,0.35604588664470144,0.08569627348312876,0.02976862760747867,0.09126668914698444,2.079302272792511,0.03240400435821412,1.0070941381709726,0.15532741824481267,0.7946237172123785,0.37262241046398126,0.4438664110329778,0.4773081404194551,1.3252763668189436,0.03172221160477838,0.032372092299768805,1.5728886614404978,0.45897632897145196,1.309467300581717,0.6536348750600784,1.3383991164138795,0.1552747416134043,1.101468000706646,0.16355415919313682,0.03485363344999229,0.24981079919134105,0.10636493199878647,0.6437179220468089,0.07277885872284447,0.06991922804080213,0.0699680687575054,0.6965672738978238,0.0,0.0
15.0,277.92801197619076,299.8498042655514,100971.13753369504,7.682798544968022,180,1.2787866655594915,0.6074578485858921,0.086940549409546,0.033434416805668964,0.3212614559457716,0.0,0.0,0.9959299714325375,0.15573218021910973,0.8349426029068407,0.39978571543296215,0.09241328102630421,0.03399767832771261,0.09747729629069292,2.4780625085737333,0.029617042461572277,0.9234490263202613,0.15561402543602207,0.8012507589393426,0.3563778745853808,0.4785943140437637,0.464579884616061,1.309858353408043,0.03242194530257283,0.0346367176657841,1.585043489939838,0.45179872348087435,1.323677362669258,0.5983099612659055,1.2750000906491592,0.15577524955251218,1.1054486781579056,0.17490411435176811,0.02972185843760849,0.23932956008319345,0.1140450006420858,0.6188332737131018,0.06841298053766014,0.06824115080613555,0.06891644910322507,0.606391838540025,0.0,0.0
15.0,237.0118408734208,298.09200516834204,100939.19578588117,9.47011153310961,180,1.315831387638352,0.6125266226759245,0.09498483027693048,0.03068029252602985,0.32366235325425763,0.0,0.0,1.0714657137595676,0.15543201550634284,0.8338463973962347,0.35688070350820167,0.09525916016722642,0.02881468433449945,0.09372675362402515,2.1797878739741807,0.03200145895360535,1.0116966747837606,0.15519694011146656,0.8005446201632611,0.3429329981637727,0.4677629323981536,0.4764379420108654,1.1048620390398545,0.03339776862021461,0.03165486115164781,1.5762229411437734,0.4757198421651825,1.4387223456063085,0.6286737525075061,1.3168941605277238,0.15550799032339815,1.1055523551298096,0.17686543557004597,0.0324362194676137,0.23448373928672753,0.10583338854857106,0.6799734361600065,0.07198439983737297,0.06672159902522147,0.06578275646483274,0.6196042718428806,0.0,0.0
15.0,150.1334262831527,295.2233479319451,101037.28795035729,6.0242744772821215,180,1.3792000885564408,0.6097617874160115,0.08756390372966455,0.03159010403641544,0.29711852582935255,0.0,0.0,1.070157636573821,0.15507435567280806,0.8364162030942082,0.3565497446691875,0.08967915674069299,0.03217563732120203,0.08116712181526214,1.9585792681066596,0.030637801808806504,0.9666657900548377,0.15544442395984953,0.7971680635902348,0.3835263092814738,0.45241390230741285,0.4676277090255315,1.5362777116505308,0.033972343701632685,0.03274616573433765,1.4809696937970134,0.45919727964302987,1.2468372852015408,0.6671483136536747,1.3908057333134582,0.15548747254096415,1.1084562364380266,0.17962199061527367,0.03488187861999725,0.24925300393171723,0.0987249353828074,0.6137408169885363,0.0729834848686918,0.06363961493429837,0.06515376161469452,0.6080737642098576,0.0,0.0
15.0,49.723425225079836,285.8379610663995,101696.39419338547,8.27552507958063,180,1.3396933438041134,0.60582334034377,0.08136041893160613,0.02981215047734049,0.3267463957288896,0.0,0.0,1.075115976021169,0.15539460376506786,0.8379995442204061,0.3710759261030192,0.096219175372567,0.03284530091659197,0.09358825891516638,2.442863671397292,0.03209347460596969,1.0382630702032822,0.15518784626083984,0.8004526267676028,0.36299723964861785,0.4411149529879829,0.48502824533275685,1.2462364543452036,0.03159623779613172,0.030102457414720857,1.5483400963703342,0.4219812414887441,1.447523820898268,0.6359873157905861,1.2830945007642955,0.15590388764938612,1.1064292669010098,0.19741549916457915,0.030713888430160995,0.23328809856998384,0.10031889125270803,0.6091864646518921,0.06431674293315649,0.06981925570118862,0.06575067324261245,0.6910385423324225,0.0,0.0
15.0,167.54438153040007,285.80626363939456,101257.43718462385,9.947297930082724,180,1.3896884069885707,0.6108702902551023,0.09017533144316776,0.03114790363526387,0.2729147551583616,0.0,0.0,1.0504872022088818,0.15547067754850935,0.84260945561538,0.3304547470135317,0.09169409320327239,0.03405231085438594,0.091655168106709,2.353174925909295,0.0334160463506213,1.012155061921004,0.1553373817180356,0.8013059528482459,0.352260377706995,0.5081390674042817,0.4774575489283503,1.3165498027912177,0.030857217235081977,0.030047788768046313,1.5379513274173788,0.438576791916663,1.3495546841344939,0.6618730036251177,1.2757484224068856,0.15508570356641596,1.1015352636338949,0.17799242346877298,0.032821292690005874,0.2341855514615901,0.1062034395935958,0.5933892817012765,0.06241577741319167,0.06618165656985592,0.07425735958596202,0.6413547227860025,0.0,0.0
15.0,301.8688894953701,294.9682679672102,102019.29505511165,8.803103645172802,180,1.2160539513340218,0.606822369869715,0.08675230735638413,0.03187509633677527,0.31261561790995424,0.0,0.0,0.9967062064119993,0.15528449534916808,0.8393209583833859,0.36666858763417365,0.0897278508411265,0.031279155353495035,0.09949953917109848,2.450982558579811,0.03353366236285224,0.9977929843906558,0.15565052400873158,0.7969995715013047,0.3575993672854715,0.4311530573002476,0.48183841683071504,1.6729718220066383,0.03321693314548779,0.0300847339781336,1.4806851771739329,0.45998979190819184,1.4168869947766822,0.5977214583514757,1.3711363538528671,0.15572369051361928,1.1060496985543573,0.17577772058887145,0.031501705260641666,0.25454730200114395,0.11422792332774406,0.6509093234136881,0.07086392582953915,0.07127386345298661,0.06561689574693508,0.6266135003415179,0.0,0.0
15.0,33.67651615404882,283.3252964802682,101494.03144587875,7.841480007788565,180,1.3530836311488397,0.6063894089167663,0.09050350383099459,0.03219823877132687,0.2959763871261714,0.0,0.0,1.111705294835329,0.15575396756391932,0.8422871026566234,0.39672905891335636,0.08483067725521282,0.03194770140065784,0.09143896478835126,1.9504706447059084,0.03159578714637583,0.9626452346854136,0.15559425799371568,0.7972571897346717,0.3414353797639715,0.4354076742497954,0.48603231348003006,1.3957341320694492,0.03166751773084055,0.030708284259693876,1.5083087238188555,0.4860737773011741,1.349667317102514,0.6117095538574292,1.311277789732718,0.15560045648722673,1.1047780477695197,0.16717310822426024,0.03388894412510657,0.25415448117131195,0.10243042115530582,0.5994885883416696,0.061449297794373255,0.06952448552765694,0.07251483709395605,0.6147233000612351,0.0,0.0
15.0,230.23284974371705,292.833031396593,100815.46868903139,5.507408632720383,180,1.3819166682605168,0.6093701929790775,0.08565008969709181,0.030105855286943393,0.2889488876834074,0.0,0.0,1.0489757475750274,0.15564119427103468,0.8393509644465927,0.35633792165582,0.09022027729901218,0.029873213475533657,0.09353869870344833,1.9580233584251643,0.03232581405020037,0.9120906778037792,0.15529223999621186,0.798728404890659,0.3317304175722484,0.4577685593925185,0.4703805119178904,1.3684882574794621,0.03208888594476542,0.030697958880301524,1.5386170557658714,0.47174966281954867,1.346852035701916,0.6770877966613044,1.2685722720008723,0.1557589161644701,1.1041742365395215,0.1668921957879204,0.031583637833972625,0.23379904021712727,0.10271177405740432,0.605990215844117,0.06289841909503337,0.07500753551214655,0.06867527634425517,0.6285007561290666,0.0,0.0
15.0,65.77951440746034,294.6432116010107,101501.94424387714,7.4725583440656935,180,1.4750344694633455,0.6099559809135373,0.08722035377341587,0.03524951357617721,0.3211457335499769,0.0,0.0,1.0350806066956064,0.1558341143208459,0.8315275408003109,0.34696893935774076,0.09058361088206739,0.03088997522645751,0.09003118188112222,1.9636648769194076,0.031320810570634884,0.9600390572826297,0.15555755892383222,0.7971376211721182,0.3483275382892031,0.5118232008502056,0.4809151393131181,1.1962684589819672,0.030972499626699995,0.031098984074203872,1.4656599557451002,0.4477103347712579,1.3853769616806284,0.6148582135150034,1.336271456674301,0.15513166178989882,1.1054124375472252,0.17671766296047767,0.03066074932584013,0.2495000509310539,0.10667855100943228,0.654065919832082,0.06505325333278367,0.07234090859872284,0.07306965089858845,0.6284374853862859,0.0,0.0
15.0,121.43030579954791,283.1399692337741,102086.21048471185,8.917788058150201,180,1.3504778794558392,0.607748069948466,0.08907086452409149,0.03284144896907111,0.27055190049081124,0.0,0.0,1.0383069032916723,0.1554781096896985,0.8354076294948464,0.33578500432741426,0.09178285103757763,0.034111579355383344,0.09539632472231198,2.689072244729576,0.0312731816087304,0.968863276831672,0.15552532754829945,0.7982664753752221,0.36143108709797805,0.4833985364837966,0.40041164665582807,1.5658849033760336,0.032017321877031955,0.03382268363930298,1.569317247909628,0.45633277635706804,1.2849837793331442,0.5924545883186552,1.3598850150252233,0.1555156863425948,1.1013710036974158,0.18553418651150988,0.032902237023850124,0.2219541645438188,0.1141827327544049,0.6455135226090024,0.06749347820718611,0.07263291116705763,0.0693630223422389,0.627023644029099,0.0,0.0
15.0,156.21276371376837,299.8120271142123,100701.03602200648,5.403614596280888,180,1.3637035298842137,0.6095657022994456,0.08954383984391961,0.02961392282760238,0.3094009701229825,0.0,0.0,1.02681380106011,0.1554656992174909,0.8359100150162115,0.40323718442449347,0.09647205679999582,0.03322431331314649,0.09470591538676061,2.4867101348218767,0.032863921524060105,0.9935658246905686,0.1549169296833367,0.8044634128766511,0.36612114088516834,0.47448205003100313,0.5050490873031116,1.5137142264943542,0.030221814275452598,0.032019449432315994,1.5846013408378372,0.44416384682929294,1.3690829851899402,0.5871875836655088,1.4193567236761289,0.1557361291219719,1.107918754823735,0.16861854320784414,0.033362620210734086,0.23459061385365554,0.10939314095913838,0.6574977332415276,0.07140900580264194,0.06824754114944863,0.06069865744678636,0.6292598542957141,0.0,0.0
15.0,97.75021747607065,287.846361578399,101677.98600354056,8.437941863419853,180,1.3296490407364765,0.6096645727872363,0.08705492812264662,0.03165025467147511,0.2912819939809169,0.0,0.0,0.9006869740602003,0.15462396542862925,0.8411867978449026,0.3757918924999445,0.08311542363129033,0.0343724820861435,0.08956636095609229,2.2645105362047335,0.03365935366043883,0.9645631921384031,0.15522631906686687,0.7944634546669709,0.331732908307569,0.4131916074685456,0.46767733407007084,1.2856223288777757,0.02938747086942295,0.03227223891761045,1.5266290238765,0.484782693424999,1.4142835595352636,0.6084438248764386,1.269096233214217,0.15538014765648664,1.1077807749068427,0.20079784368792117,0.03247538478944173,0.23754920911874566,0.1110972417327639,0.6458251218071708,0.07000292336772458,0.06702166056378937,0.0611673665160136,0.6622063863741273,0.0,0.0
15.0,61.81606007234739,291.7709187480527,101890.50530322973,5.693965076841984,180,1.3512697110799972,0.6100230182499584,0.09180860805415127,0.030115212876996568,0.33116151313224024,0.0,0.0,1.0165160886245483,0.1551488470082487,0.8402798550251591,0.374688758544594,0.08834637245168009,0.03148284734899836,0.0912026768989114,2.099441519645639,0.0308942804930642,0.9448798644833286,0.1555997202236159,0.8024210596443498,0.3493734017809342,0.4408718839514952,0.48715539303966837,1.2775132102461897,0.030144237638000577,0.03028165350037395,1.5164722005315212,0.47163457767773415,1.3958138629294998,0.6740691507101686,1.349907022801881,0.15519320050281402,1.10561161481966,0.19215574874301303,0.031362637034624385,0.24968394615888426,0.10898560417802172,0.6354124266515311,0.06712488219805313,0.06906068456373696,0.06731944900218051,0.6189069525805903,0.0,0.0
15.0,34.03820303100717,299.3640823431779,101595.81650315311,6.13878107718017,180,1.3916144451838928,0.6086351103100061,0.09281310172309055,0.03168199011137957,0.32288407900793925,0.0,0.0,1.0376373919567718,0.15603805241624763,0.8384799745902156,0.38571984794385894,0.0981243311807197,0.03385170568337013,0.09444186374666673,2.1459632401748907,0.03265016205382146,1.024330520706809,0.15518839656981737,0.8000767537328767,0.35767572538900033,0.4553680620739904,0.4598445727132276,1.6283683569987633,0.032018357709114396,0.031155296162373884,1.59565559710533,0.481178121997956,1.270418009214214,0.6670180521054404,1.3329994914914145,0.1555226453301608,1.1059782810870835,0.17633061431435632,0.030438472444089818,0.2372636443779457,0.11414166019313919,0.5971397510196392,0.07071571335056556,0.06533595467987813,0.06769451209377633,0.5775037357362102,0.0,0.0
15.0,259.89640154391503,289.26455566719994,101949.3884027251,7.488430646392208,180,1.394612422891415,0.6090897953880442,0.08513878029515878,0.0298114744433513,0.28832260221200223,0.0,0.0,1.0520833822323201,0.15521888927316568,0.8387175157407555,0.36769964630547125,0.08930558989930576,0.030907515344082453,0.09586440243293015,2.349856625473288,0.03327376228126428,1.0075214715525147,0.15529796292012724,0.802798424106846,0.35454191510873423,0.4722801883213988,0.46553447019400845,1.3050087788382074,0.031139279547001616,0.03405182136496181,1.6320253766085218,0.43377098446132883,1.260223824036368,0.6430365783356436,1.3011308803931334,0.15549865951504996,1.1049586050600433,0.18417630394250367,0.03221022646999632,0.24069366903570774,0.10477010602500465,0.6138259859773443,0.07539233264349239,0.06743144437308551,0.06659537438620297,0.6153564370880444,0.0,0.0
15.0,242.6848870994742,295.0561414639804,101777.30266367403,9.420583531045516,180,1.5335190123112403,0.6069085253381014,0.08909613680805925,0.030184391296646365,0.2948820491071503,0.0,0.0,0.9802973617103488,0.15571577841648768,0.8352392907747531,0.347633077453113,0.08528641028312468,0.032952157359104464,0.08806202108185228,2.130686759045085,0.031090874644322402,0.910906826794921,0.15585389612991277,0.7998456960997925,0.35418597357440557,0.4544277001753789,0.41811847271390407,1.4187978827448553,0.03084265747746622,0.03248884735371792,1.52557799691278,0.4716186164961702,1.4306729088868364,0.6374657670231002,1.285755913842246,0.15540856188537702,1.1055522433306617,0.16937584278232082,0.033791472564557556,0.20980133016616095,0.11212220599503354,0.5918546978156767,0.0686632300658762,0.06414893796442526,0.06913921919017181,0.6321181911396259,0.0,0.0
15.0,178.5944606890985,290.22986068187987,101342.65527429343,6.072572786009379,180,1.410530302899813,0.6061412018155644,0.08243182601334574,0.0295387166482983,0.30302895845209116,0.0,0.0,1.0229116442254993,0.155384094351323,0.8367447630493879,0.37913619353166667,0.09171199504030172,0.031112646324355488,0.09665521922481198,2.2460754449165057,0.02896340239380129,0.8910641211290994,0.15519068316731321,0.7979418743950173,0.3759630048114798,0.45026076573696616,0.46330360847276586,1.3454065764974512,0.03178514285698127,0.03260708419252156,1.4337090719814176,0.46886295420014573,1.3865367232113275,0.6522606907803757,1.381773553638408,0.1550564966349293,1.1055327396744135,0.18523735361339883,0.03339478453016316,0.21688280184642836,0.10546739327871182,0.6121342693826719,0.06184143987527365,0.06751346298049933,0.06204637261909717,0.6403130417819741,0.0,0.0
15.0,228.23971996793023,289.14420051222265,101588.9102155724,6.822670745225507,180,1.348134868044213,0.6117427033484962,0.08791017542271327,0.03307123821745131,0.29326640125514847,0.0,0.0,1.0268268198045665,0.15537178558114378,0.8392668914042695,0.38358959779163465,0.09068500812599825,0.03294633388417974,0.09006682874230992,2.471913206007748,0.031130985607960644,0.9808379110398743,0.1550249757198544,0.797896359301654,0.37281803962667687,0.48637934218971585,0.4836219596886213,1.3832608925957186,0.030921122874451146,0.030833258100351917,1.5355092388398235,0.43818430649773926,1.3670152781760605,0.5879873952722077,1.3126601426050823,0.15544549282496892,1.108788963104586,0.18339126395060165,0.029422823006960315,0.23934630538741397,0.10919648812738894,0.6547000791558606,0.07109467841651276,0.06885942156317106,0.06897687617019622,0.6475057116351877,0.0,0.0
15.0,41.76001490495111,286.09062749294264,100776.01349211282,5.369380111653875,180,1.3485073904667093,0.6119814058053923,0.0835712151628734,0.03242780909213438,0.30349963951322323,0.0,0.0,1.0381598534540784,0.15578848302846357,0.8342163765694692,0.38201522525460957,0.08442986294852775,0.03431639368570799,0.08875888706908933,2.3390985211612407,0.02993559298768737,0.9775347159611745,0.15530847996050828,0.7956067588532636,0.3850276615135853,0.49203063114193585,0.4591762164291432,1.4013726591768225,0.03232815350040244,0.02957723204845619,1.529400456669364,0.4683612304869827,1.3748786395420576,0.6160204492454908,1.2929879496331116,0.155289971626707,1.102683655042902,0.18688468529112726,0.0318900176979376,0.2282082452581591,0.11090509366402299,0.6064695207192625,0.07232155029111331,0.07190711053377666,0.0678464498077099,0.5941931083551868,0.0,0.0
15.0,195.56090937916346,287.2975069005365,100742.33546474138,5.818726943151909,180,1.3130532925632898,0.6094118947935976,0.08202783407923969,0.029390388790732965,0.3115975304670275,0.0,0.0,0.9471712270719121,0.15527157593163254,0.8385220626299128,0.3667101894592106,0.08524744633791666,0.03384550070975754,0.09008383934180918,2.4485391942685295,0.03157112304780959,1.0517949186363653,0.15512678725473142,0.8001075229931286,0.3837928700914018,0.47241958085083846,0.49311892174216654,1.2230607860355704,0.029546967417873427,0.034650359198340655,1.47986472496024,0.41217996330600226,1.2882194595960097,0.6349282064172607,1.463530912475293,0.1556518541344379,1.1047375503057442,0.17306631551326657,0.031603327196825154,0.2615477544938265,0.11056851282566663,0.6406288421068106,0.05681118733859184,0.0663079653313505,0.07111180560707323,0.6614923372699814,0.0,0.0
15.0,211.49006750318222,294.8856131447136,101245.07033696651,5.784397620906726,180,1.547246218152618,0.612016979760998,0.08609375633710635,0.03380305228024749,0.311662959887216,0.0,0.0,1.0234563557921033,0.15521477194936498,0.8353096958935947,0.36699467142169495,0.09755800471783359,0.03257147694323978,0.0850889604749401,2.650617913604069,0.03392171580177163,0.987623735359071,0.15533961359217383,0.7997437752699832,0.34961558220900346,0.4462499441398613,0.4502286564099889,1.1665330108083447,0.030152069585387867,0.029600924037225546,1.587278088047313,0.4615139295503826,1.3489389083129368,0.6663355598551443,1.355442530252987,0.15578153882816273,1.1083852214441292,0.18627208615353125,0.03203915071167136,0.24098139137927405,0.10160000039369363,0.6096590653828622,0.06530785193789782,0.07073713898970783,0.06879171174551749,0.6874632572656258,0.0,0.0
15.0,208.41760014095405,283.25389358957233,101123.92386882757,8.119311382268608,180,1.44167378662389,0.6070699708891292,0.0944837035710707,0.031828556711488105,0.29719475549873015,0.0,0.0,0.9645874867356227,0.15579039610740936,0.8375987765001223,0.3821765588317372,0.09237313464303815,0.031126838075785142,0.09440141316497842,1.862496162462625,0.033436834235788325,0.914698126826424,0.15561873914999602,0.80214188351796,0.4001809269465776,0.47634696502147394,0.4606177693596741,1.1963575824452075,0.03497963611293153,0.03078771109466116,1.503482032128029,0.4541965892037276,1.502869605549788,0.6084337100412404,1.442673337642375,0.15520266504060348,1.1020562543338694,0.1600293742437953,0.029789502398395024,0.2510932115539452,0.11281524441410203,0.6398490644701281,0.06125325471403183,0.06434588861771823,0.06482480071432335,0.6340558987676137,0.0,0.0
15.0,199.90942739965976,287.2420522470431,101617.82970990487,8.06358728713247,180,1.2842704784938517,0.6075939127284316,0.09077591368996919,0.03184061605028364,0.32359498085523736,0.0,0.0,0.9896975558299629,0.15542036621378144,0.836657616857128,0.37656666293356794,0.09165539735793116,0.031087841967421762,0.08915429569634493,2.168968094808848,0.032486707325737364,0.9566437429773373,0.15554144573331416,0.8018913974390737,0.37698766657545907,0.4541031620492711,0.4721497655507416,1.180324799781586,0.03183594054147308,0.033114154535740535,1.5576199054821644,0.45391030935635185,1.426809599704587,0.6412153539340307,1.2289215105871811,0.1555031200347942,1.099738769356709,0.17029786331907984,0.03196804173120683,0.2546078495875723,0.11605108926996166,0.6521779703514046,0.06355576668583506,0.06843568786550619,0.05844967081021486,0.5741418886134375,0.0,0.0
15.0,311.8141391435984,298.5000200556827,101283.73074444477,6.357176418143973,180,1.4714189014512309,0.6060873805873618,0.08378640200460744,0.03235055192769888,0.30571263518783975,0.0,0.0,0.9906230325000132,0.1552549117881211,0.8430302633514027,0.4071555396532063,0.09148328223349596,0.03329661752238782,0.0938802932945963,2.204387588644014,0.03161005998246864,0.979711083562922,0.15549001970345513,0.8023904956878907,0.3585545132597839,0.4732318106136654,0.48118638998023083,1.274079732694829,0.03133619741762089,0.030607885514509745,1.4799514644104281,0.47823541755014215,1.4216686044554665,0.6470008065500322,1.3759842865934793,0.15520320112883312,1.1058264740796424,0.17962709932678053,0.0315188162845154,0.23803677071696025,0.10919553047167148,0.6373975769593292,0.06547762341075086,0.06843273166301607,0.06255859487454746,0.6421620203368977,0.0,0.0
15.0,64.62880669582091,284.8202524248768,101864.33197370615,5.6011605585733895,180,1.3851910912320964,0.6057921395072274,0.09242203480923285,0.031650325922217774,0.3059580085315634,0.0,0.0,1.0543770387795237,0.1556566275959515,0.839192544455957,0.37774209682465065,0.09852007830523225,0.030565578019222096,0.08648682760745292,2.1716059006142623,0.03191721158276457,0.9623658307389423,0.15579567441364234,0.7998377769689974,0.37475706732291425,0.5058794002281446,0.49368280349766686,1.069182090125576,0.03168694713555865,0.03292378644459424,1.4448856047184442,0.4590006455893569,1.3804517539512948,0.6317607977362201,1.4096218461639538,0.15564505839946377,1.107761446668496,0.1796922913179036,0.033410149330879435,0.23459580760161788,0.11575382515692628,0.6485339625099591,0.0663553030813694,0.06728636380882182,0.06986476392870039,0.6404288303265673,0.0,0.0
15.0,107.0107915671884,285.7715955662902,102073.88692229071,6.95829664301005,180,1.4097122923463157,0.6103673243451201,0.09177524008580742,0.03215063775323707,0.3143221601700491,0.0,0.0,1.0800796038726939,0.1556034372593757,0.8341599896462112,0.35589883147549456,0.09378603475026676,0.032119689159271506,0.09015043096289409,2.2582817427582116,0.0336668829085588,0.9470837790428436,0.15594793040839955,0.8000914031754168,0.3459034677830854,0.47254326734005586,0.46969953209016635,1.307479103645408,0.03308311367059164,0.031851645063577745,1.475008099288077,0.47577062797375785,1.3945676549756256,0.6511145834758346,1.314723276701354,0.1552964488607542,1.1017533074380637,0.17623983698667092,0.03111632671412401,0.22690258494033133,0.11291614381382001,0.6653511087768962,0.06852970398069198,0.06902695007557454,0.06585675290256378,0.6537655704269622,0.0,0.0
15.0,75.77018985752288,284.3047543463831,101403.01160343364,6.592993919922166,180,1.4174379167050384,0.6067727372401374,0.09605189278605063,0.03336549265050308,0.3040755349647402,0.0,0.0,1.0539812889667408,0.15580439103732774,0.8379614170210442,0.3782825054051462,0.09336475070499246,0.03248761330558368,0.09755271426876598,2.536248207845511,0.0305381406127828,0.9595019979409246,0.1556267983299546,0.80195845223337,0.3349187370911162,0.4734591425040635,0.48028064516557556,1.4121080433000395,0.03074216750374943,0.035717770465768614,1.498544527375915,0.45479823542094033,1.3913010785653466,0.6320795642227726,1.5285702853889522,0.1553759911031925,1.1009405327355253,0.17087243072609673,0.031611253754864024,0.24423725431110502,0.10937921368137758,0.6430525472494357,0.06765347036858409,0.06677814816025143,0.06574220032579725,0.5652851831008867,0.0,0.0
15.0,207.6351520327299,294.28103384194895,101059.86119134043,7.966244698454348,180,1.3658045252323212,0.6069700437856678,0.0858006742389226,0.03287541049615306,0.287643436246075,0.0,0.0,1.037355884886702,0.15581957672460148,0.841958747660958,0.37459345120551507,0.09520746958656409,0.031295013140705444,0.08647637493181833,2.457149583789891,0.03054806539126558,0.9404138705161461,0.15526178297619983,0.8015380794548704,0.36131074923587464,0.4791401105024645,0.45655986885081506,1.5237454533648802,0.03359651263181327,0.029048930397114942,1.4290448787207597,0.4486758787428332,1.3258548310061375,0.6018010924914367,1.2594212916607759,0.15546393990319674,1.1041236588904364,0.17811751246207008,0.03332049752458625,0.24333564226532664,0.10779653700077763,0.5867316299743984,0.0637917054588265,0.0652988151801518,0.05972893760923546,0.6555711706644468,0.0,0.0
15.0,267.2774397258299,287.4985695112715,101581.55804029416,7.262279661730837,180,1.3620796980901733,0.6064210065348774,0.09238926055745772,0.0328002413672803,0.31979093049242074,0.0,0.0,1.0327561789103978,0.15544181918102873,0.8365366263493528,0.32296962173075533,0.09064817798419178,0.030908648615082208,0.08688510525304784,2.0428824405208665,0.03200541101183218,0.9312691097007374,0.155572352557801,0.8041207002695752,0.38252132664763167,0.4490754574722068,0.4710996124119334,1.4459283739851825,0.032205833957437105,0.03177604342462526,1.6019932552003044,0.4530175815726299,1.2581277952121928,0.6366970207487604,1.3795206028321731,0.15526561841377526,1.1028166822865022,0.1739803770235719,0.031100707017934198,0.23642545317598132,0.11121796559470719,0.6259015668055646,0.06665154656159941,0.06913786539251149,0.061996452450206824,0.5760655571141329,0.0,0.0
15.0,54.32289231026364,294.60502539583996,101770.10652578436,6.067802667544791,180,1.2931858957083833,0.6071196730899991,0.09303078313029611,0.034051355238423,0.3269618841351392,0.0,0.0,1.038016639783787,0.155059507559782,0.8399743638678974,0.3566030560089696,0.09184700588507178,0.030394237859822162,0.08835740326491136,2.1691818977711947,0.02983794619580908,0.982464435178213,0.1555651636686195,0.7995038291512948,0.40016207677792703,0.43814136886508637,0.4700728102447322,1.393579763529468,0.031418451400596605,0.0338843345969348,1.583435614599665,0.4449380400112582,1.3372200879885414,0.6472116706839421,1.3533271992392404,0.15526236570994262,1.1083433969236123,0.18094899379120452,0.03179109494501597,0.25522502572231115,0.12028229890938198,0.5755630526865957,0.06612869486833098,0.07274363036898948,0.06628869585495488,0.6647434029191304,0.0,0.0
15.0,94.40723543868673,299.5961372516501,101924.64135433859,8.846349825095864,180,1.2698991071136063,0.6064645971371605,0.08719370864257651,0.02821751560631322,0.3196555510835352,0.0,0.0,1.0739332102500192,0.15513966162310008,0.8404204531164026,0.3671026664487252,0.09054091323456144,0.03084412617622063,0.09077661487164783,2.2853845408126325,0.032979820947037324,1.002739043111603,0.15550851696497023,0.7983604239019917,0.3576182162424879,0.5017699334328977,0.47827789792572445,1.5203506299127099,0.03314833664004337,0.032155641249446545,1.4313336307848818,0.42990965511595447,1.3764297651990973,0.627814241098416,1.3154373977601177,0.15526290794296366,1.1011837091305747,0.18918869702028462,0.0344204408807582,0.24530047078872935,0.11245402364643997,0.6519216483308995,0.062078891722650666,0.07012526878954749,0.06868030720097767,0.6717604058490595,0.0,0.0
15.0,320.6292290246457,284.9588128041928,100803.93860771242,7.850188087049558,180,1.479470999448925,0.6038534495951076,0.09171657208222862,0.03067424772369376,0.3408044387549986,0.0,0.0,1.0425145686163744,0.15516366882521773,0.8348361641670415,0.3444265287213037,0.09751901269151093,0.03284853393454478,0.09311155566084799,2.4827424631707564,0.03281582048477373,1.0085029361352522,0.155269463900944,0.7988735788923347,0.37286539054588763,0.4721052134683813,0.44865196658609574,1.416972417350631,0.031539896803016526,0.03327869686409389,1.5488669128943464,0.4518253176017865,1.344744257025855,0.5957160198649769,1.4006059449621349,0.1552516333040913,1.1038483484351662,0.16722045257302726,0.03178341722462908,0.22650330001547547,0.10886824946773847,0.5731446406841033,0.06639706740385908,0.06523402180440438,0.06532469100342388,0.6563178740524592,0.0,0.0
15.0,276.35641753463324,299.43184226286195,100739.72451720631,9.07623894423555,180,1.3274744232525852,0.611050841695374,0.08331816842760692,0.030688962386747443,0.2967307919757042,0.0,0.0,1.0701245425399737,0.15509190725660554,0.8375477195978451,0.3740454489017481,0.09286920177045196,0.029633212367903356,0.08985753167189563,2.411600021128108,0.032392480733041906,0.9282857386368879,0.15495996192620942,0.8108338091128825,0.3578299051494054,0.4622992144195027,0.43653575389793037,1.3189738492306347,0.03675218657159272,0.03217200358667712,1.4814241766513212,0.4562906557987252,1.4598914464823276,0.5993765810276014,1.3749431237944307,0.15553227905257364,1.1045371043221017,0.17969236029754232,0.02986380628172079,0.22548304760045754,0.11169771265435471,0.637605409833406,0.06794159251304153,0.0647457649790916,0.0633558944277344,0.6270218186484547,0.0,0.0
15.0,115.94420112484391,294.0012309682653,101409.59305871573,8.11971910341076,180,1.4335442798956726,0.6086109905953931,0.08811390904406877,0.03461692052455726,0.30392238380576087,0.0,0.0,1.0526476921690249,0.15600223396629564,0.8438442903006429,0.3765707578271264,0.09523390015895558,0.03259562989001219,0.09089519814238142,2.1018825651387067,0.03461230994613266,1.0332865123828041,0.15564651884679262,0.7986486852144071,0.39781979977728293,0.5049607556379136,0.45390345596105663,1.2360508835352932,0.0306618206656012,0.033403494471067864,1.5582755867459672,0.4237894480326505,1.307400224362536,0.6081879154855658,1.3656170361665343,0.1556287877737086,1.0988712449741564,0.18116804970948439,0.03437575894200664,0.2552129024036036,0.10756590240582098,0.6126967781658179,0.06729880192813444,0.06687887550907642,0.06804361078703755,0.6375302711894754,0.0,0.0
15.0,68.29954759288024,297.2918714778848,101669.61290538084,9.04085315656281,180,1.2730505175526692,0.6124220491114027,0.09714019766239379,0.030336515956007788,0.30667461460278495,0.0,0.0,1.016855261416902,0.15525244334371407,0.83969576209931,0.3705567265421735,0.0824202828959897,0.03212973363924243,0.09129359171779095,2.2171440670910543,0.032317829293528666,0.9125415595589264,0.15534695377995641,0.7998870015227489,0.3781861849091914,0.4589975275184645,0.4534375793042335,1.1965410955263172,0.029382561946101653,0.03523287043107555,1.5118046475480684,0.42921885578981056,1.388629729580689,0.6019109712543531,1.3752926949332573,0.15539003669432527,1.105397206494827,0.1473178279671897,0.03467191330309188,0.23876174232760677,0.11170788747454344,0.6778428596720608,0.06359254467466866,0.0631589438253092,0.0691124883865709,0.6545086932189991,0.0,0.0
15.0,219.76393329440685,299.4018435189986,101970.75949317667,7.163718577376713,180,1.3858440682628026,0.611697891487946,0.0887611126241385,0.03250245097545487,0.35439338589238517,0.0,0.0,1.0072731509689763,0.15561902145732168,0.8325460623933585,0.3576346974610489,0.09182379323392578,0.03232323655065051,0.08550787494314363,2.0455741737100928,0.03291134527217354,0.9439682610408675,0.15580972529361606,0.7984283280853998,0.35057357296561126,0.46124460960097413,0.4623476025098819,1.0411223111596788,0.03095658842438593,0.03214652876744917,1.5017557846253153,0.4518425436018751,1.4311595542119564,0.5944740314182616,1.3486205211856954,0.15522404659335545,1.1116583890810172,0.18688718830129258,0.031484974586794286,0.23698863604949952,0.10666173707193839,0.6060119294122988,0.0736096103484396,0.07440007167993555,0.07010166427556966,0.6269486177965247,0.0,0.0
15.0,221.75244990451543,299.269526898791,100485.43104769873,9.502100522052839,180,1.3994483352838456,0.6107118439513302,0.08913548259169961,0.02986100799292124,0.31012104601743645,0.0,0.0,1.1522458498051686,0.15504011957234745,0.8375828337379289,0.3651012271384254,0.09075107833408325,0.02993275104524957,0.08747256624118253,1.9360454140522458,0.03345447976894672,0.9492716906434746,0.15525632340959528,0.7977786289748584,0.3491822848566177,0.4664712433843964,0.49245684690473107,1.193630503552069,0.030766351653378154,0.031107678869645255,1.4344788458524775,0.44760358495868746,1.2217493270174877,0.6408874889984272,1.2732129753893422,0.15517390330050243,1.102933042657292,0.17599896316367356,0.03182391384501066,0.23881848591619587,0.11044740024915307,0.59195257687585,0.06644726716717894,0.06660089976865247,0.06822493613438105,0.5900772500023146,0.0,0.0
15.0,85.73465954130349,286.6970352193454,101135.74490935233,5.28732163901131,180,1.4073429657942365,0.6076771197759865,0.08629727232089175,0.02771880162225775,0.3065637225855423,0.0,0.0,0.9591503088708933,0.1556463367291764,0.837892629611529,0.3605773607813566,0.08050054991433209,0.033833211731703484,0.0893261611832346,2.5072355765732914,0.03142079810975136,1.036177929425284,0.1553153035450634,0.7986939637403611,0.3978412820542759,0.4957751444550952,0.47826848968970154,1.2973899954577506,0.030898063345510193,0.031376909798718655,1.5174174554986983,0.455556698786037,1.4047130697281316,0.6078195338034882,1.326255133100924,0.15548768380853673,1.1024094644869078,0.18393994359861918,0.032984987353070566,0.2533570588428646,0.11567740041525718,0.6014877846124019,0.07312824412471278,0.07285108434812641,0.06700923605709992,0.6434437279579066,0.0,0.0
15.0,216.86208043444014,289.3189433642329,101869.12303348108,9.608544102289391,180,1.3776098718411465,0.6122851620506952,0.09529735796563521,0.03266822299795528,0.3256269875857546,0.0,0.0,1.0046402773503214,0.15540282240639813,0.8376459910525961,0.352832498301092,0.08611414086097911,0.030400627976364572,0.08992283242679702,2.106498483649938,0.03335564360230927,0.9764804218231755,0.15543955313292024,0.7985912235387963,0.3598021991353479,0.4290691732960192,0.48641067409697764,1.5438899951509966,0.03165118659682674,0.03429282326783624,1.5509103076052202,0.4508896543458362,1.294858877744501,0.624055546603125,1.4790264479892758,0.1555714760124765,1.1051918697612697,0.17549709958889043,0.030159652317878215,0.24388507806742793,0.1098597240784448,0.6496184917156492,0.06994565551167378,0.06610189071273238,0.06566102268226755,0.6671354506443032,0.0,0.0
15.0,264.9672977107194,296.0242793130806,100978.31707548047,5.1532077886629395,180,1.421674029134645,0.6115040216172173,0.09706576147736527,0.03244387493194452,0.2973064735922014,0.0,0.0,1.0326611510465098,0.1559711479817243,0.83903586644804,0.356820898878313,0.08961577625818633,0.03166760993493153,0.08876845308135976,2.233680834016815,0.03462106337614424,1.0139148845234387,0.1555849780659067,0.7991716119584074,0.3753329275106986,0.4417578704666272,0.4453164826530609,1.350928739694388,0.03196888443796708,0.03039877069012708,1.4619039879207778,0.44922323087620425,1.3954303973827173,0.6379054664264415,1.494926159157036,0.15567680762041294,1.107499124910536,0.16519275124065527,0.02962840827842168,0.22640731873882844,0.12210857827197605,0.6458259876670679,0.0712316584678849,0.06044588744199276,0.06724931987907251,0.6466460492064718,0.0,0.0
15.0,350.2510594180775,285.2534330076024,100558.67944011788,6.693339258901096,180,1.3409910780245449,0.6122236410157451,0.09441424283049368,0.03134009176568887,0.3055139532149892,0.0,0.0,0.9896406285166607,0.155381996451187,0.8381494024772883,0.3818568408399106,0.08945555172031573,0.03202080206967891,0.08637063694641876,2.352085996982659,0.031477175256765876,0.9566088409370185,0.15515242220312994,0.8030054969717259,0.3759145315580087,0.46265991264126693,0.44183260804917124,1.1975677971640108,0.0330471524366038,0.030035625548553848,1.4403891959890776,0.4483065902156802,1.3460184681388583,0.6311869372380396,1.3017171096587155,0.15549277144010637,1.1040593710758049,0.19553301642138274,0.02996368595915756,0.2349580896090755,0.09781194094974184,0.650874437822492,0.06564535843073435,0.07166368835810619,0.06543594496313695,0.6510746692761451,0.0,0.0
15.0,338.0710948851853,287.2957640824873,100708.03812387763,7.106728614686361,180,1.3501542730338394,0.6095214553767286,0.09400198600155253,0.03180633534384515,0.3125626799044448,0.0,0.0,1.0548906813341121,0.15542873916104216,0.8367422964474793,0.3402343645062941,0.08877878805382194,0.03379816311991619,0.08392861946921265,2.5791198297942026,0.03156452240703778,1.013291415746402,0.15518500056481324,0.7927586904704673,0.3443265623970541,0.5018125454230699,0.45895674033723716,1.3403096838478308,0.03204729135025703,0.028593636305527314,1.6674675822714007,0.49037760367140876,1.3004681839272292,0.6145745030427908,1.3270267964136877,0.15593091023087874,1.1044923596148761,0.18524193831191435,0.033186258624290726,0.23688417453319632,0.113332362780247,0.6413951472237103,0.06691818328787319,0.07169151869368598,0.06357623521505687,0.6856941754234949,0.0,0.0
15.0,31.968180838961004,284.3407174008834,101114.9973387485,8.794140112643397,180,1.302243269234055,0.6078708322378852,0.09060959407807481,0.03171160811579475,0.3014475526075165,0.0,0.0,1.0612842577601613,0.1548873729585298,0.8373468817797348,0.38234703794321095,0.09212407592972452,0.031461578437845306,0.088789062403613,2.186057895439485,0.031776378325870935,0.9642943794587686,0.15545118493697432,0.8007631952880581,0.34931824085564167,0.4457038713168508,0.4885342549781337,1.5920998213841624,0.031237767767402554,0.028625966059073114,1.4730058875970864,0.47447492057986457,1.4194754988692504,0.6448262867126943,1.3248524367788688,0.15510634620341426,1.1066596235007244,0.18529800715035608,0.03284672123694804,0.2361296690763722,0.11569868205097875,0.6131633035964219,0.060591120300571545,0.06981590811816342,0.0688173872673533,0.6840520125064747,0.0,0.0
15.0,135.0103707289117,301.3373701737759,101035.39045109345,9.057070501825363,180,1.4083531572362644,0.6112792042798214,0.09288534454839345,0.030266015683471148,0.3107167369857429,0.0,0.0,1.005415003479461,0.15564058796508762,0.8370148745605308,0.3394931739580791,0.08791359712562201,0.030521813259436828,0.09466779598853449,1.8577934238864844,0.03070655122538693,1.0858358045795329,0.15575724208964972,0.7922543409304723,0.3660472927106428,0.5028506227074747,0.4871529218742915,1.1684850980248553,0.033660459240935976,0.03345187631189712,1.570489164578655,0.4254041222771307,1.3747043940079984,0.6267660742858695,1.428955420690023,0.1554117721694342,1.1008892446768834,0.19241693686447672,0.03183345121000424,0.22785859990614377,0.10916884238327726,0.6564981947427381,0.06972411198604413,0.06634741315572018,0.06394460364901061,0.668837122722472,0.0,0.0
15.0,274.27559101645403,297.7850600755022,101842.64335219355,6.042480185992744,180,1.3092393314365691,0.6049604707382421,0.07996708103410119,0.03271340408360211,0.2871039863872361,0.0,0.0,1.042578610387993,0.15543103380357054,0.84005223911562,0.35535044372893243,0.08342636211873665,0.03399987958148293,0.07972102009883603,2.3786275318228554,0.031762386014085785,1.0137299654801137,0.155097810387016,0.803822400981449,0.3473076060975546,0.4730685754905683,0.4824514185071257,1.4951102514308412,0.03455546570283207,0.031042035555982755,1.6381073091611609,0.4300967346633695,1.3942656034446594,0.5837553331795992,1.437288650572534,0.15556845618945855,1.1109576147826106,0.17325584867163032,0.03157783240889177,0.25070878547725356,0.10775745229122699,0.6166514659207774,0.06500005076564877,0.06466933645006656,0.07397815367009093,0.6392258674778377,0.0,0.0
15.0,308.92829669872623,293.4595254661327,102165.90952203293,6.9509365054976975,180,1.3948244602432083,0.6061302418546626,0.08343897570585189,0.03188578950349587,0.32488262124105827,0.0,0.0,1.0524054886523455,0.15526936243787115,0.8361310131853956,0.3539363890022375,0.09471812012036863,0.030393537620152872,0.09208417520524902,2.64942219677004,0.02860550486798027,0.9447216500714545,0.15555509816694887,0.7989136771873289,0.40468322210854213,0.4616311904717975,0.442400898999657,1.3218562293195448,0.029494236349062612,0.03495201884209878,1.464052516979293,0.4609758656101374,1.2813841145455005,0.6232158578043495,1.2639992361713022,0.15550018773527782,1.1037664071803752,0.18762648400306733,0.031722880119221857,0.24344826352553142,0.12445101123851249,0.5523064552033965,0.0636000494866421,0.07028902813438583,0.0631459442824809,0.6459440821855185,0.0,0.0
15.0,303.45826406154407,293.61871995147516,101891.82631250913,6.059559889580991,180,1.272319997978324,0.6126494787114437,0.09061768146695053,0.031187666037787186,0.3201027399009052,0.0,0.0,1.0409856815982281,0.15545445946465247,0.8401932024500849,0.3485439291151726,0.08389742816864963,0.029708300077073937,0.09534562076005983,2.3350248791609043,0.029307595916593116,0.9685554594112142,0.15583752312388682,0.7971757463457932,0.36892371458161094,0.45626188353376423,0.45382235741385263,1.2947704742044925,0.030583671756876193,0.030509967394150298,1.515475142880856,0.46701098882881287,1.261247580530363,0.6848789529843415,1.4490024859634676,0.15549453959756537,1.1027966238665161,0.18033487979917306,0.03576246304941051,0.21222110031784752,0.10358504448219776,0.6808622733278124,0.06983667420926928,0.06457724319265215,0.07040505162836233,0.6182487471773451,0.0,0.0
15.0,194.3160886112978,299.8779250673773,101102.66513844882,6.445792803002226,180,1.323662307431185,0.6056873693083665,0.09113376112197934,0.03113352145561298,0.3249786684299919,0.0,0.0,1.0382431136037105,0.15554091204598502,0.8415007357405674,0.33736520279899895,0.08886135572499233,0.03296053222799893,0.09234113235314774,2.190121141301457,0.032779391633138096,0.8893826806220099,0.15521652777675088,0.8025439516778311,0.3845115173831564,0.4742101597826917,0.448682201760721,1.3609199651607888,0.031076422235742786,0.03187240398426496,1.4633216959315705,0.4729135745968354,1.283767085626504,0.6127387433610721,1.3200968418148684,0.15560340166882922,1.1043467425850868,0.18505171511218987,0.03256320800668188,0.25760407306471245,0.11317334817392632,0.5995017908703704,0.06380065455996797,0.061807258843496346,0.06663682022566385,0.6538171114037477,0.0,0.0
15.0,357.45669614160533,291.38692929955147,101445.33375651047,5.7587419161773346,180,1.3818495068330605,0.6106496735507132,0.09522382190831072,0.031865701370894645,0.33200011562972204,0.0,0.0,1.0866413568168667,0.15555655481780706,0.8370803827852975,0.372024750206763,0.09601029352782875,0.03143124174337697,0.09576328189014854,1.7402890317009085,0.028846145666014112,0.9750727962166893,0.1553261548736025,0.7984095551875422,0.3617974864597013,0.4225310604582565,0.4607140854795577,1.1728199668480495,0.031725408114598355,0.03199074708929773,1.4972628946256166,0.4234908665752018,1.4876358984903972,0.5909622954799922,1.2373454080034139,0.1550851640017064,1.110285550431563,0.17997882366279402,0.031081259505482253,0.24584897448498574,0.10670003528719152,0.6432787779691949,0.06879497624073175,0.06680922397225997,0.0655589826154022,0.6421659243374545,0.0,0.0
15.0,87.99191622776004,285.2944959514609,102025.33600587424,5.03000852354803,180,1.4131164095921052,0.6109613446094735,0.08733625173480283,0.030753231668037156,0.32013744790222337,0.0,0.0,1.1417915167476482,0.15525771303517052,0.8390715877234267,0.38589057723925924,0.08925569149393163,0.03090895557347644,0.09149030595682144,2.434060548228636,0.03261596377024157,0.9344928316948499,0.15537744544202148,0.7979519548066172,0.3655164036555134,0.46528302745437766,0.46593411861126355,1.0730484458267886,0.03009073829541579,0.03076030908524355,1.4504915833236616,0.44580770544801546,1.346894018747432,0.627741820682442,1.3953173602487694,0.15513258084813353,1.1066589663182989,0.1798450500333307,0.029630810403215413,0.24326021258474445,0.11035972246946307,0.6168648665103773,0.07290604691827392,0.06989964881887085,0.06478561405091175,0.5820425531553449,0.0,0.0
15.0,148.75332800988411,283.23717990030485,101225.53267872849,6.299798911356102,180,1.4095030554262409,0.6052013879250541,0.08685858515451308,0.031035129256098182,0.28887473525194773,0.0,0.0,1.0903961973862712,0.15553712133618422,0.8361288541116507,0.33042273359437174,0.09031558193215211,0.03298020880408259,0.09149375672961996,2.3605798324421188,0.032699737330463996,0.9040267190000356,0.1550527438642381,0.7999219987247946,0.3556638205761824,0.4635443822201447,0.4830468766143622,1.4053265383601645,0.03330459556897643,0.032734655752498294,1.398401139502,0.42947186852184643,1.4544655252175478,0.6125831743312828,1.3814951857012885,0.15524173614944844,1.1033533665608577,0.16503208833240723,0.03377694951118186,0.24697430618291014,0.11487889737751503,0.6223182734348592,0.07380512293053178,0.06422631818007649,0.06508322354765898,0.5937808202676587,0.0,0.0
15.0,238.1796540767074,284.30174041961425,101257.45516150912,5.91529338557293,180,1.267589739355775,0.6076797465706184,0.08796173945302234,0.0317362278336363,0.31254218476540674,0.0,0.0,1.0138886876509412,0.1553460707578373,0.8355994926750594,0.37743571071437726,0.09014556790104607,0.03315070413300073,0.09103329317561559,2.271351772716027,0.03465720818759511,1.0250475095325104,0.15528433466388453,0.8044878093588611,0.3734184498141445,0.5027496860210702,0.4381289476176602,1.115328718214808,0.03217770012660506,0.03065365609231102,1.546389901333391,0.47002977922578354,1.2541068170412673,0.6254381390822555,1.3360112843034344,0.15511200318456422,1.1045168442261304,0.17200191065482723,0.034661083326344745,0.23469639068241602,0.10602052540326316,0.678636209203073,0.06214128266504422,0.07360062642396663,0.06864440168624163,0.5918668333164327,0.0,0.0
15.0,235.4036932606134,301.28644852373685,101499.65252771611,7.650292102772008,180,1.392133943995262,0.6086313715332928,0.0853910301886128,0.03162070110894345,0.3015865688855698,0.0,0.0,1.0551514365372192,0.15538220139785716,0.8399319338457735,0.3693187658068629,0.08888672346282547,0.03154404642671888,0.09080522952349909,2.2853094127078695,0.03006095953114453,0.9796417447443331,0.15530341388501848,0.8000081494058018,0.360979072165708,0.4608997545143109,0.4677743500712605,1.5416212234076712,0.03170101707494159,0.028624080915532004,1.56829815065184,0.43292854122673063,1.3580390360629655,0.5599959735118643,1.3617665044164065,0.15563421363820226,1.1080999700467709,0.1797319127628071,0.03089132326637283,0.25023677699121555,0.11195670933448724,0.645421234298631,0.06690444014402369,0.061980263871364974,0.07235940025061165,0.649617953512937,0.0,0.0
15.0,336.31018403249794,285.98418199670033,101519.89283232608,9.364412061918491,180,1.306367325483261,0.6074879516247257,0.08571882004822338,0.032416093215558585,0.33736024292376915,0.0,0.0,0.9810125637110866,0.15517650462527963,0.8364123560106721,0.33541180395931747,0.08871354595554538,0.033751612853991406,0.08540763143130378,2.396244761499999,0.03078606031583682,1.0524451112472986,0.15481947520399986,0.79766570988413,0.3652500272883468,0.455180511846877,0.4722965027950539,1.6727021836152531,0.02917864665910332,0.029139377864962113,1.5455279397657156,0.4595938289650163,1.2895912727952488,0.6494374891164124,1.389703293157245,0.15584382105520816,1.1082062063974412,0.16673574774220662,0.028613784482829915,0.24832824651846516,0.11621699466281511,0.6425657691413866,0.06622197646157461,0.07038601893993598,0.07220560274506437,0.5665374802879583,0.0,0.0
15.0,162.11002856042305,293.16210019315463,102346.70701427106,9.677224366542628,180,1.4839779845212968,0.6109189438602416,0.09350584566398593,0.03537081463775908,0.297902189147287,0.0,0.0,1.0491501228294142,0.15518191010473478,0.8372957732433347,0.3678449344566577,0.09658855023742002,0.03256760499784994,0.08933246125412345,2.2917482719512376,0.03386457726161762,0.9674060948982426,0.15554851655085414,0.801847381750484,0.38529440967823947,0.4897524911723209,0.4386410096374773,1.2475913103543064,0.03174736373547011,0.03319729223198089,1.4853352839942418,0.4664904010269131,1.3600525392882135,0.6358050072872451,1.3537939681450977,0.15592590981377827,1.1071187722631475,0.19004063140534516,0.030350751012986333,0.24641511680114966,0.10308849698523241,0.6248844810977692,0.06178122590997368,0.07157457840120546,0.07118985585075606,0.578348734208681,0.0,0.0
15.0,11.657068963789389,286.62233491603354,101742.70780683722,6.537593765869845,180,1.2698979114251074,0.6114881131777326,0.08983219309862123,0.03328209869527008,0.32078507012464835,0.0,0.0,1.0236064143733217,0.1554506923050009,0.8409408467096193,0.3702376067900702,0.09081217719807654,0.029996707894370093,0.08527900962932197,1.9574487022068234,0.033080799859681244,0.9272578776713606,0.15562754328373102,0.800963773750313,0.3730268551974886,0.4632485349840567,0.4775405699106018,1.298972228918389,0.031115287395537143,0.03208594851714694,1.5160249505962704,0.4359241773573528,1.3519478655575812,0.5774304279802616,1.3503619669882163,0.15504431207832536,1.1109560401681333,0.19040829696585462,0.029834639063816858,0.25560334135516355,0.11232192375742885,0.6169353030600416,0.07020646759818931,0.07073537725827507,0.07529023674842551,0.6232322954843383,0.0,0.0
15.0,105.01641785587891,293.3015705106974,100876.14658202344,7.183446557939129,180,1.252496566257704,0.6113073496039098,0.09702113341014418,0.03422424290044005,0.313934440779738,0.0,0.0,1.0056790458036073,0.15526600088152848,0.8390416346159748,0.3548629165424524,0.08804263403097004,0.027737939916450238,0.08414697776910948,2.349118010955844,0.031930451518746926,0.9980599707622383,0.1557160042188195,0.797413716326402,0.36331213218388697,0.49487716479509186,0.4494691320383848,1.1113854789078985,0.03207332542834811,0.03237652214914712,1.4808529125384444,0.43537056319632184,1.3353641730688268,0.6430475386919183,1.3705535137385683,0.15588306809436672,1.1085398546783758,0.16014432708130363,0.03482067583781768,0.24495375748787418,0.1158524240419005,0.6709319473130209,0.06991319790582638,0.06575689174508112,0.06601906965593062,0.6709203669728737,0.0,0.0
15.0,183.00278667840877,294.74576720246057,101279.45845559514,5.230586922675073,180,1.4687786368373574,0.613798334946676,0.08556471850455893,0.033149033369567184,0.33444221813850794,0.0,0.0,1.0446088789300083,0.15522042074812983,0.8354957876714478,0.3786022399506576,0.08378092622440667,0.02895209460487152,0.09891968819272463,2.3023411521057646,0.029922595331077904,0.9561049499945962,0.15537106790593322,0.7969894893177663,0.3666465969892872,0.43808795963146485,0.4746360702363802,1.5627603534471326,0.03310635262742633,0.030851823740588508,1.565829385912491,0.4833839482436729,1.4294758955578482,0.5989808627909778,1.3279940508829973,0.1558120064785341,1.1001462931721344,0.19025625825509604,0.03186090657079632,0.24922708700792381,0.10785203181153927,0.6146720448368237,0.06889594809048526,0.07064099929598479,0.06162721988171537,0.6416504377941848,0.0,0.0
15.0,297.15453014884616,286.86883954647465,101514.66200135309,5.2714082097011055,180,1.3593112573101858,0.6094650678860121,0.0976422595131353,0.031493226410732954,0.30943177143972567,0.0,0.0,0.9858514832532252,0.15552993488774977,0.8362386245811885,0.3522193178696509,0.0944230840613203,0.0315965865170999,0.0903999170778963,2.2045328541928635,0.029798821591963447,0.9522629839934806,0.15554612610929955,0.7991273290602896,0.3905927460891861,0.4744124007081752,0.46200680058649535,1.347430658855904,0.030589015767803273,0.03451260635780068,1.3797252968282683,0.4634712440498904,1.3264544305129828,0.6361897015296097,1.4135177893706203,0.15567522972164036,1.1041129537947894,0.18713903511080252,0.030683651443231125,0.2134764847408706,0.10901946578800265,0.5932091785561149,0.06835828958969176,0.06925447731045624,0.07078295685264088,0.6260113920390575,0.0,0.0
15.0,21.858929163770753,300.40293039761247,101585.28369611557,9.982821244603846,180,1.4433882393555848,0.6074088721805866,0.0892341111341343,0.030788418705488912,0.3030236176766446,0.0,0.0,1.0364424918223747,0.1554929224596142,0.8340530425602644,0.39420028039499644,0.08298304556159013,0.03251276431318472,0.09080961127158022,2.526146845017532,0.03059729710291637,0.9628662637573242,0.15534291241381698,0.7969419232573742,0.34456142518787247,0.4709609428376535,0.5174950710427456,1.2725730553346237,0.028248241515940947,0.0343893901594499,1.5512604535925052,0.45529821858805564,1.3137523545767986,0.6444714362543124,1.3932060780780917,0.1552672405485018,1.1051472800265931,0.1751978694399942,0.03476618860077149,0.23869092419064622,0.10244197664721799,0.5984769527487043,0.06633385200576872,0.07906951325089762,0.06935333708929954,0.6451002166939926,0.0,0.0
15.0,328.9974976078653,284.45319946286435,100778.91147027849,5.138524292564263,180,1.3829573050352237,0.6117090941356431,0.09261492428320021,0.031528961200067845,0.3077230482970646,0.0,0.0,1.0177121827315043,0.15574790157733012,0.8406256773867679,0.40447009849523036,0.09437784566093857,0.030537391401952874,0.09680371472736328,2.2647194539041737,0.03101744615818859,0.9307314405623288,0.15545981918058732,0.8005552037990067,0.39290205327270133,0.47383173829662445,0.5092961590062597,1.3851862149337062,0.029836023052936977,0.03200415606921171,1.5802185342034905,0.4667417374718797,1.3593234777858925,0.6052818159719471,1.3333434711895849,0.15561604856123734,1.1049240718716122,0.1680835424323555,0.031894432029197485,0.23415789906238355,0.12107171762778136,0.5654359230819002,0.07017869569115696,0.06553967991280653,0.0683242227265046,0.6663774756559405,0.0,0.0
15.0,284.4323562957203,297.2418717708084,101805.51750545812,7.855809938278697,180,1.3837522761165097,0.6082623574835334,0.09668711712718173,0.033272687116642254,0.3193586935753215,0.0,0.0,0.9570177353456898,0.1555710066209775,0.8387516429213785,0.3745683645457365,0.09358761880290299,0.028986716027461633,0.09064892121764428,2.1252583080989296,0.031513841701235355,0.9753439940714445,0.15524314828068753,0.7977015112409052,0.34975593147551076,0.4503937697570207,0.45290278236604753,1.4135694136617187,0.03155228360477954,0.032151195018378764,1.4466245519132048,0.4576646152131558,1.356680188675509,0.6344513386720362,1.393156523353837,0.1554490058916217,1.101698533669627,0.16658802092644368,0.030505723004702633,0.2578866732124916,0.10097536266102966,0.6360337334287519,0.06065322794905734,0.07091766346863615,0.07092896649239416,0.6777624429735926,0.0,0.0
15.0,334.0458347294211,301.12985384790244,102151.8436792249,5.339914032709719,180,1.3429899045824962,0.6090389112055274,0.08328224849058737,0.032728232592981875,0.3336257978413705,0.0,0.0,0.9780975096680052,0.1555265417124174,0.8343313863355932,0.33479757151612727,0.0750044874954672,0.029707919275582802,0.08713252022965647,2.723610727411281,0.030870391991450395,1.0753660690851903,0.15523181168461628,0.7986482133525769,0.35304958575217693,0.4293844101598763,0.46450585479533835,1.4563727430812612,0.03106158422235826,0.030233404165128718,1.6737679850131684,0.4475425754175597,1.359940659704166,0.6039794719119393,1.3356493051295297,0.15545256670196014,1.104669383292975,0.18099543850783242,0.03157236509686103,0.23621632439478304,0.11482780029447597,0.5660195569872016,0.0637058319324192,0.06757111230047479,0.06378408071553934,0.687330659704544,0.0,0.0
15.0,253.34678254371744,285.6050812929432,101432.62397128338,6.637497706599412,180,1.3424689360653306,0.6127218356758355,0.09932862904594704,0.030112136615183475,0.3095997786591879,0.0,0.0,1.0536228961355552,0.15535585423413112,0.8380825729595675,0.37041695396246227,0.08309288982367165,0.03360780311569944,0.09467348586392223,2.516028191883776,0.03249969862106938,0.9694201940132415,0.15501887628972597,0.8019092842560815,0.359328534744341,0.3983944834752932,0.48179954932689667,1.3146809125612862,0.03106597990028856,0.03139342314864308,1.4449206212103238,0.46750802543920006,1.3743136754399647,0.6160348656432239,1.2416306060682996,0.15480568361901967,1.1006414422677158,0.1770070863061621,0.033342880528299784,0.23845231698243963,0.11284681194136188,0.6068222177495959,0.06740485852056066,0.06784511588099569,0.07557548683910516,0.6723907931710716,0.0,0.0
15.0,275.2909214976356,300.6170626533865,102227.92454962447,6.489734803452427,180,1.4746257190792311,0.6075349297566497,0.09099997389328283,0.030908164127931636,0.31434156569602195,0.0,0.0,1.0212852315582652,0.1555247583844107,0.839880330989416,0.3798975094071735,0.08794138852484136,0.029726804385385,0.09321724010897861,2.21208023681757,0.030762354982628765,0.9064486563406958,0.15534272231388138,0.7989172759720922,0.3494760451804853,0.44475273986270314,0.4561781597978544,1.4626237426759476,0.0312957573129685,0.03298574762509414,1.49979529333794,0.44242589929827286,1.4233964836342718,0.6372383527819483,1.3789427873476423,0.15550532256351948,1.1026514172377269,0.17089970846460958,0.032943136038846445,0.2338278150977053,0.11409356648026078,0.6415035148220827,0.0769653846292467,0.06798048472841299,0.06989860268343971,0.5884083832065821,0.0,0.0
15.0,21.80567856428185,287.7850420599845,101972.05779979298,8.937533170455067,180,1.3520447122067938,0.6183206004092129,0.07953840180984453,0.030949662098203632,0.317187203880522,0.0,0.0,1.1253247585171378,0.15511324226896842,0.837467735882545,0.35887254304725114,0.09130769042632246,0.030314783058020385,0.08487248903755952,2.150635413320279,0.03000577175451976,1.0460576723995003,0.15513314724649502,0.8013368280599438,0.390718152120112,0.48179757077899527,0.46921360808559576,1.3972164510337568,0.03025622137128709,0.03180381073417842,1.4250267236438894,0.428767314254858,1.3315033292425333,0.6565224558242683,1.2634819188987787,0.15567271017780188,1.1025544527531501,0.1660005256421355,0.03245372990726039,0.2536095707812848,0.11008534572308648,0.6374367382287194,0.06651676142551999,0.06612136878375756,0.0632691879372944,0.6341183246152532,0.0,0.0
15.0,68.1556766113558,284.84103593637565,100848.89986175754,7.734140213757657,180,1.2941068938190174,0.6092341825996497,0.0931505915830775,0.03306964600329309,0.29900318892892075,0.0,0.0,0.8625349974604904,0.15536857169101942,0.8349907243465617,0.36324837982247243,0.08564946581855813,0.030751040575979705,0.09019792100475175,2.1798109768433247,0.03371777979015421,0.9912544101134058,0.15564107692940177,0.8033465302056033,0.3885310874657937,0.4506036954108692,0.4532489666846601,1.2897144626766477,0.031190845089168945,0.03311782772228652,1.4332102911677116,0.40480787251115874,1.404377991842979,0.6208860675788995,1.2571575695860415,0.15507825452558868,1.0991618721642402,0.1673095342162621,0.03364814289901087,0.24579458103965,0.11562360838716736,0.5946452831881085,0.07334752305907821,0.06646689990515568,0.06758723642729503,0.6472336333862344,0.0,0.0
15.0,297.16755083267316,286.430111719112,100848.7472486922,6.021578426415908,180,1.2879520584212152,0.6109671238044977,0.09723423017452744,0.030802069528046296,0.27651907510243234,0.0,0.0,1.0132451687338238,0.15529561638033454,0.841405519264096,0.41365699920622306,0.09094409225414178,0.031838742902201914,0.08619606052477836,2.3085514408531647,0.0318988908653454,0.9939544871842969,0.155589671142206,0.8009091214914139,0.3743415512371511,0.4588516323773948,0.4894900919535239,1.4215749035766225,0.03380151226065715,0.03311402236936081,1.4562803055082245,0.45154761124036524,1.5580586286056555,0.6375923200755302,1.3595659839223044,0.15510187184692203,1.108084061393895,0.1927855198954959,0.030047620084367337,0.24241052045951866,0.10412931778411666,0.602955731901088,0.06099987541052954,0.06968771258345996,0.06474999394694865,0.6851268377621278,0.0,0.0
15.0,73.54059306344267,294.59299945646296,100500.84413566232,5.3415065851977905,180,1.3060776756770456,0.6087936264115984,0.09853659998834388,0.03331028438738437,0.3127967073849789,0.0,0.0,0.9930463062249116,0.1557443088022533,0.8394361916995371,0.3425264008250923,0.09041049784417853,0.031504481496746076,0.08952157319281641,2.2517111240112606,0.034343601074346954,0.9153899120039356,0.15550484284490174,0.8011855386460179,0.37391346161827366,0.45559469044925394,0.44825995792871737,1.200787451191023,0.03206708290853624,0.03218819395091587,1.5749543703408624,0.5138777287598195,1.3229634936432095,0.6355408097582128,1.3798537787219525,0.15520542216007757,1.1086921809424088,0.17738051881156755,0.030656545797383892,0.22728524626974983,0.11620638261901348,0.5625038420877835,0.071805190808843,0.06620061659772737,0.06356383175241907,0.6455861275620415,0.0,0.0
15.0,83.06698597530063,283.18641089670774,101372.40261805856,9.456750335344323,180,1.535633460943139,0.6106997800047645,0.08037545828960653,0.033309371940459076,0.32560485526331145,0.0,0.0,0.9679128133524003,0.1555699677270055,0.8360321873107757,0.35540541961099564,0.08868295799488526,0.03299533845656339,0.09325589098945421,2.5260671322678125,0.030250723987807718,0.9237159334403274,0.1552477170676764,0.7990477559956038,0.3679359295675093,0.4707557631866474,0.4595761833801149,1.4079344912729568,0.03305411045378743,0.03297274799071191,1.653595621722836,0.4588563025267442,1.3652773449448978,0.6571464040647791,1.3052440356715427,0.15550133663115384,1.1061868547489444,0.16360127057010238,0.030360903277195973,0.21811794649798655,0.11619650941995867,0.5961353802570704,0.06736356172701405,0.06801162200816617,0.06709739785157381,0.5935573566959909,0.0,0.0
15.0,28.83399336916101,289.0607122626133,101546.37955882592,6.6889801315580595,180,1.513257498020029,0.6160365093514799,0.08844966990156664,0.03131134552530698,0.3175157843589485,0.0,0.0,1.0358030988116118,0.15524277551241597,0.8371737259349215,0.38609483917896315,0.08785940288310826,0.03216270439489018,0.09633611463225744,2.553979199759766,0.032183957745138936,0.9975754832472381,0.15570449678663595,0.8017917493829761,0.3635944940613417,0.4970657798970866,0.47201154769051634,1.4342598794485535,0.03226373923337392,0.02991694295707478,1.525501083714641,0.4649672501542106,1.4248628757234822,0.6493964216833442,1.3953122545514842,0.15525435327058332,1.1059785161284899,0.1624056035681376,0.031797945722235814,0.22539554836680364,0.10878258546455014,0.5741469703651574,0.06658483180008043,0.07473932688306047,0.06624063055513951,0.6173740024539074,0.0,0.0
15.0,289.6354273072088,294.865291453912,102267.37721026634,9.440430588812076,180,1.3953365916930727,0.608221761577426,0.08744173919077655,0.03337166229303669,0.31145579056685124,0.0,0.0,1.026570525070839,0.15556560294657182,0.8355560614449833,0.35977182449896283,0.09480948192393256,0.03273368389927915,0.09470440656083949,2.5551789455196956,0.03229249014054802,1.0970060206755015,0.15508257849128154,0.7969877119896159,0.36829301000837933,0.46270449697981153,0.464781106551846,1.4336048597818163,0.03303877084992078,0.03141285873115163,1.4082585397022487,0.43402950960782866,1.3770471830087776,0.6036512839781987,1.342173375515738,0.15571620018864193,1.1041387074374303,0.18476209015684858,0.02874225729227721,0.24598017900933783,0.11269307300871403,0.6503074444026954,0.06250680497958014,0.07166317565201236,0.06590309034817386,0.5938828610725043,0.0,0.0
15.0,259.0006760513477,291.6541357509067,101236.27635584478,8.16973499072927,180,1.3811692636119186,0.6102589223395559,0.09529269517107444,0.031244892721123838,0.32061974279983607,0.0,0.0,0.9590903164417803,0.15526103377670453,0.8349930744013219,0.37617685225251496,0.08882964889898541,0.032233955450586396,0.08997951562358485,2.5014183710952933,0.03132010231384586,0.9708080259343993,0.1553554830913855,0.8025424877614062,0.3330411992587564,0.4496665680009919,0.4262217556807812,1.3309364209744372,0.02855280239732677,0.032003150273586446,1.5706297370215454,0.43378937430924985,1.2669029375026917,0.6393115942392671,1.3458783673734895,0.15577334550519395,1.1011769963538758,0.16413869524174188,0.03261133378027567,0.24514641127903208,0.10693575316569978,0.6795487647302099,0.0698560495476524,0.07377131563524647,0.06766215607754797,0.6966857979162631,0.0,0.0
15.0,16.963974065676215,292.8390029332841,101526.73605354743,8.618524896025336,180,1.276376536649514,0.6102002431309131,0.0863440716563601,0.03209186034705001,0.3004923100274178,0.0,0.0,1.187387027077037,0.1553468978415345,0.8370728197167342,0.3834321392504001,0.08480332546876465,0.03368190497448553,0.09543676797179712,2.718374313915793,0.0328988328924964,0.9666120924965202,0.15521270640589177,0.8015207296305894,0.3367177188705427,0.46708785097313843,0.39885257877744185,1.3801100284572925,0.03414310971052652,0.030557688945351377,1.4958785197139952,0.4465592309366954,1.412327229805753,0.6232872412185682,1.3200391537979492,0.15536366309309663,1.1023305720221606,0.1904109771736546,0.03164029196129719,0.2252374348954622,0.09814566631716012,0.6226589292425505,0.06503507111046133,0.07313120259685803,0.06257370438627796,0.6179444695521551,0.0,0.0
15.0,227.48100860158502,292.93981175290884,100322.02994305256,5.485250416787338,180,1.4625912430821335,0.6101039344218471,0.0851664143201195,0.036426279061832045,0.29304075478397723,0.0,0.0,1.055840898833841,0.15567056638343965,0.8347284197209417,0.3655540361629299,0.0905225791405803,0.03090094311439164,0.09301648776137908,2.49274442922086,0.031015168651163712,0.9907404813852361,0.1555663005164692,0.7994352808951141,0.3697516982550572,0.4547289261703293,0.4731002347325975,1.389033785566584,0.032603235623358345,0.026757118514478727,1.5909551628371377,0.4733861040506154,1.3102703043051818,0.5806723862707007,1.3537813558383764,0.15566947482185808,1.1089248638328868,0.15676455376274795,0.03314084780487462,0.22730622100181666,0.10179579005659893,0.6386290292127345,0.06176393183586454,0.0710745925053432,0.06177606742435175,0.6102715074450967,0.0,0.0
15.0,332.8700017630426,297.3447023217971,101679.57362619428,7.371125171704352,180,1.1893763893922285,0.6087594306988832,0.09783485324035415,0.0319864438955445,0.2978349666553763,0.0,0.0,0.9772870024072167,0.15568726156462234,0.8348048748814597,0.36651594112306757,0.07818496975787341,0.031935216326230476,0.08099504174679979,2.3158910111262534,0.03578466607754852,0.9937014100488997,0.1553184817449864,0.802250683452612,0.3715821004979844,0.48900262618198226,0.48486191084034,1.1882501562791636,0.02846639680098129,0.030070632562018265,1.5545488216369876,0.4790010447317263,1.3713448945511,0.5942935407295792,1.3797318917868284,0.15568631253114332,1.1054813708115703,0.17498644125861523,0.03266890907953712,0.21416644286115671,0.10481312340937265,0.6070239645883222,0.06889679893028995,0.06970472343627361,0.06994085693535979,0.6239334775997485,0.0,0.0
15.0,292.29540576172343,289.6562181180586,101413.3981705224,6.1667055258909675,180,1.3877604851909455,0.6120359938120068,0.09034993539396126,0.030534871513767926,0.31236333125759935,0.0,0.0,0.9555359165525469,0.15508699752759414,0.836414384443789,0.3759903844584838,0.09831642811629307,0.03272004911921914,0.09186119018674904,2.193512257325429,0.032054806385968936,1.00395063107792,0.15530076429984876,0.8035379422419089,0.3523748558569519,0.47041276172828267,0.4906452287222964,1.586272983023239,0.03234281223066514,0.03135921446507193,1.5090777936270503,0.480133387873151,1.3481842127466774,0.5558879460379924,1.417238163076974,0.15554313460646305,1.103843308844645,0.17619908170492,0.028947227099727513,0.21618608226318828,0.11978179978401182,0.5918374091566849,0.06450557409150119,0.07440063668905011,0.06785020706769553,0.624844456959475,0.0,0.0
15.0,171.3731348604295,283.9808272082842,101887.74255279511,6.3860864619060855,180,1.384370559946426,0.6087066172276373,0.08452851881443753,0.0327160867469463,0.3108031163692677,0.0,0.0,1.0881551758533,0.15561965749002138,0.8402211407145682,0.37953788742182865,0.08328576661442638,0.03273670098253671,0.08199902867871256,1.901085513177617,0.03123016103775044,0.8962530338236191,0.15543417181860886,0.8019919331911867,0.38590617326602056,0.4747500171166132,0.48497672396506525,1.4469001115703994,0.0329187549609438,0.03239936785434514,1.657947954105494,0.48139774180079686,1.3004784111691976,0.5946618393592935,1.2905697075964848,0.15536996037406542,1.1042271929591738,0.1687474448501202,0.03339309076112016,0.23890442042043522,0.10638102334492433,0.6239606226789667,0.06514316113938778,0.067805155753792,0.06804103257890179,0.5854289453338954,0.0,0.0
15.0,284.8142044801378,291.8713572258838,101979.58731357557,9.514053715190098,180,1.555347957726042,0.610863232051676,0.09184424945649396,0.030222024005929323,0.32019759641333756,0.0,0.0,1.1038506831577841,0.1556185454493011,0.8331563168226715,0.3446081077908353,0.08811737093155665,0.029607335974509312,0.09129459823174041,2.503520576093423,0.032438690687440014,0.9299242956397947,0.15573161574457933,0.7981825480777557,0.3564470233344224,0.45934193768204873,0.4490491127327146,1.392346688137051,0.03269458837646288,0.0326050173908896,1.5710454351979648,0.4692047253000089,1.314778095332334,0.6051022335494164,1.2475290494192188,0.1553522323806977,1.1079487004373592,0.17478763042986983,0.030705205355108647,0.2282423711231623,0.10723985700752034,0.6190362849762124,0.062086157426123854,0.06124369566202678,0.06638270847297176,0.6409163655111433,0.0,0.0
15.0,123.20514447484355,293.2207993565832,101623.69114055448,6.342981393333594,180,1.418230722691419,0.612148459872373,0.09713732694707893,0.030910117752534,0.31564276917900724,0.0,0.0,1.0511929686634576,0.15548064795562486,0.8339680753945552,0.36501806005865517,0.09498287131274014,0.032184058568509026,0.0939059661983662,2.099380076626196,0.032613969927582254,1.0894943391870742,0.1557340457241211,0.8005616835346813,0.3609093153953945,0.47036609558734,0.464204005748449,1.1923949179235749,0.03587295439161329,0.030139655499337645,1.6389766793031137,0.4163704186535812,1.3902032020986779,0.6356546639910504,1.2649720628574093,0.15528861323037965,1.1034598924860357,0.18843987196888864,0.033942454047286776,0.23545763091175398,0.11519554622388195,0.6146523440294329,0.07192345749401653,0.06793547106742381,0.06854302066485246,0.5875957756586647,0.0,0.0
15.0,299.7388201495562,297.6975331340039,101882.8744023995,5.021752813630264,180,1.4593476521074311,0.6069917137910766,0.09050323528578075,0.03099137121332827,0.3025966441317579,0.0,0.0,1.071573143905093,0.1561167422837043,0.8334385207544939,0.3856846290016491,0.08308716640337428,0.03225855661479509,0.0880932376635158,2.4632947583232236,0.029981235624177524,1.0075139533395476,0.15491834038958444,0.8001822764623562,0.38366587700075533,0.46273255136374797,0.4868489668814155,1.2874826708173266,0.033038710981371615,0.03139397022961317,1.585307773773089,0.4311036296244709,1.2839889818222763,0.621106920561843,1.3339529290105907,0.15551327638287585,1.1037345623988966,0.17444885183848605,0.031077795991725454,0.2461655287535073,0.10355907509384066,0.6516568406877358,0.06753051866823749,0.06499281682505656,0.07307846063825078,0.6167509201808571,0.0,0.0
15.0,250.09585007144992,298.8890286417646,101817.13959488572,9.008726387122486,180,1.370610451184037,0.6098423692738023,0.08856993362164142,0.03386573248497165,0.2885312753880715,0.0,0.0,1.0340155139926903,0.15531837996467596,0.8427199656007847,0.3594054372554184,0.08680293308620521,0.0335795943095517,0.0876140200363491,2.384922852770978,0.031434221412465,0.9327605366484999,0.1553577547717829,0.8052519130311786,0.343953174167809,0.4527021564556889,0.46151393761763954,1.309496392368973,0.034825576364223836,0.03073557986329543,1.5199982707793356,0.48748503494395273,1.4356974488962115,0.6581257135900265,1.3907855766133435,0.15499623844047294,1.106411468815081,0.18877158948849893,0.03092403705122147,0.2413991488259446,0.11429291446390809,0.6408186021233524,0.069860238917367,0.0663102377303045,0.06968256278583927,0.6565807535805102,0.0,0.0
15.0,293.4919080306943,289.38662355490965,101801.12239879751,8.06687237080889,180,1.3462327201355897,0.6080532324632167,0.08358856565503679,0.031012860586090797,0.30080559080202723,0.0,0.0,1.0218075559797481,0.1555022575561008,0.8356943220392533,0.34364615294072487,0.0883475199746725,0.028097052774487687,0.08830856232443896,2.3805192925099847,0.035682115027872725,1.022718364729639,0.15530364157790882,0.8009566260055813,0.3704269482193536,0.4615456826067254,0.48635940364338714,1.5659619186216533,0.03238588815227052,0.03078293872265356,1.4359980921918825,0.4379101583291577,1.3183754879782423,0.6182375451167196,1.3226421625306586,0.15578572756984488,1.1027545154052367,0.16966522574505574,0.030058370356774687,0.24851787740132045,0.10409187007873746,0.5980321816565392,0.07396008885234968,0.06056441610557148,0.0693373783644628,0.6700648954867101,0.0,0.0
15.0,157.57361497274675,289.6387419144337,101550.03600697662,8.550248193165375,180,1.3733817497227017,0.6125819537109786,0.08898172935045792,0.03485798554435695,0.3054749257071687,0.0,0.0,0.9616036855782388,0.15551930760815397,0.8368845772841864,0.35429526895044766,0.09075955510582046,0.03224448840350674,0.08801060129145617,2.448824383418149,0.03261204105336305,0.9868208783168786,0.15543788956603685,0.8015359069490293,0.36388309710893063,0.4739165945879132,0.49375302014879724,1.395249635830299,0.03288092900289005,0.03174947614533481,1.571539118927528,0.4683657743722715,1.352733340019574,0.5979386259151737,1.3555871256516674,0.15526411058495346,1.1070786132194275,0.1827498620235461,0.03192574395921433,0.2449357100043483,0.10857120057900979,0.5746757628317584,0.06614143948217094,0.07417684063918864,0.06447194315230459,0.6468383350680187,0.0,0.0
15.0,290.7257646594838,288.8223827569695,101272.9609468312,8.961266398331007,180,1.3357837238313783,0.6041377499223004,0.09196672558150423,0.03252822757828807,0.31368223182188504,0.0,0.0,1.0803328619237047,0.15533306960953094,0.8354106444863524,0.34438228562557216,0.08549411564402754,0.030769877279447137,0.09628232202471211,2.109331993457373,0.03382300190439467,1.0097290323460895,0.15538944638778707,0.8023244425116884,0.3293022672213699,0.49520832457371294,0.5000220178965036,1.4541644690150182,0.03231044481718482,0.03219370633246321,1.5735417999378314,0.45867089434108926,1.2497328131405723,0.6217418848541085,1.2625617908678932,0.1552652004241632,1.110057846337325,0.18907973485999705,0.029044362164291997,0.23316333329874636,0.10216611386123607,0.6346844303916312,0.0664381254810387,0.06144110445602032,0.06641448474501928,0.601384707196229,0.0,0.0
15.0,301.02691063822687,289.61337040438787,101665.87974423457,9.086809671068831,180,1.3756518620306635,0.6121400169975797,0.09864453238848601,0.03253097941976596,0.3046735312188303,0.0,0.0,1.0050254559796243,0.1552503756476002,0.8390460386620358,0.37875300475611723,0.08061076920919186,0.029012933839214494,0.09268114837724843,2.538944512894229,0.03292534228967561,0.9860624635562488,0.1550244742746478,0.7963215253884176,0.3695991601971832,0.4550855654701406,0.4552593769416787,1.4948005498377528,0.03093158772457529,0.032048606725830174,1.48836071473684,0.4625917167260253,1.3629174717051167,0.6453719694313245,1.2952480964796955,0.15529284390976275,1.1068797565033308,0.18379181870001698,0.03452829928659457,0.21976160689796256,0.10632316840037169,0.6893236636786909,0.06885608099938355,0.07325754382172993,0.06639987380059456,0.6019989306966059,0.0,0.0
15.0,353.70603191093153,301.8132548764551,101287.39650212253,5.606493933256863,180,1.3758388616974755,0.6070536947098155,0.08296233057340865,0.032220962833208716,0.29268422378535613,0.0,0.0,1.0568842237864677,0.15568683111461318,0.8397660149749951,0.37163575521943965,0.08472658354385323,0.03063134006787227,0.08473227404427607,2.450156476301423,0.034905197588664075,0.9099744897494625,0.15532085610359614,0.8023098014162068,0.3694350312468781,0.4936610508699,0.4618475136866517,1.4135730731899223,0.030441884535726584,0.03271657618206916,1.55848326331061,0.4085442940968142,1.389062125934724,0.6131818856527126,1.359910120821218,0.15512454552790483,1.1032315167208988,0.16945574819022174,0.03306989161900507,0.2535983775602084,0.10922729759842914,0.5837587101213932,0.06372995201359066,0.06736906112277118,0.06685773201218606,0.676413842968305,0.0,0.0
15.0,164.31170786690842,286.25700131158106,101701.57364765003,5.5236335165286015,180,1.380966177653176,0.6033852697561221,0.09402926711476972,0.031911173109725924,0.29151351366692385,0.0,0.0,0.9486946175293541,0.15542440094171095,0.8350057015321833,0.368126085778148,0.08907537346861844,0.03048240247054834,0.09350244480058177,1.9770611477142428,0.03156692486746091,1.0361512546523135,0.155508403870321,0.8003982125377033,0.3699795736711935,0.4982741864401729,0.4965747872447554,1.5658665026552254,0.031125071459112377,0.030987888970292667,1.4918541503844336,0.4479138237436253,1.3624194093264195,0.6513160912502188,1.4738101162214068,0.15567243398396693,1.1034854150292017,0.18235319486954552,0.032191284432982005,0.24503787707286057,0.10297270860756838,0.6370132225835154,0.06285558777525842,0.06724314589196886,0.05935294975851467,0.6205691008620979,0.0,0.0
15.0,259.10221376113805,283.01700442678026,101666.00426291933,6.034547112765082,180,1.2882597683528159,0.609859840537445,0.08321516721806888,0.03144775767451894,0.30326720316567835,0.0,0.0,1.0173273503196163,0.15500859793607696,0.837030922057233,0.3603657716388754,0.08275544272506619,0.03181892561875179,0.08771366869173422,2.1858821326343407,0.0305361408647017,0.971743526660444,0.1554197092987114,0.7925914857483819,0.3642164722265955,0.4455138942184522,0.46913635442649176,1.0452187143554799,0.03332187470123567,0.03529426923494422,1.4440902573557273,0.46519962034271306,1.3275259117316514,0.6397632679538103,1.3682703115173265,0.15558755379210457,1.1044423943370894,0.17117173876944594,0.03209379463308852,0.229291035004711,0.10622863276825432,0.580361312746829,0.07046051420198116,0.0650388537553317,0.06917929647620918,0.608792808007784,0.0,0.0
15.0,265.87969062604867,296.2416751442868,101594.71270263146,5.173770296677022,180,1.3771354100389301,0.612792007584102,0.08716288150300588,0.0324343844596036,0.2960984143192874,0.0,0.0,1.1283686761564566,0.15547393836009532,0.8404539256062543,0.3686290434681153,0.09755499763805352,0.02987957997784342,0.08897251925457561,1.8526232016527324,0.032468702217145755,0.9073292232558796,0.1552729238601801,0.8001142629709679,0.37317899985734243,0.5162853110651874,0.4634429508835756,1.4246422396290404,0.03249083006022829,0.03155998456101669,1.5319163620650076,0.47007069957475794,1.4097763474275629,0.5976735270256327,1.333483650646754,0.15571137206269797,1.1030876111662162,0.15890908394504816,0.03355060232072453,0.24028598311653732,0.11363039295858594,0.608064604343064,0.06427978589428546,0.0651816826364909,0.06590018771581663,0.5819174885337202,0.0,0.0
15.0,8.843632386522087,283.49045655996815,100667.21548163943,7.099815223548755,180,1.3006221543088219,0.6088693135020774,0.08321694142871788,0.03297195442007899,0.3055486807154444,0.0,0.0,1.043466431067924,0.15561446357952496,0.8341835246662824,0.3578451786579211,0.09277780076292695,0.0337778726596173,0.09676401184396437,2.434992524888068,0.03281701452541341,0.906946796236497,0.15544314955424962,0.7974826177897603,0.3930380242749594,0.44906165832970896,0.4636307958159959,1.3759114528882723,0.030075772680905263,0.03157369063485709,1.507035223865944,0.4033083017789513,1.2654478978544024,0.6053426020670416,1.2844921563182163,0.1553936093054583,1.099939183542989,0.19196445634213763,0.03192859712323943,0.22667856632591893,0.10552320269131285,0.6655177873108408,0.06550980950847393,0.06825995153374209,0.07115849004409339,0.6700457588740941,0.0,0.0
15.0,91.51509323706516,299.99653235382505,100668.56924276934,9.947510709973407,180,1.3349011157587551,0.6115727852112692,0.08913875000235584,0.03379132996996872,0.3240035169300561,0.0,0.0,1.0785248765767812,0.15553513632702268,0.8419311955192729,0.382241884525836,0.0916648562842544,0.030978661082808563,0.08811682313461579,2.325376371310573,0.03183252429613887,0.9693019664983891,0.15537752864382431,0.7976840391688098,0.34352830634221526,0.4716819432131956,0.46477925410184073,1.4014713842394562,0.031997766416807315,0.030215945051813662,1.5340068663188333,0.4538200397551682,1.304238257753151,0.5912983874574591,1.3185511278268152,0.1553338622729709,1.1097684918397916,0.19380104738867684,0.03151237975498778,0.2415844084652153,0.11675595947736418,0.5811883193318519,0.06733301899420396,0.0633645378123338,0.068594053278519,0.6596847134824209,0.0,0.0
15.0,138.94986393160943,285.8375771156637,101119.64310785955,9.567847383818258,180,1.3086222619762742,0.6055958949769102,0.09487643119748874,0.030007765038043498,0.31206791646498966,0.0,0.0,0.9768520365253709,0.15555097873669294,0.8320109486917979,0.34563063445036846,0.08966163170323507,0.030322795022564214,0.08835385963802492,2.2754926663616084,0.02970894845930779,1.016412334396378,0.15540477805542774,0.7987663174510445,0.3831526254956031,0.5087110224006721,0.5098592605248268,1.3394688196106908,0.0338706240488338,0.03247156760175218,1.4213945156365468,0.44553412645385604,1.4749543381030115,0.6219660682638796,1.2989935295092985,0.15593251334385771,1.104351832542353,0.1924226986314032,0.03210734089260005,0.24424230988180054,0.11386392950873847,0.6800722465005987,0.06537745439425457,0.06986954024228018,0.07169623962073918,0.6722568081912735,0.0,0.0
15.0,343.05914852904135,300.2607158855444,100959.28755051889,9.141948450007328,180,1.4326596192993746,0.6067762297804976,0.09768102362030603,0.03193234986627094,0.31713065027028775,0.0,0.0,1.0523584054559372,0.15513642150488122,0.8395531353511599,0.3472606431780584,0.09205578386802048,0.032141273635755106,0.08691953979980972,2.1949451258335038,0.03097894094048232,0.9453569468667925,0.1551889006676901,0.7979114251437527,0.33702297410727816,0.47707057957188015,0.4064631952693679,1.2565640647732512,0.031588972648144295,0.03626702887495428,1.3051003543281576,0.455379089308305,1.3526399577225376,0.621271268798233,1.4049479905490696,0.15538334816611427,1.1021254259998254,0.16701888018964808,0.03389793278018102,0.23519139194418043,0.11917286594653156,0.6207085723982755,0.07768054826023917,0.07220629403901384,0.07217139646119652,0.6047468131589958,0.0,0.0
15.0,294.91624950314963,297.7933628398044,101611.59868833351,5.133318670706746,180,1.3185925973573815,0.6095455981031748,0.09238043281189214,0.029229268684034155,0.326065804310514,0.0,0.0,1.0664121957787407,0.15513787765807724,0.8387055435872863,0.38831133694125125,0.09138515535438808,0.031742349339644885,0.08980492616766102,2.1678834457673966,0.031013089863078925,0.9975294679435213,0.15549661623277827,0.8024195742450132,0.3725907915459649,0.475758080342521,0.45316166879794795,1.350906045910303,0.03184677235708956,0.02893205557658665,1.5552547556945215,0.4315248571171278,1.2855576671169864,0.5857411189974231,1.3944353990163316,0.1555705574404031,1.102863734762289,0.16790360775288954,0.03056584630812309,0.23478608943147028,0.10420168333932285,0.5708381797228314,0.06478347344891619,0.06634100950895357,0.06502297757055257,0.6125048530040614,0.0,0.0
15.0,0.8855356656686242,299.59478818428465,100358.72020320587,7.5475807688352505,180,1.3481978960714045,0.6044676138544974,0.09702185594061065,0.033470252319406875,0.32357859846926984,0.0,0.0,1.0797207164262004,0.15532602097909118,0.8396861760165819,0.3478747254890836,0.08695231556704018,0.03382196880767009,0.09426983152600736,2.0359030912780125,0.03017098520654789,1.021240876735807,0.15556501027483974,0.796895136771981,0.36329473981310406,0.4588527984478227,0.508700440705578,1.2357764939596059,0.034498721631105095,0.03177644093449319,1.5160611245676021,0.4689990520806027,1.2342934594467574,0.6360891736647953,1.404159880478398,0.15541558940738542,1.1079903466061767,0.1687752819736476,0.03136890005569589,0.2376946538546217,0.10771576166778218,0.6248207044113416,0.0700604486274023,0.06454702412360205,0.07231619955229045,0.6546813413756959,0.0,0.0
15.0,251.8849204807036,298.30097006496663,101700.86862642286,8.138071461101557,180,1.396173563873286,0.6101385024431243,0.08887460120439385,0.031353449736500574,0.32702064223216765,0.0,0.0,1.049696196764359,0.15565643107352828,0.842057679420686,0.3434527083893898,0.09184326577610555,0.030566526344055583,0.08955338923673822,2.2274751273985136,0.030528131748372527,1.019542230812862,0.1554933864444697,0.8024813419357432,0.3503013850772563,0.4423991503043214,0.4836915605600679,1.2702886332792664,0.029627698571594228,0.033593238546011865,1.3531297914250928,0.42348366496432605,1.5666334023454904,0.5876876302511136,1.403668089980267,0.15507332073327343,1.1078528426790526,0.17553896729026056,0.03257557677973869,0.24113777164303438,0.10816298126002012,0.6439034963939121,0.06876143669142518,0.06580795966115674,0.06869772129177901,0.5791246312545075,0.0,0.0
15.0,178.4289302632641,286.77781439574085,102036.09716196528,9.805021450028944,180,1.3434481145730666,0.6086882750819615,0.08561583605509826,0.03205576092833071,0.3151597703807547,0.0,0.0,1.0038016763912296,0.15529810993747703,0.834806577279392,0.394113712814114,0.08550227570380212,0.031367652946443676,0.08904763999270177,1.8415636076076136,0.03239297082767767,0.9754490925228317,0.1555362414056747,0.8000159323173359,0.3651792395128208,0.4831056408661239,0.46901358336392146,1.3453611113580943,0.0323253287397244,0.03267853859184141,1.543870649541671,0.4258110136849047,1.2804690637275087,0.6499309633584857,1.4223527112111571,0.15520786529678507,1.1042767901977029,0.17273975384894566,0.031125441074078507,0.2708854491348626,0.10724939274626603,0.6032326001759549,0.06559792297204167,0.06269246858694136,0.06531770488327092,0.6506936863989241,0.0,0.0
15.0,79.20007494524113,300.4495395698404,101014.5833843331,9.727387461126316,180,1.360584347764084,0.607396323998301,0.07658973541464562,0.03205547717809749,0.30728326246153165,0.0,0.0,1.0400116376819615,0.15575558154040625,0.8420104758210254,0.3386571824948951,0.084817430390532,0.03262706442972773,0.0776272083065036,2.010599595689751,0.031218273913394122,0.9614080228327969,0.1554791803716804,0.8000363731440099,0.3583783305522361,0.4612440506806719,0.4569311430634842,1.2977141161315056,0.030441110388326614,0.030732446000305794,1.5493498165638135,0.45076384085677174,1.4510787022817944,0.6700615813116004,1.3181398982487993,0.15544273592399424,1.1024673784705366,0.17357153648807697,0.03264484832277332,0.24366443941947108,0.10233733588419242,0.6473626323157867,0.06612755733136264,0.06559883384021212,0.06483895431295018,0.6536824942697442,0.0,0.0
15.0,166.84884511509463,283.89399276192677,101794.00033090498,8.68153434588205,180,1.4240410215613823,0.6123481002743587,0.09140476906600047,0.031216684165666995,0.32087622376211944,0.0,0.0,1.0942228108050087,0.15551409014288137,0.835062541058579,0.3656138780878909,0.09106804351043833,0.030774309712190105,0.08418070604805204,1.6574924556710504,0.031412173629388154,0.9956473366233778,0.1555127074486895,0.8028118237857084,0.3724390986286561,0.4275172776766131,0.4348985921202431,1.5311716100215416,0.02907525820128496,0.030491398952622813,1.5387968412317945,0.4609209135019427,1.2296577648965104,0.6600753942740984,1.42887859650615,0.15532971281038976,1.1084233923473303,0.1693319494676198,0.03181895344081178,0.24465737213829755,0.11373903096570231,0.6228773601961395,0.07156866511615402,0.06693664029506419,0.06695412110719708,0.6100914256901164,0.0,0.0
15.0,144.6775157147998,285.2592926225114,101100.54461827749,7.109231314841234,180,1.4200983189785332,0.6084118930300595,0.09573773482423098,0.03199116861291385,0.3214014756491396,0.0,0.0,1.131042887793419,0.15571887449382577,0.836389394756388,0.40163745681530644,0.09552500231204133,0.0320233515239984,0.09408112233297192,2.8044474803982458,0.029699151126966368,0.9298835896429599,0.15560425815285223,0.8018288932251249,0.39342916945371603,0.5123295566732218,0.46800233117412404,1.4593220139307976,0.033236448982245766,0.03119019943911882,1.583112858093368,0.46089931018371,1.3635124881862093,0.6100980574154332,1.3629588352133888,0.15556206929326552,1.1044347937559806,0.173062548972038,0.030191594050715045,0.2303607034094469,0.1114719852125816,0.6136708364997229,0.0738836688499723,0.07379116218087453,0.07178446382563783,0.6412853439667465,0.0,0.0
15.0,343.62531029591935,293.7324493521368,101737.4603218919,6.850804761162744,180,1.339135295440261,0.6118132127621844,0.09225490485347371,0.032363233647108476,0.30470476774022187,0.0,0.0,1.0494293945999593,0.15556661187711673,0.8401309495905495,0.4007648586642748,0.09775147774576741,0.03270343442282416,0.08590084882232409,2.4132363624698225,0.030262561745118457,1.0739375569153207,0.1554571685157539,0.8006925352665691,0.3315761645900236,0.44716080213235,0.4784610304437061,1.528316045999437,0.03089819081493712,0.03448773942485084,1.4511778415837808,0.450623605253185,1.4025842619671276,0.6571818062001291,1.3995964983233373,0.15525933632089595,1.103489965244449,0.18679674430747423,0.03092763819748784,0.23377535723202916,0.10566416744406316,0.5894006921095338,0.061612288982474485,0.07053670756127162,0.06721744344427248,0.6070896535739662,0.0,0.0
15.0,54.689662534419256,297.6753870140313,100999.53879834205,8.079149208019773,180,1.3234312770366867,0.6122637795217263,0.09135037411663048,0.03395036741063789,0.3079550392861296,0.0,0.0,1.0849193780068835,0.15548993913483827,0.8340193447871815,0.3760348223499757,0.09825367420712815,0.03058266142356605,0.090323231568939,2.1486755006226432,0.030603458182591803,0.9609585443782012,0.15522627174580333,0.7987220201882017,0.33745762857247547,0.4327379655346492,0.475836791467405,1.4619798238289774,0.030814920780844027,0.030960482021273546,1.4727636981888088,0.4617782141675556,1.3993008439888348,0.6072827438484996,1.3823833362700864,0.15533725825119157,1.108864680926433,0.1759041474865419,0.030893958572550426,0.23057719057919124,0.11007368875305333,0.6154605767499134,0.07067155892055854,0.06581768577334204,0.06365932708912754,0.5960459713353421,0.0,0.0
15.0,226.4981335253148,292.5817628036613,101119.57388112064,5.764663771565216,180,1.3528775770480734,0.6093729575535264,0.09829032450839582,0.02895042458014115,0.31129260077417287,0.0,0.0,0.99823752499203,0.15522472320274086,0.8381629464645345,0.33993668375064623,0.08193566197720263,0.029149026489749,0.0928255763983833,2.29003506733263,0.029146551800530492,0.9149161415534497,0.15523971644202414,0.7983920591942193,0.3684108650994067,0.4794718610396123,0.4567073488581336,1.2861038498501396,0.03198898779936854,0.030140969060452053,1.6352341735463547,0.46160070860823255,1.3695866552387874,0.6058083266575555,1.3685026821974116,0.15575465433039518,1.1036874730058088,0.18614547424491965,0.030581346720296682,0.22893175801070156,0.11834932347298446,0.6072708735412609,0.06878786657501752,0.0649216381357998,0.07270570314027666,0.6339897895311231,0.0,0.0
15.0,89.03222105830427,294.1683431234386,100852.33296175429,5.700773285484798,180,1.3968801872292382,0.6082663259684169,0.09551539644249522,0.03128273600796968,0.32261590353716735,0.0,0.0,1.0856909569723396,0.15594303038124405,0.8415249325359417,0.3754942139249474,0.0898144966675084,0.03411279680536655,0.0902064743187996,2.1759105700798202,0.03150135764206659,0.976811630864519,0.1552107935476637,0.8051756048327013,0.35276530595300465,0.49969783732037376,0.47190539088951544,1.1892214241031112,0.0355884547107857,0.030475140133916043,1.5681585331242986,0.44750307714777493,1.3775823137832603,0.6838831378776229,1.4179659383454508,0.15543561774264505,1.1060277188924956,0.18404296669234496,0.03455812746165536,0.23459980976452816,0.09725105573680382,0.6587025509929436,0.07243648297062986,0.06395793424291069,0.0680928320360675,0.6362918825724919,0.0,0.0
15.0,207.20809951741793,296.3700611159832,101832.22847319856,5.008900334163297,180,1.3011197186670578,0.6104860972980056,0.09720154890080696,0.031080040753863693,0.3027946674342074,0.0,0.0,0.9733840338732622,0.1554829239714662,0.8391949899324379,0.35616140583966116,0.08862941642601584,0.030930671824818973,0.08900656499324713,2.4715560085495647,0.03515735077596482,1.0204231533710086,0.1555063738092103,0.7992559045714073,0.35725826985482506,0.4606154831690257,0.44298972605093073,1.2501150146900004,0.033837634573150754,0.03298505827614417,1.4581751807761958,0.42930166120987817,1.3302171562301568,0.6060159227789882,1.398146732637032,0.15587535475912712,1.105127430227714,0.17654377539775748,0.03374448816847528,0.23404308299259174,0.10819452652287308,0.6452535831281712,0.06542878386870435,0.07931680132828224,0.05882362763134612,0.5791346106438235,0.0,0.0
15.0,56.73643496861851,284.59879871025504,100714.61867110818,9.8331320187402,180,1.2989299108302632,0.613329846460841,0.09914957424128533,0.03220852475752084,0.3183744504002743,0.0,0.0,1.0445412171530482,0.15566983047357322,0.8334984170174641,0.3337409505680518,0.08956332595455578,0.032353945521010986,0.1002653055481829,2.2859426041589463,0.03189295943604576,1.0133613596575253,0.15516219608709567,0.8015363824160883,0.3821396867537701,0.46042448165444694,0.5695668086801978,1.3609284667914519,0.032900772784088254,0.031065516428857635,1.5278749354944865,0.482852700904579,1.369514574584254,0.6617982591369735,1.2642529511791993,0.15566380354764595,1.1049614680692128,0.17527971378174168,0.028230666948150174,0.23941815448736917,0.1067187464966235,0.6039528213365025,0.061614652701115,0.06333678862228152,0.05859714835472819,0.59393558112564,0.0,0.0
15.0,287.7438097190211,284.8223535312881,101652.26656786943,7.4850247657671805,180,1.3179600135707512,0.6107814366817258,0.09646998710270209,0.03007129252392793,0.2889946053616501,0.0,0.0,0.9368750343245642,0.1556164323712809,0.8390737535150284,0.35707865104107167,0.10055325859194,0.0340651948795472,0.09359949322632337,2.4128256288447756,0.02864309308539027,0.9386962706823228,0.1554356591366879,0.7977697840710719,0.3889626514196698,0.47185398226093644,0.4574359670101501,1.4922160292522395,0.033935763939370485,0.0317082723463342,1.5280968167034024,0.4885119153923295,1.4490307604285966,0.6646108348132975,1.38212504065059,0.15569355880934,1.1039890259390337,0.16644486752819243,0.034544470928347976,0.2479456661998817,0.10953222622114722,0.5968295993088305,0.0696360292464859,0.0654490240566725,0.06963683353018836,0.5760096159895082,0.0,0.0
15.0,158.98544880556437,283.54692871229173,100843.2024521165,7.616848517329158,180,1.3053923309868174,0.6108762235785364,0.0881840953429167,0.03173916630219135,0.32509505264825866,0.0,0.0,0.9854560734389595,0.15529291018864605,0.8377691950791417,0.36394987793857236,0.08778859271026843,0.030300719395169522,0.08676378140084674,2.0840371600525542,0.031725154928063035,1.0036510691349863,0.1555819797657273,0.8005355356221983,0.3644432260517512,0.45423882003077365,0.46538017239936863,1.2976008209654375,0.032650476263665296,0.0322210078280978,1.4691568798221426,0.45590997539574807,1.2772785690599748,0.6808627296729437,1.3632582526877417,0.15484227950486298,1.1034515774861684,0.1950404056560245,0.03059853946894879,0.2267014234689369,0.12089625328366763,0.6477187500404061,0.06430174184845668,0.06775740109157741,0.06299380493237354,0.6197301587780606,0.0,0.0
15.0,210.92877094689567,290.2858042203224,102235.42605077881,7.2847366270729585,180,1.296497320508997,0.6106232910187658,0.09086808347681719,0.03168989648735043,0.3038090897106887,0.0,0.0,1.030859191979422,0.15544339403217217,0.8353131121619942,0.37444569400386046,0.08853710086549793,0.029143081260232486,0.09322769092368825,2.1308971944036825,0.03154274525473234,0.9755769463984391,0.15570502205109216,0.798798735381386,0.3708535537181488,0.46322810540639586,0.456955074428746,1.366067476044105,0.03386409481362533,0.03232929764128512,1.4349570369153233,0.4463290408020207,1.251432302483338,0.5735287053914039,1.2844217515110532,0.15568100866626267,1.1046115688401716,0.17024947495716528,0.03339929047439793,0.2542186699031669,0.11594399353005533,0.6282748031211197,0.06637172799610445,0.0714534767374248,0.07411928773155883,0.5860474458416323,0.0,0.0
15.0,96.88048319543489,291.6890985922798,102142.64106212648,9.73157505264805,180,1.4493862420772223,0.6053204715045404,0.09044675308801062,0.03430505160023497,0.3139607136020197,0.0,0.0,0.9586291694312401,0.1556837628294229,0.8413551695311359,0.36335389528779194,0.09128715051660426,0.0334071757289096,0.10028313855457746,1.8540810820858677,0.028716827804923968,0.9270938604492812,0.15575682964115461,0.7975048569415472,0.347730383454648,0.5071119461625101,0.5054910038763893,1.2164874358222653,0.03008154350097912,0.030789879704097297,1.5179821178410797,0.4578821870370536,1.4481965075276468,0.6226154383489758,1.4370300010072525,0.15583674336182315,1.1055626114385988,0.17885103245428274,0.028998414547649794,0.2562181833655737,0.11283061427081571,0.6037010722234354,0.06876724371887288,0.06604657520947017,0.06404731334857797,0.5948409669082584,0.0,0.0
15.0,235.06713459697252,283.0862568600065,100402.61430124292,9.483139614479315,180,1.3042309265251792,0.606043206815095,0.0920986511365007,0.02921904625342101,0.30048146978344775,0.0,0.0,1.1102095926154187,0.15511199342623389,0.8363171493621913,0.38238461150988096,0.08924356301906176,0.03350362520248802,0.08837678748508743,1.7428543030675476,0.031091270436897418,0.9771832117459316,0.15519027343838715,0.7994590970490774,0.3339923449853465,0.4635667626648322,0.4314765871612289,1.621914206407149,0.033191842865126504,0.03172280656030618,1.4651460354714305,0.4888170888661339,1.3220946270916223,0.6976231836649482,1.3994881273990116,0.15600275235722894,1.0999775107532257,0.17294508991917146,0.029413641463910453,0.23359891387579762,0.09848209141586622,0.5937349089385221,0.0710044616075195,0.0730940017188469,0.07619218137722225,0.6213349141829659,0.0,0.0
15.0,330.00971644059257,298.96866608272273,101159.37571711034,8.37061889120763,180,1.4580073367289823,0.6047515919413659,0.09527395266787302,0.031026585125081056,0.2874229234564724,0.0,0.0,1.0907159355850125,0.15596100128183096,0.838386553867337,0.35452647433747975,0.0877935276894863,0.033336983619438904,0.09007169521459882,2.342441688411592,0.03208823867323912,0.9689957288127482,0.1555054894694323,0.8026964286749743,0.3650015422726341,0.47048910981408515,0.45595783561100023,1.0233034319167895,0.028886315287308912,0.03197777794714968,1.3709381905671372,0.4750055241426805,1.371225349418775,0.6585076026816914,1.3294326970468344,0.15558052885653892,1.1062295566330487,0.17643285622100224,0.031193512698267273,0.252804210087888,0.10506872970811924,0.6438647510138119,0.06612076557539374,0.06170574669350123,0.07466806195075863,0.58963625933433,0.0,0.0
15.0,352.54804891037503,284.83174259603624,100905.8259067942,6.144223153380186,180,1.4310214527467775,0.6064490176106466,0.09547328757749088,0.029830002401829918,0.3052607754773659,0.0,0.0,1.1040454167567517,0.15546774780789666,0.8355410613579962,0.3734798720551265,0.09306531779430825,0.029734353886317334,0.0885316045806015,2.7130031510050303,0.030632838271670276,0.9778997343595773,0.1552181312099978,0.805383800872343,0.36832159446452883,0.43677172503331974,0.4866983664553174,1.470385537504268,0.03528134107268626,0.03229582625021818,1.553916408007577,0.4507804456857465,1.2914501507540832,0.602212570173133,1.2617421717185864,0.15581160454561666,1.1058929689900339,0.16641100308797732,0.031825096333998625,0.22846498042318075,0.11191729173127636,0.5872143289372128,0.06476524985762686,0.0712243130612449,0.07418507985805178,0.6401343410060532,0.0,0.0
15.0,134.57734846205403,291.8484991331266,101078.82775911163,7.665288905178792,180,1.239916848189388,0.6119265237522956,0.08392322905796595,0.033204353396766695,0.334433231948977,0.0,0.0,1.0566986562491512,0.15543185937356852,0.8344561900488829,0.3583907508084131,0.09122660023981082,0.03413712864931177,0.09126808805464276,2.2485486996449846,0.030338797410343985,1.0517626643604012,0.1555645060877635,0.7992393995758983,0.3738241634570268,0.4372622524863285,0.44137150461590957,1.3212233646612634,0.02910669831455024,0.031835845276392695,1.4916179104135416,0.4794773472979356,1.256004632949261,0.6187666356911679,1.3917806952772958,0.1555108473334956,1.1056414840032958,0.1885056859933549,0.03047692475372157,0.24094580461432674,0.11283731976080656,0.635025821262087,0.06508134952127631,0.07287897291804901,0.06183351555500004,0.656357331247446,0.0,0.0
15.0,300.0955040043657,301.40018182040666,101947.5704783261,5.469884682366473,180,1.3283530020198604,0.613071577900614,0.08737399428539831,0.031916441255064786,0.332236588910318,0.0,0.0,0.9249580290125976,0.155832700922197,0.8410623099296567,0.3711597357589853,0.09480125099092357,0.029554671428598096,0.0867447835417715,2.656240242963641,0.03310213590733478,0.9198006796500551,0.15536501346816106,0.8001806222610368,0.36345803570575613,0.48098753357858376,0.4893383448364297,1.3815452034327307,0.033088831939030075,0.03348786414787511,1.5851566491365183,0.4434910689053621,1.4228195459633206,0.640641830346924,1.327473145718777,0.15456380701739308,1.1056480693809205,0.17653575326522378,0.032536594646494464,0.24668854912442845,0.10756837797138075,0.6312366126154696,0.07168758067454947,0.07075177112922197,0.0689180734197731,0.5951088523956912,0.0,0.0
15.0,16.22916098838163,292.2894404592634,101400.98710426642,6.183079715231293,180,1.3416028056095373,0.607894783643669,0.08882431615311681,0.03189182681444652,0.3132003439833265,0.0,0.0,1.124590375354735,0.1554601722914006,0.8391425438408479,0.3789468228214772,0.09659061769052549,0.030298087701195,0.09778896882582337,2.425045273061855,0.028020138699750168,0.9906966361934082,0.1553953850872792,0.7988896636605328,0.3624804524691149,0.4915731987419955,0.46858789321814603,1.338803293274408,0.028896980041128353,0.03290678565958509,1.638991085060917,0.4611583930188326,1.162984738750418,0.6473273972135587,1.234657163905484,0.15493848583170536,1.1011861671969918,0.1988598335255257,0.030311324288409682,0.21643745851256604,0.10854579791807044,0.6351316886959003,0.068520488356927,0.06568496990600745,0.06616581581987295,0.6203679689736213,0.0,0.0
15.0,273.7833495366256,289.6359901024153,101322.3878330037,7.2111672430597835,180,1.3786375953810845,0.614130010113151,0.09196499519168014,0.02831312114670845,0.302569005700617,0.0,0.0,1.0845954156609785,0.15552609831728612,0.8362849394254862,0.3641978852764567,0.09723243436538667,0.031322327115469124,0.09173153425438065,2.1199897481004433,0.03261670663902736,0.8904738490726873,0.1553053189541674,0.8024780559765414,0.3850220681009223,0.4941911186398763,0.46346773623568793,1.2977428975334098,0.035485746721300705,0.03396906753323472,1.544494114109891,0.40864621866261797,1.433911096910587,0.6751477410693645,1.2763855896746832,0.15581705546625155,1.1053202537958517,0.19048060242738638,0.03338411345389112,0.25631627622090636,0.11328655907525864,0.6795839401807534,0.06194668815186767,0.06407258078259621,0.0590320839363722,0.6768134832132472,0.0,0.0
15.0,108.11204989100348,301.0065162252638,100986.42808874325,6.160138327900767,180,1.21732454740907,0.6073956540935606,0.09491147746032735,0.03102656142128413,0.3194041432757683,0.0,0.0,0.9788300045529601,0.15504390750899674,0.839416479516481,0.36194212508422213,0.09053493685846124,0.029442986341962286,0.08709100949415578,1.9318261532806524,0.03279104254727232,1.012556442898842,0.15542342688436972,0.8005270769530886,0.3784717077309689,0.47202097514429375,0.4744037131972599,1.3261746804527106,0.03083614726614355,0.034485974659124834,1.5208236047771617,0.4535178234102017,1.423109460497905,0.5788595189938419,1.3863857098709562,0.15542675042417967,1.1048465069175581,0.17367524928199032,0.03172068688475608,0.23669900269098057,0.10000126980378317,0.6251437026180295,0.06758506167388303,0.061855231548546,0.06888532648291015,0.5564348645386178,0.0,0.0
15.0,46.693298560551824,285.1158458534872,101235.53324311794,9.285205281745155,180,1.3765519571164841,0.6098553960981341,0.08776984765442111,0.031481792966645675,0.31110238684940655,0.0,0.0,1.0734837215387723,0.15515575518958197,0.8375412035039267,0.3524419476111639,0.08595583431564921,0.032244812866765706,0.0917033429947896,2.6638696602772365,0.027623234991981552,1.0003637840798794,0.15529279223058023,0.8035173219681074,0.38041329304308297,0.5108497546761435,0.4512592108369932,1.4167490993301515,0.03169194836661144,0.031175691203352944,1.550818363327482,0.43604058456260997,1.4848660883560485,0.6118919630055074,1.41677898784885,0.15540459823799763,1.106227885905624,0.16564754845252466,0.03344445804404132,0.22431557213512857,0.11335205838725187,0.6102098319513524,0.07509069865904873,0.06434934860394496,0.06620145192946644,0.5960478403655698,0.0,0.0
15.0,206.3194720607012,295.3774474737261,101941.55092984601,8.441586537414906,180,1.3617964217649745,0.6084554192251093,0.08114416127662089,0.03193307293413113,0.31834712103013507,0.0,0.0,1.064319309148285,0.15540957752185278,0.8376208965577042,0.348099513584311,0.07818946721165894,0.03137914369218547,0.08880073672359516,2.1573752203854553,0.030693157389760955,0.9186571196818929,0.154845753216356,0.8045448856662433,0.3720681752184271,0.45719510425594134,0.48105801783217755,1.2446594581428245,0.03161772816883473,0.03281307136579429,1.6153521572179046,0.47268815097062256,1.3190868541530383,0.6635413157777053,1.3640579011307472,0.15575921475743731,1.1065360365001478,0.1806415312149928,0.032310112544441466,0.25179510549472006,0.11092903877931905,0.6022911004223265,0.07017205392693433,0.06372485982507699,0.07090583330135884,0.6440874909145397,0.0,0.0
15.0,32.19322385982083,289.77592636345975,101040.84264026435,5.805871348940456,180,1.4434106931564865,0.6073944340002201,0.08955409991009756,0.03289493423688373,0.31601720775970926,0.0,0.0,1.0734516016707434,0.15533729724554454,0.8365201613292323,0.38274377845127,0.08874977147496055,0.029907453593297714,0.08740851976235858,1.8052733444472564,0.029812715266207043,0.9921696455402524,0.15563075983557612,0.8017771401525237,0.34386459195177504,0.48041228230702604,0.4950481465076413,1.5829866127513197,0.03139648379859832,0.03271178313557592,1.4398278517612242,0.43275739590042955,1.3822612634641522,0.5654925876404108,1.302385930870975,0.15548494338318594,1.1020654215211345,0.16651994280261997,0.030640515627110246,0.21096240152839216,0.11483628476466956,0.639322600020986,0.06639453055174196,0.0692622344378257,0.0716281307130961,0.6379588296526212,0.0,0.0
15.0,176.72367463430504,294.93777422738816,100597.51065801317,5.632769965083033,180,1.349337689867816,0.6109937914708368,0.0895167167692975,0.03129886258336861,0.32686930928621266,0.0,0.0,1.0698339372676204,0.15548320499325058,0.8390194123458333,0.3546195485302663,0.0959852475670225,0.03153529410668417,0.07915998115779584,2.7836857900616887,0.0339357793290286,1.0302591382365207,0.15515040063879884,0.8035563831722327,0.34455144169757895,0.4844754152137687,0.49588437745312314,1.270146619279999,0.030337589268798256,0.030638339477684764,1.4577751395789023,0.4119377428167954,1.4031114002115004,0.6430532104346248,1.3119022667823341,0.1559939099425252,1.1025800920430209,0.17042065559858174,0.031659934823614164,0.22860077744847662,0.11483955994412903,0.6571260195722727,0.06399785885877197,0.06303102098828617,0.05854889194149253,0.6482297022114307,0.0,0.0
15.0,22.448217239350647,298.2526046083097,100934.00057294322,5.478531802041892,180,1.2834208041406627,0.6120135067808802,0.08026932071759235,0.0315769448418833,0.30793878042756956,0.0,0.0,1.1342118315586263,0.15531473064095216,0.8394010386126362,0.34594674676756937,0.09109240696204629,0.03262025496815339,0.08938999651148866,2.1797232292485917,0.031525308831877215,1.0596226602477417,0.15541496486543727,0.8003161894101855,0.3930375999140571,0.4900333451511945,0.4471539831652541,1.607226716278646,0.03123238043798036,0.031016460602710075,1.3999132403256545,0.47234112540797973,1.341472435336082,0.6563383218901911,1.3298364475032123,0.15557459939475232,1.107092562745436,0.17622772279962826,0.032023689249249414,0.25721428486267495,0.11071939216750139,0.5935308815277093,0.06301857184838476,0.0672232332789973,0.07048488392465124,0.6466813064833169,0.0,0.0
15.0,163.2891087762006,285.5441408432402,101361.6183437628,7.679952301668479,180,1.3211814902911438,0.6081138164220132,0.08871658428401946,0.031919013027678876,0.30113199670405794,0.0,0.0,0.9811841970215048,0.15521225849420597,0.8363623523044824,0.41377371799417983,0.09405505841446009,0.030387396484222205,0.08834296525565502,2.5354149465309503,0.03267522963160095,0.9702336437527939,0.15570231613816315,0.8032035523230139,0.35193624932560025,0.46493233516640464,0.4589516370351046,1.2568396692242854,0.029990381572363563,0.030833945086996526,1.5358624624004908,0.47398993840406434,1.334812194677568,0.6307348241738376,1.343149563404867,0.155527364475093,1.1050910987075164,0.16650800610791489,0.03342855421863547,0.25135567637295597,0.11695684844829314,0.6061959032548073,0.06967630575739694,0.07209955067555211,0.06911272141473823,0.6046602681826432,0.0,0.0
15.0,47.01239055354398,299.66949041622865,102034.41960997561,7.324978817157071,180,1.3991394170811624,0.6124763883607891,0.0900710552543657,0.031176640314136642,0.2915610209479928,0.0,0.0,1.047034986540359,0.15504361917868448,0.8448751540966954,0.3409620504575804,0.09362776762146202,0.03220694014195007,0.08956679096491656,2.503128440307471,0.032046781777751214,0.9772779368745372,0.15545359225538713,0.8036922271395844,0.3765874486727879,0.45278795419037104,0.45913926383428333,1.440586896275949,0.03284583847856716,0.02858002234580775,1.4717746038401214,0.4278248445919413,1.442839253162194,0.6527546719914669,1.3682561256160843,0.1549691073376941,1.1049601676817782,0.1646559057469978,0.03320862626744856,0.24308419829122424,0.11250990664975312,0.5847236883865742,0.06655592147791264,0.06004317688880647,0.0706498126666849,0.6682460701721533,0.0,0.0
15.0,275.83046926595836,298.42879098507797,101700.74722346643,7.1896210810783625,180,1.4302939279156806,0.6102762993595741,0.08836612139595802,0.031476719291754586,0.30150290638547095,0.0,0.0,0.9735319190942344,0.15515152035903199,0.8380663906006071,0.3824631863376281,0.09526964230194265,0.03416641324880117,0.08693925661459793,2.6006381973575405,0.029928216450067484,0.9290519464110321,0.15498566463763716,0.7986058579291277,0.33340560543793724,0.4226487988180249,0.5268827040507053,1.2331333501077661,0.02960096271104235,0.03445349154129225,1.4600234866999484,0.45135808062873417,1.3273062718322766,0.6333934538471792,1.4082980862348695,0.15537814149589543,1.1044006713863974,0.16767830655164914,0.0333645517709538,0.24643532712327057,0.11620198001119736,0.6806536322057635,0.07415016283280358,0.06326127704006484,0.06719975310703467,0.6699700954091008,0.0,0.0
15.0,317.68659216593676,294.76483947342666,101374.10521720246,9.344905167400066,180,1.3471111126776167,0.6083493597359323,0.09068676011128375,0.03151707451226523,0.3039737093557213,0.0,0.0,0.9620666106766625,0.15554127242659108,0.8401810242881089,0.34374823028805995,0.08567282057258865,0.03161957775915978,0.08407129590397029,2.2215591910499715,0.02794842017144604,1.0448145030042564,0.1555496095410736,0.8026623679789963,0.3713651640928863,0.46612581801478553,0.5009213434582256,1.2049494317043783,0.030126207323293103,0.03457530438529424,1.673669424090925,0.45333595362550505,1.2751728030506104,0.6155735912869328,1.223617255411126,0.1553493542555114,1.1046431706200934,0.17590047622401608,0.031206785773208023,0.2530046902400259,0.11826652406906524,0.6190451216193573,0.07463267550873673,0.06936546968562508,0.06745383474950799,0.6082889673052915,0.0,0.0
15.0,80.14766138447467,283.32318793665587,100379.06516067352,8.899977986996936,180,1.4186216023387868,0.6070254729662736,0.08572620825514601,0.03249558168839075,0.29242466411200563,0.0,0.0,0.9233160112236724,0.15561141347392943,0.8366012198700425,0.3497799003890479,0.08757098419832346,0.032348481880319226,0.08458946362414978,2.4439537432030534,0.03133188606202133,0.8971471143032858,0.15520263393435246,0.8034842881111433,0.4004924832994811,0.462081231544575,0.459262973618794,1.297947792337732,0.033317262953329006,0.032305831163724374,1.6196503853862283,0.4506843897410659,1.3099086753671227,0.6524501401468987,1.4069733746007587,0.15572511795338617,1.1042025026622138,0.163010245517949,0.02860732223888288,0.2247352006341469,0.11928343443980795,0.6519124356628772,0.05882437716221136,0.06401789934794441,0.06548232370658794,0.6315950094293875,0.0,0.0
15.0,49.64359278131575,287.4597271533731,101284.02507162193,5.993862399615602,180,1.3976949707323811,0.6056720597074301,0.09470571980346473,0.03139184167407838,0.3014929842804919,0.0,0.0,1.099848780840944,0.15541686635336957,0.8352318895500201,0.34639895613960314,0.08933628704849339,0.03290422485226246,0.08527248943215672,2.3492789723814056,0.02728614560961858,0.9342486917831271,0.15577407519322697,0.7981640573324649,0.371074339104231,0.4611548873985114,0.5065358991756684,1.3222785514842368,0.03235954832482985,0.030155839186851614,1.5205049824543766,0.47658542654652936,1.429234031511458,0.6045975923612995,1.4278788952030768,0.15597721363344863,1.1050965152402643,0.18223719704713726,0.03062474383769326,0.23288195258166322,0.11186425925710658,0.598824676346752,0.07406273684452513,0.06891259717400587,0.06734664590613261,0.6515490126621252,0.0,0.0
15.0,110.24591867752694,290.00458630933736,100688.23902079622,6.644520285540798,180,1.4203563904426528,0.6124044147133908,0.09070571298031702,0.0310179515948803,0.32398515271008027,0.0,0.0,0.9333256376240857,0.1555862258380012,0.8356076158333569,0.3595881837120806,0.0894481741605553,0.03159468317797978,0.09016340285837475,2.087395943995817,0.03060439542751376,1.0520250603854384,0.15539093236324614,0.801256732212968,0.38705306056715433,0.48172518904909967,0.47764183337368127,1.2600468290078983,0.03223207877030664,0.030093710646081576,1.452824021990061,0.4602884215007633,1.311375223863753,0.6093109566469853,1.446396011880078,0.15517832358210734,1.1027925592655679,0.1782492759179914,0.033861438403083255,0.24028855405662475,0.10588904998818773,0.6073846605861952,0.07092136720756347,0.07203365169211699,0.07105592158031918,0.6033921649352965,0.0,0.0
15.0,61.12376917414333,287.74113465641625,101229.10758700396,9.623745435430052,180,1.488634452842299,0.6087544102013416,0.08449129859316021,0.03130564006203247,0.3252000096928316,0.0,0.0,1.035584619039658,0.15516363722506585,0.8371992594601495,0.3539657350883303,0.09358106368564656,0.03423885297324457,0.09250200837020456,2.4793172947380384,0.03217315107886234,0.9866635654880567,0.15579545851768511,0.7960710488041437,0.3853142767536512,0.5041711897765491,0.5024787506112198,1.381887983010217,0.031652846191055246,0.030949140920515428,1.402468941860991,0.48338938247328805,1.5061740113086441,0.6482264807708156,1.4330777295862318,0.15598869123023,1.1054260213319547,0.1642505067965486,0.03142159611919003,0.22513655004256308,0.11278133485017268,0.641272558719722,0.06787776612938025,0.06665679508944206,0.06483629223572795,0.6325598369001276,0.0,0.0
15.0,247.72696273030854,286.50126694770904,100243.84104175992,5.31802601982953,180,1.321672051936298,0.6166429931646644,0.08186102440400463,0.0310168646168463,0.29550121378487393,0.0,0.0,1.1045576212298416,0.15554704869983485,0.8413757391413288,0.33562133308648173,0.08257517855384153,0.03199937103207117,0.08831047584978814,2.250939264992154,0.03180906576021591,1.0477565063839678,0.1554766776641448,0.8011045083647533,0.3938844447938214,0.4833565820147225,0.4379650273863649,1.495536796600339,0.03301290836176604,0.029801052260124715,1.6086657631828534,0.4747580466410551,1.3600496940297029,0.613293984966155,1.427039174728334,0.15578804047205086,1.1011956147990285,0.17735943101243448,0.031075511477095,0.2298559977506977,0.11010509216907009,0.6235608574701276,0.07236668696659834,0.06993144559618467,0.06828381371882433,0.6374001539054064,0.0,0.0
15.0,238.27209249476414,301.3276152884166,101394.72810673063,9.761471227130102,180,1.244734291198221,0.6071596149477759,0.10030858738251183,0.03043070522496838,0.2969528607827974,0.0,0.0,1.0939358144300566,0.15539947065406207,0.8373045602329978,0.40031941157043976,0.07975219751221894,0.030594686234324472,0.08519761603839732,2.391583483499565,0.030167186699041268,0.96007965297593,0.15539014133413825,0.8031305977011186,0.395952697812258,0.5015636434022136,0.4886772876256786,1.3855065542294813,0.029811272587658057,0.033526630510707874,1.4024131607305084,0.44871455755360656,1.2679839000330166,0.6334118539676818,1.2818851452850917,0.15555974548545845,1.105721571878177,0.18152120192885252,0.035298378946614736,0.226774011605347,0.10283739596766271,0.6177429673710265,0.0620206605762928,0.06992691564899221,0.06583197004113367,0.5960183118875156,0.0,0.0
15.0,106.91648039764841,288.7121501323213,101357.69818557425,6.108346240054039,180,1.36761649155936,0.6144065699597702,0.09114291741141159,0.03260200256586348,0.28007298117453744,0.0,0.0,1.0392212326863908,0.15545561716390863,0.8400901294151942,0.3742994139633934,0.08875252120773154,0.034588569400904,0.08519992814033367,2.1072574732058476,0.02961442729124189,1.0584383448436112,0.15555854959818002,0.8018432654471543,0.34827816665141414,0.47475717449319527,0.4750931675957559,1.3777348294304232,0.032312730201015674,0.030976773555133605,1.6429474519325298,0.4603989565014791,1.330143475575394,0.6150904517750697,1.2721682792366529,0.1558071594972837,1.1039479354019996,0.171405155696157,0.03362655066300843,0.25102747689295973,0.11199238736386756,0.6018524156854275,0.06944790956741984,0.07348906242809138,0.06277507449753186,0.6661422684550138,0.0,0.0
15.0,113.31311937399227,286.22987574430954,101917.1394131776,6.379116810743507,180,1.4252174878490331,0.6107305349946879,0.09185620500803936,0.032811359558235643,0.33249673471133945,0.0,0.0,1.0647209983194756,0.15550194615342583,0.8354476812469284,0.34549675941834085,0.08594378341924765,0.030834963261543936,0.09433203119539846,2.551031771923979,0.032685966426627064,0.9667909036655876,0.15527506599653904,0.8043015705606793,0.35443500911441367,0.43399608308697296,0.4898130249337536,1.3088333016671732,0.029268790017716376,0.030537460199105276,1.727516252349553,0.4701927039187261,1.3206234236286307,0.6210087238126476,1.2486311396938476,0.1548447823628212,1.107011109433676,0.18692277164625598,0.03547128184446839,0.2113321973011463,0.10476398580507656,0.6370408115048468,0.06546626778614496,0.07390612614721237,0.06457599065799015,0.6208317145834379,0.0,0.0
15.0,257.2378181878981,297.66532960779006,101168.65642234305,6.239265157268828,180,1.299082385266679,0.6096597237310547,0.08621064378097522,0.034043958933271425,0.3258251582395437,0.0,0.0,1.0445318644697785,0.15557740337289017,0.8401782671764831,0.35344974903891024,0.08301970224906233,0.03066945910637751,0.09646648616617194,2.285470788935915,0.02907216867823584,0.9751153081682707,0.15541766961557324,0.793273696315385,0.39055161824304946,0.4637659874454175,0.4654569236241576,1.4052407003834564,0.03292648970704273,0.033121830656534235,1.6391114166986827,0.4074582860341848,1.3901188875810055,0.6612959230990911,1.2108225119966587,0.15553910550482533,1.1076099150005203,0.16641244678823394,0.03180230294956003,0.23662049604457744,0.10710938054036245,0.6532066592120396,0.07109094170108224,0.060075612612811344,0.07317219532911956,0.6173789571118846,0.0,0.0
15.0,109.70146092085173,293.6768285434574,101115.17385280301,8.259255125412043,180,1.533096974691233,0.6101133987995834,0.09377254571453283,0.030550722395149783,0.3208416152215978,0.0,0.0,1.0381498485134921,0.155566048008787,0.8430818989416464,0.37734516532480794,0.08648936461035085,0.02961685074172824,0.08868685155763793,2.221752132689927,0.030903225529558688,0.9939741221630788,0.1556727864969148,0.7970122614763395,0.3466109687647163,0.4624445296481601,0.4557667226428554,1.3995433107978612,0.032984449031069174,0.032940077482006946,1.642131827988197,0.4527304601216191,1.349778329564191,0.6664609612017871,1.3672750464143084,0.15578030351783315,1.1036051182169073,0.16674632345676066,0.032241973449587645,0.25812999747203574,0.10820992816486505,0.5879527616361586,0.06967499821394922,0.06817371575504286,0.07163388125443722,0.6729652589862581,0.0,0.0
15.0,66.48567981923134,298.55148335998643,101045.6009231909,9.670797241608451,180,1.39799310524416,0.6144881145250689,0.08892241269142366,0.0318642533867076,0.3157977012843273,0.0,0.0,1.0087664850680198,0.15516737015884988,0.8372878819430342,0.3788515112560289,0.09274197948120153,0.03326020981834025,0.09175406069125631,1.829841780472327,0.029038742414382156,1.0867168111531098,0.15543508908734963,0.8007344799340997,0.3745844500365623,0.503602343724182,0.4717326249383976,1.3911803408526051,0.033204584378975145,0.0323673810054027,1.619155021700857,0.459474159072907,1.378718473372602,0.6220261473310449,1.340684383373261,0.15575840444198183,1.1027969080005526,0.17085346415968353,0.030944341767544535,0.2454372452061026,0.11224795864092404,0.6290754888827903,0.06880478826851229,0.06578884691074405,0.06846692427864605,0.6280682599223458,0.0,0.0
15.0,243.61114774230745,289.1759474954364,102068.8722793908,7.523591343687987,180,1.1923210334689043,0.6092283985342767,0.08947685020860892,0.03505101151074444,0.29672584501944693,0.0,0.0,1.0268852527811505,0.1553427958507161,0.8409152757753595,0.3700393954321936,0.08784310891700922,0.03316736631337012,0.09172846009370396,2.2207864386413583,0.030404216057639835,0.9873962701714897,0.15533362586277785,0.7982312612152599,0.3615948890926236,0.44588606571752953,0.4859299602892713,1.4648171624109219,0.029956750652591752,0.030341137644128,1.5789231263237664,0.4670382628304684,1.2363733942569193,0.6394582297409167,1.3822753267210997,0.15569180257416265,1.1077665914049581,0.16943392355513665,0.03040580060165229,0.2664743061537946,0.10071739732997276,0.6641745491831536,0.06185787219234547,0.0657490031965,0.07157499029112846,0.5757149308847352,0.0,0.0
15.0,148.05879048281517,301.4576447006836,100955.17788774004,6.365020480986411,180,1.431471758264433,0.6131015625584726,0.09103228713718438,0.030894319852964605,0.2915339834764007,0.0,0.0,1.0836124032526406,0.15572413340423535,0.8338858324490765,0.3211330496262811,0.09878941015877757,0.028640286414676745,0.0855892383769611,2.3902239633642273,0.031298921451454305,1.036698688549626,0.15585829391872907,0.8014564284125639,0.3860524994033127,0.46189023385902145,0.49375707184840656,1.2053175901939666,0.03317391064930069,0.031199204711859788,1.5481173607939835,0.41593418851114894,1.2942622826458305,0.671812010388867,1.3725373824218734,0.15496200216069084,1.106179456965164,0.18579238337272233,0.03301519143169027,0.2332417039733109,0.10831193942038386,0.5917521225262696,0.06276110816360414,0.06576211097154154,0.06893992177103167,0.6470777286193424,0.0,0.0
15.0,355.14188162623645,287.0980563906103,101223.58910045247,5.78184914073846,180,1.4678849716840123,0.6104937806446789,0.08381016825850379,0.029690473439421397,0.308253309691242,0.0,0.0,1.0606996240811024,0.15517795390281547,0.8379194104818033,0.3501098801001133,0.0854350204996585,0.032346680709197606,0.09480227813933749,2.0061017826560903,0.0329578120645704,0.9313017455712532,0.15567355846259143,0.8038513632020191,0.36651452351551767,0.4894776726971062,0.4845583901836541,1.3037830697903539,0.03227719221137671,0.030702685574447202,1.3906532260293447,0.43897783747789687,1.4564626017920126,0.5772712312526838,1.2858930570075364,0.15567894876551758,1.0997392458547006,0.16342838930374495,0.03082103420860101,0.23380090201300302,0.11601887179921325,0.5565573636706149,0.07124740189157437,0.07271028093024677,0.061953640087227736,0.6500140043524176,0.0,0.0
15.0,7.293774281215879,297.6796976719229,100920.86865395009,7.686192054893206,180,1.4328944876474021,0.6053508587488196,0.09238155364056223,0.031293191518839435,0.29985279342822596,0.0,0.0,0.9406467360352312,0.1555291334174775,0.8374681634147646,0.3466236760427522,0.08817305759213272,0.03253324381634193,0.0946491545769611,2.661492253875578,0.03325082642812102,1.001517314741351,0.1551715271983356,0.8026626939959108,0.35886916207903113,0.4616426734356872,0.4622860366461179,1.3997646951490195,0.029397899308273637,0.03305888122253722,1.4566171984862524,0.4634894713557598,1.487729728612244,0.5941919863312356,1.3919330297018189,0.15550004213317437,1.1035514501624395,0.1797228115986326,0.031577304310333565,0.2286321350481925,0.10801821513570847,0.6492181788584865,0.0652509163759027,0.06457224327750194,0.07250532611438668,0.6072536966879919,0.0,0.0
15.0,231.32430158292522,301.07461955247226,101175.40533290242,6.61756242270699,180,1.3625911051506763,0.6124554231059437,0.09235185636814376,0.02932666087747571,0.3103883995229433,0.0,0.0,1.0392818707333313,0.15511224686004074,0.8392312064453786,0.38607798221636475,0.08882483264061072,0.029570384688017357,0.09074447434026624,1.9425349034711743,0.031376345923689736,0.9885414152106979,0.15514867067826366,0.8005301124721346,0.3487019126175935,0.481476033597489,0.48083311726462247,1.4262097834786487,0.03371669676613296,0.03036475409053381,1.6075365897074259,0.46020342116186763,1.3696906000092284,0.6278751927254302,1.38588578465937,0.15560959970364602,1.1042945983397452,0.15739298683270098,0.031841873137992374,0.2396035424792848,0.10972658846807977,0.6625318433982148,0.0651921264297056,0.068194202304966,0.06953559056809852,0.6535973143917664,0.0,0.0
15.0,252.60428449868692,297.41628685740363,101053.56764823488,8.380035589869868,180,1.2961295916342186,0.6081862852023737,0.08912159865389364,0.029109969221821762,0.3075663521028493,0.0,0.0,1.0386625320220455,0.15558862720421837,0.839110941846996,0.36053265776481785,0.08654574066465276,0.03227029873271726,0.08535354912008077,2.1325107943839083,0.031493153811257335,0.9634918607437287,0.15574940966505735,0.7964998416282855,0.367493766347113,0.4593783037243898,0.4719571633138604,1.413725316163938,0.035044311493322766,0.03328546540243173,1.6238248178731347,0.46659092709719585,1.2707943444102423,0.6616885547037776,1.4187307932551263,0.15537453974661491,1.1113074391970725,0.18673246019988426,0.03102906102497855,0.23376956138877938,0.1013860874514845,0.634062604569285,0.06501640041087962,0.06538412150721842,0.06595323826895405,0.6848305973764245,0.0,0.0
15.0,120.59232461881652,288.7224083292731,101302.81723548537,5.071618400994763,180,1.4833610954579466,0.6068992116143584,0.08592713676034433,0.036068677799773394,0.32170572407016873,0.0,0.0,1.0546358854105615,0.1554915934954787,0.8428068942611269,0.3641539588871216,0.09201545845287883,0.031944041296887174,0.08459798588581223,2.5096166523072756,0.03147694461101802,1.0775153715983807,0.1554687736067482,0.8015178219991623,0.3736460902040088,0.47057931443693624,0.46053022131972093,1.5462062806919903,0.030950661085771984,0.03200837331876939,1.6107293506656,0.4293522240774761,1.3439653645843885,0.624777585464576,1.4381807539886855,0.15577524383991243,1.1059722115756025,0.16948147564127064,0.03237521128885279,0.22906417302283413,0.12207775416660914,0.5364200087959269,0.06929904380215507,0.07033406464448748,0.06612911684192839,0.6056436363304556,0.0,0.0
15.0,210.88970476848624,286.7301979153195,101178.72209250234,6.721569046946509,180,1.26181266474683,0.6106421061940606,0.09450571329283654,0.030631704220222537,0.31590064983438976,0.0,0.0,1.0946414778695157,0.155576580676188,0.8329358952084914,0.3594871878566788,0.08481770982550497,0.032194177302562466,0.09268672112889,2.2367550898793818,0.033154738141985225,0.8069314860285023,0.1554515847391109,0.7994173527602636,0.341797206855346,0.4852804789395216,0.4397077247372268,1.5144395401538644,0.030229937786090053,0.031519476790004185,1.5484517502182222,0.42176184131969385,1.2714077672036943,0.6492358495135501,1.2814921353606954,0.15554517325752468,1.105566687931826,0.18353892280683082,0.03426137761732991,0.235345810551194,0.11478152899889738,0.6906830312570615,0.06752310321532247,0.06608414974031342,0.06525640653034476,0.5993193620129651,0.0,0.0
15.0,78.7932174167853,298.9830547456034,101360.25037480456,6.110695592696601,180,1.3691954917012168,0.6120455171252348,0.09001061042595548,0.03233087724502371,0.29881095400974217,0.0,0.0,1.0425885637238517,0.1554651832940831,0.8397835028220635,0.3394950973477476,0.09836270385899314,0.03312553654530899,0.08829996201963652,2.5757964264529907,0.032274353800768006,1.0496189124676518,0.15558718174154024,0.7969174866377906,0.35596308273048805,0.5090131108908539,0.45727714232341476,1.2921083922539447,0.03181084532301815,0.031092797108514564,1.568183940134259,0.45886605356037435,1.3338615894464418,0.6411263178043964,1.4765455525780429,0.1551472888785949,1.1036812214715495,0.17452583657378457,0.03441509593182587,0.22354859663828064,0.09674503570624995,0.5999076430616674,0.06878617503005333,0.06634924565610344,0.06443959699200358,0.6187999671232683,0.0,0.0
15.0,233.1400534237829,283.3958335977415,101735.39149401867,8.403346579763525,180,1.3683334493498893,0.6094223804905962,0.08874045563272157,0.029157649933365896,0.32570034822240396,0.0,0.0,1.0696105491152348,0.15582960523341247,0.839566713780615,0.3727619635622443,0.08972595159888222,0.031874224053082684,0.09523393337995564,2.09895060845466,0.03219348923658651,1.0582389997782122,0.155818859842392,0.800465602711836,0.37218985078000044,0.44874460223789847,0.4890742678158484,1.2988228138941806,0.03025353374740977,0.03330267940068816,1.498542497154208,0.4853556595925943,1.3250675991297058,0.6039536911298012,1.453816969337787,0.15582129745629258,1.1088313519087867,0.1791892875856174,0.030247053951729583,0.2362369020268834,0.11551565899077057,0.5999340085536546,0.06926389118741438,0.065849118222517,0.07122556479592705,0.6351156570915985,0.0,0.0
15.0,350.78240881174924,297.6768161284073,100819.11489084006,6.077002497196134,180,1.3289332516144983,0.6109294414634258,0.08830524370040098,0.034124752487975155,0.3133047413559442,0.0,0.0,1.0403363883682841,0.15520758792662784,0.8362767226042315,0.3731962046273035,0.08787728971128095,0.03156029732591709,0.08906093669616441,1.826192333902697,0.03343851293085043,0.9624158857350328,0.15536527181804852,0.7989433167855393,0.3540180113718034,0.4847825375322099,0.45197736507520636,1.4146015248798403,0.03371778240270412,0.03200058700036236,1.4729818966825292,0.4777698173422059,1.3203786505172015,0.5848483661358962,1.3566009678023336,0.15550982112506906,1.1008809317739356,0.19021141976246037,0.03190883477086852,0.24537775126270125,0.10096788857120723,0.6715500575712219,0.07038023774175446,0.06886058310611942,0.0660331229693741,0.6751416172235222,0.0,0.0
15.0,322.24260740591035,287.709904644283,101985.47511745205,8.390602464815418,180,1.2975692807588664,0.6104302921558848,0.08944920797301442,0.033155816662312314,0.299507688843565,0.0,0.0,0.9627422423161458,0.15535754734171853,0.8394648965167004,0.38226221815365885,0.09420862507949711,0.02927484665342325,0.09394193902529761,2.4260562361950924,0.0327065034362559,0.9265158407460993,0.15578755187954044,0.8006249695824349,0.3689246104150763,0.4598010339907542,0.511378506763131,1.2131273981519994,0.032051147494421346,0.03197970906024217,1.375615745468477,0.44113297266223284,1.4014863718080877,0.6346906087483579,1.3577929184505988,0.15556841891284345,1.1016530161585516,0.1791113250805191,0.029262770419189284,0.25134707714172405,0.11225119100802768,0.6342196964834957,0.06360200526831136,0.06790868502000978,0.06738402904019576,0.6836371225651242,0.0,0.0
15.0,47.018115718007245,292.2998410574657,101289.9111742342,9.901222354328857,180,1.3126449091785009,0.6056130783753477,0.09118277915700122,0.02917737842654566,0.3060113588570135,0.0,0.0,1.1216474442854125,0.15531415460431913,0.8374349115657755,0.3597199222896112,0.09315398710060911,0.02939369898369199,0.08970139102388641,2.1314817568145825,0.03138913095516964,0.9426431222682723,0.1548756714183726,0.7995494145060421,0.3572558184396242,0.45490708249782735,0.4283857661131038,1.168077179477048,0.03014749230535862,0.033741581439442385,1.5366099729432143,0.42373471173657606,1.3507488731347999,0.599501660683279,1.3853072370959254,0.15535525282721713,1.1104749462947172,0.20293917459598182,0.030417734209557058,0.2533875768344032,0.10365633036572534,0.5799367093613353,0.06827299719691496,0.06391287966667933,0.0677891208271911,0.603024463843877,0.0,0.0
15.0,131.6288261968294,296.5978844730938,101575.39122430046,9.311353377159246,180,1.2740839678001237,0.6076383773271684,0.08532421360202382,0.031214987350802557,0.3059284685675567,0.0,0.0,1.0530414598070201,0.15591095102322405,0.8362185895165395,0.3674003140749271,0.08946414398507478,0.03211355781289692,0.08183004493613079,1.8990723094476605,0.030839671875897565,0.97800054242434,0.15522162061421715,0.8021224583692377,0.36714966294502105,0.4591467946261045,0.47292578293012744,1.1200636454250126,0.03205044322396748,0.0328469145472823,1.5527569009673836,0.4415310880816123,1.250492792721299,0.6659759696969585,1.4303754875990295,0.1553543984674963,1.1100894313271739,0.19451296847384825,0.03150959852618758,0.235689918100462,0.10338579204413309,0.6391313968074278,0.07312414032948296,0.06971348333712102,0.0646716511636548,0.5712462865528023,0.0,0.0
15.0,280.0472963483879,293.43167959362364,101268.93932126978,5.298405788227185,180,1.5342935493308827,0.6090409945028813,0.08664703374012725,0.032276497030967556,0.3137079229660425,0.0,0.0,1.0117671012613476,0.15564706970491862,0.8358582243282214,0.334580496892078,0.08730439426363171,0.03050138728595299,0.08601081199087673,2.312856917000401,0.028762798756905992,0.9703028420379796,0.1555443825867705,0.7984363083901154,0.34728395420493885,0.4695269502925194,0.4858344108348079,1.1859985055420306,0.03586563706702262,0.033335125487253876,1.4886237601772516,0.5007548101356419,1.5261842082008017,0.6313855184845472,1.4575658910897804,0.15571914857276478,1.1071728635099292,0.16399300813777906,0.03393582228268787,0.21661802117109194,0.1157897914454328,0.5808640120799332,0.06535307802892783,0.06536306080317693,0.07114658004488557,0.6068677929656481,0.0,0.0
15.0,182.40010815368785,297.8754129191989,100001.90986714153,6.677521412641197,180,1.2445660879664424,0.6090538527390431,0.08772132398942743,0.03023636705703196,0.32190378769882233,0.0,0.0,0.9978529165648176,0.15537321090931613,0.8366963943742441,0.37371849013186004,0.0904389591725355,0.032640428191716815,0.09497416439471994,1.9935531325522307,0.031689171250716144,1.0556601849085985,0.15477350387983843,0.7979846140224515,0.38162610498916694,0.4311480587565725,0.4920491886502448,1.4979328453060046,0.03164019113185436,0.031199101899978002,1.5756509156334133,0.5000993568961767,1.3078605009250335,0.5904225210882033,1.3812161707727715,0.15554436473757252,1.1042346146705304,0.18119203916161397,0.032334523906468876,0.2164790673768926,0.1126067195685576,0.6234974975444024,0.06833891266554219,0.06959343055937262,0.06973641154790594,0.5293073923625495,0.0,0.0
15.0,279.43978397837344,283.70339031193606,101755.6187048003,9.812977692643903,180,1.4112170835365117,0.6116537213067222,0.09642093442684044,0.030207490902556266,0.2865298790103309,0.0,0.0,0.9653923284575235,0.15541267711766624,0.8389470816146611,0.3822910156744836,0.09543341087721285,0.03173684376295409,0.0903834577816925,1.926510899956748,0.030373021921306385,0.9909049302280086,0.15541134317625677,0.804315339174795,0.3788304061251394,0.44373054109533594,0.4758020629680239,1.3390369182312714,0.0326923691732662,0.031191341461105897,1.6370179572552712,0.45287640904620147,1.3521043968274429,0.6140712014389997,1.3038326666889888,0.15512703991997162,1.1071672489287545,0.17722521444947367,0.03279755372397596,0.23694283048064926,0.11051831148062655,0.6246714641689024,0.06656565411864054,0.06973528981698886,0.06718450276534312,0.6121282206155415,0.0,0.0
15.0,147.7726452161219,292.9960507121657,101392.81132616452,8.023802420580317,180,1.2420510475707862,0.6121325424205583,0.09769533209999584,0.0305216963374015,0.2997925136050105,0.0,0.0,1.0382691694680803,0.15548207783001547,0.8367715467468886,0.3410851834526851,0.09327241471168131,0.029358550917806363,0.0972891794684969,2.390671579664523,0.025677979943623492,1.0192633733830045,0.1552018696914949,0.8015617183413138,0.3386744719092562,0.4450963552589171,0.5183370255744046,1.1682253756023862,0.03286477728870369,0.027945536450797615,1.3673897625881029,0.43233059122195133,1.3966900639924569,0.5974584212157656,1.4022596471590394,0.15558542782105778,1.1022404147500262,0.17639410771998085,0.03420905877880727,0.23669000245551872,0.101732468869056,0.5711877310149159,0.06425728718857363,0.06962829561979726,0.07069627994187229,0.6166406356610257,0.0,0.0
15.0,151.91603818807093,289.23838981128773,101674.95315246827,9.300394870158055,180,1.3378252805290907,0.6145166072239129,0.0852016479713249,0.031989644286212676,0.310218530359729,0.0,0.0,1.0023932379805793,0.15516962093634673,0.8355525498232567,0.36845685641932757,0.08782994435623377,0.03188212414446531,0.09158277364940688,2.4679522905885793,0.0337737839088047,0.9260304035345409,0.1554288472267236,0.7975099175545576,0.37327363341981734,0.4988020338497664,0.49300520755819377,1.492413034063485,0.03331821135299698,0.03339312836928834,1.7206509401729277,0.4493876855797334,1.3453800016074007,0.5873015804684834,1.3796437760002764,0.15522895747439547,1.1033747673189485,0.18480289978140524,0.033248454975750866,0.2129326491728776,0.10939459979998176,0.6540514319165489,0.06926664441479893,0.06825003259298766,0.06734417325703948,0.60851415049676,0.0,0.0
15.0,37.89977494743211,292.08700639556577,101393.35018558403,7.579140940695001,180,1.2831997796286356,0.6130963191528462,0.09486918912469766,0.03177711047443643,0.30985373076236544,0.0,0.0,0.9815584152851744,0.15542686297722932,0.8414683997506314,0.34417235422984355,0.08248832983222161,0.031474703753552095,0.08129438484492718,2.3906521433648926,0.03487197486026642,0.9859295667426115,0.15561900328500208,0.8043790768782468,0.4096270057510256,0.44248652871754646,0.4741871374349592,1.3328425475325472,0.0306949761070995,0.030123227216349347,1.5571388639682808,0.4742240052376461,1.3370855292560473,0.6296462072190646,1.2688999649907537,0.1554537244209183,1.1110865757624153,0.1584374358275846,0.034569739395154564,0.2289633791359483,0.10812297747619126,0.6043777046274998,0.0706514867457641,0.06808775859098572,0.06469162003211663,0.6275894909991478,0.0,0.0
15.0,55.971476582324335,297.7358079050506,101765.52787059895,8.378890841892352,180,1.41383852038075,0.6047567186942541,0.08352744645870736,0.029603611474571134,0.3246733308473453,0.0,0.0,1.078658480134256,0.15525593223741452,0.8365858098478071,0.3755491832809525,0.0983640525899109,0.031315575735293366,0.0851812411875467,2.325001043804864,0.031235657334485436,1.0175472999454198,0.15569515085967242,0.8029807772113217,0.3741295922774827,0.4575146478501244,0.48594404746362596,1.2791766878922224,0.03180361878640982,0.03431558273932166,1.4892742411719315,0.44267186729038016,1.4321244240315358,0.6137206020551357,1.3201464786670734,0.15555367927751598,1.1101832038879613,0.16034034495743119,0.032461512586587554,0.25924586827800106,0.11067811928816274,0.6265563920823155,0.07096706527690379,0.06169343880556078,0.06450203977716083,0.6231204392369596,0.0,0.0
15.0,15.94097344867134,300.9083571738092,100933.60385995275,5.400648889672304,180,1.2222786624243842,0.6078314400255427,0.08084029647889147,0.031560333121163936,0.29387193280022983,0.0,0.0,1.0373338741988742,0.15544177458826797,0.8406281684433394,0.3901233566348708,0.08552659991105875,0.030636451490549717,0.09298902653534256,2.1568262224503423,0.033937712959471955,0.9596726968790116,0.15520783282874112,0.8021651541075551,0.39640285772040446,0.4698518197422827,0.5024271418008243,1.236732973940809,0.03430890817069613,0.033314931553861775,1.6230820745205539,0.4491225571788715,1.3302201877908562,0.5861062638396036,1.2630918235863553,0.1557058508917206,1.1041475243754295,0.17695477327709513,0.028290827382595172,0.23562258588826462,0.11037235159338063,0.6351470264503295,0.07178685945426432,0.06788594386973247,0.06911962507177898,0.5977459590669778,0.0,0.0
15.0,237.26328036320058,285.37134497641125,101203.33056931525,6.624425150748309,180,1.322215299672222,0.6092355758350014,0.09226762314925903,0.03117568546035689,0.27528597748895345,0.0,0.0,1.077934409841328,0.15533597995224901,0.837088428897933,0.37263991121781165,0.08843221988450577,0.030554479602922933,0.08481154861859685,2.5667584989423236,0.030644456339936,1.0102868009040813,0.15531437203643106,0.804381329330343,0.35791957498307464,0.489124170160853,0.5047660077676044,1.445437133162411,0.031405997350333455,0.03525014387086788,1.528241646036065,0.47817895572487074,1.3898505956285379,0.6533780299594114,1.393349409795379,0.15554670653583821,1.104051739135881,0.18102584961396995,0.03352042874405191,0.23698902129089627,0.11501704611109265,0.602090005788552,0.06449262552243151,0.07318381096832592,0.06403981659969081,0.6091121542287463,0.0,0.0
15.0,93.77649490269107,289.3342825764146,101115.36817348287,7.461829199949807,180,1.39787202121101,0.6099650895170609,0.08317348784713444,0.031507944235079244,0.3148418434346992,0.0,0.0,1.0531136853599292,0.15544735537829063,0.8317718530212326,0.3733578679108563,0.08755134574683923,0.03236145477902381,0.08770554224662219,2.423791686564359,0.03316035277515142,0.9835421019461803,0.15521351040916642,0.8019057728667527,0.38728267289407736,0.4510307484627185,0.4865426352839786,1.575896223521057,0.03224594181110183,0.03315936119459158,1.5458881192528362,0.4440967840499151,1.384945818612241,0.6553855131801409,1.3947417809138583,0.15556263797250536,1.1029464975236276,0.16685918189638443,0.033593875122193015,0.2538705952804331,0.10588119718934869,0.6178223480483845,0.06391212331316531,0.06481526587143259,0.07338153267063441,0.6360848485587369,0.0,0.0
15.0,353.32036086370965,292.6685086661014,100715.42957279515,8.245655472745794,180,1.3032688301855597,0.6115050002771883,0.09130475585669605,0.03281918590458632,0.3054260253515664,0.0,0.0,0.9863159754418671,0.15535933338324964,0.8340046329086661,0.41410205110192033,0.08429548500179086,0.03218985357706371,0.09000818989823403,2.714393449980359,0.032429688867794244,1.0543969720642592,0.15545586250797827,0.7970127582136609,0.3274200607068366,0.4482063428719514,0.45265745171277544,1.4000280411103319,0.03339509748875913,0.03194627894186625,1.577006774782564,0.48030455084226825,1.4458688958624202,0.6301648089780063,1.2239217648622265,0.15534729246595677,1.1040399276738644,0.17858434300382856,0.032832060707668545,0.2366909486007304,0.11452545105133266,0.6094997207818947,0.06630356651970602,0.07194626024388621,0.06935960480444708,0.6104863597701453,0.0,0.0
15.0,329.07597597984307,301.79568008694037,101809.25685472655,7.9729317744191395,180,1.3731911225393494,0.6097350084255493,0.09199112922601613,0.032038292227728034,0.30531226140814094,0.0,0.0,1.0463289988343938,0.15524395296471455,0.8378035459512038,0.3650279747210823,0.08716478546039456,0.033110418331528196,0.09375208757186242,2.2411518542874522,0.035823057885408384,1.057018758575892,0.15586776993491586,0.8018253220003206,0.3912333222715216,0.4829085481791205,0.5155665940531694,1.3943725459447867,0.033528064254343966,0.030957968771951543,1.4497910019746427,0.42074794070471244,1.299963859738028,0.6424819933553338,1.43514882063006,0.15549256756068477,1.1075732123063398,0.17197086624573196,0.03267850724001959,0.2367361375212466,0.11203685239008396,0.6325845469616648,0.0702094178823254,0.06579010596207613,0.0734507643153671,0.5742167030882559,0.0,0.0
15.0,283.3785293702733,284.01868424691804,101624.72296837637,6.218103863246149,180,1.3067750571868915,0.6115310000483947,0.08991013811333405,0.032033168971309846,0.31305967030185206,0.0,0.0,0.964902935574293,0.15567986254171007,0.8333509710955633,0.35443395906702674,0.08793046229673922,0.03084645805672709,0.09034053295036665,2.215208712128556,0.029438274167132565,0.9824389141614416,0.1553051324564386,0.7985443554494579,0.3862875601584087,0.4987765465711984,0.4496099331212782,1.4534558168746627,0.033218671342392335,0.032507544722532956,1.5759863384262804,0.49179503030578986,1.3932995450879977,0.5937243386858996,1.369659561510195,0.1553755805632959,1.1013487497807957,0.17880330994252647,0.028756780593529877,0.24217815401819523,0.10728717662186979,0.5980951820267292,0.06890083260135815,0.06418994822689714,0.06577492343190347,0.5873928302483004,0.0,0.0
15.0,222.3982755792934,289.6767797582975,101262.98140303165,5.650997161022136,180,1.3637222188015066,0.6093873387680019,0.08721501112671601,0.031172298944300025,0.32788710486957945,0.0,0.0,1.0723872526261857,0.1554285746934277,0.834846872788059,0.3812449767166516,0.0941802330024875,0.035191242532436696,0.08310941422097391,2.3070383382234945,0.03348211077368199,0.9812772486945385,0.15562143345041737,0.794943273759466,0.3383813635958135,0.4669290913811312,0.4519518960361679,1.3869233166032968,0.03158101990478447,0.03200184708857082,1.5757851398073994,0.4556045203474429,1.414800888606658,0.6170835842541808,1.2998538296999236,0.15598179083202804,1.1067392789318247,0.17699782495705327,0.03098333468766461,0.24900540052401654,0.12016052639968217,0.5716788766749703,0.07374173618153435,0.07195222377564404,0.06672670265938009,0.6209439005775764,0.0,0.0
15.0,178.2984754669011,291.3015890693551,100827.32759974808,7.646823069975041,180,1.4078170083396644,0.608742399239512,0.09920784695891983,0.031428422519195184,0.30237421259153635,0.0,0.0,0.956161710826073,0.15501553946056362,0.8377605586088961,0.3658175123226794,0.08527872345495906,0.03171992611470229,0.08405941052945771,2.317446499149432,0.030996123549434658,0.9525601929078975,0.15552685055737275,0.7997352552292205,0.34898345532879144,0.4614037094788558,0.4639190737840839,1.144247736117378,0.030772273372506348,0.03275287168143536,1.5938277903115134,0.4391957618236438,1.511977870690309,0.6825129798400094,1.5294783732054567,0.1554721152155627,1.1085168671526373,0.173818885121495,0.031031509778189085,0.2426779380697774,0.10986108659628538,0.5804541784498821,0.0670010570182731,0.06480377235693771,0.06709077246950175,0.586314859897982,0.0,0.0
15.0,234.13657005156495,300.4614592913358,101468.70551569459,9.318895366610711,180,1.4041714605853968,0.6156357420392176,0.0866846238001152,0.03306424391127572,0.3014640343875682,0.0,0.0,1.0417615292273155,0.15515671800979344,0.8405921352422092,0.36729141891602074,0.08273181473497294,0.03302708705239526,0.09341905818671337,2.5045691492139235,0.03412966902178408,0.9354624879527066,0.15564604310933386,0.8016361011504485,0.3734003984300289,0.49463552818806644,0.46485681868546913,1.3051089794456159,0.032241701550690074,0.03229671932648056,1.4508725302681167,0.442573776342481,1.4131125879616042,0.6768032527391632,1.3437379690688258,0.15545856848353545,1.1058750619113906,0.1905935880324191,0.031413126194219085,0.23411293935160568,0.10865603806152173,0.5836125683586287,0.06567886006203899,0.07232765372647615,0.06726824283364506,0.5946179040171585,0.0,0.0
15.0,88.79640523928731,285.2805083409383,101096.62863491006,5.283292833351659,180,1.3934092411009924,0.6128992529035753,0.09205141071191605,0.029737880204924603,0.3040287993107261,0.0,0.0,1.0393256563192093,0.15540526693819687,0.839931190821167,0.36381920720401256,0.08347130513167707,0.03073597184370651,0.09227881449498047,1.9325849398341999,0.030526718471180738,0.943189397257924,0.15550598294159007,0.7994508795303384,0.380018088291984,0.49948496224273425,0.44005775237466355,1.3637641363407236,0.031350608315488436,0.03346709236940963,1.485512363920246,0.47051521858745043,1.3900569147832955,0.6298468218767498,1.4183229034201843,0.15558880155759994,1.1030735593690173,0.18773205199493145,0.03155792321926817,0.21682253864078924,0.10806714825556807,0.6366357711586835,0.06902209497369297,0.06984901598927161,0.0707734513304461,0.6509613933837386,0.0,0.0
15.0,158.51309392704877,289.1076157115808,101641.7331294442,7.556094862313568,180,1.3070492860944436,0.6094300303951252,0.09009955725468283,0.030719094081783572,0.28716625362837095,0.0,0.0,1.05328176547727,0.1555048513151809,0.839383954131774,0.35704477585574795,0.08331725813266648,0.030878012374240288,0.0870422195367799,2.379788756316115,0.0338792849435888,0.9354355996867267,0.15545364931403266,0.805420138596388,0.37474188807214637,0.4581787404347089,0.48260704709673463,1.3237815094104388,0.032218856033897424,0.0298633651214612,1.492102731978014,0.436533903619832,1.3774979393129467,0.5728190509554522,1.354745484855849,0.15538825151549715,1.1050943886776363,0.16141700755049357,0.029595046393465798,0.21276204990476638,0.11217574185377997,0.590466298202477,0.06981152571251138,0.06972530310449566,0.06758673654852673,0.6635604703339307,0.0,0.0
15.0,10.171869377650594,300.00598367221994,100426.34880568756,9.677236896369159,180,1.2726831813171096,0.6079378468922336,0.09849167372321035,0.03210979440211679,0.31757930778789933,0.0,0.0,1.0535147399805027,0.155749491410489,0.8365617356835864,0.3539873111721505,0.08027219428100034,0.032778181086649365,0.08896851313476238,2.2663573702065705,0.029720062208172072,1.0081805259538503,0.15527464596548746,0.7987363377194369,0.3608075919926421,0.5144951602416276,0.4467680255450007,1.496161612397388,0.030951812215642575,0.03098321991173546,1.5650366601306112,0.4249321945210647,1.3020643306639523,0.6026153854362978,1.2296420477380268,0.15539866741133923,1.1068647119640782,0.1840516611788732,0.032350885566220185,0.24965009806458135,0.11457590352677224,0.6014253177834247,0.07122470131101367,0.07125874325299575,0.06166819901596034,0.5756907995586509,0.0,0.0
15.0,57.16866106248289,284.3231993673981,102436.41361045836,8.989220438473309,180,1.3415976330051886,0.6105449125193998,0.09152887640258148,0.031296795534486,0.2837744136649491,0.0,0.0,0.9427316226259728,0.15492838308098433,0.8380122374130111,0.3599906938367882,0.09087483851306803,0.0340526857301066,0.09392230465385001,2.4653287291719024,0.03169267628340532,0.962782657792163,0.15505929460359186,0.7979899193402864,0.38349448956583115,0.4980459538208693,0.48502912296214284,1.3245596363292687,0.034232423000757475,0.02965843795525801,1.599293472851286,0.4506162163528622,1.303478232459632,0.6089719986057768,1.319690767549336,0.15547594475269524,1.104530556215449,0.18419238652567435,0.03084374954031335,0.24984307779363085,0.11696252541485912,0.5843157479666955,0.06885064857286181,0.06799149560517824,0.06421888999920693,0.6514602803884029,0.0,0.0
15.0,238.6171837817745,294.59240061601446,101532.18487506478,6.194641541258819,180,1.416173978173282,0.6094336328778865,0.09066513295458009,0.02991138494655909,0.3097431419354105,0.0,0.0,0.9796036544066643,0.15583772728142953,0.8423082212640471,0.34347913129539553,0.08771988074253917,0.030124451240249397,0.08909383059309829,2.3831457497123676,0.03057053447898558,0.9958079958485269,0.15527505258900628,0.802290308474136,0.3634376129979424,0.4872303449762412,0.4535773589160288,1.6093671672567829,0.029852297093854747,0.03200612643405543,1.510003254863282,0.4558280054396193,1.4104178066125137,0.6357972609955973,1.4712177903675532,0.15511318219606124,1.1036395703473434,0.18033256569415476,0.03237548199867068,0.21426564558078098,0.11098155393871995,0.6200442196309124,0.06283787017510273,0.06901354795494749,0.06819699014659979,0.6215394347759657,0.0,0.0
15.0,325.47586996116684,284.38951702824073,101843.1036718271,9.97981536032659,180,1.3982511286103723,0.609637128173926,0.09893532922632804,0.030964363675048054,0.2633524824598155,0.0,0.0,1.141361023957817,0.15548807481543123,0.8410006775271072,0.3972439651720449,0.08966398403506849,0.033970415985230526,0.0929576472015237,2.212165815786141,0.03470235716724189,0.957131089523457,0.15560298778146997,0.7990897494758903,0.3897788103453117,0.4809155372171119,0.48718403125877213,1.3785793502944352,0.03212275023837891,0.030641302576667206,1.4857795950324577,0.42360092154030593,1.36598848063504,0.6613984974611279,1.477408641648582,0.1558054777011216,1.0999216260357088,0.17836731363223648,0.03176957591105096,0.24265981005064372,0.10613547476479512,0.6464588527423428,0.06682629633079533,0.06748435918944415,0.06530928841750197,0.5743717516278826,0.0,0.0
15.0,129.73780973386465,289.8477766921829,101654.3308791054,8.25512137727664,180,1.4387270569358659,0.6074820265143153,0.09251906880286359,0.03367852099073545,0.2946466824993998,0.0,0.0,0.9028389941681741,0.15544124242204357,0.8395035481154687,0.3533346787793021,0.09197873270388661,0.03168515054255987,0.0943705728505815,2.3213746910607016,0.0329589696108998,0.9182331855170112,0.1554899512545456,0.7994546844640511,0.40111048138258265,0.48510928345035353,0.4678685944431294,1.4009007426904418,0.03280396117877932,0.03303816681038707,1.6067620887212763,0.45459214831086664,1.5223870283520096,0.6473142783087681,1.311489720020391,0.15495818257552185,1.1061498917539703,0.1778147094397236,0.03278484273563575,0.25931111287065906,0.10373021054322655,0.5790222031887557,0.06812628089674216,0.06813038744527548,0.06997765628886839,0.6675254827517061,0.0,0.0
15.0,302.62239456213496,292.13914232276386,101098.48546283784,9.064598435535004,180,1.3569941348052903,0.6118043861199285,0.08691481779390994,0.03055512514497428,0.3291164544779511,0.0,0.0,1.0428351663759363,0.15513658692939666,0.8382930261363168,0.35789944370006854,0.0954588896899441,0.031735567327290756,0.0847364193058892,2.244186524254508,0.03249340201621739,1.030160109013412,0.1555210803656635,0.7966940976424254,0.3733491033433657,0.4800575042589647,0.47884112791959704,1.3388641815165672,0.03316272023509777,0.030836796201596475,1.4307577759143728,0.46822249699363067,1.3947645092606495,0.5810826516443641,1.4024439001581581,0.15560181548183794,1.1053908910631327,0.1720748026647093,0.029854943727088128,0.22860409746052898,0.1105120302447728,0.6054141221588684,0.07049671950174297,0.06239750085219892,0.07085420625592376,0.6651253063055209,0.0,0.0
15.0,166.642949606469,301.3480683064202,100479.05832447682,6.331568246738212,180,1.3934954876261043,0.6104588813479023,0.08440356195675407,0.031961361342394655,0.30896778269707,0.0,0.0,1.007248959153678,0.15562097458529733,0.8382214749987814,0.384255380860824,0.08562034832699693,0.032095069301188196,0.09316680762735288,2.2634826169245974,0.03174004921578442,1.0394391043387718,0.15557012086316171,0.802147001599349,0.3875969976474501,0.49498730039094496,0.4721087221747364,1.208592949925767,0.03519178150382858,0.03185363796421825,1.344689646257127,0.46249063546161095,1.3840722878065432,0.6614806475490265,1.270304666239761,0.15534921878979072,1.1045038614356382,0.18143529991092222,0.03014277864555437,0.23340499794044986,0.11118878756808638,0.6338618486418431,0.068204417413185,0.06933024477016174,0.06476372730152441,0.6369955359114514,0.0,0.0
15.0,45.17501523888778,299.93757263847306,101328.79603755937,5.34459371736234,180,1.5198483374353946,0.6094299945706859,0.08879200072261118,0.031288470080710375,0.3117488846216054,0.0,0.0,1.0853432957336238,0.15544504278325408,0.8402164764499593,0.382290982808042,0.08612923313652848,0.03150776103626991,0.09161951688130382,2.0311411536227677,0.030382277309729543,0.9839721092134573,0.15612338246458043,0.7971272771489033,0.3660385330919148,0.4537597758200378,0.4626123220912862,1.4159254793411882,0.03151122989388099,0.030571728021399413,1.534187336354958,0.4772527468316223,1.2761322085501996,0.604123267300911,1.2502534138487753,0.1557506801993826,1.1050840521477854,0.17604295945146695,0.03131112252699323,0.23736389310898012,0.10323348780851498,0.652214678855416,0.06802330347961077,0.0711385563314426,0.07150026816495884,0.6303572827902775,0.0,0.0
15.0,310.1425463847739,301.28797189513466,101108.32847258064,7.3496185317958656,180,1.2763305987188092,0.6089903686762964,0.09447285389845797,0.030618023957631902,0.2839744365468045,0.0,0.0,0.9522702021365923,0.1556123338839101,0.8391179378129366,0.3340539803661075,0.08291557732043028,0.033642314510295264,0.0910063426527795,2.4205826846565706,0.030887665641870083,0.9932178054929883,0.15539407895215904,0.800457959012911,0.4019468126052545,0.47319088982613255,0.4740601212349938,1.2603792299322987,0.03193112110561439,0.031579670165875505,1.5392472417101632,0.4262247389668783,1.2523803189847864,0.6139756427659318,1.400681057353441,0.15581188869257406,1.0979431291297557,0.17110239164088414,0.03085254167410705,0.2323490671283325,0.10919084528195266,0.6181927716498127,0.06899542167270332,0.07016224715791324,0.06805875793602857,0.6147098628898023,0.0,0.0
15.0,173.1223113633606,294.44888944767905,101519.76856992062,8.613913355023353,180,1.3747069706350727,0.6063085089515671,0.09227431516512793,0.03226341535516335,0.32765537013389284,0.0,0.0,0.9794691697306332,0.15503894982122604,0.8387336048260289,0.3567714704189116,0.09444104997586666,0.03295625064268247,0.08794379671280064,1.9762044507718088,0.030965927828815423,1.1317606145157078,0.1552294633166517,0.8009395674499461,0.3301357536168834,0.47175118061404486,0.49669757892454475,1.4070966163149572,0.030699998095302116,0.036785630932273,1.4763980674367723,0.4523559939310314,1.1975168751140453,0.616483410540324,1.3191898310741346,0.15514399732861375,1.104379158790796,0.17396009442374233,0.03414631590021958,0.23019913927332575,0.1072466901293242,0.6676726745396772,0.06472751027200442,0.07167880472166627,0.06797565957457638,0.6373871535499273,0.0,0.0
15.0,263.3174102802489,283.88232993367006,101588.48226539617,6.767946790665695,180,1.3817806708259146,0.6102164537500514,0.08876131237999052,0.030327005328807315,0.3134072347819669,0.0,0.0,1.0840597703466213,0.155242438281628,0.8395519466104815,0.3663268458432146,0.09616785091753911,0.03298216754298527,0.09483743456842932,1.9177666193966987,0.03016184741514627,1.0433157847400691,0.15522829681740327,0.7976027278664027,0.35366693435497865,0.476727886143083,0.458908830903818,1.5550113269356662,0.029658517309213712,0.03259609918083519,1.5673293491009368,0.43705686111071435,1.4025380720990674,0.6387679821796567,1.3421947425372203,0.15485594413435919,1.1044498770576632,0.17420960620849246,0.031062624021754727,0.23223867056747804,0.11343667218165962,0.632796460081741,0.0673859348913192,0.06786410901618226,0.06860035916729552,0.6299802904701046,0.0,0.0
15.0,347.7356334350781,299.3334635818467,102139.61322108562,8.300677814411062,180,1.379886370088438,0.611571839043233,0.09100760303368742,0.03143686930792137,0.29882125998880316,0.0,0.0,1.0601380288813282,0.15504875139713584,0.834217679540914,0.3515449290680796,0.08833750584440674,0.03282980974056963,0.0885762906881796,2.170369809688072,0.03467553561804488,1.0541069553941786,0.1554647384535551,0.7987419902412306,0.3509101059852058,0.5289312939507972,0.4989781463676995,1.4042189517652017,0.0327298678322185,0.032050907781520935,1.561200154498223,0.4506865852874625,1.4092246931745096,0.6236801101764655,1.3507800677083215,0.15523578546450068,1.1047408352705073,0.18281719625025614,0.0317191127306707,0.25419365437022623,0.09691741494930267,0.6128461349341124,0.06654613990805552,0.06624960803476858,0.06694900616008477,0.614022199182646,0.0,0.0
15.0,92.7945467062211,283.1820966910771,100854.6844709358,8.441345242812702,180,1.3532278186909805,0.6122600916687896,0.08418943014879242,0.030459269704204244,0.30024411192207595,0.0,0.0,1.0015486910207747,0.15523541741793068,0.8392603328825206,0.36018878901716656,0.08532779607840585,0.030740564975161994,0.08296469010335089,2.2981011341902975,0.027810742939252318,0.9698152458139664,0.15561820820987088,0.7999748081621801,0.35497171051845744,0.4897032778956786,0.47747829456421,1.5227572587084388,0.02982687053443307,0.03288429969528552,1.5232649562585312,0.5028493863161105,1.350049196634853,0.6570690701390646,1.2915714209571745,0.1556403711678662,1.105907507665736,0.1767214411681205,0.032291277072208864,0.23495902158582183,0.10361317104956236,0.6284870643213483,0.06682105282087457,0.0754386750576574,0.06456592872174081,0.675258675236517,0.0,0.0
15.0,294.27252602516614,288.1501522510353,101527.3587018447,9.438363584487066,180,1.3570876339797027,0.6091938630078853,0.08250137400332823,0.03301039338460816,0.32650027039933543,0.0,0.0,0.9951086465240534,0.1553811711725607,0.839009345063881,0.3560861499650968,0.08822184258886398,0.03211588423469536,0.08617255735495878,2.193054812281169,0.028971158614163363,0.9555686090686424,0.15544907294457544,0.8071709922118795,0.37611798334980295,0.4330586885700397,0.44241187007796634,1.5640830046263852,0.030299041317173186,0.03331649710307911,1.4040778054840246,0.4518024945740174,1.4670124443191372,0.6377063708066374,1.33592674565632,0.15520676536863087,1.1043900050415838,0.16338923636454616,0.03316825187879025,0.22432152691943982,0.11977602848705182,0.5572146306997439,0.0712338901662978,0.06954131589234853,0.06457580309328699,0.6028310510149258,0.0,0.0
15.0,230.08600436081306,292.7703366928933,101291.59403420915,9.677988205520318,180,1.2656497990916074,0.6100468313663906,0.08634897446999923,0.029900824057074116,0.31411046063778486,0.0,0.0,0.9673583663582292,0.15546490181187683,0.8389210616206937,0.33082564070855053,0.08497189121629702,0.031587834378400986,0.09789380179935309,2.089039929900448,0.0299496823959929,0.9762972820110859,0.1551145147658084,0.798135218434879,0.3636559484062956,0.45232282548346064,0.4551679273294771,1.4060867159873895,0.02874721203220129,0.033708533101796084,1.3985436544794279,0.4596291900700904,1.3132463434624353,0.6289523199399218,1.3033040638721458,0.15545348681076113,1.1018575561711985,0.193815245367068,0.032497663367837125,0.2507147894960448,0.11695570295585854,0.6626216075716688,0.06920167994212703,0.06574359118061893,0.0700529235657136,0.621593614568045,0.0,0.0
15.0,28.37903030478019,290.0601964831856,100816.29119133862,6.828987436968133,180,1.3468964722786356,0.6046211745911488,0.08681396765606894,0.030891451232120896,0.2784047096312395,0.0,0.0,1.0351006256620279,0.15508601509725486,0.836553514890444,0.34839282439192476,0.08494746963146191,0.03058728878259893,0.09224812112679238,1.6869374998660125,0.031867894583555885,0.8761775810427453,0.15511612814886336,0.7962188217792308,0.39889646008868046,0.4616850035109335,0.4463045622428491,1.2297744246154982,0.030823611858437232,0.02893351724793736,1.5032122863604436,0.4366926319977867,1.3469484049171219,0.5908423777060743,1.3703324162976598,0.15544566574215973,1.1047415253697208,0.18334313464981666,0.032311968861436974,0.23282526114448399,0.12106215634441042,0.594703160581691,0.07290920939513736,0.06727153091630483,0.06903586481850377,0.6829944231395492,0.0,0.0
15.0,190.92592658027712,292.0804057727841,101681.74253168356,7.280982568043546,180,1.349885561964295,0.6099602727422315,0.0958690161451654,0.030215774313684593,0.31478899064230365,0.0,0.0,1.0375971347134405,0.15555769762588625,0.8370419739862075,0.3486825654879424,0.08634127179259876,0.030442526683302253,0.09102480857154903,2.2393032968702564,0.029845829949672,0.9736519318663573,0.15548668585476855,0.7998316097669658,0.3547668438014645,0.45347007162216807,0.47091687425574447,1.2893904409082517,0.0317111285240289,0.03350811721553736,1.6573236526141686,0.42915194579889987,1.419911785302286,0.6746436027999146,1.4374359241844514,0.1552819920297619,1.1012001532990228,0.17984766960598533,0.03262746149558424,0.2553802508328298,0.11862421033307817,0.6447796819846108,0.07190932557931952,0.07414320889809299,0.06780327053745948,0.6380981857037124,0.0,0.0
15.0,299.5468370305171,291.84587437611293,101339.91672370875,7.549732108684501,180,1.3797195332552703,0.6086835683954275,0.09977223461599923,0.030810349591235263,0.32432094045005877,0.0,0.0,1.0048467228663005,0.15535958020830953,0.839396940430579,0.39434442092151534,0.09139676081069481,0.02884700853027137,0.09080224868593638,2.3523290198893583,0.03279584628480758,1.03606728811395,0.15547050528756484,0.7996273192469933,0.3659670108898776,0.44845258587880726,0.49280559891899633,1.5165653502117515,0.02993658167729859,0.03272433620930588,1.4672781252533635,0.4686208502387738,1.394098962668254,0.6457900816130892,1.3896153976000114,0.15523191248278892,1.1043536164402747,0.17507122544227352,0.03183866076572017,0.2457880930801194,0.1092909283183929,0.637510475841998,0.06931487915513974,0.06248255783588776,0.0658613243212788,0.6655545530326857,0.0,0.0
15.0,44.43799118081717,292.79475008288176,100725.62849932049,9.599458880582498,180,1.4966474232412226,0.6088957760658474,0.09361403759077738,0.03297625515769949,0.29468088746440413,0.0,0.0,1.047348693981488,0.15534084476837515,0.8403375334624564,0.3289649949980318,0.08497229865467558,0.03323263572687044,0.08308648424750588,2.5112934339605233,0.02950868950237004,1.0723150562915773,0.1553513240016079,0.8011718879349159,0.3487035614613774,0.4338037408650865,0.4856683981493476,1.397467283209556,0.03190491044702327,0.03297423157433147,1.373464198766372,0.4366692612484346,1.477808346701856,0.6411814613197779,1.3764926932046457,0.15570686802897404,1.1055936764592023,0.18187448457604163,0.03089059164691879,0.23275525122079854,0.10604462711259272,0.61893584191068,0.06878352971071068,0.06891304870261832,0.06496785727029794,0.6332199882156138,0.0,0.0
15.0,299.2453561580935,295.3534124619471,101351.94766528843,6.691184733347652,180,1.3948597813125594,0.6073834120862566,0.09425707294481406,0.03204453736603583,0.30725870724253673,0.0,0.0,0.9879144947197653,0.15554516449282735,0.8387517594431301,0.36476502197365923,0.09919831962507693,0.033212539056230464,0.09828834811329476,1.9651888667583828,0.031460972132072364,0.9417761322057626,0.15553973405242266,0.8026672780902994,0.34743072207233905,0.4419552995487028,0.4900426295957293,1.3215424751433569,0.03289339985574834,0.03493706453499105,1.6676205263918227,0.46980893011053354,1.3509687350103559,0.6360202939429247,1.2988875604391608,0.15553357680642263,1.1012206978873467,0.17240794088955896,0.03219030529998615,0.2405297451248408,0.11288677682402193,0.5859737871302511,0.06545872033630849,0.06803419836181045,0.06558276290698771,0.6432654915365831,0.0,0.0
15.0,245.19733792939124,292.56727474375003,101761.07938834435,6.613520479598433,180,1.386107162321224,0.6105835487170688,0.08660190817542487,0.032243510519356325,0.312477339004847,0.0,0.0,1.0472869627568553,0.15533582002452234,0.8369963265188903,0.3849951308385342,0.09295266730858877,0.0304823242707806,0.09098402919328974,1.9751161834529296,0.030791336419224574,1.04138479314619,0.15533103952460411,0.8018087192556361,0.37021072914969216,0.45062332220400547,0.437680593206042,1.5540485375519097,0.03297568286609376,0.03190174996354329,1.5678860788272224,0.4691770870532879,1.3161323171348152,0.6204997410150641,1.2503286748339273,0.1549043466468825,1.1080921299029876,0.18023731459710005,0.029625489688835303,0.24663488486708748,0.11778492604740688,0.6621596126154468,0.07005701580129275,0.06714910264616535,0.07401530112790443,0.658337819698437,0.0,0.0
15.0,298.17375657424395,300.8398439322135,100909.07281304373,8.835361328101454,180,1.3125469854181706,0.6104740706325207,0.09084991523803052,0.030906721856200536,0.3248108022327894,0.0,0.0,1.0329129758959992,0.15523367315595582,0.8357921058604844,0.3501371794686582,0.08255089013375302,0.030461582357421937,0.09373565067186009,2.33075943236758,0.0340093658268189,0.9799021404028877,0.15518250240214518,0.7972392273578238,0.3771458201977709,0.4600841178194212,0.45200368763913656,1.4555941908597467,0.031735098362239776,0.03148844782988411,1.4261537035221277,0.47749102987434994,1.4254819989596925,0.64393195817954,1.3621777732564466,0.1554871566302977,1.101784336359125,0.17637835689559214,0.028438977426719823,0.2383367196455101,0.11288554596253195,0.5992670194956183,0.0654883416017819,0.06810870632804851,0.06727574071710987,0.5832611724837263,0.0,0.0
15.0,172.5476728658955,289.7099206825203,102027.43737601727,6.882828521856555,180,1.2828827699678769,0.6094120993118346,0.08611602597324026,0.031173329181441535,0.2911100452254896,0.0,0.0,0.9431262558916031,0.15501974342257305,0.8379373051147472,0.40326822714843474,0.08457008063816798,0.03398376664304859,0.09540273601602836,2.832561813044463,0.030956651984342276,1.0096795508923426,0.15537476022273647,0.7993807276022781,0.37765512781475097,0.4818285547172143,0.4830590097545704,1.2590145020750778,0.029870529301358723,0.033984976066534944,1.6489243403375067,0.4582077362725316,1.3655998634025792,0.6160333068044465,1.3943329043752908,0.1556875353857995,1.1113325753016057,0.19108473136952023,0.03147547825362138,0.23432249597988097,0.11502265684407213,0.6519775897813055,0.07042460283771136,0.07015882303170705,0.07204590427120046,0.6010043571749153,0.0,0.0
15.0,191.59269645576947,286.09923796036566,101108.85837086974,7.201674855729401,180,1.4513365575911434,0.6037864118728911,0.08872153617630608,0.029777953279870654,0.28700001345585247,0.0,0.0,1.0198970065938244,0.15510655879496918,0.8373797188008095,0.3775581681912656,0.09578622729918125,0.030687830147536906,0.08570385318314098,2.5543465694572935,0.03280974150067344,1.058211977670419,0.15554612860886818,0.8020131712153638,0.3335406800624957,0.46093007260724655,0.4950159699653008,1.2670864168332796,0.03233590011535068,0.02920460028533454,1.6175273324632795,0.46576262586732947,1.3473991275891124,0.5843437494123173,1.336383905018946,0.1550463421785949,1.1056368887475803,0.17296277247415506,0.028498591191591833,0.24511371291888154,0.11823471219123405,0.5836864877426708,0.06265768839040887,0.07059111315421751,0.06711389255303417,0.648863832293533,0.0,0.0
15.0,127.15687765630372,284.36642412237535,101382.31849196144,6.793300352438637,180,1.3734891545291887,0.606915776716243,0.08961941557478893,0.03159877037679175,0.33484411631076744,0.0,0.0,1.1017604382975585,0.1556756354241195,0.8370928689021273,0.39572398471917336,0.09679835056935658,0.03307940270396754,0.08534269920115317,2.4294548686184334,0.030347944874944008,0.8779824424370214,0.15561889795952946,0.7974766281756159,0.3382582727431864,0.4439716982773867,0.46718869826631954,1.2119382790587898,0.03217348043897226,0.03202546902667278,1.6113577544788757,0.46368397608601714,1.32142743696304,0.6594606904467291,1.3445988993049776,0.15538311522844467,1.1013134658296622,0.172769481553281,0.02963579953271068,0.2371745048169414,0.10627968994948406,0.6366871160016748,0.06540153390177451,0.07159207755325045,0.06685593770407242,0.6338034716283778,0.0,0.0
15.0,47.93538666116305,296.5346750716798,100974.11108610657,7.8373255712303065,180,1.5315629955179584,0.6118456066432272,0.08385886974010565,0.02975773741447965,0.3074716439569487,0.0,0.0,1.0372665938744723,0.15507013680752132,0.8359253537615552,0.3637654506387239,0.09112445635642787,0.03119047054164038,0.09161303163710674,1.9967458088907393,0.031343150047455366,0.964333787940384,0.15552822762871446,0.803104752665803,0.3586441357104172,0.4145401153065484,0.4484509638459339,1.3482595864632005,0.03199702601240257,0.032544798022448806,1.5120340930925622,0.45330321891895714,1.416630037727264,0.6284489153848567,1.3354196901050788,0.15557131550998202,1.104368465266844,0.1666623492010256,0.02998987064847396,0.2331669241699549,0.11364923033376632,0.6211388911884028,0.06570620777933435,0.06040053460133884,0.06383692091301961,0.6585145675353415,0.0,0.0
15.0,70.52180526939293,293.9740347097348,100928.53735428893,9.362760783544472,180,1.3048604872940361,0.6129655237342695,0.08625228292527676,0.031847280020783963,0.31846187702238954,0.0,0.0,0.969632579793855,0.15545828589925212,0.8400617833270169,0.35669199373158184,0.09181227078940997,0.029490981008631432,0.09368157937632468,2.3226641027614745,0.030747500863217946,1.006205987874892,0.1551481940355291,0.8013549100363077,0.37028561608006316,0.4661262160447624,0.512467642143231,1.5534284126800253,0.034164053029878606,0.028301114736489278,1.5238083997703997,0.44811792804932526,1.4022958188907377,0.5951501339999956,1.2414983869911596,0.1557614128095789,1.1007583908279652,0.17942836478380927,0.030065305115006765,0.2215167293635961,0.10385824764495398,0.6073360144755257,0.06560587843170924,0.06627598277867705,0.06680484754834075,0.5871541072857229,0.0,0.0
15.0,273.52700460459994,296.5196331218925,101428.3077762543,9.37956476210434,180,1.300982775039382,0.6081928386141705,0.10008536173037609,0.03137501193521216,0.30562516513795823,0.0,0.0,1.028849415628191,0.15555619778866328,0.8347854163412165,0.37135401265364215,0.0949669737944561,0.035365841902374615,0.09022158869508536,2.210444891668375,0.031243363739568902,1.0565481103721803,0.15534706716963567,0.7998504525139085,0.35526590698818666,0.45726494439367604,0.5064062766274293,1.4857959849262716,0.033373332437616546,0.029310497378036895,1.416505383447713,0.44082146856720467,1.3622606026836355,0.6421389240402415,1.2720113899393555,0.15558244716452432,1.1096432868825852,0.17483357999145283,0.03241482985460842,0.2161169464608458,0.10893193706051273,0.603328246826978,0.06771158189965554,0.0697979050070091,0.07041216302870254,0.5873604971375183,0.0,0.0
15.0,275.88471079040534,293.8270563605698,101485.2432765781,7.0510286896709475,180,1.3040662889654175,0.604469522045957,0.09076118364348253,0.032415145821959104,0.3057417357996622,0.0,0.0,0.9634428377258749,0.1554329254586236,0.8398166890736618,0.35347737137797886,0.08470545483242402,0.033201336575584786,0.08641557009711637,2.3211515965771876,0.03112055839233428,0.9958815476997084,0.15555594469135145,0.7977674052023506,0.3707086301174831,0.4657030028892025,0.47118318767044376,1.4353757019006186,0.03254469257507241,0.02871666885392231,1.473064795637796,0.4839876531309763,1.399163431827632,0.6682023549375311,1.3129539191939716,0.15554767031091657,1.1085348306686362,0.192148664728192,0.03356122701795956,0.24955594493400185,0.10930978625489288,0.589539040866509,0.06662497361419258,0.06355762863895617,0.06686963518905523,0.6763993956106588,0.0,0.0
15.0,241.91416272696927,285.76814729020344,101628.27352836926,8.940704373773375,180,1.357060681481139,0.6068413741086026,0.09486296266217673,0.030449641711809465,0.3085606251749566,0.0,0.0,1.0323912639909547,0.15536229171736338,0.8401908895924861,0.33398758468130535,0.09344277845746662,0.03362655297480735,0.07921292712919918,2.411700317579161,0.032720452803402245,1.0306311144543718,0.15545498318067555,0.7974926778835039,0.38415695738607863,0.4672132397182779,0.46774936108204446,1.5743589514105079,0.03162054700614285,0.028907135596449588,1.4971322848710047,0.4746447450572671,1.3026075876753893,0.6380900446958635,1.371745388294768,0.15601459828865052,1.1033363557876692,0.17090619774273025,0.03255756485941394,0.2392256559752474,0.10179436132430575,0.5960844719033009,0.06867573521843973,0.07153631798095464,0.0651033036732975,0.6243537443246437,0.0,0.0
15.0,354.6111516139416,293.0093421280541,101730.49484848932,7.683619659784649,180,1.3142771635368604,0.6091222218211453,0.09099197175576176,0.03209586562066516,0.3056957126160845,0.0,0.0,1.058046130374226,0.15546482382115479,0.8386480428532233,0.37537132343913393,0.08795644120407398,0.03301289536307201,0.09448220190750546,2.129027189137345,0.030814186785494798,0.9367632711295247,0.15557578823189644,0.8056393225967197,0.35429392110068697,0.4238280819419219,0.4735952346078388,1.4991723750503998,0.032661040886561174,0.028989546923218534,1.4899327485447615,0.452511126957765,1.4292465227526647,0.6821560187986354,1.3391416339075632,0.1549353152915386,1.103643734196861,0.18095588932788986,0.030273582742732553,0.22570973930503216,0.10879230109240559,0.6370158599968067,0.07321902337829779,0.06691606390384035,0.07404233657049138,0.624164879634715,0.0,0.0
15.0,114.0185293117404,300.43422903619955,100754.06159956098,7.695096728427219,180,1.2683006243819812,0.6051459389031106,0.08755225406583926,0.03281724180437338,0.31836889742853075,0.0,0.0,1.0358904018818418,0.15547685129503352,0.8421043522663817,0.32877100497693074,0.10012530882343959,0.03306552509286789,0.09104677338442262,2.120696725097026,0.030655362272457545,1.0703147564288742,0.15575654674983558,0.8020166928639599,0.3566210246482225,0.4799353562036759,0.5032361291262741,1.1588386418270147,0.03317954330693838,0.03321545343424184,1.5736376551782838,0.46345391578256184,1.472461014499769,0.6283018546514888,1.2914060935300113,0.15530846463520268,1.1024181608251964,0.1816545231053591,0.034581684851616244,0.21820288660491127,0.1056650839628804,0.6503025850563452,0.06753626246880208,0.0695853551777909,0.06683456593858053,0.6175053022150335,0.0,0.0
15.0,159.92635132370887,297.97638209084687,102096.41900746264,7.45551704983947,180,1.4302870850914335,0.6107798140951458,0.09921609554347431,0.029683059538821756,0.3126321141018954,0.0,0.0,0.9959453507284393,0.15542722539363774,0.843879786076343,0.36644704115530696,0.09750368071082573,0.031389545187785285,0.08764457027576333,2.3012962052571457,0.02984038154177297,1.0437100887187079,0.1556241990674566,0.7982435994794346,0.37670506485377536,0.4473175579883957,0.4775838143243065,1.2245910152809203,0.03331377672685911,0.03236086305142514,1.3921110910487855,0.44756577926154906,1.2697183590221006,0.6779294395799019,1.3494766164206722,0.15594989434585382,1.1060982264919734,0.17291203854005294,0.033393671334129384,0.2530843993132221,0.1141951331133031,0.5988727191751452,0.06701546531511021,0.0697841289850548,0.06751040121889758,0.6435720790242727,0.0,0.0
15.0,38.49875598185741,298.12417123019054,101177.84264387158,7.423856953524275,180,1.3368525495833516,0.6033214548823064,0.09014665864798449,0.03230247686312004,0.2987932863473095,0.0,0.0,1.0613619102473626,0.15525578538787982,0.8348271744996824,0.36501814470765526,0.09301026948239309,0.03477327480926887,0.0892836748310117,2.3980366606243932,0.03178696901251776,0.9235472198689281,0.15545061551502817,0.8012537802264525,0.3505221235070821,0.44410701373374445,0.4526840297468769,1.3340212093098098,0.03174129397178941,0.03242084329733706,1.5218958471708874,0.42681596014797657,1.3190881071180076,0.6064642554980156,1.381324544812652,0.15535494695882746,1.1069370927103364,0.19247674279673882,0.030957426370239162,0.2300169171177569,0.10905262823530998,0.6284815367309642,0.07153218708255109,0.05980348473657168,0.06445937549356384,0.620050848641577,0.0,0.0
15.0,214.9732014440212,291.25865245572095,101764.58218410725,8.34202800584455,180,1.4406628068751448,0.6092886862303599,0.08853230099809235,0.03363192382598572,0.3051573131764588,0.0,0.0,1.0340038429344993,0.15582600268602775,0.8361971051622127,0.37112897406838935,0.09326255593171912,0.031876121181067925,0.08963551098968985,2.2864794026373922,0.034744251478775204,1.0435955079426784,0.15579984926991075,0.8037814229336304,0.3487588750024666,0.4733683796159823,0.4683672262436043,1.1968879836352644,0.03277858259408465,0.03145309950578735,1.5678619949606676,0.45437600815742263,1.3828604356865315,0.588948396856804,1.3351303086632575,0.15554367363024,1.1058124687819415,0.17994646187263433,0.02996490784302166,0.20988114175494896,0.11168936676003023,0.6358246309501633,0.06542156818637074,0.07002741451184467,0.06701246784275645,0.6430894040191398,0.0,0.0
15.0,86.93590303316702,293.92729111621685,101357.91707351388,8.74709068089537,180,1.2614918666920139,0.6127192915732576,0.07927285936642334,0.030309873356366143,0.3280441229711028,0.0,0.0,1.0101943153347734,0.1554101918633981,0.8404201432989618,0.354741000676039,0.09639635842886984,0.03186269152000324,0.08316708939003724,2.4771599493063907,0.03228072715045465,0.9953617553623823,0.1557963843091803,0.7979925903573217,0.3817186867297345,0.45441106629462513,0.4447580264624412,1.2268675846127086,0.03289808122830083,0.03261581836926683,1.474238571720823,0.4591668871201923,1.3128548802233144,0.5532840035820596,1.4333590829926557,0.15487030319882705,1.108478641603396,0.18415253234189072,0.03227300186238421,0.254175181896758,0.11008560667811772,0.6209930749644187,0.06779222834937988,0.07003211416545975,0.06109803764395291,0.6519398130056974,0.0,0.0
15.0,133.91058952308293,283.062085657958,101743.90987564577,8.327746660600784,180,1.4067424153476922,0.6047451740339143,0.09140651882927518,0.03133653624649168,0.32455707498206293,0.0,0.0,1.0382052546102742,0.1553251400820142,0.8356519892883708,0.34360035555201623,0.09485763822083795,0.03085901087771786,0.09618401335501747,2.259033562205028,0.030200419766043887,0.8892479717219545,0.1549468816227589,0.7977720183034638,0.4051278600462598,0.4696206468117007,0.4762128818324874,1.2927070608880216,0.031226810479465187,0.033287670790086765,1.6558403664859,0.43725718787402923,1.4170228933795108,0.6645516761282467,1.219998002254304,0.15563992801913779,1.1033028658422315,0.17499388559823834,0.030513036500221937,0.23107027409667338,0.11543601084376626,0.6578933608243301,0.06431441884362084,0.07663655732228286,0.06618176379125608,0.5859442466604272,0.0,0.0
15.0,347.8813983306404,294.32184616778864,100495.97530751402,8.557730315206253,180,1.3502843124247548,0.6078638546990088,0.08382853126245773,0.03134532995594085,0.33600573216596413,0.0,0.0,1.1154063298392818,0.1556602759510173,0.8376799117981979,0.3688270803195224,0.08570500225750066,0.03209437543870553,0.08952727019824762,2.260035405386219,0.03339474489050053,0.9486629528297164,0.1554613816468799,0.7989708414298146,0.35045006083282454,0.4857391451680884,0.48972146216139467,1.3105173527478302,0.03479249883946712,0.03243650269710628,1.6424878772682494,0.4288197967675318,1.405059131907667,0.6089948983745792,1.409181814270999,0.15550681836973013,1.1101272564376705,0.18106096707456704,0.030470461007051256,0.24888694829655303,0.11983146579559592,0.6191132153361371,0.06357243660947477,0.07160783696730781,0.07270381540401454,0.5632440703973488,0.0,0.0
15.0,27.013739401802734,284.2376628778085,100757.2031525289,7.42754484461517,180,1.3772939851927757,0.60761391289506,0.09175304672917461,0.03246617193230695,0.30042901110850917,0.0,0.0,1.0610641559199008,0.1556332246211813,0.8379715298234944,0.39452496515810564,0.08908528485192127,0.033662509183203355,0.0818558919529685,2.177888332601463,0.029187368901887726,0.9246041632743829,0.15525605711596924,0.8035892916169047,0.3599837397782148,0.4637540714880177,0.5286686343352462,1.402637731642901,0.030785989036535993,0.03527155868005653,1.3677157192571645,0.4503119900077024,1.425085695865034,0.6163562083010145,1.2751786689695908,0.15538928726862186,1.108315387601515,0.18182618690954166,0.03119723644361404,0.24576179673672494,0.10956461784550028,0.6441343219068372,0.061006775714998324,0.06174255786153308,0.061666419601989014,0.6839422111365072,0.0,0.0
15.0,155.24685127930127,289.85010348188484,100909.76565727791,9.153756570427587,180,1.3880945397849207,0.6093751587986507,0.07788563248532661,0.030924426253597828,0.29990609603997,0.0,0.0,1.1450668995570232,0.15513871036901766,0.837203627528883,0.3835133192700341,0.0908655849171227,0.034143175256368674,0.0998898498290815,2.282730818606383,0.03209669678446456,0.9481289915751555,0.15526373150939918,0.7982826436535242,0.34557482055344607,0.47423682606929773,0.4802683862507722,1.3873560474931144,0.03145883860914481,0.03070909575292931,1.5579895802692152,0.45731463929859756,1.396288683975472,0.6531370531239852,1.3949808033559632,0.15534986954084368,1.1056778808670351,0.18408247878597395,0.030357166463899122,0.23101116312623435,0.11055692034000351,0.6083338716068754,0.06726070717388959,0.06919818584774433,0.06510042424988184,0.6131677457997448,0.0,0.0
15.0,95.84740836101243,290.29248393369863,101522.1752554716,7.8206721755395945,180,1.388412316085067,0.6090381265738778,0.08510955431292312,0.02919778480044256,0.29990689535405995,0.0,0.0,1.1471364550544714,0.15573363068362125,0.8374760263146649,0.3787380144501356,0.09012204113883758,0.03367958203129869,0.08388380508670079,2.529588311453324,0.031642259621029394,0.9883547631198214,0.1552700420134999,0.7993910196441536,0.34679737947905026,0.4871785063661804,0.48286945418060495,1.424574834300227,0.028892004179245066,0.03268159581646597,1.5486452032059987,0.45624084407122195,1.390055744102896,0.6400456161719917,1.3655894754486604,0.15553932622341723,1.1055977750463377,0.18967280654290675,0.030609751479413853,0.2281380829383501,0.10727385523576861,0.643242355625739,0.07246862587908853,0.0652194146132512,0.06381098732419688,0.6130210975963055,0.0,0.0
15.0,139.9390475025389,289.9593763938542,101694.15159790109,9.067862690150966,180,1.366218291204207,0.6103736062258518,0.09044740223137678,0.03160879240723661,0.30956621873935913,0.0,0.0,1.0442423275978798,0.15519496775206437,0.8447664144965279,0.33687218155055026,0.09025576979417999,0.030094283040999148,0.08689976296022527,2.464341870970426,0.03516894551971777,0.9486724597114891,0.15548398022412496,0.7980231479337841,0.35954576185919196,0.4342069325812638,0.4609027280031052,1.4019269504467782,0.031121975224659374,0.029437331189795177,1.5040978902329531,0.48816411630065615,1.32342034356487,0.656239667183208,1.2473493788916394,0.15578908284002974,1.1069539224723146,0.18206330517669045,0.031510980081992344,0.2693545838036784,0.10862701656220333,0.6138002616541557,0.05783770036955707,0.06446213908241082,0.0702306768068371,0.6247397070681328,0.0,0.0
15.0,229.06229507225703,299.40914383149914,101715.40873856314,6.031855399072857,180,1.322957725991234,0.6076449928603571,0.08119409509130261,0.03201338349212345,0.3045396507093471,0.0,0.0,1.0791119981530106,0.15505432527932783,0.8371801239429362,0.3744221841773824,0.08897503902942276,0.032257152965918856,0.08702363149823433,2.170812473164976,0.03267523583239716,0.9451278202050863,0.1551406146595711,0.7968657953832009,0.3681793843886398,0.4682899260884482,0.49122782530711745,1.1800797871839226,0.031470465070227625,0.03117981625372401,1.6249320880018638,0.4781532562148111,1.3835695385725109,0.625911322499321,1.2438856307967825,0.15518362285970624,1.1048568111693815,0.1660409109919692,0.029298155731193428,0.2430554502674835,0.11224172842754794,0.6144644492860798,0.06896376460116163,0.07366681470789171,0.06752413732068996,0.5507057020811646,0.0,0.0
15.0,324.1986266126926,294.21576573460845,101424.34066540873,8.586004447708895,180,1.4675910670257035,0.6042336758770389,0.09411347522602266,0.03266489966414266,0.32323341847619874,0.0,0.0,1.0164953278499116,0.15539529015930648,0.8366870664664476,0.3647176900001826,0.09152636479391392,0.03473784156900665,0.09162490934431673,2.148156552065562,0.033226097974183674,0.9545140076091773,0.15584877252189816,0.8009963665774293,0.39544360485386765,0.502204492347453,0.4105015639713855,1.1890098726825125,0.03252591609654304,0.031335849526574464,1.575162184337407,0.44995891659767884,1.3083054966726977,0.6444506434309021,1.3126310115494642,0.1556464449050451,1.1038567207113406,0.17347851549901477,0.03378599880389583,0.2427649472571827,0.11021075474086439,0.6727036877097339,0.0671820049188626,0.06712706130329901,0.06832875471760629,0.6109845627269032,0.0,0.0
15.0,167.51519793755745,289.5559623495651,101239.53907936561,8.93684902301373,180,1.2316288000595068,0.6081102304130357,0.09391912149616308,0.03004005929882861,0.3188388145124755,0.0,0.0,1.1503199613072796,0.15609657974908397,0.8359467335605139,0.36223949177610365,0.09127981607740278,0.03292155722179578,0.0939770382005213,2.139751758712979,0.03276285498574167,1.0160708885456669,0.15535429304379106,0.7993081100275689,0.41642267282682516,0.4786950375053655,0.5119136960220868,1.2256402428043416,0.029985870612794577,0.03070994770967785,1.4622057399765154,0.4315882987935514,1.438236339679904,0.6175833041908151,1.2909413873493192,0.15555316238891245,1.102534509958607,0.18606424329495283,0.0332181572538587,0.23912031882193444,0.10073559131807115,0.5866146074593552,0.06685929354689266,0.07108024671289702,0.06835306128748068,0.6714795971188383,0.0,0.0
15.0,28.75937046908145,293.189810588665,101230.00444909866,7.860052032151046,180,1.3371480731487997,0.610145950448444,0.08899160914539127,0.029147494388456673,0.30270035050333655,0.0,0.0,1.0745849764616224,0.15572349175408046,0.8402765172609268,0.3880254354375185,0.08981563396232256,0.03379993040978633,0.0801460339825984,2.0704485121191865,0.030736157672994025,0.9697229624681925,0.15518761182945495,0.7995203646589336,0.34636563196746,0.4717525716555847,0.47772871023122104,1.7820540662269129,0.030870113100470328,0.03287777912408177,1.5965719289970117,0.46678134108132313,1.4193697534647436,0.6011485773721101,1.4005317657803185,0.15511034600454912,1.1079951274741953,0.1879266773161843,0.030101372400462525,0.23236343526299277,0.11338147537474702,0.5976698181828703,0.07139802732633652,0.06551845960024633,0.06937238349449555,0.6659211932630499,0.0,0.0
15.0,178.33420036904155,290.77300109528,101582.36915868714,8.500729578766066,180,1.431293014775353,0.6109569867747129,0.09271915431910265,0.031386252751789155,0.30229734408667125,0.0,0.0,0.9628412977823194,0.15589755884958026,0.8387758873471487,0.37569450159987466,0.0898015813297298,0.0301067522775632,0.09416703557564186,2.4803780821516836,0.032113962042597546,0.9924152225708979,0.1560516472338269,0.8027088820408209,0.3799850887435685,0.4523663821030825,0.4675185085159995,1.1545041643827363,0.02986884385961613,0.02845451069891942,1.5088087370620409,0.4613350024934122,1.3778792779955809,0.676835178717404,1.4410360042077175,0.15572041846717455,1.1087828470257306,0.1746325953273752,0.03280913590306688,0.228391195986993,0.11545419970057956,0.5698850626615365,0.06423793312676811,0.06402264334356965,0.06724225824992498,0.614599924263554,0.0,0.0
15.0,120.06025290270927,300.9012368964858,101451.4033518347,5.470543623031576,180,1.463887457927192,0.6117443278985315,0.08756984876879781,0.032880962375283956,0.3330007415616977,0.0,0.0,0.986177910256778,0.15576404344912634,0.839044642446222,0.37947996011692814,0.09316221635491945,0.030856839202097284,0.09097419969095333,2.3865601070971336,0.03433787695305311,0.9910957188989646,0.1553802238950915,0.8021662740464143,0.38027844393282645,0.4462453118888778,0.5118281839456449,1.2196373220945773,0.030392357991059857,0.031236443043885162,1.463497384923375,0.4604619225481122,1.2342504732852662,0.6316599077497043,1.3560788547832372,0.15596674509444572,1.1046263917039294,0.17057870214091306,0.030862146610798495,0.2209533648271711,0.1070834799568977,0.66448682816441,0.07346642518676955,0.07149787927144867,0.06762329718911776,0.6889768151400637,0.0,0.0
15.0,227.45407705466954,298.38762008518273,101359.02588321165,6.852278650024165,180,1.4080436123917441,0.6100110645342781,0.08863287639747533,0.03242376491502149,0.32560216771802575,0.0,0.0,1.024607477108988,0.15533113372919422,0.8390276010427338,0.37061407999016655,0.09372045525551823,0.03319491045100922,0.07700532657875364,2.0902044735981957,0.03208058470852426,0.945907912028065,0.15572286832070156,0.8012919222565531,0.3538261596946765,0.465289273809723,0.5033736828393611,1.12824994344173,0.03148691773782378,0.03203894571019975,1.3687587604336464,0.45541821306791447,1.2731830557486086,0.6354392661633209,1.287963704864267,0.15568927090864057,1.1048161564420205,0.18092878208798346,0.034051184213476735,0.22870142468076285,0.1105970070394879,0.5851071237546183,0.06710103547164824,0.07182906860624956,0.06695442734931792,0.6167673476733992,0.0,0.0
15.0,325.67712379108104,298.477616534148,101427.76884754402,9.771903932743173,180,1.2222913751126254,0.6102535734447467,0.09673473785503031,0.03285244335452602,0.30213404816915546,0.0,0.0,1.0908419038599821,0.15540848106036742,0.8355740823814138,0.3503778808403525,0.08452433551331108,0.03044326295436135,0.08739122500128041,2.5984416947667666,0.03228069187435212,0.9045362542214321,0.15492174860034014,0.7975657913662879,0.35486780221282416,0.45030206344847074,0.4419814350477049,1.4473318929864887,0.028052461160578312,0.03414414687019757,1.651111582144361,0.4628231647857338,1.310005831812175,0.607977261708782,1.4464273179679321,0.15575220520758615,1.1052390181326313,0.1629723452040911,0.034450175265032836,0.2274717765019538,0.10236669750048734,0.6369384664191688,0.06698498681303586,0.0656683418912194,0.06480741668597073,0.5999898227791284,0.0,0.0
15.0,156.21726888767364,292.40776593999226,101214.33742232187,9.495855348642445,180,1.350100068926767,0.6099765330821829,0.086713508234002,0.03167268112594519,0.28970623492408537,0.0,0.0,0.9743440167304918,0.1555116689864123,0.8410811316044624,0.33527067505386493,0.08540704931384874,0.032148664190801556,0.08868913594496282,2.0051314139792487,0.03387143396595601,1.0086786062285804,0.15552865595962126,0.8022922482816237,0.35601495269189876,0.48497985157499685,0.4590948809240075,1.4258584568266606,0.03250315999758507,0.03207077676430286,1.443760010666836,0.44327716076210827,1.4143579737571388,0.5981197511064751,1.2970491753183808,0.1550758674736533,1.1078777885333673,0.16759942964166372,0.033041249032075067,0.22564565206926546,0.11231142072034359,0.6193527219688407,0.06816128181114686,0.06795819405789301,0.06387805929380952,0.6663359042503652,0.0,0.0
15.0,175.1262980532417,294.4052683607475,100502.69841860127,6.29838022971475,180,1.4545277353621677,0.609622736132661,0.09285612005620753,0.03291972600848102,0.30267867538875426,0.0,0.0,1.026598170315643,0.15592156378811417,0.8371470273072928,0.39302047307684157,0.08982040088053626,0.030580258699790332,0.0915385649433738,2.379839166508422,0.032625698607089554,1.0481481295895791,0.1556380883928728,0.7954582485307832,0.35429636173090245,0.48200724501912035,0.5041949435626565,1.58734402069796,0.03232471309094466,0.02985848898374033,1.5113553116166731,0.4291831703647222,1.3629550321865547,0.6214989437381911,1.3358603541386762,0.15584588966620214,1.1023857541243856,0.19312847005041509,0.03242593873013922,0.2453764018231245,0.11791923004995469,0.5825592398073236,0.0688904483883126,0.06446606272805536,0.06776535090703253,0.6295986403879872,0.0,0.0
15.0,157.47856966260156,290.04859596220257,101174.29602536588,8.625789025357765,180,1.318559097339298,0.607330990626446,0.08968804471998482,0.03212527732693437,0.31645247564227674,0.0,0.0,0.960545075499517,0.1555624320732194,0.8376583863605614,0.4061576132758368,0.08253569915502834,0.03571554479103758,0.08855436941060482,2.4105668696518907,0.03183561215209177,0.9531689169989904,0.15558342323398067,0.8007760215977794,0.3771549905791515,0.4461381363219801,0.42663135483894565,1.2638801767985453,0.03256616353105942,0.03339466345330367,1.4195294408217112,0.44420039664984784,1.219292439490044,0.6587048288622185,1.2831562141860848,0.15534372273849767,1.1009436398247312,0.1791363801317903,0.03181884005434428,0.2527870600448538,0.11016658592401186,0.6069097584873568,0.06807167352410787,0.0641887012784291,0.06518098794081811,0.5733683669508762,0.0,0.0
15.0,16.285787427824715,286.98339386941694,101073.9366183371,8.685487293092079,180,1.431162786154046,0.6068546570961381,0.09362330043469226,0.03002456771205847,0.3065995900220251,0.0,0.0,1.0025403605417034,0.15516805407668177,0.8424453478737196,0.3834278152428383,0.09021365078814979,0.02981705121684248,0.08378471783515169,2.3588785234919727,0.03206010027084552,1.011257392962301,0.1558650085865594,0.7989411711077183,0.3344579540755443,0.4614059143665226,0.4740155117988315,1.2307240649985929,0.029398462387508723,0.0319398011379048,1.5254987010839758,0.42444581497040873,1.2411564143032705,0.6238073944199132,1.3100603328453875,0.15587971305176823,1.1031459034735345,0.16652681417732992,0.03166175090618166,0.25112867288323676,0.1203974919499401,0.6617121538224126,0.06898752463487533,0.06645927546794828,0.0645416795187739,0.591373236622363,0.0,0.0
15.0,47.6893465916377,284.350763170044,102050.55055551478,8.527651281206726,180,1.4506829746116254,0.6066040581473559,0.09184129428994181,0.033154166400345665,0.30372010910381997,0.0,0.0,1.0720481280958811,0.1553654204470773,0.8381894412383681,0.33658101716613853,0.09437240252621254,0.03165601891029067,0.09104146287577436,2.427020750724938,0.029598958327390682,1.0261810540218101,0.15599293278799006,0.8020713519760203,0.3722300013168675,0.45483391477297086,0.438583045286607,1.2501884181518277,0.02998417839308045,0.03411142759332824,1.622561889069085,0.4481562210731539,1.4227698813089316,0.6519483825461515,1.3196570340997527,0.15580705102325587,1.1031204603540465,0.17841881807056598,0.03138405482810005,0.24277788488768193,0.10657934671339112,0.6283433386212857,0.06768632091675136,0.07023720583150246,0.06556013021013439,0.6380169740647941,0.0,0.0
15.0,82.06981624859664,284.8105835562709,101229.59241619203,8.106343695332775,180,1.4264862680674135,0.6094699937593916,0.08316758307379464,0.030638971296031353,0.2965961913735674,0.0,0.0,1.0310056043148894,0.15552610455016247,0.8390291453417689,0.39407435652675094,0.08531331229128697,0.031948298413457046,0.0859873259583917,2.6961618775370204,0.033943311505362644,1.0654802202636169,0.1550350362979512,0.8009768146718756,0.3630507918185019,0.47831316929260337,0.4770567002923963,1.1018352743381725,0.03147109128831006,0.03425471268468283,1.6283766936194497,0.4201113292685715,1.3082490946813743,0.6042641751832758,1.2998444551007757,0.15541061672072795,1.1062376202264983,0.17075548835284715,0.03475059984842289,0.24676079519875055,0.1179818154515875,0.629712764512967,0.0696459876947809,0.06546018197662282,0.06446999834828061,0.635888841951122,0.0,0.0
15.0,221.98284350936495,289.1352052368328,101576.34900883025,8.781801565582708,180,1.3196925764637657,0.6119510547196765,0.09196727219428649,0.030016516290046064,0.33108957187544225,0.0,0.0,1.0773988051764356,0.15531075017452442,0.8353081950044707,0.3778047366330247,0.09218549976301656,0.029154232953550917,0.09205048402280674,2.2983804186888546,0.031372187931932666,0.9650838837903377,0.1557846495311988,0.7988395846703239,0.38293701326807617,0.4750766431017941,0.4653205456255263,1.250358952943262,0.03129107201044628,0.030194657431628004,1.5034152075917144,0.48503069382804426,1.352067720481033,0.6405634982221436,1.3817762111586915,0.1552632279943863,1.1062817898651511,0.18276547850936786,0.030721434768314047,0.2513326326473505,0.10696004081604782,0.6275891486584945,0.06900801836326827,0.06971556561257573,0.062192512286405856,0.5830126140964724,0.0,0.0
15.0,165.22024727045797,296.1347966087559,101047.82997043738,7.051605711066968,180,1.3142748532912718,0.6113988510908176,0.09039132803644839,0.03457828404687071,0.3268616751171441,0.0,0.0,1.0608278236136468,0.15534114673587668,0.838735111396897,0.3773570140517156,0.0854400915660356,0.0322298421613299,0.09351104912376627,2.060818181249759,0.033758914015916804,1.0075106483502774,0.15516139948206845,0.8040164991440487,0.3668557031493738,0.45050869877983435,0.476829584802524,1.650600788445758,0.034029449199075974,0.034457163059231286,1.4807431859341285,0.47196222372702806,1.3210518152116437,0.6668755163277168,1.3297560523057095,0.15506288477497585,1.1004402625290188,0.18447700824044796,0.03091994588364571,0.23307085420309143,0.106990004213364,0.6581174276577489,0.06701625197310927,0.06862829247146146,0.07180258977421344,0.6143097848463166,0.0,0.0
15.0,214.72423567906273,299.024488432403,100796.09717784385,9.216807469244936,180,1.229522094086265,0.6034570217133516,0.08346267605958786,0.03302843467133395,0.30109511989309845,0.0,0.0,1.1203794514108294,0.15613363928282978,0.8424677819309127,0.37790596348001676,0.0869318377186036,0.03207561931811459,0.0900913125436256,2.0552089885390727,0.02946471423011201,0.9435578287072338,0.1548864456497296,0.7951114964247414,0.36858858970596314,0.4724241692381946,0.4874783706321536,1.3047948502421776,0.032109973291724,0.03310403232041133,1.6337786912390309,0.4306944306294672,1.466934495310702,0.624319145472341,1.302227422362778,0.15525836769220627,1.1048956968592683,0.1853975461779274,0.031200218454682165,0.2411964573171761,0.10928455376922988,0.5867741157905231,0.0680343775591001,0.07073329080453711,0.06499944576403911,0.591643459855309,0.0,0.0
15.0,290.3773406868132,284.33097366544257,100382.74339730511,7.169583264776033,180,1.2995511888248468,0.6085208445251856,0.08593244609153503,0.03392363060609709,0.32477971002680145,0.0,0.0,0.9969081702617063,0.1557467450596367,0.8415209349082102,0.3749704788548614,0.08331971819477244,0.031680233724672616,0.09077200828529641,2.5149650705541258,0.0340395630270101,1.024949001043371,0.15515605041550634,0.8033059752343052,0.34298637290168976,0.4359268881787937,0.4621541428390741,1.4126541886479147,0.02886883214791971,0.03180884861078642,1.6639090465966524,0.4701999518695091,1.3725464667305576,0.655138890130337,1.3404717009289167,0.15510131770896363,1.1011288051493895,0.17979838504455029,0.029764537296960762,0.2373800265775971,0.11072721084573117,0.6142468985896842,0.06268215163825054,0.06657209941610223,0.06902578769298136,0.6247052067009797,0.0,0.0
15.0,141.05824350806662,285.8206303542909,101593.02104308766,9.957131565927524,180,1.360707524375127,0.6093883331089498,0.08068990596324328,0.03349825329801301,0.30628546935999207,0.0,0.0,1.0809092780888725,0.1558917362258904,0.8366309798840565,0.3291807457854373,0.09374960159650611,0.032272495490121296,0.08409249920030354,2.294437340401179,0.0341403339408623,0.9401237034045663,0.15519642217485433,0.7948759132486751,0.39372584269052213,0.45196640105195723,0.4667679353975077,1.207049201828987,0.029369127541542195,0.031098823597669526,1.4113862261788315,0.4694651990134192,1.4159290026331577,0.6616082436846095,1.262870450723067,0.155438625277718,1.1060015530536533,0.17583284023133827,0.03143093891892213,0.2247669097253115,0.10646685783709484,0.581237288921468,0.06547924196143051,0.06519562536264258,0.06695497102346264,0.6333697936903181,0.0,0.0
15.0,165.53275099360872,294.52187330370714,101033.87564856654,5.351701574745372,180,1.2624889915316497,0.6107176710657664,0.09202960049809684,0.03163810007700621,0.2982073451073792,0.0,0.0,1.0417088574040634,0.15524652411491185,0.8412217359442473,0.3758378580170826,0.09674304519882036,0.03297037842541728,0.09493110514840838,2.613257294653743,0.03412866460505179,1.0255139443853685,0.15547422964208643,0.800409869477497,0.33831408217030756,0.4529976123485018,0.4971964328696568,1.334297105321723,0.031033416695509096,0.034112598446151624,1.559261809329201,0.4696583188979443,1.4217350927399797,0.6415084344180679,1.3406855465331502,0.1551497540568455,1.0994498639031407,0.18646979987100623,0.030872559943220818,0.24911855525591067,0.11258284809088126,0.6232528470374745,0.06829441867901077,0.06920220668654775,0.07330112969285131,0.5894625373821154,0.0,0.0
15.0,81.25674475607852,283.1299845124722,101586.3916174185,6.601126447819732,180,1.4238533355253167,0.6082096275771419,0.08327696322592165,0.034085749381947195,0.33311754414655,0.0,0.0,1.0856186824961063,0.15501618800066402,0.840846403569088,0.3628264203298739,0.0820949977975797,0.032450444626328054,0.08585676239219318,2.0434650394368328,0.03094515186605449,1.061089508979925,0.15515665547201077,0.80214943452473,0.3813985145124578,0.4478724009425258,0.4500821926784952,1.4547611429383038,0.03110592240796376,0.0318042794684292,1.527715855891114,0.47556299406406966,1.3767692870218835,0.6841691470334315,1.3109237311872814,0.15500388546571303,1.10424298858282,0.18539160399180774,0.029859124450316462,0.22891624307189903,0.10870621717090341,0.6074701326017085,0.07043499009372267,0.06587343485014797,0.07091099659657561,0.6316944346240222,0.0,0.0
15.0,172.09705040848473,301.6849910595713,101106.69106750736,7.729340584698426,180,1.426009095997,0.6122334954655875,0.08398365144455823,0.03298753365815417,0.30840690114645214,0.0,0.0,1.1114632121994683,0.1556530423040855,0.839896057659335,0.33794706599940527,0.09084597845569928,0.030408305110275768,0.08900253834733775,2.472023865142375,0.03251564687441428,0.95347495520115,0.15583008544910068,0.8039340973198696,0.332797229133337,0.4663188411403238,0.48060737821533556,1.3460266248580424,0.033622026923129815,0.032505509201919726,1.5297452814899553,0.44631605476072306,1.3182760571861663,0.6664967621432714,1.4309109730372154,0.15561685509879555,1.1014612003931454,0.17405424561940863,0.03378165081282752,0.2354181641715739,0.11119834289403169,0.6170937424693189,0.06769496714604004,0.06853550613699379,0.06153292011353323,0.5478442130410891,0.0,0.0
15.0,34.10515439714012,301.5172890735401,101370.61920391016,5.673121762296798,180,1.28168454736378,0.6092469069288439,0.09237114244195074,0.033264162502517826,0.30433704884794976,0.0,0.0,1.0012945692537971,0.15564433796465518,0.8406119641771032,0.37709010479951827,0.09172638734705837,0.030380063183432105,0.09028458660383794,2.526952122079904,0.034990292076854376,0.9572039542395859,0.15596923726999348,0.7988493094661783,0.39205411082815245,0.46165352945419935,0.4217503888948325,1.1026421084604117,0.033905901992731885,0.03103578609225443,1.6792038914636274,0.44790295264826313,1.3909356620480762,0.6077455846245734,1.3569825653206113,0.15523156154762976,1.1038882050212062,0.17807087324526763,0.03340090391494443,0.23954160880849007,0.11181839915367196,0.5423512400697176,0.06702720694709674,0.0681667971563693,0.06732130269723058,0.5867644226047356,0.0,0.0
15.0,42.538105704048334,297.3564909665109,101576.6468137709,7.695315680697046,180,1.3605728947330848,0.6142523667836544,0.07751956284470962,0.034853996665383066,0.3034971461591157,0.0,0.0,1.0608699680119351,0.15587016491083794,0.8410538937218484,0.3860348423488124,0.08769275471880174,0.03101860374899391,0.09317664558143081,1.9566370139499305,0.031319138852684385,0.9804896931697936,0.15565764338877086,0.7956222004781416,0.3716107550446515,0.447399782274844,0.44785626915039956,1.3031564835033884,0.03386150204135174,0.03203741279546932,1.5762083771657573,0.44974375890093005,1.3606161826423149,0.6360356980702714,1.37015120349397,0.1550157414526789,1.1054200854798115,0.18110257981749753,0.028772982794742295,0.23086585454833067,0.11756798978191069,0.6205863376864218,0.0690338959925811,0.07278153786596613,0.06170766692266455,0.6637844091761426,0.0,0.0
15.0,6.673794733851959,289.48332161965897,101385.96525133996,6.8477258233285925,180,1.304652435031721,0.6077450088774756,0.0918511413795319,0.028670264979227558,0.28048699208230615,0.0,0.0,1.017123078868701,0.15538838967740778,0.83669320772375,0.3406550258977938,0.09383262094175353,0.03301210011127334,0.08591039587833071,2.609180850185112,0.02962043356017614,0.927555268587692,0.15539088023341882,0.8055909571925489,0.3220208489418835,0.49536897046429096,0.46299719538928175,1.392796707056931,0.03158959594233064,0.030703709358499132,1.4911414865398709,0.47876564268311084,1.370579769634065,0.6328216180526784,1.428383161524023,0.15536239884055103,1.1007534848368312,0.1862144942363916,0.032110157000260924,0.23334563080541537,0.11103188866125825,0.7218707325401632,0.06570450855366983,0.060424764138324046,0.06784871022225544,0.5507136230625602,0.0,0.0
15.0,85.79444956227351,287.35358097142796,100457.6824888617,6.316081373236861,180,1.2896881209268185,0.6103862640897265,0.09175267082765089,0.03137425326792904,0.32866465069989864,0.0,0.0,0.9778140355435734,0.15588655388492043,0.8376916546038077,0.3819096029453914,0.09165727939877148,0.028399347686555516,0.08070127740326119,2.200826312493043,0.03308578895260676,0.968103485400282,0.15542285965068536,0.8040511552398039,0.3630790207918285,0.5114956883708707,0.448300982373973,1.4286290650052638,0.03289210431540426,0.030847521478906802,1.5206783490974074,0.47350516579983465,1.4991865306379808,0.589158931986363,1.343662271553893,0.15540271414867876,1.1047348715128746,0.18781190464664155,0.03414844644121188,0.23529362267070886,0.09904912221750266,0.6311037923176653,0.06724048205126833,0.0661219266145676,0.06403247124055969,0.5829375485693943,0.0,0.0
15.0,94.11697139376852,283.83450565112855,101522.15338722868,8.739605950941877,180,1.3908821448627118,0.6115172785806671,0.08463080508676367,0.035288365138812526,0.3210159182585906,0.0,0.0,0.9963300773503343,0.1547296731329942,0.8407810021837386,0.3790299601976885,0.09311099358427861,0.03219040603696164,0.09663878903420856,2.581892154892482,0.03161152261170473,0.9404829733659618,0.15519701697404745,0.79916195050145,0.3787728938178325,0.5051381526317213,0.4388317725239745,1.380379401502148,0.030648845144657346,0.029828124041885524,1.524013238269033,0.4877008235743242,1.2828315822394087,0.6273811329422968,1.381879803701416,0.15561578846788265,1.1076660486413095,0.17825659941297928,0.027341005912991434,0.24734582871968144,0.11730588957155784,0.6303069731553498,0.06685453679597098,0.06543378450008384,0.07391430768348614,0.6159713665762977,0.0,0.0
15.0,35.732990244183405,285.2081808244133,101460.00919616848,6.261919757535905,180,1.2664957982816663,0.610922894534676,0.085527845250075,0.03217687338326139,0.3110974761994374,0.0,0.0,1.0609329361213218,0.1555269697039843,0.8392735246862874,0.3623238195175462,0.09123783767863532,0.031586618928078285,0.09202335140957546,2.5320674889833423,0.028941391771818984,1.0126674413850296,0.1558393619601633,0.8021478383971775,0.38766867174449965,0.48365648540700357,0.47133029478269733,1.2791221316621162,0.03257364046179908,0.03285187520217387,1.5863568252482332,0.4360444833673934,1.3751297039844057,0.5804903631812857,1.2252284687165915,0.15547965283311224,1.1070023421478246,0.16216682602941862,0.03277294653777657,0.23072608310873435,0.10895736943735221,0.6327016837403686,0.06363125299163427,0.06452414128327964,0.07430177582577734,0.5689415230168747,0.0,0.0
15.0,78.62543344614495,291.34549403231506,101530.57975545137,7.769485174029583,180,1.5220942253079457,0.6093638420208015,0.0891186212478947,0.02799038713369519,0.30624938470288593,0.0,0.0,1.0644917674811076,0.15520186797350718,0.8370605617909714,0.3810503016386891,0.09495039492892184,0.03345863548315941,0.08967581262451413,2.016342461165965,0.02919802600769008,0.9948296442041136,0.1555080648474913,0.8015145323338617,0.38825616573315996,0.44786729918755513,0.44683833176907806,1.5377040038415501,0.03135511508371321,0.03211973505268752,1.4467702614492841,0.46933484921924745,1.2393579653366291,0.5892343312025242,1.4340382520860568,0.15537347461121226,1.1002186917722947,0.18246774304984345,0.03088037934794542,0.21119988504044068,0.10470411638582056,0.6688184336573654,0.06794612028633666,0.06990020470239593,0.07279306597296542,0.6410624722926321,0.0,0.0
15.0,151.37956892589386,286.7983335317593,100662.90820365021,8.643345260976073,180,1.4879489219796425,0.6088936338137683,0.08890155322598194,0.03416424205426632,0.2924267824237073,0.0,0.0,1.0482684640459168,0.15501759876288074,0.840213962105796,0.3675952052703499,0.08801808987764714,0.033485684759457346,0.08597828553072524,2.363780640909905,0.03057192653264425,0.9706910266372744,0.15549228101278215,0.8021575442200961,0.35603554549544836,0.45926563265801584,0.4538864964340995,1.3657145955764955,0.031202513954268672,0.033656160808213015,1.6229268376908992,0.44896571319419676,1.4434974892292458,0.5998538124668003,1.3479514837601365,0.15556253286306743,1.1046150089012021,0.16775535487129922,0.030810432107157445,0.26390573170904297,0.12153108787400584,0.6477591470010678,0.06337778229599601,0.07321976086571777,0.0649368342405198,0.5743857915241334,0.0,0.0
15.0,216.28418897163823,286.7185188052298,100878.60981022895,9.275080053002263,180,1.3463533152154943,0.6116471593238517,0.09150719085585517,0.03163231883500558,0.3257043324924771,0.0,0.0,1.023381470083879,0.1553616797684728,0.8401447301087022,0.3885962806651136,0.08100393353264378,0.030952678951499703,0.08802712159213989,2.539685041735193,0.02755541501579924,1.1290868303614492,0.15559372499722746,0.8074042578788204,0.38121225991371477,0.4708968280904718,0.44482777961461933,1.553037176816212,0.02974984084048634,0.03233664669482138,1.5665744733261668,0.4557011252763445,1.3374846987774993,0.6302966276358811,1.3363199815848508,0.15560724705108048,1.1065224205761395,0.17390391900993837,0.029418046476102494,0.24960471715061008,0.10684716471616272,0.5862886686400111,0.06159479767795531,0.06913573511801223,0.07047413535724525,0.6429754372441118,0.0,0.0
15.0,0.1891239085010188,290.4613367475959,101064.67018932087,8.998039758667446,180,1.3966223163682034,0.6080354964351651,0.08772671595619987,0.03198814858783199,0.32821666264105154,0.0,0.0,1.0624158998262876,0.15566447599617644,0.8406865338106447,0.3793233449232442,0.08321459671918227,0.029460144157121324,0.0925022780231053,2.4824022282271296,0.030998502252585637,0.9649177772007362,0.15521613437233572,0.8003382810414912,0.39395062851831675,0.40707919287851546,0.46670298249434194,1.2168792337164904,0.03136092777577182,0.03321298171345562,1.7124391299911084,0.44907274346163867,1.3761649458372047,0.6722424433984309,1.3429149172198593,0.15547601398304453,1.1070231325284032,0.18240025771278903,0.030435030253456303,0.2372370381372544,0.11157777503938808,0.6269851054169345,0.06112170302155986,0.06782688448401208,0.06754524448705371,0.6355188576356745,0.0,0.0
15.0,158.4861468090049,296.0416561923252,101416.60651289314,5.186897869528755,180,1.3956314742281575,0.6097175281197827,0.08867938973365852,0.029892978379057748,0.3103964817769013,0.0,0.0,0.9978549631602452,0.15476704207279932,0.8404825772352941,0.36060391793191937,0.07878079300684988,0.032218561551150854,0.09439114541247552,1.9677843824537453,0.03282731776228748,1.000440459455105,0.15520602181847845,0.8025610007120872,0.36182093455664394,0.473005737104712,0.45089729047835553,1.6347148012800372,0.03082217549045592,0.0325473049394215,1.5830302928647284,0.4324711613039989,1.3600438421306884,0.6418981806896104,1.2620435575638058,0.15563355594478115,1.1043034975927877,0.18011847950632026,0.03127493612039022,0.23050919722685104,0.10946348952322776,0.5411777824303843,0.062191131320095024,0.06944836299286118,0.07047750309287261,0.6083619405399635,0.0,0.0
15.0,56.883942646818156,285.08833776205506,101865.93475386397,5.321246141733084,180,1.4234952255232343,0.6099330918652611,0.09054020969172712,0.03135162364486852,0.289852035755266,0.0,0.0,1.059224730092746,0.15527530275225948,0.8377859957434398,0.3749394237188524,0.09322608661691452,0.032335997455545135,0.08465239032062585,2.523664616722114,0.031385447230936274,0.952848413629084,0.15518962030507785,0.7957649320251277,0.3555203330790028,0.42813460087250127,0.43541087112381904,1.5385263429940756,0.03141072495241079,0.03529897553170251,1.6690539513126077,0.4378300668321511,1.4233635571565246,0.55192325083871,1.3498406536683876,0.15528862885805159,1.104250127744325,0.16720818339419286,0.030562275870614167,0.22180390244242754,0.09559268986202389,0.6322928162743731,0.06667687696416061,0.06840365414494072,0.07118937224147869,0.6454961200749325,0.0,0.0
15.0,9.590730535256924,292.7847178988811,101650.59367704387,8.298262336075307,180,1.3618970554449694,0.607529712442901,0.09313053636872852,0.030911927547362657,0.30070536540224696,0.0,0.0,0.9953325814051757,0.1556154061531198,0.8371093346458797,0.35143563983477355,0.09036369523536489,0.029841362886857386,0.0903908870235466,2.3767685210557623,0.03366840775333005,0.9496821226827832,0.1553454234386026,0.8025894445508279,0.3563240503272225,0.42703857751799357,0.47676614946485907,1.2387111108609548,0.032908238940394734,0.03215904123849007,1.544594043988602,0.43437742316963746,1.3655306098919748,0.6260804539067645,1.3605387741633284,0.15552632157602703,1.1061518752287969,0.16168629644489976,0.03114991193422599,0.23127101064939634,0.11914388422532846,0.5960910586330304,0.07444103831003393,0.06687456676104528,0.06391063968661917,0.6242400199684626,0.0,0.0
15.0,204.34964487415897,283.7438182426979,102310.44147470208,7.669968836505055,180,1.3901376032325266,0.607237073713594,0.08754508609220023,0.033773323100116125,0.3200422134899828,0.0,0.0,0.9820139103587527,0.15496916629269541,0.8385362750529347,0.37473043485961366,0.08445716751531487,0.03465969606012807,0.08433688388425613,2.406436879825143,0.03245290054498016,0.9784348703992921,0.15519529983123476,0.7973747177174219,0.383591128942347,0.47141259962454685,0.4812434725354567,1.3640247691984566,0.03095615320678834,0.03246867949333969,1.362638812483909,0.42140031839029796,1.3920930744198272,0.594907469508241,1.3401761671780539,0.1554612446499665,1.1025429914660987,0.17587592733868065,0.03151695500389223,0.244595707873979,0.11104655400420055,0.680836422243044,0.06363094159995228,0.06560332545923511,0.06733099281901361,0.6104331419308263,0.0,0.0
15.0,239.9905015167371,296.59442748801416,102016.63434023749,7.845204807225409,180,1.2783352384851754,0.6045827902937195,0.09590355694889234,0.030308622000166666,0.2924615152845934,0.0,0.0,1.026802448778096,0.15561127802777103,0.8385037930655884,0.35022761954902076,0.0852039999649632,0.029270920610521008,0.09131346188931565,2.286788176199827,0.03379440571409421,0.9255511574308329,0.15565473632735777,0.7994711116591553,0.36423664875622175,0.46437361007569006,0.4526901468307115,1.4255616258364707,0.029326038153241786,0.03551829008118343,1.7327749690504741,0.503150533606619,1.32451647849759,0.5351654335643172,1.3444586139376897,0.15476812910594837,1.1032868406896765,0.17810206565978398,0.03149248998388492,0.2523852803991081,0.11698838904135765,0.6160772708991148,0.0705105479633923,0.07288790901964592,0.06527927421113067,0.6514558210587904,0.0,0.0
15.0,153.90818721607894,287.52409365388513,100955.29875172784,9.609549170187737,180,1.4077466434884027,0.6088153339823645,0.08862327742677259,0.031525076448723405,0.28439175215788043,0.0,0.0,0.9743143092833445,0.1555708871027001,0.8345664066471878,0.3931180334314302,0.09529490934103817,0.035650826594905184,0.09106875748141666,1.956541193151971,0.03150262238712229,1.0742280971104892,0.15550518494949292,0.7960058163667074,0.3834233148284388,0.4759535210084367,0.45307879463351053,1.3102508012282617,0.027254163548026268,0.02901160970974679,1.553654906134363,0.5075951264941633,1.3448437176953822,0.5740471957729509,1.296457515076027,0.15535891991953904,1.1015901520316749,0.1644360387136974,0.029293504980057408,0.22102025583748794,0.11428677081713878,0.5566803408293043,0.06852872009271532,0.06701645022476244,0.06627470031573025,0.6858680821055211,0.0,0.0
15.0,352.16582077810773,297.16462125836927,101595.01092196078,5.873258333747275,180,1.3826126099114595,0.6128847173377091,0.09242448293542518,0.03252592034010276,0.3295845139270493,0.0,0.0,0.9841330735405848,0.15569166304107512,0.8373969387005483,0.35681166400235154,0.07909968191652496,0.035005015071041604,0.09086040309254304,1.9510129108162402,0.031022613243892928,1.0229936306544036,0.15557209858037932,0.7998578024317632,0.3603724641846099,0.46997147741643325,0.4454619329715185,1.4929837562391697,0.033888534025297415,0.030258087061319737,1.631417747256884,0.49332168080637123,1.362130436818345,0.6105694271684358,1.4621043826600957,0.15575640427978077,1.1060779562163148,0.17886978187050911,0.03220304260081205,0.23189203118589902,0.09902797239860588,0.613525131851512,0.06751755711742449,0.07668278328998172,0.06342381738309234,0.5821631684753288,0.0,0.0
15.0,336.7663536264222,283.98888490980715,102466.01023778712,5.982529343438703,180,1.402961288149282,0.6072819179512645,0.09322607444716383,0.031235544403630775,0.3225862080053643,0.0,0.0,1.0121503803640577,0.15512894321830512,0.8403806977705216,0.3777282267565305,0.08055666618333278,0.03074122170882399,0.09716133089821824,2.439557976081925,0.0324783922759423,0.9996550659342771,0.155251908435351,0.7993414441637673,0.36499524610021117,0.4612759975347742,0.45300505106441247,1.1590073525978914,0.029902086021527118,0.031007475670016594,1.5348926341016558,0.4628546729972973,1.475886447534128,0.6037242964695123,1.3002913332442014,0.1553441053213764,1.1021977809067662,0.17602063860700995,0.03422776550198898,0.23967759913315267,0.10674476526165168,0.5934872245520495,0.060419420621228334,0.07527585960993725,0.06660469527415924,0.6019834554447728,0.0,0.0
15.0,219.16767708640518,283.11547546670664,101635.90823024148,8.462805656926765,180,1.4358734533470223,0.6162852398143358,0.09363557529374689,0.029473428794982062,0.31948611813046146,0.0,0.0,1.0144664804279657,0.1555362421906375,0.8412382281596457,0.38045620673497593,0.08557752944687438,0.030921505343745707,0.09565771104755552,2.3406568914160517,0.031298334926670376,0.9942996060328536,0.1555117042341634,0.8027827693854619,0.4185681553371518,0.47658096303521347,0.49400057364128247,1.0757480330286744,0.03137128940137239,0.030357790361933517,1.5013445694275174,0.44271815958301675,1.3516232508780157,0.6033069043422052,1.3457643205307395,0.15563398007962423,1.1043945598366807,0.18930254680383302,0.034323067879096565,0.23963363462091875,0.11460814309387088,0.567241891560214,0.06489603695364247,0.06105223460503185,0.06344298027223574,0.6792545259629388,0.0,0.0
15.0,133.2970368993949,285.22008674145513,100860.89474159034,5.625143732087174,180,1.3476578238608552,0.6065739653029186,0.08878455394480003,0.03277162233325241,0.29538265196846325,0.0,0.0,0.9751273814974477,0.15531250945137312,0.8392919298978211,0.39477659378958274,0.08973517465402038,0.03137561112924742,0.0876082954277948,2.0958292779362284,0.031176075140792035,0.9060259053892846,0.1552499520906181,0.7988372703711533,0.3691749251732599,0.47756474728160675,0.4663516002965018,1.5034638643677645,0.03141752497893185,0.03306894191492776,1.3924985357558244,0.48202671187195234,1.3474024955874189,0.6370306143646063,1.2686912687348926,0.15545854051616348,1.1001947986555007,0.1722056317446939,0.032949193683971596,0.22531027645593213,0.12368240978814343,0.6179368922537942,0.0687173443306522,0.0693329552434451,0.07196895711485618,0.636533549431654,0.0,0.0
15.0,4.719972970593793,287.74721662051337,100583.32445823967,9.421787162077866,180,1.304063326200816,0.6114987751812831,0.09728548598584494,0.03212228744924649,0.3008300570280372,0.0,0.0,1.009288853834016,0.1552781403805558,0.8376287499865064,0.3597498866822614,0.0926873388685201,0.031484961356291266,0.08563006558652875,2.167404932386523,0.03022567869067652,0.9542146463674727,0.15546999103064388,0.7970007094147841,0.37360247223239745,0.5200106464877365,0.45740290964258684,1.2907854492761597,0.031245810197170962,0.03023208133798718,1.4932656410703613,0.4640169847961254,1.230821362459984,0.6647854651186027,1.268411701847632,0.15533625578604324,1.1042024136158466,0.17891086550192448,0.029702258442555036,0.2442895457076623,0.10166408493713354,0.5888573007740568,0.06370204840208042,0.06751548023068833,0.06586604332582446,0.6493256393364618,0.0,0.0
15.0,134.9614814542937,284.31912762262544,101583.35162333526,7.069936111715942,180,1.3681690533633337,0.6091627498195561,0.09252773186442673,0.03034443179129819,0.2986495577216651,0.0,0.0,0.9534156219234249,0.15523714137773106,0.8375825884720616,0.36864072087585587,0.08426211787187535,0.03185960980295716,0.09826092915846553,1.8504121354964047,0.034196615138994746,0.915072665771522,0.15540457358730891,0.7986900983685713,0.3827457013259561,0.4502134759763411,0.4290351333719288,1.3672380751132585,0.03127038494381603,0.03418624848873367,1.5686008601993044,0.4200430905969894,1.3166029553614913,0.5860290513618848,1.3430912000034707,0.15538883155509148,1.1029073051314626,0.1775789328683901,0.034426151444976336,0.24791453100240782,0.11391537392635782,0.6407425880264888,0.07089772040597438,0.07425748361560573,0.062433194260670705,0.6287304380074455,0.0,0.0
15.0,5.908858088716937,294.52783362125774,101032.32473884721,9.45156657191158,180,1.3028135714307134,0.6079122906438215,0.08679509808799614,0.03319217725459809,0.29408895348899067,0.0,0.0,1.0046174869153102,0.15595028086847784,0.834674140224688,0.3443588564106298,0.0859808257327799,0.029418523801211776,0.08774311604969134,2.129748905036745,0.03468083929587857,1.0452586451508339,0.15558974316663712,0.8016071616126088,0.35059620144216147,0.4503720420650758,0.44352887225670623,1.480191923096431,0.02962407677840579,0.030551727315111635,1.620498582475205,0.4400501912032621,1.3661827433585978,0.6597395418381009,1.4802163690037138,0.15502188982161103,1.1086975032050033,0.180708321894305,0.03142480827303885,0.23590519157736847,0.11312963389374206,0.5984960270151825,0.06274124433180096,0.0667306908953733,0.06859194213338735,0.6199689766165266,0.0,0.0
15.0,193.4115400964818,290.2013120433892,101729.32747502647,7.726926613028731,180,1.4039553205833855,0.6083368115560135,0.08798705569187103,0.032989765215594755,0.2833565486902869,0.0,0.0,1.0319537098777567,0.1553165604186852,0.8398771873904575,0.36582888482645043,0.09181734984711641,0.030802426423802005,0.09110880837226788,2.1825324864177866,0.031893354507112184,0.9982973569802929,0.1553791471139017,0.7983460155028816,0.3492758723883066,0.48393622280478893,0.4609164922033751,1.3785464966199894,0.03102688609307413,0.030750438034686706,1.5455613944925306,0.44884445122550604,1.3653275956746924,0.6512632809526993,1.4252558565327846,0.15509855915653917,1.1095257691659524,0.1772568266866198,0.032948998665952856,0.24182986327875947,0.11080036501236248,0.6173477317055012,0.0670658643234236,0.065850755613196,0.06406548296941439,0.6433108444420488,0.0,0.0
15.0,23.739517664527288,293.24959875812584,101017.27777225897,5.849060187911989,180,1.4247354027216748,0.6072114648565484,0.09621427131692095,0.03156871801722907,0.31617468321172876,0.0,0.0,1.045907110526366,0.15507695344553324,0.8368867413361628,0.3612281433575207,0.08854830433770138,0.0302685699361022,0.09131582730734318,2.057584028140973,0.030632838927176047,0.9333998314349935,0.15576013058888644,0.7992883886101544,0.37187957037976566,0.4509961789868734,0.4566516110854898,1.3868457071389797,0.032026888718736685,0.030867686716443472,1.5266241401798573,0.4361178267196854,1.373280899742468,0.6200636465035122,1.1854305759503283,0.1554707564260193,1.1055977287843655,0.1755735801619204,0.031068062995254404,0.23412138518614528,0.11027124987066747,0.5908329057519485,0.06004271335222392,0.06934266335124431,0.0632294919962658,0.580805124399107,0.0,0.0
15.0,324.40501703368307,293.9011873603502,102387.78736330499,9.789032453324186,180,1.3799711565201813,0.6103480654991983,0.08888131513090046,0.03085724532395791,0.29557350954285666,0.0,0.0,1.0934910175386925,0.15496827030395968,0.836161096558334,0.3297782378138695,0.08829314841788391,0.03278886975743786,0.09601296246870611,2.0585969069836976,0.030411340574422775,0.9990761534121928,0.15516986584860737,0.7959987270335898,0.3549722642317119,0.4500905462775718,0.4733408080482169,1.5230588941677916,0.029829384220469133,0.03084195466919152,1.590146041159192,0.48441146903830823,1.3449899668924057,0.5947155234447816,1.3219436474559414,0.15536068898686883,1.1047708541956267,0.16809174795168083,0.030852536304208165,0.23637202088419487,0.10908995132232154,0.5909956189555561,0.07537951931727697,0.07010484314596536,0.06784840808922027,0.6439921141606493,0.0,0.0
15.0,212.84644913575343,299.5339733488186,101119.1285883937,6.4537576488688195,180,1.4666392593115736,0.6103650055642971,0.08907406718346836,0.03170711415349811,0.30024971908487497,0.0,0.0,1.0438751977374066,0.15514819383079662,0.8357523510671374,0.36409887917172734,0.08610903817443104,0.031051584745055986,0.08764923543347049,2.1586546966467433,0.034327434317375186,0.9756851440953266,0.15567550254658094,0.8005482920132814,0.3696681891356809,0.4286738423213821,0.44523462212711273,1.217185035744187,0.033595676370585886,0.030982125289328158,1.4753290493499138,0.43457265623832997,1.399863540403722,0.6527121848870305,1.3110147910257641,0.15509547875326374,1.1049286520665482,0.16683523740413014,0.03146509231291416,0.25542534882575135,0.12178480820026873,0.5671104522213068,0.06617589969876586,0.0734447602077299,0.05997965322068087,0.6168162892377258,0.0,0.0
15.0,62.51094549065137,295.6249353566042,100909.0283768706,6.55261409851528,180,1.3319865415584013,0.6088486907440772,0.09173610140440044,0.03256192243650656,0.31164023604851643,0.0,0.0,1.0538889560812081,0.15573447126283932,0.8425731145364841,0.35661869728472834,0.08366850799840873,0.03210212061034313,0.09551920784828027,2.301399472605051,0.03151623063499001,1.0193433201742388,0.1554212468999382,0.8006313546293136,0.36547076684312263,0.45210773294359335,0.48000579546123523,1.317378523032309,0.031163856304844195,0.030067805934006528,1.5696613996749718,0.43525068758292007,1.3395101539737906,0.6350912578896963,1.3245774467082885,0.1554965316530093,1.1041492889509457,0.1901855524992783,0.031793544605610395,0.22734037700212312,0.10537870069640833,0.6581138350638437,0.06610232919947281,0.06725722303088576,0.07253858306425874,0.6251474016356866,0.0,0.0
15.0,26.864800969690865,286.4742271783339,101497.8603642864,8.442934409442781,180,1.2121458091422772,0.6093534290558531,0.09532547489780355,0.032375748993639666,0.32299455338270605,0.0,0.0,1.000770570486694,0.1553707109569729,0.8385169926758903,0.37670625831628407,0.0912918137700155,0.03070280234268862,0.08883808818780684,2.5135137131098015,0.031302282200188575,0.9775266714315819,0.15561933678355355,0.7976375439985677,0.33041989065052174,0.5249913849002483,0.47904444074496777,1.4966142528885458,0.03368452586119824,0.029953258818451744,1.6088442855463394,0.4723933293209383,1.3788442392326694,0.6160747623171633,1.2860423127005947,0.15555464263010876,1.1063701970391069,0.1665158937487784,0.03151521421357065,0.2329624938628588,0.11615257073341782,0.5942308885526562,0.06243234299292415,0.07024515596893499,0.06798642709371844,0.6403170571910902,0.0,0.0
15.0,179.7660059182691,297.48219356500834,101794.76507174139,9.177795139281752,180,1.4323360110811352,0.6050033085489807,0.09642466663031353,0.032334783253048685,0.3094260097948643,0.0,0.0,0.9702855286772825,0.15554004664909535,0.8380927491221334,0.36134316681790635,0.08741000807529056,0.03340527837823193,0.08670655501948989,2.040084047659892,0.031237657053852907,0.993525142689074,0.15564750506114236,0.7998792695709555,0.3325134295391828,0.4510033031364712,0.49774308336204975,1.2216091748375866,0.032452503912964455,0.030831791320283998,1.5369775547950901,0.4947295524533279,1.343276921465673,0.5989891835133929,1.2354481892839528,0.15572984518658675,1.1060920709699031,0.17974301822643787,0.03145747422703616,0.2421924683873137,0.10048710060540282,0.64797044813053,0.06946711618751171,0.06665904606758993,0.06986650914371108,0.6098151825369406,0.0,0.0
15.0,81.68296265381029,300.17274525813275,101638.49944442183,7.962217458882802,180,1.425388299775623,0.6118873285463081,0.08282281932026153,0.032572481980387306,0.2978320019330134,0.0,0.0,0.927448987884631,0.15590708901524367,0.837951316165076,0.3608221327262446,0.09016610179766038,0.029008098479760693,0.08048800196020481,2.5582771546833007,0.03144202608811384,1.0175641488291032,0.1554876299585149,0.7970953245618069,0.3395531090349789,0.4785518373283247,0.4861036426984924,1.2855163294950407,0.03162352460176073,0.03190827299220718,1.542139196390914,0.45187757205366397,1.288019005622758,0.575876071017586,1.4693855013246657,0.15525694343796134,1.105896667845462,0.17562266188051254,0.031181254108497678,0.26694528171118564,0.10422958431712166,0.6326136227223421,0.0698704417150216,0.06813857130707897,0.06980227666074475,0.6118637930626324,0.0,0.0
15.0,182.4045622544609,290.32426387143863,101794.46907618339,9.712065050095866,180,1.2113254451012128,0.6078514984470335,0.09323993520434475,0.03163616542007312,0.30006695243553083,0.0,0.0,0.9873013876152114,0.1558478526270536,0.8368605803126516,0.35405695918082325,0.08878483029876269,0.029405439803815304,0.09563599450980742,2.2486671489761534,0.03153664059273522,1.0891074879422984,0.15569237899574445,0.7980569534869002,0.34333661451191877,0.47746041182363586,0.49281242405143916,1.345619284315569,0.031036179368846954,0.03194029459595425,1.5230913502935424,0.4709117711836206,1.4049961750209914,0.629984733797042,1.291732293647052,0.15571219722883928,1.1047757245892318,0.18698042213977673,0.031079429361302584,0.22917260065086645,0.11028456196709388,0.5717082819861469,0.06484407526978232,0.06246965072836389,0.0635045966210836,0.5962526065151675,0.0,0.0
15.0,265.12715345056995,299.1894476937234,100785.11106666387,9.475273860304702,180,1.344552125973108,0.6128882709005506,0.08891609434994295,0.03082086237016246,0.31145367435403054,0.0,0.0,0.9537727729547706,0.15514817061040836,0.8339243848527985,0.3453579583274362,0.09596634659552876,0.033733527989734134,0.09221312730811965,2.5695293218663697,0.03199050218038742,0.9215810117998334,0.1553514344824914,0.8013998565179361,0.3482788870744816,0.49764981126028085,0.42453962808332973,1.422939793400105,0.03239561765113457,0.03261831531749326,1.5239888830092716,0.48378485831599954,1.3342401087370177,0.6125377217828365,1.4161766640961189,0.15553186311261083,1.105827908675514,0.18444932424040608,0.031474392789578774,0.23065888330574677,0.10174487322818881,0.5751006206707542,0.060348953953253036,0.0697070998879122,0.0656130056900551,0.6420910232304425,0.0,0.0
15.0,183.1615767622536,300.35614321126315,100643.38524050964,5.167596936678024,180,1.4257816804217056,0.6139966960953043,0.09205559517979693,0.032205134454809076,0.3155330320844484,0.0,0.0,1.0480745305396943,0.15552956200781337,0.8370136484697419,0.3947790477189416,0.08522962451624672,0.03143844243734192,0.08928724497819156,1.9508509754699652,0.03036238915956886,0.9400054826333376,0.15564120808690424,0.8023595942700501,0.3817132492849657,0.40808734114813255,0.4581729813412037,1.2618967276544448,0.0328029210533377,0.030572546839559227,1.567095963989828,0.43019005667957916,1.4586045010645499,0.6063712312725003,1.2299892854234775,0.15541600397865188,1.1052213214103985,0.1775961543770431,0.02986466572796723,0.2247627121460329,0.11074871699439505,0.5799768056958093,0.06921257950580365,0.06768348988762674,0.0651273379170914,0.6552539998561504,0.0,0.0
15.0,50.64305037461624,285.1552564629646,101907.79462592864,5.918180934576795,180,1.3940418056542179,0.6154668021620039,0.08958093405707562,0.031004727813401908,0.31198690270913426,0.0,0.0,0.9110046191237109,0.15569633922842982,0.8385984294832487,0.35774002073885397,0.0955499366913021,0.03164672546140063,0.08110107311591534,2.1729133364516655,0.030630470011223213,0.930251506716241,0.15513101606524024,0.8016377191946986,0.38014404826149556,0.48740943539584525,0.4473280921969345,1.2945107105015874,0.032575391270856346,0.034315553745660816,1.5492330902548912,0.4965148374961792,1.3910256137305952,0.5857671983767062,1.4048326104823485,0.15600947734434206,1.1068694308932163,0.18530488705534756,0.02943784008701836,0.23126504349736463,0.11956773835139844,0.5949266712750657,0.06851148015795538,0.06938220437699881,0.06662933434202635,0.6201794744349215,0.0,0.0
15.0,272.39687519486125,291.6694479637878,101301.61260067833,5.990284648599856,180,1.3716207410756438,0.611082635600192,0.08963133216305469,0.029852232606378367,0.3042822082064376,0.0,0.0,1.0689235137786632,0.1551168611592172,0.8391103068544437,0.3573684731242379,0.09024164508897968,0.033749332697208236,0.09942810636996824,2.2644628134600886,0.031244975314525,1.1020924634064149,0.15590560254655506,0.7995346200729726,0.39304711798832825,0.4333084721841263,0.464748039120535,1.4465904347817984,0.030227620412788907,0.030743561425202955,1.6595045545746683,0.48611513486127494,1.4082580046355566,0.6288232023313911,1.4163922869118746,0.15521622392508966,1.1067737989425601,0.1710119818252713,0.03092196813440621,0.23489486992014363,0.11030420416842474,0.6265247236853917,0.06675044671428103,0.07132897300960636,0.06261492178948695,0.5602050000915643,0.0,0.0
15.0,338.7585585269384,290.9436407626908,100945.40606358586,5.213811390241751,180,1.2374260250379658,0.6131084161128039,0.08533443154585879,0.030147838287029063,0.29983641369032427,0.0,0.0,1.0828742320496765,0.15557267951084394,0.8349726786866393,0.35413672883043285,0.0894398742253487,0.030101869792467414,0.08430060482099043,1.9349581597564454,0.03156654909108494,0.9415503337625396,0.15554525043496809,0.8024387931532303,0.35429978752387464,0.46701998893970376,0.5019440567372213,1.4598842576197422,0.03001489343490891,0.03251888869890424,1.4478188077350183,0.46732031397070134,1.3899407606963772,0.6400045537893795,1.3037985948685797,0.15558183672800396,1.1076374639454545,0.17440031086703314,0.032730299423522013,0.23233700543270278,0.11126370372853514,0.6133548446307752,0.07209915065049663,0.07125622393808677,0.06554074849025276,0.6199541915829712,0.0,0.0
15.0,260.7883061693666,286.62183056040783,101758.26763174306,6.330269469682039,180,1.388022420011006,0.6126983297785383,0.08625311467988156,0.031232196405198566,0.301673247823235,0.0,0.0,1.0146899492705816,0.15578203353433545,0.8366049141224938,0.3877448793169264,0.08784315185550064,0.03253120686736267,0.08597052670071542,2.40461568341885,0.03184484321008542,0.8987846820941945,0.1553744799495057,0.8000246897209498,0.3927689292844066,0.5013435129644419,0.4734257560030193,1.3757385953043484,0.029466730221483634,0.03227764232143776,1.474674606162993,0.48942861489554434,1.2665813836957804,0.660369766811598,1.2787966836605573,0.15538681516918598,1.1025077928387952,0.1792009257025538,0.032336888033782554,0.22501992698648876,0.10935369315190689,0.6349538352722176,0.07032020708267185,0.06359396007524491,0.06836333260001232,0.5905056490524022,0.0,0.0
15.0,89.09580376831205,292.7252821066767,100919.66705474813,7.3959023373791695,180,1.3059460381718704,0.6063053686970726,0.09211597752526984,0.028868787456270188,0.3239294801824171,0.0,0.0,1.0530829471120493,0.1554203646389735,0.8339071996966178,0.36296043052077753,0.0890526550581088,0.03120031530931014,0.08914089589337018,2.5624490429027804,0.033252021341466376,1.0112168765072544,0.15576083446325856,0.8029697018251212,0.3879455346693095,0.46549842010342135,0.4908762632464925,1.6133791204422818,0.031406468454683305,0.033128247050483714,1.5446266856875877,0.46566649388734827,1.3207394581999616,0.6636490341397829,1.3406465825704688,0.15550501899989938,1.103383696186746,0.17215137694351626,0.027871641498450127,0.23169759687582947,0.11769173377265466,0.6652122140241195,0.0623714393158549,0.06053996221456152,0.06977270221634843,0.5501531325042074,0.0,0.0
15.0,22.031933300704367,288.1451511003807,101768.59584251298,8.714063145190883,180,1.3572940063095125,0.6076453878355431,0.08621781591919275,0.03038720737022166,0.33084745122509396,0.0,0.0,1.1033844697852138,0.1553078654234154,0.8387828925424016,0.369274710123449,0.09475630217802093,0.029415450834492974,0.08095147562957707,2.1769198687240925,0.03189375400618588,0.9715982082983475,0.15549332248699685,0.8019764289752918,0.3651931584836711,0.46467927833138284,0.445886681941508,1.2733297376610038,0.03276831530756294,0.03608814469983734,1.5345059228842544,0.43916293227790104,1.463662784323965,0.6434658235756734,1.475057036672579,0.15578727988267763,1.105475951341951,0.1903892145942145,0.03249686690802548,0.23814914514842134,0.11014601732402285,0.5978486674018918,0.06504703147791982,0.0767897840467419,0.06852562464101587,0.6400324997530937,0.0,0.0
15.0,218.06255111631754,285.34319513875107,100825.23221178193,7.680114043685975,180,1.3887328232545957,0.6093872983877783,0.08739271374956147,0.032338485805302436,0.33587377671098817,0.0,0.0,1.066190906390132,0.15583157864901137,0.8322234480703242,0.3683973248881903,0.08381148545556671,0.030712892153009843,0.0917470905271017,2.6079538899602626,0.03477487015362013,1.0119168530307485,0.1554387352312715,0.8002863222546203,0.35026713779826424,0.46846592504004125,0.4898231700414567,1.5169818590473003,0.03242450055350984,0.03306316222021931,1.5060454096623894,0.4487745619067704,1.5111933234632222,0.5949937745943692,1.3398210073386747,0.15552956871215748,1.107432568896587,0.181084010573153,0.03036064842506515,0.24724740113092622,0.10859322965137445,0.5772599200969598,0.06886208030864775,0.06654430314455756,0.06933924400508441,0.6447489362423178,0.0,0.0
15.0,211.05639317143658,291.7376907974835,101845.98912342006,5.902670737999221,180,1.353237577093342,0.610719250831829,0.08776263242972522,0.033113394218398096,0.30047887523380634,0.0,0.0,0.9033165475026531,0.1550510610501354,0.8427091022041494,0.3396801158043777,0.0815561466877877,0.03075722594234448,0.09408468850202646,2.0582437674997016,0.031642636076599666,0.9182601567668545,0.15527662384698793,0.7996745267558011,0.38670588807557016,0.46834590753473215,0.4959090674180998,1.3266351005159438,0.03504984642082498,0.03347832623294097,1.496422518408698,0.45153525858906834,1.3598615899802904,0.6391053234219587,1.3743843715400939,0.15566293578862989,1.1035559871717684,0.17591198507512962,0.03352083489378459,0.25452664680209747,0.1236133748504191,0.5742981303981128,0.06174501450769054,0.06236589430387336,0.06924895810635613,0.6143755590510244,0.0,0.0
15.0,211.8109353018444,298.7294412583912,102153.86315918727,5.938231352194892,180,1.4473483825604625,0.6138561945194986,0.08476246486997491,0.03287302752776124,0.2995239758035069,0.0,0.0,1.0708378805242553,0.15548310511660232,0.8464657301431235,0.38577538562413205,0.0931038011235933,0.032006178210481774,0.08443184199410386,2.3931698818560627,0.030753890143211948,1.0228756030249702,0.1554411419561439,0.8007061746280354,0.3699073844253213,0.49849035764916927,0.46227156615413817,1.4493430336002988,0.03153132976351043,0.031000415949465003,1.6397448577300944,0.47657202068587917,1.2844968424921213,0.5946151391289555,1.3770896125773737,0.1555555850656375,1.1074555231910759,0.18122682728020476,0.031731721363209925,0.23167427605008598,0.11107527318630574,0.5910794665534508,0.07379275621879834,0.06508665922965913,0.0641669679066168,0.610839926142475,0.0,0.0
15.0,38.28769704547253,300.86468800632633,101875.06033640535,8.960593062560907,180,1.3847691103698911,0.6138791803625573,0.09188589002358659,0.02999076358560322,0.3192300332990726,0.0,0.0,1.0485965106499773,0.15531256912876007,0.8373765766365246,0.3671677148358319,0.09434519792877995,0.030936699542975774,0.08544760455712136,2.2217556784083468,0.03347557133403741,0.9702551256310531,0.15527895483104565,0.8032444443813422,0.34144010404082137,0.4745943838427377,0.439616310839437,1.2678887961355572,0.030278726705182415,0.03150145233974101,1.6334719126466222,0.4869311887752882,1.5162278751757938,0.6964305721846773,1.2979385450159848,0.15540790823156128,1.1090089813727624,0.1746694236105996,0.031667491441865585,0.23242214499808,0.10861204067212263,0.5914400733455801,0.0673170542577257,0.0631848139170842,0.06841879487117662,0.677739036554631,0.0,0.0
15.0,346.5747908675566,299.06924451691555,100406.26145235424,8.478827740871727,180,1.3235722801072005,0.6090560858624013,0.08817654152711928,0.0298183583566739,0.3137119926477235,0.0,0.0,1.0130785629175219,0.15557041572110122,0.8350821853369123,0.37747866770939703,0.0866859971692038,0.03355827483568239,0.08836375096364286,2.3901350855785237,0.02820899437109992,0.9396308093367651,0.15537421899029583,0.7933392361707571,0.3787237085572495,0.44217122303961565,0.46862889740255,1.3965355132225483,0.03220919742180285,0.031563854742840285,1.5390876670528284,0.4513288025215304,1.437744205630909,0.6557962034629933,1.3585384081004457,0.15555242929836052,1.1021424160152717,0.18325079466311098,0.029552313251824294,0.22748692964955727,0.10605532060239867,0.6375194371000155,0.06638968396573626,0.059976645366276976,0.06907868012253193,0.6597317004689244,0.0,0.0
15.0,226.37194527406245,300.9085237819526,100522.7709957128,6.26099892336696,180,1.4035878323458524,0.6110546153334828,0.09290694057856479,0.032332368718510675,0.32670164107047633,0.0,0.0,0.9970959698494385,0.15565053622617034,0.8383980216964982,0.39431565157598564,0.08605350580807639,0.034324988232993445,0.09198290694622262,2.189600979157011,0.03262622413564454,0.9815804283525394,0.15508381194964604,0.8044858770775125,0.34988403515301364,0.48765589960358774,0.42862633372739056,1.3809942184595914,0.02884341382680078,0.03155047900997852,1.580351149099033,0.4008438022813838,1.2439054014048014,0.6533427042790622,1.3430060662003858,0.15568666864630928,1.0991560230918125,0.1713005042312272,0.030171755399357895,0.23146739108609823,0.11569063884719946,0.5860682025946076,0.07148076603135706,0.06666641978737091,0.0633684954663637,0.6359649612617345,0.0,0.0
15.0,308.81923937527586,293.02447507576716,101108.44494905639,9.646260045403775,180,1.264967466765908,0.6075163260113688,0.09522257042888159,0.03235294844377394,0.3184768345124004,0.0,0.0,1.0928154113974216,0.155263643174765,0.8388487041415701,0.3891774333054885,0.08717162226255273,0.029646252952521622,0.08544928413588505,2.394530792223882,0.032525922985317667,1.0208476170126215,0.15618852868341235,0.7990128027610853,0.3770018210324729,0.46970331274449195,0.4402681654054237,1.6977546258164828,0.031918911030932244,0.03398865675986351,1.5531684586504455,0.4176205788538459,1.3925873765023857,0.6692007645812893,1.340639988791291,0.15569172292338992,1.1069930005555513,0.1718199816099652,0.03177378118530075,0.2296603706707668,0.10375960284053969,0.5942554761189797,0.0725109608325975,0.06632280154497484,0.0645845519990679,0.6332627410991069,0.0,0.0
15.0,196.7494127363024,291.67780045852675,101244.3040397589,9.560806046686002,180,1.3124801825933938,0.6123978723121449,0.08545248789041592,0.03117911538199591,0.3051651283007131,0.0,0.0,1.0609335078782254,0.1554140995201716,0.8354824009399974,0.3517914648499336,0.09402164881077665,0.031594826511164784,0.08863486803930437,1.963481427181279,0.029363317209010375,1.044340433027498,0.15526215693174691,0.8029209919512372,0.3473340716925146,0.5333008567234446,0.478608953598449,1.3797424181475126,0.03242466359283759,0.03283461407599691,1.4208601606945046,0.4722371490848825,1.409866570568858,0.554938388239457,1.4377241364178917,0.15504959508551674,1.1021285688386426,0.17351110487759056,0.03286081243645792,0.22056845525721663,0.11333636690379811,0.6190313938122061,0.06786377737857929,0.0682033940081154,0.06687367164583598,0.6377039408084171,0.0,0.0
15.0,125.80983113832514,287.2408195281475,101369.66784497385,9.215022680285188,180,1.4154161576383042,0.6089183480073602,0.08822194166253043,0.030958971878655706,0.31314146469015686,0.0,0.0,1.022772653788715,0.15522556602886425,0.8398149016287638,0.3543697310584931,0.08770358313868712,0.03270858044625044,0.09068476702468765,2.5341152803284333,0.030589830227861787,0.9031955477211792,0.15497239915326275,0.7971241920026775,0.3923875864995154,0.5083863197387624,0.4840995098932194,1.3640051122717523,0.03190967467223677,0.032368086033575875,1.5091785598115826,0.4689859251622856,1.3614725089069375,0.619652225257659,1.2745444435007554,0.15538139198053882,1.1066879552327016,0.18427113831003594,0.031214705920998304,0.22343764800628643,0.11436681706054377,0.6242236986536267,0.07375346331351453,0.07121298164404741,0.07508630588752183,0.5890636249014735,0.0,0.0
15.0,319.5922681372231,296.33992496231957,101713.0280694189,5.018982599931427,180,1.3474063248958297,0.608663015327902,0.08797124717920869,0.03350839014997357,0.32257503745991434,0.0,0.0,0.8476962009556469,0.15558478667442407,0.8403458756505645,0.3682315146932797,0.08458721247581556,0.03227490736287397,0.08609493621802966,2.3409949328622277,0.033798405151255,0.9466202639714247,0.15531181250857315,0.7995889484247288,0.3512997274935434,0.4462509330837786,0.5061940091658877,1.2613396343377468,0.03292552355041349,0.029007970175122334,1.5323650755732254,0.4741585218181546,1.3669180167283155,0.6101826077043198,1.3504088227608302,0.15599540537390524,1.1097313737508578,0.1766620671591167,0.031722114384837304,0.22406150852090873,0.10886012282558466,0.5567031735007113,0.0678912206052043,0.06833656617060299,0.06698356116373651,0.6061202476073473,0.0,0.0
15.0,286.3604976819736,296.50779846291954,100384.25805587301,9.146477024912457,180,1.2814908544432375,0.6110433428618827,0.09275830372870672,0.03453492890757427,0.316292475759253,0.0,0.0,1.0477172991320018,0.15483100333788083,0.8387927888953559,0.34426413753279195,0.09584144791532187,0.03248681635258376,0.09320907567841787,2.523416427242234,0.0324836220158655,0.8610508794123459,0.15514509235289428,0.8015299889321368,0.35836054378096593,0.4546902733087067,0.4898297314496317,1.2570675724969884,0.030874721019483905,0.029176150474212636,1.519991710521852,0.44608057346925256,1.3622475023959233,0.6073815529259182,1.4377998245754036,0.1552804599276742,1.1068998133023917,0.17799237997762976,0.03284212330148877,0.22522659974007092,0.1114470853655925,0.6987886031809212,0.06376321740059136,0.06304659727470241,0.07258130509995853,0.5877641189503855,0.0,0.0
15.0,187.06664481584212,296.21863969513964,101761.05280484149,6.130655841494867,180,1.380284917886856,0.6111891323523794,0.08686643539618776,0.03199696131796274,0.32143784084183585,0.0,0.0,0.995353695103629,0.15520397039868739,0.8370577202732129,0.35170257418476863,0.08535824351811147,0.03215924140896231,0.08715550116873942,2.347507995391112,0.03230690610029864,0.9861622451100663,0.15525749354769575,0.7991009367616736,0.35981215635646335,0.4777875702895508,0.4891617145548286,1.2710913843600893,0.029876948002628367,0.03412084353523066,1.476445707978293,0.44790429967705475,1.3138905291666965,0.6465398657476233,1.42365582850473,0.15566628850282085,1.102590366243765,0.1804571645777553,0.034153355034293204,0.24959379069794727,0.11209851857200637,0.6007640409314475,0.0642945081905724,0.06481662274496362,0.06805315329635546,0.6334664199650692,0.0,0.0
15.0,76.54015941300734,291.45319980573476,101671.2869523949,8.445620671601505,180,1.3970919089891947,0.6063142273194889,0.09469668479781305,0.03175946824100592,0.30446783486504925,0.0,0.0,1.0186131669556013,0.1553702508995944,0.8326875361139993,0.38520290411620406,0.093250137717031,0.03198897939478696,0.07826037421659077,2.1164909455574934,0.03126056271756448,0.9126775977661467,0.15549345613171636,0.799883081258617,0.3616350010086274,0.4513497797846441,0.47166142713712145,1.3448867702828535,0.03346638855497283,0.032465845776816035,1.4607235400972995,0.48097233086369195,1.34299221044745,0.6485127943364666,1.364894936548941,0.1556513669164049,1.1001805180242212,0.18399678986798412,0.03569157573266939,0.24766734883085761,0.11429642191944644,0.6541493824327217,0.06519060533793293,0.07168682704309848,0.0650451870531726,0.5957363285268285,0.0,0.0
15.0,215.46926107844857,294.1529882644778,100277.02600790802,7.884589156879135,180,1.320420853866323,0.6042418256890685,0.09293117282975503,0.03154737861132324,0.31042753530552214,0.0,0.0,1.048062420672524,0.15547342205281556,0.840035218594764,0.37511370159364726,0.08533311913179858,0.033290849333718626,0.08501935155550462,2.2357216870956935,0.030101085233150606,1.0032773222499385,0.1549403792082861,0.8015007097362323,0.37638526368215325,0.45058572256277557,0.4538946036089151,1.286435008293229,0.031397893032833156,0.03163719490039122,1.6798794715539254,0.4749067092007294,1.4420920592803033,0.5685538451898681,1.3744401170198455,0.15564260142743716,1.1038253332247598,0.17692444216197087,0.03429239236349177,0.2512053893544303,0.11160627530718259,0.6253026243703211,0.06830966869035071,0.07471002415095285,0.058038844754078014,0.6628119803557211,0.0,0.0
15.0,1.8211696728850013,292.2150264411657,101448.36393055104,6.030118735615401,180,1.4245014825887188,0.6116822975777911,0.08688833109290767,0.03159525154787711,0.315493105829639,0.0,0.0,1.0886979159956922,0.15569384721159815,0.8402471315551208,0.36708663212655046,0.08677694420944575,0.029301593220951085,0.09337534173374955,2.1459835908455624,0.030982974326595678,1.0200904348810955,0.15574160966661663,0.7974235620443438,0.3444529834278647,0.5194183719139577,0.4652028672535966,1.4791633472143688,0.0342256456075303,0.03301525239931783,1.5722608989081523,0.4634566332762894,1.325487838707217,0.6328056868454198,1.3259848782958676,0.1554571428919087,1.1080886977119064,0.17542353840622002,0.03187944783289873,0.2384704734303046,0.10592233668979145,0.5686700866988162,0.07020875903720768,0.0673973474643097,0.06664894394319648,0.5948196411551422,0.0,0.0
15.0,176.89109740594188,297.9830626918678,101066.7144707468,6.3012267799377595,180,1.4333960449170537,0.6144739543923345,0.08977472158460059,0.033283314690502025,0.2931818788279724,0.0,0.0,1.0953348036697936,0.15521739911561133,0.8401117619508418,0.3364325053102451,0.08506828262021277,0.030240160112395078,0.08786645544825955,1.989380141544527,0.03366857131602044,1.0042518389139277,0.1552809049112411,0.8016989426024876,0.3660147318402592,0.40746320739032055,0.4504873888480223,1.3704900527867163,0.03167049425849874,0.030451957878022476,1.5432782551470081,0.4161355875807636,1.368410922201949,0.6373036129558168,1.4906997093036694,0.1553352634815656,1.10310681032435,0.1807430428349401,0.02863067920040963,0.22096672843235948,0.0968762548016925,0.6181453775647328,0.06618818509400519,0.061739343525242386,0.06479049698546378,0.585284289126287,0.0,0.0
15.0,110.93365903298854,286.99116073574646,100518.60988335594,5.4296442196249535,180,1.3511372054073634,0.6051795529778393,0.0823905805876221,0.03277086295914073,0.29456556764306774,0.0,0.0,1.0615796324684967,0.15565117476418855,0.8395472379601299,0.3797907120080527,0.08438295870371429,0.03172564024595354,0.08855224597078701,2.2938624124054185,0.028548355064587652,0.9824839857183835,0.15531508224156929,0.8059334221080411,0.40270819583039796,0.4911560058671316,0.46299801440945326,1.6094197382471802,0.029693806033880204,0.032234162920090265,1.5022247740031942,0.45353248757294273,1.3513262585839185,0.5888898989435168,1.327683083383019,0.1559295946105414,1.104894977976995,0.18113601461403367,0.031261887916732116,0.24301454828643151,0.11216555973894923,0.5866096531053596,0.0580562146552997,0.06624505476406825,0.06654743873702583,0.6529893235334534,0.0,0.0
15.0,55.99485720558496,296.72160820955247,101019.71667579589,6.044383081709329,180,1.3058814328085482,0.607906753672623,0.08667077361466018,0.03399112085280462,0.308293363989125,0.0,0.0,0.9170155953872227,0.1553302212995103,0.8383351320524817,0.37341065810307106,0.09362608142525954,0.03321902487423233,0.08969161460526116,2.039480290547242,0.032557269397068905,0.9691831094961504,0.15544373293443065,0.8010412367565926,0.34367347551588723,0.48139269210414953,0.5063696550604118,1.3867243679456456,0.034209654202119466,0.0330292478082159,1.5565605271602143,0.4163954474142764,1.3777722552046023,0.60932181246533,1.404939050352772,0.1551667552802449,1.106960283925924,0.18716313194350248,0.03393278699801046,0.23063896736677234,0.10771552335492786,0.6293310885080907,0.06798078518524743,0.07074335119568259,0.07020854702515573,0.6572150008652976,0.0,0.0
15.0,261.5051150055212,284.3160131064781,101088.06222100068,9.247024239346786,180,1.4672369836852546,0.6127948984319904,0.09337312870968775,0.03454291838556914,0.28681571767749187,0.0,0.0,1.0293858041731572,0.15582009058895335,0.8382459088999291,0.31800022359629504,0.09326766190524534,0.03099810311199446,0.08813337121416548,2.281668952060256,0.03319499938991706,0.9718975799403657,0.15554136463038262,0.8004876719902966,0.3929777681749752,0.458905542015338,0.46576461754030907,1.2433128495091788,0.030431722715378553,0.03202205033419808,1.6038849475015855,0.4370498087010886,1.2732855731571362,0.6202575511337552,1.2209056310909432,0.15522879018789873,1.1058699581194078,0.18798924636734463,0.031080308120188468,0.23626234521452222,0.11587597682682149,0.6486334428021747,0.06530374262361283,0.06259587480295761,0.06587918380577137,0.6298981865157762,0.0,0.0
15.0,355.24218598853355,298.31345100892145,100771.49690171028,7.543923755811534,180,1.3075573620345078,0.6058240101566816,0.0919725553660959,0.03243387368154599,0.31323618675703324,0.0,0.0,0.9755785107437316,0.15496220398594604,0.8405759344409418,0.3175307206994191,0.08583231308604766,0.03181079931751699,0.08922942330202714,2.1486601676864385,0.030742317007846798,0.9564503637049014,0.1548281578490376,0.8013801496388698,0.39530138218524036,0.4806267717658329,0.42113055626334883,1.1867955518641915,0.03248327050920295,0.03110946539086826,1.4955827333767806,0.41240776851677063,1.3848637878867205,0.6949756966972708,1.2984897967624827,0.15576776100714113,1.101595426444536,0.19107303694094577,0.03230473553654433,0.23393687404627786,0.10228775537763062,0.653660931532876,0.07403929370931159,0.06346209644330177,0.0686934999831122,0.5523493774251835,0.0,0.0
15.0,255.98672188606105,295.0037481762938,101904.26598182606,9.965233113227338,180,1.3855638060647615,0.6118649722762125,0.0829730727665761,0.031713201428700585,0.3284387648626217,0.0,0.0,0.9917054295078032,0.15524715035598668,0.8357471277632754,0.37589177972932475,0.0875443385051905,0.03171760067374459,0.0893294853604561,2.4022501515139782,0.0318154245698286,1.0493638863835177,0.155395365440155,0.8030103099162621,0.3740273450365707,0.5065310253241816,0.4710898642908535,1.6500409189873935,0.03025542296315882,0.029714408057723813,1.5068278312964163,0.4661054266131194,1.4681121961664358,0.6257907484027423,1.161136692561399,0.15550572455384495,1.1091102999126266,0.170194961026383,0.031368842612778766,0.246605729953648,0.10710340108557803,0.6135330265043816,0.06501844742952283,0.06543613319920384,0.06932163086768219,0.6172321103064294,0.0,0.0
15.0,175.61944260437875,290.69906360481406,101672.3172788353,6.52224885103803,180,1.3345010228631942,0.6117533966809767,0.08115898913601394,0.03160359850891624,0.289568815438723,0.0,0.0,1.1240676503115812,0.15578204802774323,0.8371569871316599,0.3659470200729914,0.09425723886766602,0.030932485690916212,0.09231821902164812,2.3068294317845255,0.032780127536520355,0.9979761515522845,0.15526210661017048,0.8030209134016743,0.3920026947729382,0.47083545290517775,0.44482967047334043,1.4338906726948002,0.033108725087074464,0.03220785941055257,1.4380748647551724,0.46843234799830047,1.2797483760629496,0.6147121519193206,1.5221884161072563,0.1555258815303227,1.1040789997879807,0.1831864646044704,0.030090669754356265,0.23610672337403565,0.11902656607090376,0.6599320718848539,0.07148374295805487,0.06735879719634365,0.06546100206212616,0.6689504439267254,0.0,0.0
15.0,35.684439094076495,296.26932882555565,101077.16273083305,6.17746290170812,180,1.3992341981651675,0.6068693931591607,0.08709870728378998,0.03052086215655559,0.2862204214480269,0.0,0.0,0.9917040107913733,0.15535332500145924,0.8356531926498553,0.4190223364209815,0.10328175903852257,0.03003977994673965,0.08588315065708785,2.503203880738475,0.03513240122235882,0.9679537921626287,0.15532316672034077,0.7970306635733736,0.3637989473057651,0.47616416018598157,0.48493147790836033,1.2083594588679143,0.030862079631119997,0.030080344247743897,1.5607322281078693,0.4589265096730679,1.3320754709797664,0.5812664696523218,1.300745884153092,0.15587692224544442,1.1023427061953692,0.16114794590396675,0.0316694160713767,0.23639501496155607,0.10293299991473251,0.6317003728076257,0.06537697656310176,0.06749903377673767,0.0636653313288228,0.657178918714786,0.0,0.0
15.0,52.983463087567756,283.86797557027336,102573.3236208434,9.101529503596952,180,1.386311435937615,0.6069943430803582,0.08466943939628166,0.02843988328502297,0.32341598320647436,0.0,0.0,1.0105146170361954,0.15550442178284854,0.838458599516663,0.3534083893529454,0.09018176467129967,0.032071338418575145,0.09088896053222105,2.114825685630706,0.03146881123311803,0.9926940092827016,0.1556791248623073,0.7999674657273388,0.36590039965779747,0.4840449102550739,0.4181051361918825,1.0339464695507463,0.032090611528231235,0.03137716521630092,1.4425976857194964,0.4503886461770118,1.4906758212334894,0.6304529817968374,1.4298241592243761,0.15578730977277663,1.1067239620382878,0.15594917366083233,0.03055925493287088,0.25626606602669383,0.11412993102956502,0.653685572250531,0.06661057121640174,0.07069951881036611,0.06712606105529645,0.6403102257745997,0.0,0.0
15.0,243.43844884794547,290.2841541219797,102002.91227978819,7.747830391512752,180,1.4531825287210338,0.6085693139613028,0.09048763964105422,0.03190684410437704,0.30160448776158433,0.0,0.0,0.9974970277260653,0.15529130861182724,0.8405070415161379,0.3624309326575154,0.09060955037205248,0.029653039098005207,0.09172707775086714,2.1855561531013232,0.030391074437588317,0.9214042291302271,0.15562433273954746,0.8027124809882166,0.3555490929536146,0.47435776943994024,0.4922773512025099,1.2961507803283947,0.03128467309271765,0.03000679918629814,1.5261783163460687,0.44583409125354495,1.313051498625914,0.6936584424020642,1.4303272031064844,0.15594683074198765,1.1065907940463968,0.17030696191684114,0.03060447134099369,0.22942878199145694,0.11610495267277893,0.6465367448492234,0.06396459331842323,0.06874841182894219,0.06739801968967928,0.5855072805781757,0.0,0.0
15.0,274.1703500960125,291.527177848201,101248.87463202473,7.454572530175383,180,1.3377499993900566,0.6064146813810642,0.08768366333845885,0.033541334032563076,0.3161003570766113,0.0,0.0,1.0549897014827285,0.15559979858586068,0.8376810370056864,0.37094623858286657,0.09614966958688005,0.03114281597591524,0.08697909028920385,2.4105635969237658,0.02957331970504943,0.9554987105965593,0.15585666776235435,0.7993856822092624,0.36284843057096616,0.449533206995722,0.4426573576069446,1.4071391083616045,0.034507122901126404,0.030380993908711844,1.4700716844797195,0.43180670971101165,1.275128965803868,0.5866488650478291,1.3428019828997377,0.15534683499081933,1.1051993791727466,0.18725721363088405,0.02927252190313861,0.23909819905324214,0.1206778820497141,0.62641445979775,0.06603448160983216,0.06408126712781763,0.07149920120849204,0.6584161846767514,0.0,0.0
15.0,359.55544116438637,294.2056133785265,101165.036592414,7.38612103201549,180,1.3401014047755178,0.6130870999750471,0.08895758540593415,0.031362121213037275,0.2872602747430145,0.0,0.0,1.0509326659228757,0.15561737669436798,0.8382474971418427,0.40028411904505606,0.0904012743498795,0.03167799631892881,0.08844696734537946,2.07919655648346,0.03421980021266074,0.9795125362107082,0.15542787247918363,0.801667112831659,0.38250677381132053,0.477477614902402,0.41029774907189553,1.7929613985125832,0.03239202556897307,0.0289175122366054,1.2794126716399261,0.432739340863368,1.3599211366549022,0.6286367785765967,1.243371516642101,0.1554358685585071,1.1033214337773685,0.19043342980540628,0.03424728181471,0.26946119146339265,0.10801140399009122,0.6362941619976354,0.06155797412905176,0.0699789753561193,0.06596280758418545,0.6215037405040563,0.0,0.0
15.0,34.30672435093052,285.16909652502557,101442.13455438773,9.24481683961807,180,1.328013193244639,0.6079579760687958,0.09692505652070707,0.033040049358631626,0.2950158581560052,0.0,0.0,1.006613309219631,0.15568600960811174,0.8371792319740982,0.34305467591724115,0.08624443044144926,0.0326036427216929,0.09718729805822464,2.2384459882995795,0.03112565200356283,0.970874079736109,0.15583707491816465,0.7974730791164218,0.37712432572854987,0.4746360873607031,0.44451763810664713,1.3367089417923006,0.03008298389963124,0.0324791285159835,1.5868394291977548,0.4581198365502363,1.4081365045402732,0.6396331393417236,1.4645704342766155,0.1554456153792674,1.100432547199729,0.18165741389091417,0.031424524839034636,0.24550866255037995,0.11549180627799527,0.6093290642881437,0.06798239913485467,0.07038325549469365,0.0721849996562881,0.6517244453852018,0.0,0.0
15.0,349.0839362296704,290.8133862758106,100543.07958568043,8.937182238955156,180,1.4232308343536981,0.6085895626764775,0.09645085563122927,0.02994498001215792,0.32385844245151313,0.0,0.0,1.0527914561820442,0.1555579193693423,0.8411259890913135,0.3425517906167611,0.09082878408578281,0.03188560270007121,0.0875866846245238,1.7533921637079213,0.0317545245300085,0.9875109140696405,0.1552005642166489,0.7988949233743894,0.3764377300031925,0.47870446850543646,0.4488658370637882,1.6827791619766368,0.030039572616137104,0.029512851620618608,1.4733743948407325,0.4330095379363703,1.4476863628865981,0.6288767147419159,1.3551536665878132,0.15550886142251757,1.1002599244909943,0.17099612492103167,0.03150702600739446,0.21487768709096608,0.11168097890522077,0.5892835210944283,0.062412268194520774,0.06591036441170102,0.07025962834559368,0.6079575985489564,0.0,0.0
15.0,187.62325011763858,287.75436362409647,100118.16959352663,7.335477590508608,180,1.374939890663247,0.6066241661817825,0.08938943617366203,0.030628128453042018,0.2993881513236674,0.0,0.0,1.0356665489692995,0.1554125800173818,0.841689017437552,0.35097522573914314,0.0875652188154515,0.03384472723315733,0.08492886141449718,2.4383193191808004,0.032817936395053086,1.0373138698154754,0.15557411538399693,0.8007009963703315,0.35633561790935164,0.4522768369758906,0.46341570677007327,1.2920866071743313,0.03136145236940347,0.03270747145517439,1.5961373968161623,0.4433625182055054,1.4273267071244686,0.6516151311127365,1.331542154976495,0.1557524417255629,1.1036699530039282,0.1677427594027814,0.03261563413791382,0.23545723990583078,0.10689374726833671,0.5542580945586665,0.06635789142102026,0.07126521382947751,0.07097349907053352,0.6614070686360028,0.0,0.0
15.0,305.217526578661,294.52565827924144,102012.49102819247,7.960357475770234,180,1.333631825855951,0.613883718078087,0.08370296866434788,0.03137851888089845,0.30920263750838345,0.0,0.0,1.0281725006426734,0.15533719144671276,0.8333375947202332,0.3620863914110663,0.0934120350814854,0.03089101029912513,0.08769005601947243,2.5479609648860215,0.0326091963366628,0.9824607912420947,0.15551053878299712,0.8033637247553667,0.3966817312402624,0.4656877522740316,0.5116047016992761,1.3127715719603015,0.03419174342735876,0.03432924220276627,1.516241865326772,0.4478666639669101,1.2767461784038114,0.6169466681677955,1.3691834229778523,0.15545561936324737,1.1047901083062426,0.17291993454139892,0.0295339630109481,0.24636454085080126,0.11813769668389101,0.5868274737734126,0.06797025912081435,0.06942587776555335,0.07321635948877475,0.5966449601952798,0.0,0.0
15.0,76.16541044773638,301.29477823957336,101425.06714012452,9.09877777490559,180,1.3994276712134623,0.6047582388837068,0.09473217223518604,0.03392984326449948,0.28451617109361826,0.0,0.0,1.050815507272309,0.15526467221060322,0.8352852939871952,0.3576383351574009,0.08231245545129638,0.03191226073978224,0.09123964322914321,2.170307342623608,0.03257798717734165,0.9393565302946424,0.15526903327619748,0.7970760625912588,0.36110226461805517,0.4942454974750066,0.46087403860425263,1.589163363459615,0.03289269837012232,0.02958549153221144,1.4294753535318006,0.48761119255830393,1.4548382012428447,0.6115110949161047,1.3134330301001484,0.15555076580385463,1.1067967310205618,0.17946043817217047,0.031235996787671194,0.23552351100806884,0.11503424284244747,0.6434517481476499,0.06565307816761526,0.06147505497799758,0.07123945085331401,0.6447962375821041,0.0,0.0
15.0,289.9997421294519,301.166247914419,101260.92966324839,5.438484685685775,180,1.384323047256415,0.6082602488942886,0.08454632206966503,0.030368629832593357,0.2902385397687331,0.0,0.0,0.979398004953012,0.15587395906017223,0.8351400304727874,0.3367323554169477,0.08457801901693199,0.03139666374732909,0.08825767353052007,2.2969168954178936,0.03371844473773221,0.9408664070063288,0.1548960552651698,0.8031500742213852,0.3754109700017129,0.44814887529393777,0.46579626465359364,1.1853225333798736,0.030998440396324777,0.03220702703653792,1.500522320777956,0.4338512102676959,1.412801623533796,0.636715019219917,1.33538879451951,0.15552599583678398,1.103971460897527,0.16558442957756236,0.031043092057042216,0.24762421461177742,0.10742907903886716,0.6270093179298034,0.061484005968036284,0.06992376964461605,0.067097505048617,0.614457793201103,0.0,0.0
15.0,143.5353885724417,290.8019422834709,100081.85829411533,9.236126023189948,180,1.4633510875699265,0.6064706030439242,0.08891458703998663,0.034094321693949756,0.29682042866657404,0.0,0.0,0.9858038307070959,0.15559499615326078,0.836589545762244,0.3571382680459841,0.0873718620911392,0.032158863430823775,0.08541529962031169,2.4751336935555943,0.03330637986432175,0.9687941799594049,0.15565043171242907,0.7975435204449204,0.3699376524956519,0.49688447070185426,0.468002248325862,1.3719153032628415,0.030490299343187595,0.03110188034099179,1.5239233479484697,0.432766855444249,1.428319396669722,0.5974516393398356,1.3272314747289267,0.1557782686732075,1.1015137067464074,0.18558750031320614,0.034251356430303685,0.25597891686891405,0.116751882910487,0.6245000468846587,0.06961688173411952,0.06123523434142927,0.06244753737294115,0.6763985894251313,0.0,0.0
15.0,140.77925560953162,283.8536303826981,101929.75949027126,5.619949225449965,180,1.3993209285443147,0.6081557168254884,0.09559068149010266,0.0314828323279623,0.31653255174923944,0.0,0.0,1.037376357509737,0.15559361102613495,0.8320373771412641,0.3242113701136135,0.09129743439421917,0.030616994817911643,0.08748496871942332,2.3548740191961413,0.034698913830630174,1.0084635038011789,0.15521030676793063,0.8001823933970439,0.37755511970505545,0.48511520322346136,0.5052520435448863,1.331055879292703,0.03251238786122686,0.03155577893026122,1.4246074010132166,0.41803830762907085,1.3096895838005824,0.6802952786953766,1.2571841658778964,0.15531090066308484,1.1022296107674454,0.18506679098179388,0.03191973434365067,0.23265545972898027,0.1144838441094172,0.5530727120947119,0.06985045178422092,0.0659793856512474,0.06640641785364088,0.576992644589005,0.0,0.0
15.0,117.59181120272049,289.7469541505599,101991.20104122322,8.579586237431222,180,1.431430767499587,0.6066169670160417,0.08667980078473785,0.03334815925713088,0.3053300110446252,0.0,0.0,1.023583212253858,0.15531319363464982,0.8405395571751234,0.34330204890488725,0.09466732207326971,0.031954595729319454,0.0935298293874526,2.31517870892051,0.0310682602110749,0.9886448500271202,0.15550833745149803,0.7967695011437658,0.3562590172081395,0.45656482241691626,0.45891954260079176,1.4143065844564826,0.030702736434022625,0.0313771321581886,1.5875073133679105,0.4705945000137724,1.3412287845256203,0.6227111427572983,1.4424327297615374,0.15545127993126479,1.109710689319846,0.1736000173114009,0.030986894653556925,0.24072854292716464,0.10429652687081346,0.5965167951064388,0.06951403862199451,0.07317810711576012,0.06668538639006932,0.6517202148193498,0.0,0.0
15.0,173.96680758243045,286.1763320743967,100644.96312083202,5.192318129907598,180,1.2683979808533195,0.6085679815554977,0.08397076485403095,0.03350565529348948,0.2818553974329759,0.0,0.0,1.0391477748483238,0.15560228940585052,0.8352060429065489,0.3569323852776789,0.09179725263627127,0.028987088679481157,0.08682642311451386,1.8475597180359278,0.03254713396190903,0.9739438455941091,0.15542306170964967,0.7993236114528149,0.35993663967386436,0.49915190119873876,0.4489397696258175,1.3839489787324661,0.030096061371811315,0.03374773268143369,1.5883329665006638,0.48492211032525884,1.3182988592055367,0.6649302283464374,1.4552255677446053,0.15548974318530615,1.1078290597162175,0.180979473826278,0.03216228546318167,0.24334498079531872,0.10806769901980214,0.6197758971074593,0.06572770499686746,0.06176557510504178,0.060653940408057425,0.6230614472923282,0.0,0.0
15.0,282.8569082516838,295.41605752934186,102139.32238739637,8.745946991230685,180,1.325694760855469,0.6077996382645567,0.09149937949598001,0.030068629356303524,0.31977976020402993,0.0,0.0,1.0609466508540348,0.15536116683328216,0.8430996173458757,0.37198161275173,0.09262214875101525,0.03323719216549852,0.08836452334626545,2.177550072008809,0.031169924109979062,1.0751066879446198,0.1553833743623941,0.8031960436744394,0.3717206942487028,0.45450084337964114,0.48256758262707433,1.2751490709668443,0.03347413178967896,0.030599951485116274,1.6422577584918254,0.45142645142716825,1.422763651909438,0.661993373227722,1.3421124086448362,0.1548529017077532,1.1037984518235457,0.17307647018500943,0.034527512369599896,0.22624879012986146,0.11831867789830398,0.6493460132331832,0.06981975621129877,0.06363086857627517,0.0689936007880948,0.6193839949342662,0.0,0.0
15.0,283.35648808779314,299.33099233638575,100683.83476029636,9.122791735544968,180,1.2476101046756036,0.6109651594775352,0.09480198439481888,0.030625136151450676,0.33724550145359783,0.0,0.0,1.0933644891355543,0.15538511584040765,0.8390428751331962,0.3625477493139595,0.08707368379541691,0.03492033223997473,0.0907705821010331,1.9408793642201392,0.03304514771859426,0.9279334585506579,0.1554895968820978,0.7966623750322533,0.37894407786920237,0.459227031117215,0.4880911895503622,1.6252029702213369,0.033045106873872125,0.034461339158705306,1.5604655381135468,0.4338540324333079,1.410565690462666,0.6742691973385116,1.410665714181402,0.1556307658356183,1.1049988157763933,0.18065097465979452,0.03197188808524426,0.22914411759593842,0.11837848739890676,0.6779422637420353,0.06939712598275868,0.07052610904292496,0.0699033306201158,0.64842619113992,0.0,0.0
15.0,346.65098461649535,291.34503629254294,102254.11037448618,8.297124576986214,180,1.2615209451893303,0.6096757948066289,0.08970470454693345,0.02956637901395799,0.32442764440911076,0.0,0.0,1.0238795274068986,0.15515612542744417,0.8378365103121784,0.3362283746828818,0.08947528297622219,0.031164295841621593,0.0917406696048886,2.5544798911278743,0.030099573219951808,1.0459839053290818,0.155591808801839,0.7979308046063891,0.3717550599273478,0.4922552990169964,0.4990062695524688,1.1448285861765035,0.03369490826674127,0.0321360959073196,1.5640248516317188,0.44662528840810134,1.4033727237356244,0.6908024051136846,1.3383651909712737,0.1551862459582404,1.104008326758612,0.17776433519763188,0.03008051095295232,0.23826542156020525,0.1071491538865676,0.6159144605828005,0.06094608006199018,0.06870632211377226,0.06406284806161343,0.6098883117849941,0.0,0.0
15.0,358.41865045962385,301.7578416127713,100916.36050378691,7.593388625060962,180,1.5526155445775423,0.6057793183288802,0.08967318426196057,0.0323471066436806,0.31877749057574617,0.0,0.0,1.0668031432906036,0.1551027519928519,0.839618230958275,0.37931011182037855,0.08541543454016451,0.031220899432705413,0.08913053903892418,2.2582454780846324,0.03250185405800715,0.9624923528909319,0.15575493977904212,0.8015988954321219,0.36173658785092916,0.42277672520813553,0.4717986909519076,1.4514380010446186,0.033630224658710135,0.034263767063984964,1.4570413781179432,0.4413479250068417,1.3403496549019616,0.5785156949830291,1.406163260098688,0.15612140850618103,1.1024567539745942,0.1815654022802651,0.02920768925941534,0.2217398080792735,0.11423100937304462,0.6108795412589262,0.07009485706299398,0.0672304567556631,0.07153278960431135,0.612786657995958,0.0,0.0
15.0,95.48166090020958,299.7642265275939,102479.82991701033,7.930065757362644,180,1.3870847438561775,0.6076964168430103,0.09263188512905425,0.02902315901357768,0.284419264942087,0.0,0.0,1.049483103111805,0.15522810949695723,0.8407709991758232,0.3339456328225703,0.09098246337622627,0.030160978094939245,0.0924972496193359,1.9799156408387826,0.03271684121266079,0.8856930131449937,0.1556780302795313,0.8014951192683514,0.37611346275506313,0.48839224434543604,0.4489806963222407,1.3702913824458098,0.02881497919057292,0.0300404989476615,1.731850291590474,0.4303631353546266,1.4059387002679942,0.6091163497908044,1.2535483809223953,0.15525756020780684,1.0985629685075229,0.17647507209592217,0.03068705565126315,0.23572944288229256,0.11007687724361949,0.6747388812068515,0.06454077954465082,0.06598240654543562,0.06656592027378938,0.6234174286835817,0.0,0.0
15.0,97.76584645255343,300.3903039725059,101712.31975528681,6.4621412518429855,180,1.3721056151381843,0.6091676102492778,0.08602579941167231,0.028524764397266235,0.3284785270171992,0.0,0.0,1.0684622964075863,0.1556029686818108,0.8337984502664473,0.3989257154433997,0.08458682279465832,0.03228881073765721,0.09346090931892827,1.9749178994636036,0.030735827488839816,1.0340529022140208,0.15552293858977606,0.8000528059348175,0.37236618265853544,0.456849171205887,0.4871455134404638,1.3626713289346384,0.03338990928290046,0.03174073313879204,1.5940135544903928,0.4621815851761783,1.3785052127538548,0.6333747420856122,1.3230378418600082,0.15548984075399272,1.1073332479809306,0.17731868903118417,0.029976033969670485,0.23633563158187973,0.11863472459188001,0.6038444393089893,0.06307776040315624,0.06172872302380721,0.06892755853013437,0.631891055677946,0.0,0.0
15.0,326.24534405452545,297.97213550840365,101764.52841875963,6.516572064871648,180,1.3067306665277938,0.6070754452276222,0.08378170280988843,0.030199073797740658,0.305284314978306,0.0,0.0,1.0281137900720791,0.15554129755563656,0.8359668809327566,0.36206795575137424,0.10096267751348253,0.03410129074624065,0.08789139603564415,2.238199981889024,0.030793146718091774,0.9333245901346743,0.15555981816823877,0.7972525267529735,0.3506825171532806,0.4655476579823545,0.4618422436566285,1.1845157547213834,0.03020213641716979,0.033934443737935964,1.5517884292640012,0.44744752086929024,1.367765962142945,0.6120513670644236,1.4096384468716212,0.1555660513589103,1.1005938880045731,0.18563642985977455,0.030853832499608935,0.2374106962309064,0.1145296612481571,0.5557247553267746,0.062363331294676944,0.06895556641370001,0.0657810666751476,0.6321972802799827,0.0,0.0
15.0,342.4388904809178,295.1550739477225,102614.34654919662,6.117345821409571,180,1.3235722375680414,0.6095867618317543,0.08063848431644939,0.029610896507516103,0.32454228680061153,0.0,0.0,1.0467449982649488,0.1552468524238225,0.8405140593966833,0.3911919386967233,0.08966837314289121,0.030505715539871078,0.09333495873717004,2.0291956226037198,0.029373113752501755,1.0525833934138702,0.15555782184732603,0.8021279678637273,0.37142469124629635,0.46479459583553423,0.4345645637986417,1.4052237856632468,0.033059759864130844,0.03028063247061324,1.5902950039455657,0.4506618189405723,1.3462876295575121,0.6512697327499333,1.293422678737401,0.15547018706491836,1.1006698894803113,0.17135764197664216,0.03182670539878932,0.2685564857762181,0.1157430591566271,0.6511572261910605,0.06642470603381279,0.0672470564974352,0.06983267907235628,0.616375200201885,0.0,0.0
15.0,183.26831837803863,296.2188452299098,102494.39417860819,9.06056086556481,180,1.3904824507867835,0.6129397180248279,0.09384699893406001,0.03158020244504391,0.3123017661978588,0.0,0.0,1.0855210211751074,0.15488969705975836,0.8380611800574639,0.3665890938848544,0.09254412997044487,0.03336863120595337,0.09109184709927083,2.361936630836607,0.030442994608308165,0.9318012394746509,0.15559743945403276,0.7979610586985308,0.40331343031319394,0.47969890617098493,0.43400772258878684,1.359243081450882,0.03158879660379527,0.03133722749693548,1.5827982219685737,0.4338344130771981,1.2536996570500532,0.6134782370853841,1.2848313027254588,0.15579147457071302,1.1003091375639409,0.17863161151797743,0.03328048882105961,0.2509570236283712,0.10873348427813669,0.620265165080714,0.06555095248384274,0.06726769442994911,0.07148787171737221,0.6236375566809033,0.0,0.0
15.0,154.00195659618328,290.7377697895008,101418.38596919646,8.745202202558083,180,1.3418921152779277,0.6111262898611296,0.08865624613729539,0.030886105016561374,0.3172466152896551,0.0,0.0,1.0233826579141525,0.1555275395990048,0.8386205176791054,0.39873052651125374,0.08854118320454377,0.031438242509389085,0.08661149630629966,2.3029517770158017,0.031589134002027494,0.8307410539773946,0.1554630258675995,0.797232544768654,0.3689271598765341,0.48039812836517387,0.47743967713848945,1.3074352909446703,0.03224597579115802,0.03505262696655882,1.4075520759898015,0.4622666117477851,1.3726832648197127,0.5737170021772405,1.1669016719038228,0.1552593570748546,1.1046677578835369,0.18414357285611246,0.03152497953094542,0.23287325843056514,0.11328154310997203,0.5917795069484892,0.06703865005947551,0.0643435075223913,0.06913214092426456,0.6527260466069662,0.0,0.0
15.0,337.6991845704151,284.90692929088254,101200.38253536428,6.587396093005599,180,1.3341640670657469,0.6062272640867915,0.08979553970185147,0.029960760629004532,0.3166731499179102,0.0,0.0,1.0014856062390904,0.15575148434828137,0.8373754389086143,0.37186094881178694,0.08773023448394074,0.03294709284285269,0.09105703509494514,2.511676057524244,0.030785947864157975,0.9421855357507963,0.15546985338573902,0.8010472143305988,0.3662968816924196,0.44648039783484156,0.47399985225221897,1.0903216356801,0.029630699938741074,0.031620762054644896,1.5527057247112872,0.4334394343664261,1.3875512457935018,0.6662327095696203,1.1626206271082575,0.15496396727530184,1.1004020703077726,0.16624103474146312,0.032650658035088785,0.250151423173015,0.10062582541005057,0.662046283107339,0.07280100438123087,0.060736647328220116,0.0684867435858121,0.6021370427650415,0.0,0.0
15.0,118.44062199115744,298.29020310653664,101621.05183910807,5.134866292669413,180,1.411232313332216,0.6039993363138024,0.09233143797119897,0.030406165449143627,0.31436362807946816,0.0,0.0,1.0378849758561006,0.15520574619026647,0.8395204020702411,0.33127781999446365,0.08296240958749714,0.03337577575807099,0.08571543039310629,2.3803703368453086,0.0339515813130004,0.9694608075048605,0.15565157877560248,0.8040090900391386,0.36945949080843987,0.4466843523505377,0.505259298534179,1.3895015388356904,0.03231938910893694,0.03147605459968439,1.5464261755315696,0.450657177255807,1.33046313906352,0.6274734342996744,1.3395433730171584,0.1556163332910915,1.1018307003869303,0.17094449508452583,0.030691396354702024,0.2360719362850714,0.10759107621784368,0.6442523779344614,0.06436115675720587,0.06713815257695199,0.06441842677313205,0.6646519728243213,0.0,0.0
15.0,283.60517923315024,284.69397488155295,101941.8867068091,6.350116403963674,180,1.456635783310609,0.6121893790198744,0.09110523940024676,0.03272199208740271,0.30632994425069887,0.0,0.0,1.0606597888584712,0.15568345536294806,0.8383793846282453,0.38706027934978415,0.09020817657429073,0.03358601034017648,0.08753259747091735,2.871501352505634,0.031244606097923046,0.9987174557918053,0.15532271153084237,0.8008012438734664,0.3814354290195018,0.45579290669939343,0.45546909274104075,1.4814169182714476,0.033705118216758,0.030756315976344543,1.5732056830705987,0.4493636205180257,1.3311305810561707,0.6231402582295253,1.3808406887318356,0.15599677184756078,1.1047386778748471,0.17895079062935437,0.03171399381033359,0.22813285314061454,0.09271579886771647,0.6068815519279113,0.06416081177548277,0.07011174053609016,0.06915315479162393,0.5849331821813478,0.0,0.0
15.0,151.02079088563443,297.3122979021538,101770.3244671256,6.507807555722092,180,1.3313633295876424,0.6119993444801264,0.08863715993683886,0.03298228047569266,0.3210231913030556,0.0,0.0,1.0837694046865747,0.15501812543873375,0.8440825334328267,0.35849281794544924,0.08199759767270404,0.030710816818346483,0.09104598498616182,2.4385082842728627,0.02818144008236743,1.0507469311147355,0.155384649649833,0.7979914115815521,0.3476281110328733,0.4584618563798834,0.44510741343411986,1.381275306005493,0.03241576598577087,0.032869703928608246,1.4688102852074436,0.4572145639371777,1.3591472429319513,0.677161841707035,1.2260353255750018,0.15587239260392793,1.1072429221052653,0.17240456652125905,0.032080451052304344,0.23542349124590312,0.10164373268738258,0.627401625577895,0.07039943150066172,0.06993073087543862,0.06835437721588061,0.6309222008955381,0.0,0.0
15.0,253.33808727213165,298.3886932655887,100790.40986231327,5.25839976672934,180,1.3905610629489105,0.613253560738719,0.0830053724751802,0.030492988023597865,0.3092188409363411,0.0,0.0,1.007342340081889,0.15538621861260746,0.8353968818926572,0.3745043966895141,0.09219553996126331,0.032108797779602745,0.08316237325199977,2.5881848957753806,0.031193215976291162,0.8922821969063129,0.15541904722815766,0.8057900013949485,0.3954013150037951,0.4731165384554576,0.4774258764005861,1.3289566518710756,0.03074101291966363,0.03139919896700759,1.597353848728808,0.46672585669848704,1.3977041541899276,0.6227667338484024,1.3056910513530526,0.15516618163933424,1.1068029217243298,0.18099449310788226,0.0325680243600142,0.2376026798315146,0.10657533420692174,0.5908354256046063,0.06528799682028086,0.06815077613200972,0.06480018814158434,0.6242552395742759,0.0,0.0
15.0,134.86513197801992,290.3504800258211,101886.18150082868,5.900723786636908,180,1.3348462383309703,0.6082130186452286,0.0947096803380345,0.03295791509223285,0.27914434842764096,0.0,0.0,1.048618841361053,0.15492706419535351,0.8366906856183417,0.3324107659887502,0.0972676462525548,0.03158581265557434,0.09027853682368375,2.187596774539078,0.03357492713755111,1.0379234331411678,0.15540056488359508,0.8035950856766491,0.3481721499158047,0.48469150720419946,0.4549869319197648,1.1477454803496252,0.03210562338856741,0.034514432343326816,1.5581176383439899,0.4852241184790402,1.3268806562077413,0.6791563982494262,1.3322329254551428,0.15508246139662638,1.1027456417950479,0.20729591159976374,0.029519783867462426,0.2515849303919274,0.10835037326094302,0.6376569805222746,0.06016308216560987,0.06674840891206137,0.06549592898040245,0.64468195580873,0.0,0.0
15.0,92.73306434506144,283.0161478628652,100961.12791660936,8.129306209442305,180,1.2974462616703664,0.6081891415414035,0.0962237149594265,0.030735069572408725,0.31355967032330845,0.0,0.0,0.9879831985640821,0.15542306734407974,0.8371368370755379,0.3810794495941636,0.09063998636262727,0.02990111928820513,0.08635217344555558,2.102698706083597,0.03018740162468723,0.9485982553718518,0.15563413848570282,0.7948130930260668,0.3711035299074266,0.48248892637011737,0.4502078575855241,1.2300324159885196,0.03099206505025197,0.032038765074843524,1.5236473717107657,0.46605479820923873,1.2736262719715958,0.54537694090657,1.3500876167006501,0.1554799702266526,1.109078444950168,0.1855073880581461,0.0307612731654956,0.22838365403488284,0.1114583504871084,0.59732830227469,0.07071490723042603,0.07352111303156238,0.06810159396844456,0.6152783819819447,0.0,0.0
15.0,116.32607227587185,290.3605833186166,101715.69602838204,7.816035421624102,180,1.3095372569681907,0.6096282813405117,0.08587068026978126,0.032086489369409936,0.30577236570468785,0.0,0.0,0.9795456032857516,0.1553505801757708,0.8423328904670765,0.3528841989120031,0.08601912591588462,0.029826083403310305,0.09301094941833932,2.370690478984895,0.031297929572329464,1.028982618615032,0.15569307696949156,0.8048574150352384,0.3695132719725568,0.4825415080515015,0.44700863157306453,1.3103792793749856,0.029967062285720582,0.02937834152496255,1.5966676403904734,0.45326982738288696,1.342511783812252,0.6035131047212074,1.350329407723661,0.15542261354388548,1.1084270978349764,0.17668846232985883,0.02982738691424183,0.24336938257696877,0.09932831504470642,0.620424649816747,0.06772200419032048,0.06240307348248192,0.06867504268807283,0.6464102167028506,0.0,0.0
15.0,220.39733135235443,289.36986886121394,101090.21926119436,5.993524783123053,180,1.3482770495037688,0.6116501102183475,0.09698218157262857,0.029245482865745402,0.3117763820223131,0.0,0.0,1.0575736381018006,0.15530581476432068,0.8335339421111474,0.37613333381340497,0.08830368102584393,0.03183505453307668,0.08410132503676859,2.10476668684787,0.029769992623698685,1.0437599739067327,0.15502868706069553,0.8008506346128426,0.35009081582371576,0.47897057507528196,0.5024975675743648,1.3941057540278805,0.030756915639076024,0.032811168571792844,1.6133613254018364,0.5143779741444453,1.3200746902230431,0.6132498446003602,1.3674318932139855,0.15589734784867645,1.1009504502667982,0.17614485142339487,0.032374034142609844,0.23668547707002777,0.11358622159857791,0.6454818735829921,0.0666729727981183,0.07177041512397656,0.06757857112768861,0.6388736306799032,0.0,0.0
15.0,207.3213490159765,284.3194269957761,101351.53667533566,7.9467035807808175,180,1.4557186932800696,0.60657626122389,0.08338623693116795,0.03339576944947849,0.3029527295787963,0.0,0.0,0.989177978906764,0.15542261162289386,0.8336837405438179,0.3650619394816962,0.08131008689141853,0.03372043024209041,0.0923784229234312,2.6915675302363615,0.034356677695163734,0.9857730857164952,0.1556154323257189,0.8007678904107344,0.3418700824021495,0.4287497948890658,0.44435908394928236,1.263462202219961,0.03170784634989316,0.031662560838591876,1.6945013710816277,0.4679793849141008,1.2861303583572274,0.6325321958990755,1.238302654645261,0.15541953127888664,1.1026965747676434,0.1703064361555895,0.03326638603180895,0.24062619506614957,0.10971688059313744,0.5645711485936054,0.07073421152067108,0.06591316312253322,0.062490210240299326,0.6116952342913247,0.0,0.0
15.0,353.26568736713375,298.8111753236739,101408.17642527087,7.2829785672691045,180,1.3469903378553385,0.610244808207445,0.08466408504661795,0.0317969255186501,0.3067013309324686,0.0,0.0,1.0212351299163567,0.15545752260344672,0.8378999238746868,0.3702460804636737,0.09075014600924718,0.028891479002136487,0.09177851683200595,2.3026097111983046,0.0334146195310489,1.05358348766995,0.15573993304156356,0.802144512142915,0.35307707440691366,0.4538461899229032,0.4178194301343254,1.3770288541184004,0.031034390804433775,0.034241554285920225,1.455883901460547,0.45266348161141734,1.3421522308072145,0.5818791866840682,1.3364360364372747,0.1552880404307924,1.1047706060549018,0.1600576364275146,0.032479392894497576,0.21276737929812686,0.09978269925532184,0.613048246822011,0.06505891397893156,0.06214690797292033,0.05843569785561517,0.6206052854742141,0.0,0.0
15.0,276.3613688153469,299.0883066013863,102621.08165012667,5.697644675502578,180,1.3650460972245941,0.6130151216486256,0.08859016200226551,0.03265984045567269,0.300823638854345,0.0,0.0,1.1145975227324068,0.15568926126528637,0.8430023649146985,0.35428802384777175,0.0852968989860751,0.03176760924223876,0.09497315459566347,2.317955790561337,0.03281965334248831,0.9750010328857693,0.1554154302241422,0.800425624405935,0.3737955597784739,0.46734953097872933,0.4665897968904738,1.3177545582975623,0.03385907923919961,0.02926208770222467,1.6356330002652493,0.4749716657221072,1.38909381847065,0.6652281123059042,1.4293581122823096,0.15522073036945122,1.1005323061799759,0.1906292458353599,0.032828140978528424,0.2137504971458781,0.1145980167557819,0.6377486948605019,0.0720699593123722,0.06989655837254688,0.06541201642785371,0.6010143304687944,0.0,0.0
15.0,253.12965955239264,291.1887931140021,101537.6792788709,7.314906430046191,180,1.3122388971955226,0.6077163807888109,0.08776007518414868,0.03282418561172694,0.31682177940898554,0.0,0.0,0.9880452904852318,0.15610550423668862,0.8375983095846131,0.3798531726977128,0.08545086352984088,0.03205472070182583,0.09854574020569007,2.247547630054409,0.03087461937637427,0.9714210496363188,0.1554215807185971,0.7994362581855354,0.3740365476784253,0.46107197074568307,0.5076706796424186,1.301116489868518,0.03302616080167509,0.03226288791766021,1.5290686202324653,0.44923460752437566,1.2992805334830277,0.5772585314868496,1.327594204320173,0.15528352585786154,1.105329321138329,0.18073502573214123,0.032100083818856984,0.2514566128623742,0.11243247890920606,0.5966594905235197,0.0646147319224491,0.0672955240549308,0.07425773415966944,0.5944776618045892,0.0,0.0
15.0,105.31615840834442,295.1391643080193,101959.29335103773,9.786934872300408,180,1.4034063525258162,0.6085666574087114,0.0869543928830506,0.028588399501063105,0.3012976963478105,0.0,0.0,1.0551128583501597,0.15523475593259412,0.8374699767481576,0.36983586502607524,0.09348751807998536,0.030651577079412462,0.09371949288085128,2.2452591433143207,0.030280940116440086,1.0272135192370326,0.1552051893827334,0.7964114693731573,0.3699621571180955,0.4522875578525399,0.495188515066558,1.0898426623137452,0.03252401294302786,0.03177764179266791,1.588964561171135,0.4284384073202779,1.3186093115881972,0.6026552252004824,1.3533500944086718,0.155655223491759,1.104619498660676,0.1796361025054174,0.03322887689908158,0.25097798943470667,0.09957887785743212,0.589361497462187,0.07011048840073826,0.06633264300357486,0.06553471169726342,0.6127120231478632,0.0,0.0
15.0,314.9336983848845,298.56843460612555,100741.00681127951,5.693450277949385,180,1.4919147971288949,0.6089428654233132,0.08412973904478217,0.034859892549296854,0.3336675230950053,0.0,0.0,1.0521060003411071,0.15577736613959037,0.8365028606260311,0.3638355612439594,0.08920741649380513,0.034282389824572004,0.0902074063376218,2.102352609644233,0.03171013570994968,1.0021859530018131,0.15546833208535787,0.7996829234336498,0.3797045577586944,0.4458856582578463,0.4754910985237686,1.1219706488971155,0.03268283130814301,0.030334489188765874,1.6432824970428475,0.4476396777495933,1.3567708685229918,0.6366661024276032,1.307321633976618,0.15541675216249606,1.1059401574480598,0.18562670180974536,0.03251124572607404,0.24313248989171476,0.10901624785806492,0.6065908662820026,0.07002306844206492,0.0687549171698491,0.07121616780588241,0.6518720605863153,0.0,0.0
15.0,59.85574514641477,295.9185590701374,100905.93855667459,5.64916087499416,180,1.259227624332811,0.609207874643995,0.09755356383019727,0.03044187737686485,0.29407870979163836,0.0,0.0,1.0346627409574731,0.15595083761563747,0.8365552000740911,0.3822850075366043,0.10322603832767377,0.03303365183326745,0.09191430208220698,1.869658712632067,0.031119394338609083,1.0513064819355358,0.15570172828540127,0.8005583598423629,0.3533410233852561,0.47584343995639067,0.4867127189090748,1.5440248146825346,0.03161242096188912,0.03192530771028517,1.4470839702161948,0.48075370613504603,1.396794342704691,0.5779241267133813,1.3770880088831703,0.1548649083693835,1.1014679289596017,0.17341025423450082,0.03115545302044554,0.236253943027913,0.10677925687745035,0.6669832968994124,0.07302361247284925,0.07181217656768886,0.06351242317749033,0.6743125732093462,0.0,0.0
15.0,229.57526447728554,301.01316575516364,101224.13336102423,6.994799226247258,180,1.353233185662114,0.6120076587210131,0.09617457351156583,0.030582828194600134,0.30992323390711307,0.0,0.0,1.0967609241177982,0.1554080310213927,0.8416516718024569,0.3834298774858174,0.08700853008480333,0.029848522926334116,0.08549098170349974,2.2731483949651956,0.0330906871421787,0.97506459204202,0.15572616877033027,0.8003948648804602,0.3547011256634567,0.4779267067939491,0.5155667323641344,1.7035367549749505,0.033541813162327926,0.034149047965097316,1.6370376521313221,0.43606900479206423,1.359666852936357,0.6870740438312606,1.4526198818382177,0.1552610581972604,1.1065673902165192,0.17736662492165375,0.03284227584967358,0.2368615435914869,0.10188417007676019,0.6215522403667912,0.062168270926702976,0.06887519262272371,0.07044837324726975,0.6069504116259282,0.0,0.0
15.0,321.04671615292466,286.514896599129,101609.95067508878,7.110920584330577,180,1.3441942062304937,0.6083038721010422,0.08805654363567982,0.03299295558939824,0.3109431206886463,0.0,0.0,1.0949385058822285,0.1556355735902166,0.8333029051892825,0.3419254633134345,0.08953230562952467,0.034796319229790845,0.08483900494235853,2.3712601643080604,0.0341715430595518,1.0167090924803834,0.15553677645602754,0.7963552768072462,0.35973811254742455,0.46373484341582494,0.468971437638301,1.4164196653709071,0.029589826896443627,0.031681945628479834,1.4604437204943528,0.4567827171000327,1.4417716879977718,0.5989570829989723,1.4084730615514058,0.15521241002695357,1.105501970627233,0.1844212543987212,0.03328214441300055,0.23271077250952188,0.10757965752399057,0.6183473702865855,0.06563062857923231,0.06511854484173635,0.06824291569410904,0.6503221468645644,0.0,0.0
15.0,230.47696839832483,299.9179572052935,100781.70048275961,7.395951194683684,180,1.3393521588126232,0.6084315221136325,0.09090959345911546,0.03151777110392986,0.30348044410486685,0.0,0.0,1.1153354104387672,0.15576356023157903,0.8379749639010335,0.3679286038201616,0.09254943326506297,0.03132221566489835,0.08187513540671397,2.561100433807529,0.030581872794237002,0.9009272437593245,0.1555460299625429,0.7995452268151526,0.40158224194511394,0.47227021885123155,0.4737550315972444,1.3459783905170057,0.029828658921744966,0.032611588656445194,1.5012376569384411,0.4552231901901916,1.3874000281430134,0.6027232009260362,1.3074268413000396,0.15571050087976857,1.104991735110103,0.18184222507358255,0.033215834807291796,0.24190522418716615,0.10060279049399469,0.6110795870243945,0.06650317150357615,0.07207898453460335,0.07132990072682095,0.6748138460019778,0.0,0.0
15.0,148.3904368599957,286.8730739749315,101240.91676638981,6.129026678631401,180,1.281865861113755,0.6084656100263235,0.08858044054925848,0.03306877961403631,0.3115601208747102,0.0,0.0,1.0304904275777653,0.15572934054088405,0.8367516376441474,0.3593781385631703,0.09549965676081007,0.03278736427874662,0.09077534455134544,2.649293100849127,0.030361798068309572,0.9062594291683621,0.15529612456433656,0.8019950598627569,0.3793129614988159,0.4536208305344332,0.42088314662728027,1.3576797760213366,0.03150264057853258,0.029333593943816932,1.461054798289959,0.4543052150776834,1.423999178751099,0.6466599921040388,1.2930323440488127,0.15483872676184476,1.108968649443439,0.1717322003256645,0.03358645587929272,0.2350307443414588,0.11011169287706232,0.6410340438855164,0.0665361133214821,0.07113374865002281,0.06415389101677883,0.5879902762494285,0.0,0.0
15.0,333.4713966876149,296.47164912858705,101874.03817166745,7.582492322958203,180,1.2727969001417632,0.6105478795706651,0.09175387463015165,0.029829480718993367,0.3085594046831351,0.0,0.0,1.0526330671262067,0.15552018470182483,0.8392806003253224,0.3638225047524347,0.09361263629704954,0.02923971148757574,0.09466397804167186,2.6978940427564426,0.03251393230632157,1.031493657295212,0.15579520322746895,0.7961177770705167,0.36177186997465266,0.46714721300793294,0.4575126833938737,1.4924244356244587,0.030062786671151094,0.02964126231009165,1.5536970522851299,0.46708448456079993,1.283772293978676,0.6678977417558382,1.3836980877110223,0.1554653435233042,1.106451491400416,0.1665444563982028,0.031340050957188066,0.23714766862380918,0.10297430082863819,0.6095562379025933,0.06721348321475804,0.06577444213219905,0.06736008423649058,0.6873564894282349,0.0,0.0
15.0,10.758180074992293,291.91670313956706,101316.1495714506,7.249660192679335,180,1.1925807048590453,0.6107199983932673,0.08741761462418897,0.03251846463550659,0.27327179098705123,0.0,0.0,1.0141504719752232,0.15524647023602475,0.8396450154642426,0.3522607068993329,0.08568226439939479,0.03152516487898994,0.08077890678455128,2.3282387738251082,0.03355136788199042,1.0180031105498297,0.15514360966053176,0.7984861544958258,0.34972379947984494,0.4871106014991147,0.48703761670431023,1.466580725503419,0.03255286872093623,0.03154589639133374,1.5591568750910065,0.4064118300077064,1.3076660798863826,0.5918930242793407,1.3736456151554894,0.15564908306765046,1.1032497840778372,0.18395191213195317,0.031028244855560962,0.26289171982471843,0.11546931823762466,0.6170268091673577,0.0716300686257762,0.06045417591708312,0.06715631884095834,0.6550093425170919,0.0,0.0
15.0,210.7073950746213,283.4413057079148,101535.62809878126,9.260929976695563,180,1.306619039928784,0.6116425073655283,0.0897655810359245,0.033388467036030225,0.3122742915489831,0.0,0.0,0.9751135088229796,0.15552343410932137,0.8383095008548975,0.3788145411767241,0.08818121389294795,0.03467142780676773,0.08764638990000334,2.548506071014855,0.032059786208525454,0.9364962145682272,0.15528735989797865,0.8008648850790978,0.3438218735398441,0.4575085513078996,0.4649810698497973,1.4216119514950347,0.03193459452550056,0.029502396282100135,1.5471007624325395,0.4339326311299266,1.4250595389500342,0.6059225034286889,1.3051744105953074,0.1550159398365621,1.101965982383587,0.1930959818775031,0.034354024622045586,0.22597920844723127,0.10748752845705932,0.6006558875420314,0.06841016479680871,0.0708567017683557,0.060273785266490854,0.6712496656125109,0.0,0.0
15.0,64.67888596578315,286.5034902970415,101785.80336506096,9.062233241203769,180,1.3833874136479016,0.6115214729752484,0.09129929055790373,0.03172316468765603,0.32977798244502526,0.0,0.0,1.070010404958748,0.15561482657860987,0.8400111689707568,0.3767454681688133,0.08685067413875869,0.03350310346071094,0.08869792127019804,2.2628219292149327,0.030537996590329464,0.9899164902571658,0.15549436083954304,0.7998440320660402,0.3847299783588023,0.4684123892253472,0.46221038798299485,1.423337354806336,0.03360600476323427,0.03273203252850065,1.4254272184560064,0.43044967331447503,1.440357448666938,0.6116181635599418,1.40099574574589,0.15495435490987391,1.1068667440933144,0.17360560308531206,0.0309804591921506,0.22567832976040503,0.1101319830804816,0.5927788575500843,0.07350301905142259,0.0685135712146813,0.06028324673781352,0.6087346772518719,0.0,0.0
15.0,4.666848909599048,283.86056782692435,100775.85982707994,5.36906265268918,180,1.4594502751981915,0.6080005536310052,0.09762317206550092,0.030864498464236785,0.3026827967967522,0.0,0.0,1.0596295879314654,0.1553435098917159,0.8362334199163655,0.4051384118635425,0.0891493062848711,0.029806931911618352,0.09803389311752699,2.363665477240736,0.03328154673749686,0.9561664028915572,0.1559075949110908,0.8012865259275006,0.36245457027161093,0.483581279667005,0.46705175960072504,1.2458735525219242,0.032190941804969474,0.032327462165319634,1.5784396015335833,0.4534855525725453,1.3611513840917062,0.6059582123591907,1.2743741817238448,0.15565464963213155,1.1082246655548829,0.18163319259743024,0.034017898216469715,0.24670452252884761,0.10823918016148591,0.6551797131474771,0.06780329998363151,0.06320593857723807,0.06256012070309597,0.5978651605523916,0.0,0.0
15.0,317.53728931472807,285.6932034005304,100513.88365283879,5.43292318231699,180,1.275671724803443,0.6037729208772943,0.09297339747185807,0.033034479520129625,0.26854353169163925,0.0,0.0,1.0704654263887063,0.15546942067066102,0.8355820701283543,0.36688204060764135,0.08280716491650948,0.03378539681556564,0.09413493317590027,2.3301550377118327,0.0307795117246563,1.0186964207102032,0.15589441940080143,0.7991451363642288,0.3567434586526264,0.42397610081028353,0.4824038266650486,1.397369865978942,0.03539538479576772,0.03151888664664517,1.4474248471349656,0.45309514019411656,1.434383995689702,0.6144245484691547,1.3602834477215686,0.1554735739461923,1.1055113425726764,0.16880500267956586,0.03345244543813414,0.23920040985712912,0.1058054187846871,0.6267458354269143,0.0634375543562641,0.06877644655637596,0.06940523641551197,0.5564179681689414,0.0,0.0
15.0,191.2156814784987,298.6200570042521,101786.29850609515,5.605442293741155,180,1.3880465263151969,0.6100494763811336,0.09364152816682232,0.03099005425241835,0.3080533185418989,0.0,0.0,0.9431755813249152,0.1560074537844712,0.8386990463339635,0.3781649465208876,0.08287473616220231,0.02919687546415778,0.0883386965582939,2.237080177432209,0.03190230328782572,0.997585728337444,0.15521345106146628,0.7970413735707836,0.376677913709006,0.4742519801486686,0.4549533059470788,1.3322389207606948,0.03450085400946276,0.03154433500663871,1.557729155939415,0.4518422074709771,1.2783444044629653,0.7009863835410571,1.435856187198518,0.15518182976630782,1.1072694080246719,0.1697645763971368,0.03123299074404516,0.2337328377371259,0.12545525512588507,0.6299584554392169,0.06226765039583446,0.06977067676461791,0.0673270989821852,0.6747594534558583,0.0,0.0
15.0,299.33782285142547,300.7005954749426,100620.76644877544,5.894452011474065,180,1.4042134572475513,0.611293895077654,0.09813643687655452,0.03204113867362403,0.34438188381324536,0.0,0.0,1.0423281944866993,0.1557333449023673,0.8378146153286882,0.3637439551675266,0.08493993815209805,0.03279965457311923,0.08778989798900562,2.4754822853237113,0.029051261629151257,0.8660269606329413,0.1554646103864994,0.8036758430302512,0.37648653921962905,0.4046385324218059,0.429202326240031,1.6016018914600532,0.031646624440926426,0.03232480035297233,1.506375699323498,0.4966048849144684,1.2938616736817903,0.6384094217671017,1.3626736080828161,0.15564479344717796,1.0976792623721092,0.16694096403140649,0.03107662229310539,0.21252905140575898,0.11690052366352567,0.7013954679473315,0.06799091991876789,0.06862417024871513,0.06787855711339151,0.6225365562204936,0.0,0.0
15.0,211.15890833914236,288.290820555867,101365.62164062342,5.789587467674988,180,1.3751298867131774,0.6104870278215258,0.0833047560949876,0.03205394303521448,0.27948791888553937,0.0,0.0,1.056261012183358,0.15549852969699166,0.8388322367759642,0.3798281657089747,0.0896247268808271,0.029832423943558253,0.0926087129398105,2.4957908520615266,0.031841362614316866,0.984878653623347,0.1557853746858512,0.7999211512311547,0.3741526443649447,0.4522137565626638,0.4827030162909983,1.4538692850729706,0.030949141083905632,0.0310328866856373,1.5299603348288302,0.4720838096182488,1.364652067661527,0.5724798774201464,1.3275936312710948,0.15568333075852195,1.107550821229009,0.17167417495283158,0.03261583160337477,0.22206330460503093,0.11374552075709733,0.6209477342170181,0.06566380661229086,0.06135736087161846,0.07255618246512463,0.6088884414036629,0.0,0.0
15.0,250.72375155835627,294.7863188825486,101660.40518895234,5.9194295812213324,180,1.4292439297558432,0.6066375668030655,0.09722106783696398,0.03055031191540609,0.29146892001980923,0.0,0.0,0.9910520732479621,0.15525277183829694,0.8377206388230292,0.3468935304601733,0.09562707537383651,0.02749873323788959,0.08570514307199757,1.9521816244346277,0.032612723465563466,0.9333164276538891,0.15578665626048468,0.8036837012027849,0.3692607824098561,0.4518208125803202,0.45765038493951404,1.4048385223270126,0.03033197133543751,0.03311598131931975,1.5396317735370464,0.42724191864657735,1.4202499762209293,0.6496451151499562,1.3626649627577125,0.15543964131486077,1.1049343297301035,0.17011903947796933,0.031076158550213853,0.24762689595156057,0.11197235380643736,0.6677138519190764,0.06470365941237677,0.0719339160647809,0.07198377401194604,0.5940495077064393,0.0,0.0
15.0,21.7661948181753,298.71038662849503,101048.88330227906,9.604702602865153,180,1.325391692606195,0.6110447719775799,0.0890087434125724,0.03352586027008262,0.3086301141396722,0.0,0.0,1.0432821081396186,0.15584199335609844,0.8367946284780138,0.35777450612484446,0.10096154933295148,0.03217600538743288,0.09175832476323822,1.9620857844233723,0.03351177007085337,0.9579286147555178,0.15550484382325078,0.7988320669564922,0.39289384556486623,0.4459589656035576,0.48360276363376586,1.2320125184883624,0.02763628120102966,0.03170395091993372,1.3794251426092987,0.40787069287319894,1.373591561528582,0.6734696272498638,1.3574391229660046,0.15540168346251634,1.1024178290237732,0.17344571453551694,0.0337498772060286,0.26238768321973344,0.10272058076565228,0.6338829756206574,0.0674817644684452,0.06267088646680345,0.06968296992782612,0.6042524308988003,0.0,0.0
15.0,274.9751000950427,293.83498139835194,101515.10596999752,9.824092666846255,180,1.350755070940457,0.609349685214567,0.08625739403664602,0.029475474620575925,0.2823824132369782,0.0,0.0,1.041360644537422,0.15559195728479533,0.8424247086204136,0.37641954628892577,0.090132447857863,0.031041941035874508,0.09799139039058634,2.3558189231059834,0.032630760209494646,1.0415076688828824,0.15547255763025278,0.7974519185459477,0.37282200961527234,0.45055369273243767,0.45126606912280515,1.392216369202855,0.0326410551916396,0.03258043783751683,1.630738673794643,0.4336157488362225,1.2705874333432003,0.5932347916478714,1.313633977576314,0.15548610754557543,1.1006811312193139,0.17526193937378212,0.030516407473034263,0.216434088384306,0.1025733139498559,0.5956892521153019,0.0671379871301725,0.06525733588026707,0.062410761584989476,0.6345766862400501,0.0,0.0
15.0,333.35173426336837,298.05554766190744,101010.78675915083,9.304145344651499,180,1.447756014830106,0.6116674227044421,0.08669020879046684,0.03227976940914534,0.29841745186162416,0.0,0.0,1.023170461889183,0.15538601769514745,0.8370168586444111,0.3743991572378765,0.08729664133901202,0.03183914347949525,0.08674267907747184,2.0640246809296996,0.031832303040162234,0.9809542460906189,0.15515392408461867,0.8012806642092141,0.38590932524482435,0.46193140778207614,0.43573698783457737,1.3893478233626366,0.03064556401458252,0.030568512141669897,1.5319703758155163,0.4560825589572685,1.2159869353046178,0.6072003557897226,1.4440142479869733,0.1554704422449706,1.1007730923449155,0.1683029557197791,0.029926568963282087,0.24301580569403977,0.11017762799334756,0.6090348843445197,0.06862493928039269,0.06717967574645048,0.07038271104984575,0.6479637582505356,0.0,0.0
15.0,43.07022748486845,286.00325333606315,100632.85294999834,8.808874517857404,180,1.4391323380135679,0.6081590197491211,0.08876976828122002,0.030540929598609677,0.2941293042268256,0.0,0.0,0.9685414440425165,0.1553006519377917,0.835936436396612,0.35408855811414985,0.09142431196435652,0.03364128716228854,0.08588340272465776,1.8886389226339475,0.029100521021360598,0.9739624168618648,0.15558422688912718,0.7993760869354576,0.4001961512203375,0.4838424372500092,0.45968063442049223,1.3614384830141815,0.029336450881458125,0.030428600005847947,1.4974755855053374,0.5106236418950427,1.3572358453060163,0.6253984330371812,1.267316202584516,0.1553060773993169,1.1037853812854443,0.1856349128264993,0.03022140613944309,0.2511067655261044,0.10936899399706669,0.5936775895935117,0.06736189511373832,0.07228913947638146,0.06543710810865706,0.5674830616926053,0.0,0.0
15.0,102.22804902346797,289.72468714069095,102248.78741128367,7.167760059397893,180,1.429870473496263,0.6129686190881404,0.08508201905883184,0.031133810912524686,0.30000294652647114,0.0,0.0,1.0661365789196664,0.1556242996593299,0.8376781601141414,0.37566601395035537,0.08923520517471009,0.03303909796952973,0.08858395491310005,2.300242298497373,0.030856628509458105,0.9050155705691663,0.15538186234822696,0.8025071670346753,0.3592062885241332,0.4378336990332873,0.4495489644079979,1.3338675682773091,0.03250256622370044,0.03225414275427181,1.4934737087969545,0.45422711196351573,1.33037221280676,0.6402048478529752,1.3120893213616989,0.15538378605076694,1.1057366036110732,0.19172719434586694,0.03135025695715254,0.23341325196628052,0.10193582875119796,0.6579684037630882,0.06982631916881231,0.06077545501400795,0.06884804883602351,0.689734847776652,0.0,0.0
15.0,229.03639529556818,288.21916972317985,100274.4154346986,9.283307665399262,180,1.356116551699186,0.609811283849489,0.09358538170975446,0.03292385882726975,0.32917624295603315,0.0,0.0,1.0906893393361465,0.15540016496666342,0.8379434390061145,0.37238042886614214,0.0898008589106018,0.034009516229152194,0.0895112513483781,2.5521609896237814,0.033723332334913605,1.008527829638814,0.15548847435108062,0.798789941961211,0.3929168621734961,0.5183464505935625,0.5051640082950802,1.3266650365804544,0.031048207856956125,0.030635670538262733,1.370646557071126,0.41083415362919995,1.3985599815368615,0.6123715365084536,1.3659564554384531,0.15546124801251618,1.1039783635528047,0.19049832862645671,0.031225690608677983,0.23796437238453022,0.10562279252739298,0.6037079258022524,0.06141658592878654,0.06969091944149457,0.06542873827827166,0.6611633276630757,0.0,0.0
15.0,304.35317430240013,296.9265152606432,101538.05012176657,9.26509301153958,180,1.3701281929338467,0.6052989805486215,0.0851833175570706,0.03319895862150813,0.31743562153198934,0.0,0.0,1.0767843235919268,0.1551718037169199,0.8379929735266393,0.38711355033333134,0.09078628450045508,0.03401137938922307,0.09022181264231652,1.9735449282705075,0.033661113857096636,0.9211622790694616,0.15548113528843083,0.8018269110343637,0.3422890041621189,0.47259696951323266,0.4885803028250701,1.1943388500645304,0.03253593281232018,0.030673630998949358,1.4565860222251956,0.4328002241776991,1.3337258499982279,0.691400408682503,1.4712012382098985,0.15560019611167653,1.10888549415079,0.1708944230536584,0.029275314812297892,0.23804000734444158,0.10841795396920025,0.6341800432471718,0.06342964635891676,0.06699382142553176,0.06918752324120188,0.6162812625715239,0.0,0.0
15.0,93.88202857719303,299.431855529224,100743.35359109516,5.208919651542673,180,1.1436424291999396,0.6101784253661722,0.0916634993580425,0.03203231932803519,0.2937094020507466,0.0,0.0,0.9982735099165845,0.1555507375490998,0.8415896231098496,0.3843804042686331,0.09518615796511282,0.029305428983206483,0.09496229842900841,2.169770156004095,0.030103401405529213,0.9381345726050433,0.15551551138168299,0.793436089161653,0.3483551877454777,0.45724719991910845,0.4864250202234546,1.3755503304381134,0.02960247463987785,0.034423459875618435,1.5559406036928902,0.3942648296232939,1.3059795341893656,0.6261956648353844,1.3928617798507328,0.15584340507654798,1.1011584827595957,0.18000445234345147,0.031274629842221936,0.2381081592965795,0.11959906492776505,0.643075171314371,0.0671139768051311,0.07165377148260012,0.06850470106653575,0.6269214142870454,0.0,0.0
15.0,268.561705393371,289.50914205223756,101407.63261513486,9.017223493075646,180,1.365967525079783,0.6069370524979522,0.0831213994759813,0.03362082584896101,0.3046632437041384,0.0,0.0,1.0322951424371536,0.15571865875168078,0.8407156791413767,0.34350951263989193,0.0975104386633057,0.034976004026997236,0.09563279191119668,2.592774807237758,0.033017120211272254,0.9185175527129927,0.1552608927314091,0.8027584572673997,0.3395178096654621,0.49292023235080085,0.505383939736731,1.2671470834483598,0.030494901758843968,0.029644603759642233,1.431144642077637,0.4951061761078016,1.3692007261004142,0.6269779847807906,1.3463764191325684,0.15573806939927384,1.106424144855389,0.19020539572573594,0.028922158221152502,0.24370702262055108,0.10388861896289339,0.6545948950686031,0.06925989661366203,0.0653308284325186,0.06897045681150908,0.58859728720556,0.0,0.0
15.0,320.5737969649467,300.4596672412242,100942.8712755355,9.590147415608662,180,1.3078138934045378,0.6098542100262997,0.09175892608999545,0.03332731015812735,0.31050903300624544,0.0,0.0,0.9697462206276575,0.15561464866564584,0.836675349992634,0.36995864643326914,0.08767445520998549,0.03142771033490077,0.09077607162771643,2.2309980235069107,0.03383860452407979,1.0061255227344337,0.15522633569987088,0.8022026550110817,0.3682613433785521,0.45949392408980155,0.4655848421509785,1.2722672939480486,0.031353948984509425,0.032268601154684266,1.5138584412577316,0.4273642627409956,1.3990267204911466,0.6676609905635139,1.2964139771324608,0.15542622652293625,1.1025168502666156,0.1589549734901425,0.030009586748224296,0.22225831747071487,0.1160244831083221,0.6227332753018928,0.06504112682160693,0.06631166808680591,0.06920030116101723,0.6474311060369297,0.0,0.0
15.0,209.90172608073405,286.8982990350411,101254.93060214387,5.379864890995192,180,1.3090622735254962,0.6075273072854126,0.08879836121317024,0.0319745185240452,0.3196782104628942,0.0,0.0,1.0192485800701219,0.1552172963767337,0.8349323245117081,0.3919484690083806,0.0906226127678195,0.030997085494930982,0.09584783643478861,2.2302002527874616,0.03067291732734429,1.0328829651011744,0.1553143925609459,0.7996066830274369,0.3630366173837319,0.4279306832160051,0.4965875652676238,1.5699308805258858,0.02993404621062583,0.03264659188201166,1.5076651491715958,0.43907276943437257,1.324718124084414,0.6451609432252088,1.3008740781720558,0.1550902967032845,1.106429398744692,0.17711429741889914,0.03169259252811297,0.21842341047632366,0.11108366444555033,0.6441317217138067,0.07022498580910255,0.0667071085809998,0.07772261035829037,0.636950469680632,0.0,0.0
15.0,33.61926981515272,293.8734874666235,100955.14385877221,9.133758661319213,180,1.2946889503515282,0.6098303708117637,0.09169101976815593,0.033826727955642275,0.29437455808787183,0.0,0.0,1.0992147411792519,0.1551069620093508,0.8383501826842614,0.3523198921058814,0.09174618782477871,0.03474983376981241,0.0854031452577114,2.068727830653475,0.032206754336175224,1.0066909047121597,0.15559246090150278,0.7984795001226115,0.3732761376496742,0.4866148159935079,0.49947461637876345,1.2978763044381543,0.030862687190422615,0.02981491047935213,1.484192321034601,0.44795046231846275,1.4227330370903302,0.6847201951919122,1.2821314203790173,0.15534868383107778,1.103872609406249,0.188610101437327,0.030531400835897914,0.22664639522864266,0.10507469689510436,0.6710625741677974,0.07005270388131314,0.06164592549709983,0.06627276053370953,0.566493481167144,0.0,0.0
15.0,39.18169587968416,300.5284860550818,100709.81635692251,6.552051006991937,180,1.3850331900024548,0.6081932310099528,0.0887700099574606,0.03346897715818883,0.31550120152982625,0.0,0.0,1.0732051089701533,0.15571445109182694,0.8384694294328024,0.3363068248358843,0.09800899072984029,0.03155439776889435,0.0961325702017557,2.3923675933074873,0.030665799699688967,1.0303688846310284,0.1555108482774087,0.8024069466687271,0.39385019485717787,0.5153365707080086,0.48601526263241407,1.3687058180990799,0.03346219688251732,0.03344213305492587,1.6352589225689271,0.4451959007605728,1.37579316350178,0.6139755457477207,1.2426754549234669,0.15564328443115408,1.1068188161097012,0.17296329784679218,0.030753423561493163,0.24766825658756275,0.10920474115255473,0.6392835052226464,0.0651297660550442,0.06551361090758635,0.06709504861779428,0.605994904432553,0.0,0.0
15.0,331.54355932105227,297.3524154183838,101599.25227457019,8.939197712366553,180,1.315161254926916,0.6082036630619819,0.09348050924012934,0.031872758518212606,0.33697901701576666,0.0,0.0,1.0128803970383302,0.15593856884313945,0.8382491462200556,0.3982665717038684,0.08651445939727884,0.02911376226479384,0.09260786500204998,2.083587261767544,0.033672225339070626,0.9544855704396367,0.1561391428242258,0.7982334692688179,0.36894073026614155,0.4837108753053831,0.46424127416570965,1.3684762514686575,0.03116573180193248,0.032728476212433806,1.4788027021714125,0.43908770943604386,1.4192184080824122,0.59654471002214,1.3886447610812789,0.15549443428688337,1.1036761049843595,0.17216562644562883,0.031092326032466325,0.2368198456992347,0.10761712084790916,0.6104820023570889,0.058346322628475104,0.07188996086410575,0.06486988590207425,0.6362642017420672,0.0,0.0
15.0,167.90496526958088,284.5798010848975,101421.49018732028,6.705783010286414,180,1.3234020179988053,0.6096456019277683,0.09097616523627128,0.033767358452353104,0.30041127105187676,0.0,0.0,1.0445367866269522,0.15566249112177807,0.8340794142404941,0.3855167419652415,0.09053789785523571,0.03258354220245439,0.08783400237531758,2.1884886456255264,0.033495574800166246,0.9867884189727857,0.1551980966989625,0.8041425165065059,0.34396954124904605,0.4396416265323007,0.47316595995481975,1.4178662859041578,0.033947669049963415,0.033098763145947195,1.5828049406412372,0.4066806867129415,1.385150562979181,0.6524901311436917,1.3405563095789346,0.15548035754530035,1.1090257754669424,0.16045416721963174,0.032941462664364755,0.263372946028309,0.10774184721021637,0.6040749462019008,0.07437702051585678,0.06451520744660152,0.0670066720910222,0.6265521878532119,0.0,0.0
15.0,307.4560564701141,295.20390739575504,101453.67421120188,6.050754333311869,180,1.4492700137741341,0.6082919983929296,0.08701468964164685,0.034925886802267,0.32382960810592143,0.0,0.0,1.0246054153203423,0.15530905540502757,0.8355414548131824,0.3751146079168596,0.08180647198478093,0.03152078397451312,0.08506655602828181,2.0707224677184026,0.03197598184275359,0.969939264475098,0.15546778369947278,0.7979847097542278,0.33931809287635284,0.5095147168377815,0.481231740553246,1.1209585196931755,0.03181476948736921,0.03232413057623185,1.6044338342903652,0.44069578641064466,1.4191817491932337,0.6000422200598617,1.329691949303175,0.15601151975821323,1.1037773728558773,0.17834214142028967,0.033545064376932276,0.24755901461288493,0.10599996577225876,0.6617210093966187,0.067117401321471,0.0649129829739729,0.07031469491439697,0.6182019563962551,0.0,0.0
15.0,356.4313098745756,289.35504341566576,100616.48281848186,9.275952350610092,180,1.3303748778875806,0.6092882796265436,0.08382636760190844,0.03151315110460241,0.2936093704871705,0.0,0.0,1.0497792022743528,0.15580175149684372,0.8350488804581515,0.36946983302348063,0.08219947603305072,0.03256644152499375,0.08831747719488825,2.0206084031292857,0.034345201542830286,0.9529925974795079,0.1552857444705097,0.7950050691254751,0.39233415687822426,0.46422420473712817,0.4460662157442732,1.2020841741376422,0.03180567541318704,0.031495168225769116,1.5969269097066394,0.4090694020894724,1.3390898010761612,0.6578416729573285,1.3723777943704911,0.15575855201872793,1.1041895824086079,0.17901718231016744,0.027381111714956472,0.24222830140201468,0.11430582803820419,0.6266884223135728,0.0590062670358723,0.06256408259110478,0.06564131805961458,0.6459707756818163,0.0,0.0
15.0,301.2531289576819,289.0587239254872,101784.64471192884,8.249199634433797,180,1.3300847519518708,0.6093331623727232,0.08834781453082459,0.031386848170601514,0.32831867789463837,0.0,0.0,1.065796236099382,0.15553416342166448,0.8353391156338307,0.35125243065988837,0.09331432993918475,0.02820523865174837,0.09340666367778318,2.1721733902511415,0.031157666276330084,0.9813594682883496,0.15555609662561298,0.8006376731974051,0.38238571302945057,0.4548111368629397,0.4945357964690811,1.434637231880774,0.033356645782636155,0.029777089828464068,1.4868282447422192,0.4626243988878601,1.25842266368659,0.6216980333919981,1.1823416631940538,0.15503364355787772,1.1048633489796043,0.19318984239885859,0.03149081587896789,0.2349775270964628,0.11386001530155603,0.6444702162542748,0.07118068667370987,0.06980537493784085,0.06546372909990203,0.6119410153722171,0.0,0.0
15.0,214.02603664383602,293.9529035000798,100971.68941718302,6.949504598299516,180,1.4262166494503348,0.605484864452617,0.0879764985024934,0.03081817359515948,0.3082332395238998,0.0,0.0,0.986740628774321,0.1554877516213982,0.8362728166970181,0.3550080696604653,0.08246373762108884,0.02990023114082302,0.08477906060523631,2.4194193939063955,0.03184331518458467,1.0438582558743266,0.1556996278811113,0.8006595847186878,0.3586908564185544,0.46623807153971897,0.46355934013918887,1.344399562284665,0.032727721037680214,0.03244612641012456,1.5546650102135606,0.45833112222550826,1.265118991566767,0.6097077787457034,1.2835369959590393,0.1553653095320345,1.1038039121810643,0.16238127076611983,0.0347600105743659,0.230965292273466,0.10703948492594914,0.5742911236469362,0.06640631213518298,0.06424658570390149,0.06818824847747125,0.6482344436760095,0.0,0.0
15.0,341.3201297493978,292.69297601396437,101793.41973509981,9.501019898989224,180,1.350623190749784,0.6137571226494578,0.0907997145990042,0.03125448089451377,0.31497637149806806,0.0,0.0,1.0703693642973688,0.15518156487308601,0.8404028069926316,0.39788743387461545,0.09328716476020052,0.03340219006769825,0.08996595674396088,1.9443582411843063,0.033693035373985755,0.9585629572628759,0.15533257275525683,0.7964200919083931,0.3898131366494519,0.4264346815457478,0.48261296127169656,1.6580704680873781,0.03161659494090003,0.028356557306531013,1.4171590092822481,0.45705384474497224,1.4146395105658867,0.6128834614249102,1.4110242177071342,0.15548529960494967,1.1021637398254918,0.17696225751650194,0.03133779518377223,0.23905164489915723,0.11482380082875135,0.648442905892101,0.06532762382830658,0.07088325852000167,0.06971309368456331,0.6988799084320582,0.0,0.0
15.0,10.298582550445921,290.4706826229519,101289.92873146343,8.658331896799321,180,1.4000117336199835,0.6131984360972552,0.09838524848074676,0.030014588465750242,0.3212164353984519,0.0,0.0,1.1195233973437946,0.15577948553686405,0.841777680319644,0.37802205330867855,0.08158166087435192,0.031439157071701355,0.08524550161811764,2.614362308038912,0.029271088101597717,0.8839446552630175,0.1551550934585642,0.8029533611456829,0.36884124994559153,0.4597691415179642,0.4747899931650129,1.4032571465777242,0.03287806285356042,0.03256348454825368,1.540768952992865,0.4735044279556568,1.44471914502533,0.5849451817065476,1.2310883834539248,0.1553249323783351,1.1008158287211693,0.16782172293629605,0.03503568686719131,0.23515403884396882,0.10971136997745737,0.6230817148835099,0.0644412561493428,0.06857793836626615,0.06692456649259265,0.6314817402494503,0.0,0.0
15.0,333.15645302780416,298.45172016739014,100636.62700036379,5.24996126425079,180,1.4104656002470304,0.6149783320900969,0.08511938942644688,0.028840608771835884,0.29496574433323275,0.0,0.0,1.0733323524385607,0.15562079627168549,0.8377168827029842,0.3450517988331988,0.08936652170292946,0.031081357335701804,0.0896366201307898,2.065181962271652,0.03029723985557634,0.9683568669291828,0.15520942259776227,0.7985330158746385,0.35445226199527724,0.5091145198284657,0.4746076616289914,1.2745766269481786,0.032953382958750776,0.02978780806280817,1.5054696853761793,0.42187194432454084,1.4556976717101724,0.6629081914428363,1.406381400912763,0.15522734433241683,1.10472835781851,0.16590031618709453,0.030950940204025508,0.24748351464958837,0.11657962926416017,0.6330544021778399,0.06657254951805695,0.06901203384622899,0.07389380321423504,0.5442321468484321,0.0,0.0
15.0,27.25606028734482,283.0224870310864,100477.81131243477,9.62644727900147,180,1.3923245192371179,0.6104129499729639,0.08182513632440834,0.03103966281068517,0.3024315857793828,0.0,0.0,0.9873000757662601,0.15555135044612758,0.837830025219573,0.3603736607209688,0.08418520707408421,0.03259107622664585,0.09697695869562298,2.306672242266326,0.033016812197133434,0.9581893016525997,0.1555647196548138,0.7984021879106432,0.4021508075391452,0.442996002991814,0.4736691134067617,1.3449643594651504,0.02792051679833988,0.03091303748770987,1.3666663032107664,0.48218465498272056,1.3681917090351032,0.607175067758794,1.2785669413966618,0.15533189490202773,1.1066984631185774,0.18577803050719,0.029031922498035465,0.23396772653370573,0.11506902510658312,0.5838849036971104,0.0685189721459818,0.06724346983042892,0.07206162537215698,0.6150056360040212,0.0,0.0
15.0,256.4633657978152,288.56848258734544,101769.69759742638,7.2625779075206705,180,1.3531702113052455,0.608433714460539,0.08468942002792613,0.03216288898466054,0.31830183476525564,0.0,0.0,0.9920432296372067,0.1554996270013101,0.8399517267276048,0.37750525950773106,0.09238471898659321,0.030556351886206402,0.08969199973075348,2.255155572605234,0.03246397793763693,0.9758753151189862,0.15549485196966767,0.8018677436681279,0.3615178526142872,0.47022895897866024,0.4226063503958381,1.3607817535543774,0.030127713340954765,0.029789228171254786,1.4406335838080258,0.4523821500294947,1.3768304435610852,0.6223882977424371,1.3908024595885524,0.1553640894135116,1.1118143437582289,0.19003361863771465,0.031690755121077524,0.2386096731207865,0.11572351878999564,0.6167309134820421,0.06729472033928387,0.06613795473890782,0.07217313133532847,0.6251276137319147,0.0,0.0
15.0,345.53350634577396,301.7035452343406,101226.85447738702,8.771499006261353,180,1.4389657752203082,0.6101654094643141,0.09123870236381929,0.031478570239556455,0.3170416553608474,0.0,0.0,1.0411088368475245,0.15582558156540333,0.8344116716807943,0.35137211851458505,0.09100712598816144,0.03270757944498775,0.0935370123313055,2.6709614524005563,0.03212451341372623,0.9326530756950702,0.1552632355870331,0.8015010635348768,0.3738547799373726,0.48426965416948303,0.4820982784535945,1.5164515450428668,0.03278830521286693,0.03320362570636172,1.4521006563484735,0.4439072124581742,1.3159651495732714,0.5977467533958553,1.270868875027441,0.15549227664202267,1.1079518486621946,0.18062681652447105,0.032127154766119596,0.232963336601033,0.10708937695196301,0.6186441515590231,0.07088753402968791,0.06658566370920278,0.07114855567509568,0.5495514545995964,0.0,0.0
15.0,214.49407662307473,295.4965751845823,100790.99947754835,7.457054512576539,180,1.3796707947767985,0.6084383253118035,0.08760359195232645,0.031637184609253424,0.3349221308825841,0.0,0.0,1.0052514613693206,0.15533867096583484,0.8383221351516341,0.36265102100202473,0.08384414283072958,0.03158126386517593,0.08470414071605716,2.484835844050141,0.029412551352659886,1.025247264124187,0.1559516831835995,0.8037887118880326,0.3644346395484117,0.41866355419954526,0.4468636889527487,1.502453635782291,0.0315959181842939,0.027896322409555665,1.586537072771021,0.45903508346275307,1.2502321884792476,0.6539679624678821,1.3627260743286265,0.1550703632204731,1.1072236553485895,0.17751699615403577,0.03203075030431762,0.23868549054053267,0.10934360013381926,0.5684190809987381,0.06684432067377413,0.07170597020025458,0.06896976675752814,0.6131340363031756,0.0,0.0
15.0,164.25597860807505,284.03346960607473,101421.03074126087,6.681177429181551,180,1.3919115368250223,0.6043841717170456,0.08161253229360096,0.030997108996089415,0.3237641629155569,0.0,0.0,1.0752897263505556,0.1553911118462263,0.8342506073764979,0.34836960350287327,0.09219457570172375,0.029235509380681497,0.09248417721723129,2.3508526663208498,0.034497970379957256,1.0461266505082698,0.15564790883775256,0.8003163992080806,0.35973412489849704,0.41806078664405744,0.49480500567471564,1.3987272745822261,0.03022505260669552,0.0313623506200044,1.4170615722373736,0.4313939387681199,1.3327118301185084,0.6406097712165442,1.3604342616761858,0.1558599883052749,1.107543410382463,0.18075034028480125,0.030757220150913256,0.24934633435088224,0.10934666686376822,0.64679185413779,0.06285329458227712,0.0692467075980068,0.07222540152156673,0.6430095083885842,0.0,0.0
15.0,46.683513068848804,283.9242638845582,100614.19670016345,9.76410505808037,180,1.4444065349596618,0.6094075339177832,0.08143276187900228,0.0314602195854104,0.3155494930551042,0.0,0.0,0.984720556666085,0.1556144538656758,0.8356223004856618,0.3659097616510927,0.08881265417294282,0.031907871928849495,0.09588939163070509,2.167894210753139,0.03383405601919619,0.9968821508002398,0.15545311792390737,0.7988252132973627,0.3685490149413239,0.4628816204452883,0.45686699046087365,1.2224669088268652,0.03004835276558124,0.034243280599389456,1.634654868876887,0.43328869563986633,1.4127301964043255,0.7080467857295869,1.4182216161191745,0.1554125221481728,1.1030723457829188,0.16464602505483902,0.028791288698828597,0.24102785420044562,0.11492539123145905,0.6171934367800189,0.06612456381743281,0.0714055446500865,0.07105223719661696,0.6434013904075515,0.0,0.0
15.0,341.1986107084187,283.1368485656574,101293.0349039468,7.8155415791601515,180,1.3653535785033564,0.612811744338298,0.08668439096436624,0.030225076131217873,0.28130987165105587,0.0,0.0,1.0451889136050374,0.15589280404957548,0.8345684130352218,0.36736364873908317,0.08690666251084092,0.031854378544243674,0.09231325263820224,2.2777084020896705,0.030061218639782658,1.0262404360887971,0.15535879332857258,0.8007897071714657,0.35366850026187097,0.482583210734684,0.4580636035069337,1.252956659099284,0.033475526030972785,0.03212095532945578,1.4280401057441496,0.48142425492462093,1.245395374650604,0.6101459761515117,1.450212172409951,0.15539690121398478,1.107356651133594,0.1714155643887755,0.0293180090718252,0.23232508368034016,0.11917854740106527,0.5896076486467424,0.06921904683803295,0.06665519823160881,0.07022177872951667,0.5934472051274708,0.0,0.0
15.0,304.9405362199403,293.51588834002854,100823.66442024012,9.899626473694246,180,1.3345541671311718,0.6106216314101667,0.08943171762889586,0.03212694215925983,0.3337305146068113,0.0,0.0,1.0500454240592083,0.15532738403466473,0.8366816663021854,0.3756332226991685,0.09342443402858396,0.03186757897132594,0.08670928108906317,2.545335432026752,0.03086557895797841,0.9574878280687253,0.15576585325015962,0.8009630513349646,0.36090485853708815,0.4735339813327844,0.4706762090156507,1.4357428330136277,0.03129185490769509,0.028856815687886703,1.5921886649173989,0.42656859992666474,1.3582187040028062,0.6350165390174558,1.4531556740072784,0.15538693301641796,1.1070096892545966,0.15446530581234477,0.03178523783902931,0.24149421902956505,0.11267502581143442,0.6581799445637317,0.07048669062054018,0.06368573806986359,0.06963980315657511,0.6541658693362229,0.0,0.0
15.0,266.8958724338904,298.40630531084383,100726.58612253159,9.639887240648333,180,1.2964553717894736,0.6114391305504193,0.09097564184910623,0.03313453244107579,0.328221706164033,0.0,0.0,1.1028685964225295,0.155119151215634,0.8404266468841581,0.36651329703250146,0.08109915795178788,0.028795694350117435,0.08410296817694006,1.8402384164898609,0.03262816178619252,0.9050520443702949,0.15552623886304814,0.8034948130104298,0.3621368893283431,0.4256172260348398,0.46762748410884214,1.322522571106588,0.03219887208305461,0.032715801259645697,1.5603451797687706,0.4636730545481907,1.3557669436385353,0.6568674583097317,1.300535082644183,0.1553956996977238,1.1042596939325011,0.17823454815310855,0.031033445671752306,0.23388039040009734,0.10290762969490024,0.5584871760024964,0.06921937761714396,0.0680765476682359,0.0676919665357328,0.6465161361436863,0.0,0.0
15.0,64.11609411001699,297.710683396903,101104.98659522897,8.259685978086072,180,1.352927572642872,0.6094316201971278,0.08806912818952976,0.030503869347039202,0.31150504812285423,0.0,0.0,1.0067036593657428,0.15537486083141805,0.8392997375843546,0.3518679219594545,0.07852130619658414,0.02880107125859422,0.08856216653877731,2.4116535057721604,0.030941125195547578,1.0015519589869166,0.15541681361987242,0.8024667918640185,0.36824079282077166,0.43857046738719735,0.49106201693288976,1.449581914387908,0.033080924528278925,0.03167507063130623,1.509907674912332,0.49915268755564784,1.3561749752895338,0.600309740636789,1.3624575928664544,0.15535502993193906,1.1033889034314939,0.16840760514404318,0.030649170464414278,0.22942567073476455,0.10394881353551201,0.6124153937750535,0.06319554825941953,0.07100480724436695,0.06795699153668922,0.6924519967472182,0.0,0.0
15.0,340.0397667566315,284.52513820078497,101169.60914206997,6.1559551031272655,180,1.3374846845238806,0.6076435602732924,0.09131285736104121,0.03100249681685771,0.3040653076227384,0.0,0.0,1.0684995078742947,0.1556132817432559,0.83926414603714,0.38525416122668454,0.09244933865873521,0.0315148050195038,0.09160180473203251,2.1212567565169826,0.03152493894617166,0.9473682940948357,0.15572705590887304,0.8013450148183159,0.3388875700657995,0.45623813407478037,0.4745001690861567,1.3120187631180025,0.0337526760035024,0.029940783274011902,1.8063389000199208,0.44873483820955345,1.328315655415343,0.6209247667865009,1.327459862131461,0.1553622452131299,1.107508772802586,0.17460349036054842,0.03100258464821171,0.22928219854657575,0.11162125996061092,0.5950989248190595,0.06885312734418825,0.0660242238364956,0.06688983530354589,0.5589787931598259,0.0,0.0
15.0,279.8325003838403,287.71841652932915,101080.93345840891,5.464375613054827,180,1.3685379741656987,0.6123149940132003,0.08665131953510871,0.03134823514395198,0.29523552152604343,0.0,0.0,0.9478661028438302,0.1556461084139054,0.8416430192902583,0.3453840241330627,0.09274506581992567,0.03205728884488796,0.09730160756139031,2.129294258215666,0.030298447551011996,1.0062372717429937,0.15545936276067038,0.8051043565525652,0.38194985430884454,0.4422488984699267,0.4640900300077553,1.200606975838738,0.03168783393558732,0.029779476554604844,1.5280718927038428,0.4443217016455615,1.3749256829955778,0.6352017831576962,1.4915395233223132,0.15517754727892208,1.1055379026135466,0.1845270892231909,0.03286508223181865,0.243878492533208,0.11827675711030342,0.6611590939269727,0.07423976266006505,0.0670800037492657,0.06355501592775871,0.5916016103152498,0.0,0.0
15.0,193.6764159308657,284.6049136070864,101913.95478110113,5.172706587298549,180,1.4160126320139572,0.608437094073414,0.08645909168147664,0.031022881690456198,0.3021331039118301,0.0,0.0,1.0306642149379603,0.15507546656369817,0.8415548388911163,0.3670125058852625,0.09143819706566866,0.03180351552594998,0.09893550516495281,2.160350694877147,0.031068869954907773,0.895377659052211,0.15539237390069935,0.798726539064525,0.35760646321312695,0.45939851318101754,0.4562178310283649,1.4767728056726355,0.029633535118241485,0.0294359533169058,1.5277633778851294,0.45075640406913875,1.2697335569514354,0.6050265572276895,1.3784200577341483,0.1556106547150484,1.1060421959142401,0.18748181807561198,0.028549234084520623,0.2337265088743669,0.11385797027433804,0.6512712248820572,0.06879709146993995,0.07118871268424952,0.06937595766906429,0.6437005958784301,0.0,0.0
15.0,345.2796682469559,283.59044688298843,100947.13781638652,5.753973762177738,180,1.308573215957055,0.6060727350883957,0.09136412709714091,0.03136281522272205,0.3282793339814908,0.0,0.0,1.0620670273981168,0.15518677179024487,0.8386429964327643,0.36535899658423737,0.08369078246132482,0.03163264798594941,0.09944749385044305,2.3632743325448704,0.03293537501283257,0.9007001004329945,0.1554901489977822,0.8001824202986558,0.38300427554196803,0.4963056981880078,0.4886604227463419,1.3072181595965402,0.032708426810328116,0.03002384109316702,1.4664051690713447,0.4872951497903317,1.4376392455436888,0.6366646412187548,1.334621723891786,0.15575900506672202,1.1081322826231546,0.17871921028774257,0.03357947993853864,0.23773085955782805,0.1117318627857499,0.6125243153575672,0.06470203233073966,0.06925696009515435,0.0640631476139319,0.6354424329588158,0.0,0.0
15.0,267.16018988709,298.39957799987206,101341.37367500056,5.327892153823013,180,1.4073136452080903,0.6072480011038439,0.08531843915355539,0.03198230296860074,0.29790338809117434,0.0,0.0,0.9742123392250349,0.15493427964008427,0.8376618666547966,0.3540146214790224,0.08687202615198333,0.03162582614055032,0.09094975231136221,2.1388786175469594,0.03344489705333171,1.0167739082554403,0.15526961730197633,0.7988058706862754,0.351171173051173,0.4830089806881891,0.4741750676335779,1.2627089373292624,0.030197009440853798,0.03416456259271514,1.490543694227761,0.439104346487245,1.4762680303281228,0.5672503242651765,1.375148911596114,0.1552428863593017,1.1039675330934238,0.17079067857158414,0.03262232239546409,0.2206441616968672,0.10289517240795953,0.6082327325732522,0.0679243489486419,0.06657432488948822,0.07086452055592465,0.5562655703608695,0.0,0.0
15.0,55.28502107522688,291.2012830379845,100911.03735643454,6.3740079309336934,180,1.3130748689072949,0.6094736604112005,0.09283497875751215,0.03069450949025024,0.32951610834200695,0.0,0.0,1.0477649794830775,0.15607377315447288,0.8369243341835367,0.37434939748322743,0.08857141029122748,0.03206887241502087,0.09224008923821148,2.3679926625059986,0.031044433205615698,0.9536074954209626,0.15550646371278254,0.8008077999003762,0.3664832889682109,0.4459313865059679,0.45715724249979156,1.2938448134204013,0.03202715201199519,0.03217112776090761,1.4893167447002187,0.4398938347622797,1.4183538694499143,0.5895330744048295,1.4621425727278414,0.15554614624771473,1.1057688271672999,0.16400300706762233,0.03302088431502073,0.24106759637724734,0.10735951295267283,0.6027888226381521,0.07031644449385961,0.06568269171655051,0.07076199047499994,0.6391489697050389,0.0,0.0
15.0,32.287180528586205,292.7369003029237,101798.84313088261,9.024121043131206,180,1.2996367968522398,0.6078132222576538,0.09496267546330778,0.03370735493516549,0.3172924405493949,0.0,0.0,0.9883449386118973,0.15563706725280813,0.8339171729376523,0.39128993569921755,0.08759887972529166,0.030534679106929318,0.08595386016406857,2.277194362299824,0.029885451096166898,0.9577904593985371,0.15575421173385556,0.7967715732666169,0.3506026861552363,0.49378715457839956,0.563239733663377,1.519214228648678,0.030956705181964982,0.029067628315329334,1.4636291033229765,0.4925758527155507,1.3848562628770387,0.6447714380232089,1.3843387911544116,0.15582264515188887,1.1050161336772437,0.1750042132749936,0.0301568304186285,0.22396851127774467,0.10853244818268143,0.6327433864843821,0.06636979524761706,0.06294678046261232,0.07153166488891523,0.6105756153446256,0.0,0.0
15.0,15.624217740539997,295.674676533326,101731.05422958538,6.590505586936236,180,1.336557825936901,0.60930465409181,0.08855180711086973,0.03299163415302981,0.3187775452429723,0.0,0.0,1.053418270819337,0.1553180015425,0.8396829875049721,0.33246891406703283,0.09089310656145355,0.03392140549939019,0.09508103157033622,2.561599459589338,0.033644757401056644,1.016195869079988,0.15534515626594925,0.8021343690713969,0.38922745427478705,0.4468299179457674,0.4535115739077107,1.259164122017253,0.029756733278572832,0.02923256591392716,1.6769507075107206,0.43376912075785823,1.4450544356452282,0.6788104628868431,1.279550321057574,0.1555344018173929,1.1051926454000611,0.17664131622528664,0.030902742491937536,0.2529060761977938,0.11131659684003271,0.624454018276671,0.07357231402129867,0.062155369872446874,0.06740052819755488,0.6789728866464158,0.0,0.0
15.0,120.60400454648516,289.138409412847,100241.51446827927,8.010601130136399,180,1.4136329079881484,0.6161662566028794,0.09755393741215884,0.034544662695199096,0.3241441261749878,0.0,0.0,1.0508143060994597,0.15607327845313906,0.8336296741365986,0.3574154246687904,0.08408624864613487,0.0315111070827456,0.08004517544062713,2.3547241836449015,0.03546537313915395,1.0409988876468543,0.15561878124537443,0.7980682091465501,0.387750215776297,0.43171597311210647,0.4659768561738426,1.2790375207623192,0.032035633384355965,0.03412123605112156,1.554660042167405,0.48630029772635597,1.3679307471996953,0.5851058188102733,1.3205462972938662,0.15568600857672063,1.1016557557918158,0.1782422233351407,0.03196986012859713,0.24953763423807065,0.10975108770275262,0.5827018775515264,0.06635663387389339,0.07044772863632022,0.06939632099146155,0.6209198776542666,0.0,0.0
15.0,30.612531351688833,287.87766424538506,101081.04363067067,6.987548304903658,180,1.2846291752035055,0.6127492567457337,0.09098671029499714,0.031200406725063582,0.32316790499227255,0.0,0.0,1.0815082058191858,0.15522607894631946,0.839080795832396,0.3666954750339482,0.09346964382200385,0.03140758488361457,0.09481117250465426,2.51136289707652,0.031323912852376276,1.0061597630074346,0.15545464373846604,0.8009455667801203,0.37771233238111135,0.4424311203832513,0.454043657910967,1.1876530317246317,0.0339322536439375,0.03343407292278395,1.573564062784027,0.4625666591441024,1.3608318019914736,0.6447361274300835,1.3431034150832917,0.15568651562915573,1.107426945834158,0.18899336194036254,0.029623351011381797,0.2527879610111141,0.10887828871726511,0.6346509884651161,0.06808041464014611,0.07322024986317074,0.0636029203630536,0.6116261748333806,0.0,0.0
15.0,89.1147359708208,283.6747775220412,100359.3514971255,9.74927175272055,180,1.3343292719568507,0.6106721416689339,0.09507730270137608,0.03463743479539861,0.28094661942247434,0.0,0.0,0.9525500288981381,0.15560785587855183,0.8384450850291313,0.3621723751358566,0.08537176244605746,0.030802214247379937,0.09015937795000904,2.259586698433568,0.031038259955063586,0.9787436614811824,0.15573850401932265,0.800472803781976,0.3586031463547985,0.516319052882543,0.4744215106655818,1.4382084957296217,0.030471618709921634,0.031052305589094525,1.510844881110764,0.47215838395607995,1.355268210793995,0.6483579641503673,1.377898904406468,0.15582005722877204,1.1066011326968692,0.17101643419914261,0.031191675636396902,0.24242084954010976,0.11464649028882037,0.6032756467274127,0.07137848401123842,0.06957982459822744,0.07210414282026284,0.6048569078298153,0.0,0.0
15.0,103.10740186768946,296.3342043394284,101555.3908917848,8.894776047186733,180,1.2693518079430801,0.6041539108448504,0.09031493955304537,0.033981708259510766,0.2993706757226335,0.0,0.0,1.0644222732297037,0.15550347497769476,0.8338103065980601,0.37510499995863766,0.08199765380144781,0.03055223096587477,0.0931996379317994,2.237786229803463,0.029812742450400807,1.0085701977821828,0.1554191971605022,0.7975649438823649,0.36677270499510733,0.4716380257967468,0.5037777746541593,1.258909681904394,0.02739690276856498,0.03116367641562182,1.4701113056086466,0.44878077565945396,1.3232082927797069,0.611015007617184,1.4119590696148898,0.1555706286675544,1.1062030839459158,0.17223932755297444,0.03222972293763046,0.23833783820136947,0.11418628820711767,0.6590839176276284,0.06413601435443216,0.061287994028863216,0.06738558014036336,0.6373465018113633,0.0,0.0
15.0,217.2566700853538,301.8635091835475,101503.06097006676,7.911029330067842,180,1.3691274637831619,0.6056918261406706,0.07727170487468266,0.033970404786779373,0.31829993660553113,0.0,0.0,0.940284168900934,0.15579804898768063,0.8368535913966768,0.3724417177931292,0.09248580180395374,0.029956001026304278,0.08694004027126408,2.4212509150944275,0.03256949780228019,0.9417632403771826,0.15509617616996207,0.7998948043086596,0.37659393363871413,0.4843550440994211,0.48536652267418795,1.6402068687009794,0.03200551758793314,0.031580444180894195,1.503430585261903,0.424079615389862,1.358575394759407,0.6322182100873773,1.2601992403631446,0.1549110887464613,1.105617880239828,0.18646041003791952,0.030856141882692992,0.24019069924650208,0.10894605623120585,0.5949783550961208,0.06640142928519274,0.07020908502139273,0.06805003108787903,0.6704722613950614,0.0,0.0
15.0,213.0656915045598,287.4729094343823,101585.84623117697,7.822760306620503,180,1.3019941637999255,0.6056014857270046,0.09192520510874555,0.032796648118396214,0.30512485847642223,0.0,0.0,1.017895444017397,0.15535511338791283,0.8402066631684685,0.3752862082257075,0.08733156467720661,0.03246075139421424,0.09717122174719175,2.173825528747688,0.032707678184225306,0.9754216058675778,0.15518125366168312,0.8011532164781543,0.37362590623491426,0.4647689705556781,0.4889434106641298,1.3898028140573695,0.030007874434243662,0.029971854347403924,1.3586689993186274,0.4320324700540575,1.5027125648177957,0.6586296097838715,1.362066983260253,0.15547615740280887,1.1043156289380698,0.18307771419659363,0.03111120237176859,0.23867043135891178,0.10369114938516104,0.619954468103309,0.06641798280679208,0.0642687159008154,0.06114049480757127,0.5887080390910273,0.0,0.0
15.0,140.07938362925012,297.10034615873013,100282.69979035902,7.60564380808165,180,1.2344936220026461,0.6114644688669795,0.08945087672058978,0.03166136049657286,0.34053117056807647,0.0,0.0,1.0288093017326299,0.15536461222793416,0.8397867583677717,0.3761958017158141,0.09218813114358189,0.03209638188397606,0.08782516963064918,2.1192041705896827,0.03307519898213353,0.9104537828620703,0.15498067746467328,0.7999563889055913,0.3512566225104304,0.4626079803408527,0.46750448162249836,1.3864746757353912,0.0296259996198089,0.034097603897488254,1.5653956517036802,0.48865944807458794,1.3855539731180633,0.6578983608163178,1.3780794009450992,0.15558136765855668,1.1045267434022534,0.18246064507782075,0.033298042110840836,0.2074187889266598,0.11040376272488674,0.5919825775908558,0.06739653802675093,0.06294131631711915,0.07377482782107225,0.6285129557597618,0.0,0.0
15.0,214.6069441340321,289.9577851314755,102079.42417762312,9.52967862436746,180,1.3255616478990988,0.6055452383054953,0.08672567817783873,0.030327421217123,0.3209243000876596,0.0,0.0,1.0246939917425715,0.1551862375621554,0.8395650551844438,0.355949816766459,0.09061224352534203,0.02926309099740889,0.09374903904731186,2.103665698249567,0.030947671016319126,0.9500233573300111,0.15522329764053888,0.8030378867259713,0.3528049194797327,0.5031557635321705,0.45709228229632587,1.494994497193098,0.03076268887080606,0.03127777400620555,1.4623247925032965,0.48719545196424363,1.3186838909114822,0.5802615828610435,1.2711585234508072,0.15564768065898124,1.1056943190253192,0.19521709968818357,0.03227742745832583,0.2292124851878308,0.10196397301775233,0.5874931886218504,0.06884642184287583,0.06983276125746635,0.06800426127715033,0.6070118418653636,0.0,0.0
15.0,286.4788138499928,291.42109907131845,100879.25752955583,8.38003909572879,180,1.3238322032587548,0.6089004420498075,0.08821104037548357,0.03449742825352374,0.3297197037837501,0.0,0.0,0.965131667191989,0.1551141752639238,0.8395963189774619,0.3781364676645188,0.08952925743165821,0.03196955776978636,0.0811921226001236,2.0987225013794686,0.031939421598312076,1.0302246048496078,0.1552505670137607,0.798089722010987,0.38254770737723637,0.498207163376675,0.4300286316149,1.2319324141354158,0.03244756233518142,0.033287142151073215,1.621448445922935,0.4868870465665308,1.4111321629713918,0.6166610689177712,1.3935642021025996,0.15551192147755147,1.099768979453631,0.17552888650160908,0.032660187849444786,0.2435745546279209,0.10833491833514246,0.6501309612196929,0.07165097648906588,0.07109811403198982,0.0673809814736377,0.6972048373699976,0.0,0.0
15.0,73.17063641986837,284.712642076099,100574.40283241574,6.073027268888807,180,1.275729985148581,0.6075557046750902,0.09535766997456965,0.030404144004692133,0.3394502012658652,0.0,0.0,0.9808716658950947,0.1551789448049941,0.8397588330781046,0.390736522381945,0.08509815584301021,0.03261782451026883,0.09469845608163424,2.560585311976647,0.03216838931631345,0.8491722050793945,0.15572060609283642,0.8014309680174271,0.380323186611064,0.45362383676112367,0.42023978958797337,1.2476047556754193,0.03154055554630577,0.03230973459436737,1.6821647205362646,0.4319745055715175,1.3711283286047748,0.6108455332345076,1.3550223968454336,0.1556460064455194,1.105286501158711,0.17777555913605422,0.030849959706136337,0.23506514931812547,0.10251115953068005,0.6199797925553436,0.06788565888498216,0.06354109452520547,0.06705496454707033,0.6317837189207485,0.0,0.0
15.0,63.70595563142079,288.4795030687824,101148.93781212199,7.914000001760343,180,1.4125159471461695,0.606383561216199,0.08776559268917289,0.032723546602836905,0.2856628686808033,0.0,0.0,1.0543352285910645,0.15560056177560827,0.841661396478821,0.3506402107022941,0.08787663327991102,0.03294902589365862,0.08802567197493397,2.3308771214858575,0.033196297719200116,1.022573192702421,0.15509592690823398,0.7986541855766132,0.34769845697868235,0.4660139877885764,0.47307173794824087,1.3920850272325702,0.029764358833522197,0.033687166103128774,1.5577648818595795,0.46019873792677346,1.2832597827217735,0.6225323411986557,1.3605558364599228,0.15541404470740405,1.1027018631416108,0.1731638394733127,0.030610265511691312,0.24704474968787588,0.11249158727475046,0.5938688316137585,0.06728823834753651,0.0690474153507825,0.06946559645823437,0.6253025406973783,0.0,0.0
15.0,338.9878221342363,287.2009195620765,101680.07910075146,6.781494761270903,180,1.3487583419448594,0.6068457649549303,0.08905138504507525,0.03203696129127215,0.30693655263318353,0.0,0.0,1.0417892911328415,0.1554777904294759,0.8389043844980852,0.38165335563249125,0.09260720055678155,0.0316190892933252,0.08828390936227037,2.3805619536382703,0.030776936381381667,0.918321996864465,0.1551133058125181,0.7992941328444481,0.3858881737277927,0.47396561380546137,0.45686083160263297,1.2553477447940686,0.030042041586260525,0.030257337264168495,1.6790734520737143,0.42024103340269026,1.2832871324517525,0.6589867196082568,1.3059077875778866,0.1553075993987175,1.106491920213202,0.1894681590148885,0.032843812134542336,0.24292260445637714,0.10326573943446425,0.6215136118067982,0.0643669502301805,0.06477409550970253,0.06887189506726768,0.6037701787644132,0.0,0.0
15.0,82.87954507739776,291.8883899218066,101855.18736102337,9.535580143766934,180,1.3038363079692092,0.6081339562821041,0.0856103436957671,0.030143180791828067,0.2956998052611857,0.0,0.0,1.082995762394972,0.1561686483789151,0.8369731503704545,0.3675803527785912,0.08735108252746403,0.030914905984856807,0.09600084758637316,2.5782417325494493,0.030344570409412446,0.9888189233158049,0.1558343423013251,0.7982588453271977,0.36228367123781735,0.47119051580209786,0.46734051845945357,1.4573318406256854,0.029736021410134688,0.03137518869689763,1.4878740950363207,0.46338725436657585,1.3586018148758383,0.6277454773469737,1.4498893719146977,0.15521873807814535,1.1041652730168292,0.19434321847635544,0.030270140632493676,0.24448303393055132,0.11256928460287167,0.6540530290482771,0.06877557850254708,0.0672492351913063,0.07143227363434625,0.5990579804627997,0.0,0.0
15.0,226.63155773847103,293.9535578373297,101541.14391406113,5.725260500252189,180,1.4080913479910346,0.6082461104598826,0.08256117396027723,0.031499471167228954,0.2922300529847707,0.0,0.0,1.1144906075743144,0.15569823845799174,0.8390667995843661,0.3678724381717775,0.08446953215741627,0.03353685129462264,0.09086659991333729,2.2345778535890837,0.030759201251784683,0.9695870032951743,0.15555335327295908,0.7987128039532239,0.3743506759550097,0.45855758128654833,0.45934612648062534,1.2831627435690844,0.030501542732925022,0.033118408532366465,1.4915814730701031,0.42306501703793864,1.4524176536351658,0.6041737412212552,1.1966552167608324,0.15506168333521778,1.1044968556801709,0.17695519645542623,0.03250151642773809,0.25433302958504145,0.10067506583530354,0.5820305993350461,0.07002227200168838,0.06919944433170998,0.07160671196411708,0.6206358609199562,0.0,0.0
15.0,258.1952800081084,300.25039593680015,101650.57977105245,9.676338731565112,180,1.3009505260194476,0.6101843836161489,0.08696579678770355,0.029919642060486026,0.3028672581047325,0.0,0.0,0.9906291838133866,0.1554186154252525,0.8382472447283703,0.3736414444613832,0.09094284235435526,0.03424420526664583,0.08571151772884801,2.410433904076747,0.02985267382006597,1.0003027509848952,0.15538692243255145,0.7995971537420018,0.36993245891853827,0.4628620699906105,0.4728099520313037,1.4372363271870785,0.030177957304749255,0.029822335226935438,1.4717164979961956,0.4345859383499709,1.3543005766651883,0.6675708825974297,1.3198536043864173,0.15580146937230535,1.104005563471038,0.1687146398546966,0.03141492718370695,0.24577051902233243,0.11348581070282415,0.6338768788855439,0.06546545335988253,0.07100204156935913,0.06640593429271549,0.6365005585825617,0.0,0.0
15.0,39.17886312561405,301.74964893878393,101415.44888931052,9.847949951398892,180,1.4990907814166858,0.6068644624413174,0.08560189397845828,0.033047408679756356,0.27544895957132925,0.0,0.0,0.8941991536871698,0.1558234116557549,0.84062163228097,0.36799338222039835,0.09625841087535032,0.030794443278445632,0.08518356221804659,2.0567127432548102,0.02984651002211928,0.9990019235619729,0.15536699692491554,0.7980616054103274,0.36363130016591727,0.4769914013607609,0.4541396447590478,1.2205420924659005,0.03285071074026402,0.03346042774675509,1.5096380720214635,0.44306730822541895,1.3186260689942522,0.6413201450587761,1.3247532473263834,0.15594606021634452,1.103502225076125,0.19249854207867312,0.03295523486989327,0.24487924533658892,0.1173432154852718,0.5788564873520209,0.06609562177318726,0.06719548464861917,0.07070032010176683,0.6407376492308088,0.0,0.0
15.0,70.73698565078729,301.6162169584967,100736.65699383144,9.107269867806558,180,1.3238993983012826,0.6113633290005637,0.09296654160418537,0.03167738646901611,0.32319338304031164,0.0,0.0,0.9967180217316985,0.15525598620890588,0.834083496865431,0.3458187877550979,0.0990973376585812,0.030611632059954662,0.08784167292523457,2.126901014533505,0.03318594926643346,0.9482989417993055,0.15491994258293304,0.8020176008838167,0.37384287049177867,0.44558974393786743,0.4616393579779473,1.3575316070417294,0.032766131671626376,0.033490783882929205,1.673496618836932,0.41442136557113857,1.3608012004967696,0.6166156510461971,1.3319820399609354,0.15533610049972615,1.103190066700614,0.1757068102607241,0.028840686718891746,0.22970196792214254,0.10033862881794686,0.6452372499446338,0.06486655392402489,0.06554721232935048,0.06684407456924561,0.624946355163058,0.0,0.0
15.0,27.78875923596477,288.9639553358999,102387.98033440112,8.640266145385734,180,1.2829014384774102,0.6091995620969043,0.09523808006581443,0.03454158501232343,0.3250885773577296,0.0,0.0,1.0546351309244388,0.15548000308790702,0.8335850429131919,0.3422783146355234,0.09000963481457139,0.03167189453081462,0.09442701624144413,2.30391535906489,0.030669627808167173,1.0801190577435935,0.15553233058568733,0.8009583515219139,0.38814519015368204,0.46891987413609426,0.47200181227577226,1.316464641848647,0.032297111799340694,0.032567630696451424,1.4981333717025993,0.4785612401090295,1.3199130762350122,0.6530658283062805,1.337852487513473,0.15522147482092674,1.1014285754259887,0.18821953365118116,0.03277449549388451,0.22781099722506234,0.09387094690686927,0.6273052948680621,0.06842617421885372,0.06657296755637969,0.06665949176345222,0.6020071671097974,0.0,0.0
15.0,134.1472556720022,295.3678833278367,101137.52233394187,5.671791234333019,180,1.4019421144210855,0.6112139145055059,0.08454262767342584,0.032643215037628515,0.2824352306931072,0.0,0.0,0.8944372096287418,0.15542467854650616,0.8412794033734621,0.38680147653828645,0.08881049827100594,0.03113706122422819,0.0942500932692694,2.26472213286487,0.033067430637542215,1.0678121233498903,0.1554968146173544,0.8021177677750032,0.37234489856441394,0.4751690483052552,0.43611745432925214,1.4449180937939625,0.030775382665576723,0.032452074652930735,1.581892149115288,0.4880708090640931,1.2657757416032929,0.6256309756761514,1.3701326634567796,0.15525294645754154,1.1054322968911132,0.18934361277462708,0.03248496861775821,0.2406728352654908,0.10625864280504695,0.5878273619871363,0.0632897787293666,0.06926430747497203,0.06953698253807945,0.6648078630606353,0.0,0.0
15.0,1.104949937262969,297.50725494454997,101014.11752622845,6.0680079760851005,180,1.3674365857475048,0.6072422293612799,0.08424820998732381,0.03360179075874969,0.29529024829152,0.0,0.0,1.0083956303462827,0.15539249568099692,0.837894806294555,0.3440613852565858,0.08415702658175583,0.029963186408276343,0.08800499961960345,2.606964757247458,0.032852556146305605,1.054452427655154,0.15522551453965122,0.8040203037229104,0.36306126829764485,0.49856821276458807,0.425825621758719,1.107878300699989,0.030611173847008698,0.031905586740149726,1.543011604501156,0.45008744257942124,1.3412404699942149,0.6131735750945255,1.3465932523079582,0.15521494041979436,1.1061934601884658,0.1781889116903647,0.030653867362525046,0.22685431600104788,0.11087744956407718,0.6414028049149464,0.06832653621568874,0.0694904772106058,0.06663633575627141,0.6031123602244746,0.0,0.0
15.0,38.974911060954966,295.4414118081836,100686.41040494942,8.647896729462397,180,1.2920531015542422,0.6099190065585481,0.08040323531765915,0.03197124925567848,0.33238734286575516,0.0,0.0,1.0109541294815398,0.15546790247537853,0.835051115383939,0.3626601018100049,0.08655555262028453,0.03199320674104506,0.10116671779700488,2.179658455014555,0.031693118490929054,0.8994462967986443,0.15554134298727504,0.797583292662553,0.36273205510680423,0.468809312559701,0.4701352639266725,1.565219172964295,0.02977712345184785,0.03318456027830117,1.60102291130629,0.4936678310125081,1.2482859570600664,0.6357150367066892,1.3077276222269023,0.15584154023130906,1.099107792962557,0.17302715450553663,0.03269413531308319,0.23741218067632178,0.1136686627539949,0.6107771424708534,0.06426600806812398,0.06632735140399022,0.07159683986548551,0.6067249773025231,0.0,0.0
15.0,46.11052530289286,291.8205517055911,101455.61511873192,8.836716631766283,180,1.2957303580051658,0.6088154553286231,0.0888089252754384,0.03194550290268904,0.3306359964399628,0.0,0.0,1.0400701253078302,0.1554053493894258,0.8364116987154262,0.3912529808848777,0.09132412533653572,0.033061585041993594,0.09070265725611056,2.5530045340997853,0.028840930963460833,1.0231359869684808,0.15494936196334552,0.7990170093653075,0.36537638628247315,0.4760515889625011,0.45198180385687575,1.2918402556376942,0.030446707830438964,0.030145726193970355,1.4784788611948394,0.42288751492726206,1.394043361936498,0.6481584444274151,1.3525220008121577,0.15511890424431934,1.1044029618037863,0.1725504944324154,0.03206941925190688,0.2520534503077823,0.11863537585181658,0.6250538746933848,0.06752720564148816,0.06397069346183328,0.06335563175273425,0.6288491522542481,0.0,0.0
15.0,137.18466133887023,284.3673490800538,101346.45516717281,8.03598413974796,180,1.3107133463748843,0.6093188367057611,0.09106844469640281,0.03169383802490255,0.31100721937889847,0.0,0.0,1.0565924915930576,0.15538011958615422,0.8432734889325424,0.40500353430188574,0.08954787935036437,0.02930887086553021,0.09229491465305886,2.485799866166751,0.031471117109396,0.9727396755815856,0.1552047628856363,0.8015966758345554,0.38617537325598195,0.4603964673289712,0.44281117763135236,1.253086693945555,0.029428418790850664,0.031528590026389816,1.3709452730391842,0.508628815616281,1.3540216407007803,0.620634796761124,1.380422559985026,0.1553183515052368,1.1081762101479231,0.19557592033042023,0.030506183455604345,0.22696213738776946,0.11478892161689852,0.5994865126707728,0.06220074709470232,0.0671151450377723,0.06905435514178997,0.6052253819847969,0.0,0.0
15.0,25.75888487450683,297.35108653812944,101637.01739951051,6.17901148471606,180,1.366738302329606,0.6118762343459695,0.09336607836067508,0.032601704676092955,0.32187651597208283,0.0,0.0,1.001106967706237,0.15544232484250764,0.8382502502953316,0.34261107379986405,0.08374664918964195,0.0313556255460532,0.09023004752664326,2.469785838376245,0.03268602858823037,0.873141575873303,0.155294177290884,0.8018386763572868,0.38848198375924864,0.4776694779585211,0.45863882726555105,1.3899742463463056,0.0311517290540482,0.03355725741129849,1.746602984979206,0.44737000398962556,1.2858144527584217,0.6344421590660267,1.4170425663478239,0.15515571124927288,1.1031312865149694,0.1922397481675603,0.03103737970259754,0.2179303812409986,0.10693589217475229,0.6712094466128886,0.06820773344287791,0.06208486181875726,0.06102307430920628,0.6455935041688944,0.0,0.0
15.0,105.46295154389118,289.12325682311297,101864.59603321576,7.298106927789642,180,1.433234607010452,0.6107185691375753,0.08811012381378892,0.030616715125078527,0.30670111269984274,0.0,0.0,1.0565845228724757,0.1556302348650921,0.8381438737317195,0.3824092631609923,0.10005113115441609,0.033543282829233884,0.09331895531438668,2.3580600959683538,0.03420464325703782,0.9497016480217563,0.15551816958236042,0.7998259390746296,0.34785101669946866,0.4509575330991422,0.47479700106698974,1.391835717689254,0.03371791808357854,0.03225285366723957,1.5711912997716853,0.45312261210114724,1.3936139093871902,0.6540240541563099,1.3107505510177957,0.1557015545424755,1.1047612907948643,0.17712461940951016,0.033745454761302134,0.24917963577963367,0.11526632975420428,0.6046758451961453,0.06611629899786575,0.06847142145844404,0.068743273735537,0.5899732418997498,0.0,0.0
15.0,45.91293449459085,293.9409272918901,102114.95773189038,8.172913831302607,180,1.2252600155737223,0.6105808828524225,0.0973013529670929,0.034831570601454344,0.2995595328158453,0.0,0.0,0.9913395108542112,0.15547840478321673,0.8307616466213039,0.3486466415772174,0.08995258131863432,0.031029162477885702,0.08522502760191522,2.3717671507234646,0.031642512076692074,1.0177022306899637,0.15581216756563354,0.7980194538719335,0.3708000863519792,0.48675730663973305,0.4679592641047731,1.438782561017327,0.03428483914780259,0.030307940344700787,1.5157043370054373,0.44475300213883073,1.321753941363478,0.6258899832252086,1.3973191730339334,0.1557407298233028,1.1054816718189537,0.18007210352791658,0.031734722835031086,0.247759700736087,0.11629449452244305,0.6318766050028135,0.0677478894130423,0.07101099453592122,0.0682223970326057,0.6000375524010694,0.0,0.0
15.0,220.66449210138214,289.88178820406824,100925.2618872558,7.461565396273887,180,1.2655842781758737,0.6143677912318111,0.09098695942137143,0.030311491271057547,0.303172823377166,0.0,0.0,1.0507117189422748,0.15557140081547463,0.8388643936736737,0.39044069684446775,0.08302799422523914,0.03146244525211907,0.08588682170771696,2.151845294707637,0.03263789231425163,0.9582682017110418,0.15563284064621022,0.7997350117793842,0.36655921525707497,0.46461609619746147,0.4799846030076522,1.3557586847435805,0.03145531609129401,0.029298669835240883,1.436972131006862,0.4266425871091761,1.2467947740276866,0.6114712006170305,1.388922849140916,0.15531471410963232,1.1036919843313107,0.18898981214530708,0.031070321232801214,0.22582002268235127,0.10680318701704059,0.6324187785938727,0.06974410999424172,0.06864766240070656,0.05861789384055744,0.6207973985400992,0.0,0.0
15.0,183.3373979045853,294.87071280918747,101539.73581546567,8.374337019528188,180,1.4600403652486085,0.6114185280130929,0.09524690210631848,0.03347005357906143,0.2740857139005946,0.0,0.0,1.0591810145190736,0.15511725400607848,0.8355765697027537,0.3718090785222456,0.09116693811255447,0.031108500558983607,0.09580206398553802,2.6562133092494844,0.03153331486847538,0.8832219654793898,0.1553136859470152,0.802012651708499,0.3561140777055139,0.45126712147990744,0.4426822373786093,1.3637607548404471,0.02971588069621082,0.031222333599238976,1.6165170656699153,0.45347081215271035,1.4983705940094534,0.6393066874695399,1.344263162725485,0.1554298555760565,1.1074917368754713,0.1836914551616919,0.032675483863410876,0.22198563817905448,0.11849691250926729,0.5908958057642947,0.06356441530530195,0.06489441046526208,0.065518693489975,0.6303530120462493,0.0,0.0
15.0,235.36518527292796,293.1070682749456,100914.44913733072,6.269044495381005,180,1.4064174002270768,0.6127038358888113,0.08978923791570502,0.030587419079708866,0.33417075093370824,0.0,0.0,1.0106823360263668,0.1552460046840463,0.836239844896307,0.3611923930070159,0.08402409339925163,0.0290932695712329,0.09148085389946815,2.5310642961488634,0.031525196871482856,0.9383145964105973,0.1554722967060126,0.7981147866759809,0.33561072751380744,0.43835354543229715,0.5064993892552307,1.2219613226304722,0.03202145970500265,0.031665026878285256,1.4617601530962752,0.49290174176575713,1.3803893753284584,0.6020201778521792,1.293176694101025,0.15514100154346327,1.108770423380905,0.18456412637748296,0.03271697129028003,0.23021319417689148,0.11535234256708592,0.6601751647834585,0.06277129105573519,0.07180628655523245,0.07181617823646233,0.5676982587750556,0.0,0.0
15.0,268.4235288472966,284.67049087681556,100698.47674828857,7.595841779617875,180,1.2063412291045332,0.6094518569129975,0.09251021361213542,0.032101942092343315,0.3022484208817444,0.0,0.0,1.0621952714682137,0.1552641544398163,0.836345562552546,0.37135328827142444,0.08870269818826278,0.02940465762896612,0.09004575737700364,1.9847454312542607,0.030484480680510403,0.9722055488534439,0.1554447565707961,0.8006708226656637,0.3616647502518424,0.4564444711393536,0.48564849036386115,1.377337078598031,0.031148984053973365,0.03302727859944956,1.5872485189149201,0.5161822449736446,1.3757994913859648,0.6399211468525692,1.4292509377374707,0.1555123227961233,1.1036113620558552,0.17141432676754345,0.03390257567623853,0.20304224213330513,0.12334992535858796,0.5749762759269512,0.06434203977556642,0.06460030066601792,0.07677333379993781,0.6105960511906604,0.0,0.0
15.0,91.37833640973982,301.64295552484396,101252.82991481228,9.386533289624227,180,1.3684149885534154,0.6097998454648019,0.08130718536308437,0.032330387199579584,0.30438593227305144,0.0,0.0,1.0694580514547678,0.15570502345714596,0.8344534495710334,0.3646027813487545,0.09074966479701023,0.03034662934812514,0.08586160496554206,2.2933060658091136,0.031622012553638786,1.009800077004002,0.155179704978516,0.8001093197501362,0.3706600235476725,0.4505239305201288,0.4767908502904363,1.4083754754696165,0.030963271072269365,0.03107907996865222,1.5303734607261215,0.47430951329350435,1.4178652550693993,0.585867837987328,1.3270287741733244,0.15524482331676384,1.1079564113655924,0.163697265892173,0.03053201807209483,0.24885719837854478,0.11349465405359545,0.6336505370281692,0.06409142891246622,0.0675253086796471,0.0712693779861948,0.6863855530988373,0.0,0.0
15.0,1.5349902770010182,297.5485715031192,101885.64479761328,9.614827643916055,180,1.3454896952343804,0.6069317581332015,0.0902943332238225,0.031213816277758648,0.3151053190049162,0.0,0.0,0.9619257521354247,0.15560300978712294,0.8391460263513586,0.37778051840514726,0.09771860082991289,0.03344271245392129,0.09077126098497158,2.2814001698376734,0.03629659767877983,0.9748033188713237,0.1553327721155643,0.8033805092840998,0.35007286972308754,0.47646263925148474,0.44157798792529673,1.2925458907888894,0.03249581656053889,0.031101150700567886,1.568138956407261,0.4205743638725109,1.449101715546594,0.6574372290169339,1.4104142385272957,0.15560150276362267,1.1045187156892138,0.1849321501534918,0.033129503242730625,0.23215170461000512,0.11021458066029778,0.6057704849697363,0.06759762105602654,0.060836855712535796,0.06802564771899244,0.6140391813120596,0.0,0.0
15.0,237.47981135493532,285.5087843526017,101267.73082555087,5.3418967212339,180,1.2815124033732537,0.6084336666326641,0.09068071499411763,0.031918702602257286,0.30326116705760464,0.0,0.0,1.081990097256352,0.15604374093994003,0.8421229176165801,0.3617155229413758,0.08762513779112645,0.03132591358218807,0.08926662666079477,2.095370049021648,0.031249323874460024,0.9642095784440359,0.15539473624403358,0.8007636910497793,0.3950447429119309,0.4439099402223366,0.4237594313990123,1.2277285199211367,0.027947466433376936,0.03145902977314255,1.5578407030564416,0.49426567351110434,1.4091793862868967,0.6476196434530889,1.2820310490991738,0.15522586811642636,1.1018597679237565,0.16605441236024582,0.02947058060127492,0.23473938494008625,0.10715731208543403,0.5878305013513289,0.06516817551282458,0.06557964168861974,0.07375762132563878,0.6040851076871028,0.0,0.0
15.0,167.90415865831122,292.7609667611554,100757.26490819077,8.820145754535186,180,1.2405486047110168,0.6149847376271911,0.0886847494972535,0.03085726850510448,0.2898248419803655,0.0,0.0,1.0913441472213785,0.15528339982755188,0.8410824233158644,0.38564136017319556,0.08872358491655016,0.03388495910248194,0.08808979080251066,2.291682685139257,0.032890651022827656,1.0571725661897535,0.1551312242809933,0.8014241812111484,0.3442754541540095,0.40484282765356816,0.4596182454194052,1.4518377580529938,0.030605391159487714,0.029616804011712756,1.517101104767219,0.4523487184457934,1.3949788897375615,0.6169137422551357,1.365235508690329,0.15554533466700726,1.1058609640509731,0.18529880024224366,0.0302408272929773,0.24848728684738183,0.11316537521867594,0.5763329910111387,0.07289358875447859,0.06840934168114113,0.06705888611699065,0.7001599193525999,0.0,0.0
15.0,289.64303354744806,300.62427573502447,101449.55365840325,8.012798866837665,180,1.3302826267436128,0.6095206084484416,0.09028768943636299,0.032169954737939585,0.29992861254997627,0.0,0.0,0.9582169602391114,0.15511544952686054,0.8362214029605172,0.38259128585711344,0.09135481882970493,0.03208421297330505,0.08797365869574691,2.1179568680092267,0.03353028310019607,0.9240240845469054,0.15576528468724568,0.8017494115620796,0.36365911864748857,0.449114400758554,0.5042726134035855,1.3114487239338917,0.03461854422224075,0.03230245823053048,1.5406122566275868,0.4638435344767619,1.403916377315675,0.6370589385349584,1.356413394397588,0.15503165025220117,1.1010304811350655,0.18824301058128268,0.030257570186802845,0.2520357058415458,0.12087916306443866,0.6166756054163489,0.06584625475145592,0.06810813032574485,0.06454021100852807,0.6116870656605036,0.0,0.0
15.0,329.61404839205045,297.0131326774945,100549.98291999313,7.172987679075972,180,1.399566685897165,0.6098664249682381,0.08899841747549335,0.03255458400618571,0.28640715934349364,0.0,0.0,1.0114814023429357,0.15613853341029807,0.8347580025570247,0.3838516089483523,0.08763348159083065,0.03482190507329947,0.08520006830085836,2.578468624803464,0.02923968460430258,0.9980233208595526,0.1552338659670595,0.8033097110561888,0.37527040862875327,0.4668502536871117,0.46324921213104964,1.5487516752958181,0.03174296751953219,0.032202610024644696,1.5723311687667478,0.41892924585796026,1.365836636179762,0.5860280709535772,1.2912526644682543,0.15503682552808176,1.1091612035128915,0.1787366282862132,0.03103276850834811,0.23697362195133126,0.10877971255165964,0.6685944628356217,0.0703466027559506,0.0686455506354346,0.066169563265587,0.6022679850782094,0.0,0.0
15.0,164.8022153436479,300.03409819959944,101698.10263570014,7.313826354833553,180,1.3659633051365478,0.6075435778969499,0.0901549460266301,0.032485104475234255,0.2892172090108318,0.0,0.0,1.09074069870622,0.15495589272791074,0.8380535725901113,0.3557374688491449,0.0841684716745501,0.030507289052179944,0.09261041076986838,2.3128019672741527,0.032317765926235836,0.9919246978556605,0.1554822221522948,0.7954312814058463,0.3947861275133359,0.4779847757509822,0.47035394895945043,1.1889427228958593,0.03175275564585405,0.03281464942005206,1.6436724495261477,0.4433272645675987,1.349659913251586,0.635728596856669,1.418025477023695,0.1552236121782633,1.1069668903053027,0.18115459624978564,0.0348745817923308,0.2342376269061913,0.10898475991851696,0.6971411871270023,0.0699598720192266,0.07023304132576098,0.06819749014419504,0.5929299097286167,0.0,0.0
15.0,335.21565217578706,299.3127453141876,101509.68148447371,5.908169863777599,180,1.2928726330247893,0.6117842153064705,0.08786613961218125,0.03327931818815155,0.3055080628787763,0.0,0.0,0.9851136425545446,0.15541561809184407,0.8415228174750137,0.37868448933105275,0.09548636904500157,0.031595356509895915,0.09148352887869314,2.170330562908972,0.030625402206813628,0.9924523312741492,0.1552721583749202,0.8067808245567624,0.3748727139540358,0.45559305044490556,0.44636453628436595,1.5167764386248908,0.03500853467049886,0.031228679902915793,1.5299603127146622,0.4299237588124146,1.406973563632721,0.6492028160943825,1.3767999737130296,0.15584465653714571,1.1031423471498587,0.18343699960482374,0.029320240706769585,0.2061969441647422,0.1052360915353209,0.6051618062621595,0.07251211712095217,0.06973926528337177,0.06796893140234316,0.6804002288576713,0.0,0.0
15.0,117.97253487214789,291.5808369336868,100855.9561140143,7.092889319057977,180,1.2914484485863273,0.608443951617446,0.08976623632978413,0.031065366431110863,0.3196718839026057,0.0,0.0,0.9716380109756334,0.15465250414318088,0.8357718312391688,0.3790791981084011,0.09344450944604599,0.034110917256662626,0.08867248607484636,2.1398376458456774,0.0341433176699784,0.9719907775004323,0.1554797865834511,0.7988818091863624,0.3937258610774015,0.4939510155281031,0.48837654283341375,1.6022878466715331,0.03280498690382417,0.030336674986798085,1.5239295794576668,0.4511510075263998,1.3367741874377195,0.6655309849354195,1.3357810518604802,0.15519896958315338,1.107782735305495,0.18100146951274476,0.03157639815079781,0.2407470190109694,0.11668385868705132,0.6336744900923565,0.06937898789144498,0.0659555690984188,0.07030456915768242,0.6014232474576643,0.0,0.0
15.0,290.6097010171451,287.0621151244656,101063.32928307253,7.855586624108232,180,1.4685697953844619,0.6123367250273503,0.09459559685350276,0.027740834276641757,0.2891922448054043,0.0,0.0,1.040152829249973,0.15557097337942935,0.8366170403324311,0.3610576630159635,0.08650495372756194,0.033468976000982864,0.10410982655748609,1.4786586302151226,0.031925001014287975,0.95709170316695,0.15569837833876018,0.7986433132539777,0.42778356678185486,0.45606918777827843,0.4852585430309781,1.631240873984656,0.0287256599629673,0.033166936215199255,1.6215620316487265,0.45279466763687665,1.4164505872418462,0.6536658860335453,1.3838306968637955,0.15501382650708195,1.1060924185202856,0.1793703512532342,0.03390329067276548,0.23684099018315904,0.11817916421065881,0.5920326780301145,0.07096218377051257,0.06677247197859955,0.06639243283208301,0.6226254579827185,0.0,0.0
15.0,228.65781862109384,300.52398874659764,101100.68588794248,9.238112174102431,180,1.360936369797425,0.6091566149406697,0.09088124999040784,0.0319716423858392,0.31283924575350275,0.0,0.0,1.0314654784117465,0.1550685507665348,0.8346679120214962,0.35657646652849134,0.08647942911607105,0.031107634223113724,0.08714848856033394,2.35013144741165,0.02934888203294311,0.933916022931811,0.15526491378211613,0.8055249715804289,0.3491968127846407,0.4741287675753886,0.4791394897150492,1.5177014521472127,0.030251914615376747,0.032060910854846025,1.6459836002592207,0.45970879593637215,1.3420555785120243,0.6589908719398186,1.3250926281325521,0.15537056247283534,1.106698305980643,0.18829376580119273,0.029947960759777445,0.22391219075244306,0.10537798397691144,0.6322192724337635,0.06887106569460179,0.06252705441285372,0.06160807848065735,0.6798535881040897,0.0,0.0
15.0,184.373679654354,297.586229304843,100801.43798682909,7.431603757090708,180,1.275517093249681,0.6119470569482551,0.09651545928193506,0.031825868581405056,0.33213231197283627,0.0,0.0,1.076085563605223,0.15556788861525572,0.8416167550082683,0.38871881975277306,0.08592724222044178,0.032086319549231995,0.08398463649116471,2.243960689093024,0.03152198315310517,1.0051858725506766,0.1556970089207867,0.8021526003309722,0.3725331573165722,0.4165839581938714,0.47003282689239134,1.579221435963442,0.03167944782933887,0.033109773025797665,1.4575679653357054,0.4503632848343496,1.3688592370724422,0.6404238816780872,1.3570909818566337,0.15583332492189442,1.1037533896038003,0.19711571738374623,0.034334338317374105,0.25210563559468263,0.101833635020978,0.6482287253331379,0.06683297275004546,0.06413378661757244,0.06939946915760888,0.548265347559226,0.0,0.0
15.0,119.43109731473068,283.4765793946074,101476.40437768701,6.375078635188779,180,1.3908230879523795,0.6047732698512094,0.09695401633460037,0.03182301593891553,0.30386209959589594,0.0,0.0,1.0284105291607006,0.1554928788093248,0.8382454092161333,0.37503209867242193,0.0884424998544878,0.03088053173483713,0.09781042876334796,2.507546412606384,0.030653354174793822,0.8701417932243186,0.15559247861286363,0.7993979667097828,0.36042934789728087,0.4994870348686081,0.512040066536448,1.2242137916430487,0.03293028814937137,0.02782153332010582,1.6225668625850849,0.42804167600335197,1.3939661647833639,0.6501377586087975,1.3870963043523084,0.15542017686912815,1.1033164961641242,0.17422419796928718,0.03138829073140722,0.22937192578518464,0.1032837821819372,0.6278298453309182,0.06370085006642283,0.07224328385556955,0.06091855034795054,0.6351809398468632,0.0,0.0
15.0,111.60864198949436,287.8837988617952,101988.99704128831,5.553351352874759,180,1.4356844117804985,0.6069261431160652,0.08865003273156691,0.03429192859456542,0.2931830857167784,0.0,0.0,1.0844837747842293,0.15543166575151401,0.8386328007402784,0.3758215880763458,0.09358866948870069,0.030185303228524106,0.0806815725883649,2.036513700925845,0.03543776158290713,0.9714369590284356,0.15517968092008336,0.8024973789392779,0.3585853839774314,0.4859864107542784,0.4761244471970989,1.1510924965925264,0.03249179581752017,0.032510573464333316,1.535372243833351,0.4631550530673616,1.255343952431746,0.5898622799159288,1.3105351329590955,0.15542160784783776,1.105052499585844,0.18839424131504615,0.03243499904841178,0.23072337455474434,0.10313824677572962,0.5992711773162566,0.07605836945804752,0.0708533065132387,0.06948866078835446,0.6083535057006294,0.0,0.0
15.0,68.36822443367146,299.37665159735263,100892.53903637451,5.502814458326523,180,1.4075153288842137,0.605738040136463,0.08747539684008644,0.032419488780097726,0.33247206194003187,0.0,0.0,1.0321301329020252,0.15569526443299594,0.8418572642849941,0.36051153592930635,0.09140553431414329,0.033746527899050284,0.08888308484390696,1.7865405415678173,0.03271633956364334,1.0325914147077904,0.1554228801155047,0.7997151912409866,0.3594741447143396,0.4417778470941603,0.49198536695181316,1.3856077911533953,0.03400910406604842,0.03202900462231878,1.4897038576477768,0.44914639658166655,1.4167535996274963,0.6651631280063841,1.3951967042649869,0.1557747676823625,1.1017826367774752,0.18691903385417627,0.03312557350091419,0.24872347337491846,0.11208187865560282,0.6375262561327628,0.07174067523223764,0.0673547917053642,0.06663765537362107,0.6069556989135076,0.0,0.0
15.0,140.64519158172436,296.2668539430725,101817.73097653562,7.2518678257115585,180,1.4051444533128605,0.6072636706460304,0.08388668416274093,0.031716365157757,0.3032519947040941,0.0,0.0,1.096531370418701,0.155684665698231,0.8388528875985743,0.3428502762653169,0.08388277427576057,0.030616411840383523,0.09227575623194494,2.544651134684933,0.031448390159050765,0.9466585363506937,0.15538439369186208,0.798594825760049,0.3789024575456974,0.4674718149291279,0.43654438865520534,1.321138989406074,0.0313798374066523,0.030573414629468276,1.5307111814173129,0.48555181818982424,1.2651513743376932,0.6076862101642069,1.4995428544350349,0.15558091733265939,1.104825276039964,0.17061266727596897,0.028688398097602024,0.24621300414410854,0.12343673053933596,0.5910762547046589,0.06461037188310269,0.07114760353718451,0.06984666551926944,0.5713004250609465,0.0,0.0
15.0,169.2541423195771,300.1127986666608,101079.25278610013,7.366629149973232,180,1.2886588597559057,0.6124266263016627,0.0784334150371718,0.03162069755345219,0.30477565647295307,0.0,0.0,1.0514727495279836,0.15532448678625513,0.8382995095906702,0.3573822327033924,0.0932305548998235,0.033233083468170235,0.08812242236065669,2.142786983843688,0.030447347241269924,0.9904453786737444,0.15543095217123548,0.8002992385520264,0.3824569552098565,0.4553142622413588,0.48449294191061265,1.352364762867203,0.02980397950955322,0.03379381715400266,1.3875462787439932,0.4506728766916923,1.3361526852145376,0.6092129300124459,1.4076194992644224,0.15561929795869806,1.1034915725162318,0.1774909684135154,0.03397648206065219,0.2330060814742529,0.10920789381940722,0.6070383251017705,0.06189077464892043,0.06468792008766311,0.07373200177849139,0.6342275526233141,0.0,0.0
15.0,57.96560138269549,288.44565464248615,100818.28456875685,9.770694552142771,180,1.394137954773646,0.6094853839036206,0.09171568954299046,0.031220624516478775,0.29706809772143833,0.0,0.0,1.1043759089868996,0.15512547396544274,0.8342807259683135,0.3751364536536823,0.08784328730571156,0.031794404713634365,0.08703166161406437,2.224792337669723,0.03458209105121326,0.9058508143130314,0.1555532018567512,0.7987605447862027,0.3858775198793123,0.49677156013019763,0.48501582084065664,1.2913285525022962,0.031616465972834386,0.029397101095466876,1.6475341528411171,0.42966851480852997,1.3635433422223322,0.523801667823137,1.2850929601888412,0.1553513037036059,1.105718717622654,0.17468740511048733,0.03141152762472938,0.2326411944952268,0.1057707216113551,0.5735150108248626,0.07206782201347407,0.061185061262195355,0.06546233483250066,0.523238022860126,0.0,0.0
15.0,135.40274254117918,283.9913574621834,101659.14990667801,6.2262827160119265,180,1.4169060874006847,0.6091141742860927,0.0900922357266153,0.030508246324140446,0.3169864266551711,0.0,0.0,1.0537224470832867,0.15522065498568816,0.8392740206796071,0.37873262259948415,0.09432781996797483,0.030761631773510954,0.09755504064206803,2.429273284115317,0.03386425674319942,1.0854097867785375,0.15547186485249043,0.8033801002099676,0.3531685626808453,0.4547089527554368,0.40898616164539686,1.4197961319672032,0.035134696995967205,0.02870673647442278,1.6027443241066077,0.4534659895995941,1.3438571042424936,0.6350903956811679,1.352797286653847,0.15498257477250832,1.1081263237075227,0.17870440842807142,0.03272184786160483,0.21527926181497153,0.11622264986563378,0.5939193495299782,0.06388296309731326,0.0656304683046096,0.06687376318004058,0.6469096229294456,0.0,0.0
15.0,226.80903352962278,300.5100615057764,100939.02307047165,8.240478489405078,180,1.3335158160172127,0.6122652151891431,0.09969681154676163,0.031445277547278536,0.3063721669125367,0.0,0.0,1.0815508770954703,0.15505105241446804,0.8389561036346874,0.3852419949056766,0.09241767499175683,0.03321165044491355,0.09028943882185837,2.4348233462076943,0.030936013963528856,0.9409019293318369,0.15548102804189012,0.795023980604779,0.35327290387860766,0.46028913127447857,0.48022656967480837,1.2472856469267481,0.031405737791750335,0.030605527724034836,1.5139341288588977,0.4286421486707331,1.372508382259679,0.6118214215921135,1.3127405129799912,0.15556059170731598,1.1075076277281015,0.18401991121828035,0.030490252390646306,0.22597746288641757,0.11155994854777904,0.613340001519545,0.0636124635780579,0.06828273878789931,0.06800725904969097,0.6227890380310482,0.0,0.0
15.0,276.42085903543654,293.74902757327584,101538.8373594281,7.764323306141416,180,1.437048156203939,0.6101060969670118,0.09194550892014387,0.030906976003096016,0.3026846810054321,0.0,0.0,0.9948777372324289,0.15493297657141292,0.8410828055901597,0.3769440617132205,0.0900383658155364,0.03126011644369716,0.07710008543753802,2.192509544781854,0.031677736063345785,0.99164470659725,0.1554812105433834,0.7956481437517923,0.38989007354058663,0.4495255254432634,0.4807124492752324,1.4016201200985772,0.030672571670466046,0.02981762746374728,1.6153624465534397,0.46615872774101214,1.3492633700419665,0.6153608335429535,1.3503846042550145,0.15573343658426403,1.1043274050079779,0.17420183096599393,0.028982627380096503,0.22715332750245282,0.11236046606987754,0.6318824390728002,0.0704976868130434,0.06689992949425201,0.07246249529119536,0.7066119100169558,0.0,0.0
15.0,221.14729237427565,298.0714211018668,101363.87199469253,5.529239778955497,180,1.3982444052420169,0.6093427120407995,0.0867263017238771,0.029662174942922528,0.32429278909983433,0.0,0.0,0.9713803902060061,0.1552582996745745,0.8402739882665584,0.3807781454257767,0.08017317064414657,0.032428632289822096,0.09324529242135256,2.4866562688034404,0.03360809554308231,1.109047582565194,0.15566788506730073,0.8003268461045566,0.3907528271530824,0.4441196815075315,0.44990873271452153,1.131528573828003,0.03207055649850258,0.033476394274311545,1.4289421063265422,0.44592309451670153,1.3841933222239893,0.6398595817353103,1.4184607601922181,0.1556648064819787,1.1106671860171389,0.17220124578188248,0.030789737938729578,0.2434442808704211,0.10310683814909935,0.6049936787058849,0.06451262996844524,0.06900426644068709,0.06695821388055148,0.6138208540838211,0.0,0.0
15.0,210.76964202173926,301.9002348149845,100730.45514003439,7.377747104686547,180,1.4315516806611857,0.6088445757735947,0.08966745305883224,0.030403936010728817,0.32327682471420177,0.0,0.0,1.0630975718464806,0.1556836934494843,0.8390846615130992,0.3533417405724124,0.08895938287400329,0.030856879931726842,0.08694368030459929,2.3515303793004856,0.03209340196806208,0.9415790735075699,0.1556224782275918,0.7992760742573465,0.34779927351691836,0.4825698494432564,0.47966226398944506,1.0702190215512353,0.028789046784072073,0.03198718403034196,1.4694928903016578,0.47338663626729693,1.4360662177709769,0.6396156939137275,1.3427829417552308,0.15510996425444382,1.1074603388122428,0.17582198857009015,0.030195613127152496,0.23761920463739714,0.11684507159669731,0.6340475531288997,0.07170789460659559,0.06590699976562478,0.0674806625396813,0.6474739275588193,0.0,0.0
15.0,213.85641732682626,297.9629656703534,101970.39021449444,5.44102281204918,180,1.3557794533596779,0.6114424619173646,0.08539700181746622,0.03275305577412941,0.3368169738336886,0.0,0.0,1.104728680210595,0.15544685907298605,0.8414512965259427,0.3422239900528366,0.08261423503673444,0.03192844587478871,0.09875697179793512,1.8526514089088597,0.03258228506337296,1.003341462626978,0.15522849687884238,0.798787220633129,0.34220169351278984,0.46241585709457245,0.43045784429238565,1.1940469439651435,0.030861485223728016,0.0317395095274333,1.515261656453961,0.4985383549476181,1.3898215594530192,0.6127423384211984,1.3642638298399659,0.1556923166494581,1.1049771390370116,0.17041005565589679,0.031342468130475504,0.23483290886545885,0.10751295218150297,0.6083641700999619,0.063549662863816,0.06890622034535514,0.06391598981986191,0.6153978384646482,0.0,0.0
15.0,67.25045652895213,293.45119954324593,101445.58155412892,7.9170940005608035,180,1.4160560340294808,0.6082573987288914,0.09542225637556384,0.03040317879487082,0.2876103947916301,0.0,0.0,1.0708822970490774,0.15562333617432617,0.8367282524598096,0.3242989538436732,0.09559220693167629,0.029638874972971067,0.09041344506677733,2.1315713665064737,0.032895985948406724,1.0109456954617497,0.15534263941763346,0.7981564638833968,0.3812506650175907,0.4400677254176882,0.48537605419605667,1.3621357161566996,0.02922032040171992,0.02964263142482325,1.6269131205563097,0.46439510414218366,1.438368020454726,0.6024372748960287,1.3846598654622635,0.15534610015276507,1.1058412311058772,0.20386510811006664,0.03237145708960779,0.2592633002566416,0.1049866312441748,0.5874606401614098,0.06330815477219151,0.06396240459683405,0.0649495239302005,0.6248981881690132,0.0,0.0
15.0,266.4026533122422,300.1652247904294,101129.68231338763,7.265248008336997,180,1.4679946691940224,0.6101852538195967,0.0930452182111475,0.030347463722584827,0.3122570464610076,0.0,0.0,1.0989253969370458,0.15565560465043815,0.8386413901884348,0.3421335134910544,0.08523752663228858,0.03433953457963027,0.09073703823544374,1.8451737044200178,0.033573123406966845,1.1108198476883266,0.1560298754517557,0.7987134240649078,0.3840138369390279,0.4577637681722992,0.4540278362195391,1.3839156294282307,0.03192683931134765,0.03139389906105852,1.6370625721054648,0.42857965216736427,1.3747935960921036,0.6238267192477728,1.3256891059166167,0.15533985082503818,1.101865470121369,0.17156959666271213,0.031655028820993504,0.2344410873140886,0.10506326964349716,0.6833268366369893,0.0645726464791734,0.06382855538366253,0.06960967883493421,0.6205529218596954,0.0,0.0
15.0,255.5805843402745,298.4807236039786,100766.62137066752,6.698487390281664,180,1.3642775655214807,0.6085176916667085,0.08928640258910998,0.03239513848011867,0.3227904055270611,0.0,0.0,1.0771034639953956,0.15520124723699802,0.8365741993612673,0.38538856502159785,0.08338307276135279,0.03342078816491676,0.09486448859652587,2.1423844377941204,0.0322567921669646,0.9746222436711517,0.15575989794734357,0.8011631932651125,0.38375917990325464,0.46944861017876893,0.47462552904795074,1.492985640211032,0.03502963430706104,0.03360849824798978,1.6019578510094423,0.4652107980056745,1.2861538031669535,0.629126669992137,1.345502265800953,0.15574393322080576,1.1047239118971004,0.1695459435072706,0.03434117430888289,0.2423787492263504,0.11197539996732046,0.6359185576698412,0.06396791732857425,0.06845678583731865,0.06898053072939053,0.6187065667720524,0.0,0.0
15.0,6.013412369444775,300.88672513265,101861.59845728335,9.4416891976293,180,1.352780465670633,0.6080880771046416,0.0922003134363837,0.032964598251163144,0.3151479796868787,0.0,0.0,1.0914297126267762,0.15506366517685083,0.8388404480662216,0.3476143444296996,0.09102916857842908,0.03257577345072912,0.09100701895844468,2.6153969135129365,0.03326724920386832,0.974818857670445,0.15528222899588626,0.8031510474115735,0.39775978318600685,0.4977951997219252,0.49239054536521887,1.4276445475065063,0.030312185680319906,0.03037646537508204,1.4429764391813709,0.464444917328176,1.3577211916059129,0.6415205395546628,1.2814167824270943,0.15547536778475882,1.10828408361598,0.17512123877252497,0.029790381272385938,0.2521006657601312,0.10550080236821181,0.5770118128026557,0.06906438279425875,0.06584371466477311,0.061515874788223374,0.5752579754143815,0.0,0.0
15.0,249.6141098036241,288.0750300096053,101671.42306653496,8.488271220276573,180,1.3827984807776585,0.6084886318041697,0.08998703833259061,0.028639656402532757,0.32356586278950905,0.0,0.0,1.0037415543636348,0.15504127900462983,0.8409636662825949,0.3471737516494927,0.08441321660729001,0.03363104494844939,0.0875526745647498,2.2877312584338743,0.03522859616882046,0.9770775374792914,0.1552568029144866,0.8031506303100441,0.3521134200893327,0.4390312268020702,0.4617178847253515,1.3367317048433194,0.03363779415532093,0.030924300386039005,1.4833529509944818,0.479707041244895,1.4439444005772737,0.6254093679645268,1.3730552644677656,0.1554542574910698,1.1027319019890396,0.1632729829175833,0.03371610869944909,0.25320778650591685,0.11048150964581228,0.6482903609974352,0.07555127901590343,0.06796866009132968,0.06811118295003042,0.6102739868817952,0.0,0.0
15.0,276.02449488191945,298.55299879949644,101544.7109833404,7.538203389318508,180,1.37387970711322,0.6105545077725961,0.08967652567682687,0.03238064100290192,0.3095835242728632,0.0,0.0,0.9370710648694736,0.15556544411677423,0.842306120482245,0.38668765690452517,0.08641171536220493,0.032606098388292905,0.09519442450593692,2.2299340719776795,0.029662466959339478,1.0548966658930803,0.15531727912162321,0.795500507108222,0.4084824701647269,0.4958798604740538,0.47763531151019556,1.3371964370792369,0.032248008374275584,0.030026755925249535,1.478618827186906,0.44273015101720964,1.5087958067139027,0.6074117558285941,1.3019106536954987,0.15528351493635736,1.105313532096398,0.17054687716152755,0.03139769082666361,0.23740061315041275,0.09946456941071478,0.6313722648224901,0.06797622154960359,0.06758752961075816,0.07054687078228135,0.5800685020096884,0.0,0.0
15.0,99.70469426793332,293.123578714483,101533.76756022491,9.72503436047589,180,1.3636177070954478,0.6090717467481105,0.09038806279559533,0.02987833051923343,0.3181916517245667,0.0,0.0,1.024459739699714,0.15539256000959586,0.838153130878688,0.3545987219909613,0.09449319235250446,0.03244326080033913,0.08834630603174945,2.5606656870310505,0.03288624239951711,0.9725921697968738,0.15547418265540147,0.795984230548306,0.39392960909940355,0.4750863527444503,0.5259089851151801,1.2596067310853474,0.030755472847302213,0.030933394318274708,1.4816796066310018,0.4478075550330209,1.4399481912654954,0.6525033753868567,1.389065722355143,0.15530058310979028,1.1078339822734649,0.16083310851483146,0.031191618516739277,0.23985798517636017,0.10896097041618313,0.5906941571560665,0.07089695185164514,0.06618233177990836,0.0703364661968513,0.6294976980617697,0.0,0.0
15.0,130.86556520491496,284.75638561968054,101652.01149976003,7.05845827490286,180,1.339972947494043,0.6039396446447626,0.09992709371108534,0.030220500986140115,0.31261189325319366,0.0,0.0,1.0314497685122161,0.15504593680356046,0.834082316553095,0.3677467980510005,0.09150484827830654,0.03334669686491276,0.09038632122355833,2.345651530187739,0.0314376045961476,1.0229859867777102,0.15555476381938255,0.8036956148961732,0.3293473120789957,0.4795033822856437,0.4627085656526919,1.4844310079530796,0.030632553097102007,0.03501251019804929,1.7574966343414535,0.43568560175546434,1.405611174078765,0.7019758033274439,1.4217615127280812,0.15482788269760742,1.1074846435075247,0.18782900371080163,0.031025511419047285,0.23968729603408406,0.10836268709833996,0.6371778084821216,0.06982448974222802,0.0681168083156471,0.06437581448257725,0.6496344403762131,0.0,0.0
15.0,357.1347977324985,283.01570399135403,100859.05764376739,9.125644400139437,180,1.4436567545426084,0.6059704687430425,0.0884188005773246,0.028799856517464043,0.329469355384154,0.0,0.0,0.9545560581557676,0.15569392067896246,0.8382453754796557,0.3641997125589716,0.08900678509151654,0.02880331618859276,0.09170672521371628,2.3502709734884606,0.03275715558932362,0.8639971508765024,0.1556383090338735,0.8001478498018587,0.3458868571889775,0.4564425377223752,0.45540502020014406,1.1087274532471927,0.03161604175299291,0.031180667759308202,1.6305874038723482,0.46735223449615115,1.421164318464662,0.6375067260686873,1.43882196581458,0.15507514053128707,1.1031657656199005,0.1603120333149171,0.030487783288382957,0.24188247994045414,0.10723114745590569,0.5752440027144218,0.06586738182053041,0.07085122834006005,0.0615434685631497,0.6144175565794361,0.0,0.0
15.0,159.4538160777754,283.4107042488458,101646.20525196106,9.607372996948214,180,1.3116802330925308,0.6094962381161521,0.09215105149111248,0.030270374446583988,0.31846254488014386,0.0,0.0,1.0008475525476883,0.15563216995611517,0.837000092419588,0.3721707868268831,0.09000025054522579,0.02831171536592019,0.09457833763372862,2.05065972652735,0.030690765004852544,1.0102577310549372,0.15561781423055251,0.810926589191669,0.3597512255966699,0.45439096539772306,0.47246242097952923,1.5178020194324875,0.03272001194156156,0.03522161701955988,1.5153376279767805,0.47210613658660167,1.3345812266459904,0.6257424287801462,1.4357828758399112,0.15524677660788327,1.1039136853558715,0.1867668902248153,0.03162909319973035,0.23720604248072968,0.10725096624767595,0.6065988982492613,0.06999952165637402,0.06613837912164028,0.06629707666662875,0.6184338490421653,0.0,0.0
15.0,115.03822545145462,286.90999485414585,101458.8157292379,9.182486050781714,180,1.2505727188972915,0.6070571950535303,0.09832710360100129,0.029415363167284353,0.3358045240328262,0.0,0.0,1.0831250460697266,0.15594379303337186,0.8377164063589313,0.39968488722012785,0.08746850832143982,0.03213296999037902,0.09639360444989761,2.1629708479447913,0.031636815294497855,0.9796069505815308,0.15539461906642776,0.7981751362339565,0.3777922266979613,0.46937030025083704,0.4400800312045343,1.1775975455782406,0.031228795998434027,0.031145176109477656,1.6082127604099654,0.44379863815732945,1.3778338505062513,0.6500152233789622,1.3671227162686725,0.15541642840389203,1.1021421727405223,0.1763250723061426,0.03206148802665906,0.24374236574059088,0.119278391488788,0.6250002999027073,0.06638752986981997,0.07125297737207731,0.06569153846363032,0.634655136960911,0.0,0.0
15.0,58.09408545042355,283.6630246261278,101505.72388637949,7.456968794892051,180,1.2900143974139326,0.6102374286039642,0.09921089378672651,0.03480142244859166,0.3039695962748287,0.0,0.0,0.928924106157577,0.15520195774979997,0.8380655782751174,0.3550133336965421,0.09410286637398811,0.03261964606113081,0.09164554887746619,2.259518643199862,0.030585120126299818,1.0997386135972962,0.15533727728945382,0.7980935731918685,0.35399010789579344,0.45869421197237525,0.491214804139888,1.4886037848632867,0.03226466194708326,0.030234786159095438,1.3988591334683413,0.43946254040814375,1.3352725353574848,0.6167424940008036,1.3995838059287184,0.15535566658079,1.1080642215101983,0.1818182250775685,0.03453626623999866,0.2465070984314016,0.11045894951875505,0.6425062590199072,0.06880097246993744,0.0641333826238194,0.06893359007755624,0.6761553989750047,0.0,0.0
15.0,30.73625005521729,284.74023762520204,101942.91067252182,7.940720094893886,180,1.3706501032042226,0.6138949719492935,0.09255316309397234,0.03264484533708058,0.30281146332686215,0.0,0.0,0.9080600558675828,0.15551879060020693,0.834796943845051,0.4045797804730538,0.0951461583979607,0.0311819404976621,0.08855820061905721,2.4288001152953496,0.028504506708596052,1.0119879422653677,0.15535907464400078,0.7988574282705885,0.40307687738861087,0.470052578935509,0.4310485555824639,1.423388348892498,0.03139808302503889,0.030844767796673847,1.4639464081830753,0.4388050940100809,1.3539299240572655,0.595211768644775,1.361790966297584,0.1559195426636567,1.1053930405338825,0.1818682369181265,0.03211602329883053,0.2624449519368912,0.11306934070827661,0.6668914811265981,0.06866947943016095,0.06267132332925347,0.06774421050465747,0.6546077274525067,0.0,0.0
15.0,209.75662731178804,295.755640135374,101833.56221890858,8.688617925034993,180,1.163392100634463,0.6075343400576615,0.08940588899149574,0.03215911367574511,0.3186989671038672,0.0,0.0,1.0649070723958562,0.15571869844864342,0.8357681830344778,0.3428331688017016,0.07759779080147709,0.03287736927340854,0.09919541321720357,2.119019836014514,0.03051695193961156,0.9498664251336612,0.15558080568527383,0.7972649636099608,0.35488066263479184,0.4771114379190797,0.4753214650380125,1.416563897984732,0.03228369034531106,0.02929296328206051,1.587040099383487,0.47383737928886244,1.476812254056183,0.5872930473135879,1.378616190041911,0.15506475379915574,1.1053834102206508,0.1730872935217395,0.029214655121153486,0.2398254920001838,0.1080312700826413,0.645216095511095,0.0620851795966183,0.06582583357621677,0.06437711186298817,0.6523668442322597,0.0,0.0
15.0,342.5645598019099,295.12367083863825,100878.66357527507,9.252123023282216,180,1.5390841552695944,0.608297867002825,0.09251273172880523,0.03314187979823272,0.2956412934856117,0.0,0.0,1.0808888456662682,0.15544024385544025,0.8416127792751575,0.341395993094679,0.09371795431094719,0.03228738673296464,0.09169906776558781,2.001068162272567,0.031550203514413185,0.9630164360369015,0.1556912568146456,0.8021926198378933,0.32706993952217456,0.47806136714949804,0.48025231892314346,1.501961491746292,0.03246841397839112,0.031306228690088665,1.455636696538353,0.456509039604746,1.3765845369555825,0.6581786477115816,1.38300750151223,0.15568847785307363,1.1089387569806837,0.18064362935244963,0.03446986609084025,0.23635872721816384,0.10244901000838046,0.6526727133093281,0.0639221045828939,0.07395599527668346,0.06706104469564615,0.5915962624544289,0.0,0.0
15.0,300.2176604010118,291.6686265266621,101429.18630003996,9.377514817997296,180,1.449726669294609,0.611079191707231,0.0894771207401621,0.03197861306674059,0.29659078243702974,0.0,0.0,1.0203828277219853,0.15567317256179122,0.8429293195176214,0.3802738893376657,0.08922897646833963,0.03338379937755996,0.09356361230558943,2.3905068224992405,0.028735154908865,0.9434933045618885,0.15571400608044747,0.7972659115159726,0.36683422506172797,0.45803332084830095,0.4502157921043517,1.4829894961582197,0.03235707406471159,0.03321368672577438,1.6158980642932972,0.4657356412790443,1.3783738556658978,0.6754179238026252,1.25807230817574,0.15561890748893817,1.1029843192888074,0.174993173313654,0.03129329150949218,0.2390524562116707,0.10849011786309097,0.6428443874487849,0.05873366499740061,0.06594318279350293,0.06936356667258645,0.6087396826122693,0.0,0.0
15.0,100.44794789898896,290.1437900641769,101168.9159183853,6.6928105716299084,180,1.370769527584253,0.607464174480051,0.08035493137714841,0.032550166498419034,0.313228908875071,0.0,0.0,1.07465321492411,0.15534196120223223,0.8403880535654094,0.3957741781298675,0.08597893803567841,0.030788117158861802,0.0893343088564004,2.578169684158203,0.030740011408885413,1.041770026606378,0.15511102680936445,0.802421195693908,0.3782136725290095,0.4471942176536652,0.4755000141760969,1.4827523802661082,0.032333602840572566,0.03277399819144224,1.5811938469728306,0.4916325848267827,1.485039496182476,0.6182372277145387,1.314186738154626,0.1551562687082408,1.1032020241813942,0.18221115745806035,0.029463582534427483,0.27504622772291887,0.11225972145343241,0.6079437989224049,0.06617933619828817,0.07365028416691712,0.061821595728179655,0.6372197437050293,0.0,0.0
15.0,64.65048137453587,286.09625354452544,100804.8821207367,9.150905943955902,180,1.3349605983277062,0.6111468941769931,0.08941046375854941,0.03166179536760762,0.2961848293550049,0.0,0.0,1.0562700168773522,0.15510173565963215,0.8412678084553337,0.37786191919425977,0.09770245312355465,0.03133457192224287,0.09149691237954889,2.343261990002902,0.03204198780367505,0.9574896862174923,0.15547068441404904,0.7964556945759883,0.33148105323997057,0.49129768689137476,0.49780960830685284,1.7021924951242815,0.03367209821640071,0.03147567631026143,1.5089223998343178,0.47203196905559797,1.439443566750528,0.6576205411139984,1.3343714170409984,0.15565429146719142,1.1101904373290197,0.17445113919663163,0.03301500779245732,0.2372445208106241,0.11454297731502615,0.6526941955160881,0.06577402716558765,0.07010526325324735,0.06500765369980048,0.6510057202751931,0.0,0.0
15.0,87.6154531698064,287.6763252724625,101404.987019963,9.357297078689236,180,1.4082777456263305,0.6085571887707144,0.08773543032424824,0.03225677654708081,0.32256208778522566,0.0,0.0,1.0050314355640377,0.15557914401822234,0.838670323548538,0.3622235262458602,0.08700587169032982,0.033302018275718014,0.08522073377975775,2.489084621978739,0.03152772687546831,0.977746462128878,0.15535629001687745,0.802950753281212,0.355879223612238,0.4719180468874148,0.4464988135725811,1.3861166399174394,0.031080014976070183,0.03140557388417061,1.5364962084536464,0.4671949824466085,1.4683487144336977,0.5336874795837521,1.3715920501520373,0.1553084020733482,1.1080901186138226,0.18886886259581592,0.029839891233670864,0.24881353327431005,0.1010452788973488,0.6422043484267171,0.0634466502137787,0.06698790294867947,0.06587572406577286,0.6547714545147708,0.0,0.0
15.0,47.60938632728567,291.4807709402483,101313.6263184132,6.382062635196551,180,1.3634581147428229,0.6064955795639836,0.08686866425354184,0.033552261447901,0.30548344135525696,0.0,0.0,1.0480184208077787,0.1553853098088171,0.8384712698624349,0.36502936208019104,0.08792934475450143,0.029265443750384378,0.08217584702041987,2.3350362197678574,0.03246856675376885,1.0079902751213943,0.1554847797176816,0.8001778919682554,0.3439915994639599,0.5179170015268395,0.4320807217455237,1.6472500905399494,0.033169880182921656,0.03126410682457277,1.5492088976878167,0.4481002698113374,1.3542309562342334,0.6493783996078367,1.4102242617672405,0.15510667544983672,1.1076648880094844,0.18254820018226453,0.033537758464623924,0.2408268114144208,0.11259132155875064,0.6034208016219045,0.06121855503642389,0.07022691274670861,0.06289922517901336,0.6072401674559539,0.0,0.0
15.0,63.267602632601786,298.4860209548462,101455.52980259852,9.822014569768061,180,1.3556845042810848,0.6119698480663218,0.09991212604877761,0.03281449143255587,0.32863297985440204,0.0,0.0,1.0706771014651304,0.15520664513044785,0.8393562816750295,0.33893517051637,0.09627363307038747,0.0301279266544626,0.09203637714101953,2.0744383066270866,0.03231337081468166,0.9499546593951497,0.15547193560331898,0.7997858618807883,0.37847833869488845,0.43562316849078037,0.4695655916017486,1.4685136247020532,0.03236031713711363,0.03247496640615676,1.37267739461208,0.44848162235425204,1.3446301907850502,0.6220655377387965,1.2841002741247003,0.15561307411665684,1.1087284501562484,0.1773506399229811,0.032136890326643304,0.233905151962845,0.11630627863427502,0.6293332048246401,0.06804448260742757,0.06485157941671212,0.07157971764582131,0.613157201844681,0.0,0.0
15.0,2.7073562755369807,289.3081213435683,102430.43548854116,9.143185938701057,180,1.4030312307541675,0.6061434782839447,0.09548653923883468,0.033686431860992246,0.32328856117139265,0.0,0.0,1.0416602412171878,0.15526360682999793,0.8379796381291361,0.380292576112601,0.09483955515433512,0.03271683813297948,0.08807361186376189,2.210022516991717,0.029120848855506535,1.0159945206119247,0.1554781690980235,0.8020192716761086,0.3531767887518703,0.4531438480730009,0.45023310729397986,1.5485466003725596,0.02811178418040539,0.03136927072535301,1.586044480520262,0.47058756729677426,1.3572376168527072,0.6410297598124451,1.4253184571613329,0.155463540170659,1.1074402478566936,0.1851833464934331,0.03149089470932935,0.23105664357086889,0.11052974174866331,0.6300506190115092,0.06875332922325922,0.06549087909891312,0.06337294971217834,0.6565873283063108,0.0,0.0
15.0,46.67858402114153,294.89563684613444,101361.57696311377,8.223215334941166,180,1.3594817247059978,0.6103080453482119,0.07975279193622223,0.03270804686944953,0.30228725660577194,0.0,0.0,0.9711819998964086,0.15515265885415233,0.8358468179891899,0.39511806246647013,0.0890657345505304,0.030642877698209336,0.08701260643061495,2.4001440385659225,0.030525788209234874,0.9672704451235085,0.15520197983837025,0.7999313269767125,0.3868922403912941,0.4622396453674206,0.4948947511448924,1.4533595849431795,0.03275551624538261,0.034366067720932286,1.4774107200312299,0.45724310985183236,1.3760396255516405,0.5890086514268276,1.3653241737530013,0.15576154976537387,1.1105165280798956,0.1689168304033506,0.0325423227083406,0.24444666787532163,0.10922046513435524,0.5802066848369555,0.07264836485922267,0.06667852652824195,0.06624497829031259,0.6674279410441633,0.0,0.0
15.0,62.743935671799534,301.036556093711,100662.31133481507,8.171009847709772,180,1.3926125772207423,0.6055615406206242,0.09049647916130968,0.029430304364459047,0.28894098898217874,0.0,0.0,1.0405053215385764,0.15553401716972864,0.8377899621613352,0.39521625708827113,0.08946725428606787,0.029657173007120955,0.08579275966250187,2.501858560966595,0.030924411915769483,0.9721207634187575,0.1559485677131292,0.8012302636100389,0.3479247760333287,0.4667539038280372,0.4896778741684453,1.3259072659286608,0.03338294170386072,0.03272080447666888,1.5198462771722807,0.4326141798029267,1.2131572277591094,0.5903604827062865,1.367954829353745,0.15541130295679026,1.1028659368965477,0.16798782270491655,0.03217147502478651,0.2525413586053166,0.11318345699791527,0.6387917929188563,0.07346439236499634,0.06831507033450196,0.06924921632334433,0.6224523136274531,0.0,0.0
15.0,254.99161988302774,285.7379478740375,100831.21663630402,7.085528262065221,180,1.3728090819258425,0.6126575575859651,0.09154326309725874,0.02849633591642437,0.2897038435230881,0.0,0.0,0.9611839770967353,0.1554822679994409,0.8375310625560503,0.40276752297849455,0.08895650050346607,0.02925910546219355,0.08700780060599297,2.3384306947680704,0.0311930424151902,1.0171922194179632,0.1553477796442976,0.8018517857735575,0.37009745685952505,0.4295965183160726,0.485140242352922,1.5511893709830193,0.03330890477850918,0.03206237069116746,1.5803127924063842,0.4481180208243637,1.4079554194996837,0.6321594657132409,1.2372947503043539,0.15526774997851817,1.1066221828492953,0.1749199961655105,0.0329442964884013,0.2449633294516965,0.11565155036161988,0.5847296664811401,0.06441575966667927,0.06559904048968873,0.07202240627943092,0.6007151388965979,0.0,0.0
15.0,65.7009522990875,285.39167033036756,101206.02426964484,7.684989754063094,180,1.3040518639472194,0.6091929215318768,0.0877375678034518,0.03269063688596017,0.3056395821474427,0.0,0.0,1.0628851387639089,0.15550747746919538,0.8378921690024335,0.3607249029007405,0.08329029427122113,0.03205022235088008,0.0957248698326559,2.31624532065073,0.03026570074489541,1.0895164693306136,0.15510794216695098,0.7979587007717409,0.36238205632682124,0.4587850701554218,0.45991392170987194,1.2163381468467385,0.03253700062059693,0.03024364725776632,1.5435762193797633,0.4591130150892831,1.3051320227086514,0.6285537141742051,1.2714293220854855,0.15535753892979262,1.1062106146352098,0.18677420029180186,0.029693862994144272,0.24334825849487987,0.10719909826925551,0.623108479836102,0.07364331305542249,0.07225519728078873,0.0648412917354391,0.6416470904935142,0.0,0.0
15.0,169.2350209230952,300.7584524904871,102291.4716891399,7.78066316337252,180,1.3813213690166077,0.6059759896878875,0.09203756487031861,0.031305569123830354,0.3087976151297201,0.0,0.0,1.0349288860708101,0.1555654796144859,0.837304308071035,0.3485767629206912,0.08316721593754292,0.02980054263642494,0.09413057094919809,2.641120025379922,0.03273098456989865,0.9288510792875594,0.15597280420028878,0.7985811443306833,0.4092394718023031,0.4686912493561948,0.4907064801709863,1.5381186137146754,0.03109295428072909,0.030489875236938378,1.5519355071313903,0.4633974361512499,1.388007972630481,0.6050042276763916,1.3276905344991954,0.1554621653729678,1.1034613673122726,0.19366142800464645,0.030092349301950816,0.23215346457167846,0.11392771337562946,0.6149288573454202,0.07174351416847974,0.06456797989291375,0.07071361565958152,0.5814940377853938,0.0,0.0
15.0,243.75694583470664,287.99322146612064,101108.91351212727,9.62964448902512,180,1.4914946198547798,0.6101634490772432,0.09157667651352384,0.030383536028717063,0.273914745306163,0.0,0.0,0.9450573330686366,0.15536284017965857,0.8328527281209751,0.4162931911781039,0.09367575616013536,0.033206291122458494,0.08004436461360394,2.163223370683483,0.03066895957474058,0.9737176738431021,0.15549765878228136,0.7959301481598438,0.37234334166308314,0.4593738077876501,0.46203725172147053,1.4006045054437055,0.031214151259046016,0.03371306759663829,1.5752540563874706,0.48559281160119927,1.286723334759451,0.6342578365945275,1.3359022047747746,0.15529560141128482,1.10468077893735,0.1853245654500761,0.029572205343487905,0.24193833734811418,0.10534424294411249,0.687598013375762,0.06969839741231208,0.06932651853949065,0.06520111536895012,0.66897614659992,0.0,0.0
15.0,16.34025659392576,294.55703265849314,101266.2139770146,9.732867658120576,180,1.4236105065133655,0.6075462360959073,0.09675242871731675,0.0316284187977786,0.3039031318664193,0.0,0.0,1.08193876827688,0.15581939165574818,0.8382436495810879,0.3737258493654673,0.09409971277073181,0.032024187499807025,0.08936195651229112,2.0052098903835294,0.03289562083347339,0.923480311478878,0.1557836363343931,0.8000788449255206,0.37845986450452707,0.49959159496766464,0.4543099604328787,1.6711521466714858,0.03050210159625147,0.03330066954963537,1.432814090636921,0.4555935947850316,1.376338125543892,0.5756796808184811,1.3513139411330028,0.15515339228653485,1.1020818028413653,0.17691494718492823,0.03247971359283559,0.2522863495008673,0.11872415863626515,0.6351400028069112,0.06668663286117536,0.0707296897144155,0.07097593971903304,0.6612601997499324,0.0,0.0
15.0,49.79272005559509,290.3971550326746,101340.58519674787,5.931111091756576,180,1.3449288086122384,0.6095868105020787,0.08716460542448333,0.03371266796785477,0.3024047087214723,0.0,0.0,1.0912157618765286,0.15562623506109363,0.8412427634066727,0.38316023432379087,0.08920589261410805,0.03256225592339999,0.08638127428759163,2.234908376126485,0.03016854211451878,0.9922339607411031,0.15528722646037368,0.8008244953163944,0.3408067107943876,0.48795121306161043,0.4838451248669738,1.3103380365262582,0.030613063522729606,0.03155357652692297,1.6904945267155682,0.45753471470237284,1.3624922834892912,0.6667605614825377,1.4478375045279555,0.1555759069899229,1.1011610167918844,0.16847391099037073,0.028728127686596494,0.24430710567483163,0.11781605713147189,0.5977777341895755,0.06983171341431187,0.0704915272772839,0.0657475859428992,0.609946655498432,0.0,0.0
15.0,258.67621019502496,293.1476931102146,100692.72684828742,7.353951586195363,180,1.3626615759667393,0.611545755053627,0.08846577486474361,0.032478866688257065,0.28711301106378856,0.0,0.0,0.9967864907060681,0.1555522383006941,0.839332353581591,0.3888571210179346,0.08410382375976089,0.03423641438380338,0.08143046858702446,2.300523492059875,0.032555304209808164,0.9945607325504295,0.1554468718200658,0.8008481005306295,0.3650740099253777,0.4520490063519754,0.46265622932997297,1.6129235000494127,0.03166560789686846,0.032407306404403466,1.401073765616057,0.4280979605893381,1.3841008487146325,0.6381681852697179,1.35120381238178,0.15563548686110606,1.1016927190481667,0.17105316458531963,0.030406162731251428,0.22602539667524194,0.11357075107434043,0.5835959762475877,0.06312991396745839,0.0689784015600914,0.06172194097580418,0.6185577011682204,0.0,0.0
15.0,282.9678033334955,289.41946204857544,101671.82882956033,8.451146103499454,180,1.4154313770583333,0.6072192432165967,0.08864873604328201,0.03140712514738682,0.30955540994994885,0.0,0.0,1.0817750635587193,0.1551040403734512,0.8380606035278267,0.3635167215098423,0.08851632623629933,0.02890536433930405,0.09409519715130261,2.4795257337585768,0.03149768191055246,0.9409990673605112,0.1556788648954993,0.8016028880757211,0.3820045006857205,0.448136675453908,0.4603262595806794,1.3709912724416982,0.0329587102380065,0.035204103698159864,1.4402137379318416,0.4538495688013538,1.3369767811527087,0.6586365383671409,1.4610268719776822,0.15564121327755467,1.1068613910966714,0.1526810370391137,0.03370733494055361,0.2285369729197173,0.10880230378379126,0.6020471938887099,0.06333335437207299,0.06525168942641085,0.06948921597396784,0.6192798284323288,0.0,0.0
15.0,300.3065406934776,285.3744842960751,101057.4547083591,9.55221309500739,180,1.3435635212721468,0.6072247122712708,0.08915418396721693,0.032286628697767814,0.315397912833578,0.0,0.0,0.9348646073371893,0.15539989100522444,0.8367758151746064,0.3668944276446371,0.08731220618111417,0.03293658850562482,0.08642559304624144,1.893307100295826,0.034111468817069904,0.9748797469604489,0.15532055353416901,0.7943431387774622,0.3603043282497755,0.47069389626977476,0.5117757524639112,1.4998966772393985,0.03207986248233686,0.03024410754859157,1.5916162178795803,0.4079200973232013,1.3591825362005878,0.6603575548737229,1.3177803520912827,0.15527464836427926,1.105627636443205,0.18016634062729628,0.030604108580523558,0.2291266290123213,0.1199365951698682,0.6381986100650863,0.06413907173846874,0.06329343547730759,0.06788567063455644,0.6113227847689864,0.0,0.0
15.0,37.006704098231666,298.98554676778065,100559.05954269836,9.762235066437905,180,1.3241391870736428,0.608965661631787,0.09323412474742118,0.03230826301587816,0.3129781666697032,0.0,0.0,1.0744692745709692,0.15540618702609477,0.8379343337959373,0.35221774595740735,0.09530978431442994,0.03042502923982006,0.08898747715393143,2.3420267244044415,0.028852703798172483,0.9953874900487879,0.15546421874097,0.8012882993125697,0.3387793383490624,0.4677260526823657,0.4960113309789804,1.658423432624144,0.03024636316813655,0.032714361285886416,1.5153547121702966,0.4555168500704169,1.3540126899957403,0.5432863147837264,1.4347622177756545,0.15548318644002201,1.1033366274488874,0.1857999569438336,0.03156024223885109,0.25334155170135936,0.11042266363178758,0.6211541671889331,0.06416344917536411,0.06649084460169807,0.07099948524249806,0.6694690921137891,0.0,0.0
15.0,331.91443036122996,290.9912055505452,101432.2269400314,7.190165091837622,180,1.3654225110319116,0.6134508695146044,0.0874146664195564,0.029950443821599906,0.30202355817322857,0.0,0.0,1.108610903962204,0.15555950270217817,0.8379815809835365,0.3839479890334918,0.09638987418647114,0.03156675810545259,0.08954707862000512,2.0509668851209404,0.029630773950883867,0.9189790472244396,0.15561033027221663,0.7981518418275622,0.3469687776284967,0.4779698198696061,0.4762849289760029,1.4321753706706823,0.029998656774132104,0.03225272151302249,1.4964405657187159,0.47286253956755275,1.3706060126384962,0.5833695421731093,1.4294953634597798,0.15511133407538039,1.106662010847273,0.1637409958166808,0.030382032265887655,0.24720111471066517,0.10338787757965612,0.6454508401142242,0.06742778618286763,0.06730833654727791,0.06907921544009013,0.7120153364690661,0.0,0.0
15.0,358.05889573348406,288.3385149253999,101430.12673424747,7.447066652389169,180,1.417781377805269,0.6087279478345501,0.08767151347963803,0.031163577630207898,0.2806714679936449,0.0,0.0,1.044769448263355,0.15580601834184435,0.8443232194338738,0.3891325298009524,0.08972130742683117,0.030830772794463047,0.0871554770046112,2.592368151772983,0.03478535334565499,1.007706533360186,0.15518918707099982,0.8004172647694984,0.3607131251717372,0.45808595251758955,0.47337436534666805,1.5345614045980673,0.02889262493108652,0.031008433937368594,1.5385955970609564,0.40482061798481783,1.3387673278559495,0.6178297402800232,1.2810058679999883,0.1553269082085569,1.101066478891617,0.1741600367317467,0.031841329146219934,0.24955426063018676,0.10345366213397136,0.619274725491929,0.07624090136153264,0.06707268624379338,0.06766903372496987,0.6831605553386227,0.0,0.0
15.0,292.5852732720334,299.00821871312644,101027.48819275442,6.082718803709468,180,1.4950075248463648,0.6104362998541832,0.08645917058533945,0.027370970885208762,0.33818344542789475,0.0,0.0,1.066714257844062,0.1551374551253374,0.8353446537475459,0.34186192168084156,0.09222943811715832,0.0317359316394504,0.08431805482163411,2.127800537816597,0.030463782256452365,1.0041322576784386,0.1553598731320728,0.8004735698931884,0.38597995741501584,0.48450758754646933,0.46139422911953426,1.118605691135731,0.03346025170571996,0.03275655682115687,1.5161067581040575,0.4352487767813826,1.4203273597829875,0.6504439027276028,1.3593885954913034,0.15549838620697487,1.1085576633783023,0.1764676862932836,0.03299037932621808,0.23502217157800673,0.11628830804798644,0.5609970728556821,0.0642992365418942,0.07266904653555001,0.07082900365975302,0.6584629217776026,0.0,0.0
15.0,336.77163358350157,288.8121041623473,100831.65320412497,7.999878499639535,180,1.2785849528770061,0.6050298816224686,0.087574731378862,0.03068812465720569,0.3252871179529182,0.0,0.0,1.0491989663002381,0.15593062941813282,0.839042667230102,0.36755942032179095,0.08481018031956546,0.033134380710282255,0.08503572663562071,2.4744690647696888,0.032521916024808896,0.8728630847481681,0.15571111033974921,0.7997465611340286,0.3428481649581415,0.4835402414494251,0.42500265071945986,1.2654544350768973,0.03316307718219996,0.03136713499611512,1.441279013132844,0.4470813918447517,1.3274852880446992,0.6740097212817324,1.4084112156198834,0.15582345081490867,1.1044332329618,0.18572756383932765,0.029263016842700915,0.24920204259866718,0.10429446311286997,0.6247471284356374,0.07255476926116648,0.06390754741766214,0.06310901642199124,0.6057024407251572,0.0,0.0
15.0,227.7331965850577,294.2748915446714,100866.61670836314,8.540225235176363,180,1.4495302747073688,0.6096698570635939,0.08567529032932643,0.029852806762946178,0.2864294669823871,0.0,0.0,1.0116555589314402,0.15502279115036383,0.8378107160797114,0.3591948933153086,0.08953331529271938,0.03147128405775368,0.08212925379861151,1.8598341167093384,0.03230883876096922,0.9149617988451787,0.15520243591429023,0.8001750113595956,0.39312285460639174,0.44833182135088206,0.4454019774419469,1.0844076916844112,0.03157953382382119,0.0318307838588919,1.394778508139266,0.5021220776189137,1.3598987985513318,0.6397724829513027,1.3954050413448935,0.15564079174215287,1.1007096149739404,0.18847848060176609,0.030930230538178352,0.2333210834317326,0.11630678611927858,0.5746538375225809,0.06794245048633368,0.06769092368626349,0.07120166165232908,0.5938487355115946,0.0,0.0
15.0,221.10565475739443,287.3702344642579,100674.96460001376,6.84778749729346,180,1.221136478682484,0.6093321121869888,0.09169837457039666,0.03175138445868136,0.33720987437245376,0.0,0.0,0.9865625876997395,0.1557413071631958,0.8432174299803463,0.33486773399446595,0.10148917247153405,0.03274570801750663,0.08340071051150594,2.325976382904067,0.030306714018876853,0.9436111388839853,0.15546201013501146,0.7983432164735436,0.36981215218350244,0.5159364369003006,0.4529647362226384,1.4517978116556987,0.03366385601174164,0.031544743070726286,1.5175746132927914,0.4197256882137602,1.3064840423226605,0.6320504087068194,1.3822990426663142,0.15514589202554602,1.106034196835857,0.16801312299540305,0.032902042876012984,0.22343790143837206,0.10829444102264821,0.6167672734953658,0.07221700722792466,0.06769094358587967,0.06441814582810258,0.5949199683374531,0.0,0.0
15.0,59.72049248794774,286.9463093297999,100971.68697731913,6.290008178489786,180,1.2666850988279041,0.6134204001887489,0.08650694630224032,0.03265034049931463,0.3257947610244144,0.0,0.0,1.0057581304573635,0.15547434215966696,0.8397597601695653,0.382304766755451,0.08572834227906377,0.03204119289078725,0.08718932568785102,2.1320550428836316,0.03389738605720468,0.9234379160030805,0.15533448879001802,0.8001470027892257,0.3918187516276438,0.478217302039128,0.4655085054657351,1.1887342751254018,0.029553196661424145,0.03302236067349888,1.4732319825330693,0.4717245466126346,1.3579127296031097,0.5958196631105692,1.2771743012800714,0.15553413339737795,1.108621867722889,0.1741702480591444,0.031324948091736395,0.21836782737773525,0.1102370027917859,0.6188975510345854,0.06829539186620495,0.06414951310268212,0.07093192713488357,0.6198629774629623,0.0,0.0
15.0,118.71683240673498,291.34945504446114,101568.28874515732,7.738629198757958,180,1.4565791851312715,0.6109450589114357,0.09051040326249801,0.032783320755878434,0.3148007639311946,0.0,0.0,1.0633763369919564,0.1555471341659813,0.8391028323912917,0.3915656290479728,0.09701526701726074,0.029449655712150108,0.0881513486829532,2.309513901290831,0.03031706681079595,1.055529540141298,0.1553495502639939,0.8057798687952947,0.3613618198874022,0.48391681121379776,0.4650159948559351,1.2279293890754437,0.031201281504225326,0.03372659543778736,1.6305102024514324,0.47742642826115944,1.384652639040652,0.6247405792430992,1.3078943211175078,0.15585671229691658,1.1024982024994634,0.19363501509409536,0.03298112819694994,0.23787152099063905,0.09902149284945945,0.597714284303381,0.06272636497344142,0.06789958431500505,0.06467151963206484,0.6155007898058461,0.0,0.0
15.0,217.3045181309776,285.86425890160353,101031.43712025264,8.604995407889817,180,1.4436002701543436,0.6058413112271652,0.0853480961252212,0.033924723504152564,0.31673051293081916,0.0,0.0,0.9586899389256246,0.15552253493438892,0.837562149665425,0.35395737131441224,0.08914157247337032,0.030996137025455377,0.08967605999501492,2.649256331315674,0.0332551869784898,0.987852065992207,0.15555076483762362,0.8005897262470587,0.3785628351776345,0.5213439620225968,0.46213586108334775,1.1589132963259436,0.030933764313526645,0.02790916650249238,1.5267141546705858,0.47843487424801867,1.4379457922884704,0.6227090797124984,1.2768797740705253,0.15555937929361824,1.1017576614337445,0.18620403129298593,0.029441227239611307,0.2359896773604356,0.1086176676288362,0.6513331239944918,0.06813518186728569,0.07544218050080939,0.07200129230022834,0.6321045513208182,0.0,0.0
15.0,320.1577568288913,295.1736311343996,100873.85493387998,6.114514115997886,180,1.4390297842817645,0.6109823105430768,0.08940163422399186,0.03234714706081839,0.31784947125853374,0.0,0.0,0.9674342347955511,0.15552370459020887,0.8412754950684592,0.3865989356015958,0.0927353203556308,0.03259443842975603,0.08491608595704525,2.1549221458307666,0.02857916663982681,1.0054679785410834,0.1554701560831498,0.7975518864291647,0.36706486601408944,0.5098404533198195,0.4988671135235276,1.3227360404812654,0.030114193082441024,0.03385777967315289,1.5492489507608929,0.46437444437976905,1.2852826374702184,0.6339464758619502,1.3402196500865735,0.15597423907535943,1.1023241840471911,0.1825198857472565,0.03355753996637523,0.2416425690050188,0.11156350294878212,0.5985584723595179,0.06665007598486543,0.07277157720943583,0.06968918949758965,0.6545947136379449,0.0,0.0
15.0,182.945576709737,297.12683196057475,101179.8414029756,6.052293642231279,180,1.3221591230857943,0.6095722494164985,0.09070903278733021,0.029040677335118736,0.31481279850439803,0.0,0.0,1.0637149071474303,0.155701587237599,0.8358762817572487,0.38055409364379217,0.08989848841914316,0.033970359093662,0.08695072174625323,1.999340000896476,0.031598256291142546,0.9194685709989444,0.1554838997900509,0.8026290241898165,0.3571964058709808,0.4939741172191664,0.4666908215861061,1.2641204556312178,0.03551541032754598,0.032035073017846055,1.5146480616113644,0.42951444979231834,1.4321537364895214,0.6590821405885919,1.3875267799822484,0.15499810081486773,1.103313423999838,0.19945928919041142,0.03273441725804335,0.22759747983981932,0.10572532216976155,0.6284744153703357,0.07082339755765901,0.061210383445161276,0.06589572917403717,0.6007007615754746,0.0,0.0
15.0,170.0845243143813,295.9369385982504,101088.73944873108,6.134946930367948,180,1.3511822547724897,0.6102222603546037,0.08629144585257699,0.02999661083273013,0.31238415226866795,0.0,0.0,1.001078528977613,0.15595442210773336,0.8373664110499901,0.3516645938933096,0.08457541453369885,0.02766693208178496,0.0929957902103052,2.359103827822892,0.031652924883211093,1.0282055936302392,0.1553608530032666,0.802939493443269,0.35883330188439355,0.4307940871073927,0.46403819367144294,1.3178037713797388,0.031456748828853964,0.032841627981434085,1.505947763964629,0.43449501870283264,1.3828805751621172,0.6617026781211701,1.429553527940149,0.15549777990946062,1.10719493902003,0.17717133351886136,0.029467019429787227,0.21101190146275028,0.1179095974140567,0.6212756075979818,0.06806893530298574,0.060278117880455645,0.065881732648236,0.620874427966658,0.0,0.0
15.0,346.670093597596,285.37272924175795,102192.39140347371,5.121891586937426,180,1.3133987851413518,0.6103123859782615,0.0951820428975287,0.03086913900976976,0.2888881169816636,0.0,0.0,1.115508093053222,0.1552720687287025,0.8323874265356545,0.3477664863161027,0.09343305907743445,0.03243917343692854,0.09504340590203944,1.9159268819948128,0.03006110415508013,0.9661202593769213,0.15559350079007356,0.8015309866390705,0.37030087970147724,0.4605901102721739,0.4521546224131694,1.612179191434143,0.029781450976357347,0.03148326200083172,1.3449289470620402,0.46248891526197644,1.336556074897565,0.6255775417948716,1.3700819553431067,0.1550740027293023,1.108934613214719,0.1772844712446931,0.03175030197599038,0.2433476919483106,0.1059161761960031,0.6118547133761745,0.06856190470622286,0.06641437304121817,0.0714543946998311,0.6602959939995517,0.0,0.0
15.0,174.3915497113938,284.09127022257303,100894.19394381074,7.448957904742499,180,1.306691732596206,0.6109288256471729,0.09341210693332613,0.03024366253557241,0.27153206693709797,0.0,0.0,0.9668193419210439,0.15556024234982438,0.8395716916675319,0.3708513894430667,0.09065653973809648,0.03196002730412801,0.09552971701003339,1.967696317389546,0.031087716055736257,1.0038836133813842,0.15572507087770002,0.7988312450257291,0.3530974341717368,0.4659391757311526,0.49578106387149673,1.2882308396297417,0.03374812215361935,0.030799317944219005,1.5500484456562265,0.47049989185597474,1.356348768794698,0.6371983788144825,1.3734188686346616,0.15535520263247254,1.1028943829948485,0.18328376190824217,0.031553305579926055,0.25370993071750947,0.10383487512350409,0.5950452017944755,0.06765148225677305,0.06420068135188468,0.06474255232704185,0.6020396427998599,0.0,0.0
15.0,67.67580623721746,283.60123840761986,101370.46786016547,8.79767203125744,180,1.4001437133140875,0.6091513601030387,0.09182499108893452,0.03049397116981003,0.3155041348086,0.0,0.0,1.0329852162383069,0.15557653083111087,0.8415066539536168,0.3771499503592741,0.08334527370782663,0.031003834551796783,0.09156746737238947,2.3479924901935854,0.03281473559643006,1.0225246010426075,0.15526186271389258,0.8014793867672226,0.37398295076035365,0.4495066701272204,0.4216779506456366,1.4982093850726323,0.03413496122362062,0.03634740091332654,1.4836303501956063,0.4575919706618373,1.326941407038561,0.6009606763784037,1.322995929350348,0.15571989691784302,1.106790821944324,0.1679924148405288,0.030418476283529304,0.22808483006884564,0.10660739143224308,0.5933822029106777,0.06747128187218264,0.06674413083660233,0.0684940451562163,0.6404923758791887,0.0,0.0
15.0,273.6901287441437,296.8564760377954,101120.82956555688,9.975138073960775,180,1.3890933602655673,0.6097583297764785,0.08947501818205277,0.03203506364712039,0.3133988486527582,0.0,0.0,0.9414338200600849,0.1555215687784266,0.8376974650344288,0.37385903853848,0.09111824586162333,0.02997613151719661,0.0871297022406912,2.5131122851928396,0.034143106928907284,0.9871058809894822,0.15529365220993113,0.7956668197688322,0.3537281124142014,0.4608441456701531,0.44390464954608017,1.4920941821379083,0.03469213488534135,0.03175046335123697,1.5966857931589582,0.45577555976257206,1.3776295402049807,0.5940270176733308,1.368504101070938,0.15563480968328947,1.1040406524851163,0.1903301643958313,0.033250817715983726,0.2438034628227802,0.11159054898617009,0.5760766390578428,0.058331367038559255,0.06449255507852036,0.06498608332889833,0.6442049353764006,0.0,0.0
15.0,272.61964805405853,297.2827040237915,101360.85054452656,8.056277572516374,180,1.3054359830740139,0.6079550354420381,0.0878707243452295,0.03442226125605102,0.3052168450598251,0.0,0.0,1.0597975645348006,0.1552218398455666,0.8378610804276978,0.37927874285718005,0.08544027287902002,0.03183538884854511,0.09060048962352919,2.3267719077122098,0.029820231441986558,0.9499653597831973,0.15531218891678192,0.800294790278026,0.36732062793502734,0.49353415300388737,0.4897198293228567,1.1048336776856713,0.03361035972731255,0.03168796752056,1.4639949867639992,0.4619089561957135,1.424156152488024,0.6001287789625624,1.4743661555201688,0.1557024651402176,1.1035031005636748,0.18851597534851725,0.0279320853574469,0.2490519812228789,0.12300568176668113,0.5858607835655507,0.07011718176334447,0.0699647968621727,0.06278806552202665,0.6278116038189906,0.0,0.0
15.0,115.48075307647228,300.05645714007323,101195.19163417538,6.870192650292147,180,1.3651936777688913,0.6095120531441053,0.09062423980441237,0.03318019826426656,0.31875906986933783,0.0,0.0,1.0508207497437014,0.15540429436572015,0.8420333887334711,0.4025560923380073,0.08411194205600418,0.033160064766249615,0.0891573555311519,2.243614150615991,0.03378788059296863,0.95910966691666,0.1554093683299764,0.8005084349709725,0.418826780654924,0.503003589732736,0.48478904962940317,1.472080126530185,0.03229123414137107,0.03272402199762263,1.4394203980686537,0.486034085637419,1.3413029679005568,0.6337056285286845,1.3673476978145176,0.1555872426588089,1.1073113609815675,0.1691794538877134,0.03042306095763471,0.24283657317958612,0.11845663192609784,0.6454887062347893,0.06671005970015086,0.06179024476394627,0.0679833536912952,0.5913370981900132,0.0,0.0
15.0,185.3659395587065,298.74321701978477,101051.50309665306,8.822524061366924,180,1.3013983900446406,0.6120013018112749,0.08785177321244582,0.034039999995317295,0.30145602128613713,0.0,0.0,1.0629854943931303,0.15518219601306074,0.8378377954048973,0.3614775069460168,0.08645644570746035,0.02921194031786498,0.09168847262668046,2.0939658805024295,0.03309217805719957,1.0636036299278193,0.15516279358252194,0.7983196292658924,0.3607377167321392,0.4895226015770702,0.45894631165784855,1.4698699704393665,0.03246027752214058,0.03030586681054185,1.482506869715732,0.44703398943139205,1.2581663144323416,0.5574233371214788,1.329218056203812,0.15502326151740958,1.1037987239267615,0.17453331928979043,0.0313513407779552,0.22873537344108186,0.1152506896053155,0.5830258809673868,0.05985766022575471,0.06903769658377568,0.07530118511658418,0.6497410656201043,0.0,0.0
15.0,203.63537500804298,300.03525078856086,101821.9682175351,7.289708805245291,180,1.367552395899319,0.6092147439860187,0.09279940800777901,0.0312322428113645,0.2759142247530023,0.0,0.0,1.0396986188138173,0.15527944855778864,0.844425259550727,0.38689066489724855,0.0855972294720723,0.030279402646089783,0.08665472265113357,2.4800870765649394,0.029736849675542732,0.9505604563748461,0.15539014507078416,0.7995065196069624,0.36531970565483685,0.45280206139449863,0.46833434260030454,1.3583808665137234,0.033196953468729425,0.031379947889734305,1.6224971342883638,0.46700637332124206,1.3857385772893167,0.653145214409252,1.3134770997337577,0.155871289613633,1.1059651127761205,0.17017768956579707,0.03308210976789572,0.2519124076615765,0.10873799019736152,0.616771777398857,0.07029212760144173,0.0705270815832233,0.07167439037346555,0.632968284444512,0.0,0.0
15.0,180.0633934541091,290.1616355900773,100914.38455018583,6.97482182753005,180,1.3710463996384605,0.60746001743666,0.08657227749620144,0.02709542154619479,0.2795492436414724,0.0,0.0,1.031973756098409,0.1558995905787909,0.8406726133440235,0.36513763326651877,0.0868954544410653,0.031078938912018933,0.09619892711258916,2.5439686613098766,0.031241714298040762,0.9140185962926562,0.15534214353293646,0.7988274962415445,0.3754643831346059,0.4636333939678739,0.43635782712071475,1.4983422664543526,0.03197512430661471,0.030472717798915597,1.4648301158605082,0.4611267242084023,1.4593535409635026,0.6620835472987441,1.2960057470150819,0.15549132500985008,1.1007764838484075,0.19191200801849762,0.030333270222896846,0.24303880515941362,0.11768167870139899,0.6092284601949256,0.06937671441512758,0.06554866326524844,0.06506092383046395,0.6368483220101723,0.0,0.0
15.0,24.090515196174387,291.9702100791694,101346.44753162262,6.158555780166901,180,1.4071392325698364,0.6072096872849703,0.09614034621191721,0.030204656730498585,0.2994681582625495,0.0,0.0,1.0400492052480046,0.15555888621642866,0.8409065590595134,0.3986072761821165,0.08896852117989569,0.03264391609250266,0.08734696491696342,1.946982348958943,0.031785699242655514,0.9156613757641313,0.15556147396011058,0.801734458655528,0.3498388944260985,0.4489672167528802,0.5169153523875325,1.4583001483411302,0.0336822172919744,0.030281518408034905,1.5637920421884501,0.45296128289418564,1.3729656322807962,0.5834952895382299,1.3144192191372737,0.15537077478579825,1.1054365270824575,0.17558465618580263,0.0321167622108392,0.24566837995298832,0.11668682564630996,0.6232173987602015,0.06491940779508754,0.067512389122824,0.06295543798412287,0.6150848024556903,0.0,0.0
15.0,70.37778963509949,284.3948196277439,101110.99641662501,5.305989040804669,180,1.2985833590687184,0.6081101646067871,0.0890271977953589,0.028871179817633884,0.3409286262100445,0.0,0.0,0.9905610098661383,0.15530619954526062,0.8438782447377431,0.35335667659579206,0.08149304006435318,0.032738321939076866,0.09310315343452448,1.9934881238079136,0.031453822404164555,1.0386103148651409,0.15584206139518483,0.7999566161958382,0.36291825428852054,0.4892712135533575,0.5063695190723466,1.2680985042335016,0.033944549137041195,0.032037528871837175,1.5073676924636272,0.4176807550951042,1.364395249998686,0.6148308496395508,1.3340585267126517,0.15494537007148693,1.1066361745132838,0.18138468602506186,0.03251450874729746,0.23894290436544752,0.10654798473230156,0.624065818451659,0.0661583344961978,0.06747568673327156,0.06800904063368714,0.6486933964136468,0.0,0.0
15.0,258.19492410540715,290.4113848578624,100960.14588454085,5.199443222401271,180,1.4501764787914808,0.6092675048741122,0.09340717097516302,0.03291934885247348,0.34014849291465804,0.0,0.0,0.9554359149726077,0.1552756929220808,0.8360017362968988,0.3924112988433043,0.09274880966177866,0.03189327698073745,0.10192494915042714,2.24131139567353,0.03259612823910095,1.0137801313634949,0.15544636947326293,0.8049594548266131,0.3717393494144977,0.46700937960219036,0.48546780286045577,1.58724117079945,0.032313176068267085,0.03219197234029066,1.5524782398120356,0.481682062302241,1.388483879419613,0.617656324601434,1.4073339939168832,0.1553057463725812,1.1081865830945457,0.1873762757759622,0.02912738956430814,0.24556820368773583,0.10869123805063637,0.6246324476049423,0.0642136441852771,0.06906146858264879,0.06814421087607303,0.5905676145849181,0.0,0.0
15.0,328.5179342253559,293.89256855406063,101842.92257681608,8.46610794655991,180,1.3622345396868556,0.6076399284660484,0.09253723895921474,0.0328370745891431,0.33257207665406935,0.0,0.0,1.0205529657866619,0.15556323183071544,0.8381623475538421,0.36731673855139857,0.08619765710026218,0.03200711491782185,0.07890977195478106,2.5331590157331374,0.029249775321861505,1.019083251434906,0.15530579263975783,0.7992088522200881,0.3626565818389792,0.4059402058014604,0.4975668155137059,1.203510977776931,0.03162545183230255,0.03222143303670463,1.5360854422556287,0.477599287095956,1.4795690097927736,0.648191362744447,1.3748804213537018,0.15552751565461495,1.1022072314645706,0.17690654678916293,0.033152055556650774,0.24397413615346633,0.11453449150232416,0.6456862794886028,0.06885823182567759,0.0710955422809298,0.07276265230351303,0.5849139140832762,0.0,0.0
15.0,102.17777333799812,287.67904771400157,101757.25787970884,9.019821745514712,180,1.3416938792466941,0.6121114997993702,0.09720604514411714,0.032839489025917386,0.303027181307639,0.0,0.0,0.9198371532517429,0.15579992438307155,0.8382348871750979,0.3544444044728572,0.08354979013650274,0.030786550218153408,0.08671838349785851,2.268823992632155,0.032869473866742056,1.0831993516459935,0.15555802042605185,0.8019979043480759,0.3560836881893148,0.45381279825087945,0.46772782307354255,1.479256487631152,0.03403078102611427,0.031701941733604126,1.452625014347547,0.4275103973337433,1.4126000609850304,0.6244065982228743,1.3551206178205857,0.15534316317521357,1.0994011156832018,0.17937743109817283,0.03180426361137621,0.22255043643009037,0.10976212068612162,0.6127722067230652,0.0662536968163934,0.06556882024354867,0.06491956599174414,0.6370125612100729,0.0,0.0
15.0,186.98069500211963,287.80736400411695,101232.34281987711,6.51490262360793,180,1.3981987694567861,0.6072469918108557,0.09106495857830325,0.031383208263498705,0.32784818507800945,0.0,0.0,1.0456296289183957,0.15497022811577363,0.8369654098613686,0.3580442088973782,0.08892119823576462,0.03146965761009834,0.08787100979826407,2.2646431606551167,0.03426516882006007,0.9538025239248481,0.15539038349400916,0.7988246231769924,0.38241792938944563,0.47392941488690393,0.4778527443586463,1.4424129928950824,0.030041541992032832,0.032385018115860996,1.5291167630878302,0.44657167845746804,1.365671008011139,0.6738669690638442,1.209919298591656,0.15571453710395325,1.1079562191586325,0.17962501445627824,0.030931402068987777,0.21349946417231674,0.10857782608935623,0.6233269994187115,0.06909918618394971,0.06945810804137784,0.07374592278873099,0.6288382430601556,0.0,0.0
15.0,349.48090732190065,294.01147378265085,101985.12856433529,5.135162005299293,180,1.2638485484071604,0.6097758860315359,0.08823748956272084,0.030482872056698123,0.31577982427578816,0.0,0.0,1.1117091831109744,0.15504281231869085,0.8382509241477453,0.35620788723460534,0.09411086532870525,0.03282332639830242,0.08372730749237196,2.321949450831041,0.030228859720125283,0.9617798299593293,0.15524611053566859,0.8002369415074362,0.36364487867302936,0.5041370427515746,0.4401881567875634,1.2261350645991855,0.0307744006924404,0.03374511593189497,1.5256557669920048,0.43102672071315346,1.3099782415620986,0.6242346933021353,1.3047915621009958,0.15535876176127444,1.1074651286912571,0.18554306194638237,0.031796872808485956,0.2373021753234161,0.10435826558845311,0.6552008082728323,0.07060939475915044,0.07139765589388603,0.05774840830752943,0.6829794551700135,0.0,0.0
15.0,351.916654417575,298.38004172509613,101906.4074977564,8.245795432800316,180,1.2712923120122954,0.6096537782577209,0.09717307173027104,0.030035209042808122,0.3299335448903409,0.0,0.0,1.070535152750804,0.15536279549412385,0.8359553557890597,0.3754645142870637,0.0978379165109531,0.03212481123092043,0.0921580273834434,2.2792215088125483,0.03298442479949743,0.9400847235443879,0.1554469243182234,0.7965306803966952,0.3431429104733677,0.4729715729899207,0.5049265631339221,1.3686344937012322,0.03134948632663843,0.02925330636811129,1.5937682180804746,0.4671802902597983,1.3046784854644595,0.6368197276414197,1.4338154744058778,0.1551559623238708,1.1040078140111769,0.1766615538920426,0.03005732709404158,0.24065993679648096,0.11361840996108807,0.5869516223201988,0.06597204020271237,0.0655652901925708,0.0684678049198018,0.6921467801860142,0.0,0.0
15.0,252.96925842259418,287.841552909135,101608.8205552023,9.089031302486969,180,1.1778212675369326,0.6142525284748426,0.08695314171010324,0.02947997378077808,0.30002977565102146,0.0,0.0,0.9934343475730664,0.15524658652507084,0.8398961748903909,0.3532989963662897,0.09844090508126756,0.033421800374830155,0.08713077353103302,2.2016820892681115,0.0344508875583566,0.980699090938671,0.15568546363920052,0.7972179392630178,0.36608478914963744,0.46162756789374354,0.4811547769806976,1.2709937471544337,0.031144347564004866,0.030474656253094194,1.459188715773551,0.47137053316227034,1.4015537723448632,0.6273862771355212,1.375260840780246,0.1556359154569063,1.1013267045498998,0.18550955845475467,0.03139721427698304,0.24120780505797104,0.10449301012484757,0.6001579368698593,0.06305218709658057,0.07148029969156967,0.06763727758999093,0.6373565650761454,0.0,0.0
15.0,89.81676727913083,296.19630265266863,102044.34853338111,6.152136567005985,180,1.4269355890088442,0.6069379780242353,0.09264585787750987,0.03110721023772781,0.32273521386660076,0.0,0.0,1.113331110563649,0.15546793638635936,0.8391138344808806,0.369153067107197,0.08767342738366421,0.03135122405438466,0.08618610173828799,2.764496179574197,0.028793210876463436,0.9649363874410669,0.155666662115367,0.8001811909517723,0.366372734826571,0.4746235678309126,0.457912191767823,1.610235679090793,0.0315216471991382,0.03222670519802679,1.5048495631927576,0.4413799674810268,1.4175435224373913,0.6041825171252585,1.3113089172930723,0.15560983361768888,1.1032196895477648,0.17616860248170227,0.030375334681836404,0.2418893921187735,0.10541890855846912,0.5868289116180354,0.07068196939625285,0.06692239288952376,0.06364314157982574,0.6365316545252414,0.0,0.0
15.0,316.79036413157104,297.0791209227945,101119.77597903331,9.353739622979305,180,1.4595251416174295,0.6074248351662995,0.09059312153775174,0.031219707645847392,0.30835114148099924,0.0,0.0,1.1027571151845281,0.15560899913297843,0.8373066141887411,0.34531668372483343,0.09386173698703684,0.030385604047293617,0.09153343957322836,2.284156529111097,0.03320156490161423,0.9954620890640969,0.1556107979347131,0.803722449032484,0.3314867753444948,0.45331489175495504,0.4587295516924656,1.4185060853177587,0.031116536167383028,0.029761061820851878,1.4119322645060843,0.4548164762971843,1.332017900091281,0.6712892365129695,1.2914219996362124,0.15559600439127774,1.1065519213752222,0.18203458316978693,0.03505046694556888,0.2207109242902737,0.10228185427244399,0.5910996243761784,0.07021731548542993,0.06249336793964256,0.06417386455905646,0.5925716068709406,0.0,0.0
15.0,221.24454249975435,284.1705432500521,101565.40210453462,5.457522883103904,180,1.4313547868137977,0.6080953123447975,0.08501153453734371,0.031133722124187312,0.3173749794906999,0.0,0.0,1.0901181603531704,0.15516040537694645,0.8325600600210277,0.3780656487775975,0.08949442374338044,0.02921633686083777,0.08549391975134239,2.310594970132391,0.03134643428159892,0.9466502316531368,0.15537318019068164,0.7991597623213623,0.38943266595256276,0.5212815167601886,0.5250589031963383,1.3930726818176744,0.030247348787766963,0.03222560959929757,1.6109687887628006,0.4452097505446642,1.4524234404579413,0.6386371911476072,1.3388979237483236,0.1551052124301187,1.1010529790481625,0.1760828379659155,0.030320007503670972,0.24534198789531741,0.10675752748710528,0.6125946079566222,0.07623990926947756,0.0775223726727597,0.06676049025014384,0.6323606475148826,0.0,0.0
15.0,56.886338848845554,295.473922169129,101645.03414494815,9.474786787539195,180,1.4445647803830355,0.6101522758206991,0.0833138248047592,0.03255573601802955,0.3036908872836361,0.0,0.0,0.991923109280972,0.1553266368099245,0.8359012316813283,0.38615689863313707,0.08495851741481503,0.029407347195192356,0.08822800322265788,2.2835434240169588,0.03157098300559974,1.0146901021720711,0.15540424741844053,0.7994209242998349,0.4032474863472712,0.46447957558750175,0.5144651172776445,1.2618945671235717,0.032718624795349524,0.02847713676147785,1.4651305533889456,0.4526389455815829,1.4514399711207824,0.6227061796156977,1.3577365080328399,0.1551705081047486,1.1068878945776972,0.17730146251584591,0.03133304242992099,0.24003295555014217,0.11522227240911241,0.6361113702797623,0.060081380502433286,0.06851014688718753,0.07341932039916386,0.6124016776598558,0.0,0.0
15.0,292.3678762267944,299.46609835066056,101312.34965323418,7.672968165670029,180,1.4754059344308625,0.6097284181133753,0.08982275563082762,0.03275095255026086,0.3112310632558412,0.0,0.0,1.0066534155804365,0.15550948488782496,0.8329455581390233,0.3488951430607931,0.0941261810693695,0.03064628347021073,0.0977881717639751,2.320413819261366,0.02900356690078648,0.9503461528973204,0.15544954257926405,0.7958672758309329,0.36805356838483233,0.4567894284630038,0.42677239990082977,1.2971100536537443,0.032124792398393366,0.03202179683556763,1.5027877923911928,0.45764370728974046,1.2780512483922317,0.5809671277681473,1.314371604753697,0.15545035365690119,1.1064082360819034,0.16715804454997135,0.027424491739755266,0.22248883389012747,0.11014311260959853,0.6482184007208478,0.06596336688474472,0.06682006831242691,0.0729178927201506,0.6246570118664744,0.0,0.0
15.0,270.99657407282785,291.4317698326791,102437.57161242703,9.084574754595364,180,1.326245540892074,0.6062888867276005,0.09273889867826028,0.03292817477288432,0.3383051990285772,0.0,0.0,1.1090486083008062,0.1555941646087591,0.8360214427559289,0.3600654850712551,0.09910334984257164,0.03198274222101433,0.09000344045319934,2.5469647468240364,0.03318137102051497,0.8574673547128275,0.1552460982904199,0.7998212690170539,0.3467347544258708,0.4609875061483821,0.5169916684560887,1.6488828043080683,0.031999262086355694,0.03144417786368357,1.455509030281336,0.42332204279418983,1.419654232619814,0.6297902474024742,1.4055804154815519,0.15558936547696375,1.1052399257563759,0.17060354441504258,0.03238704083979265,0.23096778411701493,0.1074775569309041,0.5996911107503426,0.07129796629578408,0.06371597094913826,0.07372655295812994,0.6115273317144977,0.0,0.0
15.0,142.0754429392652,291.42244761325327,101594.1264535574,6.665903273273258,180,1.2055738381529846,0.6117826533133515,0.08734263231097895,0.032175717064717745,0.3173706899572137,0.0,0.0,0.965294450832163,0.15543775468555415,0.8385861817721756,0.37136477281554586,0.09301398558603288,0.03389174694658008,0.09421089825432337,2.0468754016281965,0.03177274506438059,0.9358714566906894,0.15561999131865412,0.7975957401152276,0.3425175468610483,0.48467443945563565,0.4639941846529795,1.3084428573311782,0.029216858100160843,0.029976177113474493,1.51024071910083,0.4312478356739637,1.3405519370321253,0.600950452621868,1.3896901159419057,0.15527534282864025,1.1063127286222323,0.18185950394052014,0.031832407572632004,0.23056684571980723,0.11444905060027562,0.6249011841168364,0.07189067515472107,0.07022660744617695,0.06437159406734562,0.6546461999408959,0.0,0.0
15.0,0.692666544855487,299.6150171780256,101562.87202861601,6.394534710232599,180,1.375369306644067,0.6073120314177133,0.09252774725561247,0.032679395247742084,0.28474634276809413,0.0,0.0,1.0578025171649148,0.15562519713180584,0.8379272162266259,0.3832981345702541,0.08787960158502961,0.031272642005020786,0.09835208159741735,2.420881136699136,0.03190768481051379,0.9524947732897938,0.15528486676849382,0.8003944995516656,0.3920668636770445,0.47432403780675747,0.4585000015558109,1.4613943910694855,0.03212662175262484,0.03320179043447619,1.6073139806815038,0.416197386155791,1.3743549352063833,0.6454552186611285,1.3744828363434032,0.1555713355273268,1.1081432514451475,0.17779051799465231,0.030640881451538583,0.2332761596916939,0.10682528746879534,0.6131062610560836,0.06636053799285542,0.06949439823559539,0.07151891591787625,0.6301503711972738,0.0,0.0
15.0,260.9126001248806,295.8296272892786,101327.68790379359,5.310260551463574,180,1.3963335536821113,0.6079419134950916,0.08198797461861589,0.030353327983356812,0.3241562345364347,0.0,0.0,1.014130502702295,0.15599295052982554,0.8363193044593825,0.3574724853635531,0.0884468093883981,0.033865120918627666,0.07943157382052134,2.3524466379496425,0.035041215838020785,0.9905777654454346,0.1553174925001424,0.7977292617873738,0.34271848454161064,0.46007115176010216,0.51076879781267,1.2605096195241,0.031195954223427552,0.029914274580400305,1.667141114777578,0.4825639473534089,1.3313417890271924,0.6130977607408273,1.368693848486985,0.15533417481353792,1.1059234306226309,0.17490406723856095,0.0297749864493953,0.23907250402632063,0.11013478029216196,0.633968482090071,0.06917425961105458,0.06561768198512193,0.061655024217729455,0.6480312146401837,0.0,0.0
15.0,228.63665707357615,291.54913776500524,101562.04952701626,9.32454710223714,180,1.3601207730351048,0.611215453721401,0.0949262710202974,0.03384473833299829,0.29905622196278087,0.0,0.0,1.053952566309931,0.15548232444742383,0.8365003351426136,0.39827214593524235,0.09494549280987342,0.032517479338173366,0.08896653962767347,2.3864556451668615,0.033163136072111486,1.0338051007039544,0.15536001913238787,0.7996038377846745,0.37097012568402243,0.444347450190389,0.4579708649631112,1.4144699263340397,0.03301510233119397,0.033081511757689225,1.6515176393111795,0.4665077599264193,1.267340591442359,0.6473057613790106,1.330412779499175,0.15514187407776142,1.1063188098396013,0.17555178486433104,0.033890084218215856,0.25093387924002347,0.10881726272521769,0.6317610325455263,0.07197014017750049,0.05964552813581768,0.06372673104176949,0.5843044210945209,0.0,0.0
15.0,257.73357369891744,299.95332105196303,101683.06542648876,6.205897469006937,180,1.35730147569798,0.6070300770831197,0.0888160519670026,0.03013224328126294,0.32232362441668744,0.0,0.0,1.0373160796675243,0.15543825403512387,0.8357523713464661,0.3938169058847402,0.0867146934329365,0.03262945193032599,0.08623625421399504,1.834487160178172,0.031953424697630455,1.0996100518068057,0.15539647372113488,0.8042167509425425,0.3790024975161848,0.4837164130974772,0.47824422690787344,1.420219983900073,0.03177403060297307,0.0328105218013651,1.5678715056234844,0.410913389968261,1.2142358146829098,0.6286144596538037,1.2993286906591517,0.15571733213050584,1.1050164937199762,0.1756645912785308,0.0339009956492531,0.240388909340577,0.11116102876811851,0.542499486488156,0.06750308364109005,0.07011075528680091,0.0693507771321659,0.6169419068401263,0.0,0.0
15.0,200.89380393909914,288.09765853672815,101093.42881345571,9.033784472754757,180,1.4886647140728455,0.6090186380897172,0.09010871609643366,0.03142452092506699,0.32522744736525216,0.0,0.0,1.1500417911192535,0.15507701630399903,0.8380400747582228,0.37053688440692,0.08560156100233061,0.0315257783445794,0.08692505125417703,1.9176331930913135,0.02973119738719296,0.8771636110153188,0.15538915542826395,0.8032658343775686,0.3566767349621135,0.431308731268792,0.4722168159347698,1.2123986636598165,0.0343630411251702,0.03299353862055175,1.4713681043671452,0.4428315559828614,1.3600579774378874,0.5972290965630175,1.329788438959885,0.15516306544569905,1.1051556061672256,0.17884688409062618,0.031765090142881536,0.24460982236086778,0.11313563714981255,0.5994311927505932,0.06305527764573135,0.06582420679415774,0.06793522411375412,0.6370905392555288,0.0,0.0
15.0,194.35260170493413,283.19957672673286,101948.34780075698,8.651349078852776,180,1.423150967136419,0.6087486219067746,0.08832138103377984,0.03105838218406831,0.29830368004961366,0.0,0.0,1.011944472684491,0.15551859045473732,0.8434062826412968,0.3889143593179489,0.08101456835853418,0.03584964608020352,0.08378441445267994,2.4651040942545133,0.030142617199527176,0.8721229982372437,0.15566731600647352,0.802187811898052,0.3375743197063604,0.4597832618160422,0.5096993668472736,1.3374601835944127,0.031339730398715536,0.03212438252596094,1.556366582267888,0.46969764561650723,1.3368444659529974,0.6315560001800926,1.3994786908066776,0.15544700570090858,1.1037183384324454,0.15404450564193733,0.03299789733862372,0.22871000154062893,0.11653270188577061,0.63961980870626,0.07257369460897282,0.06601499800491294,0.06109084576154228,0.6248618907167341,0.0,0.0
15.0,228.8079335132758,297.97757313519594,101193.3508234629,8.364973430443422,180,1.356521724496505,0.6103457104178863,0.08892653091016538,0.032282214144640844,0.29990876600220057,0.0,0.0,1.0556853735767757,0.15578543085175428,0.8387138437527569,0.40283381087229825,0.09585317019812538,0.0310674615505057,0.08976964412657494,2.5088264372510727,0.03392574985875474,0.9784888521382114,0.1557245709949666,0.7987078489141581,0.37512172610554334,0.4387134467648389,0.46821140554540047,1.3365439961706362,0.03218663837243076,0.030090228467822194,1.6432363769699454,0.4583713877519424,1.425542762196365,0.5974020979642052,1.2304690668645297,0.155581823799293,1.1070033834789805,0.185414175927617,0.030116151785675553,0.23313638937967468,0.1129218137521378,0.6359552091943496,0.06486000610179705,0.062075232259337296,0.06645946339049393,0.6304711341795002,0.0,0.0
15.0,259.24323264350335,286.25014616735706,100784.62739492483,6.910188880651253,180,1.4311566799835618,0.6094442913976067,0.08966625312790388,0.03327566456549776,0.29735775475904425,0.0,0.0,1.0789890924051508,0.15532341241125355,0.8414020852329758,0.3484331123386121,0.09093330727075949,0.031814232002128795,0.09268094100363397,2.431538060635282,0.030037726427821487,0.9060847897825042,0.1555913063687073,0.7999517923699347,0.41872999957992596,0.4760268444458309,0.48362937905398584,1.3304707370864461,0.034347019788689426,0.0322696583190198,1.578789314474977,0.4712760571704342,1.3130355802674585,0.6019042068425202,1.3684667314681491,0.15537454988738408,1.1067290421603138,0.17090675415251186,0.03109869933842067,0.24827673692751642,0.11035467371359736,0.6109014048458755,0.06689590825570499,0.07080868451950682,0.0688035637057427,0.6615042752700416,0.0,0.0
15.0,85.67131400073511,283.17358600946284,101203.47706465809,8.384277405186554,180,1.3756778742412878,0.6063986952258722,0.08359845248336091,0.029951631909361436,0.3310956169331454,0.0,0.0,1.1304879419752167,0.15561736150566927,0.8431258929949293,0.3815758040900978,0.08581156306279492,0.031225735633665912,0.09749962824247221,2.38463523995642,0.030311243168214753,1.035791992782894,0.15532596388550407,0.8012247251992245,0.3669190036646714,0.46156997048211296,0.43706719459294485,1.3911288223344058,0.03191829381313662,0.03156639397735388,1.507503687216115,0.4596307663789992,1.3560065673621435,0.7022684174644028,1.316077650367864,0.15574601505581265,1.1052226210654996,0.17654428949571996,0.02864186401175153,0.22942401530030612,0.11203072335437442,0.6386698651528806,0.07085200072032075,0.063877487104668,0.06513174769822401,0.6674241518376994,0.0,0.0
15.0,110.49149990957768,290.9444838563269,102138.80956387543,7.729671188099929,180,1.385654094307657,0.6079727836532793,0.09284536197140406,0.03173024086233271,0.28978972271532505,0.0,0.0,0.9959287251426198,0.15607822414526265,0.838685309423199,0.35857451640034665,0.08559516939432199,0.03227604282715729,0.09411304659762493,1.9349010897389156,0.03132548238744032,1.0045323957899521,0.15536978994018158,0.7966379543904878,0.3873179990619954,0.4798343947905624,0.47380363121162045,1.3928078869960148,0.032488239852494806,0.03115318071777105,1.5765417338991186,0.4476681145041336,1.4507993123450282,0.5921536541534623,1.288544660511849,0.15521874632798363,1.1080199261456805,0.19159109571637242,0.03128010966197035,0.23096331886226626,0.1121378672809037,0.6557629377461576,0.06681855993461219,0.07040735003797641,0.06830579010245387,0.6283758489774413,0.0,0.0
15.0,63.90757698638643,293.9148374332019,100572.60729199875,7.419198878003242,180,1.303110667583822,0.6052862408521448,0.09025142323265452,0.032964449840526225,0.30935673315129386,0.0,0.0,1.0972979441114625,0.15575294189113806,0.8365600290701358,0.3742932853493648,0.08480965275844808,0.033386742912641175,0.08376210188048688,2.668186961005719,0.03129070237549201,0.9939117756263279,0.1557014336191488,0.8014413456264762,0.37641967455517406,0.4504564607808993,0.3970415584318468,1.3414279588595195,0.03155386292447287,0.030054744680663787,1.6034001251366228,0.41865847655169813,1.3722233663714136,0.6596565397701089,1.504755510771704,0.15534142362186557,1.1035359153499789,0.18652704554607355,0.030542659162713433,0.23705429324837804,0.10733902389245645,0.6484423545969019,0.06885575017716099,0.06349793496759594,0.06899503785641635,0.6387805287883035,0.0,0.0
15.0,250.58270382860178,293.4242841065174,100636.3382320174,7.83166030166362,180,1.4396636404013057,0.6075596922767967,0.08989330874174575,0.03195823861481164,0.30081639581651454,0.0,0.0,0.9753775778576176,0.15571642101258437,0.8326549199467028,0.3757529922601628,0.08875114836911814,0.03250410124324708,0.08509287988482986,2.351767466278274,0.029777958878925335,0.9064963754536111,0.15572998726554446,0.8006976702640912,0.3459438150461,0.43480336927794305,0.47121562937326084,1.2990689613991853,0.03482274792864327,0.031751147928794306,1.562782587114023,0.43592656145006775,1.236131850215054,0.6670209575246042,1.2928798656699183,0.15500624130468335,1.10377873373766,0.1735305222198834,0.03373810908843052,0.23545092774526533,0.10605444153516061,0.6149570506079963,0.061615253655367117,0.06025462422379558,0.0708280827663013,0.6300498830063023,0.0,0.0
15.0,280.4441228008039,295.4971945763937,101924.9216583514,7.356936145997028,180,1.2856656971261593,0.6077525412099763,0.08687777988549433,0.03124802661443082,0.33948354903035083,0.0,0.0,1.100845821419279,0.15572810334088397,0.8346272438662498,0.37473650031042216,0.0955154332539625,0.029160629905491064,0.09821669828194275,2.1661770669376095,0.03320333268161766,0.9159927582420668,0.15557039441335585,0.7989457107709627,0.35268506885361817,0.41701932118657287,0.47789613575886103,1.206294859934548,0.03325851802489457,0.030675999585074536,1.501684664452217,0.4649573302397031,1.378066527817827,0.6043111420814691,1.3574786201343823,0.15527094999788066,1.1075011921606097,0.1772589530774625,0.03161626377607392,0.23003389364784363,0.10777947796882778,0.6329956022955772,0.06662114825923073,0.06760629432382771,0.0635958602653536,0.6614722587303093,0.0,0.0
15.0,187.91690164921476,292.6747958387575,100552.03816921453,8.416488219947409,180,1.2740706726573172,0.6091547493478136,0.08714410981439012,0.030725894980068967,0.328790610198784,0.0,0.0,1.0626426107441238,0.15538829868692028,0.8393250894615404,0.3643477778735432,0.09069669605301989,0.02907568096498033,0.08858620286977831,2.009303580224222,0.03213968489938695,0.8857486574342758,0.15565681253328686,0.8006990022658663,0.3928764586733516,0.45888142602109383,0.4693620211133163,1.266961195059634,0.03269525310633397,0.03117226093228644,1.562240910774478,0.4509099734376211,1.3318393863516753,0.6091699051773102,1.3496968367966704,0.15528538482807816,1.1049763701017834,0.18898456674904854,0.0326530371222076,0.22295676346915602,0.1060682788070654,0.6049465292793254,0.06939789259204018,0.06794370436256188,0.06693014525509329,0.6414095428401224,0.0,0.0
15.0,276.6204404724768,286.8734008737017,101032.11915063273,6.049595003116823,180,1.4403612594131556,0.6079920017621647,0.08837797053021268,0.03220868351849823,0.3106060725989465,0.0,0.0,0.993192205718874,0.15545286718503248,0.8382084050073744,0.3611774830166766,0.10558932544194079,0.031267923486601346,0.09950673008470245,1.8073020760604273,0.0328114274288212,0.9641530627016722,0.15527318733764922,0.8019712946033019,0.3824703614681483,0.48525145735552233,0.4976017323397582,1.1687202629128977,0.032444991401731356,0.03218939190658247,1.5450792311784327,0.4745400656070665,1.3389575664053606,0.6049290125788828,1.3729784008573171,0.15512151892386308,1.1043434555107616,0.18685361384628849,0.031096859086799912,0.21916694356761945,0.11012245371355936,0.5576707789703284,0.06896740572289604,0.06962879592276364,0.06774718172148303,0.6054816472873515,0.0,0.0
15.0,4.497401489760202,297.83732303429395,100746.20616314237,8.307463287502861,180,1.3856343055672549,0.6083764050586006,0.09033118892172562,0.03269244129153556,0.30845031718110205,0.0,0.0,1.076401654715519,0.1551375428532289,0.837508471911086,0.3615463513408784,0.09404353902862343,0.029393937528077962,0.08726224689752454,1.7217672730500362,0.03206337439310701,1.1264832742568118,0.15570710343298177,0.8010560866006763,0.38135893712817803,0.4920801546034704,0.5053417186060919,1.307674870053698,0.032194754041395365,0.02972172791168194,1.548430386651188,0.4890832803410104,1.375600176764016,0.6083122221115611,1.4051088967381238,0.15505588765338993,1.1059756824414226,0.17700042650967,0.031079411734354,0.24924990669369065,0.10989133371443914,0.6266969445201518,0.06409824199641502,0.06883825080416804,0.06604608082455822,0.6460848610565862,0.0,0.0
15.0,28.389268543631744,289.1469213428627,101880.12000672643,6.020513393740466,180,1.2683088642259626,0.6081815560847733,0.08424991879800021,0.031160940088481744,0.3256554211378739,0.0,0.0,1.0181172866503405,0.15558117853288464,0.8409403730559588,0.34867621409005944,0.08798643943787529,0.030289636192117553,0.08055960549823321,2.268121906563202,0.03047809778746023,0.873062196816711,0.15545366286756174,0.7952302942475952,0.36217015704431765,0.47924319489554607,0.4649281327243773,1.557576076026761,0.03177398252396509,0.03278237406612822,1.5988109946899705,0.4292240987378094,1.4400526529611228,0.6090808716946282,1.2524724109196526,0.15562236861886708,1.1050770269436625,0.17791339859590474,0.03212577732035055,0.22018178731729351,0.11208505114600197,0.6524417300171239,0.07189734811093523,0.07104843300609995,0.07097143635743608,0.65902203319053,0.0,0.0
15.0,30.45073977406441,294.4640381572013,101587.49775498947,6.629273410242785,180,1.4434778828842976,0.6104412641915037,0.0862695693597051,0.033851111825878855,0.3053654168436676,0.0,0.0,1.0470954148071083,0.15525833398892372,0.8381776451748641,0.3628030455363329,0.09024641167485814,0.03032778902483443,0.0904721873587016,2.064391131659396,0.032597836823993115,1.052813110309309,0.15570556522017562,0.8005318860959076,0.3559483471247623,0.45646574056341266,0.4583906814262789,1.444331537663802,0.03221981545170654,0.03138720433233768,1.6233474027673789,0.4644529503203805,1.2743576994306218,0.6052795073914848,1.3998377255024375,0.15476776802860326,1.0981382159855086,0.172755899333712,0.03104955070218387,0.22511572007838768,0.11694737698090203,0.5906835359567612,0.06411639017936487,0.06642234042807951,0.06552065327669519,0.6560711592442224,0.0,0.0
15.0,239.16972960771247,298.207639466842,101494.70535907049,5.4638775563801465,180,1.497808408936388,0.6052165410901902,0.08958256107567464,0.028769598494053295,0.29814701504430174,0.0,0.0,0.960172259194095,0.155329608901128,0.8391937618373475,0.34603414269117355,0.09083130078880507,0.03228397427106363,0.08773720215880532,2.125935551557567,0.030863668276942053,0.8905040575982094,0.15558447590866306,0.8027270956561122,0.3569075626800071,0.4612375314832465,0.478218761035183,1.4010608223631769,0.03420605915228305,0.03171389429280478,1.520341895408752,0.46035543890691155,1.353435279700068,0.6212451512779374,1.320123182497085,0.15539080363892468,1.108335902692409,0.18220003453078737,0.03196939687795396,0.24507181713826884,0.10410710289298815,0.6469211288691399,0.0621661134123766,0.06755438779620973,0.0708207869864237,0.6401712799932496,0.0,0.0
15.0,99.48060775855731,296.24348650237187,100938.86628280803,9.222670088766579,180,1.3931216929101546,0.6088916698106926,0.08497544368878339,0.030154258917477764,0.3090230415603687,0.0,0.0,0.9487170122039195,0.15591488225837802,0.8387772232431528,0.35945714135675827,0.08165864875582661,0.029252852897805652,0.08417291960979661,2.19938807870006,0.03099709669006764,0.9554594414265626,0.15597259038624767,0.799898858698599,0.3609630960644166,0.4738123058543483,0.5192412944435033,1.315082670253741,0.030050721235371503,0.0327292580906642,1.6467502286437845,0.42791532726570475,1.3300669301476538,0.6531566798459585,1.448138372192955,0.15499204076224465,1.105186926463493,0.1824892481054529,0.031138844721478424,0.23702865190614944,0.11062035787493286,0.6594121949522992,0.0654594563280541,0.06815939680706928,0.06343245739610125,0.5945244882911724,0.0,0.0
15.0,341.3665239596279,301.1696329695297,101220.27225974532,8.550991969493689,180,1.353327866711447,0.6064557298471458,0.08758503434994636,0.03055471263023464,0.30331926306487217,0.0,0.0,1.1213600963122852,0.15579644448621013,0.8371758600848929,0.41117157752251793,0.08862791749543611,0.032473051888552346,0.09071206413436146,2.179948673471591,0.03281714448860778,1.0034913524461346,0.15556910845300184,0.7991614672726113,0.38995044790321015,0.4666760018672683,0.4495829766176708,1.3005724694484293,0.032081649408448126,0.032119279534097725,1.5053200838480927,0.4421188812220232,1.3472164907060504,0.6586192299681963,1.3147109794041223,0.1552889650435018,1.1058454292571904,0.17439698959373715,0.03172117170890991,0.22657775944019104,0.1094015433847089,0.5930625142647362,0.06804144627262665,0.06697957357042109,0.0633677654436341,0.6061407902296149,0.0,0.0
15.0,96.17869484722138,290.39352583911045,101658.99798616015,8.910726670960967,180,1.42448517449919,0.6072224469957028,0.09199914242002398,0.03218598929685611,0.3214425069452582,0.0,0.0,1.0104007169415248,0.15522949062571684,0.841160559878825,0.33884149826132726,0.09506834935645392,0.0346890961972424,0.0848648708899884,2.2192317574194034,0.03327221376515804,0.9291499660628034,0.1550692864590734,0.8021340377234061,0.3697610393944501,0.4353744126901493,0.45643023301150765,1.4141563491754208,0.030842085039554233,0.031836202174344234,1.544614610201708,0.4585618552302166,1.4435366984198799,0.6156258629668988,1.3876379732910653,0.15550541475042645,1.1034139924899837,0.17276187087317155,0.029775028302329042,0.2452724007360488,0.11631363811401652,0.641975557568389,0.06944941980929159,0.06331786968120912,0.06270864465914817,0.6663363324173347,0.0,0.0
15.0,48.07870348435643,299.7272886591013,101604.73967048066,7.225523988593254,180,1.3719373448460814,0.6100538950171986,0.08870477066216706,0.03262913812645849,0.2834113840810989,0.0,0.0,1.0717406905056142,0.15536499126131612,0.837802536014262,0.4023375200527388,0.08569908225505227,0.03266953644260105,0.09440755915626889,1.900032309694843,0.02874500278534262,0.8760724134697667,0.15559015721708294,0.800360992858863,0.3233766421516214,0.43749362405579845,0.48363558763387104,1.3555666560493844,0.03141029759435972,0.032516685848939346,1.401749616887892,0.4586053675123416,1.2551227681348147,0.570420813829605,1.2575497537782672,0.15576174770889173,1.1015083236003365,0.19585768779379867,0.032780800097582476,0.23085175237488664,0.11277759085387719,0.6097474752807104,0.06593403785647839,0.06935192731040207,0.06342654839302521,0.6661207519880651,0.0,0.0
15.0,100.24891153078521,286.743453403553,101184.85807349437,9.362314315238043,180,1.306180685085663,0.6032203464481479,0.0903179118222701,0.0292092162218662,0.3158095341846683,0.0,0.0,1.0718367454959994,0.15594640989382771,0.8361397609829202,0.37686135249454245,0.09896898651403789,0.03039005480095145,0.08070623988845242,2.511791486707326,0.03316083135055288,0.9828457562914537,0.15571881877385765,0.799615037604115,0.3476639204218288,0.44551786569332796,0.4819595917942236,1.4485423982309023,0.03487126151382974,0.032983520338320645,1.612795298345117,0.46445618977972897,1.4492095531637739,0.6658057859038014,1.3609835180267258,0.1553065847121671,1.108894899663133,0.1836431162748922,0.031624627522004574,0.24770543713379017,0.10239957675074492,0.6445849662277591,0.07111173047308848,0.06646927052747982,0.06773640364946011,0.6429111561281035,0.0,0.0
15.0,244.2125130266243,294.6865061930858,101482.72437332259,9.579325935787415,180,1.2611034180762186,0.6126970658021185,0.082733044511944,0.03209374787135342,0.33562089040805493,0.0,0.0,1.037842074754411,0.15556967036313782,0.8419187611090828,0.3494923612454135,0.0870942362963768,0.03322454588953128,0.08343056877751473,2.754719561271627,0.03162810084128429,0.9987267849009164,0.1556538129167271,0.8003203499132204,0.3724355352601877,0.44501452308896144,0.42048851573440404,1.1833655758190347,0.03134093251435201,0.03015823043328556,1.5364343988962528,0.46523309555161313,1.3611475497137742,0.5732012944155547,1.2878848514408687,0.155339165971322,1.1067343400450447,0.1873216542325547,0.032437776299387495,0.21701385759027944,0.10992404304516705,0.626103080047807,0.06790518333031852,0.06798696913018497,0.06857647299916106,0.6764988389320067,0.0,0.0
15.0,125.0152611624018,290.61237436693375,100814.87390685747,6.5411883790189105,180,1.3871713801705823,0.6087974236738699,0.0827868294769763,0.031063413607052177,0.3241971515054396,0.0,0.0,1.056544322013704,0.15552171539852666,0.8422199562266797,0.3567311313754758,0.0933911827401154,0.03006416517445944,0.08557742597050065,2.472648595513495,0.03382425570486583,0.9509717824293288,0.15552374357760396,0.8000727034554216,0.3691804235074001,0.4931241630676092,0.4816456341300509,1.095399151459486,0.03440372959276504,0.030822355889861586,1.4248435121257053,0.4492503061228973,1.296974439081042,0.6568249409038263,1.415834318498356,0.15568124112806186,1.1031578477829835,0.17471188771155016,0.03422827387359887,0.23420571676282342,0.11177415807115448,0.6107089580998007,0.066351520392019,0.07167142776182898,0.06490835231601223,0.6370207099347861,0.0,0.0
15.0,231.52096684409238,297.5478887944914,101738.41693379235,7.118941506920144,180,1.2123282785284364,0.6135894165993366,0.08871946016167187,0.03202019386877051,0.27279649062292277,0.0,0.0,0.948894139209263,0.15560840705375287,0.8393233745032972,0.3697935219864535,0.09666259493216228,0.03127750124989661,0.09754061694659516,2.134360922354581,0.031126819360460085,0.9532601554276198,0.1552934998887771,0.8022989985295985,0.3621037836468192,0.47473097667384473,0.45534301734660776,1.3799682543648824,0.03122497609384526,0.030520409450694688,1.5378036057641218,0.44949040189543715,1.4405995730833752,0.6278212025308709,1.297201284771805,0.15535187416803478,1.102485839995727,0.18390799985394138,0.0321260296955521,0.24323060760484552,0.11876955122122272,0.6404028749479099,0.07333125963003456,0.05999387555342908,0.07121097309212601,0.6195954861012541,0.0,0.0
15.0,75.30702642733459,295.4007018500366,101775.27531469031,6.420634186673818,180,1.3903183189130743,0.6075563253780436,0.0872280379705333,0.030621066464131732,0.3248734493844102,0.0,0.0,1.0500865683352107,0.15598199146186323,0.8395362910194624,0.36036889322369403,0.09000239401599826,0.03166066949190466,0.08992423882876727,2.350662644876886,0.03164172401990364,0.9444022452575845,0.15567860224315386,0.802440584044562,0.3548843428622758,0.47089735392700527,0.49476379145353633,1.4450646045020574,0.030353921004348614,0.03271188113629341,1.6302017555750505,0.46750318495006454,1.3380549303913274,0.6311540329984597,1.3295658721571935,0.15502946565112055,1.1008130434582528,0.1769639556349743,0.030415950751059594,0.22857613699498053,0.1143914208335362,0.5999545116949376,0.07376798363849305,0.06413135787500976,0.06669767265803869,0.5891827526533948,0.0,0.0
15.0,269.1415165742317,291.40434688078443,101236.73363801629,7.96608392919299,180,1.3623770997549423,0.6040064275474646,0.08982412421054832,0.032030171341227036,0.31151866530360334,0.0,0.0,0.9549143033846981,0.15518825968972433,0.8430208184337749,0.3547568314974883,0.08833398131923854,0.03171422110759329,0.08771980336634873,2.368163126885273,0.03195941565941808,0.903350615519044,0.15539457801805243,0.8001218259011167,0.36174022980312115,0.4904320246355984,0.4562870423719912,1.5684204925362046,0.028988346807703697,0.03178586365207181,1.5745323475650475,0.47725114461950496,1.5027502118675977,0.6653805654625325,1.2626588409665598,0.1553947325198969,1.1039795756116597,0.1820564340584743,0.031552787249216056,0.23764757351130156,0.1200054513952388,0.6311525352619173,0.06842094920865965,0.06841683372349007,0.06462942487893988,0.6679771757231238,0.0,0.0
15.0,8.481497018676261,298.72456960085884,101084.7541789165,6.862755564737422,180,1.351240291906998,0.6129508292293594,0.08856417244444059,0.027855032787719326,0.32843901728937275,0.0,0.0,1.0431242475388465,0.15583295916877107,0.8381317260046088,0.3674520246571974,0.08869166306677623,0.031127563185155874,0.09786765391520899,2.3882058103034947,0.03340668977254251,1.0402826741952602,0.15542751494150361,0.7968766404206452,0.3889208252016291,0.479824878432677,0.4650317657458756,1.4200622023330642,0.03399713818476901,0.034565835600290584,1.591029797528648,0.4252841890117847,1.369065903242511,0.5794057032050675,1.3364287579692582,0.15548074452759275,1.1070364845346483,0.1657620627300996,0.030407442452944158,0.234726429915913,0.11019424244859226,0.6379400854822782,0.07185591328685395,0.07077595226711471,0.06784234078091257,0.6551132908491196,0.0,0.0
15.0,247.7505446578599,289.02193468316744,101341.93886962366,8.648151172618,180,1.3151259966016902,0.6158770250189312,0.08572863440698891,0.03157953158342226,0.29792212555584274,0.0,0.0,1.066943179489414,0.15587573570852306,0.8355264709708068,0.36525511981526115,0.09075936594876481,0.033885847046287755,0.09429950893403678,1.8078274943835768,0.03311934066631942,1.0549491882169306,0.15567100189778335,0.7989549659410762,0.3919086614889408,0.47575335374224315,0.4738794696256481,1.2425016806291576,0.03267293319297437,0.03153063921707156,1.5200370950500903,0.4510852246622153,1.3213176262947293,0.6750874268298993,1.3540131936126505,0.1557568180758846,1.101834976342195,0.1734928606222473,0.03396369656323584,0.23993290183051016,0.1187359988104808,0.5863247670286595,0.06817001635828421,0.0651951768852631,0.06781492059687927,0.647997574815943,0.0,0.0
15.0,12.869678242330833,300.4265843087976,101937.15291011463,5.2357920100662145,180,1.3885260935032382,0.6093531892332464,0.09444118959339931,0.03337543997823403,0.31568640931956177,0.0,0.0,1.033962660185376,0.15542704413556616,0.8397675439718459,0.3613063343522692,0.08942369960556425,0.029295589706801437,0.08634316628945267,2.885525701191642,0.029189780784660203,1.0099899439573066,0.1551460840022801,0.8034446164699314,0.3565650185026786,0.4849278080160081,0.4838371011146981,1.2112078865690716,0.03268958468831918,0.029934251570253107,1.3775791014837535,0.4388179151099875,1.362377246567091,0.6103855888931279,1.4512165785656341,0.1553732843400111,1.1028357556989046,0.18657645410471863,0.03010938809582644,0.23747447437963828,0.11083113306479528,0.6269964421362372,0.0616962381969383,0.06546605907811147,0.07261411564125556,0.6612619219174175,0.0,0.0
15.0,270.5099902911881,283.60564502484425,101639.35959541236,8.126675757879312,180,1.4012236202757649,0.613294768487219,0.09432331984345546,0.03186708027277298,0.2909480591231139,0.0,0.0,1.1160701670518218,0.15546840102894058,0.8389368433682579,0.3943955653066597,0.08910969902381805,0.0337096838707642,0.08358552067878273,2.232769075951424,0.031597273695159474,0.962810112968893,0.15521976324900633,0.8008996047748301,0.3477662808448184,0.45141355901061964,0.45266805516973885,1.4747360980623423,0.03612794835818818,0.03115372794470259,1.3416390844879589,0.46266176815096016,1.2877303917342908,0.6161777985959738,1.2352730745187006,0.1554767506698104,1.1029437351260936,0.17330626395903237,0.031226004312659532,0.23797071978594253,0.11087785111916137,0.696120451237526,0.06591754530794006,0.0669018022846098,0.07038212536063437,0.6450350528432017,0.0,0.0
15.0,291.28046038725904,291.84224153138393,100885.28758713379,9.573566760470044,180,1.35081033419517,0.6088485382593585,0.09070282432578845,0.033855271379194446,0.30460371021236926,0.0,0.0,1.0769356836463422,0.15536258421543908,0.8389194195710042,0.3582890482856544,0.09541103579223864,0.03136358469344953,0.08226498481848663,2.388403172973502,0.03214364365106428,0.9912898203817999,0.1553742264703406,0.7951532646132082,0.40263639108920746,0.47826359275825786,0.46639656664229767,1.5591878203274403,0.03297610883324266,0.031028006585971785,1.485599087673791,0.4303036848281673,1.3199966215270964,0.6573868130804538,1.4801696653435086,0.15554944381830088,1.1033735570193024,0.1825787090388993,0.031154308868823956,0.2179570311233969,0.10404801491023608,0.6270251213863254,0.06934138255026798,0.06551672026357802,0.07182870932599174,0.6853413688855126,0.0,0.0
15.0,211.97202755181138,286.10400836525105,101986.51764363516,5.438613968140735,180,1.271297549437691,0.6114936004928266,0.08636628812294826,0.031936039833953746,0.29816734734468947,0.0,0.0,1.0129934854893674,0.15599855820635986,0.8379501049683731,0.3997541182231172,0.08402165255961477,0.03229718365179353,0.09093305933151136,2.3483455804193896,0.029276704618098365,0.9779408375571732,0.15571734278014715,0.8004672814412728,0.3558862411187711,0.4789626593504243,0.4431688954490291,1.1938932094281427,0.03340344256072347,0.03458621610416157,1.5018498615683293,0.45407592185841267,1.3978735651665373,0.7023223622386686,1.362424546324084,0.15548082630425913,1.1054605369035158,0.15341442666614266,0.02935130914498893,0.22870040741848877,0.11786340317011093,0.6625999561285749,0.06338709921043054,0.06752937894445102,0.06820472627901977,0.679890627817682,0.0,0.0
15.0,202.07281130027351,290.940957369369,100719.17889642908,5.792450076225962,180,1.3018861030082962,0.6137533273066647,0.08423244887791437,0.030984806759847154,0.3111946223866976,0.0,0.0,0.981012162175403,0.15535407053550554,0.8346171716442993,0.35537163542125777,0.09175281952345064,0.032358795053616544,0.09131527777811418,2.0534707339247458,0.031890933492653095,0.9988394493675454,0.15549001526885461,0.8003352099716239,0.34571753601774163,0.48489516719797826,0.5052951589811756,1.4024607933677862,0.03144541012468953,0.0300761767403003,1.5260641474704932,0.46065942256174186,1.2543306605992786,0.6853418315980818,1.3927990217219992,0.15515254941049697,1.1074171029797735,0.17270074740502767,0.03348861887223495,0.21382692393698552,0.1047714832285793,0.6385240855304536,0.06316555474960316,0.07035274944000545,0.07113211799004132,0.6444454127130361,0.0,0.0
15.0,132.5638732600605,294.66889320781286,101214.97170959614,5.133226925391845,180,1.3713459394160017,0.611924106460663,0.09443227903184304,0.03134769145634787,0.316490415287825,0.0,0.0,0.9992646382410332,0.15544667484644906,0.8390864782598434,0.3697775570950962,0.09241186095397463,0.03003543174937588,0.0914715134261229,2.6372066818035798,0.03199759188624078,0.9442155697311276,0.1555326924582487,0.8009992991039658,0.34765595273469174,0.46561576028329726,0.47469011336494277,1.4650873641092617,0.02851126157206685,0.03342893305531171,1.5162827374141332,0.45418746514784125,1.4455498241335842,0.5970693829319043,1.3974337895036617,0.15544138634156737,1.1060485425631545,0.18667681981554332,0.03201158809363036,0.25196079202123267,0.10948612478884757,0.6426746349162783,0.06970972608510811,0.06797518810598882,0.059344754830847044,0.554763459012248,0.0,0.0
15.0,59.02827815956036,283.6211297887234,101700.98767462774,9.314212898219886,180,1.342722565034911,0.6131526288469575,0.08734828256882832,0.028812979968035706,0.3150648955745383,0.0,0.0,0.9929320595551229,0.15549783105131193,0.8351803064317276,0.3552267998641412,0.08217895619332513,0.03224589246664189,0.08639483490723829,2.189889642056963,0.031508632251639454,0.9804964874584415,0.15531138206000533,0.7977114569462752,0.34202200925791887,0.49081395813484,0.4267040833474184,1.1701636465627896,0.031320983169011274,0.03055286196835545,1.4712961008963217,0.4300574349738374,1.398303936931104,0.6241731460424182,1.2835892176044643,0.15571107530161993,1.1038962611188035,0.17062347471141365,0.030139653940508833,0.23279530964193942,0.11605818405791382,0.6402385325651823,0.0731634144734281,0.06892796793498297,0.06361469062264895,0.6130213983567,0.0,0.0
15.0,36.72057794190037,287.9533034638763,101740.45478103537,5.019547734633431,180,1.301728913570446,0.6040561577758389,0.09252344787251694,0.03251041165320961,0.3194367510536922,0.0,0.0,1.0353467513318049,0.1559486952500462,0.8379101681612212,0.3995027321919563,0.09074471196609571,0.031472477870414926,0.08865908938056025,2.3405842181583045,0.032693621172919955,0.9892610806071721,0.155515069967218,0.8002839090737041,0.37297923521696713,0.44562395158063184,0.4439818393312601,1.2656974593814272,0.030862637502543745,0.0327742763663006,1.600374782641953,0.4547957393678995,1.3473583705393801,0.6026262185125941,1.3181770803321222,0.1551178908604045,1.106258736437375,0.17739580648357478,0.03428848413487559,0.219851714768536,0.10744154740534523,0.6639349984772864,0.06877674774202629,0.0649944490665736,0.07128174059226425,0.6444814342248535,0.0,0.0
15.0,306.3497675813392,298.6124684943844,100658.5384870634,5.533202046770277,180,1.3486991023761619,0.6055148333473606,0.08471125591893972,0.03473687478779636,0.29379521859301344,0.0,0.0,1.140830300468963,0.1549991868966197,0.8345434828482318,0.3285671039571357,0.0903652651580751,0.030887834768614394,0.07979313231212012,2.2620491509096015,0.03346437682574512,0.9345042021478744,0.1550253212842258,0.8036942841626713,0.3781798659223556,0.4892738037408635,0.48685437425331857,1.1391066846405844,0.032517089819547894,0.030104674069904105,1.517060060428937,0.435137546128245,1.3716805022858907,0.6464999373271796,1.4568873878371928,0.1552623164725457,1.1021245046222312,0.1728742475414079,0.032060012566757314,0.22133388378762903,0.10187012424751685,0.6278147193375395,0.07165850589628425,0.07069510583154791,0.07073306210514252,0.5921420258678968,0.0,0.0
15.0,271.3235813491743,296.5392432559727,101321.2244086858,7.902261207989285,180,1.361179833072985,0.6138398893987578,0.09660423575258101,0.030197608209648247,0.3051379518581446,0.0,0.0,1.0851854036073627,0.15546727003093325,0.8385991545688395,0.37615938849161557,0.08953087552863996,0.03222221827970698,0.09260752288559744,2.747219557753577,0.03240972242922389,1.0536231581106,0.155502839771251,0.8028563491655064,0.3823603677448118,0.4066434091403533,0.47208978543709296,1.1633164422204942,0.031758062052057896,0.03062309957711109,1.623133564360164,0.455980275556122,1.3701124161282456,0.6826362886583103,1.2674293230348765,0.15540478225605175,1.1048914721324925,0.18072631175773146,0.030847715379523227,0.25797982194920815,0.10719851335822975,0.6238523265913909,0.07068471341814962,0.06537453277014209,0.06930989562683298,0.6194102160468079,0.0,0.0
15.0,122.95298167663287,291.87394024485087,100893.0188545562,5.226902476622423,180,1.2824514191728489,0.6086438664856095,0.09462458103079799,0.03417514132437331,0.2870087321178449,0.0,0.0,1.0462837031671868,0.15553839969843436,0.8354951998387186,0.37248316190433156,0.08686459331208052,0.03176524474368549,0.08973563678020076,2.5769375750064762,0.031109995471067187,0.9774991083067608,0.15546666867077946,0.797688068995204,0.35059829062704684,0.4551533574668556,0.45693425280481503,1.441403823301237,0.03232642278324486,0.029587300340690587,1.5106429700066615,0.4434832290453949,1.2711840836002897,0.6362830857293916,1.3858898507131352,0.15512794848002717,1.1025725895739071,0.1805162031287464,0.03143742862444698,0.22634523940366916,0.11040327353000255,0.6555624760567528,0.07047107276253853,0.06877737187120699,0.06623310406084626,0.6581710556374011,0.0,0.0
15.0,140.39968317577416,288.37282853065597,101321.68119443083,9.920077528475426,180,1.3970589050940367,0.6084527617065812,0.0910100768107949,0.031615100978320966,0.32570234327835057,0.0,0.0,1.0106941426316987,0.155526655981625,0.8400482388550282,0.36916975306345834,0.09670186628586896,0.03372429582927362,0.09303126480503128,2.3482189149869326,0.03413371571644212,0.9537077384215513,0.1553554113982389,0.7982774161706703,0.34479419629759533,0.4884477194985882,0.458614364749249,1.451493934067375,0.031809989983691014,0.03322641830580615,1.59358803385846,0.4644273755382335,1.2760953210279764,0.5793676333273933,1.3148855014479388,0.1552150591300033,1.1054947102981243,0.1815555823820232,0.03115251076418279,0.2493420348113343,0.11160101822343498,0.5716314647637943,0.06378248052601164,0.06532655591255535,0.0637547743492387,0.5876219430855364,0.0,0.0
15.0,89.02695822108325,289.6730257428648,100945.77762833783,9.769821152052675,180,1.4941086055345854,0.6092526428480208,0.08796726104629891,0.030523637528940155,0.3044647986587432,0.0,0.0,1.0190372489033017,0.15571904507347967,0.8376588225705325,0.3510591866870448,0.08054194299706054,0.029695306066311575,0.08580256635928127,2.407944665133715,0.03152844439933402,1.0028453799453578,0.15541909901002482,0.8002615277461151,0.3991198446777537,0.46186049404503254,0.4869903946978768,1.195800022942124,0.03186955278569348,0.032949986198265474,1.525700557993689,0.4671427054372662,1.4581701721131974,0.6354281836250478,1.4694403144446566,0.1555155798210669,1.102773889314809,0.18021327110384344,0.030608826383930664,0.2344224132940247,0.112305559580935,0.5859650672119694,0.06976878892862046,0.07873631781478338,0.06485624830026426,0.5865346792416551,0.0,0.0
15.0,232.42782495152147,290.2098592116813,101264.13531102901,9.574374922041063,180,1.3852620143024321,0.6075500859007584,0.0961668994461581,0.029631880480883246,0.28209220523273193,0.0,0.0,1.0847770923756077,0.15541041092836438,0.8429704362296712,0.4137855869869831,0.09869993952504763,0.03140695574880052,0.09468590804336058,2.0877972089514887,0.035282305190331424,0.9784819337194829,0.15538217559687545,0.7958148803356356,0.34452813170826674,0.4762982063475866,0.4800337188068247,1.5744310230262124,0.03434771589373189,0.032370245978646135,1.4976167024268354,0.46885901515187195,1.3210862765162337,0.6188885020734018,1.4181891285674428,0.15485109606578706,1.1023134779470127,0.18157072053868523,0.032927874039480554,0.24128876881226263,0.1033782895486601,0.5799153446151881,0.06932788106152822,0.06685576409086087,0.06222731843190987,0.6724641011936822,0.0,0.0
15.0,23.375029696692163,286.7930706741449,100952.33987066588,8.041538000893901,180,1.354466087214215,0.6051797591613126,0.0917311346515563,0.032234050879703886,0.2923748427472033,0.0,0.0,1.0643138371871657,0.15541837363984712,0.8406656259087228,0.36297372107053766,0.09151471396670642,0.031850304605823165,0.08289451685013884,2.170384435712085,0.030694379737237473,1.0687080149266195,0.15533888270229726,0.8027263535963935,0.3724123335707643,0.4888312388556375,0.4914270430535837,1.3668554934578394,0.031215201048567242,0.03206498010953238,1.527460514652025,0.5126296773649107,1.3921784460062825,0.6507972673730716,1.2256652736506417,0.15547653406473724,1.1052576023612597,0.18212712357052138,0.032284625604677875,0.2182978345122256,0.10199288362011652,0.6476077363851689,0.07318790368020218,0.07058606276826282,0.06233316936130821,0.5798024119613672,0.0,0.0
15.0,302.16841750149547,290.5548507382845,100705.60146148574,6.478126950270947,180,1.3466203544945654,0.6055833936853808,0.09351185051789333,0.03234325537442829,0.3253419744443442,0.0,0.0,1.0011569626957288,0.15536734387361095,0.8381066290406921,0.35725040495647303,0.09373021686796139,0.031840188595237545,0.09152993028392765,1.8805360203448207,0.02991417191823527,0.9932352133597834,0.15478583938335644,0.8018681015733196,0.36528867507251134,0.4827492498263106,0.4598346113508305,1.2024461369269561,0.031786869594240284,0.03154444940750445,1.6134486222733693,0.45636637542928854,1.3596158657624433,0.6195499279561698,1.2996230591212492,0.15586839321870968,1.1035871160382473,0.1704793615419231,0.03230223107174093,0.241193020314345,0.11698278331930732,0.6575465553021211,0.07172842359498667,0.06600039211121693,0.06744025815252613,0.6288284304058672,0.0,0.0
15.0,310.2600800684638,293.3355683347768,101724.2987338428,5.8619917298141555,180,1.4013663767716111,0.606548058430964,0.08942971790192997,0.030067756671893375,0.3112854689231651,0.0,0.0,1.0753878581012486,0.1553530742842163,0.8402865155667324,0.38689225574584124,0.09550926109267684,0.03151447249162407,0.09080169354582301,2.241740054163403,0.031134383223944177,1.016740699993438,0.1555979344758085,0.7990148931276115,0.35964676583068217,0.4403396635910525,0.49805140427289907,1.2668817941108996,0.034735334058447455,0.032359195299755346,1.544853914836954,0.4680875631598115,1.3329421528447196,0.6655693300526457,1.332952892593588,0.15515892996229164,1.1042943705113004,0.1699261760224272,0.03132983946916489,0.2536146224267789,0.10866938994577348,0.613695987191644,0.06535725899394125,0.07449844075945902,0.07331513493732963,0.6208766559503075,0.0,0.0
15.0,75.08991657338902,296.1431665491552,101961.93279118628,6.700996173157609,180,1.3915291020508842,0.614780834982787,0.0926929019593634,0.030381439374514402,0.32942115746291506,0.0,0.0,1.0708103816793695,0.1551106885742082,0.839405275889551,0.3585364846815769,0.0920947140665845,0.029703244888561593,0.09458739520358125,2.266934953171839,0.03095252499271194,0.898963569315529,0.156154487328456,0.8002605124441787,0.368723099420407,0.4626852870220753,0.4597900629716958,1.4467491685748295,0.03412802178716043,0.030313466070687613,1.5141703696743387,0.4507743962402345,1.3168003152699894,0.5990607949965543,1.2740827330355553,0.1556373215367135,1.104321021990496,0.1784529569880362,0.031928792350610566,0.24839935641094438,0.11524676729361101,0.5931527378676377,0.06776528645728809,0.06709146355455083,0.06320347040171057,0.6345518301320687,0.0,0.0
15.0,339.0828896741752,300.1538657931213,101054.25797273537,6.788162556302831,180,1.3528314708261715,0.6075682709914256,0.09573997353050497,0.030569237875932142,0.33010511525234504,0.0,0.0,1.0071551828201568,0.15504083602167815,0.837485944874274,0.3744504217670528,0.0826045751417201,0.030761269101566423,0.08479926942474507,2.138686132979641,0.03201752446401143,0.8922218285864437,0.1553879832477061,0.7960865069526752,0.36716153867424584,0.4666667593560769,0.4749597108654147,1.4893413084352305,0.032846503385012334,0.033671428799437034,1.5542547995292664,0.4335684679474767,1.3619246649066288,0.6290256297497466,1.3335082443572848,0.15610489561212726,1.1039419755959452,0.18369114138677511,0.02913180375403507,0.23815220641416013,0.10394535605159103,0.6119572192798753,0.07385449579399975,0.0682661559233245,0.06516804770870177,0.6410506995967911,0.0,0.0
15.0,292.01064935231034,286.4781942394572,102106.00818590523,6.538080093993533,180,1.451817538336339,0.6108244413163414,0.09568616076417881,0.030733323019819448,0.31024369017690284,0.0,0.0,1.0757840185770633,0.15535700489649948,0.8434789432347851,0.4032984114095147,0.0943904280789624,0.03258334966133055,0.0879664966473403,2.3724606650513316,0.0324454496480487,0.9997778038075548,0.15527415526320945,0.8014161791288336,0.3721654137846845,0.498866135991594,0.4730536807518687,1.328652664418461,0.03287530959821182,0.02988023144794947,1.6443915066710724,0.4400849139580314,1.3625669408021113,0.5974871309084613,1.1798334479103658,0.15500404690955333,1.1056292310591191,0.1689283546748706,0.029747244055545744,0.24192618251001016,0.10777826727183595,0.6074937925122915,0.0678080268777395,0.0635696422774198,0.06205614752998145,0.6871700329354558,0.0,0.0
15.0,270.77991444344525,295.7923393460055,101091.67345312338,5.16855760533241,180,1.416045285934348,0.6102168529187979,0.08488709090802482,0.03147314135725765,0.3153783545860191,0.0,0.0,0.9561861111806697,0.15509629748079692,0.8384433468454429,0.3553180699485658,0.09802916354819305,0.030539402333841188,0.09221626899183685,2.148776034188899,0.02950403362205222,1.0296273010471322,0.15512153944870916,0.7993039576200316,0.350299668601333,0.4578374993468769,0.4613532611688578,1.263256561046686,0.03198475173877958,0.03199984669238551,1.4796760137596694,0.42067617284510567,1.3231391648874182,0.6183141458163995,1.3686632095170348,0.15525026972590744,1.1058938247783554,0.18876521865699838,0.033812329754376105,0.2263004908623459,0.11640252335974136,0.6581317066947306,0.07008375004549908,0.06997092953770037,0.06885520390332334,0.6364242775939447,0.0,0.0
15.0,238.47654993287696,288.5589192909753,101577.23625582214,9.41334251646302,180,1.3774665910063093,0.6088908478734796,0.094052454050375,0.03351614203924543,0.30283956240361615,0.0,0.0,1.0246155012375209,0.15475503825851342,0.8350481944711283,0.34851200382146535,0.09679447998340808,0.0343672488434507,0.08665784405357739,2.087655149845085,0.033160330502159316,1.0387690357717525,0.15574426709711817,0.7970387000879243,0.35878275620483463,0.4912016147672699,0.47455688006165553,1.3078812824849169,0.030976770316618826,0.03468910070154768,1.5519050983498395,0.44150500220854383,1.31295385523227,0.6178495858123868,1.2762072747309345,0.15536145102431276,1.1075278464049017,0.17136035209426967,0.031069816324218836,0.23444736082416076,0.11915601264650429,0.5693002805129289,0.06922192884383717,0.06211178102720095,0.06206027020164784,0.613320587592046,0.0,0.0
15.0,63.10369641222782,301.2663006256761,101389.94320013664,6.959823462284199,180,1.2771594411489402,0.6142884268203038,0.08929655890106325,0.0322598529395699,0.32053472413520645,0.0,0.0,1.059243558121559,0.15576176686346244,0.8397717819097541,0.308961983215161,0.08879211930387455,0.033528315626531975,0.08664382134090023,2.595757301634886,0.03157705160889232,0.9163790556988988,0.15552358068011277,0.7979071568142647,0.36508876158803905,0.43933456354255707,0.5138436305100714,1.1291254008675067,0.030081489624838698,0.032720155326439355,1.5058599507297414,0.41624282183271794,1.3105386617291983,0.606788644236155,1.331099359412706,0.1558286515415113,1.1041135072461803,0.17698545965640372,0.03355121334174363,0.23950583294049232,0.1122280202090234,0.6312152254735327,0.064151542096386,0.05967401926376484,0.06999903728113155,0.6055218456353333,0.0,0.0
15.0,239.15559887353032,300.14816132023356,102198.97742620728,9.076166874850493,180,1.2333796216208759,0.6131963479051129,0.0928203183839579,0.02975263231805417,0.3033334967881066,0.0,0.0,1.0035365720809706,0.155409070570751,0.8378964942737303,0.35600690102591703,0.08331916071872322,0.03340438613682579,0.09187689271017638,2.073111477750274,0.03156672103985178,1.0530703423548766,0.15505050564536535,0.8008205934468128,0.3599898601491137,0.4621090818713204,0.4430419208176363,1.3276128413521822,0.03208805979797487,0.0330830695654327,1.6108221775344698,0.47290752769175715,1.3574108301772234,0.6170876052463972,1.357906968151908,0.15526913948952867,1.099274413433954,0.1874738601292029,0.032908811654650386,0.2402612266979621,0.11536899213735,0.6471467629904201,0.07332803107183687,0.07077233401246392,0.06412112520278197,0.6256383150115177,0.0,0.0
15.0,143.17580309731161,288.1835376429249,101324.57388382446,7.849567901642299,180,1.4344953964118452,0.6143566506245713,0.079590736006592,0.02943139972122109,0.3179309132675202,0.0,0.0,1.0037967332194604,0.15543659945302682,0.8365231374317156,0.3507359915051847,0.09371336752182576,0.032552620079318084,0.0915710414357947,2.261604253581053,0.03029507118542199,0.9510645269815177,0.15524702367688828,0.7949971820522691,0.3733654241576257,0.47820678050761045,0.4903865665860815,1.378054829006822,0.029583934277778584,0.02845856585897775,1.4946660370014406,0.4216909042834974,1.4796362557392808,0.5756824220228874,1.4309795855108685,0.15512855784904708,1.1060614321483473,0.20148124736413567,0.03141928560174594,0.255667144893393,0.11836403900977059,0.613493445543743,0.06916836413927512,0.06542663468267468,0.06968112231575635,0.5917579235863745,0.0,0.0
15.0,80.10873626922681,293.3501278336442,101486.26729202246,5.312006752730268,180,1.358035148730633,0.6114230552005631,0.09030657170054823,0.03312453830422575,0.2768030121705094,0.0,0.0,0.9315117175695367,0.15545849269749115,0.8418049512102354,0.34903303481859255,0.09089883534948696,0.03207743337888147,0.09231611784465842,2.2465212552556175,0.03378563030500245,0.9255819257131508,0.15551413787513735,0.8018130610631741,0.38966673043064104,0.4405709460127043,0.4500683318871914,1.3744188604886916,0.033711117024296224,0.032243127343856454,1.548697374587464,0.45084173833718283,1.3120253591202833,0.6530461071872717,1.3924712583813326,0.1550172712007709,1.1042045294537102,0.1773826416667589,0.03102726878018606,0.23073748340410236,0.10612201141498392,0.6490691783548574,0.06899760576045197,0.06624498479453614,0.07371438901057666,0.6370513036577122,0.0,0.0
15.0,221.8257835346488,301.9713216876958,101329.27672966075,6.787748343916055,180,1.33441559668886,0.6100180163520903,0.09086766940039723,0.03366109578361549,0.313844152469925,0.0,0.0,0.9451501278219826,0.1552748478665468,0.843285238707939,0.39248416977280615,0.08878426358007227,0.03396277811329604,0.0927784188031262,2.2590734093609615,0.03192440976907469,0.927489718466352,0.15527666811630222,0.7989385977189697,0.3669055014172665,0.46634420207537275,0.47702515167209514,1.3973548342242854,0.03311409207042935,0.03067925877776625,1.6246937554083993,0.4624341664528458,1.3445140722349405,0.5865836172677384,1.4018228805488564,0.15519057139692743,1.1046762463161808,0.19941488380653785,0.030037281432440218,0.24366126562102988,0.11342149467467338,0.6464541218084309,0.07172263103901787,0.07196391302638047,0.06763730763553484,0.6675563955393027,0.0,0.0
15.0,284.8460767678865,283.6352994725745,100337.19294982412,7.146468613904712,180,1.3366243559243025,0.6039809946995993,0.0849794088592485,0.03154498985564355,0.33048899738225035,0.0,0.0,1.0740531793370398,0.15515058818744998,0.8366030176587016,0.3847857227540088,0.08211422352418815,0.03503475645946967,0.09939176946809393,1.9471567666721663,0.03370097020692807,1.0482041005120106,0.1552322918405529,0.799588223333977,0.3449052854128484,0.4753486593541986,0.4176691271126964,1.3039221467436415,0.027712851970727734,0.028645421400339963,1.633607166430202,0.46348372080287426,1.4139664671153105,0.5954216586105466,1.382886453078968,0.155538960301299,1.1005431190223731,0.18324394227664811,0.02890653601422412,0.24104097880476685,0.10617282474533507,0.6125969046829973,0.06519375754797924,0.07051670713299098,0.059517817229393505,0.606483830558612,0.0,0.0
15.0,63.00845135762267,289.06292853701984,102200.72352018663,6.788304326152689,180,1.3541314870695733,0.6116753185898005,0.08738909723237348,0.03517937289683882,0.3103829182458273,0.0,0.0,1.0321091142290753,0.15538582832343034,0.8373993815091706,0.31751593256953276,0.0844368832539785,0.032726612658249575,0.08972121441805116,2.3314308485260047,0.03384744372095674,0.8847286337082053,0.15576221388189146,0.7997591662533861,0.3587906719356444,0.486376821465604,0.4508083382688693,1.2580648483719103,0.03421265262523474,0.029968631105269518,1.4716891714182478,0.415426317617788,1.3146470341151244,0.6777736492206656,1.4363499389864,0.155693980684875,1.102804040454834,0.16758685938692017,0.03231330389840795,0.2506590889117071,0.11469100609020687,0.6159540228271122,0.06551286405926524,0.07050307100376771,0.0694677765711236,0.5883142021442496,0.0,0.0
15.0,217.7831749188133,298.60548121224065,100853.39535511943,8.003470047442706,180,1.3280903428283168,0.6039008337043623,0.09213326212154048,0.028147038067670833,0.30828710875454124,0.0,0.0,1.1109298299108756,0.15534279070233725,0.8409539517086868,0.35972918696361156,0.08257794668364621,0.02901062281269218,0.08927271875289251,1.9968183385118008,0.031176799619315902,0.9234010828672677,0.15535103256654673,0.7948794061312058,0.3842234945784141,0.481881506017123,0.47827421833246025,1.3219393819896874,0.03255953233372012,0.031871199082351837,1.6147060396426827,0.4135381520593847,1.3483884354363287,0.5891948454433211,1.3263131201623735,0.15499023590398564,1.1070844937836941,0.19380595622204524,0.030605814805006126,0.24289784484675667,0.11735349995267559,0.6649340630748315,0.06693292913093286,0.07145488858244105,0.06379558302332453,0.5994808606654317,0.0,0.0
15.0,55.18655215383296,291.0280173439904,101420.45335071601,5.8181855188925615,180,1.3372009831866623,0.6098354721597655,0.09502566184378759,0.03063596681583006,0.31398347799394516,0.0,0.0,1.0648369295668614,0.15511577794119988,0.8411259406432956,0.3477770814823594,0.08893183536460374,0.033241131542105076,0.08977849793448521,2.477718294105461,0.030355066180125463,0.9681631793965194,0.15532176901231973,0.8039579274513199,0.3599930605995496,0.4775558713131797,0.4681106161333624,1.480052212866144,0.028810940909886673,0.032057727335275246,1.585291500850009,0.4534880820720858,1.3733202052608526,0.6132836806464164,1.2246941415481267,0.15534276974491,1.0986671270050894,0.18022664724769372,0.03496547465619132,0.22853553453003747,0.11584024121296548,0.5999658026535171,0.0653687492725161,0.061555904628243674,0.06664526108891838,0.5996355608521756,0.0,0.0
15.0,113.56925202657334,297.1094043502215,101196.38649843355,8.489820217995051,180,1.2976284141248795,0.6080001893132014,0.09011172870336637,0.03209697669936538,0.31837803749456833,0.0,0.0,0.9884838491746348,0.15521917006972735,0.8357914732080637,0.36704425905637494,0.09626941429209761,0.03130405337438398,0.0992652273177123,2.4840625516292762,0.032888491444785374,1.0138506908635685,0.15538612082903372,0.798259310107841,0.36763381068083556,0.4773363792172289,0.4945397614070714,1.1425554298695724,0.03141406302029524,0.03212431455386484,1.418830415855056,0.4506060441754476,1.3952867789120722,0.6797164632496716,1.373727322243967,0.15571979145476744,1.1018292684954802,0.18930082158149972,0.030396504686446345,0.2511916995846183,0.10977677261757593,0.591123895632563,0.06778344443523808,0.06542088704815091,0.06840131215369562,0.6129051238816421,0.0,0.0
15.0,144.6657194720084,285.80289200850643,101254.24415458724,6.194421742235017,180,1.2872231178840192,0.6096873611965051,0.09512328991725916,0.03159141413754279,0.3347818498589885,0.0,0.0,1.04796014292241,0.15535580376267866,0.8384565478501732,0.3890750459112109,0.0851276317444453,0.031507842237298446,0.08653882281047728,2.0684196193454842,0.03498732909228426,1.0012193621507943,0.15563598820970448,0.8018409762258035,0.3255220512501658,0.5041733265768451,0.43114419035950985,1.4074587941724155,0.03285106624828715,0.0314895066810287,1.5383648597115491,0.46142879697462763,1.3301275704494013,0.633342593047765,1.397938197122724,0.1555205237036894,1.1055011055475361,0.1974741126528323,0.03225560510318401,0.22595922132735205,0.11891445884382641,0.5990637926893913,0.07102346838336218,0.07057445906457042,0.07198630787803444,0.6466287328017937,0.0,0.0
15.0,144.56160099143128,288.4951702210658,100998.9662594144,7.668473309372224,180,1.3444252766090325,0.6085493104958847,0.08476233176495918,0.03296306924502635,0.3010644972117026,0.0,0.0,1.047228094841199,0.15545403046712827,0.8410681183234938,0.38497186979087283,0.09420081680851362,0.03380728502258849,0.09899694459790383,2.484966109250744,0.028841102040501807,0.8936610032078164,0.15566506478880782,0.8002906896457682,0.36332100290748454,0.4771426026344094,0.44834209031581923,1.5299553945262625,0.03046413507504284,0.03261941183637836,1.5923024649103177,0.4386203868193726,1.4337550108679638,0.5821670992069954,1.3415165925800137,0.15560552483553675,1.1007815480656176,0.17828125520265597,0.03394713698713274,0.24210021236495016,0.11333716736290865,0.5649246593066285,0.07367063405087047,0.06571586049650785,0.06433794424707032,0.6245664684263543,0.0,0.0
15.0,231.0416392654828,295.6063127936901,100796.22859128875,5.375477556792961,180,1.2788515533651565,0.6096904345245133,0.08686979419721669,0.03122169879479891,0.3110049452094313,0.0,0.0,1.0414004927634528,0.15570768469983906,0.8384509305079472,0.3818695893471302,0.09164187753654907,0.03188164747687092,0.08234764931283854,1.9376216262309243,0.030692918750700418,0.9853213145689087,0.1551865856709802,0.8016562556148713,0.40783211250284557,0.4552522743540869,0.43623425632035273,1.246989177747787,0.03096935977819701,0.031185824718524116,1.605518384620375,0.48061433551346383,1.4300586669450521,0.58369144127969,1.391566604246706,0.1551632063178394,1.1052239899256118,0.17894760188074432,0.032296240900274144,0.2437545807570509,0.11116851560907395,0.6500096514711712,0.06850417588571786,0.06820788069110502,0.06570171164918549,0.5657208897521622,0.0,0.0
15.0,142.41615911493628,292.8414990713063,100728.81606052873,9.796313280858671,180,1.2763088349648304,0.6087254965042816,0.08665638885656883,0.02853149338034438,0.33430978765946107,0.0,0.0,1.1216829226626857,0.15545915575738264,0.8377809480284734,0.42717463887975954,0.09101341693911279,0.031362179850573546,0.09835112213283406,2.510967916684515,0.03198486133005117,1.043113605410385,0.15570502780069262,0.7963835381442702,0.3626265801784235,0.4795155649647471,0.45672209658188845,1.3285238064548686,0.03496234637462036,0.03280818268569881,1.642939484536696,0.43307318172846143,1.375209965519632,0.6402063935490717,1.413918678229435,0.15537757465176946,1.1036300969053958,0.18609257638732418,0.03124170537264418,0.22591454159363672,0.10596530009353188,0.6019686269176019,0.06368197812134375,0.06599795868032023,0.06954494470087699,0.6475519173705043,0.0,0.0
15.0,148.31062632489662,286.76519979983664,100142.51354867345,8.050704860671186,180,1.3505564864351765,0.6068052241552149,0.09271977231474776,0.03014490165255071,0.30199548311070956,0.0,0.0,1.0171244880582284,0.1555996496118348,0.83864790734686,0.330518569803534,0.08880055967896283,0.0302928818686839,0.08665895374201606,2.2823478849957106,0.03379846111061744,0.9379809685386519,0.1558735392525688,0.8017847528972096,0.38196692809027993,0.4812669001608623,0.4806019447354835,1.2719209234997806,0.03106158502797594,0.02964809051107907,1.6293841097660664,0.43503406883708684,1.3456006479873417,0.5901531392903074,1.2074895827453695,0.15556498270613595,1.1045986481534302,0.1778297875434809,0.030678064392540835,0.26045602606862706,0.11985608170902788,0.6809856238216629,0.07214596988197611,0.06822993141503737,0.06856803815824747,0.6074269056768484,0.0,0.0
15.0,235.7173212561117,293.8088718075911,100795.3898058216,8.21489507286637,180,1.4668857782704867,0.6089299804400058,0.08825381474260789,0.030866316124346295,0.31295289302789014,0.0,0.0,0.947343981496153,0.1557809034732563,0.8285630684355854,0.3422163986799169,0.0857439544305178,0.028789170497583116,0.08705814965995932,2.4968331449496324,0.03070417772084996,1.032637039841069,0.15564901422933713,0.7973096575389954,0.36227827016565833,0.45346212641938555,0.4402560369153994,1.3361383599242072,0.030522006776903268,0.03334434423728218,1.3386554272244255,0.46497147795289817,1.3804449526292293,0.5917531143662472,1.2370608922525377,0.15510500116513198,1.1028888971201194,0.1848909151849293,0.032636123582301425,0.22128872541769976,0.10952500881674687,0.6343400213617757,0.06665142840031307,0.06728191307061157,0.06933899163506076,0.5899530358651134,0.0,0.0
15.0,74.98155821612858,283.22195357671495,100606.18932761822,5.493012785010966,180,1.3888349881665913,0.6084757213675644,0.09699831813600678,0.032441216617884384,0.3234689225775143,0.0,0.0,1.0277030051821072,0.15509428046701548,0.8335121174812273,0.3620234750356259,0.09406719148770995,0.029772305944606933,0.09271087292517413,2.052824685557193,0.03131886921661044,1.002481254986114,0.1553242643036878,0.802489909012645,0.3976050756759503,0.4359339460067491,0.40010881866143916,1.45760292479165,0.03318309359821391,0.029943069205109595,1.5332886081719472,0.49281347513363266,1.2947388697700823,0.6703900827781175,1.2668268343928246,0.15539752128134623,1.1033846299915766,0.1731026513126346,0.03156023419762005,0.23985127115014382,0.107646747865525,0.5834536803576572,0.06798162896055406,0.06487776569470255,0.06720636402218383,0.6241745507478093,0.0,0.0
15.0,172.48431230440087,286.793080161589,101347.07129739644,7.407766609318203,180,1.398628879514436,0.6094585742853494,0.08892493445313476,0.033166658817794424,0.3173771609273156,0.0,0.0,1.014433184379719,0.15537002219771606,0.8366976023739123,0.35367904566924885,0.09502706734761518,0.03369763078373721,0.08730562195150188,2.1769328384520334,0.03019150409252677,0.9671968446014952,0.1552298431158664,0.8015640145658703,0.3466556105532173,0.48506109893686794,0.47270236079385375,1.2094624246167058,0.030666325666222075,0.031707309505002286,1.559153920257149,0.48713164687488425,1.438473665020174,0.5239259115583381,1.395924761896076,0.15519313790837688,1.1066736107769146,0.1977717282290042,0.031022523203251776,0.21582503330472766,0.1259443255578359,0.6235135576911521,0.06616320870411693,0.06809873339178223,0.06931890404987148,0.6074571294003349,0.0,0.0
15.0,142.48415779281984,300.0286434949291,101372.47891300212,7.005027145980022,180,1.310676350199006,0.6124369837268568,0.09132525014129622,0.027416303618309094,0.3062501335155287,0.0,0.0,1.0851456926796255,0.15546014240099,0.8383773062475082,0.35264263729226547,0.08642824968680406,0.03113239093321909,0.09099888515731426,2.0523356027685664,0.03161189466116294,0.9606161184949462,0.15536513475524277,0.7981858951184874,0.3564474990315455,0.4673236394865602,0.4311943782744457,1.4863101041124918,0.03146173407041451,0.03227815646461668,1.4906465629792092,0.4731759075569658,1.3222627312374289,0.6341695551346137,1.347707016722792,0.1554996293348079,1.1058193328512398,0.16363128376084712,0.03280939016816523,0.23048731423416788,0.11127617143634537,0.579143488494709,0.06938816065950293,0.06547429081381095,0.06702800682335458,0.639196655675521,0.0,0.0
15.0,45.42329485012513,299.32671575576757,102411.08131678762,6.995882721445749,180,1.1567496219466218,0.6110668386953721,0.08541715775502039,0.030891341492209484,0.31565556198599903,0.0,0.0,1.0624513981393133,0.15554508679274473,0.8399902005078108,0.373260757281706,0.08777693965718913,0.03178101443066242,0.09232591010788499,2.18422066148115,0.03347663439039767,1.0328162148713227,0.1554407751361545,0.8026098877158065,0.3775496421689464,0.4968943192648256,0.45871943082281874,1.5432321288211754,0.029137658577986968,0.031588044079421965,1.571504860462954,0.441343648257025,1.4346841935006873,0.6415618086067648,1.353339950048218,0.1556820720976726,1.1016310806114702,0.18024438066108414,0.032481575476461653,0.24426390238138826,0.11723304471833537,0.6346346954715152,0.0654420329545902,0.0685657661291328,0.06945963148442122,0.6887877472751752,0.0,0.0
15.0,181.34810139164873,287.5276849518282,100932.01222427006,6.009872791280758,180,1.4007570069559157,0.609161063188427,0.09426592865619658,0.03300158315120757,0.2822841087709201,0.0,0.0,1.0101411489474994,0.15519395108100736,0.8371081084708791,0.3669738426530714,0.08701305486486152,0.027993533582597808,0.0913345895543449,2.494121414057944,0.02820653826409038,1.0512112895377475,0.1558397757674305,0.8029580268178863,0.3845342841875175,0.48639858427405575,0.5103838055901566,1.1891055824148107,0.03524840713428048,0.03195447734477482,1.373710723589208,0.4550417252624782,1.4071599955843994,0.6307784451638581,1.3871640065284179,0.1556177184944727,1.1060304607579132,0.19230499925247063,0.03099544466500862,0.2529298869765528,0.10720574908412553,0.6258600632348349,0.06873332108167797,0.06270356299957443,0.06489246769094761,0.6162595521264341,0.0,0.0
15.0,309.00170768493604,285.49365249712156,100669.13933218634,8.778464701623365,180,1.4677741118128376,0.6089643880950688,0.09426916252111148,0.02824391510441945,0.2811909564275082,0.0,0.0,1.105457076890962,0.15525733553089496,0.8342978515633126,0.3481655044347173,0.09686772148274879,0.027542560869648312,0.08794089219472005,2.3300556962732872,0.03173025259832221,0.9678963489726722,0.15525476143265704,0.7969085563013567,0.37110703527311156,0.4695498994878274,0.4768388740922603,1.3019404464648645,0.03447283544974206,0.033471247642566954,1.4761825186133746,0.4371772170124193,1.3877986487377854,0.6282517689765442,1.3553343198630572,0.15517114112595937,1.1028565357283808,0.1763617331199649,0.031748160378426975,0.22313158096825503,0.10594458851972806,0.6126158603751384,0.0676153408275603,0.0694934965187629,0.06333710311354139,0.6254472746092263,0.0,0.0
15.0,266.18145930301864,291.4726336696575,101847.6749256655,6.81932917977925,180,1.3702850054632574,0.6092200540542685,0.08145273852450069,0.03107096693412323,0.31969521846555604,0.0,0.0,0.9962385842511828,0.15550162076253263,0.8390484989439039,0.3618697157280588,0.08219516043237388,0.03208679366965437,0.08834419327059231,2.474630782965062,0.03128639226234215,0.9694112830020034,0.15557647469577518,0.7995402399287947,0.34933537632884737,0.49394502841745036,0.5018010624091075,1.5784066575988396,0.02984991823023875,0.03357344413430404,1.4226689354137028,0.41316365159950186,1.3935631936916826,0.5791896030402194,1.389570608685672,0.15555300240232645,1.1053694070532267,0.16687814599400017,0.03033687868389095,0.22273252791538709,0.11008492174221178,0.6289286801332398,0.06091306421870515,0.06774577796876052,0.0688942419809609,0.6337847411104465,0.0,0.0
15.0,152.16730178553902,284.9883525658038,101347.9629544621,6.4279506491075775,180,1.4955442430270245,0.6107422380878818,0.08813491790878461,0.034872611385496265,0.28907977441253935,0.0,0.0,0.9656747453805853,0.15592557417157865,0.8376081968938252,0.3450722950253625,0.09833942323650706,0.03085832234285983,0.08688431139383702,2.2409087098892466,0.028394755863825505,1.0177509065900538,0.15499242726238985,0.802103937224394,0.3930169846994025,0.4483184851324199,0.4717563216732109,1.3861037185054759,0.03186597820633371,0.03259577955539031,1.5559140292727145,0.5083610527244825,1.2976146723288728,0.6566081429624876,1.3320152765462872,0.1550070649843967,1.1051874122327896,0.18047602940072724,0.02906156724033206,0.2447581882346351,0.11856046307634963,0.5844633333573099,0.07085423275892365,0.07210758505474103,0.06691267654189278,0.6105712853804935,0.0,0.0
15.0,48.07731391224257,300.8068070875051,101917.47053288101,6.387362116897649,180,1.339475998859275,0.6120473169870467,0.09563261910292584,0.03410338738051575,0.3120939772125472,0.0,0.0,0.8886761813643664,0.15543454964815867,0.8363087152446685,0.3499662933527167,0.08053981473830914,0.030945547621244646,0.09010756828274413,2.486159434169324,0.029749414937252177,0.9614186495349527,0.1552476607276449,0.8071665912850158,0.4020563377189743,0.5296899222109134,0.4357105584542976,1.3925725165145697,0.03094856120721647,0.03225949037142331,1.463436147613631,0.4523774262287826,1.3168159137903608,0.6275758629562033,1.4453295871022627,0.15569191903223642,1.103035841090443,0.1793003479277872,0.03186402065036049,0.24761931979837795,0.11529710284370008,0.672995002471144,0.06934868280403426,0.07036899284374128,0.07735577748846768,0.6427513513827169,0.0,0.0
15.0,78.27515498977515,289.9255535804231,101987.15169579869,5.949833899601832,180,1.4116144882588484,0.6121195780241626,0.08642636830281453,0.029482690297809443,0.3105291309429375,0.0,0.0,0.9791465064334243,0.15541105964751326,0.8390262277280239,0.3543725753265392,0.0874546706180085,0.03068338942161317,0.09147459259784257,2.3084953772986814,0.030217704294581208,0.9408960905627453,0.15570080683724544,0.8020909797033454,0.3776311509681292,0.5075485212305356,0.44272457646262564,1.2443705612595335,0.030378377178339855,0.029698319627326542,1.5649079571861801,0.46357326324534515,1.2911227423401423,0.5892578881661396,1.2466506403427702,0.15545780655541258,1.1080353838485335,0.1823928461010768,0.03146147121928894,0.2318185824303722,0.10617930334602228,0.66128283126801,0.06445592646706445,0.06261835388304775,0.07206160509720203,0.7096070442018866,0.0,0.0
15.0,34.51339513055664,301.65000358012475,100156.49447749795,9.531514179601498,180,1.4302409903223638,0.6096382945355293,0.09071760042752769,0.033612760157851605,0.3076471680186609,0.0,0.0,0.9082649411081886,0.15560079000794083,0.836273635860449,0.3845217552739885,0.0993521695413058,0.0333422949241545,0.09175196986775591,2.2496277290141116,0.03350825361240982,0.9886325618878999,0.1551318910226834,0.8039592034295636,0.37071759585084113,0.4803038224746316,0.5172797843937611,1.493986852514809,0.03074833082796908,0.0337905381770638,1.5136437400241092,0.49140066719591086,1.3292360958279674,0.5884755750206614,1.5510194360362457,0.15510991984452988,1.1074328068581751,0.17370624116372677,0.028278085862591288,0.2539248812116579,0.11468936414135279,0.5366921042411374,0.06478165633036008,0.07168094856734146,0.07202170164651875,0.6452450978711587,0.0,0.0
15.0,151.76720386701044,286.464753933365,101572.42563015276,6.260735246899186,180,1.397493209255256,0.6091066959772797,0.08395933399900588,0.03185858942009211,0.3054715662388099,0.0,0.0,1.0169464342205745,0.15549184905307095,0.8386823887748658,0.3839201332099514,0.09229429915337303,0.03145144583393855,0.0828612999911954,2.1380295918642083,0.03562536082778902,0.9488779483195245,0.15508748680047232,0.8022855336423051,0.3763636824667708,0.43404982890893146,0.4774701649223813,1.3382423148766531,0.03318072807699933,0.03269066808424007,1.6249011090043586,0.4618541977777859,1.3495692361071163,0.5892998693890893,1.3222640611417138,0.1558347176880534,1.1020619855219502,0.17106425297551886,0.033404571384610234,0.23812330307964763,0.09875906474697542,0.6379772365668956,0.06768221901164594,0.06379609621555525,0.07198215777231178,0.6380498579544229,0.0,0.0
15.0,121.44227011807429,287.6234761576281,102747.96086474351,5.153981596335488,180,1.4518058617239342,0.6119925022328732,0.09148926008372914,0.032696110304168455,0.29509790804432917,0.0,0.0,1.079168372223844,0.15567343741605946,0.8367654306205627,0.39719581259794545,0.09343591110913955,0.03220946737440812,0.0843387877513009,2.4036977336923027,0.031553782078636516,0.9838515260490086,0.15598325065122848,0.8019473483656163,0.3683167225386764,0.47014088236535073,0.46313052676116945,1.089386184938522,0.02983615134459748,0.03396775616836681,1.5313623227584878,0.46681507478328765,1.3085868472890887,0.6119267184667398,1.4984401118767672,0.15533035741555226,1.1037463419688276,0.15216564885790182,0.03316251322657859,0.23231832174032424,0.1101008820575619,0.6195230480599648,0.06633522941082776,0.06934635289411131,0.06402766208782242,0.6311091267075823,0.0,0.0
15.0,346.91310450364034,286.03113008049723,100998.84949932792,8.16753162767335,180,1.3896140101321648,0.6144768771913521,0.08015465380643798,0.03229069187539559,0.31555274241654974,0.0,0.0,1.0747016645867633,0.1559062977055545,0.8353710953032915,0.3661960038118855,0.09851914287339844,0.03156275314224046,0.09116804790938647,2.224572335173371,0.029078484106643755,0.9856292540270687,0.1551054439927626,0.8048258472011993,0.35572926176593106,0.4343921955642821,0.4587537095419304,1.4028770767959544,0.029142632724481463,0.027841645824819922,1.674079226140877,0.48422631586409287,1.4015685014931145,0.6083663624368202,1.3742693132379158,0.15552627754965992,1.1006494708489785,0.18175058903177524,0.02943812130064147,0.22467632891278833,0.11402231809351569,0.6363111189863582,0.0673238509145845,0.0597378143066701,0.06610782200441769,0.6703107739770203,0.0,0.0
15.0,73.17707020829951,301.63663210197547,101474.56382946807,5.446072419756821,180,1.4630990552300631,0.6074780839146905,0.08660646744339441,0.03338363896315575,0.29914645316932226,0.0,0.0,0.9310766040839271,0.15510019687524926,0.8416029672032679,0.38930114605026594,0.08768261845865934,0.03379229847737915,0.08730764986630356,2.313051698619339,0.030758168889778417,0.963641461538679,0.15557590469268345,0.801851802409353,0.388282971284775,0.4627044687305831,0.45294092601689073,1.6805841462244344,0.030224831571806127,0.03244500374600623,1.42368854229369,0.4566533459998355,1.390431451057994,0.594661706266649,1.3277558074472808,0.15549885919657583,1.1049618422765397,0.18572166536035353,0.030412580870030126,0.26179108083077185,0.10546599044169505,0.6415353967316662,0.06274430606075314,0.06602678374054635,0.06928920861483591,0.6193852185949869,0.0,0.0
15.0,113.08026045572615,286.83946886150284,101124.49520573688,6.678126405355249,180,1.369637677681464,0.6073237932195056,0.08620054783627285,0.028677246476642736,0.31293190556541545,0.0,0.0,1.0017157650443782,0.1548287557228169,0.8411482817516789,0.3807757052668004,0.08565752874683347,0.03140316090974795,0.0828864896214886,2.353278748434519,0.0320923402556004,0.944125451773122,0.1553424856798846,0.7954095950067848,0.3839809873143075,0.43860059642979793,0.44975679541530283,1.2526566718925065,0.030054900572433315,0.03476367513338909,1.6090549071106615,0.4604168936010793,1.4119338379152715,0.6058396905838744,1.3265938373173507,0.1552336641425679,1.1021044283227934,0.16651888570120285,0.03280415729649128,0.2307382207326234,0.104283164841673,0.5851105766944176,0.0721096499604285,0.06389478654440746,0.06938507069563321,0.652825529600724,0.0,0.0
15.0,216.55773108387228,296.0946422535892,101543.47006200459,8.09944880682141,180,1.2907012694840279,0.6076733814862121,0.08524756529876219,0.030338714277296043,0.2996094653082281,0.0,0.0,1.0273205514521226,0.15552389656759838,0.8414543685318817,0.3834819158115188,0.08674270310256262,0.030195334718655657,0.08981480937794648,2.2725343731821868,0.030765986319346187,1.0018421077918966,0.15549323744678137,0.8044927995318442,0.38879481883013545,0.48491064770137665,0.45412563858577565,1.3059603611353694,0.03141988517799112,0.03234078862567717,1.57588399011503,0.43239601313309356,1.2825486615177586,0.6440207453551613,1.2379710108858277,0.15562170455950156,1.1078145483980895,0.1706260164264548,0.027940402126286575,0.23704075640445266,0.10852656852738327,0.6831120517002942,0.06316636592253036,0.06786001962295092,0.061403711680446706,0.5985949991674961,0.0,0.0
15.0,223.35823058548533,297.85492119740724,101968.77009397742,7.654442170647971,180,1.4460663878785367,0.6115892209883232,0.08769850713306261,0.031700451219378624,0.2843499356054261,0.0,0.0,1.086926298727589,0.15503642726510478,0.8370961614948143,0.38725138236450396,0.09079396416550475,0.02856762593891525,0.0937644083634403,2.7062613190829583,0.032969461493926655,0.9749430091313152,0.15501597958487784,0.7996348285890812,0.3675608664705303,0.4424722208156005,0.45493227172325484,1.4043446696880024,0.03182871780173782,0.0316455595663955,1.5673781709758556,0.45258824329168645,1.2839923739556343,0.6304652316757335,1.3700844441250168,0.15565431452078815,1.1066364493197534,0.17894433231116713,0.031235549656782203,0.23489259020483622,0.1176055047590466,0.603393529499247,0.06533896787938338,0.06909000460731247,0.07125460246297091,0.6418339162969992,0.0,0.0
15.0,68.64381371389968,292.1190669638881,100993.8651862554,9.641378312074423,180,1.3290721622820725,0.6055851069742064,0.08930732835598314,0.03242648617116028,0.28754316324943546,0.0,0.0,1.0011799727785626,0.15536572238036997,0.8378866181733263,0.33077299753011563,0.09673464751545308,0.03134954273292776,0.09158237177797275,2.539528768050975,0.03323499324711609,1.0319209131673628,0.15534999554188772,0.7998407552273196,0.3483964804502055,0.4921698990441032,0.49630398745037213,1.3792941852100489,0.03323065980541984,0.03193918805993296,1.4547984493184456,0.44206576657093505,1.5110212928933504,0.5913098777077653,1.4039304566496662,0.15537134014132456,1.099261644782848,0.16614069342414103,0.030563694026146695,0.256710978695634,0.10075835947215259,0.6387166545317267,0.06364365117560988,0.06750630796248153,0.06383708530802727,0.7021995483804767,0.0,0.0
15.0,26.028520663302764,290.2989436490513,101353.65123474482,5.908690432574215,180,1.4186007573455466,0.6121940206271793,0.09056893836154413,0.027270197205019202,0.29061741617131953,0.0,0.0,0.9775916218548553,0.1555261467509092,0.8373138263674245,0.3420999840686103,0.0913045513848864,0.03129353080494424,0.0826897903623951,2.273688219855664,0.03183221183763992,0.9581560471685491,0.1553352061849079,0.8012545790425263,0.3842541210930134,0.45498610720250454,0.4745640386808507,1.2657267946676303,0.032215813221853885,0.03233540972650937,1.5275023893902528,0.4614351024899933,1.3746097390198675,0.6498752231993021,1.4030570141376901,0.15569768206834636,1.102648884130309,0.17473399259718048,0.03429282690272619,0.22362817885755815,0.11105082973327278,0.6012551273854237,0.06914644054614402,0.06503905177515783,0.06913918144975145,0.6236603502977636,0.0,0.0
15.0,80.5460286991603,286.0192471467329,100978.88672718141,6.928946394861023,180,1.4475130698108523,0.6043619344772315,0.09711026616929427,0.030097461917058834,0.3111386464343212,0.0,0.0,1.0621738443489166,0.1551631501967407,0.8364912117028399,0.35950518912444995,0.09269132209236365,0.03177020627636558,0.08854109122721071,2.372923288185585,0.0328571998797668,0.9226857052510979,0.15535115215407666,0.8005920927395678,0.3590536187133701,0.47438202160948145,0.4857738820848944,1.1696998671359617,0.03180188440147122,0.03161739016452934,1.5422922493162372,0.451414825242625,1.3732070047843092,0.6364789098066066,1.292849726893778,0.15537115987179273,1.1012808521658017,0.19012457933578736,0.03430728851378505,0.2372964828016252,0.10682410351128543,0.5818584898622436,0.0637261671467501,0.0597816107302621,0.07142299964673642,0.6235165292123224,0.0,0.0
15.0,292.6554807277755,292.5615120814489,101269.43305948871,7.708273500594582,180,1.2467924654432059,0.6089502805876184,0.0968981600900026,0.032751672449041966,0.3192100928408537,0.0,0.0,1.0235144832544811,0.1551162295154799,0.8368398495777051,0.36809526795096176,0.09332191332420937,0.03269284552982468,0.0969365195187564,2.599690564534584,0.03214251744475516,0.9811775663241289,0.15548764232484805,0.7977638085730623,0.3680159053749163,0.4452236478776001,0.46810908994499073,1.006817415139998,0.03294607073775244,0.03493867414559757,1.3847036986152197,0.45217930119896915,1.4032629437610051,0.5820064326554141,1.2123758608258648,0.15545899569407845,1.1032937632223059,0.18513686374309252,0.0283186399098081,0.23899608445629603,0.11037969900503962,0.5702042717399044,0.07196184215148438,0.06293157042668346,0.06669689793282821,0.5497554408014155,0.0,0.0
15.0,182.94093520339723,300.96180227791876,101514.91576122971,7.71651832498295,180,1.3170721947438855,0.6125565450098974,0.08868132332338972,0.03051211584410873,0.27327143611253746,0.0,0.0,0.9740449249335209,0.1557009999110955,0.8380508042924218,0.37441234672935375,0.09200530646823936,0.030844760700132305,0.0943290541713201,2.842092125701259,0.031619689726628444,1.0545317083712948,0.15515541489295231,0.8022639662919813,0.384778170346016,0.4289046929561775,0.49226492841570746,1.2614489109109681,0.03194867085519722,0.03212030202163777,1.4917215160932866,0.42511446420401794,1.377733608857889,0.6375676268404341,1.3415792720134119,0.1560757171073715,1.1051462869607966,0.19057473435337585,0.03240306883849596,0.24244527066122187,0.12172264587618475,0.5974678596944413,0.06696685858806495,0.07250261999868512,0.06875124148170914,0.6202213554922932,0.0,0.0
15.0,186.18220765203358,291.4796081489341,101599.74553718774,6.0775128518279224,180,1.3123106726528482,0.6079123466594379,0.09500298555202426,0.029363704005599758,0.28869240014967534,0.0,0.0,1.094970375565896,0.1553282163025062,0.8367367403032492,0.3497711210349612,0.08501700477946988,0.03228368939989079,0.10006121182025053,2.369443692400915,0.03144675328107631,0.8880402422075852,0.155317584809882,0.8004166064214973,0.31191601380836864,0.4308863643602421,0.5175930549601132,1.5543612857319775,0.03307433152192035,0.031500629672143836,1.6326647539116215,0.4404967396460021,1.3219873453737876,0.627513106096495,1.2842456795316648,0.15564299095003326,1.1051601747722306,0.1913906258568397,0.02972688451124017,0.2537585139981519,0.10342509907894207,0.6322769915358953,0.064118228231825,0.06687303142011221,0.06569729594400368,0.5747302514251326,0.0,0.0
15.0,337.20867479700536,292.09330161775137,100292.78184887058,6.001799962484639,180,1.4232742522284996,0.6130033698679918,0.08824530498447125,0.034540719687827154,0.29800704930785804,0.0,0.0,1.1625671514839722,0.15559636221357545,0.83987692478822,0.350319931805667,0.08765806256335186,0.032769502752373295,0.09512751559896965,2.4112708453771745,0.030288852465644493,1.0401663808124748,0.1554186096223546,0.7992027251918379,0.3947508388369691,0.4727010848385761,0.4591466773957479,1.4308015319390985,0.031030455884042032,0.031721708341711556,1.4935525436526071,0.41331825873853223,1.3640887816047618,0.64657472921121,1.2916546096517598,0.1549870833589825,1.1053920643664163,0.201007380692819,0.031830831557068374,0.23984857249239985,0.11366297343670628,0.6045069426552554,0.0683481726827138,0.0697393473617991,0.06867797293955397,0.6802222770475174,0.0,0.0
15.0,124.12494633204466,289.2268564075212,101394.66403341915,8.160441953996733,180,1.3590796072532805,0.6072758788989101,0.0934138382930674,0.03379455200700808,0.315574229977284,0.0,0.0,0.9336580076061809,0.15528491480569506,0.8395956233872953,0.3671173034856821,0.08877090346018177,0.03191264690354361,0.0925077332070885,2.175245910623914,0.03148904107036618,0.8915431597486985,0.1556151322844363,0.8045994280857683,0.3793857136176636,0.47211486427037386,0.510301032186611,1.09642805798561,0.031584041599206185,0.03245213503478315,1.5370519082161331,0.3855118237585356,1.42399499751457,0.5868045271308814,1.3281617454063936,0.15514896690104693,1.10683781365813,0.1781976764977652,0.029813929046255454,0.24577742904493902,0.09779013685316719,0.6173114825484918,0.06742008174680324,0.07305132211025397,0.06921572246979385,0.5920661504479876,0.0,0.0
15.0,215.05299284158713,286.33437328325454,101796.55217243593,8.615846863959089,180,1.4367881532407811,0.6104859243998084,0.07812994791045004,0.033889969526264205,0.2918898656917542,0.0,0.0,1.0498941666479027,0.1557653433445316,0.8388769158809267,0.3421858824128046,0.09371549483619111,0.031106381266555554,0.08820755956898196,2.469444638116723,0.03133948255160433,0.9613135176029473,0.15546388781753348,0.8056019127775175,0.3840674519261319,0.4970249719135699,0.4729375434543187,1.533535839082878,0.03178505067767379,0.03299214415408757,1.5446280054376436,0.4155425636681163,1.4165633347317814,0.6357338481925068,1.3609431558709995,0.155155352443576,1.1080795079701646,0.17150175671480675,0.02976934045255693,0.24536042503717875,0.11184169321080865,0.5736229313404527,0.06719922639130241,0.06957100200893485,0.06575203047729528,0.6543003410778098,0.0,0.0
15.0,108.07073143126607,287.06158790171423,102187.23709732734,7.644559750866835,180,1.3037020984874232,0.6089362325664595,0.09140394567031748,0.036537792260211345,0.32160416733933667,0.0,0.0,1.141345336477196,0.15549028064576018,0.8348231283583972,0.3766394187574855,0.09588607398129854,0.03255960070479104,0.09461474871752047,2.432403674981506,0.02882934617169862,1.0121579028032752,0.15536117385219422,0.8020895411802869,0.34453607156673055,0.47669463212836616,0.4431653517784319,1.4047979273103544,0.030846328347895927,0.03148706322295124,1.3932230259866099,0.4641720205337695,1.500583491854018,0.6753519838556526,1.381663950646021,0.15526210018543643,1.1106576100300736,0.16287185554661196,0.03175643967083926,0.23739345927662825,0.10678137781113348,0.6016763586920002,0.07234302793155607,0.06686244429789344,0.06319318629915277,0.6035973519023022,0.0,0.0
15.0,204.04037724650178,283.2293177405025,101311.58517622868,7.823521151447349,180,1.3328879272374579,0.613846649949196,0.09346153266448587,0.03147773559535538,0.2812013520108433,0.0,0.0,1.0521731614133336,0.15525117752364123,0.8406152867718365,0.34331746084601905,0.08651241432336768,0.031199857564051577,0.08721084840718463,2.6069719446132535,0.03235111603299366,1.0399063557444153,0.15545638288385785,0.7999098202986294,0.3898599285988299,0.5019039759922229,0.4631948830804959,1.2913444822212858,0.032762477704825224,0.033636417887507285,1.6572695096799597,0.46969146380275406,1.2780820352079487,0.6101303877915886,1.390516995095524,0.15539230513650223,1.1026571691728906,0.18127427659766984,0.031112765146541464,0.23257779736123887,0.10679347413065574,0.6037467889596297,0.06327593732299625,0.06940340546890743,0.06872927285709882,0.5611418960664558,0.0,0.0
15.0,157.40432969817059,294.622266681238,101473.83106435093,5.840437942215382,180,1.3233024707827408,0.6150596642461016,0.09349896486218831,0.032133820150414494,0.30863514229131767,0.0,0.0,1.0105531275501443,0.15536736916899557,0.8382537916042893,0.3615102813750736,0.0866441353266509,0.0328730013578407,0.08333866670957063,1.5456249627804572,0.03342192972165191,0.9497974699701256,0.1555573464357907,0.7976979863847091,0.35623197600314516,0.45630722088034037,0.45086437659228673,1.1984855254235363,0.03311928088925891,0.030726270600734826,1.4813754449319498,0.48162566734509865,1.4481312089978158,0.6155829788643701,1.323637332748407,0.1553558603930315,1.1014967926768646,0.17319121679630256,0.03176363408733704,0.23299073957712746,0.10236923501492433,0.6036450211656763,0.06354637394196047,0.0710269917198347,0.06732607492340617,0.5905277869758895,0.0,0.0
15.0,238.39001890998816,284.4232745275009,102423.472963181,9.53714562161341,180,1.3623164463341881,0.610721694026805,0.08141371938487958,0.029424896262806376,0.3225330563446721,0.0,0.0,1.1045596032710352,0.1551476534313945,0.8424713024180672,0.3406354433129934,0.08527760524098689,0.03172363078062238,0.09213582419364034,2.1630322706190355,0.03058500653949857,1.032758441494792,0.15537829972695644,0.8009763483102368,0.34237070597648184,0.46366359198154994,0.4272985074068771,1.1587904821896986,0.032076001152879924,0.029676138650557616,1.5475316047322847,0.4467615193116801,1.4068087450636635,0.6450349531517352,1.318521946200705,0.15556114129098375,1.103237901189473,0.1912343040574487,0.03131121914996434,0.26036580111684754,0.10877743500819835,0.63665852754479,0.06759797646993822,0.06801468108083394,0.06282465052030825,0.6105877818886843,0.0,0.0
15.0,287.63263844353446,293.40174283637316,101366.22791983906,6.488266383738953,180,1.3500404590308595,0.6123173333776212,0.07975573596763294,0.036240592270145505,0.27860498706423836,0.0,0.0,1.0352522589831883,0.15515250485296908,0.840516768970348,0.38304971151726225,0.08527921000450747,0.03325252377160207,0.09591032729559082,2.6812517297187366,0.031038892632884077,0.9904642534433002,0.1553701754539219,0.7989365837624108,0.3769311761938558,0.47588896264930636,0.4838611517488065,1.3691226803343106,0.031577993531999,0.03228763553875728,1.6139800181018233,0.4721198762742884,1.3740493680706458,0.5678577981596115,1.3743807195260271,0.15519334191598322,1.1081510725023447,0.18875892755725024,0.032044096559573465,0.2399206646437423,0.11153810842794118,0.6802614277121132,0.07571470500874312,0.06636255980034599,0.06602141898977135,0.5927181258806024,0.0,0.0
15.0,356.2675615042646,297.1825312228802,101089.37650771083,9.79154869467249,180,1.4597674157493774,0.6106133022257871,0.08741266840500897,0.033087218021021596,0.30391251859248486,0.0,0.0,0.9633250429340191,0.15538602399375018,0.8359840250153755,0.39568093328276427,0.08833223184723736,0.032288719420019735,0.08675286168440938,2.2713440887439043,0.03123874779673961,0.9836082166472235,0.1557443959754504,0.7990937144816074,0.3728103421766021,0.5038921960291951,0.46319482767397485,1.2464575702760028,0.03239010392794198,0.03293462854644857,1.4472076014273871,0.4790811622762036,1.3864526318457528,0.5529783231157134,1.2791894000915516,0.1553335293876502,1.1047372891559086,0.19924781280090376,0.029987593324524414,0.23070212053394495,0.09344025198004242,0.584858500003126,0.06480219276851751,0.06671535594091141,0.06689895803477104,0.6095758300379495,0.0,0.0
15.0,201.51036786861883,283.2756511985808,101098.88801104952,5.618460430909232,180,1.3824292601032306,0.6084507944914858,0.08889290981393393,0.03387204381144206,0.3107308194701098,0.0,0.0,0.9435384974865787,0.1556428169869204,0.8392055356684297,0.3645688311606127,0.09217465604102021,0.036762138953691174,0.0891179986941149,2.1668832168974994,0.03063810408240385,1.0183156729197291,0.15532512047465344,0.8003416564773773,0.3385014469534354,0.4858997572278412,0.44284341118331877,1.2053752228846104,0.030685070736532753,0.03361994431233994,1.472995623198529,0.41585556382865074,1.395130415262162,0.6139282834127023,1.3264843450244943,0.15556742695619521,1.1023282284541058,0.16977220066057797,0.0309264339785965,0.24860828027229803,0.11026524893808855,0.5973366921056742,0.06272156047965605,0.06613472415626472,0.06442105120700557,0.5860157284583866,0.0,0.0
15.0,126.18396876779198,286.8316669730603,102075.64347805147,9.25107397981234,180,1.4375356181658006,0.6112472042085417,0.0932457016031841,0.030535242882084864,0.3063339341056918,0.0,0.0,1.0631502347813782,0.1554662534343753,0.8410833223324742,0.39965758810297025,0.08925132366014094,0.029822495504273388,0.09235650210716548,2.03207466026843,0.03163923347826908,0.995886629100032,0.1552286139586711,0.7981743286880939,0.37975055687333376,0.4727547093343074,0.4372416033416683,1.439797358501699,0.0338197466723483,0.03268115478267302,1.4866329794522157,0.4742479506352028,1.3980840962413452,0.5902465675100084,1.402167621615359,0.15526349789363175,1.1062572777466797,0.17287812760653515,0.03412734853868923,0.22849117428955495,0.11013729619881263,0.6338459829631099,0.06193662578279884,0.06951877768734097,0.06457179846001512,0.5743276088415075,0.0,0.0
15.0,341.02385290308206,284.55971447341557,101386.8512604309,7.8380912432630545,180,1.330187264314408,0.6116047818520423,0.08792730484415855,0.030335797544039717,0.2945769197966143,0.0,0.0,1.058131060599782,0.15545808781043755,0.839865915482056,0.3701192952427232,0.09284453913473614,0.03148618115973433,0.08588345362600483,2.287283301357964,0.032013158084274705,0.9155279772782219,0.1555036468201172,0.800795298875677,0.3960849039440298,0.47997958093492876,0.5013358603608589,1.3746973034214454,0.03178510326004467,0.03400931967945259,1.6305024442908287,0.4565202630588696,1.4246021020602875,0.6413793327905885,1.3596916461932298,0.15571916817131556,1.1016450218328233,0.1629334474418666,0.031175312598334556,0.2454914805145183,0.11644454010703921,0.60853948912856,0.06516609474958787,0.06850536145563671,0.07041561574196639,0.6108648631497199,0.0,0.0
15.0,118.7888698796577,298.5315384308427,100912.24358223598,9.419137050021128,180,1.53016631001945,0.6150774150187766,0.09396613789183021,0.030336764567794074,0.32074570934803825,0.0,0.0,1.112880466120918,0.15553186762049567,0.838638316190549,0.35522151761751153,0.09382321934145003,0.030836925257863232,0.09046416665870916,2.7001606318377775,0.03032081516544051,0.9577945692146796,0.15521561587275964,0.8030227321731626,0.3727612053959928,0.47853263329653534,0.44377133631296284,1.6581882086139532,0.03095571072098073,0.030957254992506206,1.634137251854075,0.4883891074900203,1.4580270931284733,0.5901359400445063,1.3289908783561313,0.15521852118490764,1.105846692846528,0.1913627809580747,0.03295081521963882,0.2554809694096106,0.11434434135802793,0.640088374707257,0.06907894763635988,0.06737230828522849,0.06679592545614342,0.5939491778729314,0.0,0.0
15.0,85.45075027892271,284.15208643755676,102219.78743492825,8.903760831045291,180,1.4382828949673148,0.6123948297840368,0.09314880466128156,0.03059427911720902,0.2984917538557707,0.0,0.0,0.994815112097836,0.15563540488910016,0.8407967784916791,0.3668542352340253,0.0886746670423432,0.034112179055534445,0.08528421022532712,2.3364590254696864,0.029610772022923306,1.0711958215462618,0.15556204676820506,0.8009202445610445,0.3798290340953306,0.4629124822625352,0.48725637345590095,1.1662780290276018,0.030049631745312572,0.03313990388128428,1.4659497852457835,0.47670344847803964,1.3861489140596193,0.6168414585985271,1.3097138813697213,0.1552014218245464,1.1065218788547804,0.18386380356934223,0.02988668259745353,0.23863206861189473,0.10737482307534578,0.6309289495064895,0.06165047834592554,0.06285269106456431,0.06808357087509416,0.5724331697763996,0.0,0.0
15.0,260.79594345591335,300.2592041983215,101392.3254770693,6.8131698997624355,180,1.4124149403945636,0.6098724254836204,0.07935249317371053,0.02972767987086517,0.3220812859885789,0.0,0.0,1.0095095899069826,0.15562773845447894,0.8385847577227529,0.34948864504488797,0.09276286621110119,0.03075451038128482,0.09417527267595718,2.359982921381597,0.03337685352715265,1.005671382347178,0.15612670577783483,0.8016561361967822,0.3645164234449306,0.4922792404638176,0.4802718259982731,1.241197105904531,0.029887983183378215,0.03349521119741884,1.638494339704967,0.47847900524959647,1.2030757780668928,0.6803433496146702,1.3528762898700835,0.15548538686394486,1.1028683406720148,0.18202844339779983,0.030038088180180073,0.22543849512456102,0.1125421176377798,0.6340351568103393,0.07209036660538534,0.07033416932995573,0.07095762546865439,0.6638598987290175,0.0,0.0
15.0,85.24167525578268,299.9554125815539,100978.93691038367,5.72211414636016,180,1.4210119058794668,0.6078994799699968,0.08578398116611413,0.027619270082706402,0.3254248596180024,0.0,0.0,1.0408652852963358,0.15526510052408024,0.8376048209338339,0.3632256011513893,0.09473535176967719,0.031413474077038345,0.08890774757159176,2.223249625932591,0.03184040399031388,0.9874068525824156,0.155937589413143,0.8002442917740584,0.40275543687077625,0.46256661518127584,0.46074028851192106,1.4284883924668625,0.029323316372123872,0.03199681876519398,1.4511675956110677,0.4667948572744541,1.3302630781474143,0.674823745702823,1.395158528480221,0.1549113082077422,1.1063962404136827,0.17257553770605394,0.030146473240089258,0.23698450728431472,0.1133768634307235,0.659944213763519,0.06600197040386516,0.06657743299494853,0.06223956362977921,0.6536961909023927,0.0,0.0
15.0,76.55938208050091,294.5649327736514,101633.85678320382,5.592502645185149,180,1.3878525002995272,0.6109348706837036,0.0931972254273455,0.03113493575466461,0.29394291757069657,0.0,0.0,1.038743415550827,0.15542397413023587,0.8310747232537422,0.3834678255712995,0.09128229739950254,0.035083474723781614,0.09506349215227776,2.416268677879087,0.03132031315603824,1.002901141744971,0.15538048091385265,0.7984942926755889,0.3717315395609743,0.4684368299969873,0.49299421496067974,1.2538317173240996,0.03236348642580872,0.0324653805484226,1.594830614608118,0.45982634287087265,1.328794984500731,0.7076561506675804,1.4933376718699973,0.1552465864636268,1.10611332943766,0.18317624987070652,0.03328016273104399,0.2566692057467804,0.10674856377901776,0.639329265080281,0.07056800349304855,0.06435584236410798,0.06779340059562992,0.6833267514581569,0.0,0.0
15.0,240.1742751703077,287.9279115200646,100934.49656048346,9.21509231701807,180,1.3091036888726966,0.6086689018731716,0.09087598173215461,0.030867563596236346,0.2955672395289668,0.0,0.0,1.0536335745436447,0.15519804388610384,0.8348634975109287,0.361802950905628,0.09324922603781392,0.03166220052898233,0.0900997645865725,2.288088161393004,0.03506498122791609,0.926985017601576,0.1553976945510326,0.8055654711446325,0.3395785856132556,0.4863383241945433,0.43921291229416637,1.276099839057392,0.030815458886026364,0.030405602061530757,1.6086669887829792,0.43274928089401943,1.2667404292469002,0.5646661271308824,1.4093205577452712,0.15547889552659022,1.1041538994392954,0.18343856656907181,0.03302463281288504,0.2243762967281695,0.11500241071634486,0.6217915075574313,0.06786170403386749,0.06870824677526857,0.0681053486085817,0.6358533167706587,0.0,0.0
15.0,72.53438074342547,301.9048235808049,101158.0451927969,5.018284140240517,180,1.312620859139523,0.6076478590891029,0.0857363868690857,0.03262346019589133,0.342472238604043,0.0,0.0,1.1144311593810268,0.1553690195830627,0.8420302870751197,0.36050007036893056,0.09430084359890101,0.03073709337353428,0.08219251626734654,2.5171809076114173,0.03071179629172777,0.9710980967855337,0.15562898082856141,0.7981889229788045,0.3455925368779039,0.4447613544522506,0.5091019723919079,1.1550308580934974,0.029654031765744857,0.030560813115386384,1.366653397152564,0.5253750099807801,1.3920931094866793,0.6579661852349321,1.3870708984715234,0.1554155239663629,1.108199458837741,0.17433376482822086,0.0335834331344865,0.21165530896529341,0.10681847529081526,0.661030152383274,0.07202513993021437,0.06975922478476791,0.06900770796934894,0.6002483119535588,0.0,0.0
15.0,343.02293579404585,295.83802321777256,101384.47917535945,9.87047066335458,180,1.2562469624325174,0.6109891895490754,0.08981899492919888,0.03230206485843431,0.3105924193027963,0.0,0.0,1.0749354411566776,0.15531069329387512,0.8385332779187933,0.3782588912059471,0.08768868706931864,0.03293344290095985,0.0936602521530445,2.243761346574857,0.03274263327579817,0.9636876337777401,0.15481109427403583,0.8000878772673705,0.3759411187324118,0.4366353459395494,0.4447167886180754,1.388078359300236,0.03358186572929931,0.03205647941400664,1.4506780264663695,0.4547940118894562,1.3734341183567966,0.6622626076742936,1.324129954551198,0.15523626201023363,1.109606659536632,0.18608190162022645,0.03223030111649257,0.2560426859788578,0.11743311391918414,0.6504209450619493,0.06609770802039813,0.0660925058776602,0.06326124843722826,0.6945123766796449,0.0,0.0
15.0,160.8943759879896,292.48232454679766,101134.01216903828,7.085412897509843,180,1.3626536619864391,0.6104387674922521,0.09099638599984625,0.031087485778977363,0.2972126490548848,0.0,0.0,1.1276355860228668,0.15559604599350607,0.8384773817161808,0.36890498664384996,0.08631598331383743,0.03325043637246032,0.09845561459272063,2.3964522014031076,0.03115885676766595,1.0047706084781238,0.15510701970841623,0.8011859345899556,0.38051703562517736,0.4653815569127642,0.4461296949894528,1.51152315841051,0.030127946376060824,0.02946822612988267,1.4840223407090853,0.43068935230692496,1.3912636848577538,0.6705383801228464,1.3913435046581821,0.15568742204429217,1.1043483899401565,0.1745568958234658,0.03140284199949299,0.2516983515346143,0.11546135541000631,0.6128263479438575,0.06796686737439264,0.06620335070122281,0.06820346836646789,0.6249018805509958,0.0,0.0
15.0,345.5128897695417,288.56650615621317,101040.5745849718,9.19589961187163,180,1.3388317289012677,0.611438562771716,0.08785144000378546,0.030724892638865558,0.286467458432941,0.0,0.0,1.0610934246021806,0.15550095611532147,0.8399361866856735,0.4062728007849933,0.08550211624215645,0.03486724152529104,0.09212641602682799,1.9810240216295907,0.029470666299491025,0.9195516414904561,0.15544115403789446,0.7996011562353819,0.37561079621018484,0.4665286930243147,0.46849601922267736,1.047190534574023,0.029299653214423713,0.03117343138268486,1.5964481558209056,0.46323875615068216,1.3127476147572517,0.6098754417599594,1.3067300107428539,0.1554504849978516,1.1049442852144007,0.17854837486587133,0.0331178427201757,0.23435575680286558,0.0983734692174715,0.6071378650342094,0.06717734551726752,0.06531802286602165,0.07350855161955185,0.6385926012731403,0.0,0.0
15.0,267.0324526257384,289.1924158367922,101563.75675642303,8.497961107609983,180,1.325384949863939,0.607420487128616,0.09397927489734922,0.029795339566305458,0.30243596773882564,0.0,0.0,1.0497794319888534,0.15526644439603662,0.8369221974717884,0.35301589607631456,0.09124760527200161,0.032662964920491276,0.09158039506589091,2.5052121169789823,0.0340381793955111,0.9663813664641852,0.15542680524179162,0.7990581161704625,0.36220855844688016,0.43886984823183145,0.49566200709348307,1.3143890742411175,0.031362105538570315,0.030395396292045584,1.3911231170061775,0.41770723980786306,1.3619484694613206,0.6350765572562133,1.2676000945965125,0.1556382173533563,1.1051503542729992,0.18701581152760752,0.030782196051193603,0.2357063089844738,0.10447654347059651,0.644783070183244,0.06688367827616806,0.0687865412717945,0.07034523337038527,0.5896508504429768,0.0,0.0
15.0,327.155181586115,300.857371393749,101239.59938863701,6.288544954551598,180,1.332146923780373,0.6068792297062157,0.08989470736206337,0.034108071008027,0.29353030092791793,0.0,0.0,0.9796911844012647,0.1551286162742631,0.8402445411919736,0.3629733562097464,0.0844135263715713,0.03043683743905924,0.09511688006602768,2.4646131796853834,0.030944026828678493,0.9644616805601643,0.15543200588635772,0.8056290765297159,0.3683539221703196,0.46341711931896007,0.5111411376806474,1.511464701913781,0.029571860753113605,0.029385126749497573,1.659426579669006,0.40728369237581485,1.3807747513992685,0.5984482881677234,1.2797295527541548,0.15531239565383853,1.1064916903970279,0.17129059507970776,0.03183480953153494,0.23270188947854265,0.11574221031946967,0.5885730513280767,0.06253747236941745,0.06859235101730099,0.07169197884967875,0.651185202703251,0.0,0.0
15.0,68.57496584139646,298.84186917153585,100655.69589186998,8.431631335619555,180,1.389724691924256,0.6116432001078451,0.08912877641898909,0.03169092582670628,0.319724206553367,0.0,0.0,0.9569006172204939,0.1549896512680708,0.8385208887423236,0.3504557913595596,0.0893222170282245,0.03169393990367882,0.09737393107719289,2.4133648201767084,0.03436077713488777,0.9944921083945971,0.1556874945888906,0.7975813332456997,0.3704451167766078,0.47103485184620875,0.39852628148467845,1.7314282223125912,0.031335775782620305,0.03147719609582042,1.5012625697261812,0.4551264566755783,1.3192695184842638,0.588993480008236,1.4332752599763445,0.15539514924356565,1.1058841267568147,0.16176623575273988,0.03207246409023407,0.2494959045177004,0.11467127892395645,0.6279300816085723,0.06936114386214953,0.06547085388893793,0.07050974904008096,0.553415277177755,0.0,0.0
15.0,349.6419803266956,288.9339024452755,100800.96923634085,6.337989330657688,180,1.319387065757257,0.6088457414726868,0.09063902606057683,0.031209235018535147,0.31229373787032727,0.0,0.0,1.0761571004718908,0.15503129886172143,0.8390317320576397,0.3772473171258128,0.09457110057008823,0.033029927962198495,0.0856899526087248,2.171511705291289,0.030292406262267358,1.0272895082122333,0.1559077118726405,0.798746708943844,0.3595829555546233,0.4879697748150337,0.4815082068300039,1.2986710699639301,0.031279169477396354,0.02825663613438383,1.363514708294464,0.48072769371603213,1.3654613586441415,0.5895936954887354,1.3498016555602632,0.15519156886035607,1.1073583881604585,0.17163975836258316,0.03125525047634294,0.24448287057102389,0.10320172279502775,0.6528770275341692,0.06557243992023573,0.06935114643344249,0.06347739540172902,0.6459605793151046,0.0,0.0
15.0,250.6873471511472,290.6605832394541,100833.80217728746,9.317258121545011,180,1.3405766305268054,0.6056172539148346,0.09157211843583749,0.034102240884787936,0.3480796343519562,0.0,0.0,0.9631953865764448,0.15591960395675256,0.8381995619958654,0.3763008481919811,0.09453735442864675,0.03185270366227207,0.08846710613796346,2.2815716892739517,0.030178282639764815,1.0077180678903075,0.15510265224735595,0.8000101129727252,0.34382084886210923,0.4934644078990596,0.43711220760940533,1.2858276100108816,0.03160381685710699,0.02919433850483609,1.5009011964697783,0.4659274898142084,1.421882827650302,0.6040386581926019,1.300149906389698,0.15521580638775861,1.1096728849278077,0.17690979566784026,0.03439444476564525,0.24679186280239856,0.10700198933778465,0.6672907978559961,0.07200167740842642,0.07235317551403145,0.061308896874324136,0.6506081205168935,0.0,0.0
15.0,8.879272761266268,301.16770865005225,100883.77070592027,9.515153940128473,180,1.4165175545545248,0.6149641351520717,0.09302038120237306,0.032971023083150974,0.328772011261204,0.0,0.0,0.9749895011393549,0.15566051932734376,0.8365405485052492,0.35814932134333505,0.0865156240589303,0.033974169546570766,0.07585689087990342,2.5567783317040176,0.03370656370333883,1.0167190367589587,0.1554293013805449,0.7993192545211371,0.35141902157815513,0.4743965524110719,0.47976079253259546,1.5697729935822062,0.0298607412051558,0.03369817484244877,1.4954711584731468,0.4528660183549689,1.3560282367992764,0.660759707548218,1.46297182180761,0.1554659275895702,1.104057031659099,0.17700351973935807,0.0319567524466661,0.23957421338519044,0.1091241363180974,0.6507474246584726,0.07073359995466613,0.06264953442370841,0.06917020762414539,0.6803680163072379,0.0,0.0
15.0,54.29986177539397,301.17742370995256,101189.95195605552,6.369507567744412,180,1.3001779722675963,0.6077635244486859,0.09453325436536232,0.033332345662880535,0.3093796701476657,0.0,0.0,1.0431492149098065,0.1553104723901457,0.8375013916601712,0.39309645266811766,0.09496057720080692,0.03267512090963659,0.09410138452712227,2.238496360696613,0.02891549093072471,0.9575418658934846,0.15457440653260815,0.7967857898564031,0.332829471021169,0.4706572305791509,0.49175812630131055,1.4995865638496588,0.032526333345783594,0.031334779383756395,1.5897753863458082,0.4722408283656406,1.3317159112844017,0.6077348623250388,1.3773688225880827,0.1552877634022806,1.1027234662326677,0.18321484151747097,0.031735076579342776,0.23127505078944544,0.10987512930798381,0.6315078167500958,0.06530522217692769,0.07252771532967245,0.06483373105263822,0.568672936445222,0.0,0.0
15.0,343.09668300997134,299.88838317811127,101128.58178262495,6.177626361338062,180,1.2722641596087019,0.6079072271070425,0.08861149496587682,0.030460726592066324,0.28474600071604705,0.0,0.0,1.1668308491620476,0.1551600408484861,0.8371838379184767,0.37254201610546644,0.08209629186922646,0.03402151335845536,0.08607160034932865,2.266100029467185,0.03129735566648855,0.9978966547072593,0.15580501556623633,0.7999370920456791,0.39483206967625734,0.47367830626520646,0.4046791201982248,1.4619511701956476,0.030935542095758342,0.03224514190623259,1.461222491558199,0.4420921571593804,1.4092036422501715,0.6340741757208354,1.383645522437672,0.15555665830054066,1.1063886807252115,0.17972819641757332,0.03362084646886886,0.2377830300591193,0.11528343880558752,0.6002541037174672,0.07104328193412167,0.07019707100503181,0.06650130266979996,0.6297536200251532,0.0,0.0
15.0,202.21972951515613,301.194325694988,101210.79414925027,7.178811262106593,180,1.2967576792246946,0.609978326510966,0.09655988684510378,0.02863017215623349,0.2895795488978982,0.0,0.0,1.058194398860041,0.15543994273488407,0.8363878522606857,0.366493276708062,0.08509059111132251,0.03135974125326815,0.08775017943883066,2.2387617577491574,0.03311922365038832,0.962553950288352,0.15504566430620195,0.799485280241799,0.3708024213111881,0.4633828028881986,0.49454431652375713,1.3544906414247033,0.03199534265897175,0.03176887396733224,1.5458357318629181,0.4406812180502305,1.4712933064149234,0.6073879345581066,1.4187749829326106,0.15510180041999105,1.1045299348202675,0.18161458461191393,0.031217565566658483,0.22838093572901594,0.11174446835684235,0.6354510800511219,0.0695876123170044,0.06450206163904322,0.06393244556674414,0.609603366917912,0.0,0.0
15.0,216.86671122824652,296.47321902078767,101780.83312942907,5.802955185874702,180,1.3476351500780155,0.6080679453723127,0.09269667081900204,0.03436387423502531,0.2817061207122909,0.0,0.0,1.0715408766883343,0.15540039430862002,0.8411071697900551,0.39589772864813777,0.0895062520572894,0.03262519648015709,0.0860019114243284,1.861388251093804,0.02931584269381281,0.9366220814759464,0.1556706773958534,0.7965132695483437,0.36020603244501653,0.4840759026572827,0.48462381411711714,1.4755295364496015,0.02994738016013006,0.03053134823838004,1.5545565441776676,0.42823619547548786,1.3943702945887446,0.609455803351769,1.4419948692819045,0.15542565883181123,1.10656850663573,0.17497995609046313,0.032749031400494295,0.24212512301038328,0.12248248364024947,0.6184939533037093,0.06994986401714665,0.06516037344328972,0.06932300949979822,0.6017297766367875,0.0,0.0
15.0,346.559265669352,295.250375805647,101058.11234543439,5.443501735909761,180,1.4594753811406307,0.6075283184294118,0.09721988909028595,0.032508209214315235,0.3191979634368541,0.0,0.0,1.0798826785955609,0.15566407081844183,0.8388925984047184,0.37051082799620505,0.08566536088131217,0.031043649337688304,0.08810741526401367,2.3218305274492366,0.031726966718662854,1.0493298264362654,0.15553190672432202,0.7949672654631019,0.38369371538581465,0.5220639622288794,0.4371601996125407,1.3172021412643315,0.030484832570776072,0.03234479395352986,1.7652005643594235,0.4715543115727042,1.2860963199837274,0.6097104375846569,1.3005590013244712,0.1555909267383699,1.0976171541872377,0.18568467896657778,0.030189678306357055,0.23588076592979942,0.10631947647938891,0.5888047467365403,0.06557594733637417,0.06674645354414196,0.06651382716334188,0.6224601981927103,0.0,0.0
15.0,237.29716633277647,296.8142986413606,100809.04531646697,5.270525736355108,180,1.2847299875640221,0.6102096415055758,0.09136833561734554,0.03064342381373985,0.31201210332221596,0.0,0.0,0.9935129382785797,0.15571336552302886,0.8426297721178813,0.3593712278309631,0.08570882592365255,0.03292724113723018,0.09104596587706866,1.9416911345617143,0.033167340217395376,0.9629557891038053,0.15530437901068128,0.8032860399397668,0.3413648287191949,0.4571042489599752,0.4654567429367982,1.2128126971557383,0.030700791995007064,0.03490289729422597,1.5582825542542578,0.44828776917049457,1.3995504171261148,0.7072323975327756,1.3369147283927285,0.1556180397737388,1.10218906106856,0.18485669163005908,0.029962417079765297,0.22590613567082354,0.12248519965449692,0.5835089369496325,0.06351144342245162,0.06917355539317058,0.06915559024879263,0.6604074580186895,0.0,0.0
15.0,154.09478975353045,299.28682031002,100926.47038923277,7.45378917361011,180,1.2730653927272724,0.6057019047611855,0.08496657068644034,0.031376953654462,0.27564448024989274,0.0,0.0,0.9693177959011081,0.15585595606810113,0.8324965707553109,0.34981670452367236,0.09026162570297983,0.03248800652875673,0.09316842529206319,2.3876494786662863,0.03127919797402139,0.9876248489932782,0.15541384851918413,0.8000914506309843,0.3461180454021685,0.4833791177982612,0.47296564595339285,1.3775082403442869,0.032773259952455426,0.03187945135140633,1.5864622299239535,0.48734326449872534,1.3339248527773406,0.6036398874749377,1.3592117623010203,0.15574925878307747,1.1024024607510803,0.17540506476546058,0.029250556664483274,0.24841523430510648,0.1140310850128657,0.6623044440687604,0.0656675952435987,0.07061412788984196,0.06696357537272683,0.6270613939469057,0.0,0.0
15.0,263.73441221319723,299.6180394548224,100958.07357738663,8.593376947148034,180,1.3611093322891614,0.6106068626001716,0.09519998022848225,0.031142126399097393,0.3320209139075142,0.0,0.0,0.9731424023744268,0.1557310015464902,0.8362151247845994,0.39310776067521325,0.0936005779469445,0.03325741789306575,0.0846846197900787,2.2483164997294636,0.02890935968810454,1.0129984893035633,0.15523666267946032,0.8010312549694399,0.3676617568425304,0.46611670850471765,0.42491068450033387,1.332118343682796,0.031863778861146094,0.03185359751166323,1.5906334715217922,0.4666281882238417,1.4201842763597063,0.58336947945164,1.423487896081904,0.15541282310519602,1.106327298467633,0.17340513042338263,0.031520491981074816,0.23198673448431947,0.11381757462323626,0.6024496386625174,0.0743869477502668,0.07254867929279904,0.06286308747466203,0.6711139058336771,0.0,0.0
15.0,150.07337675353136,289.7839047643728,101248.00384516301,5.052204970794147,180,1.4096556985765194,0.6066518297938164,0.09548861047168794,0.028220348730383392,0.29695325780234855,0.0,0.0,1.1326716755999786,0.1555046382296096,0.8309972979870522,0.3863860827143946,0.08970066418507572,0.032511118722099774,0.09312417594870499,2.336833426339457,0.033138582266067945,0.9666720757289224,0.15521039672558312,0.7960172181128463,0.3874634380808519,0.45002432403649306,0.4921136758230555,1.3696012378367102,0.032406812300601134,0.031837091632592,1.5338437388894854,0.4711353511404905,1.3901668346919767,0.6251619246818758,1.4331412138038828,0.1550578296863332,1.1020028245088982,0.17479578235626403,0.03296069300399499,0.239350226289803,0.10327694843368358,0.6265815701805197,0.06792919336725935,0.062104232010093754,0.07083490054108173,0.660265730196047,0.0,0.0
15.0,321.38050651712473,283.9713920909158,101686.87352919353,9.185701191027658,180,1.381047345702101,0.6054003338221188,0.08694585682678217,0.03142643362805669,0.31035814896215314,0.0,0.0,1.1118483052508457,0.15564478453508623,0.8414386581784162,0.3618711154539514,0.08614117959713974,0.030196349013563672,0.08887187988927314,2.229771766946748,0.0340971349798357,0.9236768512689293,0.15536657900983344,0.8049783998097287,0.39140588939981735,0.4730417028164911,0.5036458111106784,1.001186002607853,0.034340901459725855,0.03227583684680775,1.530808622351331,0.4715717735233541,1.2918093275156803,0.5748916848344895,1.202578289285667,0.15543215345713812,1.1081743585927801,0.18355499927364521,0.03234859441017836,0.24714641770484416,0.1132954331569756,0.6499206064036757,0.07011336090764465,0.06797782911832831,0.0679560900590697,0.6082121018530454,0.0,0.0
15.0,59.673738248612366,292.910827033959,100765.14481935486,9.919693248178497,180,1.3584739027896806,0.6076153819668231,0.09900069976105241,0.03396906391979205,0.3135236492452899,0.0,0.0,0.9583974905084068,0.1556167279835225,0.8406276823041346,0.36810465656285124,0.08422961613773179,0.031100698807770524,0.07721878888045006,2.2682944410186927,0.031000442076636218,0.9709408684827869,0.15578713506986983,0.8039791124652688,0.3437743624726456,0.48477578529533605,0.43960058346884495,1.3313636234105586,0.03249336060062884,0.033761157290725805,1.7254309056199084,0.44428565351925153,1.2551903036356893,0.6145404753752528,1.324466714966177,0.15570675948100815,1.102303757398366,0.17287602329935745,0.03251944479859022,0.22584904221737062,0.12269309652583105,0.6356878867140633,0.06642831053356148,0.06716516489993271,0.0748298579886594,0.6592372947908725,0.0,0.0
15.0,320.3003568930167,290.5123227802111,101785.56619474906,5.189706467054486,180,1.388752392242431,0.6108965387696658,0.08853987945203488,0.030949927142417753,0.30470631620980965,0.0,0.0,0.9518611869959136,0.1557890266745255,0.8392167855744238,0.36310377780737296,0.09963468782783622,0.03212806739112502,0.08994530263005668,2.100273011726418,0.03274663204340174,0.9101784712464,0.15543758781730385,0.7982533550069438,0.37252147538031516,0.4376473908900266,0.46624549375637797,1.3451314580380416,0.03277755402409688,0.031621653691867084,1.6068139052348565,0.4096808730229686,1.3138992731733175,0.6124955981200936,1.4657235472666559,0.15540611443026803,1.103200963629949,0.18572012820330755,0.031353993863607967,0.2599507793559205,0.09800738029793922,0.5935368716234961,0.0660088593877391,0.06564523996675323,0.0688288153097212,0.6064640169109277,0.0,0.0
15.0,64.00957720301942,301.4694012872293,100945.75225746768,7.786830617066476,180,1.3111168869565017,0.6081263248111636,0.09498676511312339,0.031103083238466063,0.29038386250377435,0.0,0.0,1.0610577728469728,0.15521946328186534,0.8360865093738106,0.38708624089578264,0.09206704383484034,0.030428465070664042,0.09353271174763345,2.08403782161075,0.03370880695185253,0.9261515873840427,0.15512681147138402,0.7989752681992005,0.3726768559648208,0.4611092651428506,0.4755457353018336,1.4724949317255136,0.031847158458361086,0.034006195905362906,1.4164493722217015,0.4472548043323059,1.4725694673380354,0.6738352293689674,1.314452513893637,0.1554869418274308,1.106401472522486,0.1729150360532769,0.030783309469275055,0.2602521395055275,0.11645635273446661,0.6293276938037407,0.06568751432121786,0.0631547389344003,0.06950954112554852,0.6584825079227761,0.0,0.0
15.0,155.72400354544814,295.5116357854697,101647.5810258532,9.638108456249249,180,1.3090258393444019,0.6075370572410632,0.09518695546562439,0.03347872503519483,0.3362484124465378,0.0,0.0,1.0163203834923793,0.15565755167015688,0.8364416369304598,0.3507961563229385,0.08540543111868529,0.032606039419362104,0.09419372940901516,2.4659859028064135,0.033398080977230876,0.9594595672642539,0.1552732650350796,0.7971807582584681,0.34415086430189307,0.45456939944125996,0.47626861740038484,0.9150377421735094,0.030984614190507586,0.03200611706041293,1.4407332105324138,0.46069063135949734,1.3736651697263,0.6340144786739903,1.3117087764480202,0.15526983916507855,1.1064836441421098,0.18029801874050333,0.03156396910459196,0.2521278567706888,0.1124939747311249,0.5902923485640726,0.05985032402225027,0.07074276070309118,0.06541774057561361,0.6264541092547719,0.0,0.0
15.0,84.51066909416288,291.4952491529948,101663.24289316975,7.821494284687066,180,1.2853451475591413,0.6127434268079374,0.08592073348087235,0.029620328049745962,0.31361819947169167,0.0,0.0,1.014175210900514,0.15548320414856062,0.8395350046148121,0.3508962138049039,0.08839079213808901,0.03187260500781737,0.08876870139497668,2.1715685636369213,0.033331438354778045,0.9788229555563477,0.1549481437651908,0.7997075700829647,0.3628890579006731,0.4897862023599808,0.4499370767625092,1.1716452251043874,0.030378188548785105,0.029863990261274787,1.6667679237495323,0.46046442145693667,1.2860673549582213,0.578316859513152,1.2755701211528356,0.1553729242571979,1.1067493179419512,0.17621313606237732,0.03527281028048483,0.24242912216065546,0.09913872475196163,0.6075484127865898,0.06583247653929215,0.06507097497815582,0.07332563183097292,0.6382416838140109,0.0,0.0
15.0,88.6311516146397,284.2391645929449,102033.10887239437,7.693905730012171,180,1.2944533806063103,0.6086334077141895,0.08818906481011303,0.03036944520124752,0.3339947362648414,0.0,0.0,1.0744056901060768,0.15567886532008335,0.8397607080402691,0.3726050370261044,0.08270400373047458,0.03247621573464356,0.08617123263257888,2.242286051615046,0.034293701131431015,0.9716424863543869,0.1552871492667503,0.7978158194939838,0.3337769146980738,0.4597993261829594,0.488255667428341,1.3891850391354237,0.03135363934882719,0.030412071245016267,1.556238748771967,0.48383152323444434,1.3080603143561358,0.658252838534296,1.2786496019652835,0.1553101115950332,1.1078845680158609,0.18395291210967582,0.03128613501891318,0.21758273161498445,0.11426218474777652,0.6603196029778725,0.06221252890970724,0.06885148767472057,0.06755775340472868,0.578827621558971,0.0,0.0
15.0,76.91011056484629,293.07913081860585,101603.3104629191,6.305202548583882,180,1.404337331327031,0.6106546615210924,0.0971252418221144,0.03178498201124544,0.29672726537347605,0.0,0.0,1.1440455233153581,0.1558527268724617,0.8389932292862432,0.35355640541710986,0.09260378095899048,0.032179000263320934,0.08913352318572258,2.31230112354113,0.03384258135015299,1.0373963189135051,0.1552209757908242,0.800477544273001,0.37801361042461623,0.4752426174468868,0.4449435159388015,1.3118194716049005,0.03110165893930188,0.03262623032123312,1.4798970765781367,0.44140151135668404,1.2436466822130443,0.623805134060475,1.2226967266763862,0.1556024871643233,1.1030158695667918,0.1616582165920118,0.034399911624019154,0.23563570392563343,0.11490714569967725,0.6273764454629169,0.06359237843236583,0.06921153435909115,0.06620770187484981,0.6711046856780526,0.0,0.0
15.0,175.97422775161542,284.11785244105454,101519.71897199203,9.370033388229158,180,1.3720144656767939,0.610720772306304,0.08379715828561049,0.03153482526198779,0.31517246701833274,0.0,0.0,0.9563578507282962,0.1556379489548497,0.8392922774311632,0.3432635504221092,0.08343285298824059,0.03364325533345537,0.09049067466631568,1.8508873398733,0.03040402936943848,0.897815848206671,0.15567389565596762,0.8002013484789351,0.3742126050468855,0.5082529345857312,0.4542364246046239,1.1308630483018969,0.03026570527243816,0.034486272731569186,1.535257759912672,0.43728765696510685,1.295330761582223,0.5844204923502494,1.3927672155827178,0.15579602560214112,1.1028648346970962,0.17458067837029223,0.03331905199357987,0.22324839344295946,0.10665068139521311,0.6154843604979161,0.06734759308276382,0.06295869540630375,0.06909909414744432,0.6324601358473173,0.0,0.0
15.0,77.40061172775316,291.25068564336533,101513.23308573321,9.832118339423527,180,1.268560952744793,0.6106695081510258,0.09285354572127548,0.030126376834844742,0.3206724990710227,0.0,0.0,0.8820610109866209,0.1558817409203247,0.8365240616318935,0.37883102089882176,0.0909460657899353,0.03198624527890909,0.09554618816545626,2.012492831332741,0.03179536255933675,0.9575598265146597,0.1553967380991326,0.7984508697721239,0.3604390761659331,0.49329569290116354,0.502235033201362,1.3373517930760925,0.033047009364198826,0.032428135137784024,1.3677829313557441,0.4623843626796343,1.3645207702110682,0.6308309901164685,1.3951776762317714,0.15523837016514191,1.1055276372150578,0.17721477908825134,0.03261017226794424,0.22444253281113397,0.11499413850827046,0.7058404787126125,0.06971313486060886,0.06548559499215748,0.0694801113943501,0.5932520960712955,0.0,0.0
15.0,339.53187989513805,288.53978468098313,101403.64457725102,5.710692013328088,180,1.4571783709609314,0.6098517030252019,0.09574375654285554,0.032214181214221566,0.31823964554103107,0.0,0.0,1.0518021560798896,0.15554746074870127,0.8395852668311056,0.3817359629107001,0.08937501986880679,0.029143896438821208,0.09239635891140377,2.620322588455367,0.030064529383540865,1.0680640481799597,0.15499116657865147,0.7989214763359442,0.3827661930453029,0.47848048913214236,0.4509511910762292,1.2415198130159557,0.0334862640659014,0.031324221211103946,1.692464508485516,0.47598544256914327,1.3923841132038515,0.6618884586214767,1.4037815565513179,0.1551981581114069,1.104585253148624,0.17502904682806952,0.03039421578890402,0.23451070287719497,0.10407066305237292,0.615034460685356,0.06827865833373344,0.06680947739160976,0.06964490280132016,0.665188610419755,0.0,0.0
15.0,269.3920212675215,283.606635150553,101740.71981192972,6.928862520078962,180,1.4149518704320425,0.6087446574615428,0.08355738824296888,0.0290759973526219,0.29332031291679433,0.0,0.0,1.0690669449194834,0.15554240284806894,0.8392736024080946,0.36943799582417225,0.083524480574744,0.03203142377938122,0.08580235890603453,2.146380395417115,0.03324345970414451,0.9600387776668781,0.15564951851718678,0.8014233158073872,0.34980426412289073,0.4998706109769493,0.45220570849233543,1.5336715573207818,0.029898248528300926,0.029251718266247995,1.5842460971614813,0.4382026287949825,1.3042688206183544,0.5908771741917479,1.4975689380337383,0.15558939389622076,1.1044677592782661,0.1676638067806617,0.030418722062768903,0.23998675572010103,0.11070945458149374,0.6195498511128369,0.06621307597161816,0.0685657590958373,0.06701162368125696,0.6035457735142518,0.0,0.0
15.0,83.31656884549356,283.0385579229092,102248.88841713661,6.269125161132609,180,1.3329191123457964,0.6088111942062473,0.0960731509318667,0.03223849285477211,0.2973325355852163,0.0,0.0,0.9591624316527022,0.15533885796678998,0.8339784007266179,0.3602244725172664,0.09011517416380808,0.03091414195189239,0.0899527988039742,2.2339502729777436,0.03139034075846966,0.9952618480056645,0.1559048253495912,0.7970965384220627,0.3672854648256326,0.44286560952869497,0.4749938321770224,1.5835003249838329,0.028470120772872143,0.03372095686057631,1.5880790820985748,0.4390374602231154,1.4236648085703327,0.5890328194752307,1.3883092092674432,0.15525296318906553,1.108811955870744,0.19064574327724904,0.030375090080686343,0.24839472739430685,0.11971824547330527,0.5916926331086161,0.07126349045617918,0.06948483460090725,0.06773500036807752,0.613331206349162,0.0,0.0
15.0,55.97747803877426,294.19317044157475,100644.73209119846,8.376781978019423,180,1.383769190962016,0.6108900263615771,0.08888131239851998,0.035091962062357145,0.3178476212215407,0.0,0.0,1.0682215257188907,0.1555562584143505,0.8399934397073674,0.3816973533785241,0.08559524135430276,0.03301695170482149,0.0788609692600602,2.0696533437604114,0.03140914039538981,0.9963496693018135,0.1555628427213522,0.7971627251229583,0.37901140432296054,0.4786564081801214,0.47268944303401295,1.31476614647953,0.03165390969840556,0.03338130098855766,1.384081320743067,0.44706669901498275,1.408318845336657,0.6308053707866329,1.5252793001434408,0.15572518534972102,1.10415090911112,0.19137999906892936,0.033183689967089584,0.22208557000141413,0.10553999482035442,0.6151915098386643,0.06758132666720885,0.07972682247959217,0.07720579267606864,0.5955830820024833,0.0,0.0
15.0,274.85086351143,295.66528044692143,101120.41673255987,5.940412984126891,180,1.4059735941466678,0.609573274483241,0.08461823196316565,0.03212012392196617,0.3177671643804613,0.0,0.0,0.9760296192956521,0.15555019872969128,0.8372940095509501,0.3560126457512892,0.08475483797922803,0.02972116654231631,0.09083067100291896,2.26404958933263,0.03239062156222939,0.9830277053931008,0.1553781511049775,0.8013257451449074,0.3877061139512746,0.5104136336353495,0.4666661451268087,1.198532964862408,0.03384742685757138,0.03214748064491572,1.3272949399847842,0.46683418256198816,1.2954813942791967,0.6456990568604428,1.2929454305577388,0.15544872076614474,1.1029388547463626,0.1812142251049297,0.033062663638838155,0.23561881988100605,0.11365759016882133,0.6069514515160325,0.06699226369691808,0.06942951782219588,0.06342721649206359,0.6238595869804324,0.0,0.0
15.0,202.66066705838546,294.1707979939095,100983.72274764057,6.180935915900639,180,1.3713755869987903,0.6141536586650157,0.09325679158738706,0.032076355382945565,0.3195536737868073,0.0,0.0,1.002427611959943,0.1554104019466733,0.8374343890594649,0.37913963463849354,0.09111605689955483,0.030707324192297266,0.08721474515710947,2.3647214407922243,0.032856075666466436,0.950751650588806,0.15585924806805457,0.7993985612338556,0.36134167567490494,0.4540882826559739,0.43536721071537426,1.5869925972126246,0.03139467430020495,0.02962510398584766,1.4833791677501793,0.48318052206739914,1.278061091763614,0.6530935856905556,1.3110724615766143,0.1555470793875455,1.0988959255704245,0.18556966535012442,0.03390079984098025,0.2377888456634335,0.11504276187186369,0.6180365345139582,0.0660590502371033,0.06626959545858196,0.072298779618159,0.5804102916457429,0.0,0.0
15.0,82.90438253367478,291.8383764264666,101617.4160579034,8.672721394647612,180,1.318163004680919,0.6056511496273395,0.09052124372729164,0.029864713834957115,0.3410106018953239,0.0,0.0,0.9703562762476052,0.15551879011000785,0.8379810770901909,0.38210551713138496,0.08840578255604918,0.029254194260073706,0.09567262983443824,2.53073359412983,0.033946554928516226,0.9502462899192029,0.1552454166059594,0.8045760388176708,0.3804162212402832,0.46007334772134173,0.44696741480079866,1.3969337866447422,0.030713575495304946,0.03050372966421262,1.6282016135123054,0.42276603453356426,1.3174504280775259,0.6313999993378826,1.4304982442572003,0.1551415014244854,1.09962376989508,0.17853173222602625,0.03130816444339222,0.24706000925006427,0.11613462937043804,0.6214539320760628,0.06742684776125224,0.06979667747752652,0.0684322512391373,0.6273601056529415,0.0,0.0
15.0,254.0324376837199,283.3772354839975,101098.96491819095,5.493200682275935,180,1.48038272091426,0.6084838170671669,0.08852495282371917,0.03039758375145123,0.3276644065851507,0.0,0.0,0.9724486799252267,0.15601642155104156,0.83698837796219,0.3824085115492248,0.08856364866490349,0.03188329021762836,0.0909329541149429,2.0853095791060885,0.032955708196360955,1.0603907853127392,0.1552904044293026,0.8012431187999451,0.3671164321122894,0.48978125618154306,0.4686295795456336,1.5251192595103145,0.03060060506783482,0.03230121059625904,1.412512860668528,0.42622982979172747,1.4091435345153762,0.5985548411767159,1.2520508943721205,0.1549598582272814,1.1093643640515534,0.17937736577423466,0.034388566697054423,0.21679442342400684,0.11448484787635581,0.5648076656583224,0.06813335562637145,0.07253600859213684,0.07097573233239415,0.5976465051514835,0.0,0.0
15.0,145.77726857865434,294.98595315266226,102225.35213380959,8.177829383261855,180,1.4170718956147896,0.6094989955827415,0.08720002947546134,0.03387746410920387,0.30518198460453183,0.0,0.0,1.0113192772454354,0.15566766886617017,0.8380971797634343,0.34663802024699,0.08990603917489233,0.03147031050168815,0.09663583818633366,2.388393907064802,0.032108241122071404,0.9620127544360227,0.15481449414905954,0.8053103707144651,0.37277040146275126,0.48169112197397973,0.46746574188521917,1.5015273550477901,0.029524620002307194,0.03248625083070838,1.4532816579871801,0.4486695825365041,1.3239412435523474,0.6330870282505873,1.3870717707844056,0.15528012524129983,1.1074980699232988,0.18790857185576348,0.031985529863196485,0.22082261611030593,0.10643776791371883,0.6213437995706773,0.06291535433298087,0.06839710410572815,0.06481253675551209,0.5692621372083427,0.0,0.0
15.0,335.03179304330826,289.07336101405485,101357.35665977081,6.915595069264616,180,1.2563983356092192,0.6084284276106783,0.08604338157234709,0.02953483681239316,0.3317253400824384,0.0,0.0,1.0940362993118111,0.15525328256671808,0.8378470573426521,0.39729239045462755,0.09244852503834686,0.028962638130605907,0.08920851240486645,2.2944195846783764,0.03143654347835906,0.8615127378736434,0.15581201073514137,0.801827745528794,0.36251983062036164,0.5050112695608819,0.457914073086865,1.381564661951104,0.0319098136307992,0.028851787961718,1.5330484610603798,0.4650467035114597,1.4386925422745294,0.7003641990726762,1.418345838797107,0.15541287626674108,1.102377073289792,0.17092539527177275,0.03294922087341048,0.2325046715737165,0.10394539102314396,0.5844894533233829,0.07344555324625827,0.07106549143447792,0.06448891694611457,0.5562576428073336,0.0,0.0
15.0,169.33863254511056,283.80401631603604,102081.29005967492,5.589804742774432,180,1.3085029212870811,0.6135910557779174,0.09348760492547666,0.032230825569233054,0.333761505147451,0.0,0.0,0.9341990766014969,0.15538514058500213,0.838309770388143,0.39521435887682155,0.0864896355686439,0.034575276107084156,0.08261862063081349,2.729401009804329,0.03134226747326263,0.9687262300829416,0.1556252116640004,0.8022722469656227,0.3607166715989931,0.46066321177265207,0.4504238866451767,1.6891332094359133,0.03206711781556372,0.033014230068352704,1.5597411576493387,0.4503153932435893,1.4826810305448719,0.6018768602511644,1.348050239253749,0.15575139673040128,1.1080548334294806,0.16986332068570656,0.031151758602217763,0.2373044135129841,0.11931281321500489,0.6625976672578766,0.06836284239969523,0.0681915620691411,0.06769471459465738,0.6105938715647218,0.0,0.0
15.0,232.12270504814953,298.12849367741944,102194.90931469937,7.49784126012581,180,1.3269164089873664,0.6108443784993652,0.0876862063881939,0.029609204085298504,0.3250262025468048,0.0,0.0,1.0631725376920036,0.15574604542137208,0.8362593314226006,0.3598963092425482,0.08854211574955241,0.03214398472574198,0.08828828123703558,2.352217216549408,0.031613715297686154,1.0175857922413998,0.15529372338301484,0.7980950153539191,0.36654808972676267,0.47793476784411754,0.4515112337000885,1.3392555588657742,0.03305522284435176,0.030433743275592697,1.4958432611180472,0.4497103140265196,1.3560359602978074,0.6642923069272658,1.430619679672527,0.1555072952017252,1.1025047218010133,0.1891804512429594,0.03296478841601132,0.20250274220389877,0.1086894397509819,0.6185841001305664,0.06735929410065715,0.06816308853695871,0.06802533119500206,0.6482760821275096,0.0,0.0
15.0,12.998604912218855,293.14744321406073,101806.316786438,7.578818645169166,180,1.3828291081054973,0.6097923136764817,0.09047034767822357,0.030856045114924867,0.28401805324599394,0.0,0.0,1.029856456386164,0.15557651835615624,0.8387844145535852,0.4023018331654279,0.09115013266231499,0.032831810461272655,0.0893862442975887,2.0329773732128618,0.028265133702785467,0.9401404933070315,0.15542083631817535,0.8013734831949666,0.37939467158973245,0.5056719806591861,0.45838151142863853,1.343036231457376,0.02951181328851912,0.03223081252735863,1.4627585325623864,0.4459747420617563,1.362180343572199,0.5892309835627817,1.3105206770692555,0.15569924071505084,1.1093670706587633,0.1700382606867598,0.03008207933666589,0.2230938540262006,0.10585799282892372,0.5937978517010172,0.06386801447782492,0.06865789404656776,0.0729610218039365,0.6238340613951427,0.0,0.0
15.0,50.63591978353037,284.9493047931753,101658.67913898767,9.938629698568704,180,1.3782273124226534,0.6064399135180942,0.10134359593147108,0.032693039360477245,0.32480548337138315,0.0,0.0,0.9838807311602689,0.15514000585618046,0.8412319682635927,0.39831339971811275,0.09718405993553222,0.03264945026102334,0.09513357634538164,2.338785552431747,0.030972992358170363,1.0398714336367925,0.1552221760915804,0.7957505383478776,0.36448730155448544,0.4563400034366995,0.45601332283422824,1.519320254487831,0.031976207614540834,0.03171861338814684,1.5267738478019521,0.4279104011272905,1.312765752472468,0.6351440119065034,1.227418557020517,0.1556982978713781,1.1011948762844754,0.17547727256660817,0.03268225453906671,0.2438933461348117,0.1107155993606175,0.6080138633038229,0.0677137156817173,0.06787462267023597,0.07438663159102474,0.6614143180217603,0.0,0.0
15.0,42.41217507057479,301.9365045328139,101540.72990422262,5.679946442957976,180,1.4012217034131966,0.6113204621918059,0.08608776067342062,0.029843091771369415,0.3034522539919383,0.0,0.0,1.0036896286246613,0.15541181745774937,0.8351475607593298,0.3749581745879561,0.08840324283975083,0.03156851631949821,0.0808886844430043,2.0573087555711354,0.029991502154321933,1.0590718756857562,0.15568087195947589,0.7977494342462215,0.3531251824394261,0.5030291381660928,0.5018233608985161,1.206887522278908,0.0292950547443493,0.03364851375169933,1.4617947953610742,0.46081054807113797,1.3686089190836206,0.6680997797436352,1.3550598455724177,0.15560782067617454,1.1055660383788335,0.17486822804271718,0.031975397380123324,0.23076612411377465,0.10340341119011837,0.6273710174452372,0.06625431791373063,0.06987796949934148,0.06214006692874118,0.6446248454031883,0.0,0.0
15.0,178.3446456328649,293.06690449262754,101450.63510004434,8.68121662716755,180,1.2211846612534378,0.6081096391537745,0.08437267606411378,0.03250516524563107,0.31217712254692204,0.0,0.0,1.0954370086379,0.1559456593208908,0.8385098044653824,0.38036199037089385,0.08878811495905331,0.030372978908317173,0.08767204707139598,2.7526869431235306,0.031188164956197778,0.9239466241544118,0.15546436795421284,0.7993941490581609,0.38728864448279177,0.47314018106596073,0.4792630712191492,1.5474733599601262,0.03162540770033667,0.030642941239155296,1.6399438466014,0.43723268474460625,1.428673485633675,0.5495033092613596,1.3224290212182264,0.15563806163124252,1.100954923800837,0.18588579287804596,0.032182802066671796,0.230832508946721,0.11836158740449096,0.6225681567501079,0.06814975061558057,0.06046071200208137,0.06702021736548437,0.6488818487112641,0.0,0.0
15.0,59.575892403027915,286.1166526616662,101130.53303547442,5.576545542660889,180,1.277337716006068,0.6102574408386161,0.09603911147013883,0.03125061901132427,0.28505486292764975,0.0,0.0,1.0570750184590363,0.15521917056331005,0.8380679884978571,0.3709388269442368,0.09673238638218652,0.030692879404256884,0.09118758506646954,2.560904881451443,0.031727778696286485,0.9365296316305632,0.1558849742647317,0.7994705994794389,0.34791104093417063,0.4243247735563728,0.4559533530889508,1.5778329579571246,0.03290963393093153,0.0310646887619055,1.6972538545467966,0.47244751414871494,1.3646750477036502,0.6047948108333006,1.3309662172652907,0.15516241568507583,1.1056039318483013,0.1646404067278214,0.03228206618922745,0.22934603832155903,0.11235819342348122,0.6251269222348985,0.07178807475476509,0.0660092565559544,0.06081292166706712,0.5936949144681564,0.0,0.0
15.0,179.86657836610806,284.5101213646986,101886.45962535511,6.18075228676668,180,1.422410487996343,0.6133612712720149,0.08983323140355118,0.030111033155992787,0.2934209092126028,0.0,0.0,1.0413197772328144,0.155854602111118,0.8367261526073908,0.3837534663393091,0.08949793643246555,0.02932069667045497,0.08871606422039573,1.7950603195714303,0.03234723903837801,0.9415600842802927,0.15521415581207057,0.7970926307794962,0.3661074271829851,0.4512063850418392,0.4534041498379457,1.1419044501916003,0.03552342483909094,0.03306498916757373,1.5377238495307974,0.41331393886956275,1.371945802736662,0.5568621675481419,1.23929014530241,0.15531062728222841,1.1027732651174196,0.176719155053829,0.029848950965223123,0.23835511350511848,0.11250551524384926,0.5947376222826355,0.06638807204828222,0.05964710797285899,0.06771894267207733,0.5961945539940683,0.0,0.0
15.0,282.7171478663444,294.2026810990358,101474.56684703464,5.483068733524162,180,1.4089888950157616,0.6112396514156271,0.08733580242908993,0.03492414684884604,0.32502558967402706,0.0,0.0,0.994770583223922,0.15513523704004606,0.8357265171185101,0.3311680267558501,0.08685642950313052,0.03434072043088318,0.08474751098151818,2.3929802493679597,0.03306218629535298,0.9684065043210317,0.15541762673477205,0.8009162897854448,0.3612953471912863,0.4988982578046182,0.4601210741441001,1.4034108930903004,0.032901622575569334,0.032825143038873884,1.561855464031238,0.4377882377638244,1.3647254043486123,0.6093682043255376,1.3983896234310849,0.15545369426622385,1.1020744948967645,0.17250787037590906,0.028394778250573856,0.24522379400996344,0.11513374327019282,0.637276407148729,0.06389811470671591,0.059805470200923874,0.0652907502707708,0.6408043471717249,0.0,0.0
15.0,197.3558632812924,297.2725645694586,101419.43511019973,7.392512446136736,180,1.4070396331616049,0.6170534583524918,0.09645045824300055,0.031688870548590355,0.3042103529206129,0.0,0.0,1.0762244849310403,0.15549817560626403,0.8323222505322019,0.37056714498725835,0.08868691645949697,0.03152597583587357,0.08988008831383183,2.550755548021314,0.030361787011794625,0.9702519550396502,0.15540770686669786,0.801745708655736,0.4009716171741362,0.48445537899228114,0.439318979889357,1.3684024900618572,0.02977619068197685,0.0333999619967006,1.4741677253774277,0.5172504553169487,1.3382979117771108,0.5964111887574655,1.4230085161290915,0.1552196605512405,1.104405245527591,0.1900005255326784,0.031229281550066424,0.22963362153950925,0.10150013119264756,0.5914676887283529,0.0707924888295492,0.07339913413367999,0.07350380210429,0.5949625285909923,0.0,0.0
15.0,67.7899187794313,286.5469616127759,101286.09774664653,9.194358420318808,180,1.3751408195395318,0.6151368390994714,0.09174461572008827,0.02887504498654466,0.30046811253658606,0.0,0.0,1.0635434347249995,0.15538769213586406,0.838742013685904,0.35178445615519754,0.08100648735423245,0.031851749688269655,0.09126057772670895,2.4803660500377185,0.028530797455297626,1.0015334943615797,0.15504435672743447,0.8036203776571191,0.3798216143538055,0.4760118390145481,0.4551156803881534,1.3816930457376688,0.03135871268623968,0.03164210496136257,1.5924617525709928,0.47975490593058057,1.3394809319687992,0.650110024882072,1.2904012484022152,0.15587111662705652,1.1058413812794377,0.17212494377359094,0.03243194379460592,0.22882707943033437,0.10368269825705706,0.618876090613178,0.06629385286205583,0.07157290482007785,0.07317385563098819,0.61008139581387,0.0,0.0
15.0,352.24329670182897,286.8615715004592,101840.98372416575,9.961959328041184,180,1.4308858071694386,0.6117295903804774,0.08660920686720874,0.03034388075380265,0.30066901798657875,0.0,0.0,1.0867202761724353,0.15525820525730816,0.8361041236309071,0.4077367860580293,0.08574211302156601,0.030504483931915856,0.09281189581316097,2.139546430056218,0.032319132228077876,0.9691029860671442,0.1557602591961516,0.798085539001268,0.3874396929178482,0.4867928114211296,0.4882376148429616,1.2382534973672124,0.03261954584901393,0.03332444283867208,1.5999038416691107,0.4354886010270793,1.3422650958745708,0.609775220270556,1.5159813165374676,0.1557182375248904,1.1045325947528302,0.18116147871257715,0.031158575966323623,0.23747000737790716,0.10671116625340485,0.5998433570463395,0.06793589091163987,0.06699835295732491,0.06396673187676119,0.6421674042872355,0.0,0.0
15.0,54.11038901972017,295.2046221170226,101920.35186732396,9.762853408712825,180,1.3077048313354585,0.6113809834445145,0.09693958119483521,0.031074372066640266,0.2801828472240853,0.0,0.0,1.0346432286233684,0.15602982564230378,0.836183003417628,0.36863591504195686,0.09189317630594425,0.03217114041387825,0.0867675926077238,2.6055046330941036,0.03343670624102043,0.9773046513965328,0.15547799894666936,0.7987987778197404,0.3695227093091265,0.44474671435304153,0.4665176695504572,1.261910325858217,0.033540231399432914,0.03219333782347346,1.5974762385688739,0.4517083875852941,1.3376336771650155,0.6293237200149954,1.123277527280491,0.15542534019082915,1.1047173507802892,0.16068701113752176,0.030214199590625924,0.24575822887375837,0.11985125836254493,0.6065193151040613,0.06925052906586163,0.06824144780215956,0.07224350976433053,0.6253198228314434,0.0,0.0
15.0,109.49875555528166,299.78202572079533,101842.84848713673,6.832304507247297,180,1.4144475241787646,0.6146341631641885,0.0936094285955674,0.033100105296993206,0.3028808991187675,0.0,0.0,1.0405701923167678,0.15529346862525106,0.8348425351346854,0.3675423143687084,0.09005506259426863,0.03136991715912068,0.09829436718390692,2.243819674481204,0.030647008376933387,1.0486564466148671,0.1552668430665289,0.7973002755084431,0.3348511622183441,0.4797708965856977,0.48679052857104027,1.3509914965257377,0.030410374017664735,0.033688400556444294,1.4629436664237918,0.4627023956557538,1.3529293198562793,0.5970231524177991,1.3686665603768657,0.15534568632529014,1.1043264419622658,0.18716213582407598,0.03367166509741749,0.24805483976883802,0.10041924277322103,0.5881254269747812,0.07188198770590694,0.07298032515001643,0.07050785174129667,0.6171610603866439,0.0,0.0
15.0,193.2500945617177,288.57342330367874,101635.62808355043,6.928823281286756,180,1.3177093421522206,0.6118620953093649,0.09159865613519477,0.03167476768154724,0.2960369018411807,0.0,0.0,1.1270833163503953,0.15512801709164736,0.8371683132911102,0.37199334314310073,0.09481957899284024,0.034198727839148985,0.0886527073467092,2.5878979703456197,0.029421105773377754,0.9917272664405586,0.15532342383606162,0.8010302040686063,0.36550118141762256,0.4930404823960497,0.49488228737678797,1.520780346600617,0.033708775003210026,0.03214198916001396,1.5562743820716867,0.43846965264086385,1.3986087088870707,0.6798321712288344,1.4095679034882869,0.15555400676071654,1.107396938399749,0.1786637900480422,0.03208547192309886,0.24891721751622992,0.10749349038830104,0.6467083716590137,0.06231779670831112,0.06391043244183835,0.06294900336726385,0.6247493141542321,0.0,0.0
15.0,39.86037472837247,300.2040729477632,101492.5994170743,5.7815877143945125,180,1.3787470355339786,0.6051527807396729,0.08638633792843152,0.03018966495716619,0.29456576795200196,0.0,0.0,1.0509082722417478,0.15576950906961867,0.8424448711996282,0.3803370047547014,0.08979892851558759,0.032663116608350515,0.0909049656870176,2.368035509095589,0.03138317455874011,0.9161229048313364,0.1552254934448729,0.8010008589940334,0.36243929120031565,0.46783438810991657,0.4258477796340651,1.2551329996954161,0.030253005377153235,0.030526552747320218,1.4807745914311579,0.46316173062329674,1.323715382506824,0.5808359946560063,1.3183901670428597,0.1557562428945475,1.1031358591551863,0.1776139231008304,0.03300244628053534,0.2507650419973838,0.11091088727094156,0.6164480354660457,0.0793935953338648,0.06775345797435976,0.06525173989286485,0.6402517305908492,0.0,0.0
15.0,0.0576256771627337,284.4497818243291,101013.18491580774,8.40557793827856,180,1.4129649678645082,0.6098844951365574,0.09257697590357322,0.03362070765364926,0.34802604633142914,0.0,0.0,0.9044050019959061,0.1551408046161409,0.8415154054563961,0.3514939938341551,0.09142950205502906,0.02917900067393309,0.0785818391159158,2.244678816473799,0.02979501202531233,0.9527081117692003,0.15522904085883052,0.7975098089547533,0.36114051851796736,0.47543801772965655,0.469132253199018,1.2915666773420342,0.03315958676931285,0.033421890530221154,1.5460286419591567,0.4618045424272311,1.3292441627162883,0.6130757047847112,1.4121342712037699,0.15576413427324276,1.1036940624193772,0.17663392162462746,0.03131806153793708,0.2527073076537276,0.11071527402619241,0.6436944466813033,0.06575187592479653,0.0656670630045943,0.0662102537789653,0.6310888262848688,0.0,0.0
15.0,283.5504238367608,286.59710596754473,100598.65420379436,9.407902630884744,180,1.4425139003479153,0.6075471846623253,0.08599822886601366,0.031808259454417,0.3096948923542058,0.0,0.0,1.0233953440945935,0.1549965794719045,0.8395965829176011,0.3851824829297814,0.08149681422859527,0.03195847653226636,0.09014760200218942,2.5749027591007163,0.033230300645223046,1.047045370713376,0.15534000120569003,0.7976861106048492,0.36446391303856357,0.4538316927429845,0.47944970502829676,0.9898811382875545,0.03279974901570076,0.033453239070555016,1.4622592899030624,0.4600136193839291,1.2569768766673781,0.6479877461544232,1.3730140531510495,0.15514961295485136,1.1045775649831822,0.18133884323488625,0.03502631514941394,0.2482246601588495,0.10586925182769436,0.6132516663635917,0.06865977784487233,0.06181776815178801,0.06731523750498197,0.6732516781407994,0.0,0.0
15.0,294.4494666167784,298.00907959651,101708.4710523472,6.9663316006819045,180,1.3114064555035383,0.6078081335604402,0.08527787998397826,0.03197102452750579,0.3005455967211435,0.0,0.0,1.0127076952710539,0.1554646338000276,0.83616016194183,0.3229898314617025,0.09048279073600697,0.030547452634263592,0.08757867653117174,2.4986583887894103,0.03138991933764256,1.041182911113161,0.1557178449248252,0.7985029360835241,0.3710265522590253,0.47930422065407874,0.5059554086013673,1.2919576178516627,0.03197298186043437,0.0321826907661176,1.5494538427372495,0.4420072226328839,1.2847348557752136,0.5984840346754062,1.3468151189221225,0.1555920929495169,1.1053251099901622,0.1844730005052484,0.03136084443078389,0.2367632698887962,0.10406737746443787,0.6398225648981438,0.07158166938966073,0.07320316487060778,0.06269663565976265,0.5760206151200196,0.0,0.0
15.0,295.0063307395797,291.1199503048471,100923.13134697109,8.63199303921309,180,1.3727388836409744,0.6094132074307677,0.08883171669181998,0.030119957982159447,0.30045898543633554,0.0,0.0,1.0620710471013486,0.1555052182939268,0.8411339353198869,0.36726829399934346,0.09613473195582814,0.03362851625778387,0.09567145341501317,2.2899413301650617,0.03314264639702581,0.9194899392970768,0.15528322449707693,0.8011385255040459,0.3945348577540797,0.44784761505485016,0.49541043472672297,1.3897602603919585,0.03218830204888843,0.031363572580908515,1.6006859866057364,0.47269290916894996,1.3692532611298809,0.6592609668427182,1.299047020832235,0.15566070128115422,1.1068487525171709,0.1800652398291779,0.03194006194509225,0.2553595574571206,0.1097414683938936,0.6518415504437312,0.0658512073462047,0.06338113225656054,0.0730483057382694,0.6919932055044704,0.0,0.0
15.0,103.42651220244844,292.48922568102324,101208.80921014289,6.277641798929779,180,1.2627094554044085,0.6092429986811784,0.08477142561018472,0.030522975668923272,0.3110310542374336,0.0,0.0,0.9082051313683005,0.15561127410352685,0.8403810182939762,0.3549125002374287,0.09293773121217863,0.03169450031220591,0.08816533950333034,2.226120347409909,0.03147192401686219,0.9567646620533509,0.15535916272629538,0.7941772778551962,0.39209382950261346,0.4617008845174248,0.48557360408046063,1.289674193153174,0.03279396369076656,0.029797639420747295,1.6153554633378084,0.4179135808295162,1.3419227104144436,0.588325974944173,1.3677219569561105,0.15563226771154506,1.1000531486298888,0.17800469632606097,0.0320363063450118,0.22864608382212845,0.1089416717049587,0.6589010255633992,0.07076283715062015,0.06691301334085223,0.07274552046520756,0.6546313753476048,0.0,0.0
15.0,342.10175877973074,298.697455112127,101561.5003968202,8.093927614287074,180,1.398394284391228,0.6134371863773017,0.09366749159808013,0.034422624479354576,0.2968780302869452,0.0,0.0,1.0007197545780158,0.15590202931756406,0.8345813903291873,0.34571656875819173,0.08828875020600589,0.03180381169124857,0.09938239128865592,2.1375323353291504,0.030816355438040427,1.0697408242215654,0.15546814217117913,0.8028543165460049,0.37588505823052853,0.4407117349608597,0.4940383410004597,1.2503790223429303,0.027922649221062423,0.032003248393811155,1.6500958452917838,0.4500634906232558,1.4364658864977125,0.653050000179654,1.3771591719416,0.15561126071860168,1.1058804734970598,0.19046137896388496,0.029026944769636926,0.23263570515063672,0.10556216068260717,0.6148212363401305,0.07100031275974383,0.06788761092220937,0.06846993368945505,0.6288896468543769,0.0,0.0
15.0,7.428127106839235,290.04154996066893,101341.97857544167,7.9146535851502975,180,1.4222861223862928,0.6165339861612054,0.08276383173027102,0.030674242591271907,0.2902970873131818,0.0,0.0,0.95208370246628,0.15578812607324863,0.834400794768942,0.39254587052854717,0.09297615614697781,0.032086928637734276,0.08945953036435668,2.4269282153060177,0.03240272934499926,0.9444522642499815,0.155353028928419,0.8048251532476989,0.39728930427995507,0.47087619349135906,0.45863625388637286,1.3086537041715391,0.03091236915253289,0.0318899488705047,1.5428188400612515,0.44815286258529125,1.3338874946355541,0.599019132919176,1.4488527876727244,0.15488506148412165,1.104588345783855,0.17516724357437286,0.031076425679499416,0.2362369888978875,0.11387879848494759,0.6088795684132758,0.06489143380672051,0.07090785997668395,0.07140493175424793,0.6278724040030178,0.0,0.0
15.0,1.90531960534428,293.49662077437057,101490.97912874729,9.696847955263905,180,1.2866602981044315,0.6152268095601635,0.09206035741838044,0.029297842118541736,0.2818425433195864,0.0,0.0,0.9834884872233033,0.15546155290604033,0.836492535268585,0.35640343978747374,0.09298028763115768,0.03084739765700009,0.08973904924269736,2.2626637937216256,0.03362776395290519,0.9997420041629006,0.1554231088157958,0.8013423395559639,0.3263593765585756,0.4816793573123693,0.47659205545482214,1.0807809465322586,0.03289420323532723,0.0324254729942041,1.600249452317209,0.46581386923499674,1.3798941063098336,0.6792525131904824,1.3908404799277334,0.1557790432728908,1.1006850089189737,0.17895671972763436,0.031407040971236165,0.23505838579448304,0.1108368721846316,0.6911538664623983,0.06791153242720425,0.06771840088055182,0.07306205424446016,0.5674404323524906,0.0,0.0
15.0,263.91958615901643,286.35722185528243,100927.82411941777,9.02108560054042,180,1.2730956448944253,0.6123986425606565,0.09390312382277408,0.02981121771010509,0.3198465761676302,0.0,0.0,0.9994279601628397,0.1555499021942523,0.8382402270440257,0.3378200732863422,0.09186503399059327,0.03130622110387958,0.09713749616672135,2.207908279650671,0.033550692777400394,0.8324976808017602,0.15527289964243168,0.8022991405993715,0.36787879038944266,0.465948784813117,0.45072973654285736,1.7595289660775562,0.02970902710387229,0.031014668229635216,1.5252478041214566,0.4714782198168264,1.4122201663492353,0.5722798065533836,1.4139382885024063,0.15568414267762679,1.1064766230753047,0.1649321633117906,0.032578399127970906,0.24012230551915928,0.10482346206971302,0.5995004192844412,0.06531263092372526,0.06719109432097013,0.07239316052319057,0.6002062045906178,0.0,0.0
15.0,326.637748729839,292.68314383700874,101172.32348316193,5.460303409653546,180,1.3596319249506572,0.6050988854177693,0.0858343793444571,0.0323143166891573,0.3419711011325157,0.0,0.0,0.9855479912672264,0.1551915879897005,0.8409698589620462,0.36315925362832235,0.09471072640052695,0.03179617354548581,0.09018350391876696,1.9382971896936751,0.03211798203128511,0.9249906903670136,0.15532125146621412,0.8024435442791725,0.34380338342611516,0.4415548094641183,0.5155011602656078,1.327520986301945,0.03138386420815158,0.030742560306901975,1.7226954631392704,0.47727729920326084,1.3659723450793313,0.5950110684511849,1.3656165385555927,0.15520639760857327,1.1030317212440235,0.1567806183946648,0.033196270366452486,0.24770486739910208,0.10885141899230785,0.6150010476633702,0.0649424769330874,0.06974108365655994,0.0697545077434206,0.6488264239459006,0.0,0.0
15.0,184.18668392102722,289.01319144920313,101200.61188574848,7.1722860624554405,180,1.344102719834827,0.6092820710423564,0.08483723887217834,0.031493499225745986,0.31136305212472015,0.0,0.0,1.0670803009081549,0.15587498832202376,0.8348439019245709,0.3677834084506357,0.08136980091242782,0.02941032622087415,0.08488328894150271,2.484169046198448,0.031526847101107515,1.0060538012594273,0.15513714041195042,0.7973258161238622,0.36187772600824325,0.47369072258579636,0.430846105574808,1.314563187219268,0.03297841188060201,0.031802476295893355,1.5331437060836592,0.4949909350664213,1.3649420097477072,0.6758473100733893,1.4308151902393726,0.15529225055631976,1.1069911784688065,0.19124480187681994,0.032555967403622675,0.24082988343914913,0.0950265797472771,0.5868167451022789,0.06668301930509246,0.06642668059989237,0.07014067527391772,0.6217156126022185,0.0,0.0
15.0,190.85604158547903,294.7681963649999,101795.93126356303,9.798213868895196,180,1.3691933648082237,0.6086132238900105,0.0870712859665655,0.03101590492626043,0.28607073079700257,0.0,0.0,1.0156148366784161,0.15563540259596773,0.8347822326665406,0.39532489212867206,0.08275086928018993,0.03265151127320038,0.08830250688490154,2.1410294885530243,0.03292841223903359,0.8856570196911143,0.15549697293804904,0.8004791766395067,0.36207623085687507,0.4931430604708777,0.4481663910396184,1.2715813212091354,0.030341554570873164,0.034070874294009304,1.6288752554798849,0.4627605306107003,1.4114986468220758,0.6423149127849941,1.4027481058435174,0.15541413849973856,1.109044917737618,0.1847110863669465,0.03353739549215337,0.2517687139666574,0.10865221458506609,0.602345480515581,0.07037209710221097,0.06389135080066036,0.0710152422005475,0.6108449677965013,0.0,0.0
15.0,95.7588538687315,299.8998984650293,100744.89361645213,5.800250728140633,180,1.3471616193948563,0.6068340579991339,0.0914722201115403,0.03211458412321747,0.30294980234334945,0.0,0.0,1.0234576856057882,0.1559019164884771,0.8364051638264587,0.37289370528675564,0.08934853199933157,0.03017119148137906,0.08111459060566595,2.6800175662642274,0.03112337410041001,0.8707012640061816,0.15544886010766135,0.7980213277765673,0.35002359647497516,0.4659126265544843,0.47181248704393486,1.4128770808527924,0.031059901008919904,0.03097252813680295,1.5610514588428501,0.46399888412606444,1.4140971065449972,0.6003505394768415,1.4221058452496966,0.15583907535344957,1.102666161563016,0.174231099040685,0.03359251769023618,0.2427240054804262,0.10100273867685373,0.6798594216690332,0.06235850737950938,0.07291253568999093,0.07065464293945302,0.6335631067426524,0.0,0.0
15.0,207.25720882063777,298.973732946908,102060.38427424962,8.973177994669536,180,1.3879650878886953,0.6100088825630869,0.08777571161071641,0.03314242235766051,0.2946889867284983,0.0,0.0,1.031706213369883,0.15569161215440694,0.8379022809073248,0.37546067382570647,0.09490630567987256,0.02929342146488973,0.09067534741410396,1.9577052024969837,0.033064599252121504,1.018446422740418,0.15536027008578515,0.8033265612683684,0.39149710209628513,0.49236638015242923,0.46840239101107906,1.286302642086873,0.032421333662039586,0.031646587597289125,1.4571519297131208,0.4293874614503829,1.3783634597901457,0.6377353488928424,1.2926869225480722,0.15544998943901717,1.1025116624542861,0.18658233928676543,0.032432579918147644,0.22647240315981157,0.11487611440450993,0.6059363433581351,0.07503617443154169,0.06934312904414851,0.06660388552959635,0.5614534718848753,0.0,0.0
15.0,69.48947309274658,300.83865182697417,100703.36236716926,9.495215714366458,180,1.3582258258884685,0.61332029238901,0.09647426795892311,0.03019201466060967,0.29643074175048617,0.0,0.0,1.0594384496240798,0.15498966883048237,0.837062997338931,0.380037240049296,0.09029689380415394,0.03222588120210643,0.09146771027227814,2.22332911456218,0.03470289028600387,0.9874896561878347,0.15508794266972406,0.8042371941687706,0.3634913644840387,0.4664342050617859,0.47448650191603764,1.2106302037042544,0.03135223114106803,0.031575179482430486,1.4571331724157475,0.46367920851846467,1.3537858082077254,0.639719377846324,1.4140856126289978,0.15539815936356074,1.10901460127893,0.16089773897423384,0.030159538854869918,0.22523682540157622,0.11256183985369721,0.6188106021051926,0.0692499371877806,0.06717903113787059,0.06027089279024398,0.6298413631015881,0.0,0.0
15.0,352.38162505595176,295.34582149525994,100898.53273080394,5.2132311623539245,180,1.3686120896335343,0.6098866202728803,0.08872709032126558,0.031316791347722306,0.30052458869415827,0.0,0.0,0.9398123725380962,0.15532072180424214,0.8444467490577637,0.35935256060296983,0.08943568858544959,0.03164635086580957,0.08742895084014478,2.413667826725342,0.029885200341048343,0.9559740025546166,0.15570739299679068,0.7981795425225858,0.3750781901064537,0.4821935426389852,0.4881339202900175,1.3905172642441646,0.03237754567782827,0.03165142762478068,1.5303915925560592,0.44097768452022107,1.3012998657659964,0.6477834970037131,1.3763972805468434,0.15552375901525511,1.1022904394132906,0.18532759646353442,0.030906514207218096,0.23415662838239268,0.11908875052565454,0.6355782873599336,0.07041274551900256,0.06886237274274823,0.06747642253883153,0.6204950374416202,0.0,0.0
15.0,315.977012709317,289.8198219535583,101638.61668601427,5.376731893118113,180,1.4230744887261373,0.6118781330507872,0.0849864836516336,0.03418845277156598,0.3081354593947614,0.0,0.0,1.0442192336570135,0.15542955434485486,0.8400620507697019,0.3999275430676424,0.09377061592380784,0.03385098040113864,0.09344121164476027,2.048243237452246,0.03267853258432416,1.031961734988929,0.1552116198346929,0.799013677124115,0.36825415439875914,0.45528382610186074,0.47378661555940293,1.3968381447894034,0.029265194970843608,0.02902415523100147,1.5213715125010094,0.4683104035011556,1.4540026009383207,0.6227332793529006,1.3442380325127483,0.15556662962716886,1.1045714865106335,0.17585678295560608,0.030904988902277903,0.25308097629627235,0.10791748495838915,0.6476438869050078,0.07421003561543887,0.06606612701968467,0.06677774256955342,0.6232421732636456,0.0,0.0
15.0,320.9261462756367,288.23616145716363,101130.75915837393,9.717204205688091,180,1.2893723313207406,0.6036469271370983,0.08451219311732087,0.03177416224064589,0.28837110154692136,0.0,0.0,1.0540072847526436,0.15526090502152132,0.8401219012242435,0.3204977564833632,0.0879365509009733,0.028539794908144366,0.0846468492270018,2.609063665713548,0.03332965219903029,0.9957878693790098,0.15499838591485302,0.7958413130586404,0.39212699880608265,0.5026485659151184,0.43466831553682106,1.1995592305921154,0.031422873758689414,0.030210176360575613,1.593370543933,0.45699609000263,1.2979607572505776,0.6138926921877991,1.3654641915387107,0.1555800008984181,1.1043858003834475,0.17442285098216662,0.03167638807944981,0.2324559196984584,0.11018265572955713,0.5885902856659946,0.06197228601479791,0.06391506799396772,0.0650930579367946,0.6624056369650004,0.0,0.0
15.0,114.0571218471561,300.0635895002537,101564.18742053487,6.319277605536361,180,1.3074992529724998,0.6084485528748962,0.08666503401746485,0.028596444955086193,0.2883901305186287,0.0,0.0,1.0611916929908396,0.15501717630398557,0.8391501666190602,0.38066673966852416,0.09455728935303431,0.03297118059339702,0.08410533796761926,2.3504800638391794,0.03004950689299983,0.9422957670783649,0.15566744270662883,0.800163386739544,0.3923328284203157,0.4213870941825368,0.5029226806718073,1.4980047428877534,0.03097449924758114,0.03134523497880604,1.5120884627213997,0.4477488198572393,1.3719296998054857,0.6135379690908773,1.4219119849542066,0.15602666129567508,1.1052437235584207,0.18616274264553215,0.03093550952262999,0.25954057863688024,0.10597549858917368,0.6327914124579799,0.06562378003105807,0.06775079207643873,0.06993777072047672,0.6588498829051905,0.0,0.0
15.0,128.89672547597982,287.45312677200013,101310.52188035031,5.542774349846541,180,1.2706366651735552,0.6063315653627852,0.08839759685096114,0.03169081265133341,0.285514265599209,0.0,0.0,1.130934064360358,0.1555531125239015,0.8364351497305215,0.38547274328750136,0.08362168353101286,0.03256221565170119,0.09440718553815675,2.031235206586758,0.03162905951871854,0.939246129044205,0.15550592153428006,0.7994226076390103,0.3788582399589619,0.45917909343598107,0.4756775508097813,1.3500177418575154,0.03399209455437391,0.03273298425723605,1.5809522467363708,0.4697824248155768,1.4530213267162388,0.6227575145576131,1.4397118660679673,0.15576962273269118,1.1012977444289596,0.17272827283214737,0.03205898251083271,0.2418832876887071,0.1008966850157652,0.6245231527147332,0.0684774268552748,0.05869194103218603,0.06879626845686834,0.56947178114538,0.0,0.0
15.0,188.08443698303404,298.06460407454995,102029.72485620629,8.831883702794835,180,1.3358776218577841,0.6096507843008784,0.09196488915885205,0.03332508910515898,0.3173787292241751,0.0,0.0,1.0444854012793965,0.1552965656945167,0.8351037029339978,0.3741073581637177,0.09774928288069072,0.03093422934347763,0.09262901541237223,3.171715534194244,0.03311116977562914,0.9931440408562016,0.15550854057464059,0.7982179634949843,0.3645133587260268,0.452444463120488,0.4288381086118989,1.5041592979606324,0.030262247591321723,0.032312640767753815,1.5662190756090564,0.4367934906260037,1.4422905054319555,0.5428027550880075,1.3103337382885332,0.15529045024510063,1.1022565130475355,0.18194580826652254,0.028535701570187227,0.2203155587486323,0.10958115263483838,0.6007460484175681,0.06763063581089442,0.06789329507953905,0.06894062271564388,0.6455431291882812,0.0,0.0
15.0,322.32375543182445,296.0749848439041,101260.87405509992,9.721712317873699,180,1.3020645465390215,0.6078845423430368,0.09042809753916077,0.0331124390055045,0.3016410231599125,0.0,0.0,0.9919098520270755,0.15558759872140193,0.8383394779081844,0.39678406839997876,0.09125202805852675,0.03271671145307908,0.09300320385152479,2.196022725157039,0.03326792454449731,1.012048921125848,0.1554928762365815,0.7964293553863365,0.35767460773659315,0.512114299159699,0.5255630363371394,1.379366926603858,0.033336625325553225,0.0300248749642668,1.5590987370680263,0.47898631460882973,1.2910433675548312,0.633015162830406,1.3743113636563105,0.1554287823278379,1.1073545110776115,0.18666567907851755,0.03239946989130834,0.22801640166842385,0.11073040051347771,0.7061094386605455,0.0724245189524577,0.0736774236704781,0.06525120563772756,0.6305753538917601,0.0,0.0
15.0,249.80793124397277,287.03907926631246,101593.3134375533,9.588868718037478,180,1.4693864224345756,0.6150157655721248,0.08944038536156262,0.030990556465459708,0.2964178082096813,0.0,0.0,1.0533010232785638,0.1553803597423995,0.837554433510412,0.35998556620541444,0.09616055982063865,0.03063540969620164,0.08039872141745634,1.9884018624542583,0.03214435594490239,0.8965399870201521,0.15542694279699226,0.7991153269620511,0.33847255502187756,0.4978938957187442,0.4649934634993546,1.3946380951716257,0.029967619718519283,0.031934623766019424,1.485446099769609,0.4479805160899921,1.3932870578742587,0.6686470571044728,1.4340174422856091,0.1551550450057396,1.100624429234428,0.178051622829797,0.03254293386696284,0.24277320182908377,0.10744370209362535,0.6488488801535859,0.0703163596765895,0.07418854231562987,0.0700072742114014,0.5874523248156757,0.0,0.0
15.0,203.01273916190408,293.97364470702985,100820.06884842232,9.968490825370235,180,1.3775575737293642,0.6132982613917124,0.08864594504087737,0.030486703213003293,0.3006960263245597,0.0,0.0,0.9840076380234041,0.15557068820617273,0.8387282758153073,0.37295998299043287,0.08513624158892201,0.03373125305888425,0.08813267316986466,2.10083818060717,0.028769328763646504,1.0483991322459234,0.1553903659185983,0.8023217907409615,0.3735574281483027,0.46503793950991157,0.4894560074976684,1.2708735035653975,0.03274451770728173,0.03181662622565928,1.4750813958322782,0.4571140191212936,1.3065383366105372,0.5957758726943332,1.3550527386910998,0.15530815807090093,1.107875745032706,0.17896806141439867,0.032435132012922904,0.2255227175321552,0.11726946058465319,0.6372966134884548,0.07090233722689086,0.06880378711619195,0.06974036882458251,0.6627659373646311,0.0,0.0
15.0,185.28384951347581,286.8794444229576,101066.96752793045,7.887733502743011,180,1.3872828784984854,0.6099920799918995,0.08960856583021262,0.032102981258826796,0.30918546403451774,0.0,0.0,1.0394037303818893,0.15543935654192842,0.8405373329563934,0.33252440464900407,0.08987979532017897,0.0328694903299573,0.09306561821266465,2.1886370962977684,0.03215977163512157,0.8941205340115506,0.15518235971073502,0.8009861573645705,0.37326012412104004,0.48598233024881377,0.46112689141025776,1.37942204936673,0.031725618746123715,0.030845448921660565,1.6114893882020143,0.43763612034280097,1.3120993468181175,0.641118314706383,1.3603248416764313,0.15495369201750572,1.1014444911349006,0.16373326762176565,0.03382784089409497,0.21687518418833152,0.10527433289074874,0.6151856500908132,0.07324983875138466,0.06974130683099476,0.0670859876715929,0.5804188720982514,0.0,0.0
15.0,271.18387549824547,291.91512050506304,100783.31951783398,5.341457341027935,180,1.4366009170122571,0.6115269710938763,0.09540123575848257,0.03128343701647009,0.29604554882849926,0.0,0.0,1.0931641685392177,0.15530623453999876,0.8339818005698847,0.3289732180300964,0.0919511188650823,0.028984453683480203,0.08558176434253986,2.4727474321449696,0.030612749501057277,1.01910118191942,0.15589708309401334,0.8012800637359203,0.3481539920824718,0.46889002068139923,0.46567000363127675,1.2746696740295291,0.03398268405718745,0.03043299719099203,1.4785239013713878,0.4273201902822072,1.32240709266075,0.6613857820614091,1.312949371837733,0.15518411289889067,1.1029918517052082,0.18566848830618957,0.03429901154694028,0.22878667447579373,0.10133997394914371,0.6313366405832649,0.06806537702104304,0.06921914513424957,0.06694149399925842,0.6718126888930009,0.0,0.0
15.0,38.12600730038227,294.8592714582083,101635.14793715572,9.425054345034768,180,1.3598979991868931,0.6102518529540165,0.10548412801617661,0.03337394409377293,0.2973686141677104,0.0,0.0,1.0642764230461998,0.15574696431470617,0.8359212725374846,0.36751587103124334,0.08975390371796366,0.03052779708111897,0.08319015096244486,2.2135269932192165,0.029965194997403504,0.9767244744078898,0.15588931672111603,0.8023754187636243,0.35894996467775736,0.4774275403976336,0.45555744122680353,1.2322059480771455,0.03148177644567745,0.03332614772384289,1.5146303915171138,0.49130885875410885,1.3550590322788443,0.6421937522203099,1.3244911809068172,0.15554013531370503,1.1052364679039692,0.17318756554894885,0.03250464720466347,0.23631414458946992,0.10838613933424365,0.5772353287229411,0.07670976305475294,0.06721634958024231,0.060515522624067314,0.5861556637586696,0.0,0.0
15.0,144.27745439049514,286.86203988432317,100401.23632731015,8.503702501190219,180,1.3948220119787307,0.6132152271236907,0.09076419202368953,0.03455243333264587,0.2798298369600346,0.0,0.0,0.9548409812230527,0.15563270673944857,0.8356045517195537,0.3487373420739809,0.0949422317838151,0.0328835021905364,0.09484275856248199,2.1921211378342487,0.03177834280848418,0.9231881264381505,0.15508599483051388,0.8007815248493004,0.39545853908088424,0.45537349756124296,0.42759899956447284,1.5174150698222868,0.03006030608997237,0.032194311914760326,1.484058399418732,0.45228905329437785,1.3335085095425707,0.6594410164086932,1.340495621033152,0.15577743343330802,1.1051176100730582,0.1846700593588551,0.03541224271947191,0.2271257948851024,0.09797516798351166,0.5955337657340246,0.06723405289452421,0.06289193178267229,0.07120957386111801,0.6604585791176565,0.0,0.0
15.0,113.05838047430824,290.60446471619025,100666.82641486572,8.457529185376215,180,1.4560014848666492,0.609389270599703,0.09932071436394435,0.032859504775593094,0.28730974479930826,0.0,0.0,0.9787765429666149,0.15583848113952173,0.8384567046837157,0.39313776629343383,0.0887915652890004,0.03034675273015299,0.09527178529447605,2.3380031069501173,0.0289148322622454,0.9789684053670238,0.1549550818710494,0.7982287510085421,0.3338074243524359,0.4416025421873564,0.4700989233738011,1.4147807671076924,0.03367871064031472,0.03246638759577458,1.465882918277454,0.42508507398494116,1.4294154276797735,0.6159846803571022,1.3329101549738183,0.15522275060697477,1.1074583070664046,0.18896598745871976,0.032775695577374905,0.2374337862441783,0.09994405466763684,0.6043779997235802,0.0633803721569471,0.07425505263041245,0.06840708682548126,0.5980082321784727,0.0,0.0
15.0,160.09838892285455,286.79364116069365,100867.12685492756,7.532160811602054,180,1.3513472439542,0.610038320192746,0.09682794260932955,0.03193235328337963,0.298023974507373,0.0,0.0,0.9929924381112707,0.15560621861247398,0.8372427179517963,0.36632448733916884,0.08906019418376222,0.030234251628917498,0.0914329002322382,2.0716598187793114,0.032211831054735615,1.0003962714600816,0.15545086943476624,0.8007563388776499,0.4166743506691591,0.45333255516025206,0.4645983888266871,1.377164012019526,0.03132884056047867,0.030005561241602727,1.6164665016859925,0.4531842518734996,1.37491388725445,0.5992688876818207,1.312828630777887,0.15540340318653825,1.1060689848810352,0.15895649962937058,0.0345634381504555,0.22352359447751555,0.11434883857039378,0.5798448302542314,0.06989603144458924,0.06697983734299152,0.06656049157479042,0.5678084789066801,0.0,0.0
15.0,31.561593285661527,299.6239585786606,102587.29956369364,6.620447890043903,180,1.327881406006945,0.6101163624611902,0.07971127326117552,0.031736619528864585,0.31662678703607894,0.0,0.0,1.0142349337664849,0.15577611146206133,0.8389610943763725,0.3753058080723814,0.08343262699364476,0.03255130612649503,0.09155413270756194,2.165431353257295,0.03190250118800244,1.00591506069733,0.15588357854486168,0.7986986848430097,0.3859380657637136,0.4191598663836594,0.47786741110934605,1.3394171317266705,0.03088101584181882,0.032520531516430674,1.5447602829627787,0.4756097674405528,1.2980780688576772,0.6378731438217062,1.2675025502825767,0.15549333936125245,1.1052593385781568,0.17138586774890882,0.03185414431296715,0.22173455286749658,0.11583804340977202,0.6093147860551691,0.07127152372851961,0.06716697547052149,0.06702054798858104,0.6300749181396426,0.0,0.0
15.0,170.2702273395145,296.98692041899625,101159.69963731426,9.042793068406437,180,1.3841477855558975,0.6076627940038226,0.09352543132450983,0.02906026124063605,0.32511839050835983,0.0,0.0,0.9815847098177428,0.15549029444438672,0.8401783238752174,0.38999525068051866,0.09112357012249234,0.03175140734463026,0.07994472978380963,2.1229307298834024,0.029689395467462635,1.0655467796600608,0.15537654108173693,0.8000803917881145,0.3601769006991915,0.4821901452725012,0.4413693278166748,1.2832156226474143,0.03217957471475274,0.03221718491366208,1.5803095325454712,0.4581413334033578,1.3101813520017838,0.6328361034668143,1.316971483332888,0.15541791041282657,1.1079974329469675,0.183394357923409,0.03140926680741568,0.24165964019584088,0.11361021729067704,0.6116725096838779,0.0663842632024571,0.06197637635884899,0.06499381428126193,0.6392866157855571,0.0,0.0
15.0,315.2916962698894,291.2911029161797,101498.5606148087,7.246052439815759,180,1.274782746906621,0.608645274075959,0.08354268453734624,0.03149280344327637,0.2975099140173511,0.0,0.0,0.9688644492681339,0.155483439438414,0.8383201040524959,0.3919717883264615,0.08704481927482785,0.029675888783441552,0.08376857668980275,1.9917016291308884,0.03229990271676122,0.923680809500752,0.15575103564130777,0.7990521027300119,0.4053170358621981,0.49692102657896026,0.4211055201157342,1.4808189899013224,0.032571656295800805,0.03203539083450876,1.4562689760987113,0.4197777726644083,1.3836087376323276,0.5568994789116106,1.3033385608498773,0.15570629369338254,1.1102415458614021,0.1626200706299906,0.0348175534758938,0.2224640486705973,0.11564552322818365,0.6221468913404531,0.06448737955149045,0.06206910404446549,0.06566100134076801,0.6751401755690882,0.0,0.0
15.0,307.2368589687132,299.61229958507397,101876.30183875037,7.77892552569421,180,1.3710559052106626,0.6107402135933632,0.09217604197032722,0.035000707773239936,0.29691623962606795,0.0,0.0,1.0493421845506208,0.15610091687754485,0.8388571164004618,0.377539268329308,0.08545360506887754,0.03198232531995569,0.09936202961440867,2.3045878712629335,0.03247404913963117,1.056541261951282,0.15534084046885685,0.7988508985965512,0.3968367270956002,0.4555359312588563,0.48207980006671663,1.4799866347833326,0.03021546962256304,0.035850645740167275,1.5732681420567176,0.4370205235924865,1.3821117699943497,0.5814817089173794,1.3784609472572724,0.15574931492989377,1.1092786581069727,0.15935410135247483,0.034304492328127975,0.2311298724114756,0.10757982148668105,0.5633719455653099,0.06665233667190172,0.06773137540971022,0.06992742196942342,0.5887606030242744,0.0,0.0
15.0,147.58187619558805,289.75108467434677,101419.35564349475,6.545178223954943,180,1.433494726732775,0.6062271067577841,0.08912425132593829,0.030879263918180553,0.27791412564616064,0.0,0.0,1.0082396957386837,0.1556679607853509,0.8388657701082711,0.4032511922658116,0.09648980704527316,0.02834029286251465,0.09659068823140685,1.8481482823370907,0.03278550185337965,0.9773780417802806,0.15532949927501577,0.8003770258569871,0.36363277588160087,0.4825678927425424,0.4565656222616567,1.292145693465466,0.029806119192455696,0.02988237997056013,1.5714674290293165,0.46499720452845306,1.5137252103392367,0.5695482966591124,1.4194550450467514,0.1555754523080351,1.1023758192984763,0.16503829319214103,0.031724161596116164,0.23864899609690685,0.10220544033822257,0.6006498190538293,0.06783172753622875,0.06891959134068264,0.0663460164966843,0.6215326997557675,0.0,0.0
15.0,199.75507400022084,285.16112954858903,101848.32870205284,7.303568628490868,180,1.4666327296740849,0.6078127783912383,0.08601916278814396,0.033691661634836584,0.2902667437726848,0.0,0.0,1.0852664111741221,0.15504858155923076,0.8333691077568344,0.34745270932031547,0.08651763856080377,0.031041553043257585,0.08592937642191252,1.9623099826777766,0.032469458074393255,0.9890352349157532,0.155179117416803,0.80392005779503,0.34883396570849257,0.46641972612029503,0.44913058210715284,1.4316613348775629,0.03213725982501134,0.032597365519531005,1.4775040611855124,0.45980830807817863,1.3404977102180633,0.6647267350009151,1.3929491202386646,0.15529715834893298,1.1020814188429227,0.166248604118314,0.03132039194075531,0.24859193098180868,0.10537849790233728,0.6174901344382131,0.06466852484410664,0.07030893638991685,0.06898736510523834,0.6213756821932818,0.0,0.0
15.0,4.617760064358083,296.5053819211317,102003.07538810672,8.83977174290308,180,1.4011365266183506,0.6126466648744509,0.08917984853325495,0.032282839382140105,0.292591899734362,0.0,0.0,0.9985161127493503,0.15489450662130624,0.8388574151861706,0.34445108612028097,0.08934380869462986,0.03212202343379103,0.09451114157981057,2.777209445183302,0.03244593188207684,0.9158665919987631,0.1555426824596707,0.793823752051483,0.35239120766931825,0.4551306938538944,0.456158751762506,1.3153434669408481,0.03018898246670098,0.028550228574027454,1.3372661633860707,0.48964595940351496,1.361780563485277,0.6240164909909535,1.2571712862303557,0.1554160876353397,1.1052561293352643,0.20016548804684783,0.03320506920568484,0.2231170573192241,0.10702519494046245,0.6241765758403228,0.06978832259831325,0.06507877155037294,0.06591278131188674,0.5938759443813952,0.0,0.0
15.0,241.40711904846617,292.48957732370405,100961.50086836348,8.852481091714195,180,1.3562975313117722,0.6078332929740276,0.09550283902455863,0.03187122096548261,0.3118612251318846,0.0,0.0,1.0385631884467679,0.15503984165627577,0.8437307629504919,0.3599152808874459,0.09646221195579002,0.030376888662801964,0.08477736148999032,2.4687498519573747,0.030902604976146813,1.0624383283089769,0.15518473238283173,0.7999968138388217,0.3561619928432599,0.46760883621704713,0.4598793523714025,1.4526322930519466,0.03257350918033946,0.032755735614875305,1.489324661257415,0.4264420811394051,1.2883328171754347,0.6199004926167083,1.428114308935751,0.1553767067293647,1.1012240529379185,0.18438350076367419,0.031174448699163592,0.23652712548261282,0.1205920285166838,0.5797777556635321,0.06933939480486742,0.06556708548178454,0.06832676439856454,0.6093556433033087,0.0,0.0
15.0,304.12682034244153,300.1719956490664,101354.30809750869,7.824833271140083,180,1.3460000729014907,0.6125847770557578,0.08994203626029533,0.03384975031838691,0.2947001853693675,0.0,0.0,1.003265925251433,0.15522837405149867,0.8386171319749234,0.358671176538272,0.09644187694569366,0.03161190827129827,0.09231216226112153,2.426822496125279,0.029674294426143822,1.0480431638921992,0.1556866208560573,0.7952332600318486,0.39838559268204543,0.48027357841992424,0.45363546851019243,1.4178510548163576,0.03305006828902165,0.03292462686594003,1.5377460948009203,0.4780284471166617,1.2842094292369084,0.5930258154778941,1.3474914666582412,0.15540916757471132,1.1079618658437516,0.18101938521420163,0.027643464848285598,0.2342700478243031,0.10857557474630199,0.62077143479551,0.07337614042110603,0.07152339431295557,0.06842657738725161,0.5917146339034636,0.0,0.0
15.0,203.3033864937742,289.792780470316,101171.24542532321,5.165963781945281,180,1.3150793171766133,0.6109937524195349,0.08693466345634385,0.03250304061008765,0.3108615432361373,0.0,0.0,1.047509736554983,0.15548865238652043,0.8374140962092949,0.42259849543719624,0.08781403149326213,0.0332083211860154,0.08925306258175225,2.239108862216909,0.03279449758566499,0.9694609127973686,0.15563506846747682,0.8016150900067507,0.3742407327494518,0.4686640540725272,0.4383335640423414,1.3317787254362161,0.03459368092034388,0.03396658188089489,1.6314210493402765,0.4512219685087345,1.382765109474357,0.6065732711774079,1.31132645021092,0.1551768813143819,1.1064423005213289,0.17590750759220933,0.03179918105197269,0.23441730490077367,0.11054442024944895,0.6015245197542111,0.06819122477559052,0.06199609937583482,0.06867488676199143,0.6176994191739907,0.0,0.0
15.0,299.20289728895716,289.40877845781824,101642.73036032885,6.271052823860114,180,1.3159382358335119,0.6042054188335272,0.0896610191689855,0.031906883131576434,0.29890211158176505,0.0,0.0,1.077086053455749,0.155469410878866,0.8390996328382522,0.3313209585854456,0.08984177802676703,0.031648505601424806,0.08946057355907089,1.5026864449964015,0.03177902489042999,0.9905005593011991,0.1556440628540225,0.7987890860587259,0.3621001877237672,0.45886768999456556,0.43831584672258767,1.246485597186721,0.03265125371038662,0.03096803029481099,1.3776424934313307,0.4134261062056649,1.3646042270909335,0.6413451012830681,1.3707974725245984,0.155700813220682,1.1062477452745034,0.17608800624916682,0.032175652706481137,0.2690974222625668,0.10438604276562977,0.6093935757209358,0.06799084042567308,0.07367831847010742,0.07414802031702436,0.6618592002329914,0.0,0.0
15.0,11.369793437538931,287.5419034696669,102134.96835359544,5.0549118748224195,180,1.450314142920516,0.6098219014517186,0.07619541906861005,0.03137676824616498,0.29869147683019687,0.0,0.0,1.0229306763059764,0.1557593199250972,0.8416558725453966,0.393670805642934,0.08826373947872093,0.032187136425028004,0.09070938352146099,1.7414062954679308,0.031125368819589303,0.9356052101652051,0.1550953673013629,0.8003486106190236,0.3638858039963648,0.448532024421437,0.44778327639128473,1.4096245091514779,0.0327379189194704,0.03360153296502561,1.555704732169625,0.42126235371950155,1.365835008912344,0.6426306889181329,1.3860149739821206,0.15541115257030327,1.1079385500363055,0.1610832574084072,0.034545997850231616,0.23726166472937887,0.1056360710897835,0.6407843497698806,0.05805104148237605,0.06749315479504062,0.06570792253188142,0.6328490678968675,0.0,0.0
15.0,43.7760558796227,285.63689413593806,101175.42818220466,5.036672233021791,180,1.4009043953085196,0.6105912543979998,0.09763580992799231,0.030585137382780667,0.31066525970455017,0.0,0.0,1.0360076831585863,0.15535917030183144,0.8424695674589999,0.3799928220308263,0.09061438544856928,0.02852130313990709,0.09022064547675611,2.301742015553835,0.032148558192579085,1.0578010347096618,0.15539007708357125,0.8000585053889004,0.3745384835257694,0.45237040614544216,0.512052048242969,1.3968706737752539,0.03454698763581863,0.03521923073496304,1.4916902335418631,0.4452759233667116,1.291324409034977,0.604793900902908,1.3998833942945343,0.15522639860466525,1.1100301059749944,0.17667254745537475,0.03056227736086966,0.24788900693918534,0.10266748876825459,0.604968521919286,0.062003117650485454,0.06925949336038638,0.06844801813392552,0.6697619664716963,0.0,0.0
15.0,33.21801387778132,288.08391601214504,101173.72065423301,8.849371802191529,180,1.461235884064871,0.6098833408506646,0.09109115342711409,0.031796298926779015,0.3219747190305563,0.0,0.0,1.021848385937884,0.15540308096824187,0.8362811692375612,0.3705184484829197,0.0885491518795958,0.03101964474489333,0.084980967871878,2.1425405081712214,0.028102164302542157,0.9882500028783496,0.1555152185162666,0.8038502276680447,0.35133237243681814,0.4917140131026117,0.42832580155441224,1.5806674839495793,0.03309386713103794,0.030927287279495428,1.7317680902060317,0.44007015571309843,1.3699710645039749,0.6243073402098411,1.4501565916285775,0.1554086953691522,1.108641005391543,0.19607093548736698,0.032761434375878126,0.24350247899564814,0.10097143376067273,0.5726192941085806,0.0632995133816348,0.06308303960718688,0.06228594710712793,0.6105507181697339,0.0,0.0
15.0,39.39029892569174,292.8025411678551,101496.85673157859,8.24110683739934,180,1.3523342086195829,0.6139002639535546,0.09348249778105165,0.03158342152307693,0.2884853244411709,0.0,0.0,1.013851040647586,0.15550079511425635,0.8330451143567235,0.3730430785782261,0.08873809075291858,0.0337520350920391,0.08834655694628772,2.200597307865995,0.03182436519979804,0.9669146793970111,0.15536130842431076,0.7974780836825428,0.3297118055913918,0.4621060623082082,0.4618759136376328,1.4270302652287756,0.03276437841508833,0.030198462520975633,1.4800564396539109,0.47510644065565805,1.4503164497086785,0.6689563954628543,1.3253407457262725,0.15564473679124272,1.1052539414912683,0.17607101154181373,0.03316067468142924,0.23694233543730395,0.11620530148580104,0.6293653820715855,0.06604708713294294,0.07039087047669812,0.07200938113820525,0.611758125070445,0.0,0.0
15.0,270.7099883652427,296.7980811437355,101650.44085489046,5.234804048902445,180,1.4387933748179307,0.6101605791727895,0.0917862109447489,0.03158017047486716,0.3220897425893641,0.0,0.0,1.0535545096650167,0.15494903800636825,0.838879573952315,0.381489503402545,0.08969347317435021,0.03098924524777913,0.0930625416630586,2.509419545268497,0.030990442458320562,0.9948915678143355,0.15552384745660908,0.7988398213582182,0.3641167667877459,0.4592807491022084,0.4636419091535369,1.393451743615738,0.03311686161455558,0.03187635732070125,1.3478796650338503,0.4389914077548395,1.2514074698613946,0.6556659084128182,1.3774789957078237,0.1553479190695532,1.1049227708110045,0.19284552630747415,0.033023041264079823,0.23451083664651842,0.10962961290770683,0.5672183638966797,0.0622921697319437,0.06538102652484684,0.06827038669690119,0.6557565401596108,0.0,0.0
15.0,100.79615629966355,298.69882559675,100825.96449842489,7.9425454219871545,180,1.4670958345709484,0.6081646323354696,0.08863601936359185,0.03151212120285285,0.2832434064105832,0.0,0.0,1.0921330159537086,0.15521005784182101,0.8387230859102797,0.3891435412744025,0.09226996644267772,0.03197576995649765,0.09065488598070484,2.2593079238615936,0.029572865446250332,0.9511008007870199,0.1557602428886943,0.8008076098528785,0.39013935797267496,0.45772056040393605,0.5115284735763524,1.289824686479746,0.033425760799837265,0.032380284052872306,1.3719551125936549,0.4188188867776674,1.3227208849529235,0.6294724039533071,1.287745038005089,0.15536618377656347,1.1033194971977842,0.1864731754997232,0.029732542135433113,0.22550897211506626,0.10702530081352594,0.636414205655986,0.06600709501215066,0.07356054789818328,0.062416259856434016,0.679239206287906,0.0,0.0
15.0,119.39013773002972,294.8794817310762,101453.72821855948,9.625599711959573,180,1.4696069451637492,0.6124365822038592,0.09282514261640694,0.03658249785683588,0.3285409108185891,0.0,0.0,1.006543086116937,0.15500514181538466,0.8364433926397742,0.36183548333104126,0.09265568362781745,0.03182978016007374,0.08870191172443974,2.4589862583278017,0.03265505711162443,0.9552518954241576,0.15513769939981534,0.8002458057709526,0.36156383357023303,0.4652011673228853,0.4381902318204975,1.281699153117946,0.03212037154962863,0.03338762458048997,1.477206368295211,0.4479024018710696,1.408416673860453,0.5930310118972042,1.5134523638854371,0.15590283041038072,1.1040760074257285,0.1773966198903195,0.030953277962340278,0.23652068742716434,0.11103687262808767,0.6454892330133225,0.06827517966339841,0.06463971810099249,0.06415543224719203,0.6178695166620886,0.0,0.0
15.0,340.18277739983705,284.6758144054055,101407.22765150425,9.25809386388613,180,1.2954667716749872,0.607347678333006,0.08757374753475906,0.03517597118275517,0.3007820174953089,0.0,0.0,1.0398660230478878,0.15552439985023453,0.8390116255232745,0.37104914970481945,0.08975943775540131,0.03098306830355771,0.07647866765626866,1.9306525490877553,0.0352440662457751,1.0283863543453418,0.15559752579632202,0.7986107140604406,0.3248863405041407,0.47079588425583146,0.4297800673816412,1.6884690529333533,0.031866302515985254,0.030009525546182945,1.47409391842355,0.4468845553532196,1.3339871578985296,0.6012502712611068,1.3690461016517612,0.1554764139983804,1.1038983964530178,0.1773159111086609,0.030873762292872607,0.22552212580716952,0.10603882435643683,0.6402641951513262,0.06744187171853165,0.07612954272181592,0.06958290267660013,0.590385842596491,0.0,0.0
15.0,333.3737862274368,301.1650759093189,101416.26100058836,5.098201993998787,180,1.5494601140122986,0.6057351148950969,0.08904265813264249,0.0325468908039616,0.320128386774973,0.0,0.0,1.0534726991328223,0.1556764340874144,0.8393231743592076,0.3622571377207588,0.09579963840822162,0.031297944511845,0.08290099294540768,2.5242695701465685,0.03248469972444924,0.9808724565837611,0.15501467617424267,0.7983227973380457,0.3462371566937429,0.45664893220165664,0.4432138336294458,1.3329898814620569,0.03126373538925924,0.03127078251308973,1.3925330360319732,0.4623735827577679,1.3471489145657667,0.5799250874317278,1.4224867748410124,0.15563597604767213,1.1042740559163637,0.18362060931690352,0.03318306012590728,0.2481706914808758,0.11269183817463152,0.5825596581268802,0.06709736750311882,0.07333428670780202,0.06821967124031085,0.7093811016133877,0.0,0.0
15.0,267.9818508156176,297.96699365153586,101353.13637155431,8.839102018470179,180,1.3549974123908541,0.6098465850497201,0.09652516113714038,0.031541963055502976,0.2918035766911854,0.0,0.0,1.192449177903636,0.15552001844429744,0.8365344965537437,0.39551743883662843,0.08459534588786258,0.031990704808869216,0.09348374075404718,2.122351594249113,0.03239670028213399,0.9375883426164443,0.15531319312252476,0.8004699230351062,0.38368115735867825,0.4922071753729803,0.45394541030044316,1.5208980012843387,0.029991322492453985,0.032762250738724547,1.5338187951209743,0.47039902939615574,1.2315108596206372,0.5786321462935942,1.289628783031965,0.15528790154719052,1.1041244963288768,0.18446206172265375,0.034904090368049985,0.2250552491666664,0.10079916443666213,0.6212259541923923,0.06665274199693207,0.0698978336617064,0.0665117059310962,0.6046954438884622,0.0,0.0
15.0,119.67499783627672,288.0117911037333,101242.0803048119,5.380713732619167,180,1.4186434541751693,0.6108124089134979,0.08649570344319459,0.03099923451057383,0.3530215102325458,0.0,0.0,0.9274442954324643,0.1554353004442149,0.8355759303743535,0.3537086268005431,0.0870602478185595,0.03204142197718479,0.08552151772946869,2.0594614501352586,0.029659165713966755,0.9131382352071382,0.15540378097542012,0.8044667851355235,0.3818503019749037,0.4856273186640442,0.49101126081789953,1.4041476402968198,0.03463569287089459,0.030194266486984214,1.4831491096631724,0.4490360016584812,1.378580544613276,0.6683905588695553,1.2730952327369978,0.15560411613132547,1.1063199073531902,0.18295724515827927,0.03226018659847334,0.20303343748409006,0.10516210641769186,0.6448875571924948,0.0688524395593832,0.07049868744909717,0.0681459556291988,0.6642229252439087,0.0,0.0
15.0,37.98400770177941,289.76943007506634,101265.65853655641,9.71687026274616,180,1.415070148963678,0.6113038189054986,0.08204042905550521,0.03175354346718699,0.32235207566663426,0.0,0.0,0.9949146953939902,0.1556589879923917,0.8390393640283923,0.37742269857745503,0.0880270918706168,0.0316251664836223,0.087980033814156,2.3993483178801958,0.03431319064754069,0.9566984655014465,0.15550079751507712,0.8035989400229419,0.3789600810821072,0.4988441724592232,0.49377723718530664,1.3184886997232768,0.03101379997240942,0.03257649240990137,1.529927409964777,0.4746610798798737,1.2754741919463715,0.5825793649428743,1.2956831598249183,0.15564861208979955,1.1013248418061599,0.1601133798035867,0.02819847580470004,0.23800978926091412,0.11161747986686647,0.5880960192782699,0.06166795688770995,0.0691434397813982,0.06719972640025687,0.5886684237500769,0.0,0.0
15.0,239.53833987909508,296.3291970204535,101500.82743753372,6.565921212239491,180,1.2262255748141033,0.6095013713816625,0.09171085952940371,0.030916405465846432,0.30870167045863656,0.0,0.0,0.9805746399633771,0.15551119703483374,0.8357307481183036,0.3459104889072938,0.07975449175739041,0.03191265768343806,0.0919421451078878,2.299144664246037,0.03352177000722629,1.0440289049003142,0.15535601356578826,0.8011644248972111,0.35974400889637653,0.48473949330785066,0.5332608647905612,1.5295679728833975,0.03450674549536323,0.03522198183667599,1.4466380183765466,0.47476895428588056,1.3628209135923242,0.6417731602670502,1.4197109129598187,0.155373565935691,1.1063959932017402,0.1737878428378474,0.03175377508618201,0.24409629888675988,0.09358079503136667,0.6470974712784722,0.07126693758907515,0.06801403708684217,0.062481491044656334,0.6210105751006392,0.0,0.0
15.0,35.35917093686197,288.7777571644625,101351.24713987928,8.796949381558763,180,1.4295379941941013,0.6029509516251442,0.08944949712019282,0.033203205582557016,0.3065887180885031,0.0,0.0,0.964677361522075,0.15516927898160288,0.8392364829873494,0.3764150911113709,0.0962613191483062,0.0323858807342295,0.08765973208978492,2.11751862913517,0.034144004989143314,1.0180016845297655,0.15516204380430446,0.7998187348068415,0.357591273693067,0.44913894960696044,0.4706549206983066,1.4973798084627281,0.03303215610613332,0.03161620295640534,1.5921631573252482,0.4476429181005021,1.3565071591858828,0.6051696486487452,1.3412162222181712,0.15566138719056477,1.1059382800854556,0.18366554395651738,0.03393575203325518,0.23829054154879503,0.11065646738939382,0.6551955129319738,0.06362493955474216,0.06599297947276286,0.06492857932915459,0.6626583740317835,0.0,0.0
15.0,302.52333732160196,298.47978175875824,100557.81941937385,5.273749089826506,180,1.4216642183905608,0.6085064916732499,0.09602795035987269,0.03028311364823472,0.28409523348981924,0.0,0.0,1.0458483360467155,0.15544988047596026,0.8410555127916021,0.3589761082769404,0.09209644599892233,0.032892945277514817,0.08954278572700745,2.5101623436163716,0.031165133227572653,1.0212267099921504,0.1553786431242031,0.8015533343395207,0.3760563826408183,0.43766133600698,0.4541718404553666,1.2247136268220247,0.031137098526552325,0.029791093076347572,1.5738806337297484,0.4724636133339899,1.4157604433667372,0.6119250742954239,1.381008899374586,0.15499036112476275,1.1068022689224288,0.18278539393145113,0.032104067572434954,0.24713379455010015,0.11549811817050187,0.5918799521823761,0.0707479821701589,0.06547389560282518,0.067801372419558,0.6788818475037601,0.0,0.0
15.0,325.1744325481306,294.69241027314416,101186.19675571131,5.001847667199993,180,1.3634906569124683,0.6080134810473028,0.0979197697252383,0.03254006647251836,0.3094533646900183,0.0,0.0,1.0099286093823279,0.1554461140387543,0.8401804587185216,0.35442662829883487,0.09147931490244052,0.031133033735704727,0.09113979306538196,1.7262498122827272,0.03175640565976677,1.0007965864814163,0.1554426058440506,0.801323573816976,0.34911662461719184,0.4719270318955401,0.4516092337672918,1.1286278724264496,0.02979827159068748,0.031510193046980314,1.4804636442821195,0.4505141232025112,1.3772320148678787,0.6851031698434796,1.4043998659347674,0.1551120538829117,1.1068534094354785,0.16432236932213548,0.03113592227889232,0.22551538633184692,0.10844891504196194,0.6268935038405568,0.06472771388823768,0.0685358201709745,0.0714223254433591,0.689987308039093,0.0,0.0
15.0,205.61687698693618,285.520126321242,100720.25097762892,6.304634879185244,180,1.258386300966412,0.6076962239623576,0.09257777851374527,0.033467791093878256,0.29590610095695535,0.0,0.0,1.006080415470992,0.1555764164694983,0.8350251206020686,0.3787688481840857,0.08681790351068737,0.029797356101278254,0.08904497866094309,2.200153543495239,0.033184909685395024,0.8635510308913306,0.15567142357748898,0.7996777170870216,0.35453452257660634,0.49357168585194633,0.45897336258266735,1.418556760059298,0.03189370298178532,0.03326333380656739,1.6440170776049654,0.4259951782829767,1.3411758634727065,0.658392041353482,1.3639014425986604,0.1557667051653286,1.1026293282883388,0.15616482587213243,0.029174735846271116,0.2224386650378624,0.11735409314625755,0.6109257087209453,0.06431406371855018,0.07037133087030124,0.07098041771715638,0.6120136251676849,0.0,0.0
15.0,180.93177957185446,287.0798157676212,101600.5261531594,9.723656254301941,180,1.4129100318962433,0.6065700329061875,0.08520068654950692,0.031653404417484765,0.30205168413362765,0.0,0.0,1.0163471748443238,0.15553627754717606,0.8396314715824041,0.3553989646648842,0.09776389321136608,0.031669470178588725,0.08755066008511436,2.2000740738610935,0.03337595709200082,1.0177256704111244,0.15522044053886147,0.7994039749236919,0.4061719944100222,0.4760352529331322,0.47242006757001376,1.5671071138036363,0.030430624933563393,0.030718612329621378,1.5352589275042452,0.45540252661081215,1.4172439181113263,0.6613184075731016,1.3761212118161024,0.15548985205964916,1.109215614259792,0.1781381251262542,0.03331586203475885,0.2368637964764422,0.11386464567137854,0.5961883387373597,0.06429517641794906,0.07017399316004691,0.06796725181819727,0.6183562102225412,0.0,0.0
15.0,240.23852045739795,285.25001178627065,101448.81868305497,5.606068152869992,180,1.415270724161432,0.6066301268726733,0.09197946940941928,0.0332936902433944,0.2967756318893942,0.0,0.0,1.0025454557682225,0.15522047839232744,0.835405736407679,0.3727534766785251,0.08254486829272141,0.03179928342934202,0.08539812757740362,2.374880852749956,0.03261324730781835,1.0118291377847466,0.15523491489455057,0.7973080294118146,0.3672768006969593,0.4622208866028715,0.5001661346187609,1.2084810614120258,0.03132722613599079,0.030469614718268357,1.6013743210789464,0.46702439255964556,1.4813595271124957,0.6182034766622204,1.3923108154041308,0.1555238013711056,1.106781742962866,0.1834899594507123,0.031498914911686694,0.2470683785668567,0.10805410308561092,0.6117155632679333,0.06223282225731872,0.06463240918714074,0.06773596030975328,0.5909006420853785,0.0,0.0
15.0,97.98262619085587,296.50235855014915,101839.64827008746,7.73357894826115,180,1.3418708509939543,0.6114190653100694,0.08732999904802873,0.030331734334299768,0.3261441846250206,0.0,0.0,1.0451983557420292,0.15528454321216867,0.8379989152686073,0.3578045007152498,0.08134856132138799,0.030810117232231617,0.09219784741304436,2.3549944787453394,0.0299566909706138,0.9922774056919343,0.15523445356409069,0.8004853451382109,0.38111792668377925,0.4581872744950652,0.477998489471715,1.1631689142049981,0.03455650361050577,0.03116183163253241,1.531053667109335,0.4348971996152105,1.2904151873210463,0.6294776426243586,1.3203499846642213,0.15539689924897315,1.1049588913402728,0.1838752967188767,0.031869444774815577,0.24784732635021794,0.11527154995937963,0.6106111970513479,0.06370805444039374,0.06188161224105116,0.06894607528607542,0.6599480466694276,0.0,0.0
15.0,255.3193952017166,298.481112220339,102317.75382673331,9.66653908952416,180,1.3455941069824338,0.6069149768276038,0.09041156883094761,0.029916877397775755,0.31906086516169363,0.0,0.0,1.0439093392979255,0.15547378926970642,0.8352662737865699,0.37955430437724547,0.08568415487658747,0.03285082894044169,0.09790857324308762,2.2992370235402353,0.03231358927744565,0.9112173021099299,0.1555948982808262,0.8021682745073895,0.4016816917918087,0.47127736054317076,0.44352330630818493,1.0959390597481673,0.030596205877215392,0.032602241077633355,1.3468541494861985,0.4811561721170692,1.2751483704119653,0.5816958215066125,1.3734842601337012,0.1556595438478074,1.1067663939840984,0.17054089156720978,0.03175589760910143,0.2142426773981319,0.10789853488097446,0.6486075602293061,0.06854786616968453,0.06618818554162757,0.06565064356054133,0.6334638318153896,0.0,0.0
15.0,148.48170098647515,299.4940979816914,101751.37984004371,9.172485203961955,180,1.4036703088856233,0.609484148571488,0.09261553546501718,0.03140741185236565,0.30140283209552005,0.0,0.0,1.007464235025657,0.1555521186735135,0.836564011217201,0.3607846159842836,0.08681471966170548,0.029469372178744277,0.09099862519419609,2.355430250168269,0.03301683039921101,0.9789808977517878,0.15546807556102293,0.8069699140944487,0.378976466511057,0.43143987569209663,0.46997897605067623,1.233213709631991,0.031184844407926182,0.031216306215943995,1.5640118426246632,0.45899210009129815,1.4673623993923186,0.6247766076815349,1.3870964364374678,0.15542007864776203,1.1039863563721821,0.1882960460046321,0.033555674658144255,0.24407173901564175,0.10762178780204949,0.5975726911667768,0.0634335628407975,0.06581989356644756,0.06711931063600224,0.6540202064841741,0.0,0.0
15.0,55.04386452002534,299.76230261181314,101569.23946002024,5.101104440658281,180,1.2683264366938805,0.6116332841412778,0.09415131192797963,0.03102111311939277,0.3211991282682983,0.0,0.0,1.0135851272693184,0.15549211587021627,0.8342206299150312,0.36111953841519634,0.09642810536289147,0.03336816905936352,0.0871501500504636,2.355276039836759,0.031846287467650634,0.9377519859395226,0.15513908423896103,0.7990407555652421,0.40381246868716725,0.5282977765821726,0.4701822282005116,1.251532494587457,0.03226653200407165,0.031207122989770224,1.484985028646036,0.43636764872272976,1.3144844859739742,0.6204543549070759,1.2857702599337566,0.15584400125117795,1.1063789944308309,0.1771609441089,0.031973126539466504,0.2529253702673275,0.11216017154581899,0.6182698083915179,0.06431441960053205,0.06280128588864019,0.06307875753019809,0.6575842839917565,0.0,0.0
15.0,5.641328343780949,294.0887638761425,100715.59268514735,8.664527780738986,180,1.3799156260505026,0.6055059059206132,0.08001803514422372,0.030999029037280492,0.32231697275497884,0.0,0.0,1.0972283960685605,0.15509103170722796,0.8357370528379617,0.33740881355733526,0.08274703685043902,0.031273199178214486,0.09896984494739124,1.7709635823794814,0.03103024490604148,0.9640889629660401,0.1557208454166352,0.7987251462675088,0.3434971925490665,0.49459334358488655,0.451976497797885,1.476363332342943,0.02963545612931388,0.03077074568752226,1.526761633440052,0.44681193211154685,1.3463634247877685,0.6252799735583341,1.2846328337090462,0.15501163924181693,1.103557346437782,0.1841179853075741,0.03310192869016518,0.24083621315543682,0.11923216870885033,0.6439592469921366,0.06884617886453921,0.07377144900799525,0.0660859667551325,0.635673656689465,0.0,0.0
15.0,46.47038253559512,295.94343975677526,101288.4574797134,8.77457186359691,180,1.275426089636912,0.6060060674141613,0.09143295454599583,0.03249102993179482,0.30079424409283906,0.0,0.0,1.036050308509624,0.15538583647543505,0.8352937708236758,0.37742438951100976,0.08653760322610007,0.03346901590091862,0.08440933524039416,2.528871731762268,0.030336608156935722,0.8901563411994622,0.1552017949036315,0.8016268062424486,0.3384668812273662,0.49801185813843013,0.47218904496144043,1.2809986308001753,0.032229668481532206,0.030476059316111165,1.5253115942267188,0.4523940743402173,1.306938553668741,0.6596091605585078,1.3412229091379773,0.1553474879393073,1.1055141867818372,0.1701587989745337,0.030811322130660092,0.22214733747773305,0.11248569149011219,0.5773901764592846,0.0640190486569569,0.06701424080794202,0.06346377117754533,0.6115857068830386,0.0,0.0
15.0,338.327079904707,297.3414962028551,100432.34619604053,7.166028553534477,180,1.3799314968997185,0.6116107413276755,0.08873704528421288,0.029189183232109728,0.30717825489255524,0.0,0.0,0.9742736531175237,0.15561189131105738,0.8350082227172059,0.3371649340699969,0.08783075828815752,0.030562205768723576,0.0916012249347112,2.496173760004487,0.03210767509972855,0.9879461076494221,0.1553174281498869,0.7966974726216374,0.34619399826620006,0.49536390707928035,0.42966002093870875,1.4182993907306511,0.03406396532399107,0.032332704047490494,1.4108650512922116,0.45944147484732345,1.2069336509201365,0.6763838210128245,1.4884365855983268,0.15545044469896574,1.104707281850139,0.16712987506395788,0.030055212976086574,0.24246968608986905,0.10511439047002097,0.6709564831686546,0.0668125543983983,0.058826627692823034,0.06168025360403152,0.6509408825559504,0.0,0.0
15.0,206.90819845417207,291.54517661248894,101170.85257770664,7.692968021448478,180,1.3307579348981424,0.6068864522737784,0.0867989665914461,0.031630228001424975,0.31396278585429743,0.0,0.0,0.9643098966834099,0.15506456972005453,0.8382797490830517,0.41520333391728187,0.0860993716858189,0.03417565631325274,0.07890452932206143,2.3397323406378074,0.03244153068848305,1.0461559969578746,0.155409969119556,0.8042318571938125,0.36458115747505027,0.4800444160920246,0.4578988448125153,1.5511091531792724,0.03129622862379702,0.03203626661936212,1.5231988223769646,0.4291828934323188,1.4531517437657493,0.637067236981566,1.334147529940179,0.1557858882957468,1.103989055952844,0.18970609299267796,0.030080826845568953,0.2650783490033611,0.11957353185026884,0.6133129209406433,0.06629021549819637,0.06903053723746214,0.06628219383219797,0.578934217827847,0.0,0.0
15.0,28.10083637330053,288.01885426449047,101175.10418160241,8.341616123774111,180,1.4417774905415888,0.6084836816262182,0.09827077780608202,0.028460925484506207,0.2933087360631328,0.0,0.0,1.1027011100819715,0.15597791851935044,0.8397053309355391,0.3587627634863977,0.09188304583890075,0.03255964959484426,0.08193479642769967,2.607404455579426,0.031093200997334713,0.9108674537340368,0.15572293851578042,0.7987533726649867,0.38459698387405644,0.44979818799825133,0.4500121657341601,1.2246754134356013,0.03286326124012152,0.03225587563886246,1.542815550936616,0.43218991628487263,1.3532328063818895,0.6314282416693263,1.417490156547121,0.15520608051097734,1.1072205472716288,0.1682301327590952,0.03484576247759761,0.2427972094501263,0.11473886780940507,0.6407093862378538,0.07038466187110717,0.06939935112073362,0.06778011136923699,0.6259418300690874,0.0,0.0
15.0,348.0287402894514,298.670489230815,100615.06318268988,5.689721094427615,180,1.336404034129378,0.6066959571450172,0.09646178560047315,0.029524175921866798,0.2948283774820007,0.0,0.0,1.05529094690276,0.1558719755219122,0.8397024900177743,0.38275335298209917,0.08574987380071632,0.03289112905983958,0.09183546622748229,2.4373187111570482,0.030142651303505692,0.8893236945730469,0.1552169876844028,0.798755102909034,0.3825325861333316,0.45077357744699664,0.49336771520166295,1.255360953918256,0.030969481893603282,0.03188660994246542,1.5849865483635688,0.4003063127990877,1.3073544251136089,0.6406245603232883,1.2227096738197931,0.15544269307671693,1.1044091114734675,0.1756239786226469,0.031391998547201136,0.24832374724331369,0.11044491345753152,0.6225096133010495,0.06629146681699512,0.07034417091435285,0.06440309621223461,0.6188587982200991,0.0,0.0
15.0,143.36385363995296,294.8102814575415,101320.61261779234,7.816132830792839,180,1.3284435158399779,0.6104239303828652,0.09658553357930985,0.030584742290923433,0.2792190723346206,0.0,0.0,1.0629030085841684,0.15505107633081236,0.8367040118447802,0.3643105501125399,0.08547614009210623,0.03050958534837607,0.09094426426603547,2.0382209071746527,0.02806663392880204,0.9099810982805648,0.15553735355142348,0.8003622985518519,0.3315790351277539,0.46573360530754504,0.4430866475323318,1.3748757662238165,0.03281157259711366,0.03175833490370657,1.4057524408830688,0.44705557875512597,1.4022584911621747,0.6129501686055194,1.2472734449498042,0.1552760348726796,1.1037885182176477,0.16646729083591671,0.029893852964814734,0.23084536389182678,0.11138665794521138,0.6481450340685178,0.0764684887470744,0.0656929738898085,0.0743802104645507,0.6194069319132436,0.0,0.0
15.0,126.38592706183945,287.635416257151,101613.8666635922,6.889370305848523,180,1.349602416747033,0.6121679156147437,0.09100947959811476,0.031425670502647794,0.3202305312787626,0.0,0.0,1.0641257147138112,0.15541471778732943,0.8385589309236677,0.39101111485368045,0.08985966078046233,0.031070722010452603,0.09310900286145599,1.8980724616844402,0.033472864425737214,0.9742906566231715,0.15530156804469478,0.804768037971732,0.36694028186320615,0.4563845379119104,0.49591256570742265,1.2258242889090933,0.032932203456476475,0.030890477686987914,1.4331172268941226,0.4825480791393122,1.3898315736642204,0.6297508787901558,1.3301776829459355,0.15558465792812198,1.1030804430349679,0.1869176201389019,0.030685577341269907,0.2505181489024654,0.10732476935127962,0.6374694015902446,0.07211309531330946,0.06999261820066972,0.06543229386135768,0.6041099125849437,0.0,0.0
15.0,4.824108387425103,286.7681493758059,101522.50323362675,5.528305915643916,180,1.4558952372913896,0.6091662323046867,0.08853435495344786,0.031568333214931105,0.32490390890339704,0.0,0.0,1.0160866432563351,0.1557461749965967,0.8416993824172346,0.3523673048702022,0.09707219371262567,0.03259823286456429,0.09183244754795476,2.1300141151222167,0.031518221498066275,1.0080213476661515,0.15564621763748046,0.7981893759753045,0.3750833081377637,0.42735362330758625,0.4511796743633505,1.3982280515853547,0.031353932038787564,0.030575081195782384,1.5081923043287186,0.46312398941726657,1.450467874415462,0.6108183636394823,1.4189441666368636,0.15550597876615244,1.102868234845542,0.1768030161409731,0.0300457236164087,0.24314012294786658,0.10974826955710346,0.5965833776432266,0.06537900593514637,0.0731880168724432,0.06805382645753362,0.6476227889404357,0.0,0.0
15.0,52.84745991790561,300.9947558927089,102138.56484553528,9.999976004796274,180,1.4135029260855483,0.6114218051787396,0.09890932647598663,0.03144842284438052,0.31281596960952457,0.0,0.0,1.0033902500323617,0.15535541474990577,0.8413966524401691,0.3607701898823651,0.08740616867877839,0.03371426937959597,0.09346906495962316,1.6629819000611534,0.03144655251725587,0.9867317765812146,0.15620819895088184,0.8004302238770183,0.3938997535712119,0.4934693533273723,0.49980120558273383,1.5125064639771593,0.030441703718227936,0.03261862093918667,1.5240188720453807,0.4805888799559788,1.3668000692272522,0.656560212138306,1.3513896254063156,0.15539206849097825,1.1061785093636516,0.18303948955796645,0.030812398627991993,0.25700160677403777,0.11636575059345593,0.6106580634465985,0.0696712558231097,0.06884042272067058,0.06809326549172838,0.6059055075862962,0.0,0.0
15.0,78.01551503209319,286.17796283335304,100748.01581312432,5.148607200626708,180,1.232910584758354,0.6112189929846674,0.08923647462790973,0.029080650539559678,0.3024608573504671,0.0,0.0,0.9968778312190256,0.15550222667464145,0.8367808168704111,0.31806908061514383,0.09164668151581785,0.03125196032645003,0.09155313018583168,2.088587899107571,0.029648798169848785,1.0161388312935675,0.15555505048496518,0.8003324870914486,0.3772987431970047,0.4178236991203926,0.45733470414215355,1.5274307712714568,0.03432833469043104,0.03252529658986909,1.5118203609006795,0.4656564964805024,1.3256123396396966,0.6449427307025295,1.4256177030905572,0.1555297730079101,1.1060038916304873,0.17934666157756798,0.02816460267221224,0.24154860912089723,0.11704386125767038,0.6270982239789115,0.06502212234493632,0.06517357955777464,0.06797937210110605,0.6135083851714426,0.0,0.0
15.0,342.5793565245018,285.3102809611005,100807.59846802687,5.232845773471783,180,1.3558534119535546,0.613442596136805,0.08681202407948804,0.03054733621218633,0.31388422673525257,0.0,0.0,0.9956097292139401,0.15543568318276746,0.8384536095099333,0.3551094083815419,0.09570387489546804,0.033491203276864966,0.09857106978325535,2.35232659831206,0.03296193426201438,0.9258280243587915,0.15522194551127608,0.8011693768775682,0.36753031298916594,0.47461580022835376,0.46851499012319286,1.489678354797174,0.03275544203354383,0.030300928672317106,1.4074964350493093,0.4360309350857227,1.3470819954259692,0.5759107712002167,1.3666828496106465,0.15534641692280793,1.1059071023322236,0.1719605779042061,0.033187309550143054,0.22613469493039193,0.11710697691216722,0.587528956541169,0.06154419122668166,0.07146480766164785,0.06897408487676171,0.6294408704979871,0.0,0.0
15.0,50.885224375949605,297.4276088179803,101823.42959211992,9.035504524987289,180,1.4078913139298403,0.6105417355977921,0.08872553730557241,0.03594670996641746,0.3303896560702258,0.0,0.0,1.0150530535578897,0.15522118530116014,0.8345974408688566,0.38419930730164026,0.08347011683056908,0.03436663508817735,0.0899166460714861,2.384080115713552,0.03145520025134264,0.9997259609038346,0.15543450397448957,0.8008491687381806,0.3647536200307843,0.46572869874842165,0.4940043255988625,1.3470189999904607,0.032466585439606906,0.03248315214902575,1.5045282088179457,0.4417394768817752,1.256504802191906,0.6495105113706318,1.2340385697522804,0.1553790136669319,1.1004004153601419,0.18917894365197455,0.031532546521883566,0.2226254268007609,0.10887648266726285,0.5624298216742953,0.06617013073234004,0.06916100117167837,0.06551560914471187,0.6014157300032172,0.0,0.0
15.0,113.92953430585438,288.25399345185025,102073.08913457932,9.81109067866579,180,1.3011280585951386,0.6123386950761873,0.09094635035719742,0.029782505145442388,0.31165049644362824,0.0,0.0,0.9270482060048308,0.15492101271079542,0.8368959945098343,0.37004279696893294,0.09049732114336946,0.03124505875576466,0.09412279911840446,2.2089399859302734,0.03188906032122185,0.9272455983235094,0.15568088540640604,0.7994619085066568,0.3766070412340463,0.4620325383393412,0.4793073768245677,1.5067265986109437,0.03252921720203123,0.032108391828164384,1.5461038343785354,0.4371825897374247,1.3805664716303148,0.628846984813212,1.3038957513150995,0.15574885332020105,1.106305059827165,0.1721377947488574,0.03293951960081051,0.24222566910909057,0.11619005673136068,0.6035461690650403,0.06730080462270373,0.06817459467544718,0.07009577558165139,0.6179947509177628,0.0,0.0
15.0,289.7325421776478,284.74679761399216,101538.78965955258,9.242326937043417,180,1.342910236078151,0.6102251725716931,0.08899922872172362,0.03252687272263295,0.31901270701883866,0.0,0.0,1.0135378651749605,0.15541173511148368,0.8390035003738818,0.3838527749267908,0.08987240848493651,0.031938867923245504,0.07912982127307748,2.2474716013338103,0.030328566035777074,0.9694499630555544,0.15541725586869418,0.7952204566526926,0.33678654607400454,0.4294427748295425,0.4813621246324922,1.2936360291248894,0.031025412903182274,0.03161017632595148,1.5893159448353997,0.45881593617265043,1.3222025729489764,0.6626439403052405,1.3813337613778034,0.15585259472423774,1.1051757096225268,0.17426611857171337,0.03160559943807176,0.23335291706922148,0.11336213343368873,0.6754902043290115,0.06579320625685897,0.06148180271600001,0.06624559829532009,0.6262452742099932,0.0,0.0
15.0,286.15104711888387,285.8843795637332,101648.64222044004,8.45279115689914,180,1.4574112611870647,0.6110910436601907,0.09845134190458285,0.032690419868507174,0.3063898006166663,0.0,0.0,1.062817264344506,0.15508017227799617,0.8392533578799599,0.364264695454217,0.09819367625080178,0.03113360769065511,0.08455247725960045,2.430876969621221,0.02887809212159726,1.0134453387620113,0.15559967836985755,0.7992323150319215,0.3639992176675501,0.39021017736995084,0.4832092532411937,1.4476149475865718,0.031741360302378036,0.034159397147324036,1.597621836435771,0.451023367496719,1.3624125582501587,0.6583076242379065,1.4480309770385482,0.15572047471136793,1.102258624530926,0.1751710832473388,0.031629907305238285,0.2459999083677393,0.10427894596556075,0.5864681324394598,0.06359173629600626,0.06859893189998768,0.06694420635322813,0.5790222300023607,0.0,0.0
15.0,69.9579300022267,286.571680697004,101408.86754614624,7.006656776805987,180,1.3288607740348801,0.6091445807550413,0.09891930257577244,0.03322632012980052,0.3052126004858848,0.0,0.0,0.9854168306896816,0.15506207240506628,0.8363478900299064,0.37013293888917687,0.08597640357427935,0.03439571349597369,0.09244328724495608,2.052055598696985,0.03089302268581351,0.9871700436737315,0.15568554666890766,0.796775400896567,0.36111689898443977,0.4504448663678625,0.4699065562432059,1.4410228662476763,0.030680786853505605,0.03060221506622932,1.4737768862880023,0.451465993656395,1.3105239245393374,0.5758776787728493,1.417148242548249,0.15536557440560006,1.101020934145591,0.18504468995608514,0.033328687145729036,0.24244772608487475,0.10837632208415739,0.6092884915926225,0.06516220880878305,0.06988112546528806,0.06896318180764806,0.6403533090637283,0.0,0.0
15.0,337.0386137153166,287.3250544681293,100292.40337336263,8.099750071001935,180,1.3943322971825995,0.6082525352244103,0.08007807434216767,0.03141570766749486,0.32564298773491146,0.0,0.0,1.0099177590846389,0.15535419192508876,0.8386935298280483,0.3813271868460169,0.08619457059610133,0.02996179109528729,0.08886689971149339,2.247952311399929,0.03222153221949592,1.0737172344268793,0.15560923352153452,0.7993542751565557,0.36586297964492515,0.45736087760702493,0.44817077898687285,1.1865797238567304,0.03165408169943376,0.0324116235943418,1.5883150358532352,0.4018589299933272,1.4401715655562293,0.6234686979691686,1.1443322733052257,0.15586806943445233,1.1025845341144191,0.16395594159261698,0.03238054052062381,0.23259488342535647,0.1199554523905386,0.5980632650619035,0.06689698416502039,0.0702907388705254,0.06524517808580799,0.6131683768134871,0.0,0.0
15.0,103.24473032640526,288.53131724666514,102005.74677391953,9.786518476728485,180,1.3578238034203158,0.6115164589490747,0.09268154669695157,0.03128170211097389,0.3042109770974487,0.0,0.0,1.0130050806686128,0.15561771426611815,0.8388998165569739,0.37815434440841617,0.08704310755175824,0.03419453975897147,0.08764604213674826,2.073009558814362,0.030610746947775724,0.9222834164760484,0.1555726493735217,0.8027502509589239,0.3661751563796485,0.4673840333382733,0.4621743727166454,1.4910517300807602,0.034143640382876254,0.027704561534021687,1.5404125940496207,0.480915341773613,1.314540463254101,0.6113291705789028,1.492269906626689,0.15558641510164742,1.1020825161973227,0.18567084457403013,0.030669140152405853,0.19809939380897867,0.10667768016504103,0.6594363097674281,0.06536082118899769,0.06289768077882434,0.07042168912823103,0.6374637099400016,0.0,0.0
15.0,316.84349893741836,294.52745759178396,101695.94266028971,8.867497635914988,180,1.289694231818922,0.6088408802822267,0.09125507900601752,0.03129548625973943,0.3353409683656132,0.0,0.0,1.0392662791983656,0.1552971745188273,0.8384636229566036,0.3660548387829508,0.09877676683765527,0.02836064730859926,0.09204825319607118,2.292659605446641,0.03522203873568,0.9372395972865301,0.15509206068459488,0.7983219127262229,0.3163673053218987,0.4637702265736693,0.49499782244483687,1.3366786282088496,0.030940203928171702,0.03056244437716105,1.534880838588854,0.4476346589929161,1.2656933441881135,0.6375386987510302,1.279490473222091,0.1554738814968969,1.1022422212574416,0.18724067211927542,0.030523578462425666,0.23504344279884934,0.11660495516198738,0.5944225046360351,0.0659773678547913,0.06420262554219767,0.07183726923451894,0.6569847636638982,0.0,0.0
15.0,84.0814748437211,294.2527760038356,100448.13862326788,8.182283738024216,180,1.3906787100732645,0.6096650065550312,0.09161479208644818,0.033042847904382805,0.32054790238540737,0.0,0.0,1.1022280196431322,0.15505231403003508,0.8394494768061758,0.35117905395177573,0.09324983987619545,0.032580026725801584,0.08404126850240942,2.6147349057258027,0.03387881666877267,0.971640572657034,0.1554615737230192,0.7990025215465453,0.35173555547668434,0.49962438351464405,0.4812463026783443,1.2935069570863487,0.03255708354890902,0.03532599284666323,1.5957726268230867,0.4064914777128755,1.370701220482048,0.6300535766597486,1.2260430644203744,0.1556456521644841,1.1015857665823598,0.18855556757250722,0.030476297174807702,0.22892182448429044,0.10889900850808983,0.633824667277191,0.06690021656477725,0.06606139960558505,0.06873029122969124,0.5933652316587404,0.0,0.0
15.0,354.40167885988154,288.5737745788697,100691.51346975572,5.120496757848323,180,1.3028361384230038,0.6092169239664798,0.08918280834125826,0.03312738291248033,0.3225662374931226,0.0,0.0,1.0048360748162555,0.15498416688482985,0.8410914603016464,0.33907466942460346,0.09204264839158305,0.034379119760625854,0.09126593960171168,2.4824143808154417,0.03191429533459542,0.9489603049504669,0.15505986710727257,0.7976260673384405,0.3599516199152973,0.48819256059719923,0.4594084220302878,1.2684967983139759,0.031959295423330286,0.03164742703453627,1.5736269541707526,0.43099727713074676,1.27986373495854,0.6043205982232089,1.394471788344424,0.15551556388178323,1.1086549966046346,0.17961086175006166,0.03222382373649965,0.2269639878470242,0.11225191299472537,0.6667765494848573,0.06693569665496617,0.0627181440378615,0.06768836947484515,0.5735526975716657,0.0,0.0
15.0,271.3400744233022,298.3993248224329,101367.87466171978,9.761821252911743,180,1.387532705497056,0.6078329459326769,0.09645954569272887,0.03254092673822256,0.32471217742125313,0.0,0.0,0.9953813073510077,0.15552091309809019,0.8355348130172956,0.3399649733483414,0.08798394985087067,0.02840169486448604,0.09196795194629265,2.347362794906732,0.029486647321127275,1.0704598068980113,0.15589822441458565,0.8008673560056735,0.37246474482835096,0.4104806571975862,0.47686747214878666,1.6064235493560615,0.03147087855917937,0.031352399687757465,1.4722222163674952,0.44818961817904984,1.371198259789427,0.577478868959535,1.3437626916496248,0.15531922679590227,1.1026130914389887,0.18130633100132418,0.03300082050179843,0.24607741310001838,0.11460428326922013,0.6016224368606459,0.06979508453493646,0.06957920150457061,0.06717453175044838,0.6158686924366374,0.0,0.0
15.0,315.1501835956354,299.2986751590395,100777.41528788263,5.23019310459676,180,1.350544135958037,0.6102205824418623,0.08656430421387996,0.031936703023649295,0.30479957507719935,0.0,0.0,1.0042070724007133,0.15572739545698805,0.8381165315716722,0.38580248032696884,0.09063998500780716,0.03224390935369847,0.09383568212356527,2.24885764818871,0.03130763427424684,1.0486453111628373,0.15549117690392067,0.8045251814792964,0.37587824026189653,0.506703614595806,0.5102028274704379,1.3385178626545537,0.030953214061178576,0.031116759498575654,1.5136641134782385,0.43185472523389956,1.3766063739599925,0.6175301272378841,1.2861722209902002,0.1549916119747373,1.1000441886777856,0.17434997243855566,0.030657197037022438,0.2307065893915816,0.10969478911230895,0.6360481429377314,0.06723523386663845,0.07406317543199507,0.06820572520798057,0.654089702810614,0.0,0.0
15.0,31.416290684938378,294.3760433157103,100303.02699491226,5.184032001516429,180,1.3549328030597314,0.6127673148676489,0.0843300070839723,0.030896997731426817,0.2898493306083948,0.0,0.0,1.042940080718971,0.15584421628137737,0.8334875181776653,0.38062942095241936,0.08725691396040479,0.02892766560605965,0.08526590211222738,2.722223194210515,0.030826826732942878,0.9882023915818531,0.15541482841739349,0.7991267451246676,0.3758397387180024,0.463744572298035,0.48428983480664567,1.3561401314789987,0.03317051248471643,0.03174183984444057,1.5660699786202252,0.4173907993310191,1.4351786517461875,0.6260458118572114,1.2474785880126602,0.15556465737031777,1.1015086032037749,0.1898222851047387,0.0326207509110374,0.24206561031570184,0.10507222909591896,0.6565431941422488,0.06922521379945132,0.06567578694947704,0.07099170145597258,0.5941599514853347,0.0,0.0
15.0,206.9702248070723,283.28321244187646,100897.23407463156,7.0294161775353095,180,1.3888650198138315,0.6092515155060303,0.09098264423455558,0.030482576050281533,0.3135802716122177,0.0,0.0,1.09641321272212,0.1551876725617297,0.8385229738822743,0.3257777480820078,0.08722218216603458,0.03130171859667203,0.08292439245976557,2.409568112340817,0.031409944748215686,1.0294100671603503,0.15557213918907167,0.7964847378647236,0.36308650304337453,0.4503291454738665,0.43987887178751695,1.350429105932102,0.031842907446344576,0.029015167014149773,1.5264092778479512,0.48356059144846497,1.3663607550108645,0.6036745868603313,1.3984161673943856,0.1553022892522971,1.1026027317917355,0.19318590406012714,0.03286789987922512,0.23176610755625843,0.10866853131569347,0.6779885950670889,0.06567688888282534,0.06433079476838914,0.06296983534729715,0.6463436323623328,0.0,0.0
15.0,179.8364573836242,293.6748868433324,101506.84155155295,6.223678191613989,180,1.237484192542368,0.6135873982973153,0.08893235014046769,0.030796685669071566,0.3032779859100278,0.0,0.0,1.1276140776121444,0.15502260128071854,0.8365382765194139,0.36568855550484997,0.09695187625428257,0.03020992233841873,0.08717614599919922,2.020822453962155,0.030554082272476843,0.9541533876004064,0.15505672954933303,0.7988908096367555,0.36737059389612875,0.46453841347027985,0.4905778817635809,1.317440463729133,0.032184060429173024,0.0301232584745375,1.536246491290271,0.4050251950384632,1.2834364883797797,0.6617460339211401,1.4295966253970702,0.15536194943336765,1.1073743680071284,0.1827366094175569,0.032891525741397136,0.238631683763377,0.1067598277333405,0.6360260787992091,0.06594295653666553,0.06889878942591315,0.07002754573394618,0.6023361439064473,0.0,0.0
15.0,196.83862451218454,301.3756540953529,102100.27212739798,7.186510978620552,180,1.3415308485337567,0.606483653664927,0.09252896854099323,0.03105161262493156,0.3238433683344475,0.0,0.0,0.9705618601887126,0.1552853007101029,0.8388766070673959,0.3760161506059773,0.08775838261930992,0.02996404258621331,0.09246133803896696,2.607711593941468,0.02835309971966668,0.9657876642258684,0.15559056647083536,0.7982883063824866,0.3820580321807309,0.4695724786549792,0.4372607497780426,1.458198001824045,0.03177164804688204,0.02905225456644411,1.600420711296546,0.44209338534607356,1.3795963749366096,0.6194653026912454,1.3419701493879304,0.1556369766326784,1.1042275259675738,0.17453919992002814,0.034183906902539654,0.23932585852869062,0.10690138671677629,0.6365541494817412,0.06318989260365879,0.07077587084408649,0.07250835130294005,0.6103311708218587,0.0,0.0
15.0,212.8987275422758,297.5481303659822,100130.44194404568,6.9562666939452775,180,1.4329514416612452,0.6103470039347646,0.09148702532892672,0.03168458969615785,0.31383653633585995,0.0,0.0,1.0450856763973428,0.15587373355583972,0.8379525220303884,0.36624822775292104,0.09107019621177634,0.02801266380574315,0.08632449385735821,2.043593692340795,0.03281622318979005,0.9771491112125803,0.15549078072946468,0.7956788140333669,0.3976024429588397,0.43880147437697187,0.44797783751756365,1.4862763012065658,0.031453618756012,0.030059661439608323,1.6572085896083502,0.48323016525546597,1.4417199497862254,0.6712040614503936,1.3255481107684506,0.15559565388759117,1.1042973725509035,0.1742177402525414,0.03344600830045277,0.22781931003095318,0.11690828532269736,0.6203862908804784,0.0661366778311448,0.06034159920685279,0.0694321205116518,0.6356521357891062,0.0,0.0
15.0,290.4654092620577,287.7661342366479,102001.12036138785,9.175144726554326,180,1.4200003246518964,0.6045865242279416,0.09000842150480189,0.03248486905952209,0.2874207504711581,0.0,0.0,1.0180861666199013,0.15505601071851535,0.8351669703605417,0.36591623832950143,0.08935259663538464,0.030057067601904915,0.08728818376667748,2.238070423876355,0.031274382347548896,1.019502451329373,0.15527285923776274,0.7968802801307697,0.3470010288458041,0.4891754917242554,0.500759326860776,1.319022308862934,0.03431462307413621,0.033048193034695666,1.5354848707943567,0.45625301878151475,1.329354966058864,0.5710384156201543,1.307827324165428,0.1552338297574125,1.1121115384870874,0.16518506972918925,0.031890863815992834,0.24636210242185255,0.11487658079946869,0.6646677895406896,0.07301220665129658,0.06762514151445487,0.06759186457429435,0.6555564384649152,0.0,0.0
15.0,306.06726474596985,288.7725616607429,101559.45334300064,9.731004186569002,180,1.3405839596516762,0.6150761516691341,0.09023720150028618,0.030225165723220388,0.3516523393067473,0.0,0.0,1.0528395914581588,0.1553349214383453,0.8392862479939758,0.35761848332440443,0.0948133246091058,0.0320016387584111,0.08485810548496853,2.20384302243865,0.033500308138933635,1.012873740040086,0.1553158784078467,0.8013110155139922,0.31509840433979625,0.4833401961928985,0.4818562762740758,1.3179333746673603,0.029986532141691665,0.031651384883437564,1.5861372399800133,0.4333792949311849,1.3245408946090764,0.6224537700802008,1.3559370280106628,0.1554728952476019,1.1065570415720176,0.1879629086340118,0.03135673711123287,0.2271079490961561,0.1120805186165023,0.6369382893769451,0.06717425787463485,0.06927361036564328,0.0651059678954992,0.6306461141763032,0.0,0.0
15.0,99.54369959059807,285.48137724573354,101178.44627159489,6.431662422094303,180,1.367185241531054,0.6078391526204542,0.08268752767929277,0.031930869149032905,0.32317667470628925,0.0,0.0,1.03821651405764,0.15587073895535203,0.8378920814057279,0.37566092047330335,0.0979602938165043,0.03033439077035664,0.09234850428178656,2.5476442476408465,0.030584607353976008,0.9924634501239514,0.15547294030111217,0.8055139389677893,0.3912206227498094,0.5164905358518809,0.4333253863500661,1.512049604938841,0.030078138905656745,0.03139932476301852,1.5789020952447423,0.4362860812289277,1.5198929747656766,0.6117793026658831,1.451936039130329,0.1556681845351684,1.1013152247822124,0.15953543705971182,0.0319312597768775,0.23311078895877443,0.11228736567485265,0.5827863698409428,0.06680655677389001,0.0668163681113886,0.06384279550438754,0.5680215477237631,0.0,0.0
15.0,146.75597620346494,286.17972659285925,101334.94520552299,6.00182652396473,180,1.3931993042785442,0.6101716179858165,0.08783032862862199,0.030746744707579193,0.29633901984208944,0.0,0.0,1.0122004151891473,0.15499803964293288,0.8323415368290665,0.36196854122276967,0.08136945027624834,0.03428632531377189,0.0865708978249903,2.375331741194053,0.03364071722123534,0.8794259827176008,0.15541435956473634,0.7985312741144202,0.36571440220401025,0.46329850434060155,0.4816224272138403,1.6104630607634103,0.03074938323663273,0.03450140728253812,1.615056383646647,0.455324825042689,1.2914007880052296,0.6119186423996702,1.332171728481538,0.1553884060828039,1.1017302289056026,0.17562836488130332,0.03458887719487405,0.22832882452797615,0.10001954570733333,0.6169884500988633,0.07018710645707578,0.06252977418446992,0.06281340301444388,0.577341614422604,0.0,0.0
15.0,309.8173640050677,283.02910035516237,100934.97992417541,6.933861323476981,180,1.287243410237756,0.6075605050701013,0.08926465054951002,0.033485506315991856,0.2896786228774983,0.0,0.0,1.0224972367801517,0.15490368885161684,0.8361736639529762,0.3405030043092692,0.0882092724172969,0.03126100948030348,0.0800871021028054,2.5642756449718025,0.032996554768281144,0.9472576358412501,0.15546362466499736,0.8005131405312724,0.36707687956090207,0.45143928287618823,0.49794962144238575,1.3288678262984654,0.031241073633745127,0.02959957761001301,1.588451452623755,0.47456862339045186,1.3702609920865525,0.6470221404363429,1.358739151556677,0.154886019161786,1.101492893002795,0.18809237644942323,0.033120347249278925,0.23000158924834943,0.11241596212476837,0.6530094871101333,0.06518784036303887,0.06564220402377881,0.06554889814109345,0.6288765045723377,0.0,0.0
15.0,287.91517322835426,284.6468800398431,101597.20803415772,5.331957680071791,180,1.3988698970050244,0.6087478702570326,0.0897978188402534,0.0296997912944724,0.31097312516073083,0.0,0.0,1.007278674112807,0.15581158808416345,0.8351210073310943,0.36198431464039094,0.0823878191592296,0.03361750958947314,0.0971415885532728,1.9786761751650088,0.030087994327901928,0.9569055383954634,0.15572834761235005,0.7978491935641532,0.4034605024132502,0.4664162384845944,0.4575768953987212,1.1727014269468958,0.029813345218428086,0.03451665460220028,1.600176576946191,0.47188843861831153,1.5064158212225058,0.5617829280282844,1.293149438942692,0.15543138018575398,1.1027095729850063,0.1684985369194111,0.03192183949668447,0.24444497028069154,0.11122313020851667,0.5820969735229657,0.06664660753558578,0.07156504395459261,0.06543398690274904,0.6332184046072593,0.0,0.0
15.0,53.59740335304597,288.9159175502992,101665.03139293662,5.121051869856951,180,1.3148495037140548,0.6089037358324024,0.09424591114604178,0.03697165654202016,0.3038796506012388,0.0,0.0,1.0562351863729915,0.15551001166551212,0.840665096342879,0.39839746734712334,0.09128790064233748,0.03383569164146907,0.08504362833299503,2.4512034015877457,0.031808987319421805,0.9453504017830024,0.1556827646400562,0.8022080492968405,0.3930892847315838,0.5184082362261262,0.43472028677135893,1.3536664617515575,0.03235766091660495,0.03332756866099289,1.5034625427446502,0.41966166840934144,1.3610501404150812,0.5740931771563882,1.44486529812892,0.15584307380023243,1.1077189060638997,0.18799045665677028,0.032986522092319004,0.22967868241393113,0.12461835553888781,0.5938396913329056,0.06944388365794572,0.06617696773699291,0.06657388012713882,0.5909158638829174,0.0,0.0
15.0,69.53079956649141,301.7079244281402,101595.56514613992,6.63854963776789,180,1.425140550091162,0.6077960275306081,0.08672286466753563,0.02963273416700497,0.28836972335043437,0.0,0.0,1.0152725712031734,0.15570676032999897,0.8411676333097907,0.3589423181025619,0.0947480909186395,0.030842007582681467,0.08647126015012216,2.3136256067163834,0.030581729207934324,1.0212347083733133,0.15558664364626107,0.7974189626650952,0.35899259984305903,0.4766016317108915,0.4630280445960231,1.4199657641947492,0.03241855200884054,0.030461027730575543,1.523188545280785,0.46375615574918233,1.4192919306842278,0.5878611807075466,1.3619236019656231,0.1553294497442602,1.1053827226392408,0.18141755902092613,0.03304359554662857,0.21401311172504378,0.10505816354468693,0.6160744347199092,0.06246115190386638,0.06121375546639754,0.06534181472595144,0.624041836648419,0.0,0.0
15.0,220.0608076142188,297.64690402075604,101510.48722564148,8.54298166748751,180,1.341524864605557,0.610420006543717,0.08860391485387882,0.028944780813966106,0.32151905466660285,0.0,0.0,0.977365754437782,0.15557173742446667,0.838309422924312,0.3622064882653629,0.08015682112683956,0.032142875513768376,0.08564642528327707,2.715005203618655,0.031620258271043984,0.9687864326707868,0.15529688608084682,0.7994501939647303,0.38763746928563236,0.47040122887725955,0.467506435032368,1.3017329097777903,0.03197907759471653,0.030571009654301578,1.5467557495262558,0.45293728517247706,1.3034735641940955,0.625723102034596,1.501200725968892,0.1553814938121348,1.1057342292117327,0.16780177362190773,0.03210260432475475,0.23646399206695767,0.10756864368233485,0.6598612368057587,0.07129208115691699,0.06989439007314749,0.07011004976896205,0.6576522387151766,0.0,0.0
15.0,242.23433244150115,299.54269552310467,101538.79050894344,7.888062643792441,180,1.463459149773977,0.6110409129082242,0.0921760781927366,0.032569718498352766,0.3111376045118294,0.0,0.0,1.026272265569432,0.15505291950403058,0.8378813032444301,0.36271772753818354,0.08778399883904896,0.030597577832551782,0.0898973563557434,2.3752219993151824,0.033236641731004726,0.9112870463357193,0.15548627265233667,0.7981055719389417,0.35274176199660695,0.4335772513162035,0.47684130456719703,1.4818204153818397,0.03277542705623775,0.03205211217455815,1.5403647771954332,0.44946406050153437,1.302787681905481,0.6458305772979716,1.4247112923584,0.15510193741273665,1.1080107964746608,0.1810946688628437,0.02941199880598174,0.2346267106325799,0.10300822255296246,0.6114818436531755,0.0686788128986012,0.06236940446416718,0.06273709180575204,0.5970360335774832,0.0,0.0
15.0,204.76883910373937,289.7929945613714,101222.75483189429,8.325262009360044,180,1.3191023751642161,0.6118225892091463,0.08314900829240925,0.0300554371697154,0.3096187780844462,0.0,0.0,1.0611563251461051,0.15629036132454457,0.8362118100949751,0.41322565908604486,0.09231209379401616,0.030033802086464074,0.08946062483277181,2.1358456162523867,0.03206165796678931,0.9983957024636079,0.15555105224969573,0.7981558203189479,0.3642915472414362,0.46077474319108125,0.45716975195510523,1.1267873677340414,0.03359906605854488,0.03183747750855748,1.5347334163846347,0.46309418960077775,1.4000384133274557,0.6761982760670081,1.44699237735115,0.15499234315698546,1.1031403819308356,0.18472142582286014,0.03272571824871417,0.23873397263387466,0.11196346744992514,0.6081352431182099,0.07436623757729278,0.0695320759237704,0.05962753579433209,0.6019298489900929,0.0,0.0
15.0,203.04565738214,297.1108429712175,100386.7219677428,7.897825277908963,180,1.2721003399433763,0.6102971804381012,0.09816594101542095,0.029549795865771406,0.30935705184881657,0.0,0.0,1.064059319180371,0.1552042281225273,0.8392878089035899,0.3621243514987712,0.09111580990508543,0.03205568318335945,0.09434393499566218,2.3562670631692293,0.03104074180119375,0.9942626731013879,0.15580567522052532,0.7993589402405906,0.3492750701074964,0.47017069844919657,0.4486016671841636,1.5632799773989814,0.03270433524313323,0.03141020243884559,1.4368647716657788,0.4829509912885141,1.3731720587604102,0.6638012518311587,1.4102126634420729,0.1557934370957956,1.1005970243691467,0.1709364886875786,0.033700258067394476,0.24427816404174366,0.10609582848644063,0.6399908753376581,0.07672990308539245,0.0727141028186047,0.07652867074084305,0.6601733875271047,0.0,0.0
15.0,149.57374688565042,294.7111314089605,100700.46120223476,9.948561145611153,180,1.3740297222049986,0.6092930799241051,0.08574000514345687,0.030704973962184193,0.3081231388109405,0.0,0.0,1.0196013708818759,0.1554050178471854,0.8414530201314971,0.3695926275533493,0.08950673744439343,0.03211729961551255,0.09270968828789647,2.305425360629227,0.031948237481098755,1.0210265501503855,0.1554249352793866,0.7989359108185822,0.3799460065938387,0.45761027917296776,0.4372909908252065,1.504476656548285,0.03193957506071716,0.031416687737551935,1.6446662116102442,0.4809263544591931,1.4003247499129956,0.6640192292004559,1.3535320730733655,0.15530247466286407,1.1084404182775778,0.20814941869609982,0.03250685863010581,0.24280642607096353,0.11100304608059944,0.5870911262869521,0.06438852748706708,0.06777518121664647,0.06593179956043535,0.6393119537870531,0.0,0.0
15.0,18.709879088978795,291.0087848990039,101435.27547907118,7.393609741024283,180,1.3642840560130847,0.6067697239002483,0.0951644631623973,0.031430215841210585,0.3238528435742059,0.0,0.0,1.0117346640692162,0.15528544836869013,0.8377795642634267,0.35597155453886636,0.08733330021823661,0.029876356901148052,0.09236114022398574,2.51655502645502,0.03363203767380614,1.0576551005099102,0.1554518141204579,0.8023227914580721,0.3594546996294253,0.5036613439839135,0.49198442690103017,1.1623299220391732,0.033231275370606474,0.030994946219306083,1.643472891021506,0.45987845047039083,1.3903550261266036,0.5964409260863114,1.456420752188687,0.15567673222065426,1.1068088078369278,0.18517612155948637,0.029501456721207263,0.2502772625736167,0.10287934463810335,0.6098242466406245,0.06733445535082967,0.06355316493488267,0.06643908145044808,0.6322171230798839,0.0,0.0
15.0,170.31097333309162,290.02006976342216,100819.43736980009,5.506876828342222,180,1.430211365092645,0.6056956272566728,0.09179534466503775,0.030641882078959175,0.32668104755042665,0.0,0.0,1.085508655532355,0.15540803385110794,0.8370994999688243,0.3684372546826487,0.08980787238164378,0.032771409956626564,0.0838529552424068,2.30524394472694,0.029917186808717477,1.0292101540871268,0.15523621911525964,0.7975286438015051,0.3699091927461524,0.4652441549002927,0.5018371204371793,1.4737758954672082,0.031902837685061414,0.030744826759035556,1.5345054835060163,0.4470752740332658,1.4334794514627947,0.6418981495460895,1.354263718980812,0.15569309106719914,1.1016923555854408,0.1761477941821939,0.031141432927646595,0.22855336434960777,0.11176810180422818,0.600621991695853,0.06731792560730199,0.06677429105103833,0.06707494436419505,0.6328528331985556,0.0,0.0
15.0,114.9830628263705,299.7986025380601,101115.19663447846,7.903615254966452,180,1.4072777561447007,0.6065451691038067,0.09371490440801816,0.0330837827441337,0.3008505374112233,0.0,0.0,1.014673244431107,0.15509231875450422,0.8362962552165302,0.37279991616690394,0.09357604497251606,0.031225206933897198,0.08899747003777739,2.4275610126874763,0.029921904323568324,1.0667294862891887,0.1556930821930546,0.8052366900200923,0.3729423860548383,0.47441030269599826,0.4624423356010196,1.3007672083511888,0.03132169886293466,0.03084351100611071,1.5940826514364794,0.45634000201291886,1.3540818926426361,0.6131918008062387,1.3228245968314527,0.15566536496778252,1.1080548413358395,0.17855622783596442,0.03421991385291457,0.24930112312238342,0.10383629330244798,0.6769479893068686,0.07319340989497254,0.0691747767424563,0.06653621391602661,0.6287208450263688,0.0,0.0
15.0,351.6937414567286,293.77119017839317,101715.8777453724,6.902878309592396,180,1.3296152678378996,0.6082373205678671,0.08813234150704044,0.03300246880783226,0.3181805911239564,0.0,0.0,0.9526736108101359,0.1552866396401009,0.8395118506085234,0.3742113861792007,0.09110563354362652,0.03166861392584945,0.09071149838120567,2.537155643629322,0.0354821710577123,0.9914532350394932,0.15578597587397236,0.8013974075281614,0.3715917190721816,0.4388460986346541,0.44548455502302764,1.8353424901913624,0.032548763104635975,0.0316505087159083,1.5677636899952294,0.47530807249683565,1.3626735273144914,0.5368911034285301,1.4241871350596553,0.15529500402681545,1.1071600636124765,0.18446539986190222,0.030830365524538092,0.2305990803469543,0.10744463237456843,0.6572350037541571,0.05991654767212942,0.06798559751515142,0.05841076251279329,0.6627279688581751,0.0,0.0
15.0,93.43662037987616,300.5148894004683,101607.057475887,8.395561535270458,180,1.3356188965574751,0.612286733445656,0.08374810567443926,0.03164328485531998,0.32626726925633515,0.0,0.0,1.0126359221844814,0.1555898377650175,0.8379342896852928,0.35004270782942604,0.10008741944706649,0.030139809797727696,0.09270361049351698,2.3189883430978986,0.030859236286878488,0.9514349887277704,0.15532963365140023,0.8053071702849759,0.3785360447593412,0.45036948207570776,0.45055794894142065,1.1874596641009192,0.03740576951323552,0.030570338377181053,1.602127238053252,0.4444612864203086,1.427623226649588,0.6600590098855893,1.3532796039557948,0.15528494191242023,1.1061412786176572,0.17611526432238275,0.029427205947780855,0.2228948258889779,0.11801849676815167,0.6288654894492823,0.0662641699519635,0.07092975802043766,0.05944770011884617,0.6722642069815864,0.0,0.0
15.0,233.58123816107525,294.5478535548433,100994.76533574946,9.156469926881558,180,1.2858171634446172,0.6077871216419192,0.0909358936045559,0.033290564606934234,0.32931498429241784,0.0,0.0,0.992933264078568,0.15553657434148885,0.834825335609121,0.3674289303775903,0.08217889145981136,0.029431904021653913,0.09155341380702242,2.5299028982016805,0.030094678761527497,0.9821700628286224,0.15557848641717925,0.7982334818385484,0.3308211877437685,0.5000480459343646,0.4589562639282157,1.5816873131707472,0.03366702542740698,0.03222837813032368,1.4641848216723898,0.4230649255679482,1.43867685555382,0.6105032602372301,1.3944930234327235,0.15569989595647896,1.104594830004041,0.1837526790642696,0.0333358730741266,0.2357370988257827,0.1151646644060638,0.6264959882975012,0.07237703240211406,0.06637963035475132,0.062714687302123,0.6577682426952336,0.0,0.0
15.0,109.20858137030143,299.1060862112757,101239.79078122039,7.402377439143656,180,1.367680160582879,0.6094884379422573,0.09104676609437112,0.033467206939983514,0.29040700376869233,0.0,0.0,0.9453784860070708,0.15564522884466886,0.8390566234534358,0.3388926400250051,0.09384918397487653,0.032309138814234924,0.08842537101947871,2.1918471645045474,0.03289782091171641,0.9186157263251841,0.15514154217198128,0.7998021430508399,0.3867623357957818,0.48159267926200355,0.4719968331819574,1.4110534468291522,0.03045857022208241,0.0327420067662038,1.3823912865718382,0.48094973989962553,1.3799482387187254,0.6601606173027832,1.473157230760324,0.15547478647678076,1.107580798678733,0.1776717157681562,0.031041789001191023,0.24929099410702105,0.10828031411077137,0.6242996759124644,0.06899039549098791,0.06428641598462445,0.06710859509199577,0.6349007602428335,0.0,0.0
15.0,128.2811671367117,284.13985787597153,100817.16440670846,6.159938267843975,180,1.3768740129520385,0.6062558840402756,0.0937116126669049,0.02867294737878205,0.29414669516626235,0.0,0.0,1.0458445350332204,0.15550745422087936,0.8362614432648506,0.3606965513911912,0.09036593347693209,0.030998325083684476,0.08479249059393643,2.280917762282519,0.03474449591633211,0.99722209696617,0.1547689046092838,0.7981657580700451,0.3885820238105772,0.47360418368292795,0.4410567591729069,1.180664428840191,0.030555447996170847,0.031151264470251534,1.5378311344782842,0.43157609219608617,1.3785046832814138,0.6582044773408334,1.378856875533235,0.15569722754090537,1.1029532541684324,0.16843560569196325,0.03037375682206969,0.2434060699994202,0.10216804855000161,0.6067564254199325,0.07038446831343327,0.06709501214736406,0.06818651498393907,0.6192945370703747,0.0,0.0
15.0,117.63526243543913,285.5425426916753,102425.1865169427,8.922043674620491,180,1.2740665629541168,0.6109079569609533,0.09826638146919711,0.034928880371068304,0.31180177990551067,0.0,0.0,1.0315313486362099,0.1553895755226818,0.8420729261061611,0.38454127181917663,0.09284666149554553,0.0322961227745729,0.08500641126350288,1.9038277840602564,0.030611096381265513,0.9440255960651136,0.15537944924592567,0.8032252620168355,0.33761445726805306,0.45252956935694866,0.4663743931914595,0.9956683103874484,0.03191200801632995,0.03168434761653335,1.5927843096258398,0.4335591774012408,1.4354466240249328,0.5797867433825539,1.2714253160300466,0.15494896742379635,1.1020640271354134,0.1841990841160674,0.030481470693080777,0.2462283547584337,0.10835634917961665,0.6912843886766713,0.0657330691875718,0.06345683034330415,0.06476753744914235,0.6065490057422814,0.0,0.0
15.0,249.12304611043322,283.1392861079978,100594.87764640474,5.840753504879153,180,1.3588768073343696,0.6063794611915425,0.08850494488851221,0.03180927759504874,0.3143778317810776,0.0,0.0,0.9969527533520112,0.15556632822079014,0.8363324738797184,0.38828294381003503,0.08823303161006966,0.032170523362962306,0.0892032547511472,2.010628577958425,0.031971196823989516,1.022298771272091,0.1554125939130501,0.8023663077586465,0.3821834089188324,0.44238948655600296,0.47010055315377886,1.621959875693315,0.029362263410818185,0.03006954839812615,1.441269614932645,0.4667346781690725,1.2510317252380332,0.5922097282197969,1.3674840571064284,0.15561495520323307,1.1004115968848358,0.17544880671468524,0.03414426169795786,0.23760868627191326,0.1053068067088202,0.5588573102778824,0.06752951662960682,0.06569640160308199,0.06542786868892418,0.6209809410089536,0.0,0.0
15.0,112.70288067572339,300.37640530556206,101679.36533913275,9.001549618092998,180,1.4288597637335556,0.6100871420702043,0.09561860500568226,0.02852584740081122,0.3213615931784302,0.0,0.0,1.0089880753555711,0.15577327406079597,0.8355031356928889,0.3794034110701966,0.08991007063011285,0.03128444661951515,0.08898166587007059,2.241445465638567,0.03522200516360179,1.0266399285274803,0.15547466327983453,0.7968789547693903,0.3765293032623021,0.5053648297268167,0.4978263226972977,1.2966965439446245,0.03215960091962931,0.03365917249553566,1.4403165754437233,0.45386290021543135,1.3658438873123102,0.6696142161862096,1.3888929111030686,0.15503624816308778,1.106829013815011,0.18756825121840054,0.031141149464825716,0.22650734820488722,0.11202865661998196,0.6244123219872441,0.06428736893190866,0.06700433694504103,0.06575269304303337,0.6663018844860442,0.0,0.0
15.0,338.76429353517733,289.5807273123452,101145.99034130022,8.348462385866755,180,1.4012939623549037,0.6121031605453972,0.09920109650159456,0.028123741279965295,0.31493677601637965,0.0,0.0,0.9055887133850111,0.15546656626491503,0.8332994352834067,0.3702427422384248,0.08728904277419565,0.03053750289515969,0.08812404003048294,2.3096957751273663,0.02964938421653616,0.8476332272722148,0.15573007836855132,0.8012641939606812,0.37963254365101845,0.47622212041251893,0.500077975246058,1.4115799617342109,0.032974458737473296,0.03231981869531695,1.4775699739780457,0.46446436893711235,1.3051905808124862,0.6244501197739318,1.376136347884201,0.15519882854181016,1.1061460914839414,0.18204802261457034,0.03127446712997704,0.23442338498531398,0.11344373666746231,0.6235140947430968,0.06342072986271476,0.06780851470062253,0.06661735967469819,0.5565159619057647,0.0,0.0
15.0,268.8636942966297,287.64129216118044,101126.25783364553,6.135742537499472,180,1.3482941094907999,0.6110087199945003,0.09249963621246235,0.03234555409714423,0.29963315459492107,0.0,0.0,1.029445999698233,0.15526003174405364,0.844901245712095,0.3443001210634595,0.09375167865258047,0.032200529913556486,0.0921463505418161,2.3834184626786437,0.03160437035609937,0.9292893946370704,0.15536011478648562,0.7992394264543277,0.37393772764233446,0.46909746795036666,0.4857094530276287,1.3793737984831482,0.031164192376766396,0.031791933721510394,1.6488079530820472,0.4983825977870188,1.4462912004189585,0.575605221449365,1.3640760511395755,0.155815487060964,1.1049255507133093,0.17648665002160707,0.0305568715401706,0.2568591514017661,0.11319131157169703,0.603825492092026,0.06299410949530646,0.06324299714006758,0.06581246610423525,0.6219860801952456,0.0,0.0
15.0,199.41372308877956,292.3546372905124,100897.96180412844,6.069473671530002,180,1.3817163257944578,0.6084482984259988,0.09031965492683816,0.030696858897935494,0.30895328551483126,0.0,0.0,0.968758918826152,0.15527127229039678,0.8387277226749345,0.3708945026217694,0.09398983907499175,0.0353960496480768,0.08893942092546574,1.8634043202076918,0.03239538685361396,0.9742215132481891,0.1556282122809006,0.804583805868798,0.3781830764855418,0.47820144265498654,0.4271904365080983,1.5194295942791376,0.031105175284433986,0.0316090520710524,1.5979584085627554,0.44599231170853315,1.2774472031035173,0.6525475755273583,1.3556726354649802,0.15515091542527543,1.107098270464118,0.17119240515347248,0.03146937403606144,0.23873537634826164,0.1150378097525996,0.6451281149110298,0.0738548395444824,0.06671576058355161,0.06860826267840442,0.5943946422792918,0.0,0.0
15.0,167.7749757610864,293.7187857780046,101053.43546447164,5.35608157958752,180,1.3714956957726465,0.6052331049196176,0.08972905860815554,0.029430081874661427,0.30575410324702074,0.0,0.0,1.0687395913281938,0.15557542565546412,0.8378508418563835,0.36304734512092773,0.09099368677960543,0.035051505770488295,0.08451506874642482,2.044514182892366,0.0334897811689248,1.0081033237012742,0.1551593667048241,0.8000681917460073,0.3941926182031626,0.4484481346014703,0.4782616257884609,1.455556383527341,0.030418197888864195,0.0290420895151706,1.5554354998963922,0.43185900617924433,1.3724403647363137,0.6248533532368895,1.3754995238565872,0.1553800118274649,1.1043373097807807,0.18522068382216453,0.03040391215382059,0.24621073695074736,0.1009790716710454,0.6103734877984887,0.07052727940170035,0.07030064706462544,0.06680820511668512,0.6281075063166545,0.0,0.0
15.0,59.134034193339026,283.85674169571143,101315.64425257026,6.7808165505965645,180,1.3020681898485633,0.6094423303311758,0.09587297282572046,0.035048367007167625,0.3231019103498657,0.0,0.0,0.9963843824482493,0.15558005134860503,0.8366258237229565,0.35162552336131353,0.08686916351520892,0.03118877020624451,0.09592364272578441,2.0714965384501514,0.031491617786481636,0.9695961194925383,0.1554291740834639,0.8003407139725482,0.3614697203393462,0.4514105105553139,0.4852422152620903,1.2758678610692038,0.03355829342045883,0.02976485015264453,1.5554548089857327,0.446088822706884,1.3741043887441058,0.5882180454970432,1.3097229882613706,0.15530130608098655,1.1046750555996572,0.17946177424161244,0.029908082394534703,0.2186590523432042,0.11360502941392484,0.648856681665815,0.06621919384654648,0.07385759762946094,0.06692031154095597,0.6080013776723088,0.0,0.0
15.0,304.2064024511913,300.29005990724073,101024.69309094662,9.089725735319702,180,1.3335552456302047,0.6086884444260534,0.09001819022457976,0.034045615638870784,0.30218750372647074,0.0,0.0,0.9595234156490925,0.15505623262162252,0.8368807790783462,0.39537637828087424,0.09733103727765073,0.03301118713734623,0.09447850561387648,2.153626786040675,0.030409321934767402,0.9831594565006143,0.15545288251673334,0.8009837058318655,0.37819115174734685,0.46447567669823947,0.48375562103126507,1.3436277517686468,0.032757413480586015,0.031718188866105695,1.5487467473318461,0.486507303828967,1.4135089265164393,0.6282111898059044,1.4832515229750511,0.15507957170907335,1.1053266213611228,0.17846572538378305,0.03277540769093852,0.23565723343924808,0.11317120766395136,0.6397813111394489,0.06834003911674086,0.06922421841827921,0.07221099631780503,0.6414430918804112,0.0,0.0
15.0,118.81790682335418,286.30225956463096,100812.02065560869,9.363391380806389,180,1.3625377564876393,0.6044329597253232,0.08973138568595787,0.031899205064904665,0.3109410495402824,0.0,0.0,1.0079627905694255,0.155519454406122,0.8363538559849294,0.37616722924910173,0.08753526395531931,0.033153799712630536,0.08353268427452319,1.9625686465368353,0.031244318713680594,0.9794584359091231,0.1555684241870505,0.8000050709485081,0.3776134057783216,0.4446253998313923,0.46309981852333487,1.4367351288622099,0.031138224078168103,0.032453085978933434,1.6099354834433923,0.45898451082493597,1.4220617283604153,0.6282862135769924,1.3123996547984795,0.1550548514303214,1.1068744297352189,0.17074420290631526,0.02991019567450354,0.25015260724982413,0.11485005778811601,0.6563927242460895,0.07078394030518498,0.06948488782415775,0.06358249175792,0.5692267065952117,0.0,0.0
15.0,185.01819256519758,288.1536788434486,101209.94998719664,7.703931219083347,180,1.3633638350704254,0.6097676188035224,0.09006341345209415,0.03213502800206866,0.32189938340148316,0.0,0.0,1.0917309456627187,0.15540057473893618,0.8349722142195661,0.3806507291631635,0.08569601635485151,0.02930796018124871,0.09612242610495343,2.2397218576984486,0.03270524966764662,1.0321983910516876,0.15544485629120164,0.801808880996432,0.38597217844926107,0.42399622675164556,0.5121302685569851,1.568468806493695,0.029208062631398024,0.03150132091982869,1.4578107093535215,0.4277541763999982,1.3518036661099526,0.6447176605976094,1.263213988474464,0.1555778604503739,1.1084120851483756,0.18070747941157358,0.03152228940934224,0.2476190702322477,0.10665171180343141,0.6010335684404187,0.06415571849877025,0.06981804584838147,0.07272923150798798,0.6088598544444828,0.0,0.0
15.0,67.13079817045211,298.3019041246761,102161.8561718908,9.051106974485922,180,1.3648421115132068,0.6079362429420309,0.09360797441619384,0.03646661478040321,0.32349558514367716,0.0,0.0,1.0419926482978492,0.15564214491630826,0.8420098049199136,0.3635851153827451,0.0922829675767009,0.02911521630381701,0.0870419858559806,2.1140591578506975,0.030579224697749766,0.9712170894304913,0.15597566513901875,0.801655935466541,0.35709912947385297,0.4642618855772284,0.45358414397806873,1.0783463492523648,0.03496148636248211,0.028332795669544206,1.5522389003506,0.4675421432441295,1.270284917143313,0.6382038522172387,1.3531529076954874,0.15574607251104167,1.1084925859246906,0.1736735207369484,0.03243742767255763,0.24148377254221923,0.10200669808439876,0.6648763462354492,0.07045400959378496,0.06894580589346351,0.06741419227668509,0.6137838040669242,0.0,0.0
15.0,28.58350131863077,285.03967911115046,102280.31781266112,6.925893028537814,180,1.3327163358917427,0.6102398593626175,0.08665196751786974,0.03278568096528419,0.30780815938007566,0.0,0.0,0.9844949829477265,0.1556363360304765,0.8388155558067827,0.372537988105631,0.08429319659316215,0.02969865851667965,0.08757659175323462,2.6306453144649478,0.03181183959121995,1.0376685182807752,0.15537225969577956,0.7976618693727796,0.38308336463763615,0.4926174505336887,0.45232027918767437,1.5120088497153252,0.03230723014945796,0.03057772049894744,1.436183107850662,0.4765616030080187,1.444971511714185,0.624796498421985,1.4906350161788458,0.1555057309512177,1.107624188222012,0.17663411270603235,0.030496518607437823,0.2514016244979421,0.10638286282135946,0.5774534405036315,0.06684055435421707,0.06438198010158704,0.0689645920691825,0.6115656595726233,0.0,0.0
15.0,8.098809573717798,286.1451187078886,101111.21330994334,5.358434837975658,180,1.3239965872038844,0.6089545514444417,0.09122101646281995,0.030358760336523568,0.30658922250969856,0.0,0.0,1.026186468971649,0.1555799916741652,0.8438974508282491,0.36416736818660045,0.09354856798164334,0.03460986934732301,0.09401042370080048,2.333645583176025,0.03339735454310634,1.084327710300084,0.15535209661666022,0.8011858222761405,0.353362182256237,0.4517436313534515,0.5106102783764082,1.3908928214551552,0.03052366712922761,0.030461525745893687,1.6069019185603102,0.4797783581297252,1.411043312841488,0.5573368442399906,1.3968602340704064,0.15549990905666716,1.1054349283935692,0.1646395306101978,0.03148889217995929,0.23060344794800866,0.11340744921775518,0.6579938058009421,0.0707083675891468,0.06258270587753569,0.06510990052010117,0.6713557019538249,0.0,0.0
15.0,179.60633670495497,284.0333924095657,100395.88285494327,5.67967425098616,180,1.3719490476413545,0.6115308043483629,0.09022286097760712,0.03518657393957651,0.3234610346904135,0.0,0.0,1.1022928160707712,0.15578128526025325,0.8343483781927584,0.3560131383941938,0.09798563782917982,0.0357815715055573,0.08713337728290863,2.5922633143108085,0.03451855796736378,0.9427565320697435,0.15538610013285098,0.800671112946824,0.3709207144035826,0.4301490457587391,0.4863607213833741,1.3172034951960325,0.031122808523492702,0.0308341976665562,1.5085923583054865,0.44723057405324157,1.425124456621585,0.6393342690647043,1.279475165922241,0.15550482841970353,1.1086031136261068,0.1733211548986048,0.03152670681328022,0.24533609555680042,0.10962904804535736,0.6121168561139634,0.07129313999539595,0.06733641959440169,0.06721329595646944,0.6466355310982784,0.0,0.0
15.0,36.50787571308804,284.4686929674523,101436.8008744401,6.061708883791096,180,1.2649105906194915,0.6080589492293659,0.09063589595704415,0.030619356179202074,0.27434968276185395,0.0,0.0,1.0341886089549515,0.15536660178184208,0.8400364911046286,0.3759981044236636,0.08498463816602217,0.03442537919849061,0.09434490646050461,2.1830916387365993,0.031690179053171334,0.9933573077213964,0.15575929631041924,0.8021399211908408,0.39224564701984277,0.4836160278255376,0.49661187501881476,1.3403955794895566,0.030334933257606826,0.0313253719533658,1.6967110715668539,0.4774009731243138,1.403254864130134,0.5458025865735264,1.4313484379857175,0.155520655895363,1.1053859264525066,0.17056047259756404,0.027902369949698677,0.24023703576427904,0.11180123793053741,0.6392431091725815,0.07136210331419822,0.06206566886089969,0.0689213892715369,0.6200127766041315,0.0,0.0
15.0,178.42113373973885,286.30598324707313,101015.82070536644,8.271457233868617,180,1.3748249009852458,0.6103922405407511,0.07725904055058348,0.033430370805900354,0.3122278572821414,0.0,0.0,1.0885012054545518,0.15535427163204227,0.8389222046103494,0.38679486418633885,0.08281969400997849,0.03115418324468156,0.08864800006406653,2.3949906112465222,0.03440544076421268,0.9865359734572547,0.15554853128822543,0.8001838789126524,0.33053553515212153,0.45554251755850733,0.4550207823693089,1.3338332033667195,0.030020626209921564,0.03200304718447449,1.5752894952825767,0.4217258231833427,1.3506636437417934,0.6265492441372935,1.4360570494228202,0.15570880052567224,1.10369549944905,0.18954366643490625,0.029613314534400394,0.22007077554534274,0.11729256826247232,0.6376727000188879,0.0684597804926315,0.06628970007364739,0.06910775851810194,0.630682166313047,0.0,0.0
15.0,122.12881606648071,284.0649195351269,101957.64470345514,9.559616131206289,180,1.4520682843893822,0.608328235978786,0.08874806329483563,0.03012702565074987,0.3269351689596241,0.0,0.0,1.0667344007154447,0.15503028997361193,0.8324314718715612,0.3857967725534725,0.08525975020077753,0.0337011617948985,0.09888387139941533,2.545351082583038,0.032335440516301474,0.9245508426051663,0.15560792706391524,0.8009230685026113,0.32917734609121674,0.45092832850287246,0.441245158095383,1.2689030171190014,0.029765076440101082,0.03216910224461744,1.3317939643951278,0.46924899928505615,1.2542757179339323,0.6524241505374692,1.2716042193044026,0.1552434004309553,1.102474173221208,0.1691304445600382,0.034849439098936584,0.2401120797121881,0.10732824019745923,0.6012370759349299,0.0680579867805563,0.0620561684652781,0.0668659361564749,0.6723176452127031,0.0,0.0
15.0,119.14948798145387,295.2023013011535,100925.10732613764,6.8264787018824915,180,1.337653527967775,0.6055371608804456,0.09703595553003325,0.031662625723422225,0.2848651765357069,0.0,0.0,0.9961246411427188,0.15567151642667018,0.8396130658628879,0.33060956586197504,0.09036030579456487,0.03567802423677843,0.08850891022133398,2.1838096763280737,0.0331217687778639,1.0352340324368012,0.15519401317431036,0.7983848791551588,0.3547569052485576,0.47751657623550064,0.43762130569281715,1.0528657530461611,0.03213496363587617,0.03311428208906312,1.5187577601453868,0.43311520248998114,1.4141523522286001,0.6561640896719744,1.4245843080572318,0.1557474577400969,1.1019914655794862,0.17878794044442903,0.033813761389748606,0.23505860072202162,0.11814099921063133,0.6554680588779771,0.0635731409983919,0.06297385855731578,0.07010277746812364,0.577220471039745,0.0,0.0
15.0,105.69301659095375,283.88784903574424,101831.02240352843,9.797287868162575,180,1.5091497573145731,0.6131566169695737,0.0931507772381327,0.03458321800709947,0.2730281191450412,0.0,0.0,1.002054475292897,0.1552882574582505,0.8391217524927914,0.37087703929871085,0.08344663225383096,0.031752982575224686,0.09068303023125387,2.4616188737057865,0.0358926867649757,0.9723956975044227,0.15544491550422104,0.8021629596844686,0.3441148615379056,0.47066448643725284,0.47199396224438805,1.3989251298691072,0.032028559148674925,0.032854194995174724,1.5912725208306122,0.4386455432984856,1.2778228816701407,0.662467539964472,1.2690347483253663,0.15524482746910367,1.1041935232840416,0.18304747949608396,0.03279579925425707,0.2505062477173788,0.10743673268357688,0.6065556438244356,0.06558940895267455,0.06497004440513254,0.0648935849739343,0.5961032350342589,0.0,0.0
15.0,5.245908135644912,294.3002503567442,101413.08010298724,6.70939082180126,180,1.260183016887102,0.6121819931431586,0.0868768259290067,0.03191745988805765,0.29294129597156177,0.0,0.0,1.0662772342679527,0.15551007909078973,0.8336374132495443,0.38806418531776304,0.0859391417948403,0.030857719302253325,0.09172589229357754,2.2876719661272147,0.03275353896557454,0.862466731245496,0.1549824987178579,0.8015625949506356,0.3562604053497329,0.4767473156534112,0.42198944395594346,1.0949975079017857,0.03411688544265481,0.032363278061768606,1.4709200967324567,0.46036636866729935,1.288465812043659,0.591977813851077,1.335161616922096,0.15531137746604146,1.1013754081928575,0.1694531315058024,0.030317751910066665,0.2566310011559314,0.11756811356738854,0.6139904366904066,0.06785237282619425,0.07701325529330096,0.0696210054678191,0.6635438676346375,0.0,0.0
15.0,196.51889647723792,298.3510486864879,100793.4150216337,7.772723123264527,180,1.4031185509881696,0.6082283371612913,0.0962048166745793,0.03001736965544254,0.32022299848727886,0.0,0.0,0.9693068357386508,0.15513657174255457,0.8340500344226699,0.35022051986181896,0.08237968537086303,0.034626283667913677,0.09151774219628003,2.4351601372605027,0.0349069605708988,0.9325964234971499,0.1550286973398108,0.8020739623998305,0.3622302584080517,0.4875942142171189,0.4756380048271215,1.5064766905222098,0.028129260922613062,0.03305478390701281,1.4034967449510378,0.4320323964254745,1.3874621130103444,0.6542232966407496,1.349895579024982,0.1553188318183078,1.1041681806677606,0.18913030265140696,0.030153592309935483,0.21110986951630575,0.11379439995184044,0.5926428954046724,0.06707472906735025,0.06361471453396374,0.0766691766078387,0.6456673982852565,0.0,0.0
15.0,10.430178829399313,291.7647595868003,101121.11972370614,9.838536035851135,180,1.3754442663875437,0.6111290928147444,0.08988619086492235,0.029966231493617934,0.3301196207623781,0.0,0.0,1.0147395990135266,0.15518848270259364,0.8366615617397454,0.35370021271912977,0.08158704267820688,0.03138691570741266,0.0849610412997646,2.307195963622232,0.033671113899742915,0.9651497177917017,0.15527375481693892,0.8026291158693236,0.33325313936150786,0.4685587080474073,0.5148234169423693,1.1208305339122455,0.029051741853067938,0.032007418675149904,1.5752758453074214,0.43059940469807056,1.3452444654619722,0.6833437516783217,1.2044358064401972,0.15523771903173264,1.1075405634193394,0.15743277292017693,0.030113231394406907,0.24747502043518993,0.11684572311808333,0.5970521881010499,0.06475337839751584,0.07021848118664098,0.06541584593457717,0.6248702148766034,0.0,0.0
15.0,294.68868105157105,299.2007851392268,100689.51612258847,9.783112625066327,180,1.4279208127707255,0.6093578810334612,0.09388913041304839,0.03028362815706747,0.30733372723190944,0.0,0.0,1.002222429910063,0.15559535959563353,0.8424687529504834,0.35842367721080776,0.09624294424377369,0.03359825890855578,0.09086086093565371,2.4023726863897767,0.03069425896133163,0.9270121904487671,0.15567534786614212,0.800082430700077,0.3850483480388527,0.48134513412982394,0.4534657913712681,1.1871938806617188,0.028494689006205352,0.029933764965950245,1.6008037967968023,0.4359500301401518,1.4155338851412234,0.6082461905863383,1.3835020703424243,0.15512584524822137,1.1021200775186848,0.17782959834436948,0.03290823535061681,0.23701445100223945,0.11629829990166052,0.5943387309988659,0.06671803439689356,0.07052106801916702,0.06465243887668982,0.5720168591127923,0.0,0.0
15.0,22.41230848930161,289.1559609638703,101140.34334543116,9.717527041533874,180,1.387976600482155,0.6076001850286596,0.0881332243621418,0.032518972625137206,0.3353722439255189,0.0,0.0,0.9457071642682667,0.1555196253042129,0.8381740397539348,0.3721958067267767,0.09306507371435449,0.030279374447879745,0.09127515392369559,2.5341700272596475,0.030618072206474795,0.9469337886491591,0.1551276770768024,0.7982408799341386,0.35634770319628817,0.43922649408118036,0.5170844319058098,1.3029519407291743,0.030371988552398504,0.032630513663717074,1.4603746725739943,0.49148660866630517,1.3722240425212895,0.6489265882752457,1.3579137466778726,0.15549916618374082,1.1050424451326761,0.1850779635321701,0.03042951426426565,0.23407819611801145,0.10523400232340487,0.6277002494117543,0.057338925048808366,0.06711072616611553,0.06782847198196935,0.6578243026507743,0.0,0.0
15.0,58.86350401365183,295.9178013020196,101007.56481611179,6.862646547953521,180,1.252074676930782,0.6088215820682518,0.09263306152988623,0.03005183298287324,0.301973633905582,0.0,0.0,1.019356162286477,0.15595484646355579,0.8423904732502383,0.34919974667528697,0.0911310419991171,0.02969378840511991,0.09036234550401309,2.083392740787194,0.028048811081342467,1.002942830463721,0.15583575221608684,0.7983957766182973,0.3481570451604364,0.42820012470414126,0.4255509442849004,1.0995769394835664,0.03201228313542871,0.03321252242305059,1.5260959679579968,0.4640318486532839,1.2609116152110271,0.6921747924294757,1.2949926112303272,0.15578823211941287,1.1061087834602943,0.17678897383344083,0.03073528877759345,0.2427026836411929,0.12158700173700342,0.6380782353927164,0.07439564413236076,0.06851155954255744,0.06946650212824607,0.5923932490148209,0.0,0.0
15.0,230.9478777477163,300.10900700925254,101090.39048644489,7.872844728595602,180,1.3975016224019046,0.6135245999439306,0.09603971182812174,0.032652645381342875,0.35111788032203506,0.0,0.0,1.020052926658166,0.15531000840749623,0.8372328194552643,0.39840740135185326,0.07737103711606054,0.031785715142926586,0.0916517870084713,2.2111824750856335,0.030819166623768476,0.9290007112127594,0.15587672570955768,0.8025460008628585,0.3216454118386744,0.4624517316974405,0.4512989089794012,1.1413776596223757,0.031436698492441024,0.0341597887301696,1.6646954863533505,0.4571703121011704,1.4462737572407083,0.6087378878933805,1.2808404468535413,0.1553047738789167,1.1056597948411815,0.17141263074115412,0.036146611062867005,0.21557437700022825,0.11042406015588135,0.670551910929244,0.06761147032756865,0.07279804327508628,0.06747333592022597,0.6598747016919535,0.0,0.0
15.0,321.4719916195723,301.34000387288256,101242.08339246229,7.35008748251814,180,1.2900517394894728,0.6067234823309511,0.08835711327426372,0.029908899276318884,0.31299313137548623,0.0,0.0,0.9639554889518,0.15530899284603797,0.8387947650962432,0.3584841560427818,0.0822334609678866,0.03482351148455683,0.0955996916992247,2.6500872008384997,0.031661805157376585,0.9758947230660848,0.1555139932799934,0.8002608354987709,0.3443786478267139,0.4687094702410992,0.4544637738827067,1.4856268578991056,0.03342258743804352,0.034468437792285624,1.487065561459971,0.43008439742382437,1.2930857473444723,0.6445424852096857,1.3382041244799492,0.1552642449947031,1.1027133024009952,0.18255021167029756,0.030559144394905306,0.24630490983553363,0.10807453495869704,0.670298618420705,0.06897739770942532,0.06407438602777399,0.062314464950609126,0.6687067708645321,0.0,0.0
15.0,169.59620269431684,284.3138154792293,100467.10273667857,5.843153016931994,180,1.30701203278272,0.6132930805024703,0.09596404280201955,0.027380014942586652,0.33657594766107185,0.0,0.0,1.0215988971540504,0.1552104322721569,0.8418225575942103,0.38476290101351973,0.0846813473588988,0.03150045653484367,0.09090396103562787,2.629168738439208,0.03143155146006283,0.9705594620046509,0.15512158045340513,0.7983802628655691,0.38217484755901915,0.465779980787893,0.42977225268027724,1.3908727205362132,0.03448567234487712,0.030717605203945487,1.494851378799208,0.4696173588334052,1.3298000438026678,0.6838748582190977,1.390650216911978,0.15537311778340898,1.1031434620193412,0.18095380757589283,0.0297983289627003,0.2427417806366187,0.1120158901936095,0.6325646429920614,0.06654130876733763,0.06988551119144155,0.06867431276781798,0.6469449761118847,0.0,0.0
15.0,247.77181564164195,299.86889843942527,101290.62818901193,8.967224827177274,180,1.3851122824607223,0.609411115397206,0.08719282386589901,0.031504580635701565,0.32804745062089546,0.0,0.0,1.013873151638901,0.15538027335434879,0.8375412958912712,0.36543505742491733,0.09049650856582955,0.03213749219217987,0.08235700977768609,2.443997685664451,0.032417767778424075,1.0011138978906107,0.15563911533929595,0.8024590666427507,0.35679385501551286,0.46848473871344626,0.4759285387378829,1.341382938146725,0.03346606436118546,0.030022327663335294,1.5153880458144173,0.4546392007148734,1.3851186835403317,0.5697024795361351,1.3811976907837005,0.15519320710163922,1.1025190821434347,0.16755320323845554,0.030271262804532482,0.24393523552500956,0.10231775541850818,0.6051470537636511,0.06586802661404093,0.06556474286021008,0.06673498843943211,0.621503084264217,0.0,0.0
15.0,94.9532198278125,295.374887494695,101248.84077801881,8.403156935621041,180,1.1795672700359552,0.6117673064860903,0.08665972063094853,0.03239851715731744,0.30713409130494823,0.0,0.0,1.0957648047806936,0.15543950157015263,0.8437359056515478,0.385706761055657,0.09211015407770164,0.03052358160735284,0.0920142319839202,2.3469439141209882,0.029270918074397002,0.980748969426227,0.15538131389947077,0.800192130973968,0.3586513873501162,0.46498568263168255,0.45541041557617196,1.1151935448350803,0.03302446591153111,0.032578974564300686,1.4734294880900598,0.4517753953433035,1.3608347836795784,0.6486180475877849,1.2740155955205714,0.15517814749196263,1.1056687180424403,0.16069687411786177,0.029546955459331014,0.24833331228620975,0.1115956835620894,0.618360793491987,0.0702209846196658,0.06547875596663043,0.06553479626342766,0.6450265345735324,0.0,0.0
15.0,36.8380226517755,294.7333496131478,101385.58335972768,7.505547789337782,180,1.4628013567368605,0.6114988638996893,0.09953022851363914,0.03534987112266876,0.3100877505324391,0.0,0.0,0.9466915188775693,0.15548472569313132,0.8361232540970748,0.371473732594027,0.08258919799924336,0.03220495526008218,0.08989379947868403,2.0193762406760825,0.03290741584917373,1.03915870129095,0.1552726010828895,0.7988022690123058,0.3963279304544471,0.465992618591288,0.44215319902329187,1.4219925775859552,0.035533145051146166,0.0309715493946281,1.5896243315292142,0.4537152185388221,1.4244638727719858,0.6461055884163655,1.3363298534170993,0.15553484756313934,1.104125081964918,0.17235175678805587,0.03434377152238648,0.24106223347081093,0.10640839545370696,0.6583270439207812,0.07221466271009062,0.0685365938946299,0.07049672946866495,0.6835535155383419,0.0,0.0
15.0,114.5104351273074,294.45359380972104,100949.0713851788,6.047245445686216,180,1.3517495437842737,0.6094332067983019,0.08929612842038841,0.03418348094596274,0.2999871162408432,0.0,0.0,1.047825931291694,0.15545660661227229,0.839429545945941,0.3737056697376202,0.08749243991590021,0.030458524607444117,0.08420119950531621,2.3442601058064754,0.030342779766250057,1.0462857901826497,0.15566467765313655,0.7957276903675845,0.38875557173456715,0.476358024924259,0.46990959097976653,1.4743782263445628,0.031249317592572552,0.03082113015874554,1.5022352955872482,0.43424379723300954,1.3150620905860928,0.6386394829638351,1.4535137055201692,0.1551773365480882,1.097567132089838,0.18019613822436029,0.030859401805461144,0.24039354968751275,0.09694774013977522,0.5750851871101093,0.06848972095794549,0.060925581707412066,0.07395536487857624,0.6173930349527122,0.0,0.0
15.0,270.28770151842537,286.6625704338953,100840.4151875453,8.9613117781579,180,1.3110751022162743,0.6100009540842015,0.0969807158202244,0.031794933562413065,0.3014828237517187,0.0,0.0,1.053450759980537,0.15568103971503539,0.8393296554300874,0.38612118855896926,0.09113128860322184,0.03024000004988089,0.08770395927781958,2.553588594498535,0.03030327259068247,0.9972705506138201,0.15575613433007085,0.7996728298997129,0.37323562617265166,0.5160843315184921,0.47605025477880347,1.2948263529174857,0.03336733845911188,0.03185107827792291,1.4297690184232472,0.4400526520504769,1.3856121491296602,0.6487099823939048,1.3467417587961064,0.15599654322932185,1.104419540807334,0.18995846815497963,0.03335219342648269,0.23022969767998355,0.1081857560679071,0.6205821270606139,0.06244950029559428,0.07241963998211255,0.06906356117283947,0.5846375421533504,0.0,0.0
15.0,314.4132846594281,288.69934721694574,101385.61531017604,7.753808561244976,180,1.4043172527383951,0.6116932071022223,0.08577422535684608,0.03150285341291615,0.33236137573900476,0.0,0.0,1.0832008734384453,0.1553920148914121,0.8425849496244723,0.36991976039158514,0.08290452574735035,0.03149151026105499,0.0909707017238996,2.2642254095403858,0.03088641012884178,1.011974045279566,0.15562026767571305,0.7978770211419304,0.3854792648604121,0.49321485504513884,0.4951179578179166,1.2791329474962079,0.033585678067389775,0.033491024258701034,1.7421939169825065,0.44980379513185254,1.3753562989292618,0.5689807539991556,1.3628844648943994,0.15539036219375035,1.1019634905167615,0.1708163605287044,0.03274534042007684,0.23178978108301146,0.11569827476144395,0.5798076720564822,0.0649321620867852,0.0696661945527403,0.06675386447494337,0.5772833565225218,0.0,0.0
15.0,123.05759168722695,293.1279179582203,100720.65486492711,6.598620287416769,180,1.4947840035962479,0.6135384592728736,0.0864372834867161,0.03163130712090762,0.2853472002850244,0.0,0.0,0.9605566173415367,0.15570173680344127,0.8393876543973605,0.37029444661035177,0.09332935071892057,0.033736458615444345,0.09708461547738384,2.350996925626249,0.029282865293968237,0.913123514016613,0.15527588211845583,0.8018990226815798,0.34979458426676263,0.4491417727014589,0.5006918370229697,1.2377119339632512,0.03170921534553573,0.030441331111738662,1.4176134758590395,0.4601157517396364,1.3254083918431938,0.6382734601423633,1.4025011623452401,0.15565963335533267,1.1079750834922988,0.18485027355395003,0.030952199587043847,0.24524361855250945,0.10587726677511045,0.5888306506794727,0.07331587842601078,0.061812479917669146,0.07222963557071523,0.587891883174415,0.0,0.0
15.0,244.5236471436158,299.4947220348653,100916.55494812342,5.974465237109951,180,1.3203916808520302,0.6058637097148433,0.08526691787358473,0.030455532262146433,0.3100161115371699,0.0,0.0,1.0360610502213885,0.15547574260042396,0.8344226236610667,0.3690752130693629,0.09333676461958532,0.032726404055798054,0.08932097955603724,2.28179255657927,0.03141976270434033,0.9544329088977266,0.1559437287769397,0.7956467175601453,0.3953205817551737,0.4806540509763058,0.49394465863379156,1.3473769218197773,0.030817442006556128,0.0338231241927768,1.5538684861154162,0.5076900918172972,1.3315463782215284,0.6491553809900437,1.2235903901465537,0.15595783315415307,1.1060340872072083,0.18106622790423485,0.03320617057666689,0.24566682332967207,0.10897687562305076,0.6402221143471158,0.06743258622094753,0.06274579031979864,0.06448466693377607,0.6657739716169233,0.0,0.0
15.0,81.79902426807003,286.86235750681857,101754.25485935432,6.969344501485558,180,1.366749300917855,0.6100129243149847,0.08791371759882012,0.03460283621676434,0.32863143669447387,0.0,0.0,1.078327479719573,0.15540722640361482,0.8422208287050527,0.36319716037856886,0.09393478606542821,0.031216867639914554,0.0958955299703179,2.1197690657579753,0.031136528492003247,1.0135935951349553,0.15518756806623762,0.8010266583170305,0.38038705637560366,0.4773180036429227,0.4608629798991342,1.399546380104542,0.030854500270588055,0.031532624957954204,1.555286350450577,0.45860136655754274,1.3552181833026617,0.6334904340090741,1.2359528543642644,0.1552289323030689,1.1047297869785535,0.19725772876125502,0.034209873075523395,0.24775260439081728,0.10809396693672414,0.570770991190077,0.07025906055533122,0.06967590267744704,0.06983624882494098,0.664714521828568,0.0,0.0
15.0,172.83671365016923,295.75263378821853,101976.6544751523,5.445705938769094,180,1.3153213040931386,0.6132239675187635,0.09113830697160692,0.03399586431937,0.3074838597692503,0.0,0.0,1.0554045154390654,0.15552106248781164,0.8378120853795739,0.37387816860622086,0.0810498530599411,0.032433515654077795,0.08911765143442421,2.6189454759836273,0.030515636089433074,0.9666348515577102,0.1557475040989867,0.7983712431252081,0.36910554032660725,0.503637697862634,0.4716844729800717,0.991147973495143,0.02802216740783905,0.030492062897493843,1.4522418019742933,0.4433141285779668,1.3072134187968338,0.6038158236695071,1.2912974408427331,0.15569070401245286,1.102860905835968,0.17918912250368907,0.03170668928410916,0.24442939790634732,0.11854010848735048,0.6054817659160798,0.06255548294097699,0.06665243847497132,0.07078387850360615,0.6106045668282778,0.0,0.0
15.0,264.3536331117068,294.5726402172049,101763.11325529804,8.43328900632352,180,1.3870929738876212,0.6086616732794821,0.087546193667821,0.035324624410956344,0.3058370773055489,0.0,0.0,0.9821913453626453,0.15570789573178154,0.8383364738592877,0.35714261434163874,0.08840416393410842,0.03279961230053849,0.0868856944316602,2.2518636631969873,0.03135586440508984,1.022223563537194,0.15514532009614765,0.8017302651233982,0.3463240004538906,0.41824105911324766,0.47311456517685185,1.3526257115815312,0.032002316443923214,0.031609066172149404,1.5505413214877535,0.44991280298434655,1.398777551829507,0.6633821607386963,1.3877838459215628,0.15513511909587985,1.1020204575094512,0.18068214758753204,0.027106263905796662,0.21696209324921795,0.1153232101949298,0.6030613051729435,0.06428684228874763,0.06757070877310832,0.06468360100825739,0.6377690137857339,0.0,0.0
15.0,215.65921433896114,297.25129798273156,100533.42196355913,9.018145840308224,180,1.3826421396253255,0.6110473442530725,0.08745530052055758,0.03246541228868692,0.31863303129283427,0.0,0.0,0.9518231570150993,0.1553592151544646,0.8372341864745187,0.39889279882526046,0.09886074307697235,0.02991119149686164,0.08920432378799242,2.2181334064249056,0.03328104453022288,0.9398190001837938,0.15573552059810886,0.8006733940290777,0.3836322843291253,0.4376814739145089,0.49390048126831654,1.127635753655909,0.03074179368615898,0.030720527798105843,1.408041077576473,0.4477325011982564,1.3466702557197443,0.610054964877198,1.3883459935467775,0.15527968858658833,1.1048246326156261,0.17459697161116056,0.03269083446693016,0.2313529929572882,0.10977932924887038,0.6030918888570799,0.0650247865534922,0.07208024691680649,0.07100124909181967,0.637802321676992,0.0,0.0
15.0,198.12803640110502,297.4719649900401,101095.2957714771,9.048709500489716,180,1.4174720863853338,0.6141665676315896,0.09291729668486157,0.0298047783706158,0.31805402829861784,0.0,0.0,0.960348209709089,0.1552002710663395,0.8410584515678309,0.38325344048770343,0.08091047694498879,0.030809591347968804,0.08383596622001997,2.4891627119198523,0.033186149772635704,0.9025584564508125,0.15514356659817755,0.7933639726889719,0.3496941728921977,0.43030783254095545,0.4717071969851996,1.444400353122386,0.031656993871632066,0.03209211781159576,1.4924080601732082,0.43633658983811735,1.3062023588384144,0.6045908714223521,1.3718360014913666,0.15584245034088606,1.1067846571599742,0.18014565283062653,0.032716893036481356,0.2551136105364743,0.10413404937873172,0.6072635460565814,0.06693253305463598,0.06832566920461039,0.06675614441859254,0.6180050081910899,0.0,0.0
15.0,258.41647382212017,283.63863988232134,101199.54379671025,5.127768566208784,180,1.4387671991812636,0.6082630564090641,0.083720209427779,0.03338022963260381,0.3072863990223607,0.0,0.0,1.005746394392002,0.15560731400808675,0.840248598277289,0.3562567822951814,0.08719516331500456,0.032242887949465525,0.09057954282251279,2.143558524981695,0.031794989787050885,0.9180812344437607,0.15508406456061397,0.8010877133354186,0.36322450024590064,0.44427043931562055,0.45301771665259544,1.3502118070217122,0.03091029994588063,0.03366705634316915,1.651175957043655,0.4542184100209227,1.2589248383806069,0.6238401430070731,1.3628546592118647,0.15529165618746932,1.1028673626718934,0.1645607788046956,0.03297443724926415,0.2681839186072654,0.11349532695518574,0.605856087575742,0.07292646686766188,0.07478169617928845,0.06439637532123896,0.6391711770477753,0.0,0.0
15.0,102.46590931605299,300.03463598624097,101168.82363667186,7.425641781881116,180,1.408299573913798,0.6102964812933747,0.08932223156362132,0.03314425330315358,0.30829767224260424,0.0,0.0,0.947091094337223,0.15523349696265176,0.8379146623575926,0.37982766423036957,0.09035964083538393,0.02934842396584002,0.08118108758125946,2.263572900762613,0.0325358247841163,1.052855231025958,0.15545155226738866,0.8029690699581372,0.35313381598534493,0.46302743123936324,0.47734427119117,1.3131609112296647,0.03075369349587946,0.03056746491310685,1.6243792317954093,0.4318909120673059,1.3149454993237062,0.6093587337724641,1.3055018561668341,0.1553205522188994,1.108598111718539,0.16691313661073137,0.032144434772228225,0.21601449165620357,0.11523376217565282,0.6148416215171765,0.0632044521203572,0.06627833810025255,0.0707590347883865,0.6287364539940408,0.0,0.0
15.0,144.88648890489887,301.3872336060084,100872.11535400203,6.826393152720976,180,1.2346255466345695,0.6082687277885143,0.09827404296353205,0.02782896064511199,0.3108855079930628,0.0,0.0,0.9791426102462341,0.15531305389389316,0.8387394436289946,0.3664806718478702,0.09158542690740155,0.033519404345468906,0.09848186240982795,2.3219379021511055,0.029977540271123086,0.9492384255226402,0.15545953022694659,0.8015005988122064,0.34193932718070674,0.4654268128900608,0.5126613877289689,1.456151700627146,0.03361266619013871,0.03296272916766916,1.5735076407266255,0.4178701561599164,1.2321779511394642,0.6131594001774126,1.4078468222549134,0.15541495099534477,1.105926704093396,0.18984924632591993,0.03209060009107632,0.21728438787347182,0.11782143892640434,0.5987924527986962,0.06967317706775959,0.06841297339138917,0.06280947420555583,0.6544212975781909,0.0,0.0
15.0,219.08528643015669,288.339432774626,102119.80591172642,9.83878936120969,180,1.3521898420024943,0.6108514770057499,0.08848733076755096,0.03404067960024714,0.29767863624069113,0.0,0.0,1.0057713470968472,0.15537045152132536,0.8376114333612679,0.36316277365497274,0.08613428433091698,0.030670329765504194,0.1036302646469071,2.1474858220255166,0.03199584346958207,1.0316639621563093,0.15564094352169844,0.8040643368219129,0.358279705157459,0.4708728016750824,0.4449846796967374,1.4349660867527618,0.02962594760300209,0.03259320617619754,1.389542525294079,0.42341405768535334,1.4478879400019453,0.6065444880639483,1.3769197909793425,0.15513363702520672,1.1071703543734293,0.17763206426606948,0.027341645764107834,0.25150187637776084,0.10580062922473808,0.5763518809265881,0.06135371662002696,0.07033447261956786,0.07199531544642031,0.6309298846071575,0.0,0.0
15.0,196.35671971298407,286.5567366367462,101577.32077988838,9.409176681016511,180,1.4487979755550706,0.6109714033789375,0.09486623125518237,0.03331980312229016,0.3114903294752621,0.0,0.0,1.0560022408759149,0.155313954034579,0.8358495001771701,0.3637198403176319,0.0892453636381099,0.032509590289602,0.09250835818123533,2.1335883756219673,0.03467471064260988,0.9878206148637075,0.15508904472477386,0.7983497811862509,0.37380065013325253,0.4755791050543174,0.46682245512389225,1.3980541311707628,0.02994811585761449,0.03135627149538112,1.592713050708169,0.44543321782573947,1.4010197392895614,0.6450298283993757,1.378046728301515,0.15570607764176603,1.1041527889554588,0.17797407414061708,0.03385852673390239,0.2526297042760769,0.10886358569285297,0.597072167653061,0.06924595628090474,0.06332103139191601,0.0721699835173577,0.5968935843040717,0.0,0.0
15.0,304.57647446774564,295.0032438563778,101608.34169307606,7.777865407732981,180,1.4264612341028815,0.6092988616933107,0.08658153655186855,0.033130080618694685,0.31406291316040547,0.0,0.0,0.9861560695766808,0.1557142297981487,0.8428109608438521,0.37650324585669703,0.09231564024097352,0.033041104621950604,0.09372205068927138,2.594409572843632,0.029580401752354733,1.0903800206199274,0.15533996608581035,0.8040414104583928,0.3424989852516864,0.47223704646646925,0.46196196750274604,1.5138723050247265,0.033721295338022865,0.031582962089966096,1.5103475598172302,0.4551537894588818,1.4034670912650167,0.596767393580405,1.354014544852895,0.15529688286088303,1.1061273912367797,0.1771382244982698,0.033529206843154684,0.23693815030011187,0.10381171261955191,0.6419695339241664,0.06529315706467025,0.07069093667960026,0.07050137233530773,0.6327805123176429,0.0,0.0
15.0,287.31503281027705,291.2886424839472,100900.10708445417,6.967756513378362,180,1.3104157563180348,0.6058926292947597,0.08976428815182404,0.030439647106808295,0.32094791284399077,0.0,0.0,0.9562017180647374,0.15581245007670952,0.8371642893113066,0.3630708691619213,0.08827120026257965,0.03162087481706906,0.07945240274669194,1.989899117277191,0.030263790587982325,1.0017462716556294,0.15546392399630657,0.7998030288900699,0.39742209982894866,0.4802058570024756,0.48415801587405255,1.4118302314953948,0.030949600174010314,0.03231851946084681,1.5404253849505216,0.4620997971937752,1.4397597907023971,0.6793654601825049,1.3461280757521912,0.15537066867602936,1.1035466562006018,0.17391037677745658,0.03120766525119331,0.20948417524809665,0.0982820050026094,0.6424322789159118,0.07046202426222854,0.07065437023200724,0.06435480464245379,0.5873619016219139,0.0,0.0
15.0,269.37535345304065,285.78636334558115,101144.29126939714,6.51653483993832,180,1.3277549510035391,0.6115317969138343,0.09375050197521631,0.030722477809891343,0.3075606372402967,0.0,0.0,1.1207824108165676,0.15544455339644977,0.8403895207004067,0.3524063780621924,0.08838033749416402,0.03459694072521094,0.08492248053867635,2.213279124498312,0.033053343854917164,0.983990075505615,0.15543442762849485,0.8012935340550301,0.3722767093411123,0.4469300446809576,0.46984376089113755,1.2988149637959132,0.034253090528927985,0.03310935338958541,1.5716717494934214,0.4484180950891516,1.3558035732342124,0.6617604503608403,1.3238207686281276,0.1552825070270086,1.103678387985333,0.16896905610072604,0.033864842656658206,0.2333104937376718,0.11506886403587213,0.5992199444056662,0.07102478434742901,0.07109336272934713,0.0722295016163701,0.5979512048928958,0.0,0.0
15.0,326.6797567018739,288.9987893078381,101039.97858285817,7.050418350390003,180,1.3274142211170208,0.6068386279523857,0.09918676615156721,0.03244156427869921,0.2826265787423367,0.0,0.0,0.9790037438267384,0.15593391046583538,0.8366312492479808,0.39764439586337225,0.09615944566041494,0.032586696949777824,0.08733663823614508,1.948175398420836,0.03126394225833672,0.9756275357190409,0.15532774752843437,0.8033942679134776,0.3738343553637606,0.47652876347335715,0.4853349103717558,1.278721981416556,0.03316104623595451,0.03369348108917904,1.5087616962803136,0.46427415725167775,1.2412101014486616,0.6369938898405495,1.3151611447116451,0.1555090293017423,1.1041130466364375,0.17074058543738593,0.03244512559387835,0.23092032782293648,0.10901652676977698,0.6581510557254358,0.06353724306157893,0.06653268566473759,0.0656879737226506,0.6286715408021651,0.0,0.0
15.0,320.23966733650855,287.675070776908,101233.19032322006,9.923708466550048,180,1.3291839797152465,0.6071058146958412,0.09343928029504174,0.0312946912961315,0.29959661205858434,0.0,0.0,0.977251895075953,0.15504404625539736,0.8397930131424117,0.39676109066684445,0.08870506301802224,0.032633853349977544,0.08916141058762718,2.3337249157155857,0.03418146336468534,1.0202949906525511,0.1559205430947714,0.7982094159960006,0.3501206637870545,0.4779407627079879,0.4625992372857084,1.40903137333091,0.027987995159842568,0.03272306082158422,1.5682735891637198,0.4187429888087716,1.4672823743657761,0.6659601038236925,1.3080626635615713,0.1557217786027514,1.101144902264225,0.18475684155718708,0.03247018492557356,0.23221235526051684,0.11610014070867909,0.6288603890447759,0.06791604290056098,0.07068211023131717,0.07019971163019255,0.6332258613974345,0.0,0.0
15.0,164.67371008235727,289.9363785917043,101136.04403033254,7.916247088872208,180,1.3283303622273337,0.6096701453959651,0.08836454020494283,0.03430807732280758,0.322141908008027,0.0,0.0,1.00531140725714,0.15541540424022893,0.8353876673302721,0.3901642592892934,0.0870039149104813,0.03308705925079251,0.09243268905176366,2.4800060032482945,0.030967721407832296,1.0328610272341916,0.15538062609745332,0.7957597826198762,0.3917187804837086,0.438666466424403,0.4917016351853751,1.45445059299621,0.03130391057143439,0.03246164914985961,1.4212662167027903,0.4087478582238187,1.3569157315687648,0.6224168688173642,1.443689967577965,0.1554363419115415,1.107210804550499,0.18737068502336987,0.03147637320013828,0.2427528583482051,0.10570922930709832,0.6140387546320727,0.0633589094325447,0.06490075918961619,0.06740760914695351,0.6537352310083432,0.0,0.0
15.0,47.4280836390096,292.34232159221506,102099.15761786506,9.163934616517714,180,1.3026825316368302,0.6078685267383876,0.08888660934500833,0.03037635696541614,0.30240186873080654,0.0,0.0,0.9682775240204945,0.15581782508163294,0.83357157332062,0.33859074140503387,0.09041602306747547,0.033258112820222854,0.09107229268026154,2.273035582267405,0.030282042005025014,0.8814725760393618,0.15579218971014983,0.7997727075849954,0.3780817972728849,0.4712687818979994,0.45161710539039535,1.4627972768090554,0.03253382693592348,0.03365258322877223,1.5692594053569884,0.44210227143653985,1.2824193623213371,0.6298667181634785,1.4018121839511193,0.15509495865544543,1.1055481660680073,0.17949441218917694,0.03121510280014953,0.22827812971681638,0.11330189579956802,0.5855288124114869,0.0629696577640546,0.06748586998641705,0.06604460162179394,0.6119440980847075,0.0,0.0
15.0,111.25183123098617,285.06926930752553,101917.9902986531,5.3107517400648545,180,1.4149145936268013,0.6114825113172071,0.08582308339128256,0.029470499052351253,0.3073274847460354,0.0,0.0,1.1127726858166633,0.15572691119337365,0.8394861556574781,0.3506900722247217,0.09404205701568749,0.030671817663729978,0.08259329787252859,1.79021326194597,0.032970990593350104,1.001950628746708,0.15499017699257267,0.8037004805239959,0.3724090627361908,0.5018042212948407,0.5248102618816559,1.2881646582278579,0.030518050576173943,0.03181674909786698,1.3897195110047118,0.44058191719725087,1.359068514808036,0.6430018622899502,1.504878260283004,0.1552129685363608,1.1017462610223803,0.17767437518049492,0.03173519813970572,0.2420418528596537,0.09838470732922025,0.6221746568085903,0.061579782794863876,0.06284521930826738,0.0714423705526364,0.5995229540789623,0.0,0.0
15.0,333.6232561076093,284.96839115875497,101296.56048708489,9.606993273454073,180,1.3424263153007117,0.6102829918430027,0.09758876841808077,0.03221164122021318,0.2947488486945912,0.0,0.0,1.0511253212163616,0.15566462293141273,0.8398299962660506,0.3644837696140662,0.09879303507755409,0.03140153130259127,0.09249767254679823,2.1989349309312676,0.02890447875618486,0.9544426220561598,0.15549412399345627,0.8032646462263355,0.3855604893044691,0.45096871373986147,0.47049231798523566,1.4114337448402177,0.031043796535391084,0.03328051092557827,1.4792331369927982,0.41411731069646096,1.2793997118002947,0.594684228847958,1.3686171360723645,0.15553537602779263,1.1059193587068263,0.1786346820735855,0.03203268158041891,0.24781512894548072,0.10781336765331792,0.6351249569258922,0.07751406897673198,0.06529846303469229,0.06524020712789202,0.6522669339853682,0.0,0.0
15.0,187.89234969547675,301.594736758309,101104.21571310949,8.462957094084372,180,1.352864451744975,0.6138659418456157,0.08932290278588119,0.033534559010973755,0.3255727838234484,0.0,0.0,1.097756280965742,0.15578985553245175,0.8342224013899974,0.3865188283480339,0.09650970627872808,0.03042703036327978,0.09131738312784474,1.8988205095485793,0.032337172063219115,1.126554683067574,0.15550544854689619,0.801446921978183,0.36209818908561037,0.4814908380358877,0.4246712335564467,1.3246360676368794,0.02953796813399518,0.03153271125816516,1.5864055047785741,0.4639817405201688,1.448933539829091,0.6713977416988882,1.3022022671040057,0.15554319841590156,1.1106817201622676,0.19750200845037766,0.033772012375849925,0.22893546204811455,0.10682160762778152,0.6605254908653275,0.06832713249656917,0.07119849718858043,0.0679225922190938,0.6795785946412047,0.0,0.0
15.0,219.35463200259497,294.0103942636863,101250.14034699052,6.217313722181821,180,1.3747340807254593,0.6085561831864155,0.09085099093464753,0.03205461517493058,0.3320554568261352,0.0,0.0,1.0183821707816647,0.15544911307198772,0.8405997502653635,0.36345742451851004,0.09102091625251027,0.03309522333220312,0.0917448809595941,2.4740167476532,0.03356267609015457,1.0089626849849567,0.15543258209315783,0.7987282795859905,0.34661193155346215,0.490273721167864,0.4550064330194193,1.3710414922067988,0.031119320511902162,0.031074891100769626,1.6198150424738917,0.48378206040632427,1.390477460054908,0.6382497335285731,1.4829443789989156,0.1553110363003477,1.1050276862065525,0.16855980233440296,0.03300567064639206,0.24763157348181997,0.11652683552901191,0.6001855554356823,0.06406664730787713,0.06372528535457443,0.06841250385481006,0.6038556158833118,0.0,0.0
15.0,45.809647242867406,284.54924159725596,101238.11000857472,7.136471357320715,180,1.2431773522405407,0.6093725020422768,0.08951939035468724,0.031947016650256295,0.3126472264774338,0.0,0.0,1.095346783270581,0.15543569183035905,0.8368008075523623,0.3577155267089749,0.08795247896200475,0.029321372940943866,0.09266390473576187,2.4481965268839807,0.03404810335394654,1.0067797215166574,0.15572484757437385,0.7989173147832328,0.33392283967729863,0.5131972451702634,0.4619353719071571,1.5952107874161927,0.02854992909373653,0.03422971641013281,1.510353123106784,0.45111165948392856,1.2848273094649199,0.6140574559632312,1.313489785570394,0.15526943740366025,1.1072862692732444,0.17534696163584435,0.0323842857621844,0.2410111021358966,0.11458241849302794,0.6542486378595497,0.06730257905191729,0.06593326664843974,0.06462341837436197,0.6135338761192854,0.0,0.0
15.0,278.4841615813152,296.7582556112122,101800.30392496308,9.180259900286144,180,1.2903583828094278,0.6087605652328693,0.09111035713436443,0.03242670216892292,0.29918192629147655,0.0,0.0,1.0230154890679515,0.15553092882003722,0.8425618284946731,0.3649470323624037,0.08857145415602312,0.031203629529249835,0.0943700366545816,2.2670883631607035,0.03012366857245876,0.9777418211986408,0.15545855412224174,0.7953147665636322,0.3948595325379708,0.4258825538669943,0.4453003830825369,1.1018808623289256,0.031075362078288298,0.03327353787396673,1.4707173594565977,0.45267547941736863,1.3622568864014417,0.6574069386518661,1.3854076262976065,0.1558572446115952,1.1031982822111661,0.17237742799620126,0.031243220272148525,0.23068899489576253,0.10268945172720764,0.6120513320317967,0.06464175183964886,0.061189995925325306,0.06393500106989868,0.6088562071483042,0.0,0.0
15.0,195.71209848224834,295.04489084190885,101020.63437958033,9.113014282557046,180,1.3654807511187468,0.6104328379517093,0.08208766746804377,0.03384375716231669,0.2804035800341645,0.0,0.0,0.9610095606213568,0.1554552308162563,0.8423110966797238,0.33528647334700484,0.0909678492078959,0.033115045129597474,0.09227886612212653,2.620078078063203,0.03321996850005264,0.9965741595784858,0.1556615952799553,0.802306885370774,0.35268138118656234,0.5103012023981741,0.43895388252963213,1.0308900854012841,0.03241140708897192,0.030156806260345007,1.4804044154112077,0.43298452365324797,1.4194685974769305,0.6467422449038991,1.4341753807962492,0.15571449152837416,1.1027838983193519,0.189507090248608,0.03086671152083547,0.24477857483165358,0.1055524527327167,0.6178838490132571,0.06559355770669884,0.06749859419629728,0.06415110331415363,0.6563735938905505,0.0,0.0
15.0,147.2274159324078,286.59312346364794,100958.53800147377,5.6650057561798635,180,1.3018808373603186,0.6092949564949046,0.08581796917119977,0.031466606784271364,0.30329677027134655,0.0,0.0,0.9395128642883921,0.15561321811162718,0.8373824073003837,0.344486200155557,0.09183159484641207,0.03171248996283759,0.09262763968049598,2.0861376294358696,0.030099232360090412,0.9646949909348489,0.15550239467691107,0.8031116206389036,0.38543549984828074,0.46480237943687586,0.485988445973241,1.3042724832927015,0.032868085583499615,0.030771842332021442,1.55126252605332,0.4635579493466288,1.4562168023542048,0.6616927821626318,1.3567266591458176,0.15476302376695278,1.1040035603699698,0.17127615668758758,0.031308275566168546,0.22300334454199652,0.10554864961442875,0.6445049147386259,0.06636157700694871,0.06389986063897045,0.06594666641753943,0.5940041419094881,0.0,0.0
15.0,26.058107266932783,292.49059807968587,101375.58705316496,5.9477454368105445,180,1.3668081078454775,0.6108020684081997,0.08592595281604624,0.03340203164966889,0.30370329706466953,0.0,0.0,1.078423565631782,0.15556259011905726,0.8366980269910059,0.35343933935234007,0.08744972726279726,0.03293873842285147,0.09210820895992687,2.0851350613746624,0.03249598951370408,1.029310293960121,0.15566384220184912,0.7983658906744672,0.37200545750960173,0.46415573061622367,0.4581885039728202,1.5976791058958388,0.031207195350932068,0.03130372981326046,1.4432942810017686,0.4796421565162805,1.382724372488367,0.6699687614449663,1.3434645130438694,0.15525622571952322,1.1032840984074137,0.1778970803404571,0.03185245447470246,0.2397936702617793,0.11154773191126284,0.6783410492065397,0.06778192029284899,0.06481825754019006,0.06881275706357735,0.641035631236005,0.0,0.0
15.0,157.84729365768635,296.0431717492622,101978.42522872964,5.559869181373378,180,1.3705595386304763,0.6066859304977659,0.09732363180167207,0.033901741770562085,0.29689759919611686,0.0,0.0,1.0044896234780747,0.15579358953284062,0.8370086426021843,0.3836647182386592,0.08853856583400817,0.03157521763547373,0.0909034515548541,2.023308525669544,0.032003107367571816,0.9985727125851946,0.15573757625893847,0.8015871746670736,0.34877331291431746,0.4861577912733612,0.48101367155898567,1.2683760016961145,0.03191579902236359,0.0305248763326394,1.6627369679399546,0.4717969459640502,1.298687942967213,0.6525111399811704,1.3814969121806828,0.15522670008908843,1.104214723961701,0.16646294253686916,0.032180612384307465,0.22371612783108422,0.11216053191331174,0.5930812399414512,0.05966974608026715,0.0705872648050106,0.06996144582462006,0.6473558315837793,0.0,0.0
15.0,308.1701809287595,294.2357011390899,101626.97829118483,7.262727080185723,180,1.3528081705262083,0.6098025528362165,0.08566205725017388,0.03300121606482747,0.32361404489606427,0.0,0.0,0.9534397825506358,0.15526240471798422,0.8383533750299572,0.3650418337723441,0.09067307496473624,0.03463963617009784,0.08800263107103455,1.96714165286175,0.03049733757008488,1.0595903074880448,0.15522812117801094,0.8023616638723374,0.3875419712688816,0.4491885137814914,0.4415433118460476,1.1313409252168842,0.027600904104583605,0.03124525793882766,1.402326648803406,0.44900357259245477,1.4613691541588865,0.6221170621930703,1.4251329946702693,0.15562035120108628,1.1041103556413687,0.18450472484913133,0.03315469353173796,0.2290518802755371,0.11350466071413605,0.5956961491088676,0.07389417480044128,0.06920046859118542,0.0665994191010116,0.659919574530928,0.0,0.0
15.0,355.05413341013946,288.63365364085377,102049.79429895313,7.847174197287142,180,1.3286641328775353,0.6094958505560863,0.08926544527258043,0.03097326024199071,0.2975096163841636,0.0,0.0,0.9756720364316377,0.15499686976155702,0.8402388465900089,0.34169082045547355,0.09743285125255234,0.035317789625342884,0.0866907173450721,2.101492546755001,0.03344628791725554,1.1057903817860861,0.15572275444539477,0.7963139429329413,0.3602000426588304,0.4798339988877541,0.47881512227805206,1.5034658318444196,0.03502749203049742,0.032406227059700775,1.5810002185400815,0.4551657636517989,1.304191043355152,0.6192110790411516,1.320240307782179,0.155463872723131,1.1005797651672036,0.17747105486392828,0.03273108996378374,0.24463573577569225,0.11577517567356298,0.5954121669700971,0.06754676057138582,0.07253064418414758,0.07170130808694822,0.6267781388510324,0.0,0.0
15.0,321.22277999062715,285.6986312636504,101013.8910057087,5.572468099035268,180,1.3004472264611304,0.610678396963695,0.08884842263949681,0.03201119710429861,0.31935386068924887,0.0,0.0,1.0483822699827008,0.15559663286471476,0.8392194465344002,0.3800638052610377,0.09673009765899448,0.032165589509231034,0.07953315345902061,2.2789848341418177,0.03392673788721019,1.0210320636977008,0.15523360144222298,0.8037140142250913,0.33213932023727527,0.43647105428092786,0.4589175803689747,1.3381005668962842,0.03483962999849933,0.030545951361971736,1.4939744306755955,0.49013381848465265,1.3703622334004217,0.6176860893397562,1.481884638783832,0.15535688120156393,1.1044399830039373,0.17410113554296439,0.030489332273035907,0.20610360659507826,0.09485331992386688,0.6867366438250562,0.06685772205590139,0.0696440817014667,0.07079734989148485,0.6143951027349894,0.0,0.0
15.0,38.084945448625405,298.3269121623445,100975.63181898497,6.413463892005399,180,1.3144164888682757,0.6078045141051637,0.08988929914403732,0.03440869755375921,0.319301365608229,0.0,0.0,1.0353565271146477,0.15548475267669742,0.8412224159029001,0.36758771421490144,0.09049657592053549,0.03109173717275165,0.09466803507332093,2.2186462050424383,0.0328819851958451,0.977928576435404,0.15576634491676997,0.8014564886395739,0.3948680762147612,0.44061723097261885,0.457342845756363,1.2906197782805775,0.03215984985560053,0.03169659947785013,1.3033515548564107,0.451858468919882,1.3144489084761461,0.6026191400871597,1.3493974190172071,0.15552723170831642,1.1020140413519628,0.17150612679974578,0.03254260141366374,0.24122471081603306,0.1065415117974492,0.6120356967119983,0.06701869004552695,0.06764629885376233,0.07202183246687523,0.6349703465499069,0.0,0.0
15.0,300.3581313268567,283.38933554635435,100878.48895274894,5.297340542283804,180,1.5056278201651954,0.6066424680359627,0.08895060212490646,0.03131935138625573,0.33886668580236473,0.0,0.0,1.015278432287874,0.15534826229933424,0.835087603960562,0.3806822028911445,0.0874386270328555,0.029873016245052494,0.08917974889189369,2.447429603486836,0.030990483786216026,1.0280114091312358,0.1550974612124324,0.8010132097964615,0.36257791284696006,0.47470484944299607,0.4555976469984682,1.2973117998981651,0.031006253185572867,0.03237160251612898,1.421954405443659,0.4352693611540311,1.2322414357518567,0.6150624091475635,1.3270187005083158,0.15565370394167988,1.1043151615574573,0.18547883210020488,0.032180395376488834,0.2548031547664617,0.11425444741765674,0.6331370609714141,0.06616337402054118,0.07037049975246981,0.07196146727886034,0.6239059388061126,0.0,0.0
15.0,280.4703985440354,296.04068100222975,101249.46106223029,9.319428613807563,180,1.3244529205267925,0.6084034719582541,0.09770301292047269,0.03030678246301834,0.3210701680278318,0.0,0.0,1.0018589785802576,0.1556066711001782,0.8391532260589555,0.33468861177437087,0.08973593127504105,0.029720697374488576,0.09158991805126641,2.4665694421241313,0.032179325020140884,0.9865362951497918,0.15517074007740067,0.7980711345524808,0.36845113590452644,0.4672908676420322,0.5218979976465214,1.3163803738554765,0.03466584916542622,0.034688844230885675,1.6361334442172517,0.443415679148675,1.4716835219942137,0.5820686573635999,1.2976653449065982,0.1553551403794828,1.1064629682968674,0.16897871148628313,0.03224994146404531,0.2437066675845235,0.11308032539172638,0.6341997934692255,0.06982505591783625,0.06966096810335783,0.0680544304457816,0.6174665537413231,0.0,0.0
